SalesKey,InvoiceID,Branch,City,CustomerType,Gender,ProductLine,UnitPrice,Quantity,Tax,TotalSales,Date,Time,PaymentMethod,COGS,GrossMarginPctSource,GrossIncome,Rating,Hour,DateKey
1,D750,X,Geelong,Member,Female,Health and beauty,75.19,7,26.3165,552.4714999999999,2022-01-05,13:08:00,Ewallet,526.1549999999999,4.761904762,26.3165,9.1,13,20220105
2,D226,Z,Ballarat,Normal,Female,Electronic accessories,15.78,5,3.9450000000000003,82.71999999999998,2022-03-08,10:29:00,Cash,78.77499999999998,4.761904762,3.9450000000000003,9.6,10,20220308
3,D631,X,Geelong,Normal,Male,Home and lifestyle,46.83,7,16.3905,344.0255,2022-03-03,13:23:00,Credit card,327.63500000000005,4.761904762,16.3905,7.4,13,20220303
4,D123,X,Geelong,Member,Male,Health and beauty,58.72,8,23.488,493.048,2022-01-27,20:33:00,Ewallet,469.56,4.761904762,23.488,8.4,20,20220127
5,D373,X,Geelong,Normal,Male,Sports and travel,86.81,7,30.383500000000005,637.8785,2022-02-08,10:37:00,Ewallet,607.495,4.761904762,30.383500000000005,5.3,10,20220208
6,D699,Z,Ballarat,Normal,Male,Electronic accessories,85.89,7,30.061500000000002,631.1165,2022-03-25,18:30:00,Ewallet,601.055,4.761904762,30.061500000000002,4.1,18,20220325
7,D355,X,Geelong,Member,Female,Electronic accessories,69.34,6,20.802000000000003,436.692,2022-02-25,14:36:00,Ewallet,415.89,4.761904762,20.802000000000003,5.8,14,20220225
8,D315,Z,Ballarat,Normal,Female,Home and lifestyle,74.06,10,37.03,777.38,2022-02-24,11:38:00,Ewallet,740.35,4.761904762,37.03,8.0,11,20220224
9,D665,X,Geelong,Member,Female,Health and beauty,36.76,2,3.676,77.146,2022-01-10,17:15:00,Credit card,73.47,4.761904762,3.676,7.2,17,20220110
10,D692,Y,Melbourne,Member,Female,Food and beverages,55.34,3,8.301000000000002,174.246,2022-02-20,13:27:00,Credit card,165.945,4.761904762,8.301000000000002,5.9,13,20220220
11,D351,Y,Melbourne,Member,Female,Fashion accessories,14.98,4,2.9960000000000004,62.816,2022-02-06,18:07:00,Ewallet,59.82,4.761904762,2.9960000000000004,4.5,18,20220206
12,D529,Y,Melbourne,Member,Male,Electronic accessories,26.01,4,5.202000000000001,109.14200000000001,2022-03-09,17:03:00,Cash,103.94000000000001,4.761904762,5.202000000000001,6.8,17,20220309
13,D365,X,Geelong,Normal,Female,Electronic accessories,47.45,5,11.8625,248.9875,2022-02-12,10:25:00,Ewallet,237.125,4.761904762,11.8625,7.1,10,20220212
14,D252,X,Geelong,Normal,Male,Food and beverages,43.69,10,21.845,458.495,2022-02-07,16:48:00,Ewallet,436.65,4.761904762,21.845,8.2,16,20220207
15,D829,X,Geelong,Normal,Female,Health and beauty,71.88,10,35.94,754.49,2022-03-29,19:21:00,Cash,718.55,4.761904762,35.94,5.7,19,20220329
16,D299,Y,Melbourne,Member,Female,Sports and travel,94.22,6,28.266000000000002,593.4359999999999,2022-01-15,16:19:00,Cash,565.17,4.761904762,28.266000000000002,4.5,16,20220115
17,D656,X,Geelong,Member,Female,Health and beauty,69.43,7,24.300500000000007,510.13550000000004,2022-03-11,11:03:00,Credit card,485.83500000000004,4.761904762,24.300500000000007,4.6,11,20220311
18,D765,X,Geelong,Normal,Male,Sports and travel,73.11,6,21.933,460.443,2022-01-01,10:39:00,Credit card,438.51,4.761904762,21.933,6.9,10,20220101
19,D329,X,Geelong,Normal,Male,Food and beverages,55.17,3,8.275500000000001,173.7105,2022-01-21,18:00:00,Credit card,165.435,4.761904762,8.275500000000001,8.6,18,20220121
20,D319,Y,Melbourne,Normal,Female,Home and lifestyle,40.8,2,4.08,85.63,2022-03-11,15:30:00,Ewallet,81.55,4.761904762,4.08,4.4,15,20220311
21,D300,Z,Ballarat,Member,Male,Electronic accessories,86.54,5,21.635000000000005,454.21000000000004,2022-02-25,11:24:00,Ewallet,432.57500000000005,4.761904762,21.635000000000005,4.8,11,20220225
22,D371,Y,Melbourne,Normal,Male,Health and beauty,88.48,3,13.272000000000002,278.637,2022-03-05,10:40:00,Ewallet,265.365,4.761904762,13.272000000000002,5.1,10,20220305
23,D273,Y,Melbourne,Normal,Male,Home and lifestyle,33.7,2,3.3700000000000006,70.72,2022-03-15,12:20:00,Credit card,67.35,4.761904762,3.3700000000000006,4.4,12,20220315
24,D636,X,Geelong,Normal,Male,Electronic accessories,35.06,5,8.765,183.94,2022-02-17,11:15:00,Ewallet,175.175,4.761904762,8.765,9.9,11,20220217
25,D549,X,Geelong,Member,Male,Sports and travel,89.13,3,13.3695,280.68449999999996,2022-03-02,17:36:00,Ewallet,267.31499999999994,4.761904762,13.3695,6.0,17,20220302
26,D227,X,Geelong,Member,Female,Home and lifestyle,53.09,8,21.236000000000004,445.75600000000003,2022-03-22,19:20:00,Credit card,424.52000000000004,4.761904762,21.236000000000004,8.5,19,20220322
27,D649,Y,Melbourne,Normal,Male,Fashion accessories,34.02,1,1.7010000000000003,35.696000000000005,2022-02-08,15:31:00,Cash,33.995000000000005,4.761904762,1.7010000000000003,6.7,15,20220208
28,D189,X,Geelong,Normal,Female,Fashion accessories,88.17,2,8.817,185.107,2022-03-10,12:17:00,Credit card,176.29,4.761904762,8.817,7.7,12,20220310
29,D145,Y,Melbourne,Normal,Female,Food and beverages,88.86,5,22.215000000000003,466.39,2022-01-25,19:48:00,Cash,444.17499999999995,4.761904762,22.215000000000003,9.6,19,20220125
30,D848,X,Geelong,Normal,Male,Health and beauty,25.39,9,11.425500000000001,239.7105,2022-03-15,15:36:00,Cash,228.285,4.761904762,11.425500000000001,7.4,15,20220315
31,D871,Y,Melbourne,Normal,Male,Fashion accessories,94.63,5,23.6575,496.6825,2022-02-25,19:39:00,Credit card,473.025,4.761904762,23.6575,4.8,19,20220225
32,D149,Y,Melbourne,Member,Male,Sports and travel,78.57,9,35.3565,742.2614999999998,2022-01-28,12:43:00,Cash,706.9049999999999,4.761904762,35.3565,4.5,12,20220128
33,D640,Y,Melbourne,Normal,Male,Sports and travel,84.28,8,33.712,707.752,2022-01-10,14:49:00,Cash,674.04,4.761904762,33.712,5.1,14,20220110
34,D595,X,Geelong,Normal,Male,Health and beauty,97.08,2,9.708,203.81799999999998,2022-03-15,10:12:00,Credit card,194.10999999999999,4.761904762,9.708,5.1,10,20220315
35,D183,Z,Ballarat,Member,Female,Food and beverages,99.92,4,19.984,419.564,2022-02-06,10:42:00,Ewallet,399.58000000000004,4.761904762,19.984,7.5,10,20220206
36,D232,Z,Ballarat,Member,Female,Sports and travel,68.62,1,3.4310000000000005,72.02600000000001,2022-01-07,12:28:00,Ewallet,68.59500000000001,4.761904762,3.4310000000000005,6.8,12,20220107
37,D129,X,Geelong,Member,Male,Sports and travel,63.12,5,15.780000000000001,331.25499999999994,2022-03-10,19:15:00,Ewallet,315.4749999999999,4.761904762,15.780000000000001,7.0,19,20220310
38,D272,X,Geelong,Normal,Female,Electronic accessories,61.38,9,27.621000000000002,579.816,2022-01-15,17:17:00,Ewallet,552.195,4.761904762,27.621000000000002,4.7,17,20220115
39,D333,Z,Ballarat,Normal,Female,Health and beauty,55.42,8,22.168000000000003,465.32800000000003,2022-03-23,13:24:00,Ewallet,443.16,4.761904762,22.168000000000003,7.6,13,20220323
40,D777,Y,Melbourne,Member,Male,Home and lifestyle,30.62,8,12.248000000000001,257.008,2022-03-03,13:01:00,Cash,244.76,4.761904762,12.248000000000001,7.7,13,20220303
41,D280,Y,Melbourne,Member,Female,Home and lifestyle,87.22,1,4.361,91.556,2022-01-17,18:45:00,Ewallet,87.195,4.761904762,4.361,7.9,18,20220117
42,D554,Z,Ballarat,Member,Male,Home and lifestyle,56.61,2,5.6610000000000005,118.831,2022-02-02,10:11:00,Cash,113.17,4.761904762,5.6610000000000005,6.3,10,20220202
43,D354,Y,Melbourne,Member,Female,Sports and travel,69.62,6,20.886000000000003,438.456,2022-02-08,13:03:00,Cash,417.57,4.761904762,20.886000000000003,5.6,13,20220208
44,D228,Z,Ballarat,Member,Female,Food and beverages,99.2,8,39.68000000000001,833.08,2022-03-04,20:39:00,Cash,793.4000000000001,4.761904762,39.68000000000001,7.6,20,20220304
45,D617,Z,Ballarat,Member,Male,Health and beauty,15.87,2,1.587,33.277,2022-03-16,19:47:00,Cash,31.69,4.761904762,1.587,7.2,19,20220316
46,D132,Y,Melbourne,Member,Female,Electronic accessories,94.46,4,18.892,396.63199999999995,2022-03-09,18:00:00,Cash,377.73999999999995,4.761904762,18.892,9.5,18,20220309
47,D370,Y,Melbourne,Member,Male,Health and beauty,57.19,9,25.735500000000002,540.2205,2022-02-27,17:24:00,Credit card,514.485,4.761904762,25.735500000000002,8.4,17,20220227
48,D727,Y,Melbourne,Member,Female,Food and beverages,20.51,9,9.229500000000002,193.5945,2022-02-06,15:47:00,Ewallet,184.365,4.761904762,9.229500000000002,4.1,15,20220206
49,D669,Y,Melbourne,Member,Male,Electronic accessories,19.43,6,5.829000000000001,122.259,2022-02-10,12:45:00,Credit card,116.43,4.761904762,5.829000000000001,8.1,12,20220210
50,D574,Z,Ballarat,Member,Female,Fashion accessories,83.13,10,41.565000000000005,872.615,2022-03-19,17:08:00,Ewallet,831.05,4.761904762,41.565000000000005,7.9,17,20220319
51,D326,Z,Ballarat,Member,Male,Food and beverages,91.9,7,32.165000000000006,675.2900000000001,2022-02-03,10:19:00,Cash,643.1250000000001,4.761904762,32.165000000000006,9.5,10,20220203
52,D162,X,Geelong,Member,Female,Food and beverages,45.09,5,11.2725,236.59750000000003,2022-02-10,15:10:00,Cash,225.32500000000002,4.761904762,11.2725,8.5,15,20220210
53,D616,Y,Melbourne,Member,Female,Fashion accessories,18.37,4,3.6740000000000004,77.054,2022-03-22,14:42:00,Ewallet,73.38,4.761904762,3.6740000000000004,6.5,14,20220322
54,D778,Z,Ballarat,Member,Male,Fashion accessories,15.93,1,0.7965,16.7015,2022-01-25,15:46:00,Credit card,15.905,4.761904762,0.7965,6.1,15,20220125
55,D242,Y,Melbourne,Normal,Male,Home and lifestyle,16.66,2,1.6660000000000001,34.936,2022-03-07,11:49:00,Ewallet,33.27,4.761904762,1.6660000000000001,6.5,11,20220307
56,D399,Z,Ballarat,Normal,Female,Electronic accessories,86.48,8,34.592000000000006,726.2320000000001,2022-02-28,19:01:00,Cash,691.6400000000001,4.761904762,34.592000000000006,8.2,19,20220228
57,D106,X,Geelong,Member,Male,Home and lifestyle,44.84,2,4.484000000000001,94.114,2022-03-27,11:26:00,Cash,89.63000000000001,4.761904762,4.484000000000001,5.8,11,20220327
58,D635,X,Geelong,Normal,Male,Health and beauty,90.1,8,36.04,756.64,2022-02-07,11:28:00,Ewallet,720.6,4.761904762,36.04,6.6,11,20220207
59,D817,X,Geelong,Member,Female,Home and lifestyle,72.85,10,36.425,764.675,2022-01-20,15:55:00,Cash,728.25,4.761904762,36.425,5.4,15,20220120
60,D120,Z,Ballarat,Normal,Male,Electronic accessories,31.11,6,9.333,195.843,2022-03-12,20:36:00,Cash,186.51,4.761904762,9.333,9.3,20,20220312
61,D285,Z,Ballarat,Member,Female,Sports and travel,25.24,3,3.786,79.431,2022-02-15,17:47:00,Credit card,75.645,4.761904762,3.786,10.0,17,20220215
62,D803,Z,Ballarat,Normal,Male,Home and lifestyle,56.23,6,16.869,354.099,2022-02-24,10:55:00,Ewallet,337.23,4.761904762,16.869,7.0,10,20220224
63,D347,Y,Melbourne,Member,Female,Sports and travel,55.57,9,25.006500000000003,524.9115,2022-02-03,13:40:00,Ewallet,499.90500000000003,4.761904762,25.006500000000003,10.0,13,20220203
64,D199,X,Geelong,Member,Male,Sports and travel,16.310000000000002,10,8.155000000000001,171.00500000000002,2022-03-06,12:27:00,Credit card,162.85000000000002,4.761904762,8.155000000000001,8.6,12,20220306
65,D853,Y,Melbourne,Member,Male,Health and beauty,76.24,4,15.248,320.108,2022-02-14,14:35:00,Cash,304.86,4.761904762,15.248,7.6,14,20220214
66,D877,X,Geelong,Member,Male,Health and beauty,16.369999999999997,10,8.184999999999999,171.635,2022-03-13,16:40:00,Cash,163.45,4.761904762,8.184999999999999,5.8,16,20220313
67,D838,Z,Ballarat,Normal,Female,Health and beauty,33.97,2,3.3970000000000002,71.28699999999999,2022-02-10,15:43:00,Ewallet,67.88999999999999,4.761904762,3.3970000000000002,6.7,15,20220210
68,D109,Y,Melbourne,Member,Female,Fashion accessories,98.11,6,29.433,617.943,2022-01-07,15:01:00,Ewallet,588.51,4.761904762,29.433,9.9,15,20220107
69,D232,X,Geelong,Normal,Male,Sports and travel,79.27,10,39.635,832.0849999999999,2022-01-24,10:04:00,Cash,792.4499999999999,4.761904762,39.635,6.4,10,20220124
70,D382,X,Geelong,Member,Female,Health and beauty,18.83,1,0.9415,19.746499999999997,2022-02-02,18:50:00,Cash,18.804999999999996,4.761904762,0.9415,4.3,18,20220202
71,D393,Z,Ballarat,Normal,Male,Food and beverages,89.98,10,44.99000000000001,944.5400000000001,2022-01-06,12:46:00,Credit card,899.5500000000001,4.761904762,44.99000000000001,9.6,12,20220106
72,D796,Z,Ballarat,Normal,Male,Fashion accessories,62.62,10,31.310000000000002,657.2599999999999,2022-02-11,16:19:00,Cash,625.9499999999998,4.761904762,31.310000000000002,5.9,16,20220211
73,D510,Y,Melbourne,Member,Female,Food and beverages,49.02,3,7.3530000000000015,154.338,2022-03-05,18:17:00,Ewallet,146.98499999999999,4.761904762,7.3530000000000015,4.0,18,20220305
74,D841,Z,Ballarat,Normal,Female,Electronic accessories,76.41,6,22.923000000000002,481.233,2022-03-09,18:21:00,Cash,458.31,4.761904762,22.923000000000002,8.7,18,20220309
75,D287,X,Geelong,Normal,Male,Home and lifestyle,75.17,9,33.8265,710.1315,2022-01-22,10:55:00,Ewallet,676.305,4.761904762,33.8265,9.4,10,20220122
76,D732,Z,Ballarat,Normal,Female,Electronic accessories,42.15,10,21.075,442.325,2022-01-13,17:04:00,Credit card,421.25,4.761904762,21.075,5.4,17,20220113
77,D263,Z,Ballarat,Member,Male,Fashion accessories,49.54,9,22.293000000000003,467.928,2022-01-09,14:20:00,Credit card,445.635,4.761904762,22.293000000000003,8.6,14,20220109
78,D381,X,Geelong,Member,Female,Fashion accessories,20.51,9,9.229500000000002,193.5945,2022-01-12,15:48:00,Credit card,184.365,4.761904762,9.229500000000002,5.7,15,20220112
79,D829,Z,Ballarat,Member,Female,Food and beverages,78.81,10,39.405,827.255,2022-03-05,16:24:00,Ewallet,787.85,4.761904762,39.405,6.6,16,20220305
80,D756,Z,Ballarat,Normal,Female,Health and beauty,20.88,5,5.220000000000001,109.49499999999999,2022-01-22,18:56:00,Cash,104.27499999999999,4.761904762,5.220000000000001,6.0,18,20220122
81,D870,Z,Ballarat,Normal,Female,Health and beauty,99.69,6,29.907000000000004,627.8969999999999,2022-01-21,14:42:00,Credit card,597.9899999999999,4.761904762,29.907000000000004,5.5,14,20220121
82,D847,Y,Melbourne,Normal,Female,Food and beverages,97.18,3,14.577000000000002,306.04200000000003,2022-01-26,19:56:00,Ewallet,291.46500000000003,4.761904762,14.577000000000002,6.4,19,20220126
83,D480,Z,Ballarat,Normal,Male,Food and beverages,19.75,8,7.9,165.7,2022-01-23,18:37:00,Ewallet,157.79999999999998,4.761904762,7.9,6.6,18,20220123
84,D787,Z,Ballarat,Member,Female,Food and beverages,80.86,4,16.172,339.512,2022-02-23,18:45:00,Credit card,323.34,4.761904762,16.172,8.3,18,20220223
85,D360,Z,Ballarat,Member,Male,Sports and travel,49.41,5,12.3525,259.2775,2022-03-09,10:17:00,Cash,246.92499999999998,4.761904762,12.3525,6.6,10,20220309
86,D730,Z,Ballarat,Normal,Female,Sports and travel,83.56,7,29.246,613.9910000000001,2022-03-05,14:31:00,Ewallet,584.7450000000001,4.761904762,29.246,4.0,14,20220305
87,D362,Z,Ballarat,Normal,Male,Fashion accessories,77.02,5,19.255,404.22999999999996,2022-03-25,10:23:00,Cash,384.97499999999997,4.761904762,19.255,9.9,10,20220325
88,D633,X,Geelong,Member,Male,Food and beverages,49.88,7,17.458000000000002,366.44300000000004,2022-03-27,20:35:00,Credit card,348.985,4.761904762,17.458000000000002,7.3,20,20220327
89,D504,X,Geelong,Normal,Male,Sports and travel,42.97,1,2.1485,45.0935,2022-01-02,16:57:00,Cash,42.945,4.761904762,2.1485,5.7,16,20220102
90,D318,Y,Melbourne,Normal,Female,Health and beauty,77.49,6,23.247,488.0369999999999,2022-02-27,17:55:00,Cash,464.7899999999999,4.761904762,23.247,6.1,17,20220227
91,D565,Z,Ballarat,Member,Female,Home and lifestyle,47.88,4,9.576,200.996,2022-01-23,10:25:00,Cash,191.42000000000002,4.761904762,9.576,7.1,10,20220123
92,D225,Z,Ballarat,Normal,Female,Sports and travel,45.36,10,22.680000000000003,476.03000000000003,2022-01-26,19:54:00,Ewallet,453.35,4.761904762,22.680000000000003,8.2,19,20220126
93,D873,X,Geelong,Member,Female,Sports and travel,22.48,7,7.868,165.05300000000003,2022-01-10,16:42:00,Ewallet,157.18500000000003,4.761904762,7.868,5.1,16,20220110
94,D152,Y,Melbourne,Member,Male,Health and beauty,64.86,9,29.187000000000005,612.702,2022-03-12,12:09:00,Credit card,583.515,4.761904762,29.187000000000005,8.6,12,20220312
95,D512,Z,Ballarat,Normal,Male,Health and beauty,90.25,1,4.5125,94.7375,2022-02-06,20:05:00,Credit card,90.225,4.761904762,4.5125,6.6,20,20220206
96,D594,X,Geelong,Normal,Male,Electronic accessories,97.66,1,4.883,102.518,2022-03-08,20:38:00,Ewallet,97.635,4.761904762,4.883,7.2,20,20220308
97,D766,Y,Melbourne,Normal,Male,Health and beauty,88.37,10,44.18500000000001,927.635,2022-03-29,10:25:00,Ewallet,883.4499999999999,4.761904762,44.18500000000001,5.1,10,20220329
98,D871,Z,Ballarat,Normal,Female,Electronic accessories,12.95,6,3.885,81.43499999999999,2022-02-09,13:11:00,Cash,77.54999999999998,4.761904762,3.885,4.1,13,20220209
99,D865,X,Geelong,Normal,Male,Food and beverages,53.25,3,7.987500000000001,167.6625,2022-03-23,10:16:00,Ewallet,159.67499999999998,4.761904762,7.987500000000001,9.3,10,20220323
100,D733,Y,Melbourne,Normal,Male,Home and lifestyle,83.2,6,24.96,524.01,2022-03-05,18:14:00,Cash,499.05,4.761904762,24.96,7.4,18,20220305
101,D163,Z,Ballarat,Member,Male,Fashion accessories,49.21,1,2.4605,51.6455,2022-03-26,19:20:00,Cash,49.184999999999995,4.761904762,2.4605,4.1,19,20220326
102,D189,Z,Ballarat,Normal,Male,Fashion accessories,79.05,9,35.5725,746.7974999999999,2022-03-01,13:22:00,Cash,711.2249999999999,4.761904762,35.5725,7.2,13,20220301
103,D551,Z,Ballarat,Normal,Female,Electronic accessories,23.57,9,10.6065,222.51149999999998,2022-02-01,11:27:00,Cash,211.90499999999997,4.761904762,10.6065,4.9,11,20220201
104,D212,X,Geelong,Normal,Male,Food and beverages,58.76,6,17.628,370.038,2022-03-28,16:44:00,Cash,352.41,4.761904762,17.628,9.9,16,20220328
105,D716,Y,Melbourne,Normal,Male,Health and beauty,30.85,7,10.797500000000001,226.57250000000002,2022-03-19,18:19:00,Cash,215.775,4.761904762,10.797500000000001,8.0,18,20220319
106,D704,X,Geelong,Member,Male,Electronic accessories,89.17,10,44.585,936.0350000000001,2022-01-12,14:50:00,Ewallet,891.45,4.761904762,44.585,7.3,14,20220112
107,D628,Z,Ballarat,Normal,Male,Fashion accessories,27.88,6,8.364,175.494,2022-01-05,20:54:00,Credit card,167.13,4.761904762,8.364,7.9,20,20220105
108,D630,X,Geelong,Normal,Male,Sports and travel,62.63,6,18.789,394.41900000000004,2022-03-22,20:19:00,Cash,375.63000000000005,4.761904762,18.789,7.4,20,20220322
109,D588,Z,Ballarat,Normal,Female,Food and beverages,34.48,9,15.516,325.611,2022-03-24,10:43:00,Cash,310.09499999999997,4.761904762,15.516,4.2,10,20220324
110,D861,Z,Ballarat,Member,Male,Electronic accessories,82.47,10,41.235,865.6850000000001,2022-03-03,14:30:00,Cash,824.45,4.761904762,41.235,9.2,14,20220303
111,D479,Y,Melbourne,Member,Female,Sports and travel,16.99,2,1.6989999999999998,35.629,2022-02-05,11:32:00,Ewallet,33.93,4.761904762,1.6989999999999998,4.6,11,20220205
112,D210,Z,Ballarat,Member,Female,Health and beauty,98.71,3,14.8065,310.8615,2022-02-05,10:41:00,Credit card,296.05499999999995,4.761904762,14.8065,7.8,10,20220205
113,D227,Y,Melbourne,Normal,Female,Fashion accessories,73.34,7,25.669,538.874,2022-02-15,12:44:00,Cash,513.205,4.761904762,25.669,8.4,12,20220215
114,D645,X,Geelong,Member,Male,Home and lifestyle,58.57,9,26.3565,553.2615,2022-01-19,20:07:00,Ewallet,526.905,4.761904762,26.3565,4.3,20,20220119
115,D237,Z,Ballarat,Member,Female,Home and lifestyle,81.29,9,36.58050000000001,767.9655,2022-02-01,20:31:00,Credit card,731.385,4.761904762,36.58050000000001,9.5,20,20220201
116,D225,Z,Ballarat,Normal,Female,Fashion accessories,27.52,3,4.128,86.613,2022-03-02,13:01:00,Credit card,82.485,4.761904762,4.128,7.1,13,20220302
117,D291,Y,Melbourne,Member,Male,Fashion accessories,22.44,5,5.61,117.685,2022-03-05,12:29:00,Ewallet,112.075,4.761904762,5.61,5.3,12,20220305
118,D659,Y,Melbourne,Member,Male,Fashion accessories,51.86,1,2.593,54.428,2022-01-16,15:26:00,Ewallet,51.834999999999994,4.761904762,2.593,5.2,15,20220116
119,D642,X,Geelong,Normal,Female,Food and beverages,11.46,10,5.73,120.08000000000001,2022-02-02,20:48:00,Ewallet,114.35000000000001,4.761904762,5.73,6.0,20,20220202
120,D378,Y,Melbourne,Normal,Male,Home and lifestyle,53.94,2,5.394,113.22399999999999,2022-01-20,20:38:00,Ewallet,107.82999999999998,4.761904762,5.394,4.1,20,20220120
121,D638,X,Geelong,Normal,Female,Electronic accessories,100.06,8,40.024,840.304,2022-02-14,17:03:00,Credit card,800.28,4.761904762,40.024,5.2,17,20220214
122,D659,Z,Ballarat,Member,Male,Sports and travel,57.62,7,20.167,423.332,2022-01-12,12:02:00,Credit card,403.16499999999996,4.761904762,20.167,6.5,12,20220112
123,D219,Y,Melbourne,Member,Male,Sports and travel,100.46,9,45.206999999999994,949.122,2022-03-09,17:26:00,Credit card,903.915,4.761904762,45.206999999999994,4.2,17,20220309
124,D336,Z,Ballarat,Member,Male,Home and lifestyle,64.41,8,25.764,540.8439999999999,2022-03-13,19:52:00,Credit card,515.0799999999999,4.761904762,25.764,4.6,19,20220313
125,D268,Y,Melbourne,Member,Female,Fashion accessories,56.97,8,22.788,478.348,2022-03-09,14:57:00,Ewallet,455.56,4.761904762,22.788,7.3,14,20220309
126,D668,X,Geelong,Normal,Female,Home and lifestyle,94.19,7,32.9665,692.1215,2022-03-10,18:44:00,Credit card,659.155,4.761904762,32.9665,4.5,18,20220310
127,D870,X,Geelong,Normal,Female,Sports and travel,32.75,5,8.1875,171.8125,2022-01-27,13:26:00,Cash,163.625,4.761904762,8.1875,9.0,13,20220127
128,D189,Z,Ballarat,Normal,Female,Fashion accessories,32.230000000000004,9,14.503500000000003,304.34850000000006,2022-01-08,16:17:00,Credit card,289.845,4.761904762,14.503500000000003,5.9,16,20220108
129,D663,Z,Ballarat,Member,Female,Food and beverages,69.04,8,27.616000000000003,579.7360000000001,2022-01-08,15:57:00,Ewallet,552.1200000000001,4.761904762,27.616000000000003,8.5,15,20220108
130,D549,Y,Melbourne,Normal,Female,Sports and travel,90.78,9,40.851000000000006,857.646,2022-02-08,11:15:00,Ewallet,816.795,4.761904762,40.851000000000006,7.2,11,20220208
131,D191,Y,Melbourne,Normal,Female,Fashion accessories,40.12,7,14.041999999999998,294.707,2022-01-25,13:18:00,Cash,280.665,4.761904762,14.041999999999998,7.5,13,20220125
132,D802,X,Geelong,Member,Female,Sports and travel,92.63,6,27.789,583.419,2022-03-06,20:34:00,Cash,555.63,4.761904762,27.789,8.3,20,20220306
133,D695,Y,Melbourne,Normal,Female,Sports and travel,35.34,4,7.068000000000001,148.328,2022-02-10,18:36:00,Cash,141.26,4.761904762,7.068000000000001,7.4,18,20220210
134,D590,Y,Melbourne,Member,Male,Electronic accessories,87.95,6,26.384999999999998,553.9350000000001,2022-02-17,14:40:00,Credit card,527.5500000000001,4.761904762,26.384999999999998,8.8,14,20220217
135,D483,Z,Ballarat,Normal,Female,Health and beauty,81.8,6,24.54,515.1899999999999,2022-03-08,16:43:00,Ewallet,490.6499999999999,4.761904762,24.54,5.3,16,20220308
136,D597,Z,Ballarat,Normal,Male,Fashion accessories,90.72,3,13.608,285.693,2022-02-18,19:39:00,Cash,272.085,4.761904762,13.608,6.2,19,20220218
137,D700,X,Geelong,Normal,Female,Electronic accessories,26.81,5,6.702500000000001,140.62749999999997,2022-01-18,20:59:00,Credit card,133.92499999999995,4.761904762,6.702500000000001,8.8,20,20220118
138,D354,X,Geelong,Member,Female,Home and lifestyle,34.92,6,10.476,219.846,2022-02-18,15:39:00,Cash,209.37,4.761904762,10.476,9.8,15,20220218
139,D241,Y,Melbourne,Normal,Male,Sports and travel,52.41,10,26.205,550.055,2022-02-16,12:21:00,Cash,523.8499999999999,4.761904762,26.205,8.2,12,20220216
140,D575,X,Geelong,Normal,Male,Sports and travel,73.0,8,29.200000000000003,613.0,2022-03-16,19:25:00,Ewallet,583.8,4.761904762,29.200000000000003,9.2,19,20220316
141,D731,Z,Ballarat,Member,Female,Sports and travel,90.3,10,45.15,947.9,2022-01-23,13:00:00,Credit card,902.75,4.761904762,45.15,5.4,13,20220123
142,D280,Z,Ballarat,Member,Male,Health and beauty,91.0,10,45.5,955.25,2022-01-25,13:48:00,Cash,909.75,4.761904762,45.5,8.1,13,20220125
143,D338,Z,Ballarat,Member,Female,Health and beauty,69.1,10,34.55,725.3,2022-02-05,19:57:00,Cash,690.75,4.761904762,34.55,9.1,19,20220205
144,D488,Z,Ballarat,Member,Female,Food and beverages,30.91,1,1.5455,32.4305,2022-02-22,10:36:00,Credit card,30.885,4.761904762,1.5455,8.4,10,20220222
145,D239,X,Geelong,Normal,Female,Home and lifestyle,78.45,6,23.535000000000004,494.08500000000004,2022-01-21,16:37:00,Ewallet,470.55,4.761904762,23.535000000000004,8.0,16,20220121
146,D458,Z,Ballarat,Normal,Female,Health and beauty,46.76,6,14.028,294.438,2022-03-08,17:11:00,Credit card,280.40999999999997,4.761904762,14.028,9.5,17,20220308
147,D685,X,Geelong,Member,Female,Fashion accessories,30.64,10,15.32,321.46999999999997,2022-02-10,12:28:00,Ewallet,306.15,4.761904762,15.32,9.2,12,20220210
148,D568,Z,Ballarat,Normal,Male,Health and beauty,66.64,4,13.328000000000001,279.788,2022-03-19,12:46:00,Credit card,266.46000000000004,4.761904762,13.328000000000001,5.6,12,20220319
149,D262,Y,Melbourne,Member,Male,Home and lifestyle,72.36,8,28.944000000000003,607.624,2022-03-06,15:07:00,Credit card,578.6800000000001,4.761904762,28.944000000000003,6.2,15,20220306
150,D238,X,Geelong,Normal,Male,Health and beauty,32.96,8,13.184000000000001,276.664,2022-03-27,13:48:00,Credit card,263.47999999999996,4.761904762,13.184000000000001,4.9,13,20220327
151,D608,Y,Melbourne,Member,Female,Fashion accessories,92.04,4,18.408,386.468,2022-03-23,19:20:00,Credit card,368.06,4.761904762,18.408,4.8,19,20220323
152,D584,Z,Ballarat,Member,Male,Sports and travel,35.06,7,12.271,257.516,2022-03-11,16:07:00,Credit card,245.245,4.761904762,12.271,7.3,16,20220311
153,D746,X,Geelong,Normal,Male,Fashion accessories,83.74,9,37.683,791.1179999999999,2022-01-29,11:56:00,Credit card,753.435,4.761904762,37.683,7.4,11,20220129
154,D214,Z,Ballarat,Normal,Female,Food and beverages,16.98,6,5.094,106.824,2022-02-07,18:23:00,Ewallet,101.73,4.761904762,5.094,9.9,18,20220207
155,D400,Z,Ballarat,Normal,Female,Sports and travel,81.47,8,32.588,684.148,2022-01-28,13:05:00,Cash,651.5600000000001,4.761904762,32.588,9.3,13,20220128
156,D782,X,Geelong,Member,Male,Food and beverages,92.79,5,23.197500000000005,487.02250000000004,2022-02-20,15:55:00,Credit card,463.82500000000005,4.761904762,23.197500000000005,9.0,15,20220220
157,D279,Y,Melbourne,Member,Male,Electronic accessories,72.67,1,3.6335,76.27850000000001,2022-01-04,19:40:00,Cash,72.64500000000001,4.761904762,3.6335,6.1,19,20220104
158,D307,Y,Melbourne,Normal,Male,Home and lifestyle,50.78,5,12.695,266.47,2022-03-07,13:58:00,Ewallet,253.77500000000003,4.761904762,12.695,9.7,13,20220307
159,D743,Y,Melbourne,Member,Male,Health and beauty,97.72,9,43.974000000000004,923.229,2022-03-30,14:43:00,Ewallet,879.255,4.761904762,43.974000000000004,6.0,14,20220330
160,D423,Y,Melbourne,Normal,Male,Sports and travel,93.89,6,28.167,591.3570000000001,2022-03-27,19:18:00,Ewallet,563.19,4.761904762,28.167,10.0,19,20220327
161,D894,Z,Ballarat,Normal,Female,Food and beverages,43.68,8,17.472,366.712,2022-01-19,19:39:00,Credit card,349.24,4.761904762,17.472,8.3,19,20220119
162,D275,X,Geelong,Normal,Male,Sports and travel,64.19,1,3.2095000000000002,67.3745,2022-02-25,16:21:00,Cash,64.16499999999999,4.761904762,3.2095000000000002,6.0,16,20220225
163,D101,X,Geelong,Normal,Male,Food and beverages,46.29,7,16.201500000000003,340.05649999999997,2022-03-13,19:44:00,Credit card,323.85499999999996,4.761904762,16.201500000000003,7.0,19,20220313
164,D423,Z,Ballarat,Normal,Male,Sports and travel,76.9,2,7.690000000000001,161.44,2022-01-30,19:42:00,Ewallet,153.75,4.761904762,7.690000000000001,6.5,19,20220130
165,D548,Y,Melbourne,Normal,Male,Food and beverages,40.4,10,20.2,423.95,2022-02-20,15:24:00,Credit card,403.75,4.761904762,20.2,5.9,15,20220220
166,D505,Y,Melbourne,Member,Male,Health and beauty,43.07,8,17.228,361.588,2022-02-25,14:12:00,Ewallet,344.36,4.761904762,17.228,5.6,14,20220225
167,D234,Z,Ballarat,Normal,Male,Home and lifestyle,96.08,10,48.040000000000006,1008.5899999999999,2022-01-16,13:32:00,Cash,960.55,4.761904762,48.040000000000006,4.8,13,20220116
168,D687,X,Geelong,Normal,Male,Fashion accessories,99.48,10,49.74,1044.29,2022-02-08,16:20:00,Credit card,994.55,4.761904762,49.74,8.7,16,20220208
169,D796,X,Geelong,Normal,Male,Food and beverages,51.78,6,15.534000000000002,326.064,2022-01-19,16:31:00,Cash,310.53000000000003,4.761904762,15.534000000000002,6.5,16,20220119
170,D105,X,Geelong,Member,Male,Sports and travel,70.02,7,24.506999999999998,514.472,2022-02-01,15:10:00,Credit card,489.965,4.761904762,24.506999999999998,8.5,15,20220201
171,D249,X,Geelong,Normal,Male,Health and beauty,70.51,5,17.6275,370.0525,2022-01-03,11:36:00,Ewallet,352.425,4.761904762,17.6275,5.5,11,20220103
172,D316,Y,Melbourne,Member,Male,Food and beverages,80.55,5,20.1375,422.7625,2022-01-26,12:45:00,Credit card,402.625,4.761904762,20.1375,9.4,12,20220126
173,D733,Z,Ballarat,Normal,Male,Electronic accessories,21.35,8,8.540000000000001,179.14000000000001,2022-03-03,19:17:00,Cash,170.60000000000002,4.761904762,8.540000000000001,6.3,19,20220303
174,D608,Y,Melbourne,Member,Male,Electronic accessories,53.39,6,16.017000000000003,336.20700000000005,2022-01-19,17:34:00,Credit card,320.19000000000005,4.761904762,16.017000000000003,9.8,17,20220119
175,D414,Y,Melbourne,Normal,Male,Food and beverages,20.29,8,8.116,170.236,2022-01-18,12:04:00,Ewallet,162.12,4.761904762,8.116,8.7,12,20220118
176,D827,X,Geelong,Member,Male,Home and lifestyle,34.34,9,15.453000000000003,324.28800000000007,2022-03-21,16:21:00,Ewallet,308.83500000000004,4.761904762,15.453000000000003,8.8,16,20220321
177,D175,X,Geelong,Member,Male,Food and beverages,22.67,8,9.068000000000001,190.228,2022-03-03,17:01:00,Credit card,181.16,4.761904762,9.068000000000001,9.6,17,20220303
178,D139,Z,Ballarat,Normal,Female,Fashion accessories,23.01,7,8.0535,168.94850000000002,2022-02-13,10:50:00,Credit card,160.89500000000004,4.761904762,8.0535,4.8,10,20220213
179,D407,X,Geelong,Normal,Male,Food and beverages,74.38,6,22.314,468.44399999999996,2022-03-23,19:16:00,Ewallet,446.12999999999994,4.761904762,22.314,4.4,19,20220323
180,D342,Z,Ballarat,Member,Male,Health and beauty,87.3,3,13.095,274.91999999999996,2022-01-28,16:47:00,Ewallet,261.82499999999993,4.761904762,13.095,9.9,16,20220128
181,D130,Z,Ballarat,Normal,Male,Fashion accessories,64.76,7,22.666000000000004,475.81100000000004,2022-02-09,10:00:00,Cash,453.14500000000004,4.761904762,22.666000000000004,5.7,10,20220209
182,D434,Z,Ballarat,Member,Male,Food and beverages,38.97,8,15.588000000000001,327.14799999999997,2022-01-23,11:51:00,Cash,311.55999999999995,4.761904762,15.588000000000001,7.7,11,20220123
183,D851,X,Geelong,Member,Male,Sports and travel,16.0,10,8.0,167.75,2022-03-23,10:55:00,Ewallet,159.75,4.761904762,8.0,8.0,10,20220323
184,D824,Z,Ballarat,Normal,Male,Health and beauty,34.81,8,13.924000000000001,292.204,2022-01-25,15:00:00,Ewallet,278.28000000000003,4.761904762,13.924000000000001,5.7,15,20220125
185,D586,X,Geelong,Normal,Female,Sports and travel,12.84,7,4.494,94.199,2022-03-04,11:19:00,Credit card,89.705,4.761904762,4.494,6.7,11,20220304
186,D895,Y,Melbourne,Member,Male,Food and beverages,18.58,3,2.787,58.452,2022-03-05,19:46:00,Ewallet,55.665,4.761904762,2.787,8.0,19,20220305
187,D305,Y,Melbourne,Member,Female,Home and lifestyle,94.99,8,37.996,797.716,2022-03-03,19:00:00,Ewallet,759.72,4.761904762,37.996,7.5,19,20220303
188,D732,Y,Melbourne,Member,Male,Home and lifestyle,46.97,4,9.394,197.174,2022-02-08,10:53:00,Cash,187.78,4.761904762,9.394,7.0,10,20220208
189,D400,X,Geelong,Normal,Male,Home and lifestyle,74.57,1,3.7285,78.2735,2022-02-10,12:50:00,Ewallet,74.545,4.761904762,3.7285,9.9,12,20220210
190,D593,Z,Ballarat,Normal,Female,Home and lifestyle,70.31,4,14.062000000000001,295.202,2022-01-28,20:50:00,Credit card,281.14,4.761904762,14.062000000000001,5.9,20,20220128
191,D284,Y,Melbourne,Normal,Female,Home and lifestyle,77.54,3,11.631000000000002,244.17600000000002,2022-02-11,10:39:00,Credit card,232.54500000000002,4.761904762,11.631000000000002,7.2,10,20220211
192,D437,Y,Melbourne,Normal,Female,Fashion accessories,74.02,2,7.402,155.392,2022-01-15,13:41:00,Ewallet,147.99,4.761904762,7.402,4.6,13,20220115
193,D286,Z,Ballarat,Normal,Female,Food and beverages,88.3,9,39.735,834.2099999999999,2022-03-16,19:08:00,Cash,794.4749999999999,4.761904762,39.735,9.2,19,20220316
194,D641,Y,Melbourne,Normal,Male,Home and lifestyle,26.05,4,5.210000000000001,109.31,2022-01-26,20:23:00,Ewallet,104.1,4.761904762,5.210000000000001,5.7,20,20220126
195,D831,X,Geelong,Normal,Male,Electronic accessories,33.21,5,8.3025,174.22750000000002,2022-03-19,11:30:00,Credit card,165.925,4.761904762,8.3025,9.9,11,20220319
196,D556,Z,Ballarat,Member,Female,Fashion accessories,74.79,1,3.7395000000000005,78.50450000000001,2022-01-13,19:30:00,Cash,74.765,4.761904762,3.7395000000000005,5.0,19,20220113
197,D848,Z,Ballarat,Member,Male,Health and beauty,44.2,2,4.420000000000001,92.77000000000001,2022-03-26,18:03:00,Cash,88.35000000000001,4.761904762,4.420000000000001,4.9,18,20220326
198,D856,X,Geelong,Normal,Female,Home and lifestyle,25.79,1,1.2895,27.054499999999997,2022-03-23,10:13:00,Ewallet,25.764999999999997,4.761904762,1.2895,6.1,10,20220323
199,D699,Z,Ballarat,Normal,Male,Health and beauty,42.0,4,8.4,176.3,2022-03-12,19:58:00,Credit card,167.9,4.761904762,8.4,8.2,19,20220312
200,D420,Z,Ballarat,Member,Female,Food and beverages,71.89,5,17.9725,377.2975,2022-02-17,19:57:00,Credit card,359.325,4.761904762,17.9725,5.5,19,20220217
201,D606,Z,Ballarat,Member,Female,Sports and travel,19.65,6,5.895,123.645,2022-01-29,10:01:00,Credit card,117.75,4.761904762,5.895,6.8,10,20220129
202,D542,Y,Melbourne,Member,Female,Electronic accessories,57.99,4,11.598,243.458,2022-03-15,11:57:00,Cash,231.85999999999999,4.761904762,11.598,6.6,11,20220315
203,D426,Z,Ballarat,Normal,Male,Electronic accessories,61.91,7,21.668499999999998,454.8635,2022-01-14,10:02:00,Cash,433.195,4.761904762,21.668499999999998,9.8,10,20220114
204,D875,Y,Melbourne,Member,Male,Health and beauty,26.4,10,13.200000000000001,276.95,2022-02-06,14:51:00,Ewallet,263.75,4.761904762,13.200000000000001,8.7,14,20220206
205,D394,Y,Melbourne,Member,Male,Home and lifestyle,18.27,5,4.5675,95.79249999999999,2022-02-15,12:42:00,Credit card,91.225,4.761904762,4.5675,5.4,12,20220215
206,D749,X,Geelong,Normal,Female,Health and beauty,23.53,9,10.588500000000002,222.1335,2022-01-03,12:02:00,Ewallet,211.545,4.761904762,10.588500000000002,7.9,12,20220103
207,D672,Z,Ballarat,Member,Female,Electronic accessories,67.15,9,30.217500000000005,634.3425,2022-01-04,18:19:00,Credit card,604.125,4.761904762,30.217500000000005,9.7,18,20220104
208,D263,Z,Ballarat,Member,Female,Home and lifestyle,29.03,10,14.515000000000002,304.565,2022-03-18,17:38:00,Ewallet,290.05,4.761904762,14.515000000000002,7.8,17,20220318
209,D573,Y,Melbourne,Normal,Female,Fashion accessories,30.87,3,4.6305000000000005,97.1655,2022-03-28,13:41:00,Ewallet,92.535,4.761904762,4.6305000000000005,5.1,13,20220328
210,D817,Y,Melbourne,Normal,Female,Electronic accessories,100.23,9,45.103500000000004,946.9485000000001,2022-03-02,19:42:00,Credit card,901.845,4.761904762,45.103500000000004,6.5,19,20220302
211,D888,X,Geelong,Normal,Male,Electronic accessories,26.73,9,12.028500000000001,252.37349999999998,2022-01-25,20:24:00,Ewallet,240.34499999999997,4.761904762,12.028500000000001,5.9,20,20220125
212,D677,Z,Ballarat,Normal,Female,Food and beverages,93.76,9,42.19200000000001,885.807,2022-01-16,18:08:00,Cash,843.615,4.761904762,42.19200000000001,8.8,18,20220116
213,D142,Y,Melbourne,Normal,Male,Home and lifestyle,92.86,5,23.215,487.39,2022-03-20,19:17:00,Ewallet,464.175,4.761904762,23.215,4.9,19,20220320
214,D656,Y,Melbourne,Normal,Male,Sports and travel,46.92,3,7.038,147.72299999999998,2022-01-04,13:24:00,Credit card,140.68499999999997,4.761904762,7.038,4.4,13,20220104
215,D891,Y,Melbourne,Member,Female,Sports and travel,30.11,7,10.5385,221.13349999999997,2022-03-11,15:53:00,Cash,210.59499999999997,4.761904762,10.5385,6.5,15,20220311
216,D802,X,Geelong,Normal,Male,Home and lifestyle,18.78,1,0.9390000000000001,19.694000000000003,2022-03-22,15:05:00,Credit card,18.755000000000003,4.761904762,0.9390000000000001,8.3,15,20220322
217,D560,Y,Melbourne,Normal,Female,Sports and travel,25.27,5,6.317500000000001,132.5425,2022-03-24,18:27:00,Cash,126.225,4.761904762,6.317500000000001,8.5,18,20220324
218,D319,X,Geelong,Member,Female,Electronic accessories,95.14,3,14.271,299.61600000000004,2022-02-21,16:55:00,Cash,285.345,4.761904762,14.271,5.5,16,20220221
219,D549,Y,Melbourne,Normal,Male,Fashion accessories,95.37,8,38.148,800.908,2022-02-12,12:58:00,Ewallet,762.76,4.761904762,38.148,8.7,12,20220212
220,D790,Y,Melbourne,Normal,Female,Food and beverages,57.84,3,8.676000000000002,182.121,2022-03-10,18:59:00,Credit card,173.445,4.761904762,8.676000000000002,7.9,18,20220310
221,D239,Y,Melbourne,Normal,Male,Electronic accessories,45.85,6,13.754999999999999,288.70500000000004,2022-01-31,13:44:00,Ewallet,274.95000000000005,4.761904762,13.754999999999999,6.1,13,20220131
222,D468,Y,Melbourne,Normal,Male,Food and beverages,62.58,7,21.903,459.788,2022-03-06,13:46:00,Ewallet,437.885,4.761904762,21.903,5.4,13,20220306
223,D389,Z,Ballarat,Normal,Male,Electronic accessories,12.31,5,3.0775,64.5025,2022-02-17,18:06:00,Cash,61.425,4.761904762,3.0775,9.4,18,20220217
224,D279,Z,Ballarat,Member,Female,Fashion accessories,13.04,1,0.652,13.667,2022-02-21,12:38:00,Cash,13.015,4.761904762,0.652,8.2,12,20220221
225,D213,X,Geelong,Normal,Male,Food and beverages,43.75,2,4.375,91.825,2022-03-20,15:56:00,Cash,87.45,4.761904762,4.375,6.2,15,20220320
226,D746,Z,Ballarat,Member,Female,Sports and travel,87.66,2,8.766,184.036,2022-01-11,14:29:00,Credit card,175.27,4.761904762,8.766,9.7,14,20220111
227,D836,Y,Melbourne,Member,Male,Health and beauty,69.87,9,31.441500000000005,660.0465,2022-01-26,19:14:00,Ewallet,628.605,4.761904762,31.441500000000005,4.0,19,20220126
228,D583,Z,Ballarat,Member,Male,Electronic accessories,37.56,4,7.5120000000000005,157.65200000000002,2022-01-31,16:24:00,Ewallet,150.14000000000001,4.761904762,7.5120000000000005,9.7,16,20220131
229,D466,Y,Melbourne,Member,Female,Electronic accessories,91.2,6,27.360000000000003,574.4100000000001,2022-02-26,10:52:00,Cash,547.0500000000001,4.761904762,27.360000000000003,5.3,10,20220226
230,D721,X,Geelong,Normal,Female,Home and lifestyle,63.92,8,25.568,536.7280000000001,2022-03-11,12:55:00,Ewallet,511.1600000000001,4.761904762,25.568,7.4,12,20220311
231,D289,Y,Melbourne,Normal,Female,Fashion accessories,81.87,2,8.187000000000001,171.877,2022-01-26,19:28:00,Cash,163.69,4.761904762,8.187000000000001,6.5,19,20220126
232,D545,Y,Melbourne,Member,Female,Electronic accessories,11.09,3,1.6635,34.8585,2022-03-12,13:52:00,Credit card,33.195,4.761904762,1.6635,8.7,13,20220312
233,D418,Y,Melbourne,Normal,Female,Health and beauty,84.59,9,38.06550000000001,799.1505000000001,2022-02-11,10:54:00,Cash,761.085,4.761904762,38.06550000000001,8.0,10,20220211
234,D269,Y,Melbourne,Member,Male,Fashion accessories,74.32,4,14.863999999999999,312.044,2022-02-21,18:31:00,Cash,297.18,4.761904762,14.863999999999999,6.7,18,20220221
235,D157,X,Geelong,Member,Male,Health and beauty,52.44,10,26.22,550.37,2022-03-09,18:24:00,Ewallet,524.15,4.761904762,26.22,6.5,18,20220309
236,D645,X,Geelong,Normal,Female,Sports and travel,93.64,2,9.364,196.594,2022-01-20,18:09:00,Ewallet,187.23,4.761904762,9.364,4.1,18,20220120
237,D211,Z,Ballarat,Normal,Male,Health and beauty,17.91,5,4.4775,93.9025,2022-01-28,15:16:00,Credit card,89.425,4.761904762,4.4775,4.9,15,20220128
238,D755,Z,Ballarat,Member,Female,Fashion accessories,44.72,5,11.180000000000001,234.655,2022-03-05,17:07:00,Credit card,223.475,4.761904762,11.180000000000001,8.6,17,20220305
239,D346,Y,Melbourne,Member,Female,Electronic accessories,13.72,5,3.43,71.90500000000002,2022-03-02,19:26:00,Cash,68.47500000000001,4.761904762,3.43,4.3,19,20220302
240,D478,X,Geelong,Normal,Male,Fashion accessories,90.19,1,4.5095,94.6745,2022-01-11,11:20:00,Ewallet,90.16499999999999,4.761904762,4.5095,4.9,11,20220111
241,D540,X,Geelong,Normal,Male,Food and beverages,25.44,9,11.448000000000002,240.18300000000002,2022-01-11,16:49:00,Credit card,228.735,4.761904762,11.448000000000002,5.6,16,20220111
242,D448,X,Geelong,Normal,Male,Health and beauty,60.27,2,6.027000000000001,126.51700000000001,2022-03-11,12:01:00,Credit card,120.49000000000001,4.761904762,6.027000000000001,5.8,12,20220311
243,D142,Z,Ballarat,Member,Male,Fashion accessories,93.7,2,9.370000000000001,196.72,2022-02-28,18:37:00,Credit card,187.35,4.761904762,9.370000000000001,6.0,18,20220228
244,D217,X,Geelong,Member,Male,Home and lifestyle,63.15,4,12.63,265.13,2022-01-05,11:25:00,Cash,252.5,4.761904762,12.63,4.2,11,20220105
245,D376,Y,Melbourne,Normal,Male,Home and lifestyle,94.37,8,37.748000000000005,792.508,2022-02-02,18:42:00,Credit card,754.76,4.761904762,37.748000000000005,8.3,18,20220202
246,D530,X,Geelong,Member,Male,Home and lifestyle,48.09,8,19.236000000000004,403.75600000000003,2022-01-01,14:47:00,Cash,384.52000000000004,4.761904762,19.236000000000004,5.7,14,20220101
247,D866,Y,Melbourne,Member,Female,Electronic accessories,81.9,3,12.285000000000002,257.91,2022-02-09,19:43:00,Cash,245.62500000000003,4.761904762,12.285000000000002,4.8,19,20220209
248,D604,X,Geelong,Member,Male,Fashion accessories,18.44,5,4.610000000000001,96.685,2022-01-23,14:04:00,Ewallet,92.075,4.761904762,4.610000000000001,6.8,14,20220123
249,D799,X,Geelong,Member,Male,Electronic accessories,78.22,4,15.644,328.424,2022-01-07,16:11:00,Credit card,312.78,4.761904762,15.644,8.8,16,20220107
250,D785,Y,Melbourne,Normal,Male,Food and beverages,73.56,7,25.746000000000002,540.4910000000001,2022-01-14,19:06:00,Credit card,514.7450000000001,4.761904762,25.746000000000002,4.2,19,20220114
251,D845,Y,Melbourne,Member,Male,Food and beverages,47.05,9,21.1725,444.3975,2022-02-02,15:34:00,Ewallet,423.22499999999997,4.761904762,21.1725,6.4,15,20220202
252,D662,Z,Ballarat,Member,Male,Fashion accessories,35.69,10,17.845,374.495,2022-03-17,19:06:00,Credit card,356.65,4.761904762,17.845,8.4,19,20220317
253,D883,Z,Ballarat,Normal,Female,Sports and travel,14.89,2,1.489,31.219,2022-03-02,19:44:00,Credit card,29.73,4.761904762,1.489,7.2,19,20220302
254,D290,X,Geelong,Normal,Male,Home and lifestyle,24.25,4,4.8500000000000005,101.75,2022-03-16,11:22:00,Cash,96.9,4.761904762,4.8500000000000005,5.2,11,20220316
255,D704,X,Geelong,Member,Male,Home and lifestyle,59.4,8,23.76,498.76,2022-01-06,11:23:00,Cash,475.0,4.761904762,23.76,8.9,11,20220106
256,D110,Y,Melbourne,Member,Male,Fashion accessories,33.12,4,6.624,139.004,2022-01-29,14:12:00,Cash,132.38,4.761904762,6.624,9.0,14,20220129
257,D366,X,Geelong,Member,Male,Electronic accessories,66.85,1,3.3425,70.16749999999999,2022-01-31,10:46:00,Credit card,66.82499999999999,4.761904762,3.3425,9.7,10,20220131
258,D729,X,Geelong,Member,Male,Home and lifestyle,26.41,6,7.923,166.233,2022-02-05,10:16:00,Ewallet,158.31,4.761904762,7.923,8.7,10,20220205
259,D151,X,Geelong,Member,Male,Electronic accessories,32.75,4,6.550000000000001,137.45,2022-02-13,12:38:00,Ewallet,130.89999999999998,4.761904762,6.550000000000001,6.5,12,20220213
260,D380,Z,Ballarat,Member,Male,Electronic accessories,66.44,4,13.288,278.948,2022-02-07,13:05:00,Credit card,265.65999999999997,4.761904762,13.288,6.9,13,20220207
261,D850,X,Geelong,Normal,Female,Electronic accessories,75.56,9,34.002,713.817,2022-03-19,13:25:00,Ewallet,679.815,4.761904762,34.002,6.2,13,20220319
262,D821,Z,Ballarat,Normal,Female,Fashion accessories,16.95,4,3.39,71.09,2022-03-07,14:53:00,Ewallet,67.7,4.761904762,3.39,5.6,14,20220307
263,D655,Y,Melbourne,Member,Female,Fashion accessories,38.8,4,7.76,162.85999999999999,2022-03-13,19:22:00,Cash,155.1,4.761904762,7.76,5.7,19,20220313
264,D447,X,Geelong,Member,Female,Sports and travel,22.74,10,11.370000000000001,238.51999999999998,2022-02-09,11:00:00,Cash,227.14999999999998,4.761904762,11.370000000000001,4.2,11,20220209
265,D154,Y,Melbourne,Normal,Male,Sports and travel,54.95,1,2.7475000000000005,57.6725,2022-02-26,19:24:00,Ewallet,54.925,4.761904762,2.7475000000000005,7.9,19,20220226
266,D253,X,Geelong,Member,Female,Sports and travel,98.9,7,34.615,726.74,2022-03-12,12:43:00,Credit card,692.125,4.761904762,34.615,8.7,12,20220312
267,D808,Z,Ballarat,Normal,Male,Home and lifestyle,35.97,4,7.194,150.974,2022-03-14,17:22:00,Credit card,143.78,4.761904762,7.194,6.9,17,20220314
268,D571,Y,Melbourne,Member,Female,Food and beverages,75.1,10,37.55,788.3,2022-01-08,20:55:00,Cash,750.75,4.761904762,37.55,9.5,20,20220108
269,D144,X,Geelong,Member,Male,Home and lifestyle,71.24,4,14.248,299.108,2022-01-05,16:05:00,Credit card,284.86,4.761904762,14.248,4.4,16,20220105
270,D731,X,Geelong,Member,Female,Home and lifestyle,36.04,10,18.02,378.16999999999996,2022-01-04,13:34:00,Ewallet,360.15,4.761904762,18.02,7.0,13,20220104
271,D783,Y,Melbourne,Normal,Female,Sports and travel,67.93,5,16.9825,356.50750000000005,2022-03-06,18:13:00,Ewallet,339.52500000000003,4.761904762,16.9825,6.3,18,20220306
272,D687,Z,Ballarat,Member,Female,Health and beauty,21.62,2,2.1620000000000004,45.352000000000004,2022-01-03,19:17:00,Cash,43.190000000000005,4.761904762,2.1620000000000004,9.7,19,20220103
273,D126,X,Geelong,Member,Female,Home and lifestyle,22.04,9,9.918000000000001,208.053,2022-01-07,11:44:00,Credit card,198.135,4.761904762,9.918000000000001,8.8,11,20220107
274,D633,X,Geelong,Normal,Female,Home and lifestyle,12.53,2,1.2530000000000001,26.262999999999998,2022-01-27,15:51:00,Cash,25.009999999999998,4.761904762,1.2530000000000001,5.1,15,20220127
275,D477,Y,Melbourne,Normal,Female,Health and beauty,100.21,6,30.063000000000002,631.173,2022-02-26,16:52:00,Ewallet,601.11,4.761904762,30.063000000000002,7.9,16,20220226
276,D566,Y,Melbourne,Normal,Male,Fashion accessories,48.47,7,16.9645,356.07949999999994,2022-01-07,20:52:00,Cash,339.11499999999995,4.761904762,16.9645,6.2,20,20220107
277,D526,Z,Ballarat,Member,Female,Home and lifestyle,22.32,10,11.16,234.10999999999999,2022-01-07,17:36:00,Cash,222.95,4.761904762,11.16,7.1,17,20220107
278,D376,Z,Ballarat,Normal,Female,Fashion accessories,95.92,4,19.184,402.764,2022-02-02,13:23:00,Ewallet,383.58,4.761904762,19.184,6.4,13,20220202
279,D537,Z,Ballarat,Member,Male,Fashion accessories,71.49,10,35.745,750.395,2022-03-20,16:28:00,Cash,714.65,4.761904762,35.745,5.7,16,20220320
280,D828,X,Geelong,Member,Male,Sports and travel,44.52,10,22.260000000000005,467.21000000000004,2022-03-20,19:57:00,Credit card,444.95000000000005,4.761904762,22.260000000000005,9.6,19,20220320
281,D136,X,Geelong,Normal,Female,Home and lifestyle,70.46,8,28.183999999999997,591.664,2022-02-15,17:01:00,Credit card,563.48,4.761904762,28.183999999999997,6.4,17,20220215
282,D523,Z,Ballarat,Normal,Male,Home and lifestyle,37.5,1,1.875,39.35,2022-03-06,13:29:00,Credit card,37.475,4.761904762,1.875,7.9,13,20220306
283,D490,X,Geelong,Normal,Female,Sports and travel,15.84,1,0.792,16.607,2022-01-06,11:09:00,Cash,15.815,4.761904762,0.792,6.5,11,20220106
284,D667,X,Geelong,Member,Male,Health and beauty,100.33,6,30.099000000000004,631.929,2022-03-04,15:02:00,Ewallet,601.8299999999999,4.761904762,30.099000000000004,8.5,15,20220304
285,D565,X,Geelong,Member,Female,Health and beauty,48.17,4,9.634,202.214,2022-03-12,14:21:00,Cash,192.57999999999998,4.761904762,9.634,9.1,14,20220312
286,D498,Y,Melbourne,Normal,Male,Health and beauty,67.18,5,16.795,352.57000000000005,2022-02-20,18:01:00,Cash,335.77500000000003,4.761904762,16.795,7.6,18,20220220
287,D593,Z,Ballarat,Member,Male,Home and lifestyle,75.36,1,3.7680000000000002,79.103,2022-03-24,14:49:00,Cash,75.335,4.761904762,3.7680000000000002,6.9,14,20220324
288,D226,Z,Ballarat,Normal,Female,Sports and travel,24.25,9,10.912500000000001,228.9375,2022-01-31,12:02:00,Cash,218.025,4.761904762,10.912500000000001,9.5,12,20220131
289,D283,Y,Melbourne,Normal,Female,Food and beverages,49.01,7,17.1535,360.0485,2022-01-25,13:30:00,Credit card,342.895,4.761904762,17.1535,5.2,13,20220125
290,D430,X,Geelong,Member,Female,Home and lifestyle,95.38,7,33.383,700.8679999999999,2022-02-03,14:38:00,Cash,667.4849999999999,4.761904762,33.383,4.2,14,20220203
291,D139,Y,Melbourne,Member,Male,Electronic accessories,40.8,10,20.4,428.15,2022-01-24,17:37:00,Credit card,407.75,4.761904762,20.4,7.0,17,20220124
292,D558,Z,Ballarat,Normal,Male,Electronic accessories,28.35,7,9.922500000000001,208.19750000000002,2022-03-14,17:20:00,Ewallet,198.275,4.761904762,9.922500000000001,6.0,17,20220314
293,D278,X,Geelong,Member,Female,Electronic accessories,62.98,1,3.149,66.104,2022-02-18,20:29:00,Cash,62.955,4.761904762,3.149,4.7,20,20220218
294,D316,X,Geelong,Member,Female,Food and beverages,36.86,2,3.686,77.356,2022-01-21,10:00:00,Cash,73.66999999999999,4.761904762,3.686,7.1,10,20220121
295,D585,Y,Melbourne,Normal,Male,Health and beauty,18.61,10,9.305,195.155,2022-03-13,11:46:00,Ewallet,185.85,4.761904762,9.305,5.9,11,20220313
296,D211,Z,Ballarat,Member,Female,Electronic accessories,52.42,5,13.105000000000002,275.08000000000004,2022-03-03,13:42:00,Cash,261.975,4.761904762,13.105000000000002,7.5,13,20220303
297,D727,Z,Ballarat,Normal,Male,Electronic accessories,29.34,4,5.868,123.128,2022-03-29,14:44:00,Cash,117.26,4.761904762,5.868,6.4,14,20220329
298,D744,X,Geelong,Member,Male,Home and lifestyle,78.88,6,23.664,496.794,2022-01-10,14:16:00,Ewallet,473.13,4.761904762,23.664,5.8,14,20220110
299,D307,X,Geelong,Member,Male,Home and lifestyle,60.51,4,12.102,254.042,2022-01-25,15:54:00,Cash,241.94,4.761904762,12.102,4.5,15,20220125
300,D779,Z,Ballarat,Member,Female,Home and lifestyle,89.11,1,4.4555,93.5405,2022-01-19,10:21:00,Cash,89.085,4.761904762,4.4555,7.7,10,20220119
301,D446,Z,Ballarat,Normal,Male,Fashion accessories,100.32,2,10.032,210.62199999999999,2022-01-02,18:09:00,Credit card,200.58999999999997,4.761904762,10.032,6.7,18,20220102
302,D573,Y,Melbourne,Member,Male,Health and beauty,39.51,1,1.9755,41.460499999999996,2022-03-12,16:46:00,Credit card,39.485,4.761904762,1.9755,4.7,16,20220312
303,D735,Z,Ballarat,Normal,Male,Food and beverages,49.11,1,2.4555000000000002,51.5405,2022-02-25,15:31:00,Cash,49.085,4.761904762,2.4555000000000002,4.4,15,20220225
304,D439,X,Geelong,Normal,Female,Electronic accessories,51.69,4,10.338000000000001,216.998,2022-03-18,17:15:00,Credit card,206.66,4.761904762,10.338000000000001,4.7,17,20220318
305,D396,Y,Melbourne,Normal,Female,Electronic accessories,15.46,8,6.184000000000001,129.66400000000002,2022-02-23,12:29:00,Cash,123.48000000000002,4.761904762,6.184000000000001,8.6,12,20220223
306,D411,X,Geelong,Member,Male,Electronic accessories,72.7,7,25.445,534.1700000000001,2022-03-26,20:14:00,Ewallet,508.7250000000001,4.761904762,25.445,4.3,20,20220326
307,D286,X,Geelong,Normal,Female,Sports and travel,40.73,7,14.255499999999998,299.19049999999993,2022-03-30,13:22:00,Cash,284.93499999999995,4.761904762,14.255499999999998,9.6,13,20220330
308,D803,X,Geelong,Member,Female,Home and lifestyle,89.29,8,35.716,749.836,2022-02-17,17:09:00,Cash,714.12,4.761904762,35.716,4.1,17,20220217
309,D512,X,Geelong,Member,Female,Electronic accessories,26.98,3,4.047000000000001,84.91199999999999,2022-03-21,10:40:00,Ewallet,80.865,4.761904762,4.047000000000001,4.7,10,20220321
310,D848,X,Geelong,Normal,Female,Fashion accessories,82.41,2,8.241,173.011,2022-03-05,17:43:00,Cash,164.76999999999998,4.761904762,8.241,7.8,17,20220305
311,D532,Y,Melbourne,Member,Male,Sports and travel,80.43,6,24.129000000000005,506.559,2022-01-31,14:04:00,Cash,482.43,4.761904762,24.129000000000005,5.5,14,20220131
312,D181,Z,Ballarat,Member,Male,Fashion accessories,69.83,2,6.9830000000000005,146.593,2022-02-05,19:05:00,Ewallet,139.60999999999999,4.761904762,6.9830000000000005,9.7,19,20220205
313,D870,X,Geelong,Member,Female,Food and beverages,14.73,5,3.6825,77.20750000000001,2022-02-01,10:08:00,Credit card,73.525,4.761904762,3.6825,4.4,10,20220201
314,D423,X,Geelong,Member,Female,Health and beauty,16.05,9,7.222500000000001,151.44750000000002,2022-03-07,13:12:00,Cash,144.22500000000002,4.761904762,7.222500000000001,5.0,13,20220307
315,D227,Z,Ballarat,Member,Female,Electronic accessories,78.63,10,39.315,825.365,2022-02-10,20:51:00,Cash,786.05,4.761904762,39.315,4.4,20,20220210
316,D174,Z,Ballarat,Member,Male,Food and beverages,99.87,2,9.987000000000002,209.67700000000002,2022-02-14,17:29:00,Cash,199.69000000000003,4.761904762,9.987000000000002,5.2,17,20220214
317,D428,Z,Ballarat,Member,Female,Food and beverages,21.58,3,3.237,67.902,2022-02-09,10:25:00,Cash,64.665,4.761904762,3.237,7.3,10,20220209
318,D603,Z,Ballarat,Member,Male,Electronic accessories,75.29,5,18.8225,395.14750000000004,2022-01-10,11:34:00,Cash,376.32500000000005,4.761904762,18.8225,4.9,11,20220110
319,D704,Z,Ballarat,Member,Female,Health and beauty,30.17,7,10.559500000000002,221.5745,2022-03-11,18:58:00,Credit card,211.015,4.761904762,10.559500000000002,8.1,18,20220311
320,D787,Z,Ballarat,Member,Male,Health and beauty,44.57,4,8.914,187.094,2022-02-18,16:28:00,Ewallet,178.18,4.761904762,8.914,8.4,16,20220218
321,D649,Z,Ballarat,Normal,Female,Food and beverages,23.43,9,10.5435,221.1885,2022-02-26,20:26:00,Cash,210.645,4.761904762,10.5435,5.5,20,20220226
322,D622,Z,Ballarat,Normal,Female,Health and beauty,39.92,1,1.9960000000000002,41.891000000000005,2022-01-18,15:08:00,Cash,39.895,4.761904762,1.9960000000000002,8.4,15,20220118
323,D372,X,Geelong,Normal,Male,Health and beauty,15.76,6,4.728,99.138,2022-02-15,18:03:00,Ewallet,94.41000000000001,4.761904762,4.728,9.8,18,20220215
324,D563,X,Geelong,Normal,Female,Fashion accessories,62.27,5,15.5675,326.7925,2022-03-08,13:21:00,Cash,311.225,4.761904762,15.5675,6.7,13,20220308
325,D746,X,Geelong,Normal,Male,Home and lifestyle,22.02,6,6.606,138.576,2022-01-17,12:48:00,Credit card,131.97,4.761904762,6.606,9.4,12,20220117
326,D276,Y,Melbourne,Normal,Male,Sports and travel,98.24,4,19.648,412.508,2022-03-12,19:53:00,Ewallet,392.85999999999996,4.761904762,19.648,6.4,19,20220312
327,D815,X,Geelong,Member,Male,Food and beverages,100.28,5,25.07,526.345,2022-03-09,19:09:00,Cash,501.27500000000003,4.761904762,25.07,5.4,19,20220309
328,D719,Z,Ballarat,Member,Male,Food and beverages,94.76,4,18.952,397.892,2022-03-12,16:30:00,Cash,378.94,4.761904762,18.952,8.6,16,20220312
329,D730,Y,Melbourne,Member,Male,Health and beauty,51.63,4,10.326,216.746,2022-01-25,10:11:00,Credit card,206.42000000000002,4.761904762,10.326,4.0,10,20220125
330,D340,X,Geelong,Member,Male,Electronic accessories,36.86,4,7.372,154.712,2022-03-25,13:07:00,Cash,147.33999999999997,4.761904762,7.372,7.6,13,20220325
331,D868,Y,Melbourne,Normal,Male,Home and lifestyle,22.52,9,10.134,212.589,2022-02-07,18:48:00,Cash,202.45499999999998,4.761904762,10.134,6.8,18,20220207
332,D634,X,Geelong,Normal,Male,Food and beverages,33.4,3,5.01,105.13499999999999,2022-02-17,17:27:00,Credit card,100.12499999999999,4.761904762,5.01,9.1,17,20220217
333,D566,X,Geelong,Normal,Male,Fashion accessories,77.52,5,19.38,406.85499999999996,2022-02-03,15:59:00,Cash,387.47499999999997,4.761904762,19.38,5.5,15,20220203
334,D442,X,Geelong,Member,Male,Food and beverages,23.98,2,2.398,50.308,2022-03-14,11:21:00,Credit card,47.91,4.761904762,2.398,7.9,11,20220314
335,D835,Z,Ballarat,Member,Male,Sports and travel,15.2,5,3.8,79.675,2022-03-24,13:48:00,Ewallet,75.875,4.761904762,3.8,8.5,13,20220324
336,D527,X,Geelong,Member,Female,Electronic accessories,28.95,5,7.2375,151.8625,2022-03-21,10:17:00,Credit card,144.625,4.761904762,7.2375,9.1,10,20220321
337,D898,X,Geelong,Normal,Male,Fashion accessories,76.9,9,34.605000000000004,726.48,2022-03-19,15:49:00,Ewallet,691.875,4.761904762,34.605000000000004,7.5,15,20220319
338,D692,Y,Melbourne,Normal,Female,Sports and travel,58.45,6,17.535000000000004,368.08500000000004,2022-02-24,13:02:00,Cash,350.55,4.761904762,17.535000000000004,5.2,13,20220224
339,D633,Z,Ballarat,Normal,Female,Electronic accessories,48.15,3,7.2225,151.5975,2022-03-28,12:58:00,Credit card,144.375,4.761904762,7.2225,9.5,12,20220328
340,D374,Y,Melbourne,Member,Female,Food and beverages,43.32,9,19.494,409.149,2022-02-05,15:26:00,Credit card,389.655,4.761904762,19.494,8.9,15,20220205
341,D378,Y,Melbourne,Member,Male,Electronic accessories,48.59,3,7.288500000000001,152.98350000000002,2022-02-10,18:23:00,Credit card,145.69500000000002,4.761904762,7.288500000000001,7.8,18,20220210
342,D433,Y,Melbourne,Member,Female,Health and beauty,56.47,7,19.7645,414.87949999999995,2022-03-05,19:06:00,Ewallet,395.11499999999995,4.761904762,19.7645,8.9,19,20220305
343,D873,Y,Melbourne,Member,Female,Health and beauty,77.4,7,27.090000000000003,568.715,2022-02-15,20:21:00,Cash,541.625,4.761904762,27.090000000000003,7.7,20,20220215
344,D416,Z,Ballarat,Normal,Female,Food and beverages,97.53,5,24.3825,511.90749999999997,2022-01-30,16:24:00,Ewallet,487.525,4.761904762,24.3825,9.3,16,20220130
345,D150,X,Geelong,Normal,Male,Sports and travel,45.15,3,6.772499999999999,142.14749999999998,2022-02-14,15:04:00,Cash,135.37499999999997,4.761904762,6.772499999999999,6.2,15,20220214
346,D135,X,Geelong,Normal,Female,Fashion accessories,78.43,9,35.2935,740.9385000000001,2022-02-27,16:10:00,Ewallet,705.6450000000001,4.761904762,35.2935,7.6,16,20220227
347,D441,X,Geelong,Member,Male,Electronic accessories,72.45,1,3.6225000000000005,76.0475,2022-02-04,12:14:00,Cash,72.425,4.761904762,3.6225000000000005,7.3,12,20220204
348,D725,Z,Ballarat,Member,Female,Home and lifestyle,89.75,8,35.9,753.7,2022-01-20,10:13:00,Cash,717.8000000000001,4.761904762,35.9,4.7,10,20220120
349,D531,X,Geelong,Normal,Male,Electronic accessories,26.52,7,9.282,194.74699999999999,2022-03-28,17:38:00,Cash,185.46499999999997,4.761904762,9.282,5.1,17,20220328
350,D400,Y,Melbourne,Normal,Female,Health and beauty,14.0,10,7.000000000000001,146.75,2022-02-27,11:06:00,Credit card,139.75,4.761904762,7.000000000000001,4.8,11,20220227
351,D860,Z,Ballarat,Member,Female,Fashion accessories,99.8,10,49.900000000000006,1047.65,2022-02-15,14:53:00,Credit card,997.7500000000001,4.761904762,49.900000000000006,6.6,14,20220215
352,D834,X,Geelong,Normal,Male,Electronic accessories,52.19,7,18.2665,383.4215,2022-01-26,18:22:00,Cash,365.155,4.761904762,18.2665,5.5,18,20220126
353,D115,Y,Melbourne,Member,Female,Fashion accessories,55.23,7,19.3305,405.7655,2022-03-14,19:02:00,Credit card,386.43499999999995,4.761904762,19.3305,8.5,19,20220314
354,D565,Y,Melbourne,Member,Male,Home and lifestyle,27.5,9,12.375,259.65,2022-03-02,14:16:00,Cash,247.27499999999998,4.761904762,12.375,4.8,14,20220302
355,D320,Z,Ballarat,Normal,Female,Electronic accessories,30.74,1,1.537,32.251999999999995,2022-03-04,15:44:00,Cash,30.714999999999996,4.761904762,1.537,8.4,15,20220304
356,D889,Y,Melbourne,Member,Female,Food and beverages,89.64,4,17.928,376.388,2022-01-07,12:20:00,Credit card,358.46,4.761904762,17.928,7.8,12,20220107
357,D632,Z,Ballarat,Normal,Female,Fashion accessories,38.05,10,19.025,399.275,2022-03-08,20:01:00,Credit card,380.25,4.761904762,19.025,9.3,20,20220308
358,D554,Z,Ballarat,Normal,Female,Sports and travel,95.94,10,47.970000000000006,1007.12,2022-01-09,13:45:00,Cash,959.15,4.761904762,47.970000000000006,5.2,13,20220109
359,D453,Y,Melbourne,Normal,Male,Electronic accessories,28.0,3,4.2,88.125,2022-03-01,15:40:00,Ewallet,83.925,4.761904762,4.2,6.5,15,20220301
360,D578,Y,Melbourne,Normal,Male,Sports and travel,75.47,1,3.7735000000000003,79.2185,2022-03-16,16:58:00,Cash,75.44500000000001,4.761904762,3.7735000000000003,5.6,16,20220316
361,D612,X,Geelong,Member,Male,Food and beverages,81.46,8,32.583999999999996,684.064,2022-02-17,11:12:00,Credit card,651.48,4.761904762,32.583999999999996,7.4,11,20220217
362,D605,Z,Ballarat,Normal,Female,Food and beverages,94.97,8,37.988,797.548,2022-02-27,15:12:00,Cash,759.56,4.761904762,37.988,9.1,15,20220227
363,D471,Z,Ballarat,Normal,Male,Food and beverages,100.29,2,10.029000000000002,210.55900000000003,2022-03-07,20:37:00,Ewallet,200.53000000000003,4.761904762,10.029000000000002,8.0,20,20220307
364,D462,X,Geelong,Normal,Male,Home and lifestyle,73.72,6,22.116,464.286,2022-01-21,17:44:00,Cash,442.17,4.761904762,22.116,7.2,17,20220121
365,D272,Z,Ballarat,Normal,Female,Food and beverages,41.74,4,8.348,175.208,2022-02-19,16:23:00,Cash,166.85999999999999,4.761904762,8.348,7.1,16,20220219
366,D834,Z,Ballarat,Normal,Female,Fashion accessories,82.18,4,16.436000000000003,345.05600000000004,2022-01-06,12:12:00,Cash,328.62000000000006,4.761904762,16.436000000000003,9.1,12,20220106
367,D122,Z,Ballarat,Normal,Female,Electronic accessories,51.82,9,23.319000000000003,489.474,2022-03-14,19:33:00,Cash,466.155,4.761904762,23.319000000000003,5.6,19,20220314
368,D468,X,Geelong,Member,Male,Home and lifestyle,66.44,4,13.288,278.948,2022-03-24,10:29:00,Cash,265.65999999999997,4.761904762,13.288,6.0,10,20220324
369,D613,Z,Ballarat,Normal,Female,Sports and travel,14.86,10,7.43,155.78,2022-01-27,14:28:00,Cash,148.35,4.761904762,7.43,5.4,14,20220127
370,D254,X,Geelong,Member,Male,Electronic accessories,22.0,9,9.9,207.675,2022-03-06,12:46:00,Credit card,197.775,4.761904762,9.9,7.8,12,20220306
371,D201,Y,Melbourne,Member,Female,Electronic accessories,26.76,7,9.366,196.51100000000002,2022-02-02,19:40:00,Cash,187.14500000000004,4.761904762,9.366,9.9,19,20220202
372,D261,Y,Melbourne,Normal,Female,Fashion accessories,61.46,2,6.146000000000001,129.016,2022-01-25,19:39:00,Credit card,122.86999999999999,4.761904762,6.146000000000001,4.9,19,20220125
373,D730,Z,Ballarat,Normal,Female,Home and lifestyle,70.61,6,21.183,444.693,2022-03-14,17:54:00,Ewallet,423.51,4.761904762,21.183,5.2,17,20220314
374,D382,Z,Ballarat,Normal,Male,Fashion accessories,42.58,6,12.774000000000001,268.104,2022-01-29,12:25:00,Cash,255.32999999999998,4.761904762,12.774000000000001,8.9,12,20220129
375,D422,X,Geelong,Normal,Female,Home and lifestyle,67.59,5,16.8975,354.7225,2022-01-03,16:47:00,Credit card,337.82500000000005,4.761904762,16.8975,9.1,16,20220103
376,D667,X,Geelong,Member,Female,Fashion accessories,97.2,5,24.3,510.175,2022-01-14,12:52:00,Ewallet,485.875,4.761904762,24.3,7.0,12,20220114
377,D843,Y,Melbourne,Member,Female,Home and lifestyle,35.88,9,16.146,338.841,2022-01-05,19:50:00,Credit card,322.695,4.761904762,16.146,9.6,19,20220105
378,D743,Z,Ballarat,Normal,Male,Sports and travel,95.99,7,33.5965,705.3515,2022-02-22,18:17:00,Ewallet,671.755,4.761904762,33.5965,8.7,18,20220222
379,D595,Z,Ballarat,Member,Male,Fashion accessories,97.48,4,19.496000000000002,409.31600000000003,2022-02-06,17:20:00,Ewallet,389.82000000000005,4.761904762,19.496000000000002,9.4,17,20220206
380,D182,Y,Melbourne,Normal,Female,Electronic accessories,24.15,4,4.83,101.33,2022-01-30,13:32:00,Credit card,96.5,4.761904762,4.83,4.0,13,20220130
381,D289,X,Geelong,Member,Male,Sports and travel,82.83,4,16.566,347.786,2022-01-11,10:37:00,Credit card,331.22,4.761904762,16.566,7.5,10,20220111
382,D462,Z,Ballarat,Normal,Female,Electronic accessories,27.11,2,2.7110000000000003,56.881,2022-03-19,14:35:00,Cash,54.17,4.761904762,2.7110000000000003,4.2,14,20220319
383,D868,Y,Melbourne,Normal,Female,Food and beverages,100.19,5,25.0475,525.8725,2022-01-14,12:09:00,Cash,500.82499999999993,4.761904762,25.0475,9.9,12,20220114
384,D153,Z,Ballarat,Member,Female,Food and beverages,75.39,4,15.078000000000001,316.538,2022-03-01,15:32:00,Ewallet,301.46000000000004,4.761904762,15.078000000000001,4.2,15,20220301
385,D662,X,Geelong,Normal,Female,Food and beverages,41.44,5,10.36,217.435,2022-01-06,13:58:00,Ewallet,207.075,4.761904762,10.36,9.9,13,20220106
386,D525,Y,Melbourne,Member,Male,Sports and travel,76.32,1,3.816,80.11099999999999,2022-01-31,13:19:00,Cash,76.29499999999999,4.761904762,3.816,5.8,13,20220131
387,D689,Z,Ballarat,Normal,Male,Food and beverages,47.27,6,14.181000000000001,297.651,2022-03-11,13:37:00,Cash,283.47,4.761904762,14.181000000000001,6.0,13,20220311
388,D725,X,Geelong,Normal,Female,Health and beauty,32.82,10,16.41,344.36,2022-02-20,16:49:00,Credit card,327.95,4.761904762,16.41,10.0,16,20220220
389,D394,Z,Ballarat,Member,Female,Fashion accessories,54.57,9,24.556500000000003,515.4615,2022-01-27,14:55:00,Ewallet,490.905,4.761904762,24.556500000000003,9.5,14,20220127
390,D596,Y,Melbourne,Normal,Male,Food and beverages,18.72,7,6.552,137.417,2022-03-10,14:04:00,Credit card,130.865,4.761904762,6.552,6.6,14,20220310
391,D541,Z,Ballarat,Member,Female,Fashion accessories,80.98,3,12.147000000000002,255.012,2022-02-15,12:31:00,Cash,242.865,4.761904762,12.147000000000002,8.1,12,20220215
392,D173,Y,Melbourne,Normal,Female,Fashion accessories,38.45,10,19.225,403.475,2022-01-26,14:51:00,Cash,384.25,4.761904762,19.225,9.7,14,20220126
393,D563,X,Geelong,Member,Male,Electronic accessories,77.32,1,3.8659999999999997,81.16099999999999,2022-02-13,18:27:00,Ewallet,77.29499999999999,4.761904762,3.8659999999999997,7.2,18,20220213
394,D308,X,Geelong,Member,Female,Sports and travel,52.76,10,26.38,553.73,2022-03-09,12:45:00,Credit card,527.35,4.761904762,26.38,6.2,12,20220309
395,D885,X,Geelong,Normal,Female,Health and beauty,80.24,1,4.012,84.22699999999999,2022-03-06,10:36:00,Ewallet,80.21499999999999,4.761904762,4.012,7.3,10,20220306
396,D726,X,Geelong,Normal,Female,Health and beauty,78.0,5,19.5,409.375,2022-01-24,20:36:00,Ewallet,389.875,4.761904762,19.5,4.3,20,20220124
397,D316,X,Geelong,Normal,Female,Food and beverages,54.77,5,13.6925,287.4175,2022-03-13,14:16:00,Ewallet,273.725,4.761904762,13.6925,4.6,14,20220313
398,D760,Y,Melbourne,Normal,Male,Home and lifestyle,14.09,9,6.3405000000000005,132.9255,2022-03-15,10:26:00,Cash,126.585,4.761904762,6.3405000000000005,5.8,10,20220315
399,D793,Y,Melbourne,Member,Female,Health and beauty,41.56,6,12.468000000000002,261.678,2022-03-05,13:30:00,Credit card,249.21,4.761904762,12.468000000000002,8.3,13,20220305
400,D346,Y,Melbourne,Member,Male,Electronic accessories,19.74,9,8.883,186.31799999999998,2022-03-04,16:28:00,Cash,177.43499999999997,4.761904762,8.883,8.0,16,20220304
401,D110,Z,Ballarat,Normal,Female,Food and beverages,39.93,6,11.979000000000001,251.409,2022-03-25,20:18:00,Credit card,239.42999999999998,4.761904762,11.979000000000001,9.4,20,20220325
402,D651,Z,Ballarat,Normal,Male,Home and lifestyle,46.72,4,9.344,196.124,2022-03-12,20:04:00,Credit card,186.78,4.761904762,9.344,6.2,20,20220312
403,D236,Z,Ballarat,Member,Male,Home and lifestyle,14.48,1,0.7240000000000001,15.179,2022-02-04,13:38:00,Ewallet,14.455,4.761904762,0.7240000000000001,9.8,13,20220204
404,D831,Y,Melbourne,Normal,Female,Fashion accessories,40.25,5,10.0625,211.1875,2022-02-22,10:43:00,Ewallet,201.125,4.761904762,10.0625,9.6,10,20220222
405,D587,Z,Ballarat,Member,Female,Fashion accessories,98.29,7,34.4015,722.2565000000001,2022-02-16,17:30:00,Ewallet,687.855,4.761904762,34.4015,4.9,17,20220216
406,D882,X,Geelong,Member,Male,Sports and travel,67.76,4,13.552000000000001,284.492,2022-01-19,15:28:00,Credit card,270.94,4.761904762,13.552000000000001,8.0,15,20220119
407,D732,X,Geelong,Normal,Male,Food and beverages,14.29,5,3.5725000000000002,74.8975,2022-01-11,19:07:00,Credit card,71.32499999999999,4.761904762,3.5725000000000002,7.8,19,20220111
408,D725,Y,Melbourne,Member,Female,Fashion accessories,69.21,4,13.841999999999999,290.582,2022-01-04,19:01:00,Cash,276.74,4.761904762,13.841999999999999,4.1,19,20220104
409,D256,X,Geelong,Normal,Female,Home and lifestyle,57.03,4,11.406,239.42600000000002,2022-03-04,19:48:00,Ewallet,228.02,4.761904762,11.406,5.5,19,20220304
410,D372,Z,Ballarat,Normal,Female,Fashion accessories,24.32,5,6.080000000000001,127.55499999999999,2022-01-28,19:24:00,Ewallet,121.475,4.761904762,6.080000000000001,5.4,19,20220128
411,D244,Y,Melbourne,Normal,Female,Health and beauty,34.71,10,17.355,364.20500000000004,2022-01-02,13:00:00,Cash,346.85,4.761904762,17.355,5.1,13,20220102
412,D569,Y,Melbourne,Normal,Male,Sports and travel,22.37,2,2.237,46.927,2022-01-25,14:29:00,Ewallet,44.69,4.761904762,2.237,6.9,14,20220125
413,D132,X,Geelong,Member,Male,Health and beauty,21.47,5,5.3675,112.5925,2022-01-04,13:21:00,Cash,107.225,4.761904762,5.3675,7.8,13,20220104
414,D696,X,Geelong,Normal,Male,Sports and travel,26.34,3,3.9510000000000005,82.896,2022-03-10,18:55:00,Ewallet,78.945,4.761904762,3.9510000000000005,6.6,18,20220310
415,D472,X,Geelong,Normal,Male,Home and lifestyle,51.43,8,20.572000000000003,431.812,2022-03-22,19:36:00,Ewallet,411.24,4.761904762,20.572000000000003,9.2,19,20220322
416,D268,Y,Melbourne,Normal,Male,Health and beauty,96.61,1,4.830500000000001,101.4155,2022-01-25,16:28:00,Ewallet,96.585,4.761904762,4.830500000000001,7.8,16,20220125
417,D750,Z,Ballarat,Normal,Female,Home and lifestyle,45.88,4,9.176,192.596,2022-01-08,13:48:00,Credit card,183.42000000000002,4.761904762,9.176,8.7,13,20220108
418,D186,Z,Ballarat,Member,Female,Health and beauty,82.01,1,4.1005,86.08550000000001,2022-01-22,10:57:00,Ewallet,81.98500000000001,4.761904762,4.1005,9.2,10,20220122
419,D848,Y,Melbourne,Normal,Female,Health and beauty,57.72,2,5.772,121.16199999999999,2022-01-12,17:13:00,Ewallet,115.38999999999999,4.761904762,5.772,8.3,17,20220112
420,D745,X,Geelong,Member,Female,Electronic accessories,25.72,7,9.002,188.867,2022-02-04,10:23:00,Cash,179.86499999999998,4.761904762,9.002,8.2,10,20220204
421,D266,Z,Ballarat,Member,Female,Food and beverages,39.1,3,5.865,123.09000000000002,2022-03-28,13:57:00,Ewallet,117.22500000000002,4.761904762,5.865,7.5,13,20220328
422,D740,Z,Ballarat,Normal,Female,Electronic accessories,84.55,3,12.682500000000001,266.2575,2022-01-23,13:29:00,Cash,253.575,4.761904762,12.682500000000001,9.8,13,20220123
423,D271,Z,Ballarat,Member,Female,Fashion accessories,97.71,10,48.855000000000004,1025.705,2022-02-08,13:00:00,Credit card,976.8499999999999,4.761904762,48.855000000000004,8.7,13,20220208
424,D301,Y,Melbourne,Member,Male,Fashion accessories,25.92,8,10.368000000000002,217.52800000000002,2022-03-19,19:42:00,Credit card,207.16000000000003,4.761904762,10.368000000000002,6.7,19,20220319
425,D489,Z,Ballarat,Normal,Male,Fashion accessories,16.78,1,0.8390000000000001,17.594,2022-03-09,15:36:00,Cash,16.755000000000003,4.761904762,0.8390000000000001,5.0,15,20220309
426,D198,Y,Melbourne,Member,Male,Fashion accessories,41.11,9,18.499499999999998,388.2645,2022-01-02,13:40:00,Cash,369.765,4.761904762,18.499499999999998,7.0,13,20220102
427,D269,X,Geelong,Member,Male,Health and beauty,53.67,7,18.7845,394.2995,2022-01-21,18:01:00,Cash,375.51500000000004,4.761904762,18.7845,8.9,18,20220121
428,D650,Y,Melbourne,Member,Female,Food and beverages,21.37,3,3.2055,67.2405,2022-03-20,13:53:00,Credit card,64.035,4.761904762,3.2055,8.0,13,20220320
429,D741,Y,Melbourne,Normal,Male,Sports and travel,67.77,5,16.9425,355.66749999999996,2022-02-27,17:27:00,Cash,338.72499999999997,4.761904762,16.9425,6.9,17,20220227
430,D325,X,Geelong,Member,Female,Home and lifestyle,91.15,10,45.575,956.825,2022-03-08,10:53:00,Ewallet,911.25,4.761904762,45.575,7.3,10,20220308
431,D286,Y,Melbourne,Normal,Male,Fashion accessories,69.58,2,6.958,146.06799999999998,2022-01-31,19:48:00,Credit card,139.10999999999999,4.761904762,6.958,6.9,19,20220131
432,D574,Z,Ballarat,Normal,Male,Food and beverages,43.77,2,4.377000000000001,91.867,2022-03-08,16:53:00,Ewallet,87.49000000000001,4.761904762,4.377000000000001,5.7,16,20220308
433,D459,X,Geelong,Normal,Female,Electronic accessories,23.96,6,7.188000000000001,150.798,2022-01-13,19:14:00,Ewallet,143.61,4.761904762,7.188000000000001,6.4,19,20220113
434,D616,Y,Melbourne,Normal,Male,Fashion accessories,96.04,7,33.614000000000004,705.719,2022-03-09,14:36:00,Credit card,672.105,4.761904762,33.614000000000004,9.6,14,20220309
435,D837,Y,Melbourne,Normal,Female,Fashion accessories,47.94,1,2.397,50.312,2022-02-22,18:19:00,Credit card,47.915,4.761904762,2.397,6.8,18,20220222
436,D751,Z,Ballarat,Normal,Male,Sports and travel,99.74,9,44.883,942.318,2022-03-19,19:09:00,Ewallet,897.435,4.761904762,44.883,9.0,19,20220319
437,D257,Z,Ballarat,Member,Male,Sports and travel,83.43,4,16.686000000000003,350.30600000000004,2022-01-20,16:51:00,Ewallet,333.62000000000006,4.761904762,16.686000000000003,9.6,16,20220120
438,D345,X,Geelong,Normal,Male,Home and lifestyle,34.49,6,10.347000000000001,217.137,2022-03-08,15:37:00,Credit card,206.79,4.761904762,10.347000000000001,7.7,15,20220308
439,D549,Z,Ballarat,Member,Male,Food and beverages,17.54,4,3.508,73.568,2022-03-08,20:15:00,Ewallet,70.06,4.761904762,3.508,7.0,20,20220308
440,D810,Z,Ballarat,Normal,Female,Electronic accessories,41.36,8,16.544,347.224,2022-02-07,14:38:00,Credit card,330.68,4.761904762,16.544,6.5,14,20220207
441,D450,Z,Ballarat,Member,Male,Food and beverages,17.94,5,4.485,94.06,2022-01-15,19:25:00,Cash,89.575,4.761904762,4.485,8.1,19,20220115
442,D394,Y,Melbourne,Member,Female,Sports and travel,88.93,8,35.572,746.812,2022-03-22,19:35:00,Credit card,711.24,4.761904762,35.572,4.3,19,20220322
443,D138,X,Geelong,Member,Female,Home and lifestyle,89.71,9,40.3695,847.5345,2022-01-15,15:42:00,Credit card,807.165,4.761904762,40.3695,6.5,15,20220115
444,D192,Z,Ballarat,Normal,Male,Fashion accessories,13.28,1,0.664,13.918999999999999,2022-01-08,14:11:00,Ewallet,13.254999999999999,4.761904762,0.664,9.5,14,20220108
445,D301,X,Geelong,Normal,Female,Sports and travel,19.6,7,6.86,143.88500000000002,2022-01-15,10:43:00,Cash,137.025,4.761904762,6.86,9.7,10,20220115
446,D390,Y,Melbourne,Member,Female,Health and beauty,19.65,1,0.9824999999999999,20.607499999999998,2022-01-28,17:58:00,Credit card,19.625,4.761904762,0.9824999999999999,9.5,17,20220128
447,D235,Z,Ballarat,Member,Male,Food and beverages,28.16,10,14.080000000000002,295.43,2022-02-14,11:26:00,Credit card,281.35,4.761904762,14.080000000000002,8.9,11,20220214
448,D453,Z,Ballarat,Normal,Male,Fashion accessories,46.24,3,6.936000000000001,145.581,2022-03-10,17:38:00,Credit card,138.64499999999998,4.761904762,6.936000000000001,6.5,17,20220310
449,D296,Y,Melbourne,Member,Female,Health and beauty,27.57,1,1.3785,28.9235,2022-01-12,20:07:00,Credit card,27.545,4.761904762,1.3785,5.3,20,20220112
450,D449,Y,Melbourne,Member,Female,Sports and travel,39.62,1,1.9809999999999999,41.576,2022-03-26,11:02:00,Credit card,39.595,4.761904762,1.9809999999999999,9.6,11,20220326
451,D891,Y,Melbourne,Normal,Female,Electronic accessories,75.21,6,22.563,473.673,2022-01-01,19:07:00,Cash,451.11,4.761904762,22.563,6.7,19,20220101
452,D744,Y,Melbourne,Normal,Male,Electronic accessories,22.51,6,6.753000000000001,141.663,2022-01-02,18:50:00,Cash,134.91,4.761904762,6.753000000000001,7.6,18,20220102
453,D727,X,Geelong,Normal,Female,Food and beverages,64.11,5,16.0275,336.4525,2022-03-16,12:43:00,Ewallet,320.425,4.761904762,16.0275,4.8,12,20220316
454,D568,X,Geelong,Normal,Male,Health and beauty,25.5,1,1.2750000000000001,26.75,2022-03-03,15:09:00,Ewallet,25.475,4.761904762,1.2750000000000001,5.5,15,20220303
455,D187,X,Geelong,Member,Male,Electronic accessories,21.27,4,4.2540000000000004,89.234,2022-01-31,13:47:00,Cash,84.97999999999999,4.761904762,4.2540000000000004,4.7,13,20220131
456,D767,Y,Melbourne,Member,Female,Fashion accessories,30.06,5,7.515000000000001,157.68999999999997,2022-02-13,16:59:00,Cash,150.17499999999995,4.761904762,7.515000000000001,6.9,16,20220213
457,D710,Y,Melbourne,Member,Female,Food and beverages,77.9,9,35.05500000000001,735.9300000000001,2022-02-15,14:15:00,Credit card,700.875,4.761904762,35.05500000000001,4.5,14,20220215
458,D533,Y,Melbourne,Normal,Male,Electronic accessories,79.89,10,39.94500000000001,838.595,2022-02-07,20:24:00,Cash,798.65,4.761904762,39.94500000000001,6.2,20,20220207
459,D325,Z,Ballarat,Member,Female,Electronic accessories,47.07,10,23.535,493.985,2022-01-27,13:58:00,Cash,470.45,4.761904762,23.535,7.6,13,20220127
460,D729,Z,Ballarat,Normal,Male,Food and beverages,36.39,1,1.8195000000000001,38.1845,2022-02-23,16:52:00,Credit card,36.365,4.761904762,1.8195000000000001,7.9,16,20220223
461,D639,Z,Ballarat,Normal,Male,Food and beverages,41.02,5,10.255,215.23000000000002,2022-02-03,15:19:00,Cash,204.97500000000002,4.761904762,10.255,4.5,15,20220203
462,D234,Y,Melbourne,Member,Female,Food and beverages,73.55,10,36.775000000000006,772.025,2022-03-03,12:25:00,Credit card,735.25,4.761904762,36.775000000000006,8.7,12,20220303
463,D326,Z,Ballarat,Normal,Female,Sports and travel,74.45,4,14.89,312.59000000000003,2022-02-03,10:02:00,Cash,297.70000000000005,4.761904762,14.89,6.1,10,20220203
464,D320,Z,Ballarat,Member,Female,Food and beverages,23.12,1,1.1560000000000001,24.251,2022-03-17,18:58:00,Cash,23.095000000000002,4.761904762,1.1560000000000001,6.4,18,20220317
465,D470,X,Geelong,Member,Male,Food and beverages,51.84,5,12.960000000000003,272.035,2022-03-28,15:31:00,Credit card,259.07500000000005,4.761904762,12.960000000000003,9.1,15,20220328
466,D878,Z,Ballarat,Member,Female,Sports and travel,55.05,10,27.525,577.775,2022-03-02,11:22:00,Credit card,550.25,4.761904762,27.525,7.1,11,20220302
467,D440,Z,Ballarat,Member,Female,Health and beauty,37.65,7,13.1775,276.5525,2022-02-08,13:12:00,Credit card,263.375,4.761904762,13.1775,7.7,13,20220208
468,D554,Y,Melbourne,Normal,Male,Sports and travel,37.52,6,11.256000000000002,236.226,2022-03-22,18:33:00,Cash,224.97,4.761904762,11.256000000000002,4.5,18,20220322
469,D746,Z,Ballarat,Normal,Male,Food and beverages,22.08,1,1.1039999999999999,23.159,2022-02-09,10:02:00,Ewallet,22.055,4.761904762,1.1039999999999999,7.2,10,20220209
470,D233,Z,Ballarat,Member,Female,Electronic accessories,99.34,1,4.9670000000000005,104.28200000000001,2022-02-15,11:21:00,Cash,99.31500000000001,4.761904762,4.9670000000000005,8.4,11,20220215
471,D767,Z,Ballarat,Member,Female,Home and lifestyle,84.27,6,25.281,530.751,2022-01-23,12:10:00,Ewallet,505.46999999999997,4.761904762,25.281,5.4,12,20220123
472,D340,X,Geelong,Member,Female,Sports and travel,40.55,4,8.11,170.20999999999998,2022-01-25,11:40:00,Cash,162.09999999999997,4.761904762,8.11,9.7,11,20220125
473,D405,X,Geelong,Member,Male,Fashion accessories,43.63,10,21.815,457.865,2022-02-02,18:31:00,Credit card,436.05,4.761904762,21.815,5.5,18,20220202
474,D731,Y,Melbourne,Member,Male,Health and beauty,73.07,8,29.227999999999998,613.588,2022-03-30,17:58:00,Cash,584.36,4.761904762,29.227999999999998,4.6,17,20220330
475,D676,X,Geelong,Member,Female,Electronic accessories,64.94,5,16.235,340.81,2022-03-30,17:04:00,Cash,324.575,4.761904762,16.235,6.6,17,20220330
476,D502,X,Geelong,Normal,Male,Health and beauty,65.68,3,9.852000000000002,206.817,2022-02-25,20:35:00,Credit card,196.965,4.761904762,9.852000000000002,6.3,20,20220225
477,D485,X,Geelong,Normal,Female,Sports and travel,33.76,5,8.44,177.11499999999998,2022-03-18,16:10:00,Credit card,168.67499999999998,4.761904762,8.44,4.2,16,20220318
478,D598,Z,Ballarat,Normal,Male,Electronic accessories,84.57,4,16.913999999999998,355.094,2022-03-07,16:54:00,Ewallet,338.18,4.761904762,16.913999999999998,4.4,16,20220307
479,D701,Y,Melbourne,Normal,Male,Sports and travel,34.87,10,17.435000000000002,365.885,2022-03-16,10:11:00,Ewallet,348.45,4.761904762,17.435000000000002,6.7,10,20220316
480,D575,X,Geelong,Normal,Male,Electronic accessories,39.1,1,1.955,41.03,2022-01-29,11:26:00,Ewallet,39.075,4.761904762,1.955,6.7,11,20220129
481,D541,Z,Ballarat,Normal,Male,Food and beverages,66.47,8,26.588,558.148,2022-02-02,20:29:00,Cash,531.5600000000001,4.761904762,26.588,8.4,20,20220202
482,D246,Z,Ballarat,Normal,Female,Electronic accessories,33.3,10,16.65,349.4,2022-02-15,12:12:00,Cash,332.75,4.761904762,16.65,6.2,12,20220215
483,D674,X,Geelong,Normal,Male,Sports and travel,37.64,5,9.41,197.48499999999999,2022-01-08,13:05:00,Ewallet,188.075,4.761904762,9.41,5.0,13,20220108
484,D305,Y,Melbourne,Member,Male,Home and lifestyle,60.88,10,30.440000000000005,638.9900000000001,2022-02-12,16:19:00,Cash,608.5500000000001,4.761904762,30.440000000000005,6.0,16,20220212
485,D493,Z,Ballarat,Member,Female,Sports and travel,37.48,10,18.74,393.28999999999996,2022-01-01,19:48:00,Credit card,374.54999999999995,4.761904762,18.74,7.0,19,20220101
486,D438,Y,Melbourne,Member,Female,Sports and travel,49.99,4,9.998000000000001,209.858,2022-03-21,15:25:00,Ewallet,199.86,4.761904762,9.998000000000001,6.6,15,20220321
487,D709,Y,Melbourne,Normal,Female,Fashion accessories,41.59,10,20.795,436.44500000000005,2022-02-28,14:42:00,Cash,415.65000000000003,4.761904762,20.795,7.3,14,20220228
488,D795,X,Geelong,Normal,Male,Fashion accessories,37.65,4,7.53,158.03,2022-03-23,18:59:00,Ewallet,150.5,4.761904762,7.53,8.3,18,20220323
489,D556,Z,Ballarat,Normal,Male,Home and lifestyle,23.46,1,1.173,24.608,2022-01-30,20:47:00,Cash,23.435000000000002,4.761904762,1.173,4.3,20,20220130
490,D627,Y,Melbourne,Member,Female,Home and lifestyle,78.18,9,35.181000000000004,738.5760000000001,2022-02-04,13:21:00,Ewallet,703.3950000000001,4.761904762,35.181000000000004,9.8,13,20220204
491,D686,Y,Melbourne,Normal,Female,Fashion accessories,35.2,2,3.5200000000000005,73.87,2022-03-13,19:48:00,Ewallet,70.35000000000001,4.761904762,3.5200000000000005,8.2,19,20220313
492,D510,X,Geelong,Member,Female,Fashion accessories,20.16,10,10.08,211.43,2022-03-15,18:20:00,Credit card,201.35,4.761904762,10.08,7.2,18,20220315
493,D608,Y,Melbourne,Member,Female,Health and beauty,25.82,8,10.328000000000001,216.688,2022-03-05,20:24:00,Ewallet,206.35999999999999,4.761904762,10.328000000000001,8.7,20,20220305
494,D148,Z,Ballarat,Member,Female,Home and lifestyle,12.62,10,6.3100000000000005,132.26,2022-03-05,13:44:00,Credit card,125.94999999999999,4.761904762,6.3100000000000005,8.4,13,20220305
495,D437,Y,Melbourne,Normal,Male,Fashion accessories,100.39,2,10.039000000000001,210.769,2022-02-26,11:48:00,Ewallet,200.73000000000002,4.761904762,10.039000000000001,7.1,11,20220226
496,D632,Y,Melbourne,Normal,Male,Sports and travel,76.42,8,30.568,641.7280000000001,2022-03-20,14:14:00,Cash,611.1600000000001,4.761904762,30.568,5.5,14,20220320
497,D556,Z,Ballarat,Normal,Female,Electronic accessories,63.72,2,6.372,133.762,2022-01-01,15:51:00,Cash,127.39,4.761904762,6.372,8.5,15,20220101
498,D862,Z,Ballarat,Normal,Female,Food and beverages,90.74,6,27.222,571.512,2022-01-27,11:17:00,Cash,544.29,4.761904762,27.222,6.2,11,20220127
499,D401,Y,Melbourne,Member,Female,Sports and travel,98.63,1,4.9315,103.53649999999999,2022-01-21,17:36:00,Cash,98.60499999999999,4.761904762,4.9315,8.9,17,20220121
500,D420,X,Geelong,Member,Female,Sports and travel,52.02,8,20.808000000000003,436.76800000000003,2022-02-02,15:47:00,Cash,415.96000000000004,4.761904762,20.808000000000003,9.6,15,20220202
501,D277,Y,Melbourne,Member,Male,Sports and travel,74.47,1,3.7235,78.1685,2022-02-03,15:53:00,Credit card,74.445,4.761904762,3.7235,5.4,15,20220203
502,D573,Z,Ballarat,Member,Female,Fashion accessories,32.4,1,1.62,33.995,2022-01-05,12:40:00,Ewallet,32.375,4.761904762,1.62,9.1,12,20220105
503,D620,Z,Ballarat,Normal,Male,Home and lifestyle,69.9,2,6.990000000000001,146.74,2022-01-27,19:48:00,Ewallet,139.75,4.761904762,6.990000000000001,9.0,19,20220127
504,D282,Y,Melbourne,Normal,Female,Sports and travel,93.81,2,9.381,196.951,2022-03-25,17:53:00,Cash,187.57,4.761904762,9.381,6.3,17,20220325
505,D511,Y,Melbourne,Normal,Male,Sports and travel,88.95,1,4.447500000000001,93.3725,2022-02-25,16:36:00,Credit card,88.925,4.761904762,4.447500000000001,9.5,16,20220225
506,D726,X,Geelong,Member,Male,Electronic accessories,24.68,8,9.872,207.112,2022-01-28,20:54:00,Ewallet,197.24,4.761904762,9.872,9.8,20,20220128
507,D387,Y,Melbourne,Member,Female,Sports and travel,49.0,3,7.3500000000000005,154.275,2022-01-08,12:50:00,Cash,146.925,4.761904762,7.3500000000000005,6.7,12,20220108
508,D862,Y,Melbourne,Normal,Female,Food and beverages,84.55,6,25.365000000000002,532.515,2022-01-29,10:48:00,Credit card,507.15,4.761904762,25.365000000000002,7.7,10,20220129
509,D291,Y,Melbourne,Member,Male,Health and beauty,61.79,5,15.447500000000002,324.2725,2022-03-29,14:28:00,Cash,308.825,4.761904762,15.447500000000002,7.0,14,20220329
510,D602,Z,Ballarat,Member,Female,Home and lifestyle,16.45,6,4.9350000000000005,103.48499999999999,2022-02-09,17:15:00,Credit card,98.54999999999998,4.761904762,4.9350000000000005,5.1,17,20220209
511,D347,Y,Melbourne,Member,Female,Sports and travel,91.24,7,31.934,670.439,2022-01-16,18:03:00,Credit card,638.505,4.761904762,31.934,6.2,18,20220116
512,D209,X,Geelong,Normal,Female,Home and lifestyle,43.41,5,10.852500000000001,227.77749999999997,2022-01-05,17:29:00,Ewallet,216.92499999999998,4.761904762,10.852500000000001,6.1,17,20220105
513,D595,X,Geelong,Normal,Female,Fashion accessories,54.78,7,19.173000000000002,402.458,2022-01-27,18:05:00,Ewallet,383.285,4.761904762,19.173000000000002,9.3,18,20220127
514,D189,X,Geelong,Normal,Male,Electronic accessories,100.05,7,35.017500000000005,735.1925,2022-03-14,12:07:00,Cash,700.175,4.761904762,35.017500000000005,7.6,12,20220314
515,D503,Z,Ballarat,Member,Male,Sports and travel,58.89,7,20.6115,432.66650000000004,2022-02-23,19:49:00,Credit card,412.05500000000006,4.761904762,20.6115,8.2,19,20220223
516,D413,Z,Ballarat,Member,Female,Fashion accessories,51.97,1,2.5985,54.5435,2022-03-18,15:52:00,Ewallet,51.945,4.761904762,2.5985,8.5,15,20220318
517,D425,Y,Melbourne,Member,Male,Health and beauty,55.36,5,13.840000000000002,290.515,2022-03-29,16:48:00,Ewallet,276.675,4.761904762,13.840000000000002,9.8,16,20220329
518,D521,Z,Ballarat,Member,Male,Home and lifestyle,39.89,5,9.9725,209.29749999999999,2022-01-22,20:46:00,Credit card,199.325,4.761904762,9.9725,8.7,20,20220122
519,D220,X,Geelong,Normal,Male,Home and lifestyle,35.23,2,3.5229999999999997,73.93299999999999,2022-03-01,18:14:00,Ewallet,70.41,4.761904762,3.5229999999999997,9.7,18,20220301
520,D600,Z,Ballarat,Member,Male,Sports and travel,72.42,5,18.105000000000004,380.08000000000004,2022-01-17,15:05:00,Credit card,361.975,4.761904762,18.105000000000004,4.3,15,20220117
521,D734,Y,Melbourne,Normal,Female,Electronic accessories,46.21,3,6.931500000000001,145.4865,2022-03-26,10:34:00,Credit card,138.555,4.761904762,6.931500000000001,7.7,10,20220326
522,D451,Z,Ballarat,Member,Female,Home and lifestyle,83.67,6,25.101000000000003,526.971,2022-03-20,11:23:00,Cash,501.87,4.761904762,25.101000000000003,7.3,11,20220320
523,D609,X,Geelong,Member,Female,Home and lifestyle,37.94,6,11.382,238.87199999999999,2022-02-06,13:55:00,Credit card,227.48999999999998,4.761904762,11.382,5.9,13,20220206
524,D133,Z,Ballarat,Normal,Male,Health and beauty,63.37,2,6.337,133.027,2022-01-01,11:43:00,Cash,126.68999999999998,4.761904762,6.337,5.0,11,20220101
525,D534,X,Geelong,Normal,Male,Food and beverages,82.21,6,24.663,517.773,2022-01-27,14:36:00,Credit card,493.11,4.761904762,24.663,8.0,14,20220127
526,D719,X,Geelong,Member,Female,Sports and travel,91.91,5,22.977500000000003,482.4025,2022-02-25,16:03:00,Ewallet,459.42499999999995,4.761904762,22.977500000000003,7.1,16,20220225
527,D286,Y,Melbourne,Normal,Male,Fashion accessories,39.71,4,7.942,166.68200000000002,2022-01-16,20:03:00,Credit card,158.74,4.761904762,7.942,9.0,20,20220116
528,D339,Y,Melbourne,Member,Male,Fashion accessories,60.36,2,6.0360000000000005,126.706,2022-01-13,14:55:00,Ewallet,120.67,4.761904762,6.0360000000000005,6.7,14,20220113
529,D827,Y,Melbourne,Member,Female,Food and beverages,54.86,10,27.430000000000003,575.78,2022-02-07,11:28:00,Credit card,548.35,4.761904762,27.430000000000003,6.1,11,20220207
530,D827,X,Geelong,Normal,Male,Sports and travel,98.59,9,44.36550000000001,931.4505,2022-02-17,19:41:00,Cash,887.085,4.761904762,44.36550000000001,9.3,19,20220217
531,D287,X,Geelong,Normal,Male,Health and beauty,25.93,6,7.779,163.20899999999997,2022-02-12,19:01:00,Ewallet,155.42999999999998,4.761904762,7.779,7.0,19,20220212
532,D435,X,Geelong,Member,Male,Fashion accessories,87.18,8,34.87200000000001,732.1120000000001,2022-01-24,18:04:00,Credit card,697.2400000000001,4.761904762,34.87200000000001,7.2,18,20220124
533,D857,Y,Melbourne,Normal,Male,Electronic accessories,23.45,10,11.725000000000001,245.975,2022-02-06,19:20:00,Ewallet,234.25,4.761904762,11.725000000000001,8.2,19,20220206
534,D236,Z,Ballarat,Normal,Female,Food and beverages,16.81,9,7.564500000000001,158.62949999999998,2022-03-26,10:31:00,Ewallet,151.06499999999997,4.761904762,7.564500000000001,8.4,10,20220326
535,D892,X,Geelong,Normal,Female,Home and lifestyle,28.82,5,7.205,151.18,2022-03-11,13:28:00,Ewallet,143.975,4.761904762,7.205,6.2,13,20220311
536,D583,Z,Ballarat,Normal,Male,Home and lifestyle,17.17,7,6.009500000000001,126.02450000000002,2022-02-07,11:36:00,Ewallet,120.01500000000001,4.761904762,6.009500000000001,7.4,11,20220207
537,D339,Y,Melbourne,Member,Female,Fashion accessories,74.46,1,3.723,78.15799999999999,2022-01-05,11:32:00,Credit card,74.43499999999999,4.761904762,3.723,5.0,11,20220105
538,D643,X,Geelong,Normal,Male,Home and lifestyle,98.44,1,4.922000000000001,103.337,2022-03-07,11:44:00,Ewallet,98.415,4.761904762,4.922000000000001,6.9,11,20220307
539,D308,X,Geelong,Normal,Female,Fashion accessories,73.55,4,14.71,308.81,2022-02-25,17:16:00,Credit card,294.1,4.761904762,14.71,4.9,17,20220225
540,D358,Z,Ballarat,Member,Female,Food and beverages,87.98,6,26.394,554.124,2022-02-01,18:43:00,Ewallet,527.73,4.761904762,26.394,5.1,18,20220201
541,D460,X,Geelong,Normal,Male,Home and lifestyle,31.18,3,4.6770000000000005,98.142,2022-01-22,11:00:00,Ewallet,93.46499999999999,4.761904762,4.6770000000000005,9.1,11,20220122
542,D343,Z,Ballarat,Member,Male,Health and beauty,76.38,1,3.819,80.17399999999999,2022-01-03,10:30:00,Credit card,76.35499999999999,4.761904762,3.819,7.1,10,20220103
543,D173,Y,Melbourne,Member,Female,Sports and travel,20.68,4,4.136,86.756,2022-02-13,12:14:00,Credit card,82.62,4.761904762,4.136,5.0,12,20220213
544,D243,Z,Ballarat,Member,Male,Electronic accessories,19.27,6,5.781000000000001,121.251,2022-01-28,16:43:00,Credit card,115.47,4.761904762,5.781000000000001,5.5,16,20220128
545,D841,Y,Melbourne,Normal,Female,Food and beverages,71.7,1,3.5850000000000004,75.26,2022-01-05,20:40:00,Credit card,71.67500000000001,4.761904762,3.5850000000000004,9.2,20,20220105
546,D701,Y,Melbourne,Member,Male,Home and lifestyle,39.31,4,7.862000000000001,165.002,2022-03-19,13:40:00,Ewallet,157.14000000000001,4.761904762,7.862000000000001,4.9,13,20220319
547,D647,X,Geelong,Normal,Female,Fashion accessories,29.92,10,14.960000000000003,313.91,2022-01-12,16:23:00,Ewallet,298.95000000000005,4.761904762,14.960000000000003,8.9,16,20220112
548,D541,X,Geelong,Normal,Male,Sports and travel,61.45,9,27.652500000000003,580.4775000000001,2022-01-07,12:08:00,Credit card,552.825,4.761904762,27.652500000000003,6.0,12,20220107
549,D539,Y,Melbourne,Normal,Female,Sports and travel,52.04,5,13.010000000000002,273.085,2022-01-26,17:45:00,Cash,260.075,4.761904762,13.010000000000002,4.2,17,20220126
550,D213,X,Geelong,Normal,Female,Electronic accessories,66.56,6,19.968000000000004,419.178,2022-01-23,10:28:00,Cash,399.21,4.761904762,19.968000000000004,7.3,10,20220123
551,D747,Y,Melbourne,Normal,Male,Fashion accessories,57.77,3,8.665500000000002,181.9005,2022-02-09,20:31:00,Ewallet,173.23499999999999,4.761904762,8.665500000000002,6.5,20,20220209
552,D582,Y,Melbourne,Normal,Female,Fashion accessories,54.81,9,24.664500000000004,517.7295,2022-02-22,10:49:00,Cash,493.06500000000005,4.761904762,24.664500000000004,8.9,10,20220222
553,D210,Y,Melbourne,Normal,Female,Health and beauty,58.74,9,26.433000000000003,554.8679999999999,2022-02-05,12:34:00,Cash,528.435,4.761904762,26.433000000000003,9.7,12,20220205
554,D399,Z,Ballarat,Normal,Male,Electronic accessories,22.71,6,6.813000000000001,142.923,2022-03-07,10:23:00,Credit card,136.11,4.761904762,6.813000000000001,8.6,10,20220307
555,D134,X,Geelong,Member,Male,Electronic accessories,19.82,7,6.937000000000001,145.502,2022-03-25,18:51:00,Cash,138.565,4.761904762,6.937000000000001,6.9,18,20220325
556,D356,Y,Melbourne,Normal,Male,Home and lifestyle,37.98,3,5.697,119.562,2022-01-20,13:45:00,Credit card,113.865,4.761904762,5.697,7.7,13,20220120
557,D198,Y,Melbourne,Member,Female,Fashion accessories,72.54,2,7.254000000000001,152.28400000000002,2022-02-04,19:38:00,Cash,145.03000000000003,4.761904762,7.254000000000001,9.5,19,20220204
558,D283,Z,Ballarat,Member,Female,Food and beverages,99.02,10,49.510000000000005,1039.46,2022-01-30,20:23:00,Ewallet,989.95,4.761904762,49.510000000000005,4.5,20,20220130
559,D712,X,Geelong,Member,Male,Food and beverages,42.16,6,12.648,265.45799999999997,2022-01-02,15:24:00,Ewallet,252.80999999999997,4.761904762,12.648,5.6,15,20220102
560,D218,X,Geelong,Member,Female,Home and lifestyle,72.92,3,10.938,229.623,2022-03-29,16:54:00,Ewallet,218.685,4.761904762,10.938,8.2,16,20220329
561,D174,Y,Melbourne,Normal,Male,Electronic accessories,22.08,9,9.935999999999998,208.43099999999998,2022-03-14,12:32:00,Cash,198.49499999999998,4.761904762,9.935999999999998,7.3,12,20220314
562,D866,Z,Ballarat,Normal,Male,Food and beverages,89.7,10,44.85,941.6,2022-02-11,15:42:00,Credit card,896.75,4.761904762,44.85,4.4,15,20220211
563,D134,Y,Melbourne,Normal,Female,Electronic accessories,42.92,8,17.168000000000003,360.32800000000003,2022-01-30,13:58:00,Ewallet,343.16,4.761904762,17.168000000000003,5.7,13,20220130
564,D760,X,Geelong,Member,Male,Electronic accessories,75.01,6,22.503000000000004,472.41300000000007,2022-03-20,15:08:00,Ewallet,449.9100000000001,4.761904762,22.503000000000004,5.0,15,20220320
565,D514,Y,Melbourne,Normal,Male,Fashion accessories,99.75,2,9.975000000000001,209.425,2022-03-20,13:02:00,Cash,199.45000000000002,4.761904762,9.975000000000001,9.0,13,20220320
566,D698,X,Geelong,Normal,Female,Food and beverages,81.71,10,40.855,857.7049999999999,2022-01-17,13:01:00,Credit card,816.8499999999999,4.761904762,40.855,6.3,13,20220117
567,D718,Z,Ballarat,Normal,Female,Sports and travel,49.83,10,24.915000000000003,522.9649999999999,2022-02-03,16:40:00,Credit card,498.0499999999999,4.761904762,24.915000000000003,9.4,16,20220203
568,D651,X,Geelong,Normal,Female,Fashion accessories,66.24,9,29.808,625.7429999999999,2022-01-01,13:55:00,Cash,595.935,4.761904762,29.808,7.7,13,20220101
569,D241,Y,Melbourne,Normal,Female,Fashion accessories,80.36,7,28.125999999999998,590.471,2022-01-10,10:33:00,Credit card,562.345,4.761904762,28.125999999999998,5.5,10,20220110
570,D408,Z,Ballarat,Normal,Female,Sports and travel,74.48,7,26.068,547.253,2022-03-02,16:42:00,Ewallet,521.1850000000001,4.761904762,26.068,4.1,16,20220302
571,D834,Y,Melbourne,Member,Female,Home and lifestyle,82.54,5,20.635000000000005,433.21000000000004,2022-02-25,17:16:00,Credit card,412.57500000000005,4.761904762,20.635000000000005,7.6,17,20220225
572,D343,Y,Melbourne,Member,Male,Sports and travel,27.17,10,13.585000000000003,285.035,2022-01-29,11:48:00,Cash,271.45000000000005,4.761904762,13.585000000000003,8.6,11,20220129
573,D239,X,Geelong,Member,Male,Food and beverages,10.63,7,3.7205000000000004,77.95550000000001,2022-03-10,19:35:00,Ewallet,74.23500000000001,4.761904762,3.7205000000000004,8.3,19,20220310
574,D355,Y,Melbourne,Normal,Male,Food and beverages,72.89,2,7.289000000000001,153.019,2022-01-13,19:55:00,Credit card,145.73000000000002,4.761904762,7.289000000000001,8.1,19,20220113
575,D550,X,Geelong,Normal,Male,Sports and travel,86.41,5,21.6025,453.5275,2022-03-22,14:33:00,Credit card,431.92499999999995,4.761904762,21.6025,8.6,14,20220322
576,D339,Y,Melbourne,Member,Male,Fashion accessories,81.81,7,28.633500000000005,601.1285,2022-03-01,19:49:00,Ewallet,572.495,4.761904762,28.633500000000005,6.3,19,20220301
577,D458,Y,Melbourne,Normal,Male,Food and beverages,60.8,4,12.16,255.26,2022-02-20,18:43:00,Cash,243.1,4.761904762,12.16,5.8,18,20220220
578,D592,Z,Ballarat,Normal,Male,Food and beverages,32.269999999999996,4,6.454,135.434,2022-01-14,14:43:00,Ewallet,128.98,4.761904762,6.454,6.2,14,20220114
579,D797,X,Geelong,Normal,Female,Health and beauty,64.77,4,12.954,271.93399999999997,2022-03-26,13:54:00,Cash,258.97999999999996,4.761904762,12.954,7.7,13,20220326
580,D207,Y,Melbourne,Normal,Male,Health and beauty,70.01,2,7.001000000000001,146.971,2022-03-01,12:15:00,Ewallet,139.97,4.761904762,7.001000000000001,8.1,12,20220301
581,D390,Z,Ballarat,Normal,Male,Food and beverages,27.72,3,4.158,87.243,2022-01-07,12:37:00,Cash,83.085,4.761904762,4.158,7.3,12,20220107
582,D443,X,Geelong,Member,Female,Health and beauty,78.18,4,15.636000000000003,328.25600000000003,2022-02-01,19:54:00,Cash,312.62,4.761904762,15.636000000000003,8.4,19,20220201
583,D339,Z,Ballarat,Member,Female,Fashion accessories,93.48,2,9.348,196.258,2022-02-13,15:06:00,Credit card,186.91,4.761904762,9.348,8.0,15,20220213
584,D359,Y,Melbourne,Member,Female,Fashion accessories,18.58,4,3.7159999999999997,77.93599999999999,2022-01-14,18:03:00,Credit card,74.22,4.761904762,3.7159999999999997,9.5,18,20220114
585,D375,Y,Melbourne,Normal,Male,Sports and travel,63.56,3,9.534,200.139,2022-01-19,15:58:00,Ewallet,190.60500000000002,4.761904762,9.534,7.0,15,20220119
586,D127,X,Geelong,Normal,Male,Health and beauty,52.21,4,10.442,219.18200000000002,2022-03-09,13:53:00,Credit card,208.74,4.761904762,10.442,9.8,13,20220309
587,D278,X,Geelong,Normal,Female,Food and beverages,52.84,3,7.926000000000001,166.371,2022-03-27,14:03:00,Cash,158.44500000000002,4.761904762,7.926000000000001,9.2,14,20220327
588,D695,X,Geelong,Normal,Female,Sports and travel,43.56,5,10.890000000000002,228.565,2022-02-04,16:38:00,Ewallet,217.67499999999998,4.761904762,10.890000000000002,7.7,16,20220204
589,D379,Z,Ballarat,Normal,Male,Fashion accessories,60.11,10,30.055,630.905,2022-03-14,11:07:00,Cash,600.85,4.761904762,30.055,5.3,11,20220314
590,D227,X,Geelong,Normal,Male,Health and beauty,15.12,5,3.7800000000000002,79.255,2022-03-04,12:23:00,Cash,75.475,4.761904762,3.7800000000000002,4.4,12,20220304
591,D302,Z,Ballarat,Member,Male,Health and beauty,47.03,6,14.109000000000002,296.139,2022-03-03,10:54:00,Credit card,282.03000000000003,4.761904762,14.109000000000002,4.3,10,20220303
592,D788,Z,Ballarat,Member,Female,Home and lifestyle,24.74,7,8.659,181.664,2022-01-27,17:38:00,Ewallet,173.005,4.761904762,8.659,9.4,17,20220127
593,D560,X,Geelong,Member,Female,Sports and travel,46.08,1,2.304,48.358999999999995,2022-02-07,14:13:00,Cash,46.05499999999999,4.761904762,2.304,9.8,14,20220207
594,D880,X,Geelong,Member,Female,Sports and travel,75.7,3,11.355,238.38000000000002,2022-02-05,11:51:00,Ewallet,227.02500000000003,4.761904762,11.355,4.8,11,20220205
595,D585,Y,Melbourne,Member,Male,Sports and travel,97.3,3,14.595,306.41999999999996,2022-03-15,13:05:00,Cash,291.82499999999993,4.761904762,14.595,5.3,13,20220315
596,D470,Y,Melbourne,Normal,Male,Health and beauty,15.32,3,2.298,48.183,2022-03-01,11:30:00,Credit card,45.885,4.761904762,2.298,8.7,11,20220301
597,D152,X,Geelong,Normal,Male,Food and beverages,52.7,3,7.905000000000001,165.93000000000004,2022-02-15,13:30:00,Credit card,158.02500000000003,4.761904762,7.905000000000001,9.5,13,20220215
598,D123,Z,Ballarat,Normal,Female,Sports and travel,47.16,9,21.222,445.43699999999995,2022-02-17,19:11:00,Ewallet,424.215,4.761904762,21.222,5.3,19,20220217
599,D258,Z,Ballarat,Normal,Female,Fashion accessories,37.35,5,9.3375,195.9625,2022-01-26,18:53:00,Cash,186.625,4.761904762,9.3375,9.2,18,20220126
600,D334,X,Geelong,Member,Female,Home and lifestyle,70.82,2,7.082,148.672,2022-03-24,14:22:00,Ewallet,141.59,4.761904762,7.082,9.6,14,20220324
601,D219,Z,Ballarat,Normal,Male,Electronic accessories,83.58,1,4.179,87.734,2022-01-23,17:16:00,Ewallet,83.55499999999999,4.761904762,4.179,6.4,17,20220123
602,D881,Z,Ballarat,Normal,Female,Fashion accessories,65.49,1,3.2744999999999997,68.73949999999999,2022-01-26,10:06:00,Credit card,65.46499999999999,4.761904762,3.2744999999999997,4.5,10,20220126
603,D373,Z,Ballarat,Normal,Male,Food and beverages,78.06,10,39.03,819.38,2022-03-14,20:35:00,Ewallet,780.35,4.761904762,39.03,6.9,20,20220314
604,D642,Y,Melbourne,Normal,Female,Sports and travel,55.01,6,16.503,346.413,2022-03-17,13:54:00,Ewallet,329.91,4.761904762,16.503,7.8,13,20220317
605,D484,Z,Ballarat,Member,Female,Fashion accessories,52.39,7,18.3365,384.8915,2022-01-08,20:08:00,Cash,366.555,4.761904762,18.3365,4.5,20,20220108
606,D830,Y,Melbourne,Normal,Male,Home and lifestyle,32.25,4,6.45,135.35,2022-02-08,15:26:00,Cash,128.9,4.761904762,6.45,8.6,15,20220208
607,D559,X,Geelong,Member,Female,Fashion accessories,54.15,7,18.9525,397.8275,2022-02-10,12:56:00,Ewallet,378.875,4.761904762,18.9525,5.2,12,20220210
608,D544,Z,Ballarat,Member,Female,Food and beverages,50.29,4,10.058,211.118,2022-03-28,19:16:00,Credit card,201.06,4.761904762,10.058,6.4,19,20220328
609,D318,X,Geelong,Normal,Male,Fashion accessories,31.11,1,1.5555,32.6405,2022-01-23,12:20:00,Ewallet,31.085000000000004,4.761904762,1.5555,5.2,12,20220123
610,D349,Y,Melbourne,Member,Male,Food and beverages,58.39,2,5.839,122.569,2022-01-17,10:37:00,Ewallet,116.73,4.761904762,5.839,8.9,10,20220117
611,D421,X,Geelong,Normal,Female,Electronic accessories,29.46,1,1.473,30.908,2022-02-07,10:18:00,Credit card,29.435000000000002,4.761904762,1.473,6.2,10,20220207
612,D277,Z,Ballarat,Member,Female,Food and beverages,99.47,9,44.761500000000005,939.7665000000001,2022-03-09,11:23:00,Cash,895.0050000000001,4.761904762,44.761500000000005,6.7,11,20220309
613,D789,Y,Melbourne,Member,Male,Fashion accessories,93.72,3,14.058,295.143,2022-01-24,11:45:00,Cash,281.085,4.761904762,14.058,7.2,11,20220124
614,D284,Z,Ballarat,Member,Male,Sports and travel,81.43,1,4.0715,85.4765,2022-01-19,16:08:00,Credit card,81.405,4.761904762,4.0715,9.0,16,20220119
615,D443,X,Geelong,Member,Male,Food and beverages,67.95,10,33.975,713.225,2022-02-03,11:25:00,Ewallet,679.25,4.761904762,33.975,4.2,11,20220203
616,D509,X,Geelong,Member,Female,Sports and travel,39.22,9,17.649,370.404,2022-03-20,12:24:00,Ewallet,352.755,4.761904762,17.649,4.2,12,20220320
617,D327,Y,Melbourne,Member,Male,Sports and travel,73.1,6,21.93,460.38,2022-01-13,19:51:00,Cash,438.45,4.761904762,21.93,6.9,19,20220113
618,D840,Z,Ballarat,Member,Male,Electronic accessories,88.41,5,22.1025,464.0275,2022-03-14,18:10:00,Ewallet,441.92499999999995,4.761904762,22.1025,4.4,18,20220314
619,D828,X,Geelong,Member,Male,Food and beverages,99.03,6,29.709000000000003,623.739,2022-01-23,11:22:00,Credit card,594.03,4.761904762,29.709000000000003,4.0,11,20220123
620,D641,Z,Ballarat,Member,Female,Fashion accessories,43.96,6,13.187999999999999,276.798,2022-02-07,17:55:00,Ewallet,263.61,4.761904762,13.187999999999999,8.5,17,20220207
621,D420,X,Geelong,Normal,Female,Food and beverages,72.18,3,10.827000000000002,227.29200000000003,2022-03-28,15:30:00,Credit card,216.46500000000003,4.761904762,10.827000000000002,9.2,15,20220328
622,D436,X,Geelong,Member,Female,Food and beverages,92.11,1,4.6055,96.6905,2022-03-20,19:44:00,Cash,92.085,4.761904762,4.6055,9.8,19,20220320
623,D670,Y,Melbourne,Member,Female,Home and lifestyle,95.09,7,33.2815,698.7365,2022-01-17,15:27:00,Credit card,665.4549999999999,4.761904762,33.2815,4.9,15,20220117
624,D852,Y,Melbourne,Normal,Female,Fashion accessories,83.75,10,41.875,879.125,2022-01-12,11:25:00,Credit card,837.25,4.761904762,41.875,4.4,11,20220112
625,D598,Y,Melbourne,Member,Male,Fashion accessories,91.85,1,4.5925,96.41749999999999,2022-02-16,15:42:00,Cash,91.82499999999999,4.761904762,4.5925,6.8,15,20220216
626,D135,Y,Melbourne,Member,Female,Food and beverages,79.38,2,7.938,166.648,2022-01-26,16:04:00,Cash,158.71,4.761904762,7.938,9.1,16,20220126
627,D816,X,Geelong,Normal,Male,Sports and travel,61.37,2,6.1370000000000005,128.827,2022-03-09,12:37:00,Ewallet,122.69,4.761904762,6.1370000000000005,8.7,12,20220309
628,D628,Y,Melbourne,Member,Male,Health and beauty,83.08,10,41.54,872.0899999999999,2022-03-14,14:41:00,Cash,830.55,4.761904762,41.54,5.0,14,20220314
629,D856,X,Geelong,Member,Male,Home and lifestyle,53.8,3,8.07,169.39499999999998,2022-01-25,14:19:00,Ewallet,161.325,4.761904762,8.07,7.5,14,20220125
630,D308,X,Geelong,Normal,Female,Fashion accessories,12.59,1,0.6295000000000001,13.1945,2022-01-26,18:19:00,Credit card,12.565,4.761904762,0.6295000000000001,8.2,18,20220126
631,D149,X,Geelong,Normal,Male,Sports and travel,64.69,10,32.345,678.995,2022-01-19,14:08:00,Credit card,646.65,4.761904762,32.345,6.7,14,20220119
632,D655,X,Geelong,Normal,Male,Electronic accessories,78.81,3,11.8215,248.1765,2022-03-05,16:38:00,Ewallet,236.35500000000002,4.761904762,11.8215,5.4,16,20220305
633,D589,X,Geelong,Member,Male,Food and beverages,84.27,2,8.427,176.917,2022-01-15,10:54:00,Credit card,168.49,4.761904762,8.427,7.0,10,20220115
634,D420,Y,Melbourne,Normal,Male,Home and lifestyle,100.2,3,15.030000000000001,315.555,2022-03-18,11:29:00,Ewallet,300.525,4.761904762,15.030000000000001,4.7,11,20220318
635,D182,Y,Melbourne,Member,Male,Food and beverages,80.41,3,12.0615,253.2165,2022-03-20,19:28:00,Credit card,241.155,4.761904762,12.0615,5.0,19,20220320
636,D188,Y,Melbourne,Member,Male,Health and beauty,66.97,10,33.485,702.9350000000001,2022-01-15,15:01:00,Credit card,669.45,4.761904762,33.485,5.0,15,20220115
637,D610,X,Geelong,Normal,Male,Health and beauty,29.45,7,10.307500000000001,216.2825,2022-03-03,20:31:00,Credit card,205.975,4.761904762,10.307500000000001,6.0,20,20220303
638,D318,Z,Ballarat,Normal,Female,Electronic accessories,46.7,1,2.3350000000000004,49.010000000000005,2022-03-19,12:16:00,Cash,46.675000000000004,4.761904762,2.3350000000000004,6.3,12,20220319
639,D364,Y,Melbourne,Member,Female,Food and beverages,18.13,5,4.5325,95.05749999999999,2022-03-08,15:27:00,Cash,90.52499999999999,4.761904762,4.5325,8.5,15,20220308
640,D665,Y,Melbourne,Normal,Male,Fashion accessories,52.92,3,7.938000000000001,166.623,2022-02-27,17:36:00,Ewallet,158.685,4.761904762,7.938000000000001,7.5,17,20220227
641,D695,Y,Melbourne,Member,Female,Food and beverages,99.29,3,14.893500000000003,312.6885,2022-02-23,20:00:00,Ewallet,297.79499999999996,4.761904762,14.893500000000003,6.4,20,20220223
642,D155,Z,Ballarat,Member,Female,Electronic accessories,89.05,8,35.62,747.8199999999999,2022-03-19,15:29:00,Ewallet,712.1999999999999,4.761904762,35.62,4.7,15,20220319
643,D794,Y,Melbourne,Member,Male,Electronic accessories,56.17,2,5.617000000000001,117.90700000000001,2022-03-27,15:08:00,Ewallet,112.29,4.761904762,5.617000000000001,6.0,15,20220327
644,D131,Z,Ballarat,Member,Female,Food and beverages,73.02,8,29.208,613.168,2022-03-30,19:26:00,Credit card,583.96,4.761904762,29.208,4.0,19,20220330
645,D273,Z,Ballarat,Member,Male,Electronic accessories,12.55,5,3.1375,65.7625,2022-02-16,15:53:00,Ewallet,62.625,4.761904762,3.1375,5.5,15,20220216
646,D706,X,Geelong,Member,Male,Home and lifestyle,19.86,9,8.937,187.452,2022-01-18,18:43:00,Ewallet,178.515,4.761904762,8.937,8.7,18,20220118
647,D778,Z,Ballarat,Normal,Male,Health and beauty,70.71,6,21.213,445.323,2022-03-30,14:58:00,Cash,424.10999999999996,4.761904762,21.213,7.4,14,20220330
648,D574,Y,Melbourne,Member,Male,Fashion accessories,34.13,1,1.7065000000000001,35.8115,2022-03-20,19:55:00,Cash,34.105000000000004,4.761904762,1.7065000000000001,5.6,19,20220320
649,D859,Z,Ballarat,Member,Female,Sports and travel,15.99,2,1.5990000000000002,33.529,2022-01-16,15:10:00,Cash,31.930000000000003,4.761904762,1.5990000000000002,6.3,15,20220116
650,D740,Z,Ballarat,Normal,Male,Electronic accessories,25.24,10,12.620000000000001,264.77,2022-02-24,16:44:00,Cash,252.14999999999998,4.761904762,12.620000000000001,7.1,16,20220224
651,D369,Y,Melbourne,Normal,Male,Electronic accessories,76.16,5,19.04,399.715,2022-01-15,18:22:00,Ewallet,380.67499999999995,4.761904762,19.04,7.8,18,20220115
652,D563,Y,Melbourne,Normal,Female,Health and beauty,56.31,6,16.893,354.603,2022-01-22,11:52:00,Cash,337.71000000000004,4.761904762,16.893,9.9,11,20220122
653,D742,X,Geelong,Member,Male,Home and lifestyle,73.28,10,36.64,769.1899999999999,2022-02-03,17:24:00,Cash,732.55,4.761904762,36.64,7.3,17,20220203
654,D149,Y,Melbourne,Member,Male,Sports and travel,37.82,9,17.019,357.174,2022-03-06,15:31:00,Ewallet,340.155,4.761904762,17.019,5.1,15,20220306
655,D133,Y,Melbourne,Member,Male,Fashion accessories,60.68,4,12.136000000000001,254.756,2022-02-16,18:04:00,Credit card,242.62,4.761904762,12.136000000000001,9.4,18,20220216
656,D169,X,Geelong,Normal,Female,Electronic accessories,16.189999999999998,3,2.4284999999999997,50.92349999999999,2022-03-14,14:13:00,Credit card,48.49499999999999,4.761904762,2.4284999999999997,5.8,14,20220314
657,D250,Z,Ballarat,Normal,Female,Electronic accessories,100.19,1,5.0095,105.1745,2022-02-27,10:23:00,Credit card,100.16499999999999,4.761904762,5.0095,8.0,10,20220227
658,D562,X,Geelong,Member,Female,Fashion accessories,88.65,3,13.2975,279.17250000000007,2022-01-18,10:11:00,Ewallet,265.87500000000006,4.761904762,13.2975,7.9,10,20220118
659,D816,X,Geelong,Member,Female,Sports and travel,28.43,5,7.1075,149.1325,2022-01-29,15:48:00,Cash,142.025,4.761904762,7.1075,5.9,15,20220129
660,D491,X,Geelong,Member,Male,Fashion accessories,55.95,1,2.7975000000000003,58.722500000000004,2022-02-26,17:46:00,Credit card,55.925000000000004,4.761904762,2.7975000000000003,4.9,17,20220226
661,D322,Y,Melbourne,Normal,Female,Sports and travel,43.47,3,6.5205,136.8555,2022-02-03,11:46:00,Cash,130.335,4.761904762,6.5205,9.3,11,20220203
662,D842,Z,Ballarat,Member,Male,Sports and travel,17.64,7,6.174000000000001,129.479,2022-01-16,12:07:00,Credit card,123.305,4.761904762,6.174000000000001,7.9,12,20220116
663,D725,Y,Melbourne,Member,Female,Fashion accessories,59.25,6,17.775000000000002,373.125,2022-03-24,18:14:00,Credit card,355.35,4.761904762,17.775000000000002,5.9,18,20220324
664,D641,Z,Ballarat,Member,Female,Food and beverages,87.6,10,43.8,919.55,2022-02-12,14:45:00,Credit card,875.75,4.761904762,43.8,9.9,14,20220212
665,D714,Z,Ballarat,Normal,Female,Sports and travel,99.3,2,9.93,208.48,2022-02-21,11:39:00,Cash,198.54999999999998,4.761904762,9.93,7.7,11,20220221
666,D518,X,Geelong,Normal,Female,Fashion accessories,49.13,4,9.826,206.246,2022-02-04,15:44:00,Ewallet,196.42000000000002,4.761904762,9.826,7.6,15,20220204
667,D779,Y,Melbourne,Member,Male,Food and beverages,58.24,3,8.736,183.381,2022-02-20,13:06:00,Ewallet,174.645,4.761904762,8.736,7.7,13,20220220
668,D190,Y,Melbourne,Normal,Female,Health and beauty,18.47,4,3.694,77.47399999999999,2022-02-23,20:43:00,Ewallet,73.77999999999999,4.761904762,3.694,6.4,20,20220223
669,D408,Z,Ballarat,Member,Female,Health and beauty,48.21,6,14.463000000000001,303.573,2022-02-16,14:19:00,Ewallet,289.10999999999996,4.761904762,14.463000000000001,4.4,14,20220216
670,D679,Y,Melbourne,Normal,Female,Sports and travel,41.12,2,4.112,86.30199999999999,2022-01-17,10:01:00,Credit card,82.19,4.761904762,4.112,4.1,10,20220117
671,D588,X,Geelong,Member,Male,Fashion accessories,56.54,10,28.27,593.42,2022-01-14,19:30:00,Ewallet,565.15,4.761904762,28.27,4.4,19,20220114
672,D642,Y,Melbourne,Member,Male,Food and beverages,93.9,2,9.39,197.14000000000001,2022-03-30,16:34:00,Cash,187.75,4.761904762,9.39,5.5,16,20220330
673,D576,Y,Melbourne,Normal,Female,Health and beauty,73.91,3,11.086500000000001,232.7415,2022-03-02,13:10:00,Ewallet,221.655,4.761904762,11.086500000000001,4.0,13,20220302
674,D556,Z,Ballarat,Normal,Male,Health and beauty,34.14,8,13.656,286.576,2022-02-15,17:10:00,Credit card,272.92,4.761904762,13.656,9.3,17,20220215
675,D811,X,Geelong,Normal,Female,Electronic accessories,45.98,10,22.99,482.53999999999996,2022-03-01,10:22:00,Credit card,459.54999999999995,4.761904762,22.99,4.8,10,20220301
676,D242,Y,Melbourne,Member,Male,Fashion accessories,84.27,2,8.427,176.917,2022-02-24,19:57:00,Cash,168.49,4.761904762,8.427,4.6,19,20220224
677,D752,Y,Melbourne,Member,Female,Sports and travel,64.58,7,22.603,474.488,2022-02-19,19:29:00,Credit card,451.885,4.761904762,22.603,7.3,19,20220219
678,D274,X,Geelong,Member,Female,Food and beverages,73.97,4,14.794,310.574,2022-02-23,18:30:00,Cash,295.78000000000003,4.761904762,14.794,6.0,18,20220223
679,D648,Z,Ballarat,Normal,Male,Health and beauty,59.45,10,29.725,623.975,2022-02-07,14:27:00,Ewallet,594.25,4.761904762,29.725,8.1,14,20220207
680,D130,X,Geelong,Member,Male,Food and beverages,49.0,6,14.700000000000001,308.55,2022-01-11,13:57:00,Ewallet,293.85,4.761904762,14.700000000000001,9.4,13,20220111
681,D528,Y,Melbourne,Member,Female,Electronic accessories,39.98,1,1.9989999999999999,41.95399999999999,2022-02-12,19:43:00,Cash,39.95499999999999,4.761904762,1.9989999999999999,6.5,19,20220212
682,D320,Y,Melbourne,Normal,Female,Sports and travel,35.31,1,1.7655000000000003,37.0505,2022-01-14,10:11:00,Credit card,35.285,4.761904762,1.7655000000000003,7.0,10,20220114
683,D370,Z,Ballarat,Normal,Female,Fashion accessories,49.82,6,14.946000000000002,313.716,2022-01-09,13:46:00,Ewallet,298.77,4.761904762,14.946000000000002,7.1,13,20220109
684,D105,X,Geelong,Member,Male,Fashion accessories,21.98,2,2.198,46.108000000000004,2022-02-27,12:22:00,Ewallet,43.910000000000004,4.761904762,2.198,6.6,12,20220227
685,D510,Y,Melbourne,Member,Female,Sports and travel,23.58,6,7.074,148.404,2022-01-24,19:20:00,Ewallet,141.32999999999998,4.761904762,7.074,4.9,19,20220124
686,D241,Y,Melbourne,Member,Female,Home and lifestyle,49.6,2,4.960000000000001,104.11,2022-01-08,12:58:00,Credit card,99.15,4.761904762,4.960000000000001,6.4,12,20220108
687,D767,Y,Melbourne,Member,Female,Sports and travel,65.33,2,6.533,137.143,2022-01-08,11:59:00,Credit card,130.61,4.761904762,6.533,8.0,11,20220108
688,D648,X,Geelong,Member,Male,Home and lifestyle,64.06,10,32.03,672.38,2022-01-16,17:59:00,Cash,640.35,4.761904762,32.03,4.3,17,20220116
689,D173,Z,Ballarat,Member,Male,Sports and travel,73.38,2,7.338,154.048,2022-03-13,12:51:00,Cash,146.71,4.761904762,7.338,6.1,12,20220313
690,D305,X,Geelong,Normal,Female,Food and beverages,67.6,3,10.14,212.86499999999998,2022-02-15,10:36:00,Cash,202.72499999999997,4.761904762,10.14,7.5,10,20220215
691,D394,Z,Ballarat,Member,Female,Sports and travel,70.69,9,31.8105,667.7955000000001,2022-01-25,13:38:00,Cash,635.985,4.761904762,31.8105,6.7,13,20220125
692,D266,Z,Ballarat,Member,Male,Food and beverages,55.54,7,19.439,408.044,2022-03-12,19:39:00,Ewallet,388.60499999999996,4.761904762,19.439,5.2,19,20220312
693,D689,X,Geelong,Member,Male,Health and beauty,49.13,10,24.565,515.615,2022-03-04,12:44:00,Cash,491.05,4.761904762,24.565,8.8,12,20220304
694,D196,Z,Ballarat,Member,Female,Fashion accessories,73.88,7,25.858,542.843,2022-02-10,13:56:00,Cash,516.985,4.761904762,25.858,9.5,13,20220210
695,D372,Z,Ballarat,Normal,Female,Food and beverages,53.1,9,23.895000000000003,501.57000000000005,2022-01-16,14:42:00,Cash,477.67500000000007,4.761904762,23.895000000000003,7.6,14,20220116
696,D800,X,Geelong,Member,Female,Home and lifestyle,87.87,5,21.9675,461.1925,2022-01-29,19:45:00,Cash,439.225,4.761904762,21.9675,6.6,19,20220129
697,D182,X,Geelong,Member,Female,Sports and travel,27.54,4,5.508,115.568,2022-01-01,20:26:00,Ewallet,110.06,4.761904762,5.508,6.9,20,20220101
698,D826,Y,Melbourne,Normal,Male,Home and lifestyle,62.69,4,12.538,263.198,2022-01-06,19:46:00,Ewallet,250.65999999999997,4.761904762,12.538,4.3,19,20220106
699,D868,X,Geelong,Member,Male,Electronic accessories,70.08,9,31.536,662.0310000000001,2022-02-19,19:38:00,Credit card,630.4950000000001,4.761904762,31.536,7.8,19,20220219
700,D751,Z,Ballarat,Normal,Male,Home and lifestyle,98.0,10,49.0,1028.75,2022-01-12,16:18:00,Ewallet,979.75,4.761904762,49.0,8.0,16,20220112
701,D626,Z,Ballarat,Normal,Female,Fashion accessories,60.91,8,24.364,511.44399999999996,2022-02-07,12:23:00,Ewallet,487.08,4.761904762,24.364,9.6,12,20220207
702,D176,Y,Melbourne,Normal,Male,Food and beverages,32.82,3,4.923,103.308,2022-03-27,19:11:00,Credit card,98.385,4.761904762,4.923,4.3,19,20220327
703,D191,Y,Melbourne,Member,Female,Fashion accessories,20.27,10,10.135000000000002,212.58499999999998,2022-02-27,18:57:00,Credit card,202.45,4.761904762,10.135000000000002,5.0,18,20220227
704,D729,Y,Melbourne,Member,Male,Health and beauty,80.97,9,36.436499999999995,764.9415,2022-01-06,11:18:00,Cash,728.505,4.761904762,36.436499999999995,9.2,11,20220106
705,D640,Y,Melbourne,Member,Female,Home and lifestyle,88.89,9,40.0005,839.7855,2022-03-02,12:40:00,Cash,799.785,4.761904762,40.0005,6.3,12,20220302
706,D186,Y,Melbourne,Normal,Male,Health and beauty,72.27,7,25.2945,531.0095,2022-03-29,14:06:00,Cash,505.71500000000003,4.761904762,25.2945,8.9,14,20220329
707,D834,Y,Melbourne,Normal,Female,Electronic accessories,43.5,4,8.700000000000001,182.6,2022-01-31,20:48:00,Ewallet,173.9,4.761904762,8.700000000000001,7.6,20,20220131
708,D162,Z,Ballarat,Member,Male,Food and beverages,69.48,1,3.474,72.929,2022-01-21,20:13:00,Cash,69.455,4.761904762,3.474,4.8,20,20220121
709,D760,Z,Ballarat,Normal,Male,Fashion accessories,16.119999999999997,8,6.4479999999999995,135.20799999999997,2022-01-20,20:37:00,Ewallet,128.75999999999996,4.761904762,6.4479999999999995,9.1,20,20220120
710,D445,X,Geelong,Normal,Male,Sports and travel,26.2,3,3.93,82.455,2022-01-17,17:59:00,Ewallet,78.52499999999999,4.761904762,3.93,6.1,17,20220117
711,D786,X,Geelong,Member,Male,Food and beverages,81.12,6,24.336,510.906,2022-02-28,20:18:00,Cash,486.57,4.761904762,24.336,9.1,20,20220228
712,D728,Z,Ballarat,Member,Female,Home and lifestyle,76.03,4,15.206000000000001,319.226,2022-03-19,15:52:00,Ewallet,304.02,4.761904762,15.206000000000001,8.3,15,20220319
713,D183,Z,Ballarat,Normal,Female,Electronic accessories,78.13,9,35.1585,738.1034999999999,2022-02-19,15:14:00,Ewallet,702.9449999999999,4.761904762,35.1585,7.2,15,20220219
714,D268,Z,Ballarat,Normal,Female,Health and beauty,14.35,9,6.4575000000000005,135.3825,2022-02-04,12:50:00,Ewallet,128.92499999999998,4.761904762,6.4575000000000005,6.0,12,20220204
715,D735,Z,Ballarat,Member,Male,Fashion accessories,99.2,8,39.68000000000001,833.08,2022-01-31,10:36:00,Ewallet,793.4000000000001,4.761904762,39.68000000000001,8.5,10,20220131
716,D258,X,Geelong,Normal,Female,Health and beauty,36.18,5,9.045000000000002,189.82,2022-02-06,18:33:00,Credit card,180.77499999999998,4.761904762,9.045000000000002,6.6,18,20220206
717,D857,X,Geelong,Member,Female,Fashion accessories,71.96,7,25.186,528.731,2022-03-28,16:06:00,Ewallet,503.545,4.761904762,25.186,4.5,16,20220328
718,D482,X,Geelong,Member,Male,Electronic accessories,12.44,3,1.866,39.111,2022-01-19,12:47:00,Credit card,37.245,4.761904762,1.866,8.1,12,20220119
719,D788,X,Geelong,Normal,Male,Fashion accessories,45.88,3,6.882,144.447,2022-02-17,13:34:00,Credit card,137.565,4.761904762,6.882,7.2,13,20220217
720,D821,Y,Melbourne,Member,Female,Fashion accessories,17.98,6,5.394,113.124,2022-01-18,15:04:00,Credit card,107.72999999999999,4.761904762,5.394,6.1,15,20220118
721,D418,Y,Melbourne,Normal,Female,Fashion accessories,26.06,7,9.120999999999999,191.36599999999999,2022-02-02,20:42:00,Cash,182.24499999999998,4.761904762,9.120999999999999,7.1,20,20220202
722,D678,Z,Ballarat,Member,Female,Sports and travel,91.13,9,41.0085,860.9535,2022-01-18,15:28:00,Cash,819.9449999999999,4.761904762,41.0085,5.1,15,20220118
723,D776,Y,Melbourne,Normal,Male,Home and lifestyle,44.62,3,6.693,140.47799999999998,2022-03-18,13:45:00,Credit card,133.78499999999997,4.761904762,6.693,7.9,13,20220318
724,D592,Z,Ballarat,Member,Female,Food and beverages,37.27,7,13.044500000000001,273.75950000000006,2022-01-11,20:10:00,Cash,260.71500000000003,4.761904762,13.044500000000001,7.4,20,20220111
725,D434,Y,Melbourne,Member,Male,Food and beverages,23.84,4,4.768,100.028,2022-02-04,18:53:00,Ewallet,95.26,4.761904762,4.768,7.4,18,20220204
726,D149,Z,Ballarat,Member,Female,Health and beauty,29.0,8,11.600000000000001,243.4,2022-02-06,14:24:00,Cash,231.8,4.761904762,11.600000000000001,6.6,14,20220206
727,D442,Z,Ballarat,Member,Male,Home and lifestyle,56.07,3,8.4105,176.5455,2022-01-08,11:42:00,Credit card,168.135,4.761904762,8.4105,5.9,11,20220108
728,D174,Y,Melbourne,Normal,Male,Sports and travel,70.24,10,35.12,737.27,2022-03-05,17:49:00,Credit card,702.15,4.761904762,35.12,8.9,17,20220305
729,D210,Z,Ballarat,Normal,Male,Fashion accessories,97.76,4,19.552000000000003,410.492,2022-03-16,15:33:00,Ewallet,390.94,4.761904762,19.552000000000003,6.8,15,20220316
730,D299,Y,Melbourne,Member,Female,Home and lifestyle,52.68,7,18.438000000000002,387.02299999999997,2022-03-09,10:54:00,Cash,368.585,4.761904762,18.438000000000002,9.3,10,20220309
731,D247,X,Geelong,Member,Female,Fashion accessories,22.82,4,4.564,95.744,2022-03-01,16:23:00,Credit card,91.18,4.761904762,4.564,4.4,16,20220301
732,D635,X,Geelong,Normal,Male,Health and beauty,56.5,3,8.475000000000001,177.9,2022-02-28,19:33:00,Ewallet,169.425,4.761904762,8.475000000000001,4.8,19,20220228
733,D756,X,Geelong,Member,Male,Fashion accessories,20.2,1,1.01,21.185,2022-02-08,11:39:00,Ewallet,20.174999999999997,4.761904762,1.01,9.5,11,20220208
734,D438,Y,Melbourne,Normal,Male,Electronic accessories,76.38,7,26.733,561.218,2022-01-24,10:38:00,Ewallet,534.485,4.761904762,26.733,8.9,10,20220124
735,D238,Y,Melbourne,Member,Male,Food and beverages,54.22,1,2.7110000000000003,56.906,2022-03-01,20:03:00,Ewallet,54.195,4.761904762,2.7110000000000003,6.4,20,20220301
736,D607,Z,Ballarat,Member,Male,Health and beauty,82.45,10,41.22500000000001,865.475,2022-03-10,12:39:00,Credit card,824.25,4.761904762,41.22500000000001,6.0,12,20220310
737,D386,Z,Ballarat,Member,Female,Home and lifestyle,81.7,7,28.595,600.3199999999999,2022-03-23,15:59:00,Credit card,571.7249999999999,4.761904762,28.595,8.1,15,20220323
738,D137,Z,Ballarat,Normal,Male,Electronic accessories,59.26,10,29.630000000000003,621.98,2022-01-29,14:26:00,Ewallet,592.35,4.761904762,29.630000000000003,9.0,14,20220129
739,D197,Y,Melbourne,Member,Male,Electronic accessories,92.06,8,36.824000000000005,773.104,2022-01-12,18:22:00,Ewallet,736.2800000000001,4.761904762,36.824000000000005,6.0,18,20220112
740,D805,X,Geelong,Normal,Male,Home and lifestyle,94.46,9,42.507,892.422,2022-03-20,11:32:00,Cash,849.9150000000001,4.761904762,42.507,9.8,11,20220320
741,D733,Z,Ballarat,Normal,Male,Home and lifestyle,56.11,7,19.6385,412.2335,2022-03-23,12:41:00,Cash,392.59499999999997,4.761904762,19.6385,8.5,12,20220323
742,D451,Z,Ballarat,Normal,Male,Food and beverages,85.33,1,4.2665,89.5715,2022-01-14,15:20:00,Ewallet,85.305,4.761904762,4.2665,8.8,15,20220114
743,D373,X,Geelong,Member,Female,Sports and travel,72.13,2,7.213,151.423,2022-02-12,14:33:00,Ewallet,144.21,4.761904762,7.213,8.8,14,20220212
744,D546,X,Geelong,Member,Male,Home and lifestyle,38.19,2,3.819,80.149,2022-02-20,15:29:00,Ewallet,76.33,4.761904762,3.819,9.5,15,20220220
745,D345,Z,Ballarat,Member,Female,Sports and travel,32.17,8,12.868000000000002,270.028,2022-01-02,16:19:00,Credit card,257.16,4.761904762,12.868000000000002,5.6,16,20220102
746,D390,Z,Ballarat,Member,Female,Food and beverages,38.92,1,1.9460000000000002,40.841,2022-02-02,16:33:00,Cash,38.895,4.761904762,1.9460000000000002,8.6,16,20220202
747,D457,Y,Melbourne,Member,Male,Fashion accessories,65.73,10,32.865,689.9150000000001,2022-01-08,19:07:00,Credit card,657.0500000000001,4.761904762,32.865,5.2,19,20220108
748,D664,Z,Ballarat,Member,Female,Home and lifestyle,11.03,5,2.7575,57.7825,2022-01-30,14:43:00,Credit card,55.025,4.761904762,2.7575,5.8,14,20220130
749,D487,Y,Melbourne,Member,Female,Home and lifestyle,12.79,9,5.7555,120.64049999999999,2022-03-26,19:28:00,Credit card,114.88499999999999,4.761904762,5.7555,8.0,19,20220326
750,D314,Z,Ballarat,Member,Male,Health and beauty,81.73,7,28.6055,600.5405000000001,2022-01-15,20:44:00,Cash,571.9350000000001,4.761904762,28.6055,9.0,20,20220115
751,D210,Y,Melbourne,Member,Female,Fashion accessories,22.82,4,4.564,95.744,2022-03-14,11:16:00,Ewallet,91.18,4.761904762,4.564,4.1,11,20220314
752,D585,X,Geelong,Normal,Female,Food and beverages,27.78,5,6.945000000000001,145.72,2022-02-03,10:31:00,Credit card,138.775,4.761904762,6.945000000000001,8.6,10,20220203
753,D807,X,Geelong,Member,Female,Electronic accessories,17.92,10,8.96,187.91000000000003,2022-02-22,12:30:00,Ewallet,178.95000000000002,4.761904762,8.96,7.0,12,20220222
754,D775,Y,Melbourne,Normal,Male,Home and lifestyle,73.78,5,18.445,387.21999999999997,2022-01-24,15:05:00,Ewallet,368.775,4.761904762,18.445,8.4,15,20220124
755,D288,Z,Ballarat,Member,Female,Fashion accessories,85.37,3,12.805500000000002,268.8405,2022-01-25,18:30:00,Ewallet,256.035,4.761904762,12.805500000000002,7.4,18,20220125
756,D652,X,Geelong,Normal,Female,Fashion accessories,97.79,8,39.11600000000001,821.2360000000001,2022-03-09,13:18:00,Credit card,782.1200000000001,4.761904762,39.11600000000001,6.2,13,20220309
757,D785,Y,Melbourne,Member,Female,Electronic accessories,36.24,8,14.496000000000002,304.216,2022-02-17,15:28:00,Ewallet,289.72,4.761904762,14.496000000000002,4.9,15,20220217
758,D406,X,Geelong,Normal,Female,Home and lifestyle,97.02,6,29.106,611.076,2022-01-11,11:52:00,Cash,581.97,4.761904762,29.106,4.5,11,20220111
759,D250,X,Geelong,Member,Male,Food and beverages,19.35,10,9.675,202.925,2022-02-27,18:24:00,Ewallet,193.25,4.761904762,9.675,5.6,18,20220227
760,D156,X,Geelong,Normal,Female,Food and beverages,55.89,4,11.178,234.638,2022-03-25,15:19:00,Ewallet,223.46,4.761904762,11.178,8.0,15,20220325
761,D842,Y,Melbourne,Member,Female,Food and beverages,77.7,10,38.85,815.6,2022-02-11,10:38:00,Credit card,776.75,4.761904762,38.85,5.6,10,20220211
762,D525,Y,Melbourne,Normal,Male,Electronic accessories,72.63,10,36.315,762.365,2022-01-31,15:12:00,Credit card,726.05,4.761904762,36.315,4.2,15,20220131
763,D410,X,Geelong,Member,Female,Fashion accessories,64.38,8,25.752,540.592,2022-01-20,17:48:00,Ewallet,514.84,4.761904762,25.752,9.9,17,20220120
764,D587,X,Geelong,Member,Female,Health and beauty,11.19,5,2.7975,58.622499999999995,2022-03-26,11:07:00,Ewallet,55.824999999999996,4.761904762,2.7975,7.6,11,20220326
765,D787,X,Geelong,Member,Male,Health and beauty,56.0,4,11.200000000000001,235.1,2022-01-20,15:48:00,Credit card,223.9,4.761904762,11.200000000000001,6.6,15,20220120
766,D593,Y,Melbourne,Normal,Female,Home and lifestyle,95.96,8,38.384,805.8639999999999,2022-03-05,19:40:00,Ewallet,767.4799999999999,4.761904762,38.384,4.7,19,20220305
767,D801,Z,Ballarat,Normal,Female,Fashion accessories,76.56,3,11.484000000000002,241.089,2022-01-05,20:30:00,Credit card,229.605,4.761904762,11.484000000000002,9.8,20,20220105
768,D388,Y,Melbourne,Normal,Male,Sports and travel,14.19,6,4.257,89.247,2022-02-13,13:59:00,Cash,84.99,4.761904762,4.257,6.3,13,20220213
769,D711,Y,Melbourne,Normal,Female,Electronic accessories,96.14,4,19.228,403.688,2022-03-16,18:51:00,Cash,384.46,4.761904762,19.228,7.9,18,20220316
770,D886,X,Geelong,Normal,Female,Home and lifestyle,11.93,6,3.579,75.009,2022-01-15,17:24:00,Cash,71.43,4.761904762,3.579,7.7,17,20220115
771,D707,Y,Melbourne,Member,Female,Sports and travel,96.04,4,19.208000000000002,403.26800000000003,2022-02-26,11:58:00,Ewallet,384.06,4.761904762,19.208000000000002,4.5,11,20220226
772,D759,Z,Ballarat,Member,Female,Health and beauty,86.37,7,30.2295,634.6445,2022-02-27,19:01:00,Credit card,604.415,4.761904762,30.2295,8.0,19,20220227
773,D201,Z,Ballarat,Member,Female,Sports and travel,68.49,7,23.9715,503.22649999999993,2022-02-17,16:50:00,Ewallet,479.25499999999994,4.761904762,23.9715,5.7,16,20220217
774,D471,Z,Ballarat,Normal,Female,Food and beverages,52.92,1,2.6460000000000004,55.541000000000004,2022-02-06,10:22:00,Credit card,52.895,4.761904762,2.6460000000000004,6.3,10,20220206
775,D200,Z,Ballarat,Member,Male,Food and beverages,66.15,2,6.615000000000001,138.865,2022-01-17,16:46:00,Cash,132.25,4.761904762,6.615000000000001,6.0,16,20220117
776,D120,Y,Melbourne,Normal,Female,Food and beverages,29.36,5,7.34,154.01500000000001,2022-01-22,18:08:00,Credit card,146.675,4.761904762,7.34,8.0,18,20220122
777,D102,Z,Ballarat,Member,Male,Health and beauty,65.81,7,23.0335,483.5285,2022-03-05,18:02:00,Credit card,460.495,4.761904762,23.0335,4.2,18,20220305
778,D875,Y,Melbourne,Normal,Male,Sports and travel,93.88,1,4.694,98.54899999999999,2022-01-03,13:07:00,Cash,93.85499999999999,4.761904762,4.694,9.6,13,20220103
779,D102,Z,Ballarat,Member,Male,Sports and travel,25.75,5,6.4375,135.0625,2022-03-20,17:52:00,Cash,128.625,4.761904762,6.4375,6.1,17,20220320
780,D457,Y,Melbourne,Member,Male,Electronic accessories,88.37,9,39.76650000000001,834.8715000000001,2022-01-31,20:32:00,Ewallet,795.105,4.761904762,39.76650000000001,5.6,20,20220131
781,D629,Z,Ballarat,Normal,Male,Health and beauty,22.3,8,8.92,187.12,2022-02-19,19:24:00,Cash,178.20000000000002,4.761904762,8.92,8.3,19,20220219
782,D534,X,Geelong,Normal,Female,Sports and travel,95.26,4,19.052000000000003,399.992,2022-02-11,16:06:00,Ewallet,380.94,4.761904762,19.052000000000003,7.8,16,20220211
783,D307,X,Geelong,Member,Female,Fashion accessories,31.12,1,1.556,32.651,2022-02-05,14:14:00,Credit card,31.095000000000002,4.761904762,1.556,4.1,14,20220205
784,D468,Z,Ballarat,Normal,Female,Home and lifestyle,44.51,8,17.804,373.68399999999997,2022-03-03,17:36:00,Cash,355.88,4.761904762,17.804,8.8,17,20220303
785,D516,Z,Ballarat,Member,Female,Health and beauty,10.66,5,2.665,55.839999999999996,2022-02-24,13:08:00,Ewallet,53.175,4.761904762,2.665,4.1,13,20220224
786,D404,X,Geelong,Normal,Male,Electronic accessories,75.08,7,26.278,551.6629999999999,2022-02-04,16:09:00,Credit card,525.3849999999999,4.761904762,26.278,9.0,16,20220204
787,D886,Z,Ballarat,Normal,Male,Electronic accessories,72.39,8,28.956000000000003,607.876,2022-02-19,11:33:00,Ewallet,578.92,4.761904762,28.956000000000003,5.5,11,20220219
788,D790,Z,Ballarat,Normal,Female,Health and beauty,11.49,5,2.8725,60.197500000000005,2022-01-23,10:18:00,Credit card,57.325,4.761904762,2.8725,9.3,10,20220123
789,D704,Z,Ballarat,Member,Male,Health and beauty,60.97,3,9.1455,191.9805,2022-01-14,10:55:00,Credit card,182.835,4.761904762,9.1455,5.6,10,20220114
790,D497,X,Geelong,Normal,Male,Sports and travel,59.41,7,20.793499999999998,436.4885,2022-01-17,15:15:00,Ewallet,415.695,4.761904762,20.793499999999998,9.7,15,20220117
791,D651,X,Geelong,Normal,Male,Fashion accessories,46.91,1,2.3455,49.2305,2022-03-03,20:06:00,Credit card,46.885,4.761904762,2.3455,4.0,20,20220303
792,D400,Z,Ballarat,Member,Male,Health and beauty,69.05,4,13.81,289.90999999999997,2022-02-15,20:21:00,Credit card,276.09999999999997,4.761904762,13.81,9.2,20,20220215
793,D744,Y,Melbourne,Normal,Female,Home and lifestyle,97.87,10,48.935,1027.385,2022-01-15,13:48:00,Credit card,978.45,4.761904762,48.935,4.9,13,20220115
794,D263,X,Geelong,Member,Male,Electronic accessories,93.1,7,32.585,684.1099999999999,2022-02-27,12:52:00,Credit card,651.5249999999999,4.761904762,32.585,9.3,12,20220227
795,D702,X,Geelong,Normal,Female,Electronic accessories,47.11,2,4.711,98.881,2022-02-26,12:28:00,Credit card,94.17,4.761904762,4.711,6.6,12,20220226
796,D605,Y,Melbourne,Normal,Male,Fashion accessories,27.68,2,2.7680000000000002,58.078,2022-03-15,16:26:00,Ewallet,55.31,4.761904762,2.7680000000000002,4.3,16,20220315
797,D443,Z,Ballarat,Member,Female,Home and lifestyle,61.37,1,3.0685000000000002,64.4135,2022-01-24,13:24:00,Cash,61.345,4.761904762,3.0685000000000002,5.5,13,20220124
798,D864,X,Geelong,Member,Female,Sports and travel,24.99,10,12.495000000000001,262.145,2022-02-22,15:15:00,Cash,249.64999999999998,4.761904762,12.495000000000001,8.1,15,20220222
799,D359,Y,Melbourne,Normal,Male,Health and beauty,93.28,1,4.664000000000001,97.919,2022-03-15,10:50:00,Credit card,93.255,4.761904762,4.664000000000001,9.8,10,20220315
800,D401,Z,Ballarat,Member,Male,Home and lifestyle,87.19,5,21.7975,457.6225,2022-02-11,18:38:00,Ewallet,435.825,4.761904762,21.7975,9.4,18,20220211
801,D751,Y,Melbourne,Normal,Male,Sports and travel,23.51,6,7.053000000000001,147.963,2022-01-12,16:45:00,Ewallet,140.91,4.761904762,7.053000000000001,7.9,16,20220112
802,D324,Z,Ballarat,Member,Female,Electronic accessories,30.7,8,12.280000000000001,257.68,2022-03-03,19:30:00,Ewallet,245.4,4.761904762,12.280000000000001,5.1,19,20220303
803,D474,Z,Ballarat,Member,Male,Fashion accessories,67.89,7,23.7615,498.8165,2022-03-23,13:23:00,Ewallet,475.055,4.761904762,23.7615,6.9,13,20220323
804,D759,X,Geelong,Member,Female,Fashion accessories,49.46,9,22.257,467.17199999999997,2022-03-04,11:27:00,Cash,444.91499999999996,4.761904762,22.257,8.0,11,20220304
805,D831,Y,Melbourne,Member,Female,Electronic accessories,76.09,9,34.240500000000004,718.8255,2022-02-23,11:12:00,Cash,684.585,4.761904762,34.240500000000004,8.0,11,20220223
806,D220,X,Geelong,Normal,Female,Home and lifestyle,77.97,4,15.594000000000001,327.374,2022-03-17,16:36:00,Cash,311.78000000000003,4.761904762,15.594000000000001,4.2,16,20220317
807,D618,X,Geelong,Normal,Female,Sports and travel,93.68,2,9.368,196.67800000000003,2022-01-16,18:41:00,Credit card,187.31000000000003,4.761904762,9.368,8.5,18,20220116
808,D257,X,Geelong,Normal,Female,Electronic accessories,50.73,4,10.146,212.96599999999998,2022-01-08,17:12:00,Cash,202.82,4.761904762,10.146,9.0,17,20220108
809,D559,Y,Melbourne,Normal,Female,Health and beauty,18.25,1,0.9125000000000001,19.1375,2022-01-14,10:38:00,Cash,18.224999999999998,4.761904762,0.9125000000000001,8.6,10,20220114
810,D189,Z,Ballarat,Normal,Female,Fashion accessories,62.68,10,31.340000000000003,657.89,2022-01-31,10:33:00,Ewallet,626.55,4.761904762,31.340000000000003,6.0,10,20220131
811,D565,Y,Melbourne,Normal,Male,Health and beauty,11.25,8,4.5,94.3,2022-03-15,14:38:00,Ewallet,89.8,4.761904762,4.5,6.2,14,20220315
812,D380,X,Geelong,Normal,Female,Electronic accessories,40.76,10,20.38,427.72999999999996,2022-02-24,18:06:00,Credit card,407.34999999999997,4.761904762,20.38,5.0,18,20220224
813,D815,Z,Ballarat,Member,Female,Sports and travel,65.47,5,16.3675,343.59250000000003,2022-02-08,12:52:00,Credit card,327.225,4.761904762,16.3675,6.5,12,20220208
814,D674,X,Geelong,Normal,Male,Electronic accessories,95.65,1,4.782500000000001,100.4075,2022-03-22,14:00:00,Cash,95.625,4.761904762,4.782500000000001,6.0,14,20220322
815,D778,X,Geelong,Member,Female,Electronic accessories,49.12,8,19.648,412.40799999999996,2022-01-24,10:57:00,Cash,392.75999999999993,4.761904762,19.648,5.0,10,20220124
816,D499,Y,Melbourne,Normal,Female,Food and beverages,53.71,8,21.484,450.964,2022-03-14,16:45:00,Ewallet,429.48,4.761904762,21.484,5.0,16,20220314
817,D477,Z,Ballarat,Normal,Female,Fashion accessories,45.94,7,16.079,337.484,2022-01-23,11:15:00,Cash,321.405,4.761904762,16.079,9.2,11,20220123
818,D832,X,Geelong,Normal,Male,Food and beverages,34.38,8,13.752000000000002,288.59200000000004,2022-01-19,20:29:00,Ewallet,274.84000000000003,4.761904762,13.752000000000002,9.6,20,20220119
819,D869,Y,Melbourne,Member,Male,Health and beauty,96.66,4,19.332,405.87199999999996,2022-01-27,20:03:00,Credit card,386.53999999999996,4.761904762,19.332,8.4,20,20220127
820,D190,Y,Melbourne,Member,Male,Food and beverages,47.66,5,11.915,250.08999999999997,2022-02-03,14:35:00,Credit card,238.17499999999998,4.761904762,11.915,6.0,14,20220203
821,D366,Y,Melbourne,Normal,Male,Electronic accessories,53.39,4,10.678,224.138,2022-03-25,16:32:00,Ewallet,213.46,4.761904762,10.678,6.7,16,20220325
822,D186,X,Geelong,Member,Female,Home and lifestyle,48.18,2,4.8180000000000005,101.128,2022-02-24,10:10:00,Credit card,96.31,4.761904762,4.8180000000000005,4.1,10,20220224
823,D784,Z,Ballarat,Member,Male,Sports and travel,10.67,1,0.5335,11.1785,2022-02-07,14:15:00,Cash,10.645,4.761904762,0.5335,5.9,14,20220207
824,D276,X,Geelong,Normal,Female,Health and beauty,69.21,3,10.381499999999999,217.9365,2022-03-04,10:05:00,Cash,207.555,4.761904762,10.381499999999999,8.7,10,20220304
825,D109,Y,Melbourne,Member,Female,Sports and travel,60.58,7,21.203,445.088,2022-02-14,11:36:00,Credit card,423.88500000000005,4.761904762,21.203,4.5,11,20220214
826,D569,X,Geelong,Member,Female,Sports and travel,22.51,4,4.502000000000001,94.44200000000001,2022-01-29,18:15:00,Credit card,89.94000000000001,4.761904762,4.502000000000001,6.6,18,20220129
827,D222,Y,Melbourne,Member,Female,Health and beauty,72.61,9,32.6745,685.9395,2022-01-28,13:53:00,Credit card,653.265,4.761904762,32.6745,7.7,13,20220128
828,D760,X,Geelong,Member,Male,Fashion accessories,41.78,3,6.2669999999999995,131.532,2022-03-26,18:37:00,Credit card,125.26500000000001,4.761904762,6.2669999999999995,8.5,18,20220326
829,D538,Z,Ballarat,Normal,Male,Electronic accessories,65.45,10,32.725,686.975,2022-03-24,18:27:00,Cash,654.25,4.761904762,32.725,5.2,18,20220324
830,D416,X,Geelong,Member,Female,Electronic accessories,74.72,10,37.36,784.3100000000001,2022-01-01,14:42:00,Credit card,746.95,4.761904762,37.36,4.3,14,20220101
831,D237,X,Geelong,Normal,Male,Electronic accessories,11.06,8,4.424,92.70400000000001,2022-01-24,17:43:00,Cash,88.28,4.761904762,4.424,7.6,17,20220124
832,D636,Y,Melbourne,Normal,Male,Health and beauty,63.07,4,12.614,264.794,2022-02-25,18:37:00,Cash,252.17999999999998,4.761904762,12.614,9.5,18,20220225
833,D343,Y,Melbourne,Member,Female,Sports and travel,12.35,8,4.94,103.53999999999999,2022-01-09,16:34:00,Cash,98.6,4.761904762,4.94,4.1,16,20220109
834,D528,X,Geelong,Member,Male,Health and beauty,91.8,1,4.59,96.365,2022-02-14,14:42:00,Ewallet,91.77499999999999,4.761904762,4.59,9.2,14,20220214
835,D427,Y,Melbourne,Member,Female,Home and lifestyle,41.23,7,14.4305,302.86549999999994,2022-03-12,11:01:00,Ewallet,288.43499999999995,4.761904762,14.4305,5.4,11,20220312
836,D807,X,Geelong,Normal,Male,Fashion accessories,52.88,1,2.644,55.499,2022-03-26,19:44:00,Cash,52.855000000000004,4.761904762,2.644,5.8,19,20220326
837,D288,X,Geelong,Member,Male,Fashion accessories,39.04,5,9.76,204.83499999999998,2022-01-09,13:34:00,Ewallet,195.075,4.761904762,9.76,5.6,13,20220109
838,D670,Y,Melbourne,Normal,Male,Sports and travel,45.13,6,13.539000000000001,284.16900000000004,2022-01-02,20:08:00,Credit card,270.63000000000005,4.761904762,13.539000000000001,5.1,20,20220102
839,D660,Z,Ballarat,Normal,Male,Electronic accessories,56.37,10,28.185000000000002,591.6349999999999,2022-01-15,15:01:00,Cash,563.4499999999998,4.761904762,28.185000000000002,5.8,15,20220115
840,D271,Z,Ballarat,Member,Female,Sports and travel,29.72,6,8.916,187.08599999999998,2022-01-01,11:40:00,Ewallet,178.17,4.761904762,8.916,5.0,11,20220101
841,D497,X,Geelong,Normal,Male,Fashion accessories,52.44,3,7.866,165.111,2022-02-15,15:21:00,Cash,157.245,4.761904762,7.866,7.9,15,20220215
842,D291,Y,Melbourne,Normal,Male,Electronic accessories,60.8,1,3.04,63.815,2022-02-28,17:38:00,Cash,60.775,4.761904762,3.04,6.0,17,20220228
843,D860,X,Geelong,Member,Female,Sports and travel,39.97,2,3.997,83.887,2022-03-02,16:16:00,Credit card,79.89,4.761904762,3.997,5.0,16,20220302
844,D549,Z,Ballarat,Member,Female,Food and beverages,15.37,2,1.537,32.227,2022-02-13,18:15:00,Credit card,30.689999999999998,4.761904762,1.537,8.9,18,20220213
845,D896,X,Geelong,Normal,Male,Fashion accessories,21.82,1,1.091,22.886,2022-01-26,12:43:00,Cash,21.794999999999998,4.761904762,1.091,5.9,12,20220126
846,D804,X,Geelong,Member,Male,Electronic accessories,94.28,3,14.142000000000001,296.90700000000004,2022-01-30,11:32:00,Credit card,282.76500000000004,4.761904762,14.142000000000001,5.9,11,20220130
847,D585,X,Geelong,Member,Male,Electronic accessories,73.76,1,3.6880000000000006,77.423,2022-01-27,18:08:00,Ewallet,73.735,4.761904762,3.6880000000000006,9.7,18,20220127
848,D862,Z,Ballarat,Normal,Female,Sports and travel,22.88,1,1.144,23.999,2022-01-30,17:08:00,Credit card,22.855,4.761904762,1.144,8.6,17,20220130
849,D845,Z,Ballarat,Member,Female,Food and beverages,73.38,9,33.021,693.216,2022-01-08,19:38:00,Cash,660.195,4.761904762,33.021,4.0,19,20220108
850,D125,X,Geelong,Normal,Female,Fashion accessories,99.6,6,29.880000000000003,627.3299999999999,2022-01-19,13:11:00,Cash,597.4499999999999,4.761904762,29.880000000000003,4.2,13,20220119
851,D843,X,Geelong,Normal,Male,Fashion accessories,74.6,1,3.73,78.30499999999999,2022-01-25,11:05:00,Cash,74.57499999999999,4.761904762,3.73,9.2,11,20220125
852,D409,X,Geelong,Normal,Female,Fashion accessories,98.98,2,9.898000000000001,207.80800000000002,2022-02-19,10:12:00,Ewallet,197.91000000000003,4.761904762,9.898000000000001,9.2,10,20220219
853,D658,Z,Ballarat,Normal,Male,Health and beauty,53.69,7,18.7915,394.44649999999996,2022-01-14,15:42:00,Ewallet,375.655,4.761904762,18.7915,5.0,15,20220114
854,D866,Y,Melbourne,Normal,Female,Electronic accessories,53.29,10,26.645000000000003,559.295,2022-02-25,11:58:00,Ewallet,532.65,4.761904762,26.645000000000003,10.0,11,20220225
855,D160,X,Geelong,Member,Female,Health and beauty,96.45,5,24.112500000000004,506.2375,2022-01-23,14:21:00,Ewallet,482.125,4.761904762,24.112500000000004,8.8,14,20220123
856,D895,Y,Melbourne,Normal,Female,Fashion accessories,37.01,9,16.6545,349.5195,2022-02-16,10:52:00,Cash,332.865,4.761904762,16.6545,4.2,10,20220216
857,D770,Y,Melbourne,Normal,Male,Food and beverages,21.62,8,8.648000000000001,181.40800000000002,2022-01-01,19:31:00,Cash,172.76000000000002,4.761904762,8.648000000000001,6.3,19,20220101
858,D748,X,Geelong,Member,Female,Home and lifestyle,28.81,4,5.7620000000000005,120.902,2022-03-07,18:35:00,Cash,115.14,4.761904762,5.7620000000000005,8.2,18,20220307
859,D234,Y,Melbourne,Normal,Male,Health and beauty,58.09,6,17.427000000000003,365.817,2022-02-15,13:51:00,Cash,348.39,4.761904762,17.427000000000003,5.1,13,20220215
860,D316,X,Geelong,Member,Female,Food and beverages,48.13,9,21.658500000000004,454.6035,2022-01-23,12:35:00,Cash,432.945,4.761904762,21.658500000000004,5.0,12,20220123
861,D848,Z,Ballarat,Member,Female,Home and lifestyle,86.77,1,4.3385,91.0835,2022-02-20,13:24:00,Ewallet,86.745,4.761904762,4.3385,7.0,13,20220220
862,D840,X,Geelong,Member,Male,Sports and travel,13.26,2,1.326,27.796,2022-01-08,18:06:00,Ewallet,26.47,4.761904762,1.326,7.8,18,20220108
863,D152,Y,Melbourne,Normal,Female,Home and lifestyle,11.78,9,5.301,111.09599999999999,2022-03-17,11:55:00,Credit card,105.79499999999999,4.761904762,5.301,4.3,11,20220317
864,D533,Y,Melbourne,Normal,Female,Home and lifestyle,51.57,7,18.049500000000002,378.8645,2022-01-12,11:42:00,Cash,360.815,4.761904762,18.049500000000002,7.0,11,20220112
865,D124,X,Geelong,Member,Female,Electronic accessories,80.09,3,12.0135,252.20850000000002,2022-01-08,14:30:00,Cash,240.19500000000002,4.761904762,12.0135,6.6,14,20220108
866,D176,Z,Ballarat,Member,Male,Health and beauty,34.31,3,5.1465000000000005,108.00150000000001,2022-01-26,15:11:00,Ewallet,102.855,4.761904762,5.1465000000000005,7.3,15,20220126
867,D361,Y,Melbourne,Member,Male,Sports and travel,91.03,8,36.412,764.452,2022-03-15,14:48:00,Credit card,728.04,4.761904762,36.412,6.5,14,20220315
868,D101,Z,Ballarat,Member,Female,Health and beauty,63.32,2,6.332000000000001,132.922,2022-01-17,12:36:00,Ewallet,126.59,4.761904762,6.332000000000001,4.9,12,20220117
869,D631,Z,Ballarat,Member,Male,Food and beverages,24.81,3,3.7215,78.0765,2022-01-08,19:09:00,Credit card,74.35499999999999,4.761904762,3.7215,4.3,19,20220108
870,D852,X,Geelong,Normal,Male,Sports and travel,65.09,4,13.018,273.278,2022-01-06,13:35:00,Ewallet,260.26,4.761904762,13.018,9.3,13,20220106
871,D873,X,Geelong,Member,Male,Food and beverages,25.32,7,8.862,185.92700000000002,2022-02-16,10:33:00,Credit card,177.06500000000003,4.761904762,8.862,7.1,10,20220216
872,D584,Z,Ballarat,Normal,Male,Fashion accessories,57.0,1,2.85,59.825,2022-03-13,15:45:00,Ewallet,56.975,4.761904762,2.85,9.6,15,20220313
873,D544,Y,Melbourne,Member,Female,Electronic accessories,21.93,10,10.965,230.01500000000001,2022-01-28,11:51:00,Cash,219.05,4.761904762,10.965,6.2,11,20220128
874,D166,X,Geelong,Member,Male,Sports and travel,89.56,6,26.868000000000002,564.078,2022-01-18,17:26:00,Cash,537.2099999999999,4.761904762,26.868000000000002,9.9,17,20220118
875,D737,X,Geelong,Member,Male,Home and lifestyle,23.79,4,4.758,99.818,2022-03-19,11:52:00,Credit card,95.06,4.761904762,4.758,5.9,11,20220319
876,D154,Z,Ballarat,Normal,Male,Home and lifestyle,65.76,8,26.304000000000002,552.1840000000001,2022-03-15,14:04:00,Ewallet,525.8800000000001,4.761904762,26.304000000000002,6.3,14,20220315
877,D885,Z,Ballarat,Member,Male,Fashion accessories,52.85,1,2.6425,55.4675,2022-02-12,17:49:00,Cash,52.825,4.761904762,2.6425,4.0,17,20220212
878,D608,Y,Melbourne,Member,Male,Electronic accessories,40.25,1,2.0125,42.2375,2022-02-25,20:19:00,Cash,40.224999999999994,4.761904762,2.0125,6.1,20,20220225
879,D448,X,Geelong,Normal,Female,Electronic accessories,90.52,8,36.208,760.168,2022-03-21,16:08:00,Credit card,723.96,4.761904762,36.208,4.5,16,20220321
880,D761,Y,Melbourne,Member,Female,Electronic accessories,12.6,8,5.04,105.64,2022-01-19,10:17:00,Ewallet,100.6,4.761904762,5.04,8.6,10,20220119
881,D490,Y,Melbourne,Member,Female,Food and beverages,33.71,10,16.855000000000004,353.70500000000004,2022-01-08,14:25:00,Ewallet,336.85,4.761904762,16.855000000000004,6.0,14,20220108
882,D115,Z,Ballarat,Member,Female,Fashion accessories,10.68,8,4.272,89.512,2022-03-30,12:51:00,Credit card,85.24,4.761904762,4.272,9.5,12,20220330
883,D311,Y,Melbourne,Member,Male,Sports and travel,32.489999999999995,10,16.244999999999997,340.895,2022-02-20,15:18:00,Credit card,324.65,4.761904762,16.244999999999997,9.9,15,20220220
884,D291,X,Geelong,Member,Female,Home and lifestyle,34.92,6,10.476,219.846,2022-03-30,12:45:00,Ewallet,209.37,4.761904762,10.476,7.5,12,20220330
885,D548,X,Geelong,Member,Female,Food and beverages,83.84,2,8.384,176.014,2022-03-19,13:37:00,Cash,167.63,4.761904762,8.384,7.6,13,20220319
886,D460,X,Geelong,Normal,Male,Sports and travel,46.08,7,16.128,338.513,2022-01-13,10:03:00,Cash,322.385,4.761904762,16.128,5.0,10,20220113
887,D325,X,Geelong,Member,Male,Food and beverages,88.4,1,4.420000000000001,92.795,2022-02-05,19:42:00,Ewallet,88.375,4.761904762,4.420000000000001,6.7,19,20220205
888,D884,X,Geelong,Member,Female,Electronic accessories,73.97,10,36.985,776.4350000000001,2022-03-23,13:14:00,Ewallet,739.45,4.761904762,36.985,9.5,13,20220323
889,D137,Z,Ballarat,Normal,Female,Fashion accessories,12.69,8,5.0760000000000005,106.396,2022-03-13,12:47:00,Ewallet,101.32,4.761904762,5.0760000000000005,6.8,12,20220313
890,D880,X,Geelong,Member,Male,Sports and travel,77.42,10,38.71000000000001,812.6600000000001,2022-03-17,19:53:00,Ewallet,773.95,4.761904762,38.71000000000001,5.6,19,20220317
891,D389,Z,Ballarat,Normal,Female,Health and beauty,84.16,5,21.04,441.715,2022-02-21,10:26:00,Cash,420.67499999999995,4.761904762,21.04,7.2,10,20220221
892,D114,Y,Melbourne,Normal,Female,Electronic accessories,58.41,8,23.364,490.44399999999996,2022-02-07,15:06:00,Cash,467.08,4.761904762,23.364,8.1,15,20220207
893,D607,Z,Ballarat,Member,Female,Fashion accessories,92.99,5,23.2475,488.0725,2022-03-02,16:35:00,Credit card,464.825,4.761904762,23.2475,8.6,16,20220302
894,D715,Y,Melbourne,Normal,Male,Electronic accessories,28.88,5,7.22,151.495,2022-03-06,20:57:00,Cash,144.275,4.761904762,7.22,9.4,20,20220306
895,D811,Y,Melbourne,Member,Male,Electronic accessories,50.95,6,15.285000000000002,320.83500000000004,2022-02-06,15:16:00,Credit card,305.55,4.761904762,15.285000000000002,8.9,15,20220206
896,D699,Y,Melbourne,Normal,Male,Health and beauty,99.66,8,39.864000000000004,836.944,2022-01-28,17:47:00,Credit card,797.0799999999999,4.761904762,39.864000000000004,4.2,17,20220128
897,D781,Z,Ballarat,Normal,Male,Fashion accessories,61.24,7,21.434,449.939,2022-01-18,16:23:00,Ewallet,428.505,4.761904762,21.434,5.0,16,20220118
898,D409,Z,Ballarat,Member,Female,Food and beverages,47.77,6,14.331,300.801,2022-02-05,10:17:00,Cash,286.46999999999997,4.761904762,14.331,8.8,10,20220205
899,D725,Z,Ballarat,Member,Male,Health and beauty,86.1,7,30.134999999999998,632.66,2022-03-02,13:50:00,Cash,602.525,4.761904762,30.134999999999998,5.3,13,20220302
900,D146,X,Geelong,Member,Male,Food and beverages,35.54,9,15.993000000000002,335.62800000000004,2022-02-09,19:17:00,Ewallet,319.63500000000005,4.761904762,15.993000000000002,4.6,19,20220209
901,D377,Z,Ballarat,Member,Female,Electronic accessories,45.34,9,20.403000000000002,428.23800000000006,2022-01-14,14:00:00,Credit card,407.83500000000004,4.761904762,20.403000000000002,7.5,14,20220114
902,D509,Y,Melbourne,Normal,Male,Home and lifestyle,46.47,4,9.294,195.07399999999998,2022-02-09,12:02:00,Ewallet,185.77999999999997,4.761904762,9.294,5.1,12,20220209
903,D595,X,Geelong,Member,Female,Health and beauty,28.23,5,7.057500000000001,148.0825,2022-03-26,20:21:00,Credit card,141.025,4.761904762,7.057500000000001,4.2,20,20220326
904,D865,X,Geelong,Normal,Male,Food and beverages,12.03,7,4.210500000000001,88.24549999999999,2022-01-28,17:35:00,Cash,84.035,4.761904762,4.210500000000001,8.1,17,20220128
905,D545,Z,Ballarat,Normal,Female,Health and beauty,58.82,2,5.882000000000001,123.472,2022-02-14,12:42:00,Ewallet,117.58999999999999,4.761904762,5.882000000000001,6.0,12,20220214
906,D118,Z,Ballarat,Member,Female,Home and lifestyle,78.88,4,15.776,331.19599999999997,2022-03-24,17:56:00,Cash,315.41999999999996,4.761904762,15.776,7.9,17,20220324
907,D450,Z,Ballarat,Normal,Male,Health and beauty,85.11,10,42.55500000000001,893.405,2022-02-09,18:58:00,Credit card,850.8499999999999,4.761904762,42.55500000000001,8.8,18,20220209
908,D851,Y,Melbourne,Normal,Female,Health and beauty,83.38,5,20.845,437.62,2022-03-24,14:08:00,Credit card,416.775,4.761904762,20.845,6.6,14,20220324
909,D186,X,Geelong,Member,Female,Food and beverages,80.04,2,8.004000000000001,168.03400000000002,2022-03-27,16:30:00,Ewallet,160.03000000000003,4.761904762,8.004000000000001,6.2,16,20220327
910,D624,Y,Melbourne,Normal,Female,Home and lifestyle,49.51,10,24.755000000000003,519.605,2022-01-27,10:44:00,Credit card,494.85,4.761904762,24.755000000000003,4.2,10,20220127
911,D313,Y,Melbourne,Member,Female,Food and beverages,29.65,3,4.4475,93.32249999999999,2022-03-27,20:29:00,Credit card,88.87499999999999,4.761904762,4.4475,7.3,20,20220327
912,D151,Z,Ballarat,Normal,Female,Electronic accessories,56.63,4,11.326,237.746,2022-01-19,11:43:00,Ewallet,226.42000000000002,4.761904762,11.326,8.6,11,20220119
913,D453,X,Geelong,Normal,Female,Home and lifestyle,93.62,8,37.448,786.2080000000001,2022-02-07,10:09:00,Cash,748.7600000000001,4.761904762,37.448,6.8,10,20220207
914,D522,X,Geelong,Member,Male,Fashion accessories,51.84,8,20.736000000000004,435.25600000000003,2022-01-31,10:00:00,Ewallet,414.52000000000004,4.761904762,20.736000000000004,7.6,10,20220131
915,D459,X,Geelong,Member,Female,Food and beverages,100.1,3,15.015,315.23999999999995,2022-02-25,18:45:00,Cash,300.22499999999997,4.761904762,15.015,5.8,18,20220225
916,D717,Z,Ballarat,Normal,Female,Electronic accessories,35.99,6,10.797,226.587,2022-02-02,12:40:00,Cash,215.79,4.761904762,10.797,4.1,12,20220202
917,D722,Z,Ballarat,Member,Male,Sports and travel,43.35,1,2.1675,45.4925,2022-03-14,15:36:00,Credit card,43.325,4.761904762,2.1675,9.3,15,20220314
918,D749,X,Geelong,Normal,Female,Fashion accessories,95.17,4,19.034000000000002,399.61400000000003,2022-03-11,12:04:00,Cash,380.58000000000004,4.761904762,19.034000000000002,6.8,12,20220311
919,D777,Y,Melbourne,Normal,Male,Home and lifestyle,69.47,3,10.4205,218.75549999999998,2022-02-22,11:26:00,Ewallet,208.33499999999998,4.761904762,10.4205,8.7,11,20220222
920,D636,Y,Melbourne,Member,Female,Electronic accessories,26.76,3,4.014,84.219,2022-03-02,12:36:00,Ewallet,80.205,4.761904762,4.014,6.3,12,20220302
921,D246,Z,Ballarat,Member,Female,Home and lifestyle,36.29,9,16.3305,342.7155,2022-03-10,15:06:00,Credit card,326.385,4.761904762,16.3305,5.1,15,20220310
922,D181,Y,Melbourne,Normal,Female,Home and lifestyle,16.87,6,5.061000000000001,106.131,2022-02-08,10:58:00,Cash,101.07,4.761904762,5.061000000000001,7.0,10,20220208
923,D838,Z,Ballarat,Member,Female,Home and lifestyle,13.23,2,1.3230000000000002,27.733,2022-02-22,12:10:00,Credit card,26.41,4.761904762,1.3230000000000002,5.2,12,20220222
924,D887,Z,Ballarat,Normal,Female,Sports and travel,83.64,7,29.274,614.5790000000001,2022-01-10,10:31:00,Credit card,585.3050000000001,4.761904762,29.274,6.6,10,20220110
925,D457,Z,Ballarat,Member,Female,Sports and travel,35.72,6,10.716000000000001,224.886,2022-03-14,13:49:00,Ewallet,214.17,4.761904762,10.716000000000001,6.5,13,20220314
926,D226,Y,Melbourne,Normal,Female,Electronic accessories,14.28,4,2.856,59.876,2022-01-10,11:10:00,Ewallet,57.019999999999996,4.761904762,2.856,9.0,11,20220110
927,D321,Y,Melbourne,Member,Male,Sports and travel,88.81,1,4.4405,93.2255,2022-02-15,17:38:00,Credit card,88.785,4.761904762,4.4405,5.2,17,20220215
928,D397,X,Geelong,Member,Female,Health and beauty,40.12,9,18.054,378.909,2022-01-13,17:54:00,Credit card,360.855,4.761904762,18.054,6.8,17,20220113
929,D431,Y,Melbourne,Normal,Female,Electronic accessories,88.75,9,39.9375,838.4625,2022-02-15,20:51:00,Credit card,798.525,4.761904762,39.9375,7.6,20,20220215
930,D825,Y,Melbourne,Normal,Male,Sports and travel,25.81,2,2.581,54.150999999999996,2022-03-02,19:26:00,Ewallet,51.56999999999999,4.761904762,2.581,7.2,19,20220302
931,D641,Y,Melbourne,Normal,Male,Home and lifestyle,100.42,6,30.126000000000005,632.496,2022-03-24,13:33:00,Ewallet,602.37,4.761904762,30.126000000000005,7.1,13,20220324
932,D756,Z,Ballarat,Member,Female,Fashion accessories,83.85,2,8.385,176.035,2022-02-02,14:05:00,Credit card,167.65,4.761904762,8.385,9.5,14,20220202
933,D243,X,Geelong,Normal,Female,Food and beverages,74.94,10,37.47,786.62,2022-02-27,11:40:00,Ewallet,749.15,4.761904762,37.47,5.1,11,20220227
934,D458,Z,Ballarat,Normal,Male,Health and beauty,64.58,7,22.603,474.488,2022-01-20,12:27:00,Ewallet,451.885,4.761904762,22.603,7.6,12,20220120
935,D501,Y,Melbourne,Normal,Female,Home and lifestyle,63.65,6,19.095,400.84499999999997,2022-01-03,20:24:00,Ewallet,381.75,4.761904762,19.095,9.8,20,20220103
936,D235,Z,Ballarat,Member,Male,Home and lifestyle,86.22,3,12.933,271.518,2022-01-24,20:59:00,Ewallet,258.585,4.761904762,12.933,5.1,20,20220124
937,D433,Z,Ballarat,Normal,Female,Health and beauty,79.39,7,27.7865,583.3415,2022-01-05,19:48:00,Ewallet,555.555,4.761904762,27.7865,7.5,19,20220105
938,D361,X,Geelong,Normal,Female,Sports and travel,89.98,5,22.495000000000005,472.27000000000004,2022-03-30,10:18:00,Cash,449.77500000000003,4.761904762,22.495000000000005,7.4,10,20220330
939,D131,X,Geelong,Member,Female,Health and beauty,92.59,3,13.8885,291.58349999999996,2022-02-17,16:27:00,Cash,277.69499999999994,4.761904762,13.8885,4.2,16,20220217
940,D500,Z,Ballarat,Normal,Female,Food and beverages,57.79,6,17.337,363.927,2022-03-21,17:04:00,Ewallet,346.59000000000003,4.761904762,17.337,5.9,17,20220321
941,D720,X,Geelong,Normal,Male,Food and beverages,67.02,4,13.404,281.38399999999996,2022-03-02,18:14:00,Ewallet,267.97999999999996,4.761904762,13.404,6.9,18,20220302
942,D702,Z,Ballarat,Member,Male,Fashion accessories,100.32,9,45.144,947.7989999999999,2022-03-27,10:43:00,Cash,902.6549999999999,4.761904762,45.144,6.6,10,20220327
943,D809,X,Geelong,Normal,Female,Home and lifestyle,46.18,10,23.090000000000003,484.64,2022-01-19,19:30:00,Ewallet,461.54999999999995,4.761904762,23.090000000000003,5.7,19,20220119
944,D449,X,Geelong,Normal,Male,Health and beauty,51.29,5,12.822500000000002,269.1475,2022-02-19,14:53:00,Credit card,256.325,4.761904762,12.822500000000002,5.3,14,20220219
945,D333,X,Geelong,Member,Male,Health and beauty,10.58,7,3.7030000000000003,77.58800000000001,2022-03-28,20:14:00,Cash,73.885,4.761904762,3.7030000000000003,4.2,20,20220328
946,D489,X,Geelong,Normal,Female,Electronic accessories,94.38,7,33.033,693.5179999999999,2022-01-05,11:51:00,Credit card,660.4849999999999,4.761904762,33.033,7.3,11,20220105
947,D859,Z,Ballarat,Member,Male,Electronic accessories,84.75,2,8.475,177.925,2022-03-26,14:13:00,Credit card,169.45000000000002,4.761904762,8.475,5.3,14,20220326
948,D676,Y,Melbourne,Member,Male,Fashion accessories,54.28,1,2.7140000000000004,56.969,2022-02-03,20:13:00,Ewallet,54.255,4.761904762,2.7140000000000004,4.7,20,20220203
949,D373,Z,Ballarat,Member,Male,Home and lifestyle,36.31,5,9.0775,190.5025,2022-02-06,18:44:00,Ewallet,181.425,4.761904762,9.0775,7.9,18,20220206
950,D365,Y,Melbourne,Normal,Female,Food and beverages,26.93,8,10.772,226.012,2022-02-24,14:26:00,Ewallet,215.24,4.761904762,10.772,8.9,14,20220224
951,D503,Y,Melbourne,Member,Male,Health and beauty,40.41,3,6.061499999999999,127.2165,2022-02-21,12:40:00,Ewallet,121.155,4.761904762,6.061499999999999,9.3,12,20220221
952,D305,Y,Melbourne,Member,Female,Home and lifestyle,22.4,3,3.3599999999999994,70.48499999999999,2022-01-09,18:43:00,Ewallet,67.12499999999999,4.761904762,3.3599999999999994,4.7,18,20220109
953,D574,Y,Melbourne,Member,Female,Food and beverages,63.35,4,12.670000000000002,265.97,2022-02-25,13:22:00,Ewallet,253.3,4.761904762,12.670000000000002,8.7,13,20220225
954,D784,Z,Ballarat,Member,Female,Food and beverages,21.54,4,4.308,90.368,2022-01-13,13:58:00,Cash,86.06,4.761904762,4.308,7.6,13,20220113
955,D200,Y,Melbourne,Member,Male,Home and lifestyle,66.41,6,19.923000000000002,418.233,2022-02-09,11:45:00,Cash,398.31,4.761904762,19.923000000000002,5.7,11,20220209
956,D846,X,Geelong,Normal,Female,Fashion accessories,43.07,7,15.0745,316.3895,2022-01-06,11:51:00,Cash,301.315,4.761904762,15.0745,6.8,11,20220106
957,D577,Z,Ballarat,Member,Male,Food and beverages,50.99,9,22.945500000000003,481.63050000000004,2022-01-10,17:16:00,Cash,458.68500000000006,4.761904762,22.945500000000003,5.4,17,20220110
958,D430,Y,Melbourne,Normal,Male,Electronic accessories,46.52,6,13.956,292.926,2022-02-07,15:55:00,Cash,278.96999999999997,4.761904762,13.956,7.1,15,20220207
959,D867,Z,Ballarat,Normal,Female,Home and lifestyle,16.3,10,8.15,170.9,2022-01-09,12:07:00,Cash,162.75,4.761904762,8.15,7.8,12,20220109
960,D384,X,Geelong,Member,Female,Food and beverages,99.16,9,44.622,936.837,2022-02-19,15:07:00,Cash,892.215,4.761904762,44.622,8.4,15,20220219
961,D256,Z,Ballarat,Member,Male,Fashion accessories,92.48,1,4.6240000000000006,97.07900000000001,2022-03-18,15:29:00,Cash,92.45500000000001,4.761904762,4.6240000000000006,9.8,15,20220318
962,D324,X,Geelong,Member,Male,Electronic accessories,21.39,2,2.1390000000000002,44.869,2022-02-05,18:45:00,Cash,42.73,4.761904762,2.1390000000000002,9.8,18,20220205
963,D593,X,Geelong,Normal,Female,Fashion accessories,16.0,1,0.8,16.775,2022-03-19,15:23:00,Credit card,15.974999999999998,4.761904762,0.8,7.4,15,20220319
964,D364,Z,Ballarat,Member,Male,Electronic accessories,97.32,3,14.597999999999999,306.483,2022-03-30,20:37:00,Cash,291.885,4.761904762,14.597999999999999,6.7,20,20220330
965,D794,Y,Melbourne,Normal,Male,Food and beverages,33.83,2,3.383,70.993,2022-01-26,14:41:00,Credit card,67.61,4.761904762,3.383,6.4,14,20220126
966,D172,Y,Melbourne,Normal,Female,Electronic accessories,38.77,2,3.8770000000000007,81.367,2022-03-02,18:18:00,Credit card,77.49000000000001,4.761904762,3.8770000000000007,5.8,18,20220302
967,D558,X,Geelong,Normal,Female,Home and lifestyle,33.8,9,15.209999999999999,319.185,2022-03-04,15:27:00,Ewallet,303.975,4.761904762,15.209999999999999,7.2,15,20220304
968,D195,X,Geelong,Member,Male,Home and lifestyle,81.51,3,12.226500000000001,256.6815,2022-01-13,12:55:00,Credit card,244.45500000000004,4.761904762,12.226500000000001,9.3,12,20220113
969,D605,X,Geelong,Normal,Female,Health and beauty,16.3,3,2.4450000000000003,51.27,2022-03-25,18:02:00,Cash,48.825,4.761904762,2.4450000000000003,9.5,18,20220325
970,D214,Y,Melbourne,Member,Female,Electronic accessories,34.99,5,8.747500000000002,183.57250000000002,2022-03-11,19:44:00,Credit card,174.82500000000002,4.761904762,8.747500000000002,9.0,19,20220311
971,D746,Y,Melbourne,Member,Female,Food and beverages,85.13,10,42.565,893.615,2022-01-01,11:36:00,Credit card,851.05,4.761904762,42.565,9.0,11,20220101
972,D448,Y,Melbourne,Member,Male,Home and lifestyle,37.41,7,13.093499999999999,274.7885,2022-02-10,13:51:00,Ewallet,261.695,4.761904762,13.093499999999999,6.7,13,20220210
973,D452,Y,Melbourne,Normal,Male,Electronic accessories,87.58,7,30.653000000000002,643.5379999999999,2022-01-26,15:17:00,Cash,612.8849999999999,4.761904762,30.653000000000002,5.5,15,20220126
974,D531,X,Geelong,Normal,Male,Home and lifestyle,80.58,3,12.087,253.752,2022-02-11,15:29:00,Cash,241.66500000000002,4.761904762,12.087,5.4,15,20220211
975,D744,Z,Ballarat,Normal,Male,Fashion accessories,86.63,2,8.663,181.873,2022-02-07,17:59:00,Cash,173.20999999999998,4.761904762,8.663,8.2,17,20220207
976,D883,Y,Melbourne,Member,Male,Fashion accessories,50.42,2,5.042000000000001,105.83200000000001,2022-03-06,11:55:00,Credit card,100.79,4.761904762,5.042000000000001,7.0,11,20220306
977,D221,X,Geelong,Normal,Female,Food and beverages,75.16,4,15.032,315.572,2022-03-04,10:39:00,Cash,300.54,4.761904762,15.032,8.5,10,20220304
978,D518,Y,Melbourne,Member,Male,Food and beverages,27.1,6,8.13,170.58,2022-02-26,15:10:00,Ewallet,162.45000000000002,4.761904762,8.13,4.9,15,20220226
979,D156,Y,Melbourne,Normal,Female,Electronic accessories,25.95,1,1.2975,27.2225,2022-03-10,18:10:00,Credit card,25.925,4.761904762,1.2975,5.1,18,20220310
980,D151,Y,Melbourne,Normal,Female,Food and beverages,68.27,1,3.4135,71.65849999999999,2022-02-04,20:43:00,Credit card,68.24499999999999,4.761904762,3.4135,6.5,20,20220204
981,D728,Z,Ballarat,Member,Male,Food and beverages,60.09,4,12.018,252.27800000000002,2022-01-19,12:46:00,Cash,240.26000000000002,4.761904762,12.018,9.8,12,20220119
982,D809,X,Geelong,Normal,Male,Health and beauty,58.65,4,11.73,246.23,2022-01-23,17:44:00,Cash,234.5,4.761904762,11.73,8.4,17,20220123
983,D139,X,Geelong,Member,Female,Sports and travel,97.98,9,44.09100000000001,925.686,2022-03-14,14:19:00,Ewallet,881.595,4.761904762,44.09100000000001,7.4,14,20220314
984,D148,Z,Ballarat,Normal,Male,Health and beauty,100.46,7,35.161,738.2059999999999,2022-01-23,10:33:00,Cash,703.0449999999998,4.761904762,35.161,6.1,10,20220123
985,D189,Z,Ballarat,Normal,Male,Electronic accessories,96.87,7,33.904500000000006,711.8195000000001,2022-01-09,11:40:00,Cash,677.9150000000001,4.761904762,33.904500000000006,6.0,11,20220109
986,D374,Y,Melbourne,Normal,Female,Fashion accessories,64.21000000000001,5,16.052500000000002,336.9775000000001,2022-02-07,19:30:00,Ewallet,320.92500000000007,4.761904762,16.052500000000002,8.5,19,20220207
987,D764,Y,Melbourne,Normal,Female,Health and beauty,15.26,2,1.526,31.996,2022-02-18,14:42:00,Ewallet,30.47,4.761904762,1.526,4.3,14,20220218
988,D552,Y,Melbourne,Member,Male,Health and beauty,62.5,8,25.0,524.8,2022-01-03,19:08:00,Credit card,499.79999999999995,4.761904762,25.0,6.2,19,20220103
989,D267,Z,Ballarat,Member,Male,Electronic accessories,82.84,10,41.42,869.57,2022-03-29,19:12:00,Ewallet,828.1500000000001,4.761904762,41.42,4.3,19,20220329
990,D430,Y,Melbourne,Member,Male,Health and beauty,75.87,8,30.348000000000003,637.1080000000001,2022-01-28,15:46:00,Credit card,606.7600000000001,4.761904762,30.348000000000003,8.4,15,20220128
991,D886,X,Geelong,Normal,Female,Food and beverages,57.06,5,14.265,299.44,2022-03-22,19:06:00,Credit card,285.175,4.761904762,14.265,4.5,19,20220322
992,D602,Y,Melbourne,Normal,Female,Sports and travel,77.1,10,38.55,809.3,2022-01-24,18:10:00,Ewallet,770.75,4.761904762,38.55,6.0,18,20220124
993,D745,X,Geelong,Normal,Male,Electronic accessories,58.53,2,5.853000000000001,122.863,2022-03-10,20:46:00,Ewallet,117.01,4.761904762,5.853000000000001,8.8,20,20220310
994,D690,Y,Melbourne,Normal,Male,Fashion accessories,17.99,10,8.995,188.64499999999998,2022-02-22,18:35:00,Ewallet,179.64999999999998,4.761904762,8.995,6.6,18,20220222
995,D652,Z,Ballarat,Member,Female,Electronic accessories,61.45,1,3.0725000000000002,64.4975,2022-02-18,11:40:00,Ewallet,61.425000000000004,4.761904762,3.0725000000000002,5.9,11,20220218
996,D233,Z,Ballarat,Normal,Male,Health and beauty,40.85,1,2.0425,42.8675,2022-01-29,13:46:00,Ewallet,40.825,4.761904762,2.0425,6.2,13,20220129
997,D303,Y,Melbourne,Normal,Female,Home and lifestyle,97.88,10,48.94,1027.49,2022-03-02,17:16:00,Ewallet,978.55,4.761904762,48.94,4.4,17,20220302
998,D727,X,Geelong,Member,Male,Food and beverages,32.34,1,1.6170000000000002,33.932,2022-02-09,13:22:00,Cash,32.315000000000005,4.761904762,1.6170000000000002,7.7,13,20220209
999,D347,X,Geelong,Normal,Male,Home and lifestyle,66.32,1,3.316,69.61099999999999,2022-02-22,15:33:00,Cash,66.29499999999999,4.761904762,3.316,4.1,15,20220222
1000,D849,X,Geelong,Member,Female,Fashion accessories,88.84,7,31.094,652.799,2022-02-18,13:28:00,Cash,621.7049999999999,4.761904762,31.094,6.6,13,20220218
