CustomerID,CustomerName,SignupDate,Industry,Country,Segment
CU000001,Account 000001,2022-12-30,Finance,Australia,Enterprise
CU000002,Account 000002,2026-01-30,Education,Singapore,SMB
CU000003,Account 000003,2026-06-06,Healthcare,Australia,SMB
CU000004,Account 000004,2024-11-02,Professional Services,Singapore,SMB
CU000005,Account 000005,2025-12-12,Healthcare,Canada,Enterprise
CU000006,Account 000006,2022-12-27,Education,United States,Mid-Market
CU000007,Account 000007,2022-01-24,Education,Singapore,SMB
CU000008,Account 000008,2024-05-14,Retail,Germany,Enterprise
CU000009,Account 000009,2023-12-16,Professional Services,Singapore,Mid-Market
CU000010,Account 000010,2025-08-06,Healthcare,Germany,Mid-Market
CU000011,Account 000011,2024-08-14,Healthcare,United States,SMB
CU000012,Account 000012,2023-01-06,Education,Canada,SMB
CU000013,Account 000013,2023-05-07,Healthcare,United States,SMB
CU000014,Account 000014,2023-10-15,Healthcare,Canada,Enterprise
CU000015,Account 000015,2022-06-23,Healthcare,United Kingdom,Enterprise
CU000016,Account 000016,2024-10-30,Retail,Australia,Enterprise
CU000017,Account 000017,2026-03-08,Finance,United Kingdom,Mid-Market
CU000018,Account 000018,2025-04-05,Finance,United States,SMB
CU000019,Account 000019,2025-10-03,Manufacturing,United States,Enterprise
CU000020,Account 000020,2024-08-29,Retail,United States,Enterprise
CU000021,Account 000021,2023-12-28,Education,Germany,Mid-Market
CU000022,Account 000022,2022-02-05,Education,United Kingdom,Mid-Market
CU000023,Account 000023,2022-02-22,Education,Singapore,SMB
CU000024,Account 000024,2023-12-15,Finance,United Kingdom,Enterprise
CU000025,Account 000025,2025-01-11,Professional Services,Singapore,SMB
CU000026,Account 000026,2022-08-10,Retail,Germany,Mid-Market
CU000027,Account 000027,2024-01-20,Healthcare,United Kingdom,Enterprise
CU000028,Account 000028,2024-02-06,Finance,Germany,Mid-Market
CU000029,Account 000029,2024-12-04,Finance,Germany,SMB
CU000030,Account 000030,2024-11-07,Finance,Australia,Mid-Market
CU000031,Account 000031,2023-01-30,Manufacturing,United Kingdom,SMB
CU000032,Account 000032,2023-06-06,Finance,Australia,SMB
CU000033,Account 000033,2024-02-19,Professional Services,United States,SMB
CU000034,Account 000034,2022-10-21,Education,Germany,Enterprise
CU000035,Account 000035,2024-11-18,Finance,Germany,Enterprise
CU000036,Account 000036,2025-04-01,Retail,United Kingdom,SMB
CU000037,Account 000037,2022-12-12,Retail,United Kingdom,Mid-Market
CU000038,Account 000038,2026-03-16,Education,Australia,Enterprise
CU000039,Account 000039,2025-07-11,Healthcare,Canada,SMB
CU000040,Account 000040,2022-11-17,Software,United States,Enterprise
CU000041,Account 000041,2025-10-20,Education,Canada,Mid-Market
CU000042,Account 000042,2025-02-23,Manufacturing,Australia,Mid-Market
CU000043,Account 000043,2025-08-11,Healthcare,United States,Mid-Market
CU000044,Account 000044,2024-01-02,Education,Germany,SMB
CU000045,Account 000045,2024-07-04,Software,Germany,SMB
CU000046,Account 000046,2023-02-12,Education,Australia,SMB
CU000047,Account 000047,2023-05-01,Retail,Singapore,Enterprise
CU000048,Account 000048,2025-02-03,Finance,Australia,Mid-Market
CU000049,Account 000049,2024-02-12,Manufacturing,United States,Enterprise
CU000050,Account 000050,2025-02-19,Manufacturing,United States,SMB
CU000051,Account 000051,2022-02-22,Education,Australia,Mid-Market
CU000052,Account 000052,2024-06-01,Finance,United States,SMB
CU000053,Account 000053,2024-10-14,Healthcare,United States,Mid-Market
CU000054,Account 000054,2023-08-20,Retail,Canada,SMB
CU000055,Account 000055,2022-06-07,Education,Germany,Enterprise
CU000056,Account 000056,2024-11-28,Software,Singapore,Mid-Market
CU000057,Account 000057,2022-12-10,Healthcare,United States,Mid-Market
CU000058,Account 000058,2026-04-05,Education,Germany,SMB
CU000059,Account 000059,2022-04-01,Professional Services,Germany,SMB
CU000060,Account 000060,2025-09-30,Professional Services,Canada,Mid-Market
CU000061,Account 000061,2024-12-17,Education,United States,SMB
CU000062,Account 000062,2024-02-02,Healthcare,Canada,Enterprise
CU000063,Account 000063,2025-09-01,Manufacturing,Canada,Mid-Market
CU000064,Account 000064,2024-10-16,Finance,Australia,Enterprise
CU000065,Account 000065,2023-08-31,Software,Germany,SMB
CU000066,Account 000066,2024-04-15,Retail,United Kingdom,SMB
CU000067,Account 000067,2023-08-30,Retail,Canada,SMB
CU000068,Account 000068,2023-05-28,Education,United Kingdom,Enterprise
CU000069,Account 000069,2024-09-26,Healthcare,Canada,Mid-Market
CU000070,Account 000070,2022-04-22,Manufacturing,Australia,Enterprise
CU000071,Account 000071,2022-11-23,Professional Services,Singapore,SMB
CU000072,Account 000072,2024-05-09,Software,United States,SMB
CU000073,Account 000073,2023-03-31,Healthcare,Germany,Enterprise
CU000074,Account 000074,2024-05-21,Healthcare,Germany,Mid-Market
CU000075,Account 000075,2026-05-11,Finance,Germany,Mid-Market
CU000076,Account 000076,2023-05-30,Finance,Singapore,Mid-Market
CU000077,Account 000077,2024-11-25,Software,Germany,Enterprise
CU000078,Account 000078,2022-08-03,Software,Canada,Mid-Market
CU000079,Account 000079,2024-02-10,Education,Singapore,Enterprise
CU000080,Account 000080,2024-03-12,Finance,Canada,Mid-Market
CU000081,Account 000081,2026-06-04,Manufacturing,United Kingdom,SMB
CU000082,Account 000082,2023-06-02,Education,Australia,Enterprise
CU000083,Account 000083,2023-07-28,Finance,Germany,SMB
CU000084,Account 000084,2024-05-17,Education,Germany,Mid-Market
CU000085,Account 000085,2022-02-25,Manufacturing,Singapore,SMB
CU000086,Account 000086,2022-12-17,Retail,Australia,Mid-Market
CU000087,Account 000087,2022-06-01,Manufacturing,Germany,Mid-Market
CU000088,Account 000088,2024-04-17,Professional Services,Canada,SMB
CU000089,Account 000089,2025-11-17,Manufacturing,United Kingdom,SMB
CU000090,Account 000090,2025-04-26,Software,United States,Mid-Market
CU000091,Account 000091,2023-09-26,Education,Germany,Enterprise
CU000092,Account 000092,2026-06-18,Finance,United States,SMB
CU000093,Account 000093,2026-03-13,Professional Services,Canada,Mid-Market
CU000094,Account 000094,2022-02-23,Software,United States,Mid-Market
CU000095,Account 000095,2026-01-14,Professional Services,United Kingdom,Mid-Market
CU000096,Account 000096,2023-03-29,Finance,United States,SMB
CU000097,Account 000097,2024-08-02,Finance,Singapore,Enterprise
CU000098,Account 000098,2022-03-29,Retail,Singapore,Mid-Market
CU000099,Account 000099,2023-05-09,Manufacturing,Singapore,SMB
CU000100,Account 000100,2026-04-12,Software,United States,SMB
CU000101,Account 000101,2024-06-21,Education,Australia,SMB
CU000102,Account 000102,2024-02-22,Software,Canada,Mid-Market
CU000103,Account 000103,2023-08-10,Finance,Singapore,Enterprise
CU000104,Account 000104,2022-01-24,Manufacturing,Singapore,Enterprise
CU000105,Account 000105,2024-11-10,Software,Singapore,SMB
CU000106,Account 000106,2025-02-26,Education,Canada,Mid-Market
CU000107,Account 000107,2025-09-28,Retail,Singapore,Mid-Market
CU000108,Account 000108,2023-08-17,Professional Services,Singapore,Mid-Market
CU000109,Account 000109,2026-01-30,Retail,United Kingdom,SMB
CU000110,Account 000110,2022-01-09,Healthcare,Australia,Mid-Market
CU000111,Account 000111,2022-11-28,Retail,United Kingdom,Enterprise
CU000112,Account 000112,2026-05-21,Professional Services,Germany,Enterprise
CU000113,Account 000113,2024-03-22,Healthcare,Singapore,Enterprise
CU000114,Account 000114,2025-11-30,Professional Services,Australia,Enterprise
CU000115,Account 000115,2025-09-21,Software,United Kingdom,Enterprise
CU000116,Account 000116,2025-03-28,Finance,Singapore,SMB
CU000117,Account 000117,2026-04-02,Retail,Germany,Mid-Market
CU000118,Account 000118,2024-08-02,Manufacturing,United Kingdom,SMB
CU000119,Account 000119,2024-09-30,Software,Germany,Mid-Market
CU000120,Account 000120,2024-11-12,Professional Services,Germany,Enterprise
CU000121,Account 000121,2023-03-17,Education,Australia,SMB
CU000122,Account 000122,2023-01-15,Healthcare,United Kingdom,Enterprise
CU000123,Account 000123,2024-01-23,Retail,Germany,Enterprise
CU000124,Account 000124,2024-05-17,Retail,United Kingdom,Enterprise
CU000125,Account 000125,2025-11-28,Manufacturing,Australia,Enterprise
CU000126,Account 000126,2023-08-04,Retail,Australia,Mid-Market
CU000127,Account 000127,2025-08-10,Professional Services,United States,Enterprise
CU000128,Account 000128,2022-05-31,Finance,Canada,SMB
CU000129,Account 000129,2023-03-27,Professional Services,Singapore,Enterprise
CU000130,Account 000130,2022-05-10,Healthcare,Australia,SMB
CU000131,Account 000131,2022-08-31,Professional Services,Canada,SMB
CU000132,Account 000132,2024-06-25,Finance,United Kingdom,Enterprise
CU000133,Account 000133,2022-11-26,Professional Services,United Kingdom,Enterprise
CU000134,Account 000134,2022-11-26,Education,Australia,Mid-Market
CU000135,Account 000135,2022-06-08,Healthcare,Singapore,SMB
CU000136,Account 000136,2024-04-20,Finance,United Kingdom,Enterprise
CU000137,Account 000137,2023-10-20,Software,Germany,SMB
CU000138,Account 000138,2022-07-17,Software,Germany,SMB
CU000139,Account 000139,2022-04-30,Professional Services,Germany,SMB
CU000140,Account 000140,2023-01-27,Finance,Australia,Mid-Market
CU000141,Account 000141,2023-03-11,Finance,Canada,Mid-Market
CU000142,Account 000142,2025-03-16,Education,Australia,Mid-Market
CU000143,Account 000143,2022-10-26,Software,Singapore,Mid-Market
CU000144,Account 000144,2024-10-07,Education,Singapore,Enterprise
CU000145,Account 000145,2023-03-23,Education,Germany,SMB
CU000146,Account 000146,2026-02-14,Manufacturing,Singapore,SMB
CU000147,Account 000147,2023-06-12,Manufacturing,Canada,Enterprise
CU000148,Account 000148,2023-05-21,Retail,United States,Enterprise
CU000149,Account 000149,2024-08-01,Professional Services,Germany,Mid-Market
CU000150,Account 000150,2023-01-18,Finance,Canada,Mid-Market
CU000151,Account 000151,2022-11-22,Professional Services,United States,Enterprise
CU000152,Account 000152,2026-03-07,Education,Canada,Mid-Market
CU000153,Account 000153,2023-02-27,Education,Singapore,Mid-Market
CU000154,Account 000154,2022-08-01,Retail,United Kingdom,Enterprise
CU000155,Account 000155,2023-04-10,Healthcare,Germany,Enterprise
CU000156,Account 000156,2023-04-23,Professional Services,United States,Mid-Market
CU000157,Account 000157,2022-08-19,Professional Services,United States,Mid-Market
CU000158,Account 000158,2024-05-20,Education,United States,Enterprise
CU000159,Account 000159,2022-05-04,Software,Canada,Enterprise
CU000160,Account 000160,2026-01-30,Manufacturing,Singapore,Enterprise
CU000161,Account 000161,2025-11-10,Finance,Australia,Mid-Market
CU000162,Account 000162,2024-11-03,Professional Services,Australia,Mid-Market
CU000163,Account 000163,2022-09-16,Finance,Singapore,SMB
CU000164,Account 000164,2024-05-20,Professional Services,Germany,SMB
CU000165,Account 000165,2023-03-02,Retail,United Kingdom,SMB
CU000166,Account 000166,2024-07-30,Healthcare,Canada,SMB
CU000167,Account 000167,2025-06-14,Manufacturing,Canada,Mid-Market
CU000168,Account 000168,2023-04-16,Education,Germany,SMB
CU000169,Account 000169,2023-03-25,Retail,Germany,Enterprise
CU000170,Account 000170,2025-07-08,Professional Services,Germany,Mid-Market
CU000171,Account 000171,2025-05-31,Retail,Germany,SMB
CU000172,Account 000172,2025-11-10,Finance,Singapore,SMB
CU000173,Account 000173,2022-06-30,Professional Services,Canada,Enterprise
CU000174,Account 000174,2025-01-14,Education,Canada,SMB
CU000175,Account 000175,2022-02-26,Healthcare,Canada,Enterprise
CU000176,Account 000176,2022-04-13,Retail,United States,Mid-Market
CU000177,Account 000177,2025-05-29,Retail,United States,Enterprise
CU000178,Account 000178,2025-10-07,Healthcare,Canada,Enterprise
CU000179,Account 000179,2026-04-10,Healthcare,Australia,Enterprise
CU000180,Account 000180,2022-10-26,Manufacturing,Singapore,Mid-Market
CU000181,Account 000181,2026-03-04,Finance,United States,Mid-Market
CU000182,Account 000182,2024-09-26,Education,United States,SMB
CU000183,Account 000183,2025-06-15,Software,United Kingdom,Mid-Market
CU000184,Account 000184,2022-05-01,Healthcare,Germany,Mid-Market
CU000185,Account 000185,2023-07-04,Retail,Germany,Mid-Market
CU000186,Account 000186,2024-08-20,Retail,Germany,Mid-Market
CU000187,Account 000187,2022-01-10,Education,United Kingdom,Mid-Market
CU000188,Account 000188,2025-08-09,Manufacturing,Australia,SMB
CU000189,Account 000189,2022-05-22,Healthcare,United Kingdom,Enterprise
CU000190,Account 000190,2025-09-08,Manufacturing,Canada,SMB
CU000191,Account 000191,2024-10-25,Manufacturing,United Kingdom,Mid-Market
CU000192,Account 000192,2024-05-31,Manufacturing,United Kingdom,Enterprise
CU000193,Account 000193,2023-09-12,Manufacturing,United Kingdom,Mid-Market
CU000194,Account 000194,2025-12-20,Professional Services,Germany,SMB
CU000195,Account 000195,2023-07-26,Software,United Kingdom,Enterprise
CU000196,Account 000196,2022-03-26,Healthcare,Singapore,Enterprise
CU000197,Account 000197,2022-09-18,Retail,Germany,Mid-Market
CU000198,Account 000198,2026-04-16,Professional Services,United States,SMB
CU000199,Account 000199,2023-09-22,Professional Services,Canada,SMB
CU000200,Account 000200,2022-05-21,Software,Australia,Mid-Market
CU000201,Account 000201,2022-11-15,Retail,United Kingdom,SMB
CU000202,Account 000202,2023-11-22,Education,Singapore,Enterprise
CU000203,Account 000203,2024-03-03,Software,United States,Mid-Market
CU000204,Account 000204,2024-09-17,Professional Services,Canada,SMB
CU000205,Account 000205,2025-08-10,Retail,Canada,Enterprise
CU000206,Account 000206,2022-09-27,Software,United Kingdom,SMB
CU000207,Account 000207,2022-07-28,Healthcare,Australia,Enterprise
CU000208,Account 000208,2023-03-03,Manufacturing,Germany,SMB
CU000209,Account 000209,2023-01-27,Software,Singapore,SMB
CU000210,Account 000210,2026-02-21,Retail,United Kingdom,SMB
CU000211,Account 000211,2024-03-27,Healthcare,Australia,Enterprise
CU000212,Account 000212,2024-03-30,Professional Services,United Kingdom,Enterprise
CU000213,Account 000213,2022-11-25,Manufacturing,Canada,Enterprise
CU000214,Account 000214,2024-12-12,Finance,Singapore,SMB
CU000215,Account 000215,2025-10-20,Education,United Kingdom,SMB
CU000216,Account 000216,2023-04-27,Software,Germany,Mid-Market
CU000217,Account 000217,2025-07-10,Healthcare,Australia,Enterprise
CU000218,Account 000218,2023-09-01,Healthcare,Singapore,Mid-Market
CU000219,Account 000219,2023-07-02,Education,Australia,SMB
CU000220,Account 000220,2022-02-02,Healthcare,Canada,Mid-Market
CU000221,Account 000221,2025-12-11,Manufacturing,Singapore,Mid-Market
CU000222,Account 000222,2026-03-24,Finance,United Kingdom,Enterprise
CU000223,Account 000223,2024-08-05,Manufacturing,United States,SMB
CU000224,Account 000224,2023-01-04,Education,United Kingdom,Enterprise
CU000225,Account 000225,2023-05-08,Manufacturing,Singapore,Enterprise
CU000226,Account 000226,2026-03-24,Education,Germany,SMB
CU000227,Account 000227,2025-12-15,Retail,Germany,SMB
CU000228,Account 000228,2025-03-27,Finance,United Kingdom,SMB
CU000229,Account 000229,2026-03-15,Finance,United Kingdom,SMB
CU000230,Account 000230,2022-08-23,Manufacturing,United Kingdom,Enterprise
CU000231,Account 000231,2022-03-17,Finance,Germany,SMB
CU000232,Account 000232,2024-07-21,Professional Services,United States,SMB
CU000233,Account 000233,2023-08-12,Healthcare,Australia,Enterprise
CU000234,Account 000234,2024-03-24,Professional Services,Singapore,SMB
CU000235,Account 000235,2023-02-08,Healthcare,Singapore,Enterprise
CU000236,Account 000236,2025-05-08,Finance,Germany,Mid-Market
CU000237,Account 000237,2025-03-27,Healthcare,Australia,Enterprise
CU000238,Account 000238,2023-05-25,Retail,United Kingdom,Enterprise
CU000239,Account 000239,2022-02-18,Healthcare,Australia,Enterprise
CU000240,Account 000240,2025-10-06,Education,Singapore,Mid-Market
CU000241,Account 000241,2026-01-03,Education,Germany,Enterprise
CU000242,Account 000242,2025-09-01,Retail,Canada,Enterprise
CU000243,Account 000243,2026-03-18,Healthcare,Germany,SMB
CU000244,Account 000244,2022-01-05,Retail,United Kingdom,SMB
CU000245,Account 000245,2024-10-17,Retail,Australia,Mid-Market
CU000246,Account 000246,2024-05-08,Retail,Germany,SMB
CU000247,Account 000247,2022-01-10,Healthcare,Australia,Enterprise
CU000248,Account 000248,2024-03-10,Professional Services,United Kingdom,Mid-Market
CU000249,Account 000249,2025-04-19,Manufacturing,Germany,SMB
CU000250,Account 000250,2024-06-01,Software,Germany,Mid-Market
CU000251,Account 000251,2022-06-27,Retail,Singapore,SMB
CU000252,Account 000252,2025-09-08,Retail,Singapore,Mid-Market
CU000253,Account 000253,2026-03-02,Retail,Singapore,Mid-Market
CU000254,Account 000254,2025-05-18,Healthcare,United States,Enterprise
CU000255,Account 000255,2025-12-18,Healthcare,Germany,SMB
CU000256,Account 000256,2022-01-08,Software,Germany,Mid-Market
CU000257,Account 000257,2026-01-26,Manufacturing,Germany,Enterprise
CU000258,Account 000258,2022-04-06,Manufacturing,United States,Mid-Market
CU000259,Account 000259,2025-02-28,Finance,Australia,SMB
CU000260,Account 000260,2025-06-15,Healthcare,United States,Enterprise
CU000261,Account 000261,2022-06-27,Professional Services,Canada,Mid-Market
CU000262,Account 000262,2024-11-03,Software,Canada,SMB
CU000263,Account 000263,2024-05-05,Retail,Singapore,Mid-Market
CU000264,Account 000264,2022-03-20,Finance,Germany,Enterprise
CU000265,Account 000265,2025-06-20,Finance,Germany,SMB
CU000266,Account 000266,2024-04-01,Professional Services,Singapore,Enterprise
CU000267,Account 000267,2022-03-15,Professional Services,United States,SMB
CU000268,Account 000268,2023-04-30,Retail,United States,Mid-Market
CU000269,Account 000269,2022-03-06,Retail,Singapore,SMB
CU000270,Account 000270,2025-01-06,Education,Singapore,Enterprise
CU000271,Account 000271,2024-06-21,Healthcare,United States,Enterprise
CU000272,Account 000272,2026-03-04,Healthcare,United States,Mid-Market
CU000273,Account 000273,2024-04-07,Retail,Australia,SMB
CU000274,Account 000274,2025-06-08,Manufacturing,Germany,Enterprise
CU000275,Account 000275,2024-04-06,Software,United Kingdom,SMB
CU000276,Account 000276,2024-01-15,Manufacturing,Canada,SMB
CU000277,Account 000277,2024-09-03,Healthcare,United Kingdom,SMB
CU000278,Account 000278,2025-01-25,Finance,Singapore,Enterprise
CU000279,Account 000279,2024-04-01,Education,Singapore,SMB
CU000280,Account 000280,2025-04-09,Retail,Canada,Enterprise
CU000281,Account 000281,2025-02-09,Retail,Germany,SMB
CU000282,Account 000282,2025-03-11,Professional Services,Canada,Mid-Market
CU000283,Account 000283,2022-10-23,Retail,Singapore,Mid-Market
CU000284,Account 000284,2022-12-20,Healthcare,Singapore,Enterprise
CU000285,Account 000285,2024-04-30,Retail,United Kingdom,Mid-Market
CU000286,Account 000286,2026-01-17,Professional Services,Canada,Enterprise
CU000287,Account 000287,2023-11-12,Manufacturing,Germany,SMB
CU000288,Account 000288,2026-04-25,Healthcare,Canada,Enterprise
CU000289,Account 000289,2024-04-23,Manufacturing,Australia,Mid-Market
CU000290,Account 000290,2024-03-16,Professional Services,United Kingdom,SMB
CU000291,Account 000291,2022-02-13,Finance,Singapore,SMB
CU000292,Account 000292,2024-06-24,Healthcare,Germany,SMB
CU000293,Account 000293,2023-05-26,Retail,Canada,SMB
CU000294,Account 000294,2025-01-24,Finance,Canada,Mid-Market
CU000295,Account 000295,2023-10-28,Professional Services,Singapore,Mid-Market
CU000296,Account 000296,2025-12-17,Healthcare,Canada,Mid-Market
CU000297,Account 000297,2026-03-21,Finance,Canada,Enterprise
CU000298,Account 000298,2024-06-10,Manufacturing,United Kingdom,SMB
CU000299,Account 000299,2025-04-03,Finance,Singapore,Enterprise
CU000300,Account 000300,2024-11-26,Manufacturing,Germany,SMB
CU000301,Account 000301,2023-04-14,Retail,United States,SMB
CU000302,Account 000302,2023-07-27,Healthcare,Singapore,Enterprise
CU000303,Account 000303,2023-05-13,Manufacturing,United Kingdom,SMB
CU000304,Account 000304,2023-05-03,Professional Services,Singapore,Enterprise
CU000305,Account 000305,2024-11-12,Education,Australia,SMB
CU000306,Account 000306,2023-08-16,Software,United Kingdom,SMB
CU000307,Account 000307,2022-01-10,Professional Services,Germany,SMB
CU000308,Account 000308,2025-04-17,Retail,Singapore,Mid-Market
CU000309,Account 000309,2024-12-19,Finance,United States,SMB
CU000310,Account 000310,2022-07-11,Professional Services,Singapore,SMB
CU000311,Account 000311,2025-11-17,Education,United States,SMB
CU000312,Account 000312,2023-01-09,Software,Singapore,Mid-Market
CU000313,Account 000313,2024-07-02,Retail,Canada,Mid-Market
CU000314,Account 000314,2026-02-26,Software,United Kingdom,SMB
CU000315,Account 000315,2022-04-16,Retail,Singapore,SMB
CU000316,Account 000316,2023-06-01,Finance,Canada,Mid-Market
CU000317,Account 000317,2025-11-18,Education,Singapore,SMB
CU000318,Account 000318,2023-01-26,Manufacturing,Singapore,SMB
CU000319,Account 000319,2024-08-25,Healthcare,Singapore,SMB
CU000320,Account 000320,2022-11-07,Professional Services,Canada,Mid-Market
CU000321,Account 000321,2024-12-20,Retail,United Kingdom,Enterprise
CU000322,Account 000322,2025-05-03,Software,Germany,SMB
CU000323,Account 000323,2023-11-04,Manufacturing,Australia,Enterprise
CU000324,Account 000324,2022-10-03,Finance,Germany,Mid-Market
CU000325,Account 000325,2023-12-29,Finance,Singapore,SMB
CU000326,Account 000326,2023-10-25,Education,Australia,SMB
CU000327,Account 000327,2026-03-12,Software,United Kingdom,SMB
CU000328,Account 000328,2022-04-09,Professional Services,Canada,Mid-Market
CU000329,Account 000329,2024-05-25,Professional Services,Singapore,Mid-Market
CU000330,Account 000330,2025-01-16,Education,United Kingdom,Enterprise
CU000331,Account 000331,2023-01-04,Education,Germany,Enterprise
CU000332,Account 000332,2025-04-22,Healthcare,Australia,Enterprise
CU000333,Account 000333,2024-01-02,Software,Germany,Enterprise
CU000334,Account 000334,2023-01-14,Education,Australia,SMB
CU000335,Account 000335,2023-03-03,Software,Germany,Mid-Market
CU000336,Account 000336,2026-02-18,Manufacturing,Australia,SMB
CU000337,Account 000337,2024-04-16,Retail,Singapore,SMB
CU000338,Account 000338,2026-05-21,Professional Services,Singapore,Enterprise
CU000339,Account 000339,2023-06-20,Software,Germany,SMB
CU000340,Account 000340,2022-03-05,Retail,United Kingdom,SMB
CU000341,Account 000341,2022-08-15,Retail,Singapore,Enterprise
CU000342,Account 000342,2022-05-18,Retail,Singapore,Enterprise
CU000343,Account 000343,2024-04-11,Healthcare,Singapore,Enterprise
CU000344,Account 000344,2022-12-02,Manufacturing,United States,Mid-Market
CU000345,Account 000345,2025-05-08,Finance,United States,Mid-Market
CU000346,Account 000346,2022-09-16,Healthcare,Germany,SMB
CU000347,Account 000347,2024-02-17,Professional Services,United Kingdom,Mid-Market
CU000348,Account 000348,2024-11-26,Finance,Canada,Mid-Market
CU000349,Account 000349,2025-07-01,Healthcare,Australia,SMB
CU000350,Account 000350,2022-03-28,Retail,Canada,SMB
CU000351,Account 000351,2024-04-24,Manufacturing,United Kingdom,SMB
CU000352,Account 000352,2023-07-06,Professional Services,Singapore,Mid-Market
CU000353,Account 000353,2023-02-09,Healthcare,Canada,SMB
CU000354,Account 000354,2022-09-18,Retail,Germany,Enterprise
CU000355,Account 000355,2022-03-16,Finance,United States,Mid-Market
CU000356,Account 000356,2022-05-07,Retail,Canada,SMB
CU000357,Account 000357,2026-04-13,Finance,Australia,SMB
CU000358,Account 000358,2024-07-11,Retail,Singapore,Enterprise
CU000359,Account 000359,2025-08-04,Finance,Singapore,Mid-Market
CU000360,Account 000360,2022-05-18,Software,United Kingdom,Mid-Market
CU000361,Account 000361,2022-09-11,Finance,United Kingdom,Mid-Market
CU000362,Account 000362,2022-04-06,Manufacturing,Singapore,Mid-Market
CU000363,Account 000363,2023-07-16,Professional Services,Australia,SMB
CU000364,Account 000364,2024-12-15,Manufacturing,United Kingdom,Enterprise
CU000365,Account 000365,2022-01-06,Retail,Australia,Enterprise
CU000366,Account 000366,2023-05-08,Education,Canada,Enterprise
CU000367,Account 000367,2026-05-29,Professional Services,Canada,Mid-Market
CU000368,Account 000368,2025-09-21,Education,United States,Mid-Market
CU000369,Account 000369,2025-03-31,Education,United States,Mid-Market
CU000370,Account 000370,2024-08-12,Healthcare,Canada,SMB
CU000371,Account 000371,2026-01-14,Retail,Singapore,Mid-Market
CU000372,Account 000372,2024-08-28,Education,United Kingdom,Enterprise
CU000373,Account 000373,2024-03-20,Professional Services,United Kingdom,Mid-Market
CU000374,Account 000374,2025-03-17,Software,Germany,Mid-Market
CU000375,Account 000375,2024-12-08,Retail,Germany,Mid-Market
CU000376,Account 000376,2025-05-04,Healthcare,Singapore,Enterprise
CU000377,Account 000377,2023-09-10,Software,Singapore,Enterprise
CU000378,Account 000378,2022-03-22,Software,United States,Mid-Market
CU000379,Account 000379,2026-01-09,Retail,Singapore,SMB
CU000380,Account 000380,2025-03-07,Finance,United Kingdom,SMB
CU000381,Account 000381,2026-01-21,Manufacturing,Canada,SMB
CU000382,Account 000382,2023-11-13,Professional Services,Singapore,Mid-Market
CU000383,Account 000383,2025-03-10,Software,United States,Mid-Market
CU000384,Account 000384,2024-09-19,Education,Australia,Mid-Market
CU000385,Account 000385,2024-06-27,Finance,United Kingdom,Enterprise
CU000386,Account 000386,2024-06-04,Software,Germany,Mid-Market
CU000387,Account 000387,2024-08-02,Professional Services,United Kingdom,SMB
CU000388,Account 000388,2022-10-16,Professional Services,Germany,SMB
CU000389,Account 000389,2026-03-09,Education,Germany,SMB
CU000390,Account 000390,2025-11-10,Education,United States,Mid-Market
CU000391,Account 000391,2025-04-17,Retail,Canada,Enterprise
CU000392,Account 000392,2026-02-26,Professional Services,Germany,Mid-Market
CU000393,Account 000393,2024-08-14,Healthcare,Germany,SMB
CU000394,Account 000394,2025-06-29,Retail,Germany,SMB
CU000395,Account 000395,2023-01-19,Education,Singapore,Mid-Market
CU000396,Account 000396,2022-12-14,Finance,Canada,SMB
CU000397,Account 000397,2024-12-10,Retail,Singapore,SMB
CU000398,Account 000398,2023-07-13,Healthcare,Canada,Enterprise
CU000399,Account 000399,2022-11-01,Professional Services,Germany,SMB
CU000400,Account 000400,2022-09-21,Manufacturing,United States,SMB
CU000401,Account 000401,2024-09-04,Software,Canada,SMB
CU000402,Account 000402,2023-10-01,Manufacturing,United Kingdom,Enterprise
CU000403,Account 000403,2022-11-11,Professional Services,Australia,SMB
CU000404,Account 000404,2022-08-02,Finance,United States,Enterprise
CU000405,Account 000405,2023-12-22,Healthcare,Singapore,Enterprise
CU000406,Account 000406,2024-04-24,Retail,United Kingdom,Enterprise
CU000407,Account 000407,2026-05-27,Education,Canada,SMB
CU000408,Account 000408,2025-06-03,Software,Canada,Enterprise
CU000409,Account 000409,2025-07-06,Manufacturing,United States,SMB
CU000410,Account 000410,2022-01-13,Professional Services,Singapore,Mid-Market
CU000411,Account 000411,2023-02-14,Finance,Canada,Mid-Market
CU000412,Account 000412,2026-01-08,Retail,United Kingdom,Mid-Market
CU000413,Account 000413,2025-09-07,Healthcare,United States,Mid-Market
CU000414,Account 000414,2022-02-20,Professional Services,Singapore,Mid-Market
CU000415,Account 000415,2023-10-25,Finance,Germany,Mid-Market
CU000416,Account 000416,2025-01-15,Manufacturing,Germany,Enterprise
CU000417,Account 000417,2024-11-10,Professional Services,Germany,Mid-Market
CU000418,Account 000418,2025-10-18,Education,Singapore,Mid-Market
CU000419,Account 000419,2023-09-27,Education,Canada,Enterprise
CU000420,Account 000420,2023-02-24,Finance,Canada,SMB
CU000421,Account 000421,2025-12-29,Software,Canada,SMB
CU000422,Account 000422,2026-05-20,Retail,Singapore,Enterprise
CU000423,Account 000423,2023-10-31,Manufacturing,United Kingdom,Enterprise
CU000424,Account 000424,2023-11-17,Retail,United Kingdom,SMB
CU000425,Account 000425,2022-03-23,Manufacturing,Germany,Enterprise
CU000426,Account 000426,2022-03-18,Education,United Kingdom,Mid-Market
CU000427,Account 000427,2026-02-04,Finance,United States,Enterprise
CU000428,Account 000428,2023-02-28,Healthcare,Canada,Enterprise
CU000429,Account 000429,2026-01-24,Finance,United Kingdom,Mid-Market
CU000430,Account 000430,2025-05-07,Software,United Kingdom,Mid-Market
CU000431,Account 000431,2024-05-03,Manufacturing,Australia,SMB
CU000432,Account 000432,2022-08-16,Software,Germany,Mid-Market
CU000433,Account 000433,2024-09-13,Manufacturing,Germany,SMB
CU000434,Account 000434,2023-05-31,Retail,Canada,SMB
CU000435,Account 000435,2026-01-03,Manufacturing,Germany,Mid-Market
CU000436,Account 000436,2023-09-13,Manufacturing,Singapore,SMB
CU000437,Account 000437,2025-02-03,Education,United States,Mid-Market
CU000438,Account 000438,2023-11-27,Education,Singapore,Enterprise
CU000439,Account 000439,2022-01-26,Retail,Canada,SMB
CU000440,Account 000440,2022-01-04,Education,United Kingdom,Mid-Market
CU000441,Account 000441,2025-05-13,Retail,United States,Enterprise
CU000442,Account 000442,2026-01-11,Education,United Kingdom,Enterprise
CU000443,Account 000443,2026-03-22,Manufacturing,Canada,Mid-Market
CU000444,Account 000444,2024-02-25,Professional Services,Singapore,SMB
CU000445,Account 000445,2025-12-19,Retail,United States,SMB
CU000446,Account 000446,2022-04-15,Manufacturing,United States,SMB
CU000447,Account 000447,2025-05-14,Software,United Kingdom,Enterprise
CU000448,Account 000448,2025-07-08,Healthcare,Singapore,Mid-Market
CU000449,Account 000449,2022-12-05,Retail,United Kingdom,SMB
CU000450,Account 000450,2023-06-22,Manufacturing,Canada,Mid-Market
CU000451,Account 000451,2024-02-06,Finance,Germany,SMB
CU000452,Account 000452,2022-10-13,Finance,Singapore,Enterprise
CU000453,Account 000453,2025-01-01,Education,Singapore,SMB
CU000454,Account 000454,2025-02-17,Healthcare,Australia,Enterprise
CU000455,Account 000455,2024-08-14,Retail,Germany,Enterprise
CU000456,Account 000456,2022-01-28,Retail,Singapore,SMB
CU000457,Account 000457,2024-12-26,Retail,United States,Mid-Market
CU000458,Account 000458,2023-08-28,Healthcare,United States,SMB
CU000459,Account 000459,2023-06-22,Education,Canada,Enterprise
CU000460,Account 000460,2024-07-13,Software,Australia,Enterprise
CU000461,Account 000461,2024-12-17,Finance,Singapore,SMB
CU000462,Account 000462,2024-05-17,Education,Singapore,Mid-Market
CU000463,Account 000463,2024-01-09,Software,United Kingdom,Mid-Market
CU000464,Account 000464,2022-09-04,Education,Canada,Enterprise
CU000465,Account 000465,2024-08-30,Software,Germany,Enterprise
CU000466,Account 000466,2022-04-15,Manufacturing,Singapore,Mid-Market
CU000467,Account 000467,2023-07-18,Software,Singapore,SMB
CU000468,Account 000468,2026-05-19,Professional Services,Singapore,Mid-Market
CU000469,Account 000469,2022-04-25,Retail,Singapore,SMB
CU000470,Account 000470,2022-08-23,Healthcare,Singapore,Enterprise
CU000471,Account 000471,2023-04-19,Manufacturing,Australia,SMB
CU000472,Account 000472,2025-12-31,Manufacturing,Singapore,SMB
CU000473,Account 000473,2025-02-16,Healthcare,Singapore,Enterprise
CU000474,Account 000474,2025-01-09,Retail,Germany,Mid-Market
CU000475,Account 000475,2026-02-27,Finance,Germany,SMB
CU000476,Account 000476,2024-07-17,Software,United Kingdom,SMB
CU000477,Account 000477,2025-12-08,Healthcare,Singapore,Mid-Market
CU000478,Account 000478,2022-09-14,Manufacturing,Singapore,Mid-Market
CU000479,Account 000479,2024-01-25,Healthcare,Canada,SMB
CU000480,Account 000480,2023-06-26,Education,Singapore,Enterprise
CU000481,Account 000481,2023-12-28,Software,Australia,Mid-Market
CU000482,Account 000482,2026-04-04,Software,Singapore,SMB
CU000483,Account 000483,2024-04-09,Retail,Australia,Enterprise
CU000484,Account 000484,2024-12-20,Professional Services,United States,SMB
CU000485,Account 000485,2022-10-25,Education,United States,Enterprise
CU000486,Account 000486,2022-03-02,Healthcare,Germany,Mid-Market
CU000487,Account 000487,2024-03-24,Finance,Singapore,Enterprise
CU000488,Account 000488,2025-04-07,Retail,United Kingdom,SMB
CU000489,Account 000489,2025-05-16,Professional Services,Singapore,Enterprise
CU000490,Account 000490,2023-12-09,Professional Services,Australia,Enterprise
CU000491,Account 000491,2024-08-11,Education,Singapore,SMB
CU000492,Account 000492,2026-01-29,Software,Australia,Mid-Market
CU000493,Account 000493,2024-01-28,Professional Services,Germany,SMB
CU000494,Account 000494,2024-08-22,Healthcare,Singapore,Enterprise
CU000495,Account 000495,2024-10-13,Software,Canada,Mid-Market
CU000496,Account 000496,2024-09-15,Software,Singapore,SMB
CU000497,Account 000497,2024-11-14,Healthcare,Singapore,Mid-Market
CU000498,Account 000498,2022-06-10,Software,Australia,SMB
CU000499,Account 000499,2023-05-25,Manufacturing,Singapore,SMB
CU000500,Account 000500,2025-08-25,Retail,Singapore,Mid-Market
CU000501,Account 000501,2025-08-19,Education,Germany,SMB
CU000502,Account 000502,2026-03-10,Professional Services,Germany,Mid-Market
CU000503,Account 000503,2026-03-19,Professional Services,Singapore,Mid-Market
CU000504,Account 000504,2024-09-13,Education,Canada,SMB
CU000505,Account 000505,2023-12-25,Manufacturing,Singapore,Mid-Market
CU000506,Account 000506,2025-05-18,Finance,Australia,Mid-Market
CU000507,Account 000507,2024-02-21,Healthcare,Singapore,Enterprise
CU000508,Account 000508,2023-06-06,Manufacturing,United Kingdom,Mid-Market
CU000509,Account 000509,2025-11-10,Professional Services,Germany,Mid-Market
CU000510,Account 000510,2022-03-23,Software,Canada,SMB
CU000511,Account 000511,2025-12-28,Finance,Germany,Mid-Market
CU000512,Account 000512,2024-09-21,Professional Services,Germany,SMB
CU000513,Account 000513,2023-07-15,Professional Services,Singapore,Mid-Market
CU000514,Account 000514,2024-10-21,Finance,Singapore,Mid-Market
CU000515,Account 000515,2024-03-10,Finance,United States,SMB
CU000516,Account 000516,2025-06-06,Education,United States,Mid-Market
CU000517,Account 000517,2024-01-11,Manufacturing,United States,Mid-Market
CU000518,Account 000518,2026-01-25,Retail,Singapore,Enterprise
CU000519,Account 000519,2024-11-16,Healthcare,Australia,SMB
CU000520,Account 000520,2022-08-30,Professional Services,United Kingdom,SMB
CU000521,Account 000521,2022-09-01,Software,Canada,Mid-Market
CU000522,Account 000522,2023-11-19,Retail,Canada,SMB
CU000523,Account 000523,2024-01-03,Professional Services,United States,SMB
CU000524,Account 000524,2024-07-07,Education,United States,SMB
CU000525,Account 000525,2023-09-04,Retail,United States,Mid-Market
CU000526,Account 000526,2023-12-16,Retail,United Kingdom,Mid-Market
CU000527,Account 000527,2025-11-18,Education,Singapore,SMB
CU000528,Account 000528,2024-04-07,Manufacturing,Australia,Mid-Market
CU000529,Account 000529,2025-03-09,Education,United Kingdom,Mid-Market
CU000530,Account 000530,2022-06-13,Healthcare,Germany,Mid-Market
CU000531,Account 000531,2023-03-02,Education,United Kingdom,Mid-Market
CU000532,Account 000532,2022-03-12,Healthcare,United States,SMB
CU000533,Account 000533,2024-08-18,Finance,Australia,Enterprise
CU000534,Account 000534,2025-12-19,Retail,Australia,Enterprise
CU000535,Account 000535,2026-03-01,Retail,Australia,Enterprise
CU000536,Account 000536,2025-04-28,Finance,Singapore,Enterprise
CU000537,Account 000537,2022-03-16,Retail,Canada,Mid-Market
CU000538,Account 000538,2024-11-21,Education,Canada,Enterprise
CU000539,Account 000539,2024-04-05,Retail,United States,SMB
CU000540,Account 000540,2023-07-09,Professional Services,Singapore,Mid-Market
CU000541,Account 000541,2023-08-03,Healthcare,Germany,SMB
CU000542,Account 000542,2026-02-15,Healthcare,Australia,SMB
CU000543,Account 000543,2025-08-16,Software,Australia,SMB
CU000544,Account 000544,2022-06-20,Manufacturing,Australia,Mid-Market
CU000545,Account 000545,2026-02-26,Manufacturing,Canada,SMB
CU000546,Account 000546,2024-12-02,Education,United Kingdom,Enterprise
CU000547,Account 000547,2024-07-03,Manufacturing,United Kingdom,Mid-Market
CU000548,Account 000548,2025-05-07,Professional Services,Australia,Mid-Market
CU000549,Account 000549,2024-06-10,Healthcare,Singapore,SMB
CU000550,Account 000550,2025-10-15,Retail,Germany,Mid-Market
CU000551,Account 000551,2025-09-13,Healthcare,Germany,Mid-Market
CU000552,Account 000552,2023-11-18,Retail,United States,SMB
CU000553,Account 000553,2024-05-15,Finance,Australia,SMB
CU000554,Account 000554,2025-05-06,Retail,United Kingdom,Enterprise
CU000555,Account 000555,2024-06-18,Retail,United States,SMB
CU000556,Account 000556,2026-01-16,Retail,United States,Mid-Market
CU000557,Account 000557,2025-12-16,Education,Canada,SMB
CU000558,Account 000558,2022-10-28,Education,Germany,SMB
CU000559,Account 000559,2026-03-23,Healthcare,Germany,Mid-Market
CU000560,Account 000560,2025-05-23,Finance,Singapore,Mid-Market
CU000561,Account 000561,2025-03-19,Education,Canada,Enterprise
CU000562,Account 000562,2025-12-06,Retail,Australia,SMB
CU000563,Account 000563,2026-04-01,Education,Singapore,SMB
CU000564,Account 000564,2023-10-09,Manufacturing,Germany,Enterprise
CU000565,Account 000565,2024-04-13,Software,Germany,Mid-Market
CU000566,Account 000566,2025-08-27,Healthcare,Australia,SMB
CU000567,Account 000567,2024-02-10,Software,United Kingdom,SMB
CU000568,Account 000568,2022-06-13,Retail,United Kingdom,Enterprise
CU000569,Account 000569,2026-01-12,Software,United States,SMB
CU000570,Account 000570,2025-06-16,Software,United Kingdom,SMB
CU000571,Account 000571,2026-02-17,Retail,United Kingdom,SMB
CU000572,Account 000572,2022-06-29,Retail,United States,Mid-Market
CU000573,Account 000573,2024-05-20,Education,Germany,Mid-Market
CU000574,Account 000574,2024-10-15,Retail,Germany,SMB
CU000575,Account 000575,2022-10-12,Professional Services,Australia,Mid-Market
CU000576,Account 000576,2022-11-18,Education,Australia,Mid-Market
CU000577,Account 000577,2024-06-09,Healthcare,Germany,Mid-Market
CU000578,Account 000578,2025-04-24,Manufacturing,Canada,Mid-Market
CU000579,Account 000579,2026-03-02,Finance,United States,Enterprise
CU000580,Account 000580,2024-03-02,Software,Canada,Enterprise
CU000581,Account 000581,2026-06-01,Healthcare,Germany,SMB
CU000582,Account 000582,2022-01-15,Professional Services,Germany,SMB
CU000583,Account 000583,2026-03-31,Healthcare,Singapore,SMB
CU000584,Account 000584,2024-11-09,Retail,Canada,Enterprise
CU000585,Account 000585,2023-11-14,Retail,United Kingdom,Enterprise
CU000586,Account 000586,2024-03-24,Manufacturing,Australia,Mid-Market
CU000587,Account 000587,2026-03-27,Finance,Singapore,SMB
CU000588,Account 000588,2023-08-21,Healthcare,United States,SMB
CU000589,Account 000589,2025-02-02,Finance,United States,SMB
CU000590,Account 000590,2025-04-07,Retail,Australia,Mid-Market
CU000591,Account 000591,2022-02-15,Retail,United States,Enterprise
CU000592,Account 000592,2025-05-20,Finance,United States,SMB
CU000593,Account 000593,2025-11-24,Healthcare,United States,Mid-Market
CU000594,Account 000594,2025-10-11,Education,Germany,Enterprise
CU000595,Account 000595,2024-04-07,Education,Singapore,Mid-Market
CU000596,Account 000596,2023-06-09,Finance,Canada,Enterprise
CU000597,Account 000597,2022-10-21,Education,United States,Mid-Market
CU000598,Account 000598,2025-02-06,Manufacturing,Singapore,SMB
CU000599,Account 000599,2026-02-26,Healthcare,Australia,Enterprise
CU000600,Account 000600,2022-07-02,Education,Canada,SMB
CU000601,Account 000601,2026-04-10,Manufacturing,United Kingdom,Mid-Market
CU000602,Account 000602,2025-05-31,Professional Services,Canada,Enterprise
CU000603,Account 000603,2024-05-28,Professional Services,Singapore,SMB
CU000604,Account 000604,2022-12-12,Manufacturing,Singapore,Mid-Market
CU000605,Account 000605,2025-08-21,Manufacturing,Canada,Enterprise
CU000606,Account 000606,2023-03-23,Healthcare,Australia,Enterprise
CU000607,Account 000607,2025-06-03,Professional Services,Canada,Mid-Market
CU000608,Account 000608,2026-05-26,Professional Services,Germany,Mid-Market
CU000609,Account 000609,2024-09-25,Professional Services,United Kingdom,Enterprise
CU000610,Account 000610,2026-06-30,Finance,Canada,SMB
CU000611,Account 000611,2022-07-30,Software,United States,Mid-Market
CU000612,Account 000612,2022-06-16,Retail,Australia,Enterprise
CU000613,Account 000613,2024-07-29,Finance,Singapore,Enterprise
CU000614,Account 000614,2024-08-19,Healthcare,Canada,Enterprise
CU000615,Account 000615,2025-11-22,Professional Services,Germany,SMB
CU000616,Account 000616,2023-12-02,Manufacturing,United Kingdom,SMB
CU000617,Account 000617,2023-10-23,Education,Australia,Mid-Market
CU000618,Account 000618,2023-05-09,Education,United Kingdom,Mid-Market
CU000619,Account 000619,2022-06-05,Retail,Australia,SMB
CU000620,Account 000620,2025-03-31,Retail,Singapore,Mid-Market
CU000621,Account 000621,2023-11-06,Software,Germany,Enterprise
CU000622,Account 000622,2023-07-21,Education,Canada,SMB
CU000623,Account 000623,2025-05-19,Education,Singapore,SMB
CU000624,Account 000624,2025-04-22,Healthcare,Singapore,SMB
CU000625,Account 000625,2024-10-13,Software,Canada,Enterprise
CU000626,Account 000626,2025-05-08,Finance,Canada,Mid-Market
CU000627,Account 000627,2026-06-18,Retail,Australia,Enterprise
CU000628,Account 000628,2026-01-22,Professional Services,Germany,SMB
CU000629,Account 000629,2022-01-13,Retail,Singapore,Mid-Market
CU000630,Account 000630,2025-01-27,Healthcare,Australia,Enterprise
CU000631,Account 000631,2023-04-03,Education,Singapore,Enterprise
CU000632,Account 000632,2025-07-06,Retail,United States,Mid-Market
CU000633,Account 000633,2026-03-28,Healthcare,United Kingdom,Enterprise
CU000634,Account 000634,2022-11-29,Manufacturing,Singapore,Enterprise
CU000635,Account 000635,2024-09-04,Software,United Kingdom,Mid-Market
CU000636,Account 000636,2026-02-17,Professional Services,United States,Mid-Market
CU000637,Account 000637,2026-03-09,Education,Australia,Enterprise
CU000638,Account 000638,2025-05-19,Software,Australia,Mid-Market
CU000639,Account 000639,2022-11-10,Finance,Australia,Mid-Market
CU000640,Account 000640,2025-10-03,Finance,United Kingdom,SMB
CU000641,Account 000641,2023-03-31,Professional Services,Australia,Mid-Market
CU000642,Account 000642,2024-01-21,Software,Germany,Enterprise
CU000643,Account 000643,2024-01-16,Professional Services,Singapore,Mid-Market
CU000644,Account 000644,2025-08-19,Software,Canada,Mid-Market
CU000645,Account 000645,2025-11-06,Professional Services,United Kingdom,SMB
CU000646,Account 000646,2022-11-19,Professional Services,Canada,Mid-Market
CU000647,Account 000647,2022-02-22,Finance,Canada,SMB
CU000648,Account 000648,2022-01-23,Healthcare,United Kingdom,Enterprise
CU000649,Account 000649,2025-07-06,Finance,United States,Mid-Market
CU000650,Account 000650,2024-01-30,Manufacturing,Canada,SMB
CU000651,Account 000651,2022-06-15,Finance,United Kingdom,SMB
CU000652,Account 000652,2026-02-09,Retail,Germany,Enterprise
CU000653,Account 000653,2022-01-03,Education,Australia,SMB
CU000654,Account 000654,2022-06-18,Software,Singapore,Mid-Market
CU000655,Account 000655,2024-09-28,Professional Services,United Kingdom,SMB
CU000656,Account 000656,2024-03-13,Professional Services,Australia,Enterprise
CU000657,Account 000657,2024-06-02,Software,Singapore,Enterprise
CU000658,Account 000658,2026-03-19,Professional Services,Australia,Mid-Market
CU000659,Account 000659,2023-05-24,Manufacturing,Singapore,Mid-Market
CU000660,Account 000660,2022-04-25,Professional Services,Australia,Enterprise
CU000661,Account 000661,2025-12-03,Finance,United States,Enterprise
CU000662,Account 000662,2025-03-22,Retail,Singapore,Enterprise
CU000663,Account 000663,2023-01-14,Retail,Canada,SMB
CU000664,Account 000664,2023-11-25,Manufacturing,Australia,Enterprise
CU000665,Account 000665,2025-12-08,Retail,Canada,Enterprise
CU000666,Account 000666,2022-02-10,Finance,United Kingdom,Enterprise
CU000667,Account 000667,2022-02-06,Professional Services,Canada,Mid-Market
CU000668,Account 000668,2024-01-30,Finance,Singapore,SMB
CU000669,Account 000669,2024-07-30,Professional Services,United Kingdom,SMB
CU000670,Account 000670,2025-03-20,Retail,United Kingdom,Enterprise
CU000671,Account 000671,2025-09-04,Healthcare,United States,Mid-Market
CU000672,Account 000672,2022-09-28,Software,Singapore,Mid-Market
CU000673,Account 000673,2022-11-22,Manufacturing,Australia,Mid-Market
CU000674,Account 000674,2023-11-17,Professional Services,Singapore,Mid-Market
CU000675,Account 000675,2023-06-29,Manufacturing,Australia,SMB
CU000676,Account 000676,2022-06-20,Retail,United Kingdom,Enterprise
CU000677,Account 000677,2022-12-26,Professional Services,Canada,SMB
CU000678,Account 000678,2024-04-08,Manufacturing,Singapore,SMB
CU000679,Account 000679,2023-07-19,Healthcare,United Kingdom,SMB
CU000680,Account 000680,2024-01-02,Professional Services,Singapore,Mid-Market
CU000681,Account 000681,2023-03-28,Software,United States,SMB
CU000682,Account 000682,2025-07-23,Professional Services,Germany,Mid-Market
CU000683,Account 000683,2025-05-11,Retail,Australia,Enterprise
CU000684,Account 000684,2024-04-08,Manufacturing,United Kingdom,SMB
CU000685,Account 000685,2022-04-01,Education,Canada,Mid-Market
CU000686,Account 000686,2024-09-12,Software,Singapore,Enterprise
CU000687,Account 000687,2025-07-02,Professional Services,Germany,Enterprise
CU000688,Account 000688,2024-02-28,Education,Canada,Enterprise
CU000689,Account 000689,2023-01-26,Professional Services,Australia,Mid-Market
CU000690,Account 000690,2022-06-03,Finance,Germany,Mid-Market
CU000691,Account 000691,2025-09-24,Healthcare,Australia,Enterprise
CU000692,Account 000692,2024-10-25,Education,Australia,Mid-Market
CU000693,Account 000693,2026-06-25,Professional Services,United Kingdom,Mid-Market
CU000694,Account 000694,2024-12-14,Software,Singapore,Mid-Market
CU000695,Account 000695,2023-12-28,Software,United States,Mid-Market
CU000696,Account 000696,2024-06-30,Retail,Singapore,Mid-Market
CU000697,Account 000697,2023-07-30,Manufacturing,Germany,Enterprise
CU000698,Account 000698,2023-08-22,Education,United States,Mid-Market
CU000699,Account 000699,2022-10-06,Retail,Australia,SMB
CU000700,Account 000700,2025-03-11,Professional Services,Singapore,SMB
CU000701,Account 000701,2022-11-20,Software,Canada,Enterprise
CU000702,Account 000702,2022-07-07,Finance,Germany,Enterprise
CU000703,Account 000703,2022-05-27,Software,United States,Enterprise
CU000704,Account 000704,2022-06-30,Education,Singapore,Enterprise
CU000705,Account 000705,2024-01-24,Education,Germany,SMB
CU000706,Account 000706,2022-04-26,Education,Australia,Mid-Market
CU000707,Account 000707,2026-06-03,Software,Singapore,SMB
CU000708,Account 000708,2023-07-17,Retail,Singapore,Mid-Market
CU000709,Account 000709,2022-02-27,Retail,Canada,Mid-Market
CU000710,Account 000710,2023-01-09,Healthcare,Germany,Mid-Market
CU000711,Account 000711,2022-11-21,Healthcare,Canada,Mid-Market
CU000712,Account 000712,2022-10-13,Healthcare,United States,Mid-Market
CU000713,Account 000713,2026-05-22,Healthcare,Canada,Enterprise
CU000714,Account 000714,2022-04-15,Healthcare,United Kingdom,Enterprise
CU000715,Account 000715,2024-08-05,Retail,United Kingdom,Mid-Market
CU000716,Account 000716,2024-12-14,Retail,Australia,SMB
CU000717,Account 000717,2025-06-13,Professional Services,Canada,Enterprise
CU000718,Account 000718,2025-08-10,Healthcare,Canada,SMB
CU000719,Account 000719,2025-10-17,Education,Canada,Mid-Market
CU000720,Account 000720,2026-06-02,Education,United States,Enterprise
CU000721,Account 000721,2024-10-26,Healthcare,Canada,Enterprise
CU000722,Account 000722,2024-05-07,Education,Australia,SMB
CU000723,Account 000723,2022-08-14,Software,United States,Enterprise
CU000724,Account 000724,2022-09-15,Software,United Kingdom,SMB
CU000725,Account 000725,2024-06-04,Manufacturing,Canada,SMB
CU000726,Account 000726,2025-12-10,Healthcare,Singapore,Enterprise
CU000727,Account 000727,2023-07-09,Finance,Canada,Mid-Market
CU000728,Account 000728,2023-04-17,Retail,Australia,Enterprise
CU000729,Account 000729,2026-04-20,Healthcare,United Kingdom,Enterprise
CU000730,Account 000730,2025-05-18,Professional Services,Canada,Mid-Market
CU000731,Account 000731,2023-04-06,Retail,United States,SMB
CU000732,Account 000732,2023-01-09,Healthcare,United Kingdom,SMB
CU000733,Account 000733,2025-03-21,Retail,Canada,Mid-Market
CU000734,Account 000734,2023-03-24,Education,Australia,Mid-Market
CU000735,Account 000735,2023-05-09,Software,Singapore,SMB
CU000736,Account 000736,2025-03-20,Software,Canada,SMB
CU000737,Account 000737,2023-10-12,Healthcare,Australia,Mid-Market
CU000738,Account 000738,2024-03-17,Manufacturing,United Kingdom,Enterprise
CU000739,Account 000739,2023-03-07,Finance,United Kingdom,SMB
CU000740,Account 000740,2026-02-27,Professional Services,United Kingdom,Mid-Market
CU000741,Account 000741,2022-08-25,Retail,Canada,Mid-Market
CU000742,Account 000742,2023-09-15,Retail,United States,Enterprise
CU000743,Account 000743,2025-09-27,Professional Services,Singapore,Enterprise
CU000744,Account 000744,2023-03-08,Software,Canada,SMB
CU000745,Account 000745,2026-01-15,Finance,Singapore,Enterprise
CU000746,Account 000746,2022-06-17,Finance,United States,Enterprise
CU000747,Account 000747,2023-12-04,Education,United Kingdom,Enterprise
CU000748,Account 000748,2026-05-31,Retail,Canada,SMB
CU000749,Account 000749,2026-05-03,Retail,Australia,Mid-Market
CU000750,Account 000750,2025-12-16,Healthcare,United Kingdom,Mid-Market
CU000751,Account 000751,2025-06-08,Retail,Singapore,Enterprise
CU000752,Account 000752,2023-10-04,Education,United States,SMB
CU000753,Account 000753,2024-04-05,Education,Australia,SMB
CU000754,Account 000754,2024-06-13,Manufacturing,Germany,SMB
CU000755,Account 000755,2022-04-26,Professional Services,United Kingdom,SMB
CU000756,Account 000756,2024-06-14,Professional Services,Canada,Enterprise
CU000757,Account 000757,2025-09-08,Manufacturing,Canada,Enterprise
CU000758,Account 000758,2022-04-26,Finance,Canada,Enterprise
CU000759,Account 000759,2023-05-09,Software,United Kingdom,SMB
CU000760,Account 000760,2025-06-14,Manufacturing,Australia,Enterprise
CU000761,Account 000761,2025-10-11,Education,Germany,Mid-Market
CU000762,Account 000762,2024-10-02,Finance,Australia,Enterprise
CU000763,Account 000763,2026-02-27,Manufacturing,Singapore,Enterprise
CU000764,Account 000764,2023-10-16,Manufacturing,United Kingdom,Mid-Market
CU000765,Account 000765,2025-12-07,Healthcare,Singapore,Mid-Market
CU000766,Account 000766,2022-07-13,Education,Canada,Mid-Market
CU000767,Account 000767,2025-05-18,Finance,United States,SMB
CU000768,Account 000768,2025-07-06,Software,United States,Enterprise
CU000769,Account 000769,2025-08-25,Finance,Germany,Enterprise
CU000770,Account 000770,2026-05-01,Manufacturing,United States,Mid-Market
CU000771,Account 000771,2024-01-17,Professional Services,Australia,SMB
CU000772,Account 000772,2022-03-18,Finance,United States,Mid-Market
CU000773,Account 000773,2024-04-29,Healthcare,United States,SMB
CU000774,Account 000774,2024-05-22,Healthcare,United Kingdom,Enterprise
CU000775,Account 000775,2022-10-18,Manufacturing,United Kingdom,Mid-Market
CU000776,Account 000776,2023-09-10,Manufacturing,Australia,SMB
CU000777,Account 000777,2022-06-24,Finance,United States,Mid-Market
CU000778,Account 000778,2024-09-26,Software,Singapore,Enterprise
CU000779,Account 000779,2025-05-06,Manufacturing,United States,Mid-Market
CU000780,Account 000780,2022-10-05,Finance,Canada,Enterprise
CU000781,Account 000781,2024-11-20,Software,Canada,Mid-Market
CU000782,Account 000782,2022-10-20,Education,Canada,Enterprise
CU000783,Account 000783,2022-09-16,Retail,Canada,Mid-Market
CU000784,Account 000784,2023-01-06,Software,Germany,Mid-Market
CU000785,Account 000785,2023-12-14,Education,Australia,Enterprise
CU000786,Account 000786,2025-01-28,Retail,United Kingdom,Enterprise
CU000787,Account 000787,2022-08-06,Professional Services,Singapore,Mid-Market
CU000788,Account 000788,2022-09-29,Software,Canada,Enterprise
CU000789,Account 000789,2022-02-13,Manufacturing,United Kingdom,SMB
CU000790,Account 000790,2025-10-01,Professional Services,United Kingdom,SMB
CU000791,Account 000791,2025-04-25,Software,Germany,Mid-Market
CU000792,Account 000792,2024-10-26,Healthcare,Canada,Mid-Market
CU000793,Account 000793,2022-07-31,Software,Singapore,Enterprise
CU000794,Account 000794,2022-07-09,Finance,United States,Enterprise
CU000795,Account 000795,2023-06-03,Retail,United Kingdom,SMB
CU000796,Account 000796,2025-02-24,Finance,Singapore,Mid-Market
CU000797,Account 000797,2022-02-08,Healthcare,Canada,Enterprise
CU000798,Account 000798,2026-06-29,Education,Australia,Enterprise
CU000799,Account 000799,2023-06-23,Finance,United Kingdom,SMB
CU000800,Account 000800,2023-03-13,Software,Germany,Enterprise
CU000801,Account 000801,2023-12-05,Education,Australia,Enterprise
CU000802,Account 000802,2022-11-24,Manufacturing,United Kingdom,SMB
CU000803,Account 000803,2026-03-05,Professional Services,Australia,Enterprise
CU000804,Account 000804,2025-06-07,Retail,Germany,Enterprise
CU000805,Account 000805,2026-05-03,Finance,United Kingdom,SMB
CU000806,Account 000806,2022-04-23,Finance,Australia,SMB
CU000807,Account 000807,2024-02-14,Education,Germany,SMB
CU000808,Account 000808,2024-01-13,Healthcare,United States,Enterprise
CU000809,Account 000809,2023-12-21,Software,Germany,SMB
CU000810,Account 000810,2026-06-05,Professional Services,Singapore,Mid-Market
CU000811,Account 000811,2025-04-07,Software,United States,SMB
CU000812,Account 000812,2024-04-16,Manufacturing,United States,SMB
CU000813,Account 000813,2025-06-17,Finance,Australia,Mid-Market
CU000814,Account 000814,2022-06-29,Education,United States,Mid-Market
CU000815,Account 000815,2025-05-22,Manufacturing,Germany,SMB
CU000816,Account 000816,2024-02-20,Healthcare,Australia,Enterprise
CU000817,Account 000817,2023-02-14,Healthcare,Singapore,Mid-Market
CU000818,Account 000818,2022-06-07,Education,Australia,SMB
CU000819,Account 000819,2022-07-29,Manufacturing,United Kingdom,Mid-Market
CU000820,Account 000820,2023-09-15,Software,United States,Enterprise
CU000821,Account 000821,2026-03-11,Healthcare,Canada,SMB
CU000822,Account 000822,2022-06-17,Education,Singapore,SMB
CU000823,Account 000823,2022-07-11,Software,Canada,Enterprise
CU000824,Account 000824,2024-07-10,Software,Singapore,Enterprise
CU000825,Account 000825,2025-01-13,Retail,United States,Mid-Market
CU000826,Account 000826,2025-11-30,Education,United States,SMB
CU000827,Account 000827,2025-08-04,Healthcare,Australia,SMB
CU000828,Account 000828,2025-06-24,Professional Services,Germany,Mid-Market
CU000829,Account 000829,2024-09-08,Retail,United States,Mid-Market
CU000830,Account 000830,2025-07-12,Professional Services,Singapore,Enterprise
CU000831,Account 000831,2025-12-25,Manufacturing,Germany,Mid-Market
CU000832,Account 000832,2022-03-11,Manufacturing,Canada,Mid-Market
CU000833,Account 000833,2025-12-17,Finance,United Kingdom,Mid-Market
CU000834,Account 000834,2026-04-10,Manufacturing,United Kingdom,Mid-Market
CU000835,Account 000835,2024-10-12,Professional Services,Canada,Enterprise
CU000836,Account 000836,2024-07-18,Retail,United States,SMB
CU000837,Account 000837,2025-04-04,Software,Australia,SMB
CU000838,Account 000838,2022-04-10,Professional Services,United Kingdom,Enterprise
CU000839,Account 000839,2023-12-26,Healthcare,Germany,Mid-Market
CU000840,Account 000840,2023-01-02,Professional Services,Germany,SMB
CU000841,Account 000841,2022-11-11,Healthcare,United States,SMB
CU000842,Account 000842,2022-05-23,Finance,Australia,SMB
CU000843,Account 000843,2025-12-01,Professional Services,Australia,Mid-Market
CU000844,Account 000844,2025-06-16,Manufacturing,Singapore,Enterprise
CU000845,Account 000845,2025-12-06,Education,Canada,SMB
CU000846,Account 000846,2022-10-08,Education,Germany,Enterprise
CU000847,Account 000847,2024-09-17,Education,Australia,SMB
CU000848,Account 000848,2026-02-02,Finance,Australia,Mid-Market
CU000849,Account 000849,2025-06-21,Healthcare,United States,Mid-Market
CU000850,Account 000850,2024-01-16,Professional Services,Australia,Enterprise
CU000851,Account 000851,2025-09-13,Retail,United Kingdom,SMB
CU000852,Account 000852,2024-09-26,Professional Services,Singapore,SMB
CU000853,Account 000853,2026-06-23,Professional Services,Canada,Enterprise
CU000854,Account 000854,2023-05-26,Software,Canada,Mid-Market
CU000855,Account 000855,2022-09-19,Professional Services,Germany,SMB
CU000856,Account 000856,2025-10-20,Retail,United States,Enterprise
CU000857,Account 000857,2025-11-17,Education,Singapore,Mid-Market
CU000858,Account 000858,2022-02-26,Finance,Australia,SMB
CU000859,Account 000859,2022-03-04,Retail,United States,Enterprise
CU000860,Account 000860,2022-03-04,Retail,Singapore,Mid-Market
CU000861,Account 000861,2023-01-08,Professional Services,Germany,Mid-Market
CU000862,Account 000862,2024-09-25,Manufacturing,United Kingdom,SMB
CU000863,Account 000863,2022-05-24,Professional Services,United States,Mid-Market
CU000864,Account 000864,2024-09-26,Healthcare,United States,Enterprise
CU000865,Account 000865,2024-01-08,Software,Singapore,SMB
CU000866,Account 000866,2023-09-22,Finance,Germany,Enterprise
CU000867,Account 000867,2026-06-28,Finance,Australia,SMB
CU000868,Account 000868,2024-09-18,Manufacturing,Canada,Enterprise
CU000869,Account 000869,2022-02-19,Finance,United States,Mid-Market
CU000870,Account 000870,2023-11-09,Manufacturing,Singapore,SMB
CU000871,Account 000871,2023-01-23,Retail,United States,SMB
CU000872,Account 000872,2025-07-21,Professional Services,Canada,Enterprise
CU000873,Account 000873,2022-01-11,Healthcare,Canada,Enterprise
CU000874,Account 000874,2024-01-31,Professional Services,United States,Mid-Market
CU000875,Account 000875,2022-08-02,Education,Singapore,SMB
CU000876,Account 000876,2022-07-09,Education,Germany,Enterprise
CU000877,Account 000877,2023-06-12,Manufacturing,Canada,Mid-Market
CU000878,Account 000878,2024-08-13,Healthcare,Singapore,Enterprise
CU000879,Account 000879,2022-01-27,Manufacturing,United Kingdom,SMB
CU000880,Account 000880,2025-08-08,Education,Canada,Enterprise
CU000881,Account 000881,2023-04-28,Healthcare,Canada,Enterprise
CU000882,Account 000882,2025-01-15,Retail,Singapore,SMB
CU000883,Account 000883,2023-12-21,Professional Services,Singapore,Enterprise
CU000884,Account 000884,2026-02-25,Manufacturing,United States,Enterprise
CU000885,Account 000885,2026-02-11,Finance,Singapore,SMB
CU000886,Account 000886,2022-08-11,Retail,Germany,Enterprise
CU000887,Account 000887,2023-03-21,Retail,Australia,Enterprise
CU000888,Account 000888,2026-03-23,Healthcare,Canada,Enterprise
CU000889,Account 000889,2023-08-24,Retail,Canada,SMB
CU000890,Account 000890,2024-09-28,Software,Germany,Mid-Market
CU000891,Account 000891,2023-01-25,Manufacturing,Germany,SMB
CU000892,Account 000892,2025-06-24,Retail,Singapore,Enterprise
CU000893,Account 000893,2023-07-12,Software,United Kingdom,Enterprise
CU000894,Account 000894,2024-07-20,Education,Germany,SMB
CU000895,Account 000895,2023-08-31,Retail,Germany,Enterprise
CU000896,Account 000896,2025-05-16,Healthcare,Australia,Enterprise
CU000897,Account 000897,2025-12-24,Healthcare,Canada,Enterprise
CU000898,Account 000898,2022-08-23,Education,United Kingdom,Mid-Market
CU000899,Account 000899,2025-01-31,Education,Canada,Enterprise
CU000900,Account 000900,2024-09-14,Education,Singapore,Enterprise
CU000901,Account 000901,2025-12-04,Professional Services,United States,Mid-Market
CU000902,Account 000902,2024-03-13,Professional Services,United Kingdom,Enterprise
CU000903,Account 000903,2023-03-04,Healthcare,United Kingdom,Mid-Market
CU000904,Account 000904,2025-11-27,Retail,Canada,Enterprise
CU000905,Account 000905,2022-06-30,Manufacturing,Canada,Mid-Market
CU000906,Account 000906,2022-12-19,Education,Canada,Mid-Market
CU000907,Account 000907,2023-07-19,Retail,United Kingdom,Mid-Market
CU000908,Account 000908,2022-12-15,Professional Services,Germany,SMB
CU000909,Account 000909,2025-10-09,Retail,Canada,Enterprise
CU000910,Account 000910,2025-10-26,Manufacturing,United Kingdom,Enterprise
CU000911,Account 000911,2022-11-15,Finance,Canada,SMB
CU000912,Account 000912,2026-02-25,Manufacturing,Australia,SMB
CU000913,Account 000913,2024-01-21,Professional Services,Canada,Mid-Market
CU000914,Account 000914,2023-11-17,Healthcare,Germany,SMB
CU000915,Account 000915,2024-12-30,Finance,Singapore,SMB
CU000916,Account 000916,2024-03-28,Retail,Australia,SMB
CU000917,Account 000917,2023-05-26,Software,Germany,Enterprise
CU000918,Account 000918,2022-07-30,Healthcare,Canada,SMB
CU000919,Account 000919,2024-11-25,Finance,Australia,Enterprise
CU000920,Account 000920,2024-06-25,Retail,United Kingdom,Enterprise
CU000921,Account 000921,2023-05-02,Professional Services,Germany,Mid-Market
CU000922,Account 000922,2026-06-29,Retail,United Kingdom,SMB
CU000923,Account 000923,2022-08-15,Software,Canada,SMB
CU000924,Account 000924,2023-04-20,Manufacturing,United States,SMB
CU000925,Account 000925,2024-09-02,Software,United States,SMB
CU000926,Account 000926,2024-01-26,Software,Germany,SMB
CU000927,Account 000927,2022-02-21,Education,United States,Mid-Market
CU000928,Account 000928,2024-03-06,Healthcare,Canada,Enterprise
CU000929,Account 000929,2023-10-12,Education,Canada,SMB
CU000930,Account 000930,2025-11-26,Manufacturing,Germany,Mid-Market
CU000931,Account 000931,2024-06-16,Professional Services,Germany,Mid-Market
CU000932,Account 000932,2026-06-04,Manufacturing,Australia,Mid-Market
CU000933,Account 000933,2025-06-29,Education,United Kingdom,Mid-Market
CU000934,Account 000934,2022-06-24,Healthcare,Australia,Enterprise
CU000935,Account 000935,2023-07-28,Professional Services,Australia,Enterprise
CU000936,Account 000936,2022-12-15,Education,Germany,Mid-Market
CU000937,Account 000937,2024-02-18,Education,Australia,SMB
CU000938,Account 000938,2024-01-27,Healthcare,Australia,SMB
CU000939,Account 000939,2022-01-05,Manufacturing,Germany,SMB
CU000940,Account 000940,2023-09-26,Education,United States,Enterprise
CU000941,Account 000941,2024-04-20,Manufacturing,Australia,Mid-Market
CU000942,Account 000942,2026-06-17,Professional Services,Germany,SMB
CU000943,Account 000943,2023-02-05,Retail,United States,Mid-Market
CU000944,Account 000944,2023-09-30,Manufacturing,Singapore,Enterprise
CU000945,Account 000945,2023-04-28,Retail,Canada,Enterprise
CU000946,Account 000946,2024-01-07,Healthcare,Australia,Mid-Market
CU000947,Account 000947,2024-02-22,Healthcare,United States,SMB
CU000948,Account 000948,2022-08-03,Finance,United Kingdom,Mid-Market
CU000949,Account 000949,2022-03-01,Professional Services,Canada,SMB
CU000950,Account 000950,2023-05-16,Manufacturing,Germany,Mid-Market
CU000951,Account 000951,2024-08-11,Finance,United Kingdom,Mid-Market
CU000952,Account 000952,2025-11-10,Software,Germany,Enterprise
CU000953,Account 000953,2023-06-21,Retail,Canada,Enterprise
CU000954,Account 000954,2025-08-11,Education,Canada,Mid-Market
CU000955,Account 000955,2023-03-18,Finance,Canada,Mid-Market
CU000956,Account 000956,2025-09-04,Retail,United Kingdom,SMB
CU000957,Account 000957,2026-03-15,Finance,Canada,Enterprise
CU000958,Account 000958,2023-10-11,Software,Canada,SMB
CU000959,Account 000959,2023-06-28,Finance,Germany,Mid-Market
CU000960,Account 000960,2023-03-13,Education,United States,Enterprise
CU000961,Account 000961,2026-03-21,Healthcare,Singapore,Mid-Market
CU000962,Account 000962,2024-04-13,Manufacturing,Australia,Mid-Market
CU000963,Account 000963,2025-09-30,Professional Services,Germany,Enterprise
CU000964,Account 000964,2024-07-18,Professional Services,Canada,Enterprise
CU000965,Account 000965,2023-07-25,Professional Services,Germany,SMB
CU000966,Account 000966,2024-03-11,Software,United States,SMB
CU000967,Account 000967,2024-01-31,Manufacturing,United Kingdom,Enterprise
CU000968,Account 000968,2022-11-25,Healthcare,Singapore,SMB
CU000969,Account 000969,2023-02-21,Education,Australia,SMB
CU000970,Account 000970,2023-12-11,Manufacturing,Australia,Enterprise
CU000971,Account 000971,2026-04-20,Retail,United Kingdom,Mid-Market
CU000972,Account 000972,2023-06-20,Healthcare,Singapore,SMB
CU000973,Account 000973,2023-02-16,Healthcare,Australia,Enterprise
CU000974,Account 000974,2022-12-15,Healthcare,Canada,Mid-Market
CU000975,Account 000975,2025-10-30,Education,Singapore,SMB
CU000976,Account 000976,2022-01-26,Professional Services,Australia,SMB
CU000977,Account 000977,2024-02-29,Retail,Singapore,Mid-Market
CU000978,Account 000978,2026-04-23,Software,United States,Enterprise
CU000979,Account 000979,2024-07-24,Professional Services,United States,SMB
CU000980,Account 000980,2026-04-23,Manufacturing,Germany,SMB
CU000981,Account 000981,2022-02-10,Professional Services,United States,Mid-Market
CU000982,Account 000982,2024-10-29,Retail,Australia,Mid-Market
CU000983,Account 000983,2022-08-31,Software,Australia,Mid-Market
CU000984,Account 000984,2025-04-23,Professional Services,United States,Mid-Market
CU000985,Account 000985,2024-08-14,Manufacturing,Australia,Mid-Market
CU000986,Account 000986,2024-01-23,Finance,Germany,Mid-Market
CU000987,Account 000987,2023-11-01,Manufacturing,Canada,SMB
CU000988,Account 000988,2025-06-18,Education,Australia,Mid-Market
CU000989,Account 000989,2025-03-28,Professional Services,United States,Mid-Market
CU000990,Account 000990,2025-02-25,Manufacturing,Australia,SMB
CU000991,Account 000991,2024-10-30,Manufacturing,Singapore,SMB
CU000992,Account 000992,2025-12-20,Education,United States,Mid-Market
CU000993,Account 000993,2023-04-25,Education,United States,SMB
CU000994,Account 000994,2024-09-25,Retail,Australia,SMB
CU000995,Account 000995,2026-01-28,Professional Services,Australia,Mid-Market
CU000996,Account 000996,2022-06-24,Manufacturing,Australia,Enterprise
CU000997,Account 000997,2024-06-22,Professional Services,Singapore,Mid-Market
CU000998,Account 000998,2025-04-19,Education,Singapore,Mid-Market
CU000999,Account 000999,2022-06-03,Professional Services,Canada,Enterprise
CU001000,Account 001000,2023-03-16,Manufacturing,Germany,Enterprise
CU001001,Account 001001,2026-03-31,Education,United Kingdom,Enterprise
CU001002,Account 001002,2022-03-10,Manufacturing,Australia,Enterprise
CU001003,Account 001003,2025-05-02,Manufacturing,Canada,Enterprise
CU001004,Account 001004,2023-08-23,Education,Canada,Mid-Market
CU001005,Account 001005,2024-06-21,Finance,Canada,Mid-Market
CU001006,Account 001006,2023-05-21,Retail,United Kingdom,SMB
CU001007,Account 001007,2026-04-20,Education,United States,Enterprise
CU001008,Account 001008,2023-03-08,Software,Canada,Mid-Market
CU001009,Account 001009,2022-08-27,Professional Services,United Kingdom,SMB
CU001010,Account 001010,2024-10-14,Manufacturing,United States,SMB
CU001011,Account 001011,2022-01-06,Software,Germany,SMB
CU001012,Account 001012,2023-11-01,Software,Australia,SMB
CU001013,Account 001013,2022-07-29,Healthcare,United States,Mid-Market
CU001014,Account 001014,2026-03-06,Healthcare,United Kingdom,SMB
CU001015,Account 001015,2024-04-20,Software,United Kingdom,Mid-Market
CU001016,Account 001016,2023-12-23,Professional Services,Germany,Mid-Market
CU001017,Account 001017,2024-07-18,Healthcare,United States,Mid-Market
CU001018,Account 001018,2022-09-04,Retail,Australia,Enterprise
CU001019,Account 001019,2022-05-29,Education,United States,Enterprise
CU001020,Account 001020,2022-11-30,Manufacturing,United Kingdom,SMB
CU001021,Account 001021,2025-02-09,Healthcare,Germany,SMB
CU001022,Account 001022,2026-01-27,Retail,Australia,SMB
CU001023,Account 001023,2025-09-29,Retail,Canada,SMB
CU001024,Account 001024,2024-12-09,Professional Services,Germany,Mid-Market
CU001025,Account 001025,2022-06-28,Manufacturing,Singapore,SMB
CU001026,Account 001026,2023-05-26,Education,Germany,Enterprise
CU001027,Account 001027,2022-04-29,Software,United States,Enterprise
CU001028,Account 001028,2023-04-04,Finance,Germany,SMB
CU001029,Account 001029,2022-01-05,Retail,Singapore,Enterprise
CU001030,Account 001030,2025-01-18,Professional Services,United Kingdom,Mid-Market
CU001031,Account 001031,2024-08-19,Professional Services,Canada,Enterprise
CU001032,Account 001032,2023-08-17,Software,Germany,SMB
CU001033,Account 001033,2024-11-21,Manufacturing,Canada,Enterprise
CU001034,Account 001034,2023-07-30,Professional Services,Australia,Enterprise
CU001035,Account 001035,2022-01-19,Retail,United Kingdom,SMB
CU001036,Account 001036,2024-12-10,Professional Services,Canada,Enterprise
CU001037,Account 001037,2026-03-12,Education,United States,Mid-Market
CU001038,Account 001038,2022-08-24,Retail,Canada,Mid-Market
CU001039,Account 001039,2023-04-01,Finance,United Kingdom,SMB
CU001040,Account 001040,2025-06-20,Manufacturing,United Kingdom,Enterprise
CU001041,Account 001041,2024-12-24,Software,Canada,SMB
CU001042,Account 001042,2025-12-18,Finance,United Kingdom,Mid-Market
CU001043,Account 001043,2026-01-09,Retail,United States,SMB
CU001044,Account 001044,2023-02-27,Finance,Germany,Mid-Market
CU001045,Account 001045,2025-02-26,Education,United Kingdom,Enterprise
CU001046,Account 001046,2022-12-17,Software,Australia,Mid-Market
CU001047,Account 001047,2024-08-27,Retail,Canada,Mid-Market
CU001048,Account 001048,2024-02-29,Education,Singapore,Mid-Market
CU001049,Account 001049,2025-11-19,Finance,United Kingdom,SMB
CU001050,Account 001050,2025-03-05,Professional Services,United Kingdom,Mid-Market
CU001051,Account 001051,2024-09-14,Education,Germany,SMB
CU001052,Account 001052,2022-02-13,Software,Germany,Enterprise
CU001053,Account 001053,2024-03-28,Education,Canada,Mid-Market
CU001054,Account 001054,2022-01-17,Retail,Australia,SMB
CU001055,Account 001055,2022-05-21,Finance,Australia,Enterprise
CU001056,Account 001056,2022-01-12,Healthcare,United States,Mid-Market
CU001057,Account 001057,2022-06-14,Finance,Germany,SMB
CU001058,Account 001058,2022-11-16,Healthcare,Australia,Enterprise
CU001059,Account 001059,2025-04-14,Finance,United Kingdom,Mid-Market
CU001060,Account 001060,2022-10-27,Healthcare,Germany,Mid-Market
CU001061,Account 001061,2022-06-30,Manufacturing,United States,SMB
CU001062,Account 001062,2025-06-06,Retail,Australia,SMB
CU001063,Account 001063,2026-04-12,Manufacturing,United States,Mid-Market
CU001064,Account 001064,2025-07-15,Software,Australia,SMB
CU001065,Account 001065,2024-10-25,Manufacturing,Canada,Enterprise
CU001066,Account 001066,2024-04-25,Professional Services,Canada,Mid-Market
CU001067,Account 001067,2026-04-15,Finance,Singapore,Enterprise
CU001068,Account 001068,2023-02-02,Manufacturing,United States,Mid-Market
CU001069,Account 001069,2026-02-08,Professional Services,Germany,Enterprise
CU001070,Account 001070,2026-06-03,Education,United States,Mid-Market
CU001071,Account 001071,2023-12-30,Manufacturing,Germany,SMB
CU001072,Account 001072,2025-04-09,Software,Canada,Mid-Market
CU001073,Account 001073,2024-10-16,Finance,Singapore,Enterprise
CU001074,Account 001074,2022-10-30,Professional Services,Germany,Mid-Market
CU001075,Account 001075,2025-01-18,Finance,Germany,Enterprise
CU001076,Account 001076,2026-05-08,Healthcare,United States,SMB
CU001077,Account 001077,2024-09-09,Education,Canada,Mid-Market
CU001078,Account 001078,2022-10-14,Healthcare,Canada,SMB
CU001079,Account 001079,2025-03-28,Manufacturing,Canada,Enterprise
CU001080,Account 001080,2026-01-05,Professional Services,Germany,Enterprise
CU001081,Account 001081,2022-04-27,Healthcare,Canada,Mid-Market
CU001082,Account 001082,2022-07-07,Finance,Singapore,Mid-Market
CU001083,Account 001083,2026-03-31,Education,Australia,Enterprise
CU001084,Account 001084,2026-01-11,Software,United States,Enterprise
CU001085,Account 001085,2024-11-18,Finance,United States,Enterprise
CU001086,Account 001086,2025-08-11,Education,Germany,Mid-Market
CU001087,Account 001087,2023-04-25,Manufacturing,United States,SMB
CU001088,Account 001088,2025-01-08,Manufacturing,United Kingdom,Mid-Market
CU001089,Account 001089,2022-08-31,Professional Services,Australia,Enterprise
CU001090,Account 001090,2024-06-30,Healthcare,United States,SMB
CU001091,Account 001091,2025-03-16,Software,Singapore,SMB
CU001092,Account 001092,2023-02-06,Retail,Canada,SMB
CU001093,Account 001093,2023-03-20,Healthcare,Australia,Enterprise
CU001094,Account 001094,2022-10-15,Healthcare,United Kingdom,Enterprise
CU001095,Account 001095,2023-12-10,Manufacturing,Singapore,SMB
CU001096,Account 001096,2022-02-10,Healthcare,Singapore,SMB
CU001097,Account 001097,2022-04-21,Finance,United Kingdom,SMB
CU001098,Account 001098,2025-02-22,Healthcare,United Kingdom,Mid-Market
CU001099,Account 001099,2024-02-23,Education,Canada,Enterprise
CU001100,Account 001100,2024-06-08,Retail,Singapore,SMB
CU001101,Account 001101,2025-06-23,Professional Services,Germany,SMB
CU001102,Account 001102,2023-06-19,Finance,United Kingdom,Enterprise
CU001103,Account 001103,2022-01-11,Manufacturing,Canada,Mid-Market
CU001104,Account 001104,2025-09-02,Professional Services,Germany,SMB
CU001105,Account 001105,2025-07-07,Professional Services,United Kingdom,SMB
CU001106,Account 001106,2023-08-04,Healthcare,Canada,Enterprise
CU001107,Account 001107,2022-12-09,Software,Singapore,SMB
CU001108,Account 001108,2022-05-22,Finance,Australia,SMB
CU001109,Account 001109,2024-01-15,Retail,Australia,SMB
CU001110,Account 001110,2023-07-14,Manufacturing,Canada,Enterprise
CU001111,Account 001111,2025-07-07,Healthcare,Germany,Enterprise
CU001112,Account 001112,2022-12-19,Education,United States,SMB
CU001113,Account 001113,2024-05-17,Manufacturing,United Kingdom,Mid-Market
CU001114,Account 001114,2024-03-20,Education,United States,Mid-Market
CU001115,Account 001115,2023-02-08,Manufacturing,United States,Enterprise
CU001116,Account 001116,2025-09-18,Retail,Canada,SMB
CU001117,Account 001117,2024-03-01,Software,United States,SMB
CU001118,Account 001118,2025-08-03,Professional Services,United States,Mid-Market
CU001119,Account 001119,2026-03-04,Healthcare,United Kingdom,Enterprise
CU001120,Account 001120,2025-05-02,Education,Germany,SMB
CU001121,Account 001121,2022-03-08,Professional Services,Australia,Mid-Market
CU001122,Account 001122,2025-03-16,Software,United States,SMB
CU001123,Account 001123,2025-07-17,Retail,Canada,SMB
CU001124,Account 001124,2022-07-10,Healthcare,Singapore,Enterprise
CU001125,Account 001125,2025-11-17,Education,Germany,Enterprise
CU001126,Account 001126,2026-06-29,Healthcare,United States,Enterprise
CU001127,Account 001127,2023-10-17,Professional Services,United Kingdom,Enterprise
CU001128,Account 001128,2025-12-26,Software,Canada,SMB
CU001129,Account 001129,2022-10-15,Education,Australia,Enterprise
CU001130,Account 001130,2023-11-21,Professional Services,Australia,Enterprise
CU001131,Account 001131,2024-10-16,Professional Services,Germany,Enterprise
CU001132,Account 001132,2024-10-11,Manufacturing,United States,Mid-Market
CU001133,Account 001133,2024-04-27,Education,United States,SMB
CU001134,Account 001134,2022-04-25,Healthcare,Canada,SMB
CU001135,Account 001135,2024-12-19,Education,Canada,SMB
CU001136,Account 001136,2023-11-29,Software,Germany,SMB
CU001137,Account 001137,2025-02-26,Finance,United States,Enterprise
CU001138,Account 001138,2022-08-15,Retail,United States,Enterprise
CU001139,Account 001139,2024-03-23,Education,United Kingdom,Enterprise
CU001140,Account 001140,2026-01-30,Retail,Singapore,SMB
CU001141,Account 001141,2022-04-05,Retail,United Kingdom,Enterprise
CU001142,Account 001142,2023-06-08,Healthcare,Canada,Mid-Market
CU001143,Account 001143,2022-01-05,Professional Services,Canada,SMB
CU001144,Account 001144,2025-01-22,Software,United Kingdom,SMB
CU001145,Account 001145,2023-10-08,Education,United States,Enterprise
CU001146,Account 001146,2023-04-25,Professional Services,Germany,Enterprise
CU001147,Account 001147,2022-08-06,Retail,Singapore,Enterprise
CU001148,Account 001148,2025-12-09,Retail,Germany,Mid-Market
CU001149,Account 001149,2026-03-06,Healthcare,United States,Mid-Market
CU001150,Account 001150,2023-07-19,Finance,United States,SMB
CU001151,Account 001151,2026-05-12,Retail,Singapore,SMB
CU001152,Account 001152,2022-12-13,Education,Canada,Mid-Market
CU001153,Account 001153,2023-12-19,Retail,Germany,Enterprise
CU001154,Account 001154,2023-02-21,Education,United States,SMB
CU001155,Account 001155,2024-09-08,Retail,Australia,Enterprise
CU001156,Account 001156,2024-10-31,Finance,United States,Mid-Market
CU001157,Account 001157,2025-12-08,Manufacturing,United States,SMB
CU001158,Account 001158,2022-11-27,Retail,Germany,SMB
CU001159,Account 001159,2024-09-12,Education,Singapore,Mid-Market
CU001160,Account 001160,2026-03-03,Manufacturing,Germany,SMB
CU001161,Account 001161,2024-11-16,Manufacturing,Australia,Enterprise
CU001162,Account 001162,2024-10-05,Finance,United Kingdom,Enterprise
CU001163,Account 001163,2025-01-08,Manufacturing,Canada,Enterprise
CU001164,Account 001164,2024-04-05,Manufacturing,Singapore,SMB
CU001165,Account 001165,2022-11-06,Education,Australia,SMB
CU001166,Account 001166,2026-03-29,Retail,Canada,SMB
CU001167,Account 001167,2025-04-28,Software,Australia,SMB
CU001168,Account 001168,2023-10-09,Retail,Australia,Enterprise
CU001169,Account 001169,2022-07-21,Professional Services,Germany,Enterprise
CU001170,Account 001170,2022-03-12,Retail,United States,Enterprise
CU001171,Account 001171,2024-02-21,Education,Singapore,SMB
CU001172,Account 001172,2024-11-26,Retail,Canada,SMB
CU001173,Account 001173,2022-02-11,Finance,Canada,Enterprise
CU001174,Account 001174,2024-05-23,Retail,Australia,SMB
CU001175,Account 001175,2023-04-29,Education,Australia,Mid-Market
CU001176,Account 001176,2023-03-09,Healthcare,Germany,Mid-Market
CU001177,Account 001177,2025-07-02,Retail,United Kingdom,SMB
CU001178,Account 001178,2026-05-26,Education,Canada,Mid-Market
CU001179,Account 001179,2024-12-02,Healthcare,Australia,Mid-Market
CU001180,Account 001180,2024-09-03,Retail,Canada,SMB
CU001181,Account 001181,2023-06-19,Finance,Australia,SMB
CU001182,Account 001182,2025-09-02,Finance,United Kingdom,Enterprise
CU001183,Account 001183,2023-01-25,Software,Singapore,Mid-Market
CU001184,Account 001184,2026-02-16,Healthcare,Singapore,Mid-Market
CU001185,Account 001185,2023-05-06,Professional Services,Canada,Mid-Market
CU001186,Account 001186,2023-03-20,Education,Germany,SMB
CU001187,Account 001187,2024-07-08,Finance,Germany,SMB
CU001188,Account 001188,2024-10-11,Retail,Singapore,Mid-Market
CU001189,Account 001189,2025-11-06,Software,Australia,SMB
CU001190,Account 001190,2025-04-05,Finance,Singapore,Mid-Market
CU001191,Account 001191,2026-01-27,Finance,Singapore,SMB
CU001192,Account 001192,2023-11-05,Professional Services,United States,Enterprise
CU001193,Account 001193,2024-10-11,Education,United Kingdom,Enterprise
CU001194,Account 001194,2024-10-12,Healthcare,United Kingdom,SMB
CU001195,Account 001195,2026-03-31,Retail,Singapore,Enterprise
CU001196,Account 001196,2025-10-31,Professional Services,Germany,Mid-Market
CU001197,Account 001197,2025-04-28,Software,Australia,Mid-Market
CU001198,Account 001198,2023-04-07,Manufacturing,Australia,Enterprise
CU001199,Account 001199,2025-07-09,Professional Services,Germany,SMB
CU001200,Account 001200,2024-04-26,Finance,Canada,Mid-Market
CU001201,Account 001201,2026-02-21,Education,Australia,Enterprise
CU001202,Account 001202,2025-09-29,Software,Germany,SMB
CU001203,Account 001203,2025-02-17,Professional Services,Singapore,Mid-Market
CU001204,Account 001204,2023-11-23,Healthcare,Germany,SMB
CU001205,Account 001205,2024-02-12,Professional Services,Singapore,SMB
CU001206,Account 001206,2022-10-27,Retail,Australia,SMB
CU001207,Account 001207,2023-06-26,Manufacturing,Singapore,Enterprise
CU001208,Account 001208,2024-02-05,Healthcare,United Kingdom,Enterprise
CU001209,Account 001209,2022-07-17,Software,Singapore,Mid-Market
CU001210,Account 001210,2023-10-23,Finance,United Kingdom,Enterprise
CU001211,Account 001211,2026-06-23,Healthcare,United Kingdom,SMB
CU001212,Account 001212,2024-03-05,Education,Germany,Enterprise
CU001213,Account 001213,2024-08-29,Manufacturing,Singapore,SMB
CU001214,Account 001214,2025-01-23,Manufacturing,United States,SMB
CU001215,Account 001215,2023-09-08,Finance,Germany,Enterprise
CU001216,Account 001216,2025-08-30,Education,United Kingdom,Enterprise
CU001217,Account 001217,2023-01-10,Retail,Canada,Mid-Market
CU001218,Account 001218,2023-11-10,Professional Services,Germany,SMB
CU001219,Account 001219,2023-02-26,Education,Singapore,SMB
CU001220,Account 001220,2022-09-20,Education,Singapore,Mid-Market
CU001221,Account 001221,2023-08-21,Manufacturing,United Kingdom,Enterprise
CU001222,Account 001222,2023-09-30,Healthcare,Canada,Enterprise
CU001223,Account 001223,2026-06-22,Healthcare,United States,SMB
CU001224,Account 001224,2025-06-19,Education,Singapore,Mid-Market
CU001225,Account 001225,2026-01-03,Education,Australia,Enterprise
CU001226,Account 001226,2022-03-22,Software,United Kingdom,Enterprise
CU001227,Account 001227,2024-03-12,Manufacturing,Germany,Enterprise
CU001228,Account 001228,2025-09-06,Manufacturing,Canada,SMB
CU001229,Account 001229,2025-03-13,Healthcare,United States,SMB
CU001230,Account 001230,2024-07-11,Software,Germany,Enterprise
CU001231,Account 001231,2024-09-06,Software,Canada,Mid-Market
CU001232,Account 001232,2023-03-22,Software,United States,SMB
CU001233,Account 001233,2023-08-15,Manufacturing,United States,SMB
CU001234,Account 001234,2022-12-24,Finance,Australia,Mid-Market
CU001235,Account 001235,2022-08-24,Professional Services,United Kingdom,Enterprise
CU001236,Account 001236,2023-03-02,Software,Germany,SMB
CU001237,Account 001237,2025-06-20,Manufacturing,United Kingdom,SMB
CU001238,Account 001238,2025-10-23,Healthcare,Singapore,Enterprise
CU001239,Account 001239,2024-02-05,Finance,Singapore,Enterprise
CU001240,Account 001240,2023-06-17,Retail,Singapore,Mid-Market
CU001241,Account 001241,2023-10-03,Education,United States,Enterprise
CU001242,Account 001242,2025-04-21,Professional Services,Australia,Mid-Market
CU001243,Account 001243,2022-02-23,Software,United States,Enterprise
CU001244,Account 001244,2025-04-26,Education,Australia,SMB
CU001245,Account 001245,2023-01-20,Professional Services,Australia,Enterprise
CU001246,Account 001246,2026-05-05,Finance,United States,Enterprise
CU001247,Account 001247,2025-11-08,Healthcare,United States,Mid-Market
CU001248,Account 001248,2024-05-16,Finance,Germany,Mid-Market
CU001249,Account 001249,2025-12-01,Manufacturing,Canada,SMB
CU001250,Account 001250,2022-08-10,Healthcare,Canada,Mid-Market
CU001251,Account 001251,2023-10-11,Software,Singapore,Mid-Market
CU001252,Account 001252,2022-01-03,Education,Australia,Enterprise
CU001253,Account 001253,2026-05-04,Manufacturing,Singapore,Enterprise
CU001254,Account 001254,2026-06-29,Healthcare,United Kingdom,SMB
CU001255,Account 001255,2025-03-08,Professional Services,United Kingdom,Enterprise
CU001256,Account 001256,2025-11-26,Manufacturing,Australia,Enterprise
CU001257,Account 001257,2026-03-21,Healthcare,United States,Mid-Market
CU001258,Account 001258,2023-09-13,Professional Services,Canada,Enterprise
CU001259,Account 001259,2025-08-29,Software,Germany,Mid-Market
CU001260,Account 001260,2024-05-15,Education,Germany,Mid-Market
CU001261,Account 001261,2023-12-21,Manufacturing,United Kingdom,Enterprise
CU001262,Account 001262,2022-05-27,Education,United Kingdom,Mid-Market
CU001263,Account 001263,2022-09-30,Healthcare,Singapore,Enterprise
CU001264,Account 001264,2022-01-30,Software,Germany,SMB
CU001265,Account 001265,2025-07-07,Manufacturing,United States,Mid-Market
CU001266,Account 001266,2024-09-04,Professional Services,Singapore,Enterprise
CU001267,Account 001267,2025-12-01,Retail,Singapore,Enterprise
CU001268,Account 001268,2024-03-12,Software,United Kingdom,Enterprise
CU001269,Account 001269,2025-02-10,Education,United States,Enterprise
CU001270,Account 001270,2022-09-05,Retail,United Kingdom,Enterprise
CU001271,Account 001271,2023-02-10,Professional Services,Canada,SMB
CU001272,Account 001272,2024-05-16,Retail,Australia,SMB
CU001273,Account 001273,2024-11-08,Professional Services,Canada,Enterprise
CU001274,Account 001274,2022-09-12,Finance,Australia,Mid-Market
CU001275,Account 001275,2024-03-15,Manufacturing,United States,Enterprise
CU001276,Account 001276,2022-05-12,Education,Singapore,SMB
CU001277,Account 001277,2025-04-05,Healthcare,Australia,Mid-Market
CU001278,Account 001278,2024-07-10,Healthcare,United States,SMB
CU001279,Account 001279,2024-03-09,Manufacturing,Germany,SMB
CU001280,Account 001280,2025-07-28,Software,Canada,Mid-Market
CU001281,Account 001281,2025-06-28,Professional Services,Australia,Mid-Market
CU001282,Account 001282,2023-04-21,Manufacturing,Singapore,Mid-Market
CU001283,Account 001283,2023-01-05,Manufacturing,Australia,Enterprise
CU001284,Account 001284,2023-12-16,Education,Singapore,SMB
CU001285,Account 001285,2022-01-29,Healthcare,United States,Mid-Market
CU001286,Account 001286,2024-01-23,Retail,Germany,SMB
CU001287,Account 001287,2023-07-02,Software,Germany,SMB
CU001288,Account 001288,2024-11-01,Finance,Australia,SMB
CU001289,Account 001289,2026-05-11,Retail,Germany,Enterprise
CU001290,Account 001290,2026-06-16,Healthcare,United States,Mid-Market
CU001291,Account 001291,2022-12-16,Professional Services,Singapore,Enterprise
CU001292,Account 001292,2025-05-12,Finance,Germany,Enterprise
CU001293,Account 001293,2025-05-14,Healthcare,Canada,SMB
CU001294,Account 001294,2026-06-12,Healthcare,Singapore,Mid-Market
CU001295,Account 001295,2023-01-22,Retail,Canada,Mid-Market
CU001296,Account 001296,2024-09-21,Healthcare,Australia,Enterprise
CU001297,Account 001297,2022-04-21,Professional Services,United States,SMB
CU001298,Account 001298,2023-06-08,Professional Services,Australia,Enterprise
CU001299,Account 001299,2025-06-26,Education,Canada,Enterprise
CU001300,Account 001300,2026-06-22,Manufacturing,United States,Enterprise
CU001301,Account 001301,2024-07-25,Healthcare,Singapore,Mid-Market
CU001302,Account 001302,2023-12-16,Manufacturing,United Kingdom,Enterprise
CU001303,Account 001303,2026-06-14,Manufacturing,United States,Mid-Market
CU001304,Account 001304,2022-02-08,Education,Singapore,Mid-Market
CU001305,Account 001305,2023-08-05,Education,Singapore,SMB
CU001306,Account 001306,2025-04-28,Software,Singapore,Enterprise
CU001307,Account 001307,2023-03-22,Professional Services,United States,Enterprise
CU001308,Account 001308,2022-01-23,Healthcare,Canada,Mid-Market
CU001309,Account 001309,2022-10-24,Professional Services,Singapore,Mid-Market
CU001310,Account 001310,2025-04-14,Finance,Australia,Enterprise
CU001311,Account 001311,2023-04-15,Healthcare,Australia,Enterprise
CU001312,Account 001312,2025-01-16,Finance,Australia,Enterprise
CU001313,Account 001313,2025-10-22,Retail,Canada,Enterprise
CU001314,Account 001314,2022-06-07,Professional Services,Singapore,Mid-Market
CU001315,Account 001315,2026-01-26,Education,Germany,SMB
CU001316,Account 001316,2025-06-20,Professional Services,Canada,SMB
CU001317,Account 001317,2023-08-22,Software,United States,Mid-Market
CU001318,Account 001318,2022-11-13,Software,Singapore,Mid-Market
CU001319,Account 001319,2024-09-03,Professional Services,United Kingdom,Enterprise
CU001320,Account 001320,2023-04-01,Education,United Kingdom,SMB
CU001321,Account 001321,2023-05-03,Retail,Canada,Enterprise
CU001322,Account 001322,2024-07-16,Manufacturing,Germany,SMB
CU001323,Account 001323,2023-11-29,Healthcare,United States,Enterprise
CU001324,Account 001324,2022-12-15,Healthcare,Australia,Mid-Market
CU001325,Account 001325,2026-01-17,Manufacturing,Germany,Mid-Market
CU001326,Account 001326,2025-08-11,Software,Germany,Enterprise
CU001327,Account 001327,2026-03-15,Professional Services,Singapore,Mid-Market
CU001328,Account 001328,2024-04-05,Software,United States,Mid-Market
CU001329,Account 001329,2023-01-08,Finance,United Kingdom,Mid-Market
CU001330,Account 001330,2022-04-07,Software,United States,Enterprise
CU001331,Account 001331,2025-08-23,Professional Services,Australia,Enterprise
CU001332,Account 001332,2025-01-10,Professional Services,Canada,Enterprise
CU001333,Account 001333,2022-03-14,Professional Services,United Kingdom,Enterprise
CU001334,Account 001334,2023-05-25,Healthcare,United States,Enterprise
CU001335,Account 001335,2023-04-18,Retail,United States,Enterprise
CU001336,Account 001336,2023-02-10,Education,Germany,SMB
CU001337,Account 001337,2025-12-30,Finance,Singapore,Enterprise
CU001338,Account 001338,2023-07-31,Retail,Australia,Mid-Market
CU001339,Account 001339,2023-01-09,Retail,United States,Enterprise
CU001340,Account 001340,2023-10-24,Education,Canada,Mid-Market
CU001341,Account 001341,2024-11-11,Software,United States,Enterprise
CU001342,Account 001342,2025-09-01,Healthcare,Australia,SMB
CU001343,Account 001343,2022-02-24,Software,United Kingdom,Mid-Market
CU001344,Account 001344,2026-05-23,Professional Services,United Kingdom,Mid-Market
CU001345,Account 001345,2024-08-21,Retail,Australia,Enterprise
CU001346,Account 001346,2022-05-03,Retail,Singapore,SMB
CU001347,Account 001347,2024-09-01,Retail,Canada,SMB
CU001348,Account 001348,2023-04-25,Retail,Singapore,SMB
CU001349,Account 001349,2024-08-02,Professional Services,Canada,Enterprise
CU001350,Account 001350,2026-05-23,Software,Singapore,Enterprise
CU001351,Account 001351,2024-05-20,Education,Germany,Enterprise
CU001352,Account 001352,2023-04-30,Manufacturing,Singapore,Mid-Market
CU001353,Account 001353,2023-01-09,Retail,Singapore,Mid-Market
CU001354,Account 001354,2022-12-21,Education,United States,Mid-Market
CU001355,Account 001355,2025-09-16,Education,Canada,Enterprise
CU001356,Account 001356,2023-03-27,Education,Germany,Mid-Market
CU001357,Account 001357,2024-04-09,Professional Services,Germany,SMB
CU001358,Account 001358,2025-03-11,Education,Singapore,Mid-Market
CU001359,Account 001359,2024-09-15,Education,Singapore,Enterprise
CU001360,Account 001360,2025-10-27,Software,Singapore,Enterprise
CU001361,Account 001361,2025-10-05,Education,Australia,SMB
CU001362,Account 001362,2023-05-18,Finance,Singapore,Enterprise
CU001363,Account 001363,2022-05-17,Finance,Australia,SMB
CU001364,Account 001364,2022-01-18,Finance,Singapore,Enterprise
CU001365,Account 001365,2025-01-15,Software,Canada,Mid-Market
CU001366,Account 001366,2025-08-03,Finance,Germany,Enterprise
CU001367,Account 001367,2025-09-22,Professional Services,United States,Enterprise
CU001368,Account 001368,2024-05-19,Education,Canada,Enterprise
CU001369,Account 001369,2024-03-11,Manufacturing,United Kingdom,SMB
CU001370,Account 001370,2023-08-21,Education,Singapore,Mid-Market
CU001371,Account 001371,2025-01-27,Software,Singapore,Enterprise
CU001372,Account 001372,2025-05-27,Retail,United States,SMB
CU001373,Account 001373,2025-05-20,Manufacturing,United Kingdom,Enterprise
CU001374,Account 001374,2026-06-29,Education,Canada,SMB
CU001375,Account 001375,2024-09-21,Software,United Kingdom,SMB
CU001376,Account 001376,2022-10-15,Retail,United Kingdom,SMB
CU001377,Account 001377,2022-02-21,Software,United States,Enterprise
CU001378,Account 001378,2025-10-18,Finance,United States,SMB
CU001379,Account 001379,2022-08-26,Software,Singapore,Enterprise
CU001380,Account 001380,2026-04-26,Software,Germany,Mid-Market
CU001381,Account 001381,2026-02-02,Finance,Germany,SMB
CU001382,Account 001382,2022-10-06,Software,Australia,SMB
CU001383,Account 001383,2022-01-29,Education,United States,SMB
CU001384,Account 001384,2023-08-04,Healthcare,United Kingdom,Enterprise
CU001385,Account 001385,2024-06-12,Retail,Singapore,Enterprise
CU001386,Account 001386,2022-01-12,Manufacturing,Singapore,Mid-Market
CU001387,Account 001387,2026-01-05,Education,Australia,Mid-Market
CU001388,Account 001388,2024-10-20,Manufacturing,Singapore,SMB
CU001389,Account 001389,2025-02-03,Professional Services,United States,Enterprise
CU001390,Account 001390,2023-05-03,Retail,Singapore,SMB
CU001391,Account 001391,2026-05-26,Education,Australia,Mid-Market
CU001392,Account 001392,2025-06-01,Finance,United States,SMB
CU001393,Account 001393,2022-01-25,Retail,United Kingdom,SMB
CU001394,Account 001394,2024-01-10,Professional Services,Singapore,Enterprise
CU001395,Account 001395,2025-07-25,Education,Canada,Mid-Market
CU001396,Account 001396,2024-05-31,Healthcare,Australia,SMB
CU001397,Account 001397,2025-10-15,Software,United Kingdom,Enterprise
CU001398,Account 001398,2022-03-23,Retail,Australia,SMB
CU001399,Account 001399,2025-09-19,Professional Services,Canada,Enterprise
CU001400,Account 001400,2022-02-22,Education,United Kingdom,Enterprise
CU001401,Account 001401,2024-08-28,Professional Services,United Kingdom,Enterprise
CU001402,Account 001402,2025-12-25,Professional Services,United Kingdom,Enterprise
CU001403,Account 001403,2026-05-25,Healthcare,Germany,SMB
CU001404,Account 001404,2026-06-04,Retail,Australia,SMB
CU001405,Account 001405,2023-12-07,Finance,Canada,Mid-Market
CU001406,Account 001406,2022-05-04,Software,United Kingdom,Enterprise
CU001407,Account 001407,2026-02-11,Professional Services,Australia,Mid-Market
CU001408,Account 001408,2023-11-28,Retail,Singapore,Enterprise
CU001409,Account 001409,2022-07-01,Manufacturing,Singapore,SMB
CU001410,Account 001410,2024-10-19,Manufacturing,United States,SMB
CU001411,Account 001411,2024-10-05,Healthcare,Singapore,Mid-Market
CU001412,Account 001412,2022-12-01,Software,Australia,Mid-Market
CU001413,Account 001413,2024-08-30,Finance,Australia,Enterprise
CU001414,Account 001414,2022-07-03,Retail,Singapore,SMB
CU001415,Account 001415,2024-01-20,Education,Germany,SMB
CU001416,Account 001416,2024-07-31,Education,United States,SMB
CU001417,Account 001417,2025-09-12,Finance,United Kingdom,Enterprise
CU001418,Account 001418,2024-06-23,Manufacturing,Germany,SMB
CU001419,Account 001419,2023-05-23,Software,United States,Mid-Market
CU001420,Account 001420,2026-06-01,Education,United Kingdom,SMB
CU001421,Account 001421,2023-06-26,Retail,Singapore,SMB
CU001422,Account 001422,2025-06-12,Manufacturing,United States,SMB
CU001423,Account 001423,2022-11-26,Software,Canada,Enterprise
CU001424,Account 001424,2024-05-26,Retail,Germany,Enterprise
CU001425,Account 001425,2026-05-26,Manufacturing,Singapore,Mid-Market
CU001426,Account 001426,2022-01-31,Retail,Australia,Enterprise
CU001427,Account 001427,2022-07-31,Software,Australia,Enterprise
CU001428,Account 001428,2026-02-11,Professional Services,Canada,Enterprise
CU001429,Account 001429,2022-02-08,Professional Services,United States,Enterprise
CU001430,Account 001430,2024-02-04,Finance,Germany,Enterprise
CU001431,Account 001431,2023-03-01,Manufacturing,Germany,Mid-Market
CU001432,Account 001432,2024-09-16,Healthcare,United States,Mid-Market
CU001433,Account 001433,2024-09-25,Manufacturing,United Kingdom,SMB
CU001434,Account 001434,2022-11-05,Professional Services,Canada,SMB
CU001435,Account 001435,2024-12-14,Finance,Australia,SMB
CU001436,Account 001436,2023-01-02,Education,United States,SMB
CU001437,Account 001437,2026-02-01,Software,Singapore,SMB
CU001438,Account 001438,2022-11-22,Software,United States,SMB
CU001439,Account 001439,2024-02-25,Healthcare,Australia,SMB
CU001440,Account 001440,2024-12-02,Manufacturing,United States,SMB
CU001441,Account 001441,2026-04-09,Healthcare,United Kingdom,Enterprise
CU001442,Account 001442,2026-03-12,Healthcare,Singapore,SMB
CU001443,Account 001443,2025-08-09,Professional Services,United States,Enterprise
CU001444,Account 001444,2022-04-21,Software,Australia,Enterprise
CU001445,Account 001445,2024-01-23,Professional Services,United Kingdom,Mid-Market
CU001446,Account 001446,2022-02-06,Manufacturing,United States,SMB
CU001447,Account 001447,2024-09-15,Healthcare,Germany,Enterprise
CU001448,Account 001448,2025-01-19,Professional Services,Australia,Mid-Market
CU001449,Account 001449,2024-05-23,Retail,Singapore,Enterprise
CU001450,Account 001450,2022-04-24,Healthcare,Singapore,SMB
CU001451,Account 001451,2025-08-16,Education,Canada,Mid-Market
CU001452,Account 001452,2025-11-18,Finance,Singapore,SMB
CU001453,Account 001453,2024-04-04,Software,Singapore,SMB
CU001454,Account 001454,2024-11-06,Healthcare,United Kingdom,SMB
CU001455,Account 001455,2022-04-12,Professional Services,Singapore,Enterprise
CU001456,Account 001456,2026-04-12,Education,Singapore,SMB
CU001457,Account 001457,2023-11-07,Retail,Singapore,SMB
CU001458,Account 001458,2022-11-14,Finance,Canada,Mid-Market
CU001459,Account 001459,2023-04-01,Healthcare,Canada,SMB
CU001460,Account 001460,2023-04-25,Professional Services,United States,Mid-Market
CU001461,Account 001461,2022-08-01,Manufacturing,Canada,Enterprise
CU001462,Account 001462,2023-08-06,Education,United States,SMB
CU001463,Account 001463,2023-03-28,Education,United States,SMB
CU001464,Account 001464,2022-06-21,Education,United Kingdom,Mid-Market
CU001465,Account 001465,2025-10-03,Professional Services,United States,Enterprise
CU001466,Account 001466,2025-10-15,Retail,Canada,Mid-Market
CU001467,Account 001467,2025-12-13,Software,Australia,SMB
CU001468,Account 001468,2022-03-20,Software,United Kingdom,Mid-Market
CU001469,Account 001469,2022-01-27,Professional Services,Germany,Enterprise
CU001470,Account 001470,2022-06-16,Professional Services,Canada,Mid-Market
CU001471,Account 001471,2026-01-18,Education,Singapore,Enterprise
CU001472,Account 001472,2022-04-29,Manufacturing,Germany,Enterprise
CU001473,Account 001473,2024-05-30,Software,Singapore,Mid-Market
CU001474,Account 001474,2024-07-31,Finance,Australia,Enterprise
CU001475,Account 001475,2023-02-23,Software,Australia,Enterprise
CU001476,Account 001476,2025-01-29,Software,United Kingdom,Mid-Market
CU001477,Account 001477,2024-02-24,Professional Services,Singapore,Mid-Market
CU001478,Account 001478,2024-11-11,Professional Services,United States,Mid-Market
CU001479,Account 001479,2024-12-18,Software,Germany,SMB
CU001480,Account 001480,2022-03-19,Software,United Kingdom,Enterprise
CU001481,Account 001481,2025-12-08,Retail,Germany,SMB
CU001482,Account 001482,2022-10-29,Finance,Canada,Enterprise
CU001483,Account 001483,2023-03-05,Education,Singapore,Enterprise
CU001484,Account 001484,2024-05-09,Software,Canada,SMB
CU001485,Account 001485,2023-06-02,Manufacturing,Singapore,SMB
CU001486,Account 001486,2025-05-25,Professional Services,Australia,Enterprise
CU001487,Account 001487,2025-02-07,Healthcare,Canada,Mid-Market
CU001488,Account 001488,2024-04-18,Healthcare,Singapore,Mid-Market
CU001489,Account 001489,2026-06-02,Education,United States,SMB
CU001490,Account 001490,2022-11-17,Manufacturing,Germany,Mid-Market
CU001491,Account 001491,2023-02-21,Healthcare,Canada,Mid-Market
CU001492,Account 001492,2024-09-20,Healthcare,Australia,SMB
CU001493,Account 001493,2025-11-15,Healthcare,Canada,Mid-Market
CU001494,Account 001494,2025-04-17,Finance,United Kingdom,Enterprise
CU001495,Account 001495,2023-12-27,Finance,Australia,Enterprise
CU001496,Account 001496,2024-05-25,Healthcare,United States,Enterprise
CU001497,Account 001497,2022-06-02,Retail,Australia,SMB
CU001498,Account 001498,2022-03-04,Software,Germany,SMB
CU001499,Account 001499,2026-03-15,Retail,United Kingdom,Enterprise
CU001500,Account 001500,2022-07-29,Retail,Singapore,Mid-Market
CU001501,Account 001501,2024-04-20,Finance,United States,SMB
CU001502,Account 001502,2023-10-28,Finance,Singapore,SMB
CU001503,Account 001503,2022-07-15,Finance,Singapore,SMB
CU001504,Account 001504,2025-03-25,Retail,United States,Enterprise
CU001505,Account 001505,2023-01-11,Manufacturing,Germany,Mid-Market
CU001506,Account 001506,2023-03-25,Retail,Australia,Enterprise
CU001507,Account 001507,2025-01-14,Finance,Singapore,Mid-Market
CU001508,Account 001508,2026-02-21,Retail,United States,SMB
CU001509,Account 001509,2025-06-26,Manufacturing,Singapore,Mid-Market
CU001510,Account 001510,2022-02-14,Retail,Germany,SMB
CU001511,Account 001511,2023-07-03,Manufacturing,United Kingdom,Mid-Market
CU001512,Account 001512,2025-05-03,Software,United Kingdom,SMB
CU001513,Account 001513,2023-12-24,Education,United Kingdom,Enterprise
CU001514,Account 001514,2023-01-01,Professional Services,United States,Mid-Market
CU001515,Account 001515,2022-11-27,Manufacturing,United Kingdom,Mid-Market
CU001516,Account 001516,2022-04-15,Finance,United Kingdom,Mid-Market
CU001517,Account 001517,2023-01-24,Finance,Singapore,SMB
CU001518,Account 001518,2025-08-07,Finance,United States,Enterprise
CU001519,Account 001519,2022-12-06,Healthcare,Australia,Mid-Market
CU001520,Account 001520,2023-04-18,Retail,Germany,Mid-Market
CU001521,Account 001521,2024-07-14,Healthcare,Germany,Mid-Market
CU001522,Account 001522,2025-04-03,Software,Canada,SMB
CU001523,Account 001523,2022-03-29,Software,Singapore,Mid-Market
CU001524,Account 001524,2023-12-26,Education,United Kingdom,SMB
CU001525,Account 001525,2023-10-28,Healthcare,United States,Enterprise
CU001526,Account 001526,2025-10-15,Healthcare,Singapore,Mid-Market
CU001527,Account 001527,2025-01-13,Professional Services,United States,Enterprise
CU001528,Account 001528,2022-04-21,Retail,United Kingdom,Enterprise
CU001529,Account 001529,2025-05-22,Education,Canada,Enterprise
CU001530,Account 001530,2025-05-01,Healthcare,United Kingdom,Mid-Market
CU001531,Account 001531,2025-09-20,Retail,Canada,SMB
CU001532,Account 001532,2025-12-09,Manufacturing,Australia,SMB
CU001533,Account 001533,2023-04-27,Retail,United States,SMB
CU001534,Account 001534,2022-09-30,Professional Services,Canada,Enterprise
CU001535,Account 001535,2022-05-31,Retail,Australia,Enterprise
CU001536,Account 001536,2026-06-28,Retail,Germany,SMB
CU001537,Account 001537,2024-08-08,Finance,Germany,Mid-Market
CU001538,Account 001538,2023-08-26,Software,United Kingdom,Enterprise
CU001539,Account 001539,2023-05-10,Finance,United Kingdom,Mid-Market
CU001540,Account 001540,2024-02-21,Manufacturing,United Kingdom,Mid-Market
CU001541,Account 001541,2026-01-30,Healthcare,United Kingdom,Enterprise
CU001542,Account 001542,2023-01-19,Professional Services,Australia,SMB
CU001543,Account 001543,2022-08-08,Software,Canada,SMB
CU001544,Account 001544,2025-04-04,Manufacturing,Germany,Enterprise
CU001545,Account 001545,2026-02-01,Healthcare,United States,Enterprise
CU001546,Account 001546,2025-10-08,Healthcare,Canada,Mid-Market
CU001547,Account 001547,2022-01-28,Education,Singapore,Mid-Market
CU001548,Account 001548,2024-11-15,Education,United Kingdom,Mid-Market
CU001549,Account 001549,2024-02-29,Manufacturing,Canada,SMB
CU001550,Account 001550,2022-12-11,Education,United States,Enterprise
CU001551,Account 001551,2026-03-24,Professional Services,United Kingdom,SMB
CU001552,Account 001552,2025-05-03,Manufacturing,Singapore,SMB
CU001553,Account 001553,2023-01-24,Education,Canada,SMB
CU001554,Account 001554,2022-08-19,Healthcare,Australia,SMB
CU001555,Account 001555,2022-10-08,Healthcare,United Kingdom,SMB
CU001556,Account 001556,2022-09-21,Education,Germany,SMB
CU001557,Account 001557,2025-03-29,Software,Germany,SMB
CU001558,Account 001558,2024-06-11,Software,Germany,Mid-Market
CU001559,Account 001559,2023-08-13,Finance,United Kingdom,Enterprise
CU001560,Account 001560,2023-01-18,Finance,United States,Mid-Market
CU001561,Account 001561,2024-11-19,Professional Services,Canada,Mid-Market
CU001562,Account 001562,2022-12-08,Finance,Australia,Mid-Market
CU001563,Account 001563,2026-01-21,Healthcare,Australia,SMB
CU001564,Account 001564,2023-07-27,Healthcare,United Kingdom,SMB
CU001565,Account 001565,2024-10-14,Professional Services,Canada,SMB
CU001566,Account 001566,2023-06-25,Professional Services,Germany,SMB
CU001567,Account 001567,2023-10-25,Education,Australia,Enterprise
CU001568,Account 001568,2026-01-02,Professional Services,United Kingdom,Enterprise
CU001569,Account 001569,2025-05-16,Healthcare,United States,Mid-Market
CU001570,Account 001570,2024-08-01,Software,Canada,Mid-Market
CU001571,Account 001571,2026-02-13,Finance,Australia,SMB
CU001572,Account 001572,2024-07-29,Healthcare,Australia,SMB
CU001573,Account 001573,2023-04-24,Professional Services,United States,Mid-Market
CU001574,Account 001574,2024-06-25,Education,Germany,Mid-Market
CU001575,Account 001575,2024-10-05,Healthcare,Singapore,Enterprise
CU001576,Account 001576,2022-02-17,Finance,Germany,Mid-Market
CU001577,Account 001577,2024-09-28,Retail,Germany,Mid-Market
CU001578,Account 001578,2024-06-16,Professional Services,United Kingdom,SMB
CU001579,Account 001579,2024-09-01,Finance,United Kingdom,SMB
CU001580,Account 001580,2022-12-23,Professional Services,Australia,SMB
CU001581,Account 001581,2025-07-05,Healthcare,Germany,Mid-Market
CU001582,Account 001582,2024-12-10,Software,Australia,SMB
CU001583,Account 001583,2024-01-18,Professional Services,United Kingdom,Mid-Market
CU001584,Account 001584,2023-09-18,Professional Services,Singapore,Mid-Market
CU001585,Account 001585,2022-07-02,Retail,United States,Mid-Market
CU001586,Account 001586,2022-07-01,Education,Australia,Mid-Market
CU001587,Account 001587,2025-11-09,Education,Australia,SMB
CU001588,Account 001588,2023-04-24,Software,Singapore,SMB
CU001589,Account 001589,2023-11-20,Education,Germany,Enterprise
CU001590,Account 001590,2022-01-16,Finance,Germany,SMB
CU001591,Account 001591,2023-10-03,Retail,United Kingdom,Mid-Market
CU001592,Account 001592,2024-07-24,Finance,United Kingdom,Mid-Market
CU001593,Account 001593,2025-01-23,Manufacturing,United States,SMB
CU001594,Account 001594,2025-11-09,Professional Services,Canada,SMB
CU001595,Account 001595,2023-03-21,Retail,United Kingdom,Enterprise
CU001596,Account 001596,2022-03-08,Software,Germany,Enterprise
CU001597,Account 001597,2023-07-02,Retail,Canada,Mid-Market
CU001598,Account 001598,2025-04-14,Manufacturing,Germany,Mid-Market
CU001599,Account 001599,2024-08-20,Retail,United States,Enterprise
CU001600,Account 001600,2025-09-20,Healthcare,Singapore,Enterprise
CU001601,Account 001601,2026-06-01,Healthcare,Singapore,Mid-Market
CU001602,Account 001602,2023-10-13,Manufacturing,United States,Enterprise
CU001603,Account 001603,2023-10-18,Healthcare,United Kingdom,SMB
CU001604,Account 001604,2026-05-22,Professional Services,Canada,SMB
CU001605,Account 001605,2024-01-13,Education,Singapore,Mid-Market
CU001606,Account 001606,2022-08-29,Professional Services,Singapore,Enterprise
CU001607,Account 001607,2024-09-21,Healthcare,United States,Enterprise
CU001608,Account 001608,2023-01-08,Software,Singapore,Mid-Market
CU001609,Account 001609,2022-05-19,Healthcare,United States,Enterprise
CU001610,Account 001610,2022-07-07,Retail,United States,Mid-Market
CU001611,Account 001611,2025-04-10,Healthcare,United States,Enterprise
CU001612,Account 001612,2025-06-10,Manufacturing,Australia,Mid-Market
CU001613,Account 001613,2023-02-09,Retail,United States,SMB
CU001614,Account 001614,2024-05-28,Professional Services,Canada,Mid-Market
CU001615,Account 001615,2023-12-04,Retail,Germany,Mid-Market
CU001616,Account 001616,2025-02-15,Professional Services,Canada,SMB
CU001617,Account 001617,2022-09-18,Professional Services,Canada,SMB
CU001618,Account 001618,2023-04-30,Professional Services,Australia,Mid-Market
CU001619,Account 001619,2025-09-11,Healthcare,Canada,Enterprise
CU001620,Account 001620,2025-10-04,Education,Canada,Enterprise
CU001621,Account 001621,2023-08-09,Professional Services,United Kingdom,SMB
CU001622,Account 001622,2023-07-01,Finance,Canada,Mid-Market
CU001623,Account 001623,2022-07-26,Retail,United States,Mid-Market
CU001624,Account 001624,2023-10-05,Professional Services,United States,Mid-Market
CU001625,Account 001625,2022-01-15,Manufacturing,United Kingdom,Mid-Market
CU001626,Account 001626,2026-01-11,Healthcare,Canada,Mid-Market
CU001627,Account 001627,2022-06-24,Finance,United Kingdom,SMB
CU001628,Account 001628,2025-12-15,Professional Services,Canada,SMB
CU001629,Account 001629,2023-03-16,Finance,Germany,Mid-Market
CU001630,Account 001630,2025-05-22,Finance,Canada,Enterprise
CU001631,Account 001631,2024-12-12,Finance,United States,Enterprise
CU001632,Account 001632,2024-10-03,Software,United Kingdom,Mid-Market
CU001633,Account 001633,2023-02-17,Healthcare,Canada,Enterprise
CU001634,Account 001634,2024-02-24,Finance,Germany,SMB
CU001635,Account 001635,2023-07-14,Manufacturing,United States,SMB
CU001636,Account 001636,2024-04-22,Manufacturing,Australia,SMB
CU001637,Account 001637,2022-01-07,Education,Germany,Mid-Market
CU001638,Account 001638,2026-04-14,Finance,United States,Mid-Market
CU001639,Account 001639,2023-08-21,Software,Australia,SMB
CU001640,Account 001640,2022-10-18,Retail,Canada,SMB
CU001641,Account 001641,2026-04-06,Retail,United States,SMB
CU001642,Account 001642,2023-06-13,Retail,Germany,Enterprise
CU001643,Account 001643,2023-03-10,Healthcare,United Kingdom,Enterprise
CU001644,Account 001644,2022-05-27,Education,United States,SMB
CU001645,Account 001645,2024-10-27,Education,Australia,SMB
CU001646,Account 001646,2026-03-07,Professional Services,Australia,Enterprise
CU001647,Account 001647,2023-07-06,Software,United Kingdom,Mid-Market
CU001648,Account 001648,2022-05-03,Manufacturing,United States,Mid-Market
CU001649,Account 001649,2024-03-09,Manufacturing,United Kingdom,Mid-Market
CU001650,Account 001650,2025-07-26,Finance,Germany,Mid-Market
CU001651,Account 001651,2023-12-23,Retail,United States,SMB
CU001652,Account 001652,2024-04-10,Finance,Canada,Mid-Market
CU001653,Account 001653,2022-01-07,Professional Services,Germany,SMB
CU001654,Account 001654,2025-02-19,Education,United Kingdom,SMB
CU001655,Account 001655,2024-07-04,Software,Australia,Mid-Market
CU001656,Account 001656,2026-02-10,Retail,Germany,SMB
CU001657,Account 001657,2025-07-22,Software,Canada,Enterprise
CU001658,Account 001658,2024-02-22,Retail,Singapore,Enterprise
CU001659,Account 001659,2025-02-24,Finance,United Kingdom,Enterprise
CU001660,Account 001660,2025-07-31,Manufacturing,Singapore,Mid-Market
CU001661,Account 001661,2024-12-19,Retail,Germany,SMB
CU001662,Account 001662,2024-03-11,Manufacturing,Germany,SMB
CU001663,Account 001663,2022-06-21,Retail,Canada,Enterprise
CU001664,Account 001664,2022-12-14,Finance,Canada,SMB
CU001665,Account 001665,2024-01-29,Healthcare,United States,Mid-Market
CU001666,Account 001666,2022-01-22,Education,Singapore,Mid-Market
CU001667,Account 001667,2022-06-15,Retail,Germany,Enterprise
CU001668,Account 001668,2026-04-11,Finance,Australia,Mid-Market
CU001669,Account 001669,2024-10-27,Finance,Germany,SMB
CU001670,Account 001670,2024-10-01,Finance,Germany,SMB
CU001671,Account 001671,2024-11-28,Finance,Australia,Mid-Market
CU001672,Account 001672,2025-01-08,Education,Canada,SMB
CU001673,Account 001673,2025-05-13,Healthcare,Canada,Mid-Market
CU001674,Account 001674,2025-09-13,Retail,Canada,Enterprise
CU001675,Account 001675,2022-05-13,Software,United States,Mid-Market
CU001676,Account 001676,2025-07-08,Finance,Singapore,SMB
CU001677,Account 001677,2022-01-20,Education,United States,SMB
CU001678,Account 001678,2022-09-04,Finance,United Kingdom,Enterprise
CU001679,Account 001679,2022-02-18,Software,Singapore,Mid-Market
CU001680,Account 001680,2024-05-20,Retail,Australia,Enterprise
CU001681,Account 001681,2025-09-27,Finance,Australia,Enterprise
CU001682,Account 001682,2025-07-05,Healthcare,Singapore,Enterprise
CU001683,Account 001683,2025-03-24,Education,United Kingdom,Enterprise
CU001684,Account 001684,2022-06-21,Professional Services,United Kingdom,Enterprise
CU001685,Account 001685,2025-03-19,Finance,Germany,Enterprise
CU001686,Account 001686,2026-04-19,Retail,United States,SMB
CU001687,Account 001687,2026-06-14,Professional Services,Australia,Enterprise
CU001688,Account 001688,2022-08-27,Education,United States,Enterprise
CU001689,Account 001689,2023-11-14,Professional Services,Germany,SMB
CU001690,Account 001690,2024-03-02,Healthcare,Germany,Mid-Market
CU001691,Account 001691,2025-11-10,Finance,Canada,SMB
CU001692,Account 001692,2024-09-29,Healthcare,Canada,SMB
CU001693,Account 001693,2025-11-29,Education,Germany,Enterprise
CU001694,Account 001694,2024-05-24,Finance,Singapore,Enterprise
CU001695,Account 001695,2026-06-21,Professional Services,Singapore,Enterprise
CU001696,Account 001696,2023-01-16,Retail,Australia,SMB
CU001697,Account 001697,2022-04-14,Manufacturing,Canada,SMB
CU001698,Account 001698,2026-03-22,Education,Canada,SMB
CU001699,Account 001699,2022-07-05,Healthcare,Canada,Mid-Market
CU001700,Account 001700,2023-12-06,Retail,United Kingdom,Enterprise
CU001701,Account 001701,2023-11-24,Finance,Canada,Mid-Market
CU001702,Account 001702,2023-08-13,Healthcare,Canada,Enterprise
CU001703,Account 001703,2022-09-19,Education,Australia,SMB
CU001704,Account 001704,2023-10-10,Healthcare,United Kingdom,Enterprise
CU001705,Account 001705,2024-08-11,Professional Services,Germany,SMB
CU001706,Account 001706,2025-01-17,Retail,United Kingdom,Mid-Market
CU001707,Account 001707,2022-11-09,Manufacturing,United States,Enterprise
CU001708,Account 001708,2024-02-14,Retail,Canada,Mid-Market
CU001709,Account 001709,2026-01-03,Software,United Kingdom,SMB
CU001710,Account 001710,2023-08-31,Healthcare,Australia,Mid-Market
CU001711,Account 001711,2022-11-15,Retail,United States,Mid-Market
CU001712,Account 001712,2026-03-13,Retail,Canada,Enterprise
CU001713,Account 001713,2023-10-05,Finance,United States,Mid-Market
CU001714,Account 001714,2022-12-23,Healthcare,United Kingdom,SMB
CU001715,Account 001715,2024-04-13,Finance,Canada,Enterprise
CU001716,Account 001716,2026-04-20,Software,United Kingdom,Mid-Market
CU001717,Account 001717,2024-10-21,Healthcare,Germany,Enterprise
CU001718,Account 001718,2024-04-01,Finance,United Kingdom,Mid-Market
CU001719,Account 001719,2024-06-07,Education,United States,Mid-Market
CU001720,Account 001720,2022-01-04,Professional Services,Canada,Mid-Market
CU001721,Account 001721,2024-07-07,Software,Singapore,SMB
CU001722,Account 001722,2023-03-12,Retail,Canada,Mid-Market
CU001723,Account 001723,2025-11-02,Healthcare,Germany,Mid-Market
CU001724,Account 001724,2026-03-21,Professional Services,Germany,Mid-Market
CU001725,Account 001725,2023-10-13,Software,Canada,SMB
CU001726,Account 001726,2025-09-03,Retail,Singapore,Mid-Market
CU001727,Account 001727,2024-07-24,Healthcare,Australia,Mid-Market
CU001728,Account 001728,2023-09-19,Professional Services,Germany,Mid-Market
CU001729,Account 001729,2025-01-08,Education,Singapore,Mid-Market
CU001730,Account 001730,2025-11-05,Retail,Canada,Mid-Market
CU001731,Account 001731,2022-04-26,Retail,United States,Mid-Market
CU001732,Account 001732,2023-05-13,Healthcare,United States,Enterprise
CU001733,Account 001733,2022-02-13,Healthcare,Singapore,Enterprise
CU001734,Account 001734,2024-11-06,Professional Services,Australia,Enterprise
CU001735,Account 001735,2022-12-13,Professional Services,Singapore,Enterprise
CU001736,Account 001736,2025-06-23,Manufacturing,Australia,Enterprise
CU001737,Account 001737,2022-12-06,Software,United Kingdom,Enterprise
CU001738,Account 001738,2024-08-24,Manufacturing,Australia,Enterprise
CU001739,Account 001739,2022-06-05,Education,Germany,Mid-Market
CU001740,Account 001740,2025-04-05,Finance,United States,Mid-Market
CU001741,Account 001741,2025-03-22,Finance,United States,SMB
CU001742,Account 001742,2025-02-12,Professional Services,Australia,Mid-Market
CU001743,Account 001743,2023-04-10,Healthcare,United States,SMB
CU001744,Account 001744,2022-06-19,Healthcare,Germany,SMB
CU001745,Account 001745,2026-04-27,Healthcare,Germany,SMB
CU001746,Account 001746,2026-06-23,Retail,Singapore,SMB
CU001747,Account 001747,2023-09-27,Healthcare,Germany,Mid-Market
CU001748,Account 001748,2023-09-28,Retail,United States,Mid-Market
CU001749,Account 001749,2022-04-24,Professional Services,United States,Mid-Market
CU001750,Account 001750,2024-03-27,Manufacturing,United States,Mid-Market
CU001751,Account 001751,2025-06-05,Healthcare,Singapore,Enterprise
CU001752,Account 001752,2024-12-13,Retail,United Kingdom,Enterprise
CU001753,Account 001753,2022-05-30,Software,Singapore,Mid-Market
CU001754,Account 001754,2025-03-08,Professional Services,United Kingdom,Enterprise
CU001755,Account 001755,2026-02-01,Retail,Singapore,Mid-Market
CU001756,Account 001756,2022-04-28,Manufacturing,Australia,SMB
CU001757,Account 001757,2025-10-14,Software,Singapore,Enterprise
CU001758,Account 001758,2024-02-26,Finance,Australia,SMB
CU001759,Account 001759,2022-05-31,Software,Australia,Enterprise
CU001760,Account 001760,2022-02-04,Finance,United Kingdom,SMB
CU001761,Account 001761,2025-07-18,Professional Services,Singapore,Mid-Market
CU001762,Account 001762,2022-05-04,Education,Australia,Mid-Market
CU001763,Account 001763,2024-08-06,Retail,Australia,Enterprise
CU001764,Account 001764,2022-06-17,Finance,Singapore,SMB
CU001765,Account 001765,2024-07-21,Manufacturing,Singapore,Mid-Market
CU001766,Account 001766,2024-06-01,Finance,Germany,SMB
CU001767,Account 001767,2024-10-21,Finance,United States,Mid-Market
CU001768,Account 001768,2024-12-14,Manufacturing,Canada,Mid-Market
CU001769,Account 001769,2023-02-17,Software,Germany,Mid-Market
CU001770,Account 001770,2026-02-16,Healthcare,United Kingdom,SMB
CU001771,Account 001771,2022-03-10,Software,Singapore,Enterprise
CU001772,Account 001772,2026-04-20,Healthcare,Canada,Enterprise
CU001773,Account 001773,2024-01-25,Education,Singapore,SMB
CU001774,Account 001774,2023-08-27,Healthcare,Germany,SMB
CU001775,Account 001775,2024-06-22,Professional Services,United States,Mid-Market
CU001776,Account 001776,2022-08-17,Education,Germany,SMB
CU001777,Account 001777,2026-02-10,Retail,Australia,Mid-Market
CU001778,Account 001778,2024-08-16,Manufacturing,United States,SMB
CU001779,Account 001779,2024-05-21,Healthcare,Germany,SMB
CU001780,Account 001780,2022-08-21,Retail,Germany,SMB
CU001781,Account 001781,2024-07-04,Software,Singapore,Enterprise
CU001782,Account 001782,2025-12-08,Education,Australia,Enterprise
CU001783,Account 001783,2024-07-18,Professional Services,Germany,Mid-Market
CU001784,Account 001784,2022-02-02,Professional Services,Australia,Mid-Market
CU001785,Account 001785,2023-09-18,Education,Australia,SMB
CU001786,Account 001786,2026-01-23,Healthcare,Singapore,Mid-Market
CU001787,Account 001787,2022-04-25,Software,United Kingdom,Enterprise
CU001788,Account 001788,2023-08-24,Retail,Canada,Enterprise
CU001789,Account 001789,2025-11-15,Manufacturing,Germany,Enterprise
CU001790,Account 001790,2023-08-26,Software,United Kingdom,Mid-Market
CU001791,Account 001791,2023-03-24,Retail,Canada,Enterprise
CU001792,Account 001792,2024-12-28,Manufacturing,Germany,Enterprise
CU001793,Account 001793,2025-07-10,Healthcare,Singapore,Enterprise
CU001794,Account 001794,2026-01-26,Retail,United States,SMB
CU001795,Account 001795,2026-06-12,Healthcare,Germany,Mid-Market
CU001796,Account 001796,2022-09-06,Software,Singapore,Mid-Market
CU001797,Account 001797,2022-07-01,Education,Germany,Mid-Market
CU001798,Account 001798,2023-07-11,Professional Services,Singapore,Enterprise
CU001799,Account 001799,2023-05-12,Education,United Kingdom,SMB
CU001800,Account 001800,2026-06-27,Retail,Australia,SMB
CU001801,Account 001801,2025-01-03,Finance,Singapore,SMB
CU001802,Account 001802,2023-03-16,Manufacturing,Germany,Mid-Market
CU001803,Account 001803,2024-08-18,Finance,Singapore,Mid-Market
CU001804,Account 001804,2025-10-31,Software,United States,Enterprise
CU001805,Account 001805,2024-05-28,Manufacturing,Germany,SMB
CU001806,Account 001806,2023-05-17,Manufacturing,Australia,SMB
CU001807,Account 001807,2024-04-27,Manufacturing,United Kingdom,Enterprise
CU001808,Account 001808,2022-03-23,Professional Services,United Kingdom,SMB
CU001809,Account 001809,2026-06-22,Education,Singapore,Enterprise
CU001810,Account 001810,2025-01-11,Professional Services,United States,SMB
CU001811,Account 001811,2024-10-23,Retail,Australia,SMB
CU001812,Account 001812,2024-03-13,Retail,Germany,Mid-Market
CU001813,Account 001813,2023-06-28,Professional Services,Singapore,Enterprise
CU001814,Account 001814,2022-08-17,Healthcare,Singapore,Mid-Market
CU001815,Account 001815,2025-01-06,Professional Services,United Kingdom,Mid-Market
CU001816,Account 001816,2025-10-22,Healthcare,United States,Enterprise
CU001817,Account 001817,2022-09-23,Healthcare,Singapore,SMB
CU001818,Account 001818,2025-10-24,Healthcare,Germany,Mid-Market
CU001819,Account 001819,2025-09-26,Manufacturing,Singapore,Enterprise
CU001820,Account 001820,2025-06-04,Retail,United States,Enterprise
CU001821,Account 001821,2025-10-19,Manufacturing,United Kingdom,Enterprise
CU001822,Account 001822,2025-05-29,Healthcare,Canada,SMB
CU001823,Account 001823,2025-12-04,Healthcare,Singapore,Mid-Market
CU001824,Account 001824,2023-06-23,Finance,Germany,SMB
CU001825,Account 001825,2023-11-06,Healthcare,Singapore,Mid-Market
CU001826,Account 001826,2024-01-25,Healthcare,Australia,Enterprise
CU001827,Account 001827,2026-03-20,Manufacturing,Australia,Mid-Market
CU001828,Account 001828,2025-01-07,Professional Services,United Kingdom,SMB
CU001829,Account 001829,2022-01-31,Retail,Germany,Enterprise
CU001830,Account 001830,2022-07-22,Manufacturing,Singapore,SMB
CU001831,Account 001831,2025-02-20,Retail,Canada,Enterprise
CU001832,Account 001832,2022-06-25,Professional Services,United States,SMB
CU001833,Account 001833,2022-03-03,Retail,Germany,Enterprise
CU001834,Account 001834,2022-03-20,Professional Services,United Kingdom,SMB
CU001835,Account 001835,2022-11-06,Manufacturing,Australia,Enterprise
CU001836,Account 001836,2024-10-24,Professional Services,Australia,SMB
CU001837,Account 001837,2023-04-20,Healthcare,Australia,Enterprise
CU001838,Account 001838,2023-07-22,Education,Canada,Enterprise
CU001839,Account 001839,2023-09-17,Education,Canada,Enterprise
CU001840,Account 001840,2024-11-30,Finance,Singapore,SMB
CU001841,Account 001841,2022-03-12,Software,Singapore,Enterprise
CU001842,Account 001842,2023-04-11,Manufacturing,United Kingdom,Enterprise
CU001843,Account 001843,2022-04-17,Professional Services,Germany,SMB
CU001844,Account 001844,2025-03-24,Manufacturing,United States,Mid-Market
CU001845,Account 001845,2025-03-17,Retail,Australia,Enterprise
CU001846,Account 001846,2023-12-11,Manufacturing,Singapore,Enterprise
CU001847,Account 001847,2024-04-05,Professional Services,United States,SMB
CU001848,Account 001848,2023-07-06,Education,United States,Mid-Market
CU001849,Account 001849,2023-03-12,Manufacturing,Canada,Enterprise
CU001850,Account 001850,2022-04-10,Finance,Australia,SMB
CU001851,Account 001851,2024-10-09,Finance,Australia,Enterprise
CU001852,Account 001852,2022-06-26,Healthcare,Canada,SMB
CU001853,Account 001853,2022-09-07,Professional Services,United Kingdom,SMB
CU001854,Account 001854,2026-06-16,Software,United Kingdom,Enterprise
CU001855,Account 001855,2025-12-25,Retail,Canada,Enterprise
CU001856,Account 001856,2022-06-10,Manufacturing,Australia,SMB
CU001857,Account 001857,2023-04-16,Professional Services,Singapore,Mid-Market
CU001858,Account 001858,2026-03-09,Retail,United Kingdom,SMB
CU001859,Account 001859,2024-06-07,Retail,Canada,Enterprise
CU001860,Account 001860,2023-11-23,Retail,Germany,SMB
CU001861,Account 001861,2025-11-02,Software,United Kingdom,Mid-Market
CU001862,Account 001862,2023-02-13,Professional Services,Canada,SMB
CU001863,Account 001863,2023-06-03,Retail,United Kingdom,Mid-Market
CU001864,Account 001864,2023-08-18,Software,Canada,Mid-Market
CU001865,Account 001865,2024-07-10,Software,Singapore,Mid-Market
CU001866,Account 001866,2023-05-19,Finance,Singapore,SMB
CU001867,Account 001867,2024-08-19,Retail,Singapore,SMB
CU001868,Account 001868,2026-04-13,Software,United States,Mid-Market
CU001869,Account 001869,2024-06-03,Software,United Kingdom,SMB
CU001870,Account 001870,2024-04-26,Retail,United Kingdom,Mid-Market
CU001871,Account 001871,2026-05-23,Professional Services,United Kingdom,SMB
CU001872,Account 001872,2022-06-11,Finance,Australia,SMB
CU001873,Account 001873,2022-11-19,Healthcare,Singapore,SMB
CU001874,Account 001874,2025-01-25,Retail,Canada,Mid-Market
CU001875,Account 001875,2025-07-20,Professional Services,Germany,SMB
CU001876,Account 001876,2025-07-26,Finance,Canada,Enterprise
CU001877,Account 001877,2025-07-20,Professional Services,United States,Enterprise
CU001878,Account 001878,2024-05-21,Manufacturing,United Kingdom,SMB
CU001879,Account 001879,2022-10-20,Education,Australia,Mid-Market
CU001880,Account 001880,2025-12-29,Retail,Canada,SMB
CU001881,Account 001881,2026-01-15,Finance,Singapore,Enterprise
CU001882,Account 001882,2024-02-07,Manufacturing,United Kingdom,SMB
CU001883,Account 001883,2023-08-21,Healthcare,Germany,SMB
CU001884,Account 001884,2022-02-25,Software,United Kingdom,SMB
CU001885,Account 001885,2025-05-05,Education,Germany,SMB
CU001886,Account 001886,2022-03-03,Healthcare,Singapore,Enterprise
CU001887,Account 001887,2022-07-12,Healthcare,Canada,Mid-Market
CU001888,Account 001888,2024-03-26,Manufacturing,Singapore,Enterprise
CU001889,Account 001889,2026-01-24,Finance,United Kingdom,Mid-Market
CU001890,Account 001890,2023-09-20,Finance,Germany,SMB
CU001891,Account 001891,2022-12-18,Professional Services,United States,Mid-Market
CU001892,Account 001892,2025-05-11,Manufacturing,Australia,SMB
CU001893,Account 001893,2024-07-05,Finance,United Kingdom,Enterprise
CU001894,Account 001894,2026-04-10,Manufacturing,Australia,SMB
CU001895,Account 001895,2023-02-22,Finance,Germany,Mid-Market
CU001896,Account 001896,2022-11-16,Retail,Canada,Enterprise
CU001897,Account 001897,2022-08-13,Finance,Canada,SMB
CU001898,Account 001898,2026-06-23,Finance,Australia,SMB
CU001899,Account 001899,2023-01-25,Professional Services,United States,SMB
CU001900,Account 001900,2023-03-11,Healthcare,Germany,Mid-Market
CU001901,Account 001901,2023-01-16,Manufacturing,Germany,SMB
CU001902,Account 001902,2023-07-14,Software,United Kingdom,SMB
CU001903,Account 001903,2022-09-16,Retail,Canada,Mid-Market
CU001904,Account 001904,2022-10-26,Finance,Australia,Enterprise
CU001905,Account 001905,2024-12-30,Manufacturing,Singapore,Mid-Market
CU001906,Account 001906,2022-08-17,Healthcare,Australia,SMB
CU001907,Account 001907,2026-01-18,Healthcare,Australia,Enterprise
CU001908,Account 001908,2024-11-27,Healthcare,United Kingdom,Mid-Market
CU001909,Account 001909,2023-08-20,Healthcare,United States,SMB
CU001910,Account 001910,2025-07-21,Finance,Singapore,Mid-Market
CU001911,Account 001911,2025-04-09,Finance,Canada,SMB
CU001912,Account 001912,2024-06-22,Healthcare,Australia,Enterprise
CU001913,Account 001913,2022-04-26,Software,Australia,SMB
CU001914,Account 001914,2024-04-25,Finance,United Kingdom,Enterprise
CU001915,Account 001915,2026-06-04,Finance,Canada,Enterprise
CU001916,Account 001916,2026-04-07,Manufacturing,United States,SMB
CU001917,Account 001917,2023-02-27,Software,Germany,Mid-Market
CU001918,Account 001918,2024-10-18,Professional Services,Australia,Mid-Market
CU001919,Account 001919,2022-10-06,Software,Australia,Enterprise
CU001920,Account 001920,2022-12-26,Finance,United Kingdom,Enterprise
CU001921,Account 001921,2026-06-16,Software,Canada,Enterprise
CU001922,Account 001922,2023-06-07,Professional Services,United Kingdom,Mid-Market
CU001923,Account 001923,2026-04-03,Software,United States,Mid-Market
CU001924,Account 001924,2025-01-27,Manufacturing,Canada,Mid-Market
CU001925,Account 001925,2023-01-23,Healthcare,United Kingdom,Mid-Market
CU001926,Account 001926,2024-12-09,Software,Germany,Enterprise
CU001927,Account 001927,2026-04-22,Manufacturing,United States,Enterprise
CU001928,Account 001928,2025-02-07,Professional Services,United States,Enterprise
CU001929,Account 001929,2022-10-06,Healthcare,Australia,SMB
CU001930,Account 001930,2025-11-28,Software,United States,SMB
CU001931,Account 001931,2024-12-14,Finance,Canada,SMB
CU001932,Account 001932,2026-04-05,Professional Services,Australia,Enterprise
CU001933,Account 001933,2024-08-15,Retail,United Kingdom,Enterprise
CU001934,Account 001934,2022-05-08,Manufacturing,Australia,Mid-Market
CU001935,Account 001935,2026-02-10,Finance,United Kingdom,Enterprise
CU001936,Account 001936,2022-12-16,Education,United States,Mid-Market
CU001937,Account 001937,2023-04-10,Finance,Germany,SMB
CU001938,Account 001938,2025-01-08,Finance,United Kingdom,Mid-Market
CU001939,Account 001939,2026-01-18,Professional Services,Canada,Mid-Market
CU001940,Account 001940,2023-01-31,Finance,Canada,SMB
CU001941,Account 001941,2023-04-28,Finance,Singapore,Mid-Market
CU001942,Account 001942,2025-03-17,Manufacturing,Canada,SMB
CU001943,Account 001943,2025-03-23,Retail,United States,Enterprise
CU001944,Account 001944,2022-10-23,Software,United States,SMB
CU001945,Account 001945,2023-08-30,Healthcare,Canada,Mid-Market
CU001946,Account 001946,2024-05-21,Education,United Kingdom,Mid-Market
CU001947,Account 001947,2026-03-03,Professional Services,United States,Enterprise
CU001948,Account 001948,2026-02-01,Healthcare,United States,SMB
CU001949,Account 001949,2022-08-14,Healthcare,Germany,Mid-Market
CU001950,Account 001950,2023-09-16,Professional Services,Australia,Mid-Market
CU001951,Account 001951,2025-05-12,Retail,Germany,SMB
CU001952,Account 001952,2025-02-24,Education,United States,Enterprise
CU001953,Account 001953,2025-08-20,Healthcare,United States,Enterprise
CU001954,Account 001954,2025-05-20,Healthcare,Germany,Mid-Market
CU001955,Account 001955,2024-12-22,Healthcare,Australia,SMB
CU001956,Account 001956,2026-06-09,Finance,Australia,SMB
CU001957,Account 001957,2023-04-07,Software,Germany,Mid-Market
CU001958,Account 001958,2025-04-19,Manufacturing,United Kingdom,Mid-Market
CU001959,Account 001959,2022-02-14,Software,Canada,SMB
CU001960,Account 001960,2026-02-02,Professional Services,Germany,Mid-Market
CU001961,Account 001961,2024-07-26,Software,Australia,Mid-Market
CU001962,Account 001962,2024-01-20,Finance,Australia,Mid-Market
CU001963,Account 001963,2023-05-16,Education,United Kingdom,Enterprise
CU001964,Account 001964,2025-07-24,Professional Services,United Kingdom,SMB
CU001965,Account 001965,2023-01-26,Finance,United Kingdom,Enterprise
CU001966,Account 001966,2025-12-25,Retail,United Kingdom,Mid-Market
CU001967,Account 001967,2022-09-21,Finance,Singapore,SMB
CU001968,Account 001968,2023-07-25,Professional Services,Singapore,Mid-Market
CU001969,Account 001969,2023-03-31,Finance,Australia,Enterprise
CU001970,Account 001970,2024-12-04,Manufacturing,United Kingdom,Enterprise
CU001971,Account 001971,2022-12-07,Healthcare,Canada,Mid-Market
CU001972,Account 001972,2022-09-11,Professional Services,United Kingdom,Enterprise
CU001973,Account 001973,2022-04-16,Healthcare,Canada,Enterprise
CU001974,Account 001974,2026-01-29,Retail,Canada,SMB
CU001975,Account 001975,2022-12-31,Healthcare,United States,Mid-Market
CU001976,Account 001976,2023-11-28,Manufacturing,United States,SMB
CU001977,Account 001977,2023-12-05,Manufacturing,Germany,Enterprise
CU001978,Account 001978,2024-05-12,Healthcare,Australia,SMB
CU001979,Account 001979,2024-06-18,Finance,United States,Mid-Market
CU001980,Account 001980,2024-01-05,Manufacturing,Germany,Enterprise
CU001981,Account 001981,2023-12-19,Manufacturing,United States,SMB
CU001982,Account 001982,2026-03-28,Healthcare,Australia,SMB
CU001983,Account 001983,2022-08-26,Retail,Germany,Mid-Market
CU001984,Account 001984,2024-07-09,Education,Singapore,Mid-Market
CU001985,Account 001985,2022-05-10,Professional Services,Germany,Mid-Market
CU001986,Account 001986,2024-02-02,Education,Canada,Enterprise
CU001987,Account 001987,2025-08-12,Healthcare,United Kingdom,Mid-Market
CU001988,Account 001988,2023-01-08,Manufacturing,United Kingdom,Enterprise
CU001989,Account 001989,2022-06-02,Manufacturing,Australia,SMB
CU001990,Account 001990,2025-06-13,Retail,Australia,Mid-Market
CU001991,Account 001991,2026-06-23,Finance,United Kingdom,SMB
CU001992,Account 001992,2022-05-24,Software,United Kingdom,SMB
CU001993,Account 001993,2024-02-06,Healthcare,United Kingdom,SMB
CU001994,Account 001994,2024-02-16,Software,Canada,SMB
CU001995,Account 001995,2024-12-04,Professional Services,United Kingdom,Enterprise
CU001996,Account 001996,2025-02-18,Software,United Kingdom,Enterprise
CU001997,Account 001997,2025-12-06,Retail,Canada,Mid-Market
CU001998,Account 001998,2023-03-23,Professional Services,United Kingdom,Mid-Market
CU001999,Account 001999,2026-03-19,Retail,Australia,SMB
CU002000,Account 002000,2023-12-07,Professional Services,Australia,Mid-Market
CU002001,Account 002001,2024-02-28,Retail,Germany,SMB
CU002002,Account 002002,2025-08-29,Software,Australia,SMB
CU002003,Account 002003,2022-12-09,Finance,United Kingdom,Mid-Market
CU002004,Account 002004,2022-04-18,Professional Services,United States,Mid-Market
CU002005,Account 002005,2024-02-23,Healthcare,United Kingdom,Enterprise
CU002006,Account 002006,2023-04-19,Professional Services,Singapore,Mid-Market
CU002007,Account 002007,2026-06-26,Education,United States,Enterprise
CU002008,Account 002008,2025-04-11,Finance,Singapore,Mid-Market
CU002009,Account 002009,2025-07-05,Software,Australia,Mid-Market
CU002010,Account 002010,2023-12-23,Education,Canada,SMB
CU002011,Account 002011,2025-09-03,Finance,Germany,Mid-Market
CU002012,Account 002012,2025-09-29,Finance,United Kingdom,Enterprise
CU002013,Account 002013,2023-04-14,Healthcare,Singapore,SMB
CU002014,Account 002014,2024-11-28,Manufacturing,United Kingdom,SMB
CU002015,Account 002015,2023-12-09,Finance,United States,SMB
CU002016,Account 002016,2025-05-02,Finance,Germany,Enterprise
CU002017,Account 002017,2025-08-08,Manufacturing,United Kingdom,Enterprise
CU002018,Account 002018,2023-02-20,Retail,Singapore,Enterprise
CU002019,Account 002019,2022-04-01,Finance,Germany,Mid-Market
CU002020,Account 002020,2022-10-15,Professional Services,Canada,Enterprise
CU002021,Account 002021,2025-03-18,Finance,Germany,Enterprise
CU002022,Account 002022,2024-11-08,Retail,Canada,SMB
CU002023,Account 002023,2024-08-07,Retail,Australia,SMB
CU002024,Account 002024,2023-10-25,Retail,Germany,SMB
CU002025,Account 002025,2024-01-16,Professional Services,United States,SMB
CU002026,Account 002026,2025-02-16,Healthcare,Australia,Enterprise
CU002027,Account 002027,2022-09-08,Professional Services,United Kingdom,Mid-Market
CU002028,Account 002028,2023-09-01,Professional Services,United Kingdom,SMB
CU002029,Account 002029,2024-02-27,Manufacturing,Australia,Enterprise
CU002030,Account 002030,2022-07-27,Retail,United Kingdom,SMB
CU002031,Account 002031,2023-10-27,Manufacturing,Singapore,Mid-Market
CU002032,Account 002032,2024-11-13,Finance,Germany,SMB
CU002033,Account 002033,2026-02-20,Education,United States,SMB
CU002034,Account 002034,2022-02-14,Finance,Germany,Enterprise
CU002035,Account 002035,2026-03-11,Healthcare,Singapore,SMB
CU002036,Account 002036,2023-01-03,Retail,United Kingdom,Mid-Market
CU002037,Account 002037,2024-07-23,Manufacturing,United States,Enterprise
CU002038,Account 002038,2022-12-01,Manufacturing,United States,Enterprise
CU002039,Account 002039,2022-11-06,Manufacturing,Germany,SMB
CU002040,Account 002040,2023-08-10,Software,Australia,Enterprise
CU002041,Account 002041,2026-04-04,Healthcare,Germany,SMB
CU002042,Account 002042,2025-04-17,Education,United States,SMB
CU002043,Account 002043,2024-01-14,Retail,Canada,Enterprise
CU002044,Account 002044,2023-01-13,Healthcare,Canada,SMB
CU002045,Account 002045,2022-11-29,Education,Australia,SMB
CU002046,Account 002046,2025-12-14,Software,United Kingdom,SMB
CU002047,Account 002047,2024-03-23,Education,Canada,Mid-Market
CU002048,Account 002048,2022-11-21,Professional Services,Canada,SMB
CU002049,Account 002049,2024-10-08,Software,Singapore,SMB
CU002050,Account 002050,2023-04-13,Education,United Kingdom,Mid-Market
CU002051,Account 002051,2023-01-23,Professional Services,Singapore,Enterprise
CU002052,Account 002052,2023-09-30,Manufacturing,United Kingdom,Enterprise
CU002053,Account 002053,2022-06-11,Retail,Australia,Mid-Market
CU002054,Account 002054,2024-05-07,Manufacturing,Singapore,SMB
CU002055,Account 002055,2023-09-12,Manufacturing,Singapore,SMB
CU002056,Account 002056,2022-07-12,Software,Canada,Mid-Market
CU002057,Account 002057,2022-04-17,Software,United Kingdom,Enterprise
CU002058,Account 002058,2025-05-10,Healthcare,Germany,Mid-Market
CU002059,Account 002059,2023-02-05,Manufacturing,United Kingdom,Enterprise
CU002060,Account 002060,2024-08-10,Software,Germany,Enterprise
CU002061,Account 002061,2022-10-09,Education,Australia,Mid-Market
CU002062,Account 002062,2024-08-26,Finance,Canada,Mid-Market
CU002063,Account 002063,2022-12-26,Software,United Kingdom,Enterprise
CU002064,Account 002064,2024-02-20,Software,Singapore,SMB
CU002065,Account 002065,2024-02-26,Retail,Australia,SMB
CU002066,Account 002066,2023-09-15,Software,Canada,Enterprise
CU002067,Account 002067,2026-01-24,Education,Australia,Enterprise
CU002068,Account 002068,2026-06-19,Software,United Kingdom,Enterprise
CU002069,Account 002069,2022-02-12,Software,United States,SMB
CU002070,Account 002070,2026-06-13,Finance,Canada,Enterprise
CU002071,Account 002071,2024-05-03,Education,Canada,Enterprise
CU002072,Account 002072,2025-03-28,Software,Germany,Mid-Market
CU002073,Account 002073,2024-10-28,Software,Australia,SMB
CU002074,Account 002074,2024-07-22,Retail,Canada,Mid-Market
CU002075,Account 002075,2025-06-05,Manufacturing,Germany,Enterprise
CU002076,Account 002076,2024-06-30,Manufacturing,Australia,Mid-Market
CU002077,Account 002077,2022-02-22,Healthcare,Singapore,Mid-Market
CU002078,Account 002078,2023-06-17,Manufacturing,Australia,Enterprise
CU002079,Account 002079,2025-01-25,Education,United States,Enterprise
CU002080,Account 002080,2022-12-11,Healthcare,Germany,SMB
CU002081,Account 002081,2025-01-15,Professional Services,Germany,Mid-Market
CU002082,Account 002082,2022-12-29,Healthcare,United States,Enterprise
CU002083,Account 002083,2023-02-05,Professional Services,Singapore,Enterprise
CU002084,Account 002084,2022-07-13,Healthcare,United Kingdom,SMB
CU002085,Account 002085,2024-01-16,Manufacturing,United Kingdom,Mid-Market
CU002086,Account 002086,2022-07-08,Manufacturing,Canada,SMB
CU002087,Account 002087,2022-05-28,Manufacturing,Singapore,Enterprise
CU002088,Account 002088,2025-09-21,Software,United States,SMB
CU002089,Account 002089,2025-03-03,Retail,Singapore,Mid-Market
CU002090,Account 002090,2023-02-05,Education,Singapore,Enterprise
CU002091,Account 002091,2023-11-17,Software,United States,Mid-Market
CU002092,Account 002092,2024-07-22,Manufacturing,United States,SMB
CU002093,Account 002093,2023-06-18,Education,Singapore,Mid-Market
CU002094,Account 002094,2025-02-09,Healthcare,Australia,Mid-Market
CU002095,Account 002095,2026-05-10,Professional Services,Germany,SMB
CU002096,Account 002096,2022-02-07,Education,United Kingdom,Enterprise
CU002097,Account 002097,2023-09-15,Professional Services,United States,SMB
CU002098,Account 002098,2022-11-10,Manufacturing,Canada,SMB
CU002099,Account 002099,2022-10-10,Education,Germany,SMB
CU002100,Account 002100,2022-10-25,Education,Germany,Mid-Market
CU002101,Account 002101,2026-02-14,Software,Canada,SMB
CU002102,Account 002102,2023-01-07,Professional Services,Canada,SMB
CU002103,Account 002103,2024-08-20,Finance,Singapore,Enterprise
CU002104,Account 002104,2026-04-01,Manufacturing,United States,Enterprise
CU002105,Account 002105,2023-11-11,Professional Services,United States,Mid-Market
CU002106,Account 002106,2025-02-15,Education,United Kingdom,Enterprise
CU002107,Account 002107,2023-02-26,Professional Services,Australia,Enterprise
CU002108,Account 002108,2025-06-14,Education,United Kingdom,SMB
CU002109,Account 002109,2024-02-10,Finance,Singapore,Enterprise
CU002110,Account 002110,2023-07-21,Professional Services,Singapore,Enterprise
CU002111,Account 002111,2025-09-18,Professional Services,United States,Mid-Market
CU002112,Account 002112,2024-03-02,Professional Services,United Kingdom,Enterprise
CU002113,Account 002113,2025-07-20,Software,United Kingdom,SMB
CU002114,Account 002114,2025-05-23,Manufacturing,United Kingdom,Enterprise
CU002115,Account 002115,2024-05-04,Healthcare,United States,SMB
CU002116,Account 002116,2023-07-21,Retail,United Kingdom,Enterprise
CU002117,Account 002117,2022-08-09,Retail,Canada,SMB
CU002118,Account 002118,2025-08-02,Professional Services,Australia,Mid-Market
CU002119,Account 002119,2026-05-01,Finance,Australia,SMB
CU002120,Account 002120,2022-07-06,Healthcare,United Kingdom,Mid-Market
CU002121,Account 002121,2023-02-03,Education,United Kingdom,Enterprise
CU002122,Account 002122,2024-07-25,Manufacturing,Canada,Mid-Market
CU002123,Account 002123,2024-04-14,Healthcare,United States,Mid-Market
CU002124,Account 002124,2024-05-25,Education,United States,Enterprise
CU002125,Account 002125,2024-07-21,Professional Services,United States,SMB
CU002126,Account 002126,2024-08-06,Healthcare,Australia,Mid-Market
CU002127,Account 002127,2024-10-02,Manufacturing,United Kingdom,Enterprise
CU002128,Account 002128,2022-05-06,Education,Australia,Enterprise
CU002129,Account 002129,2025-03-17,Professional Services,United Kingdom,SMB
CU002130,Account 002130,2025-06-24,Education,Canada,SMB
CU002131,Account 002131,2024-03-13,Healthcare,United States,Mid-Market
CU002132,Account 002132,2024-02-03,Manufacturing,Singapore,Enterprise
CU002133,Account 002133,2025-01-20,Manufacturing,Germany,Mid-Market
CU002134,Account 002134,2024-11-22,Manufacturing,United Kingdom,SMB
CU002135,Account 002135,2022-12-08,Retail,United States,SMB
CU002136,Account 002136,2022-12-28,Manufacturing,United Kingdom,Mid-Market
CU002137,Account 002137,2024-10-18,Finance,United States,Mid-Market
CU002138,Account 002138,2022-03-27,Software,Canada,Mid-Market
CU002139,Account 002139,2025-06-01,Finance,Singapore,Mid-Market
CU002140,Account 002140,2026-06-30,Education,United States,Enterprise
CU002141,Account 002141,2025-01-17,Software,Australia,Enterprise
CU002142,Account 002142,2026-02-10,Professional Services,Singapore,SMB
CU002143,Account 002143,2023-08-19,Retail,United States,Enterprise
CU002144,Account 002144,2023-10-09,Professional Services,Australia,SMB
CU002145,Account 002145,2023-11-12,Software,Germany,Enterprise
CU002146,Account 002146,2024-11-23,Retail,Canada,SMB
CU002147,Account 002147,2023-10-13,Education,Singapore,Enterprise
CU002148,Account 002148,2025-11-05,Healthcare,Australia,Mid-Market
CU002149,Account 002149,2022-02-21,Finance,Germany,Mid-Market
CU002150,Account 002150,2024-03-28,Professional Services,Singapore,Enterprise
CU002151,Account 002151,2024-10-16,Education,Canada,SMB
CU002152,Account 002152,2023-01-16,Retail,United Kingdom,Enterprise
CU002153,Account 002153,2025-05-08,Retail,Canada,SMB
CU002154,Account 002154,2024-03-27,Manufacturing,United States,SMB
CU002155,Account 002155,2024-06-06,Retail,United Kingdom,Enterprise
CU002156,Account 002156,2022-03-13,Professional Services,Australia,Mid-Market
CU002157,Account 002157,2024-11-02,Software,United Kingdom,Mid-Market
CU002158,Account 002158,2025-12-13,Manufacturing,Singapore,Mid-Market
CU002159,Account 002159,2025-07-05,Education,United States,Mid-Market
CU002160,Account 002160,2022-08-25,Education,United Kingdom,Mid-Market
CU002161,Account 002161,2022-10-30,Education,United States,Mid-Market
CU002162,Account 002162,2023-08-31,Manufacturing,United Kingdom,SMB
CU002163,Account 002163,2022-06-02,Manufacturing,Singapore,SMB
CU002164,Account 002164,2023-10-20,Retail,United States,Mid-Market
CU002165,Account 002165,2025-11-18,Education,United States,Mid-Market
CU002166,Account 002166,2023-02-08,Retail,Singapore,SMB
CU002167,Account 002167,2022-10-13,Retail,United Kingdom,Mid-Market
CU002168,Account 002168,2026-06-07,Education,United States,SMB
CU002169,Account 002169,2023-11-08,Healthcare,Canada,Mid-Market
CU002170,Account 002170,2025-05-09,Professional Services,Australia,Enterprise
CU002171,Account 002171,2025-12-27,Manufacturing,Canada,Mid-Market
CU002172,Account 002172,2022-04-11,Professional Services,United Kingdom,Mid-Market
CU002173,Account 002173,2023-03-26,Finance,Australia,Enterprise
CU002174,Account 002174,2023-07-30,Retail,Canada,Mid-Market
CU002175,Account 002175,2024-03-21,Retail,Singapore,SMB
CU002176,Account 002176,2022-06-04,Finance,Australia,Mid-Market
CU002177,Account 002177,2025-12-15,Healthcare,Germany,SMB
CU002178,Account 002178,2026-03-14,Professional Services,United Kingdom,Enterprise
CU002179,Account 002179,2025-11-05,Healthcare,Singapore,Enterprise
CU002180,Account 002180,2025-01-08,Software,Singapore,Mid-Market
CU002181,Account 002181,2022-11-15,Education,Canada,SMB
CU002182,Account 002182,2026-03-16,Retail,Singapore,Mid-Market
CU002183,Account 002183,2022-07-06,Professional Services,Australia,Enterprise
CU002184,Account 002184,2022-05-23,Retail,Australia,SMB
CU002185,Account 002185,2022-03-07,Professional Services,United States,SMB
CU002186,Account 002186,2024-02-06,Retail,Germany,Enterprise
CU002187,Account 002187,2022-12-22,Professional Services,Germany,SMB
CU002188,Account 002188,2023-01-17,Healthcare,Australia,Enterprise
CU002189,Account 002189,2025-10-14,Education,United Kingdom,SMB
CU002190,Account 002190,2023-02-09,Retail,Australia,Mid-Market
CU002191,Account 002191,2025-09-19,Manufacturing,United Kingdom,SMB
CU002192,Account 002192,2022-07-01,Education,Singapore,Enterprise
CU002193,Account 002193,2023-09-27,Retail,Singapore,Enterprise
CU002194,Account 002194,2025-03-29,Professional Services,Germany,SMB
CU002195,Account 002195,2022-01-23,Retail,United Kingdom,SMB
CU002196,Account 002196,2023-04-05,Healthcare,Canada,Enterprise
CU002197,Account 002197,2025-10-13,Finance,United Kingdom,SMB
CU002198,Account 002198,2026-01-24,Professional Services,Germany,SMB
CU002199,Account 002199,2023-06-23,Education,United Kingdom,Mid-Market
CU002200,Account 002200,2024-05-03,Finance,Germany,Mid-Market
CU002201,Account 002201,2023-12-11,Professional Services,United Kingdom,Mid-Market
CU002202,Account 002202,2025-06-16,Education,Singapore,Mid-Market
CU002203,Account 002203,2025-09-22,Software,Australia,Enterprise
CU002204,Account 002204,2025-12-29,Finance,United Kingdom,Enterprise
CU002205,Account 002205,2023-02-01,Education,United States,Enterprise
CU002206,Account 002206,2023-05-26,Healthcare,Germany,SMB
CU002207,Account 002207,2024-10-18,Retail,Australia,Mid-Market
CU002208,Account 002208,2022-11-24,Professional Services,Germany,Mid-Market
CU002209,Account 002209,2025-04-29,Retail,Canada,Enterprise
CU002210,Account 002210,2022-01-21,Healthcare,United Kingdom,Mid-Market
CU002211,Account 002211,2026-03-08,Manufacturing,Canada,Mid-Market
CU002212,Account 002212,2023-01-05,Manufacturing,Singapore,SMB
CU002213,Account 002213,2023-11-21,Finance,United States,Mid-Market
CU002214,Account 002214,2023-07-19,Software,Germany,SMB
CU002215,Account 002215,2022-10-11,Retail,United States,Enterprise
CU002216,Account 002216,2024-01-15,Manufacturing,Singapore,SMB
CU002217,Account 002217,2023-07-14,Education,Australia,Mid-Market
CU002218,Account 002218,2025-12-23,Professional Services,United Kingdom,SMB
CU002219,Account 002219,2025-08-14,Manufacturing,United Kingdom,Enterprise
CU002220,Account 002220,2023-09-09,Finance,Australia,SMB
CU002221,Account 002221,2025-02-19,Education,Singapore,SMB
CU002222,Account 002222,2022-03-08,Manufacturing,United States,Mid-Market
CU002223,Account 002223,2023-11-07,Retail,United Kingdom,Mid-Market
CU002224,Account 002224,2024-12-22,Manufacturing,Australia,Enterprise
CU002225,Account 002225,2024-09-15,Professional Services,United States,SMB
CU002226,Account 002226,2024-07-28,Manufacturing,Singapore,SMB
CU002227,Account 002227,2026-05-06,Manufacturing,Germany,Mid-Market
CU002228,Account 002228,2025-04-08,Finance,Singapore,Mid-Market
CU002229,Account 002229,2025-05-12,Software,Germany,SMB
CU002230,Account 002230,2026-05-18,Education,United States,Enterprise
CU002231,Account 002231,2023-12-17,Education,United States,Mid-Market
CU002232,Account 002232,2022-08-05,Finance,United Kingdom,Enterprise
CU002233,Account 002233,2022-07-22,Manufacturing,Canada,Mid-Market
CU002234,Account 002234,2025-03-20,Retail,United Kingdom,Mid-Market
CU002235,Account 002235,2022-12-19,Retail,Germany,Mid-Market
CU002236,Account 002236,2023-10-23,Education,Singapore,Enterprise
CU002237,Account 002237,2023-06-30,Education,Canada,Enterprise
CU002238,Account 002238,2022-03-22,Software,United States,SMB
CU002239,Account 002239,2024-05-10,Retail,United Kingdom,Mid-Market
CU002240,Account 002240,2023-04-03,Healthcare,Australia,Enterprise
CU002241,Account 002241,2024-10-15,Professional Services,Germany,SMB
CU002242,Account 002242,2025-08-19,Finance,United States,SMB
CU002243,Account 002243,2022-10-18,Software,Singapore,Enterprise
CU002244,Account 002244,2025-10-25,Finance,United Kingdom,SMB
CU002245,Account 002245,2026-06-15,Software,United Kingdom,Mid-Market
CU002246,Account 002246,2026-04-01,Manufacturing,Singapore,Enterprise
CU002247,Account 002247,2026-01-05,Finance,Canada,SMB
CU002248,Account 002248,2025-08-30,Manufacturing,Germany,Mid-Market
CU002249,Account 002249,2024-02-04,Healthcare,United Kingdom,Mid-Market
CU002250,Account 002250,2022-12-02,Healthcare,Germany,Enterprise
CU002251,Account 002251,2025-01-09,Software,Singapore,SMB
CU002252,Account 002252,2022-02-01,Retail,Australia,Enterprise
CU002253,Account 002253,2023-01-07,Professional Services,Australia,Enterprise
CU002254,Account 002254,2024-11-12,Education,Germany,Enterprise
CU002255,Account 002255,2022-01-11,Manufacturing,United States,Mid-Market
CU002256,Account 002256,2024-12-05,Healthcare,Germany,Enterprise
CU002257,Account 002257,2024-05-19,Professional Services,Australia,Enterprise
CU002258,Account 002258,2026-06-11,Education,Singapore,Mid-Market
CU002259,Account 002259,2022-05-15,Software,Germany,SMB
CU002260,Account 002260,2022-07-26,Retail,Singapore,Enterprise
CU002261,Account 002261,2025-05-18,Professional Services,Australia,Mid-Market
CU002262,Account 002262,2022-07-27,Education,United Kingdom,Mid-Market
CU002263,Account 002263,2023-12-29,Retail,United Kingdom,SMB
CU002264,Account 002264,2026-01-20,Healthcare,Canada,Enterprise
CU002265,Account 002265,2026-06-12,Manufacturing,Singapore,Enterprise
CU002266,Account 002266,2026-04-20,Manufacturing,United Kingdom,Enterprise
CU002267,Account 002267,2025-11-24,Retail,Germany,Mid-Market
CU002268,Account 002268,2024-11-29,Healthcare,Australia,Enterprise
CU002269,Account 002269,2026-01-03,Healthcare,Canada,SMB
CU002270,Account 002270,2026-05-14,Education,United States,Enterprise
CU002271,Account 002271,2026-02-06,Software,Canada,Enterprise
CU002272,Account 002272,2023-12-02,Professional Services,Singapore,Mid-Market
CU002273,Account 002273,2025-10-07,Healthcare,Germany,Enterprise
CU002274,Account 002274,2022-02-05,Manufacturing,Singapore,Mid-Market
CU002275,Account 002275,2022-08-09,Finance,Singapore,SMB
CU002276,Account 002276,2022-07-28,Education,United States,Mid-Market
CU002277,Account 002277,2022-07-15,Software,Australia,Mid-Market
CU002278,Account 002278,2025-01-03,Healthcare,Singapore,Enterprise
CU002279,Account 002279,2024-04-07,Manufacturing,United States,Mid-Market
CU002280,Account 002280,2024-04-04,Finance,Australia,Enterprise
CU002281,Account 002281,2022-08-21,Finance,Singapore,Enterprise
CU002282,Account 002282,2024-06-08,Professional Services,Germany,Mid-Market
CU002283,Account 002283,2022-08-30,Manufacturing,Germany,SMB
CU002284,Account 002284,2024-01-25,Manufacturing,United Kingdom,Mid-Market
CU002285,Account 002285,2022-11-22,Education,Australia,Enterprise
CU002286,Account 002286,2025-12-31,Healthcare,Singapore,Mid-Market
CU002287,Account 002287,2023-12-01,Education,Germany,SMB
CU002288,Account 002288,2024-11-09,Retail,United States,SMB
CU002289,Account 002289,2022-09-30,Education,Singapore,Mid-Market
CU002290,Account 002290,2025-11-22,Professional Services,United Kingdom,Mid-Market
CU002291,Account 002291,2022-06-07,Education,Australia,SMB
CU002292,Account 002292,2022-08-31,Retail,United States,Enterprise
CU002293,Account 002293,2024-09-18,Software,United Kingdom,Mid-Market
CU002294,Account 002294,2022-08-31,Education,United States,Mid-Market
CU002295,Account 002295,2022-11-26,Professional Services,Australia,Enterprise
CU002296,Account 002296,2023-11-22,Professional Services,Australia,Mid-Market
CU002297,Account 002297,2023-08-20,Manufacturing,Singapore,SMB
CU002298,Account 002298,2023-03-11,Finance,United States,Enterprise
CU002299,Account 002299,2023-01-17,Healthcare,United States,Enterprise
CU002300,Account 002300,2023-02-28,Healthcare,Singapore,SMB
CU002301,Account 002301,2023-01-14,Software,United Kingdom,Enterprise
CU002302,Account 002302,2022-12-04,Manufacturing,United States,Mid-Market
CU002303,Account 002303,2024-10-05,Professional Services,United States,SMB
CU002304,Account 002304,2023-03-04,Education,Germany,Enterprise
CU002305,Account 002305,2023-02-03,Healthcare,Singapore,Mid-Market
CU002306,Account 002306,2023-06-19,Education,Germany,Enterprise
CU002307,Account 002307,2023-03-09,Professional Services,United States,Enterprise
CU002308,Account 002308,2024-12-21,Healthcare,Singapore,SMB
CU002309,Account 002309,2025-07-19,Professional Services,Australia,Mid-Market
CU002310,Account 002310,2024-12-24,Healthcare,Singapore,SMB
CU002311,Account 002311,2022-12-21,Manufacturing,United States,Mid-Market
CU002312,Account 002312,2025-02-11,Manufacturing,Canada,Enterprise
CU002313,Account 002313,2025-11-02,Manufacturing,United Kingdom,SMB
CU002314,Account 002314,2025-05-23,Healthcare,Germany,SMB
CU002315,Account 002315,2025-01-04,Healthcare,United Kingdom,Enterprise
CU002316,Account 002316,2023-10-25,Finance,United States,SMB
CU002317,Account 002317,2026-02-18,Finance,United Kingdom,SMB
CU002318,Account 002318,2024-06-21,Finance,Canada,SMB
CU002319,Account 002319,2022-01-23,Finance,Germany,Mid-Market
CU002320,Account 002320,2024-06-10,Finance,Australia,Enterprise
CU002321,Account 002321,2024-08-23,Software,Australia,SMB
CU002322,Account 002322,2022-06-24,Retail,United Kingdom,Enterprise
CU002323,Account 002323,2023-08-05,Education,Australia,Mid-Market
CU002324,Account 002324,2025-07-14,Retail,Germany,Mid-Market
CU002325,Account 002325,2022-05-15,Finance,Singapore,SMB
CU002326,Account 002326,2022-09-05,Education,United Kingdom,SMB
CU002327,Account 002327,2023-07-11,Retail,United States,Mid-Market
CU002328,Account 002328,2025-01-20,Manufacturing,Canada,SMB
CU002329,Account 002329,2024-02-20,Retail,Canada,Mid-Market
CU002330,Account 002330,2022-07-08,Finance,Germany,SMB
CU002331,Account 002331,2022-03-14,Manufacturing,Germany,SMB
CU002332,Account 002332,2025-12-15,Education,Singapore,SMB
CU002333,Account 002333,2023-10-12,Retail,Germany,Enterprise
CU002334,Account 002334,2023-01-10,Finance,Canada,SMB
CU002335,Account 002335,2026-01-04,Professional Services,Canada,SMB
CU002336,Account 002336,2025-09-22,Healthcare,Singapore,Mid-Market
CU002337,Account 002337,2024-03-13,Software,Canada,SMB
CU002338,Account 002338,2023-04-03,Healthcare,United Kingdom,Enterprise
CU002339,Account 002339,2026-01-20,Manufacturing,Australia,SMB
CU002340,Account 002340,2023-02-03,Software,Germany,Mid-Market
CU002341,Account 002341,2024-08-18,Healthcare,United Kingdom,Mid-Market
CU002342,Account 002342,2022-08-05,Education,Australia,Enterprise
CU002343,Account 002343,2023-02-12,Healthcare,United States,Mid-Market
CU002344,Account 002344,2022-02-23,Finance,Singapore,Enterprise
CU002345,Account 002345,2025-05-23,Healthcare,Canada,Enterprise
CU002346,Account 002346,2023-08-23,Manufacturing,Australia,Enterprise
CU002347,Account 002347,2022-02-02,Professional Services,Germany,SMB
CU002348,Account 002348,2025-03-10,Manufacturing,United States,Mid-Market
CU002349,Account 002349,2025-05-05,Software,United Kingdom,Enterprise
CU002350,Account 002350,2025-11-04,Education,United Kingdom,SMB
CU002351,Account 002351,2023-01-24,Retail,Australia,SMB
CU002352,Account 002352,2022-01-30,Professional Services,Singapore,Mid-Market
CU002353,Account 002353,2026-02-26,Professional Services,United States,Mid-Market
CU002354,Account 002354,2026-03-05,Software,United Kingdom,Enterprise
CU002355,Account 002355,2023-09-26,Professional Services,United Kingdom,Mid-Market
CU002356,Account 002356,2022-03-03,Education,Australia,SMB
CU002357,Account 002357,2024-02-20,Finance,Germany,SMB
CU002358,Account 002358,2022-07-02,Manufacturing,Germany,Mid-Market
CU002359,Account 002359,2023-08-29,Education,Australia,SMB
CU002360,Account 002360,2025-03-03,Professional Services,Singapore,Enterprise
CU002361,Account 002361,2025-07-06,Software,Singapore,Enterprise
CU002362,Account 002362,2022-12-29,Manufacturing,United Kingdom,Enterprise
CU002363,Account 002363,2025-10-15,Manufacturing,Singapore,Mid-Market
CU002364,Account 002364,2022-07-20,Software,Singapore,Enterprise
CU002365,Account 002365,2024-11-29,Retail,Canada,SMB
CU002366,Account 002366,2024-06-19,Education,United Kingdom,Enterprise
CU002367,Account 002367,2025-12-30,Manufacturing,Australia,SMB
CU002368,Account 002368,2023-06-05,Healthcare,Canada,SMB
CU002369,Account 002369,2023-03-02,Manufacturing,Singapore,Enterprise
CU002370,Account 002370,2025-12-14,Finance,Australia,SMB
CU002371,Account 002371,2025-11-12,Healthcare,United Kingdom,Mid-Market
CU002372,Account 002372,2025-04-18,Manufacturing,United States,Mid-Market
CU002373,Account 002373,2022-12-05,Professional Services,Canada,Mid-Market
CU002374,Account 002374,2022-06-23,Healthcare,Singapore,SMB
CU002375,Account 002375,2025-04-16,Professional Services,Germany,SMB
CU002376,Account 002376,2023-11-07,Healthcare,Canada,Mid-Market
CU002377,Account 002377,2023-12-29,Finance,Germany,Mid-Market
CU002378,Account 002378,2026-01-29,Software,United Kingdom,SMB
CU002379,Account 002379,2023-08-11,Healthcare,United Kingdom,Mid-Market
CU002380,Account 002380,2023-06-15,Retail,Germany,SMB
CU002381,Account 002381,2024-06-03,Software,Canada,Enterprise
CU002382,Account 002382,2022-05-21,Software,United States,SMB
CU002383,Account 002383,2026-06-10,Healthcare,Canada,SMB
CU002384,Account 002384,2022-11-27,Healthcare,Singapore,Enterprise
CU002385,Account 002385,2023-07-28,Education,Canada,SMB
CU002386,Account 002386,2026-02-24,Finance,United Kingdom,Enterprise
CU002387,Account 002387,2022-10-03,Retail,Singapore,Enterprise
CU002388,Account 002388,2026-02-01,Healthcare,Canada,Enterprise
CU002389,Account 002389,2024-08-24,Software,United States,SMB
CU002390,Account 002390,2024-09-10,Finance,United States,SMB
CU002391,Account 002391,2026-05-04,Finance,United States,SMB
CU002392,Account 002392,2022-05-30,Manufacturing,Canada,Mid-Market
CU002393,Account 002393,2023-05-27,Software,United Kingdom,Mid-Market
CU002394,Account 002394,2022-08-15,Education,United Kingdom,Mid-Market
CU002395,Account 002395,2024-08-12,Retail,Australia,SMB
CU002396,Account 002396,2023-01-06,Software,Australia,SMB
CU002397,Account 002397,2023-09-21,Education,Germany,SMB
CU002398,Account 002398,2025-01-11,Software,Canada,Enterprise
CU002399,Account 002399,2024-08-27,Healthcare,Germany,Mid-Market
CU002400,Account 002400,2025-09-09,Education,United Kingdom,Mid-Market
CU002401,Account 002401,2024-08-01,Healthcare,Australia,SMB
CU002402,Account 002402,2024-10-07,Finance,Singapore,Mid-Market
CU002403,Account 002403,2024-05-16,Retail,Singapore,SMB
CU002404,Account 002404,2024-10-18,Manufacturing,Canada,SMB
CU002405,Account 002405,2024-08-24,Retail,Canada,Mid-Market
CU002406,Account 002406,2025-10-14,Healthcare,United States,Mid-Market
CU002407,Account 002407,2022-05-04,Professional Services,Canada,SMB
CU002408,Account 002408,2025-02-23,Retail,Germany,Enterprise
CU002409,Account 002409,2025-11-21,Professional Services,Australia,SMB
CU002410,Account 002410,2024-10-11,Manufacturing,Germany,Mid-Market
CU002411,Account 002411,2025-04-06,Finance,Germany,Mid-Market
CU002412,Account 002412,2023-12-03,Education,Singapore,SMB
CU002413,Account 002413,2022-06-28,Education,Germany,Enterprise
CU002414,Account 002414,2024-10-15,Retail,United Kingdom,SMB
CU002415,Account 002415,2025-03-20,Professional Services,United Kingdom,Enterprise
CU002416,Account 002416,2022-12-04,Retail,Singapore,Mid-Market
CU002417,Account 002417,2025-05-12,Retail,Germany,SMB
CU002418,Account 002418,2025-01-28,Software,Australia,Enterprise
CU002419,Account 002419,2025-08-13,Education,Canada,SMB
CU002420,Account 002420,2023-12-07,Retail,United Kingdom,Mid-Market
CU002421,Account 002421,2025-03-26,Finance,Australia,Mid-Market
CU002422,Account 002422,2024-07-28,Healthcare,United States,Mid-Market
CU002423,Account 002423,2023-12-01,Professional Services,Germany,Enterprise
CU002424,Account 002424,2026-04-06,Retail,Germany,Mid-Market
CU002425,Account 002425,2022-01-06,Finance,United Kingdom,Enterprise
CU002426,Account 002426,2025-05-11,Education,Germany,SMB
CU002427,Account 002427,2025-12-30,Manufacturing,United Kingdom,Enterprise
CU002428,Account 002428,2024-06-09,Software,Singapore,SMB
CU002429,Account 002429,2025-09-23,Software,Canada,SMB
CU002430,Account 002430,2022-03-18,Retail,Singapore,Enterprise
CU002431,Account 002431,2024-04-17,Professional Services,United States,SMB
CU002432,Account 002432,2025-11-06,Manufacturing,Australia,Mid-Market
CU002433,Account 002433,2022-02-18,Healthcare,Germany,Enterprise
CU002434,Account 002434,2026-02-19,Education,United States,Enterprise
CU002435,Account 002435,2025-11-03,Education,Canada,Enterprise
CU002436,Account 002436,2026-04-23,Software,Australia,Mid-Market
CU002437,Account 002437,2023-10-23,Retail,Germany,SMB
CU002438,Account 002438,2022-01-26,Education,Singapore,SMB
CU002439,Account 002439,2023-04-29,Finance,Germany,Enterprise
CU002440,Account 002440,2023-10-19,Retail,Germany,Enterprise
CU002441,Account 002441,2023-09-27,Manufacturing,Germany,Mid-Market
CU002442,Account 002442,2023-07-14,Education,United Kingdom,SMB
CU002443,Account 002443,2024-06-23,Professional Services,Germany,Enterprise
CU002444,Account 002444,2025-03-04,Education,United States,SMB
CU002445,Account 002445,2023-07-17,Software,Canada,Enterprise
CU002446,Account 002446,2023-03-10,Retail,United States,Enterprise
CU002447,Account 002447,2024-01-21,Manufacturing,United States,Enterprise
CU002448,Account 002448,2023-05-14,Finance,Canada,SMB
CU002449,Account 002449,2024-09-12,Software,Germany,Mid-Market
CU002450,Account 002450,2024-09-05,Software,United Kingdom,Enterprise
CU002451,Account 002451,2024-01-24,Software,Singapore,Mid-Market
CU002452,Account 002452,2022-01-31,Finance,Germany,Enterprise
CU002453,Account 002453,2024-03-15,Healthcare,Germany,SMB
CU002454,Account 002454,2022-11-03,Software,Australia,Enterprise
CU002455,Account 002455,2025-12-30,Finance,Australia,Enterprise
CU002456,Account 002456,2022-01-04,Manufacturing,United Kingdom,Enterprise
CU002457,Account 002457,2025-01-11,Manufacturing,United Kingdom,Enterprise
CU002458,Account 002458,2023-05-16,Retail,Singapore,Enterprise
CU002459,Account 002459,2023-08-25,Retail,Singapore,Enterprise
CU002460,Account 002460,2023-11-27,Software,Canada,SMB
CU002461,Account 002461,2026-02-12,Retail,Australia,Mid-Market
CU002462,Account 002462,2025-11-30,Finance,Australia,SMB
CU002463,Account 002463,2023-02-13,Software,Germany,SMB
CU002464,Account 002464,2023-11-21,Software,Canada,Enterprise
CU002465,Account 002465,2023-03-30,Healthcare,Germany,Mid-Market
CU002466,Account 002466,2022-10-21,Manufacturing,Singapore,Enterprise
CU002467,Account 002467,2023-11-21,Software,United Kingdom,Mid-Market
CU002468,Account 002468,2023-10-12,Retail,Singapore,Enterprise
CU002469,Account 002469,2025-09-15,Education,Singapore,Mid-Market
CU002470,Account 002470,2024-01-22,Finance,United States,Enterprise
CU002471,Account 002471,2024-07-28,Manufacturing,Canada,SMB
CU002472,Account 002472,2022-04-27,Retail,Germany,SMB
CU002473,Account 002473,2023-11-13,Retail,Canada,SMB
CU002474,Account 002474,2026-06-09,Education,Singapore,Enterprise
CU002475,Account 002475,2024-03-29,Software,United Kingdom,Mid-Market
CU002476,Account 002476,2022-05-10,Finance,United States,Mid-Market
CU002477,Account 002477,2024-06-15,Healthcare,Singapore,Mid-Market
CU002478,Account 002478,2025-05-10,Software,Germany,Enterprise
CU002479,Account 002479,2022-04-21,Professional Services,Singapore,SMB
CU002480,Account 002480,2022-02-03,Software,United Kingdom,Mid-Market
CU002481,Account 002481,2026-01-31,Healthcare,Canada,Mid-Market
CU002482,Account 002482,2024-12-17,Professional Services,Canada,Mid-Market
CU002483,Account 002483,2022-01-23,Manufacturing,Germany,SMB
CU002484,Account 002484,2024-11-24,Manufacturing,Singapore,Mid-Market
CU002485,Account 002485,2025-03-24,Manufacturing,Germany,Mid-Market
CU002486,Account 002486,2023-12-04,Finance,United Kingdom,Mid-Market
CU002487,Account 002487,2026-03-30,Manufacturing,Germany,SMB
CU002488,Account 002488,2022-09-27,Education,Canada,Mid-Market
CU002489,Account 002489,2023-09-27,Finance,Germany,Enterprise
CU002490,Account 002490,2023-12-31,Software,Canada,Enterprise
CU002491,Account 002491,2022-05-21,Professional Services,Canada,Mid-Market
CU002492,Account 002492,2025-08-19,Retail,Germany,Enterprise
CU002493,Account 002493,2022-05-26,Healthcare,Canada,SMB
CU002494,Account 002494,2024-04-15,Healthcare,United Kingdom,Mid-Market
CU002495,Account 002495,2022-06-23,Manufacturing,Australia,Mid-Market
CU002496,Account 002496,2025-01-28,Education,United Kingdom,Enterprise
CU002497,Account 002497,2025-01-16,Software,Australia,SMB
CU002498,Account 002498,2022-12-03,Manufacturing,Germany,Mid-Market
CU002499,Account 002499,2023-06-23,Software,Singapore,Enterprise
CU002500,Account 002500,2026-03-28,Finance,Singapore,SMB
CU002501,Account 002501,2024-09-11,Finance,Australia,SMB
CU002502,Account 002502,2026-06-26,Retail,Germany,Enterprise
CU002503,Account 002503,2025-01-15,Education,Canada,Mid-Market
CU002504,Account 002504,2024-08-07,Professional Services,Germany,Enterprise
CU002505,Account 002505,2022-01-13,Finance,Canada,Mid-Market
CU002506,Account 002506,2026-04-27,Manufacturing,Canada,Enterprise
CU002507,Account 002507,2024-07-20,Finance,Germany,Enterprise
CU002508,Account 002508,2023-06-02,Professional Services,Singapore,SMB
CU002509,Account 002509,2026-03-29,Software,Germany,Mid-Market
CU002510,Account 002510,2024-12-18,Education,United Kingdom,Enterprise
CU002511,Account 002511,2023-12-04,Professional Services,United Kingdom,Mid-Market
CU002512,Account 002512,2024-09-10,Professional Services,Canada,SMB
CU002513,Account 002513,2023-03-10,Finance,Canada,Mid-Market
CU002514,Account 002514,2023-08-16,Manufacturing,United States,SMB
CU002515,Account 002515,2024-09-09,Manufacturing,Australia,Enterprise
CU002516,Account 002516,2024-09-06,Finance,Australia,Mid-Market
CU002517,Account 002517,2022-07-09,Retail,United States,SMB
CU002518,Account 002518,2024-06-08,Software,United States,SMB
CU002519,Account 002519,2024-11-10,Education,Australia,SMB
CU002520,Account 002520,2024-11-01,Software,United States,Mid-Market
CU002521,Account 002521,2023-12-16,Retail,United States,Mid-Market
CU002522,Account 002522,2026-04-22,Software,Singapore,Mid-Market
CU002523,Account 002523,2026-05-14,Professional Services,Australia,Mid-Market
CU002524,Account 002524,2024-01-04,Retail,Singapore,Enterprise
CU002525,Account 002525,2023-01-04,Retail,Germany,SMB
CU002526,Account 002526,2023-12-24,Manufacturing,Australia,Enterprise
CU002527,Account 002527,2024-11-26,Manufacturing,United Kingdom,Enterprise
CU002528,Account 002528,2022-03-23,Finance,Germany,SMB
CU002529,Account 002529,2022-01-31,Retail,United States,Mid-Market
CU002530,Account 002530,2026-05-14,Professional Services,United States,SMB
CU002531,Account 002531,2023-02-03,Retail,Germany,SMB
CU002532,Account 002532,2025-09-28,Manufacturing,Singapore,Mid-Market
CU002533,Account 002533,2025-06-11,Professional Services,United Kingdom,SMB
CU002534,Account 002534,2025-01-19,Healthcare,Singapore,SMB
CU002535,Account 002535,2023-10-13,Professional Services,Canada,SMB
CU002536,Account 002536,2024-12-20,Education,United States,Mid-Market
CU002537,Account 002537,2022-04-06,Software,Germany,Enterprise
CU002538,Account 002538,2023-12-13,Professional Services,United Kingdom,Enterprise
CU002539,Account 002539,2024-03-22,Professional Services,Singapore,SMB
CU002540,Account 002540,2025-11-19,Education,Singapore,Mid-Market
CU002541,Account 002541,2025-10-29,Professional Services,United States,Enterprise
CU002542,Account 002542,2022-06-14,Manufacturing,Singapore,Enterprise
CU002543,Account 002543,2024-05-03,Finance,United Kingdom,Enterprise
CU002544,Account 002544,2022-04-04,Retail,Canada,SMB
CU002545,Account 002545,2024-10-06,Retail,Australia,SMB
CU002546,Account 002546,2024-11-19,Education,United States,SMB
CU002547,Account 002547,2023-10-04,Education,Germany,Enterprise
CU002548,Account 002548,2023-10-09,Software,United Kingdom,Enterprise
CU002549,Account 002549,2024-02-06,Finance,Singapore,SMB
CU002550,Account 002550,2022-08-27,Retail,Canada,Enterprise
CU002551,Account 002551,2023-09-11,Software,Canada,SMB
CU002552,Account 002552,2023-02-06,Finance,Singapore,Enterprise
CU002553,Account 002553,2025-07-03,Healthcare,Australia,Enterprise
CU002554,Account 002554,2026-03-27,Education,Canada,Enterprise
CU002555,Account 002555,2025-04-10,Software,Germany,SMB
CU002556,Account 002556,2026-01-03,Finance,Canada,Mid-Market
CU002557,Account 002557,2022-12-20,Finance,United States,Mid-Market
CU002558,Account 002558,2023-10-28,Education,United States,SMB
CU002559,Account 002559,2024-01-06,Finance,Germany,Enterprise
CU002560,Account 002560,2023-08-28,Finance,Germany,Enterprise
CU002561,Account 002561,2022-10-29,Retail,Singapore,Mid-Market
CU002562,Account 002562,2026-04-03,Retail,Singapore,Enterprise
CU002563,Account 002563,2022-10-20,Manufacturing,United States,SMB
CU002564,Account 002564,2025-12-02,Healthcare,Singapore,SMB
CU002565,Account 002565,2025-03-12,Retail,Singapore,Enterprise
CU002566,Account 002566,2023-03-18,Healthcare,Australia,Mid-Market
CU002567,Account 002567,2022-04-09,Finance,United States,Enterprise
CU002568,Account 002568,2022-03-16,Manufacturing,Germany,SMB
CU002569,Account 002569,2022-09-29,Finance,United States,Mid-Market
CU002570,Account 002570,2022-07-30,Software,United Kingdom,Enterprise
CU002571,Account 002571,2025-02-10,Finance,United States,Mid-Market
CU002572,Account 002572,2025-11-06,Manufacturing,Australia,Enterprise
CU002573,Account 002573,2026-03-21,Software,United Kingdom,Mid-Market
CU002574,Account 002574,2023-02-18,Education,Germany,Mid-Market
CU002575,Account 002575,2022-10-25,Education,Australia,Enterprise
CU002576,Account 002576,2023-11-13,Healthcare,Singapore,Mid-Market
CU002577,Account 002577,2025-10-27,Retail,United Kingdom,Mid-Market
CU002578,Account 002578,2025-03-25,Healthcare,United States,Enterprise
CU002579,Account 002579,2025-03-03,Professional Services,United States,Mid-Market
CU002580,Account 002580,2025-09-29,Retail,United Kingdom,Mid-Market
CU002581,Account 002581,2025-08-21,Education,Canada,Mid-Market
CU002582,Account 002582,2025-11-15,Professional Services,Australia,Mid-Market
CU002583,Account 002583,2024-02-17,Healthcare,Australia,SMB
CU002584,Account 002584,2026-04-08,Education,Singapore,Enterprise
CU002585,Account 002585,2024-06-22,Software,Singapore,SMB
CU002586,Account 002586,2024-07-02,Finance,Germany,Mid-Market
CU002587,Account 002587,2024-11-27,Software,United Kingdom,SMB
CU002588,Account 002588,2025-05-27,Education,United Kingdom,Enterprise
CU002589,Account 002589,2022-09-13,Healthcare,Australia,Enterprise
CU002590,Account 002590,2022-03-18,Manufacturing,Singapore,Mid-Market
CU002591,Account 002591,2026-05-07,Software,Australia,Enterprise
CU002592,Account 002592,2023-05-17,Healthcare,United States,Enterprise
CU002593,Account 002593,2026-04-21,Finance,Canada,Mid-Market
CU002594,Account 002594,2023-11-29,Software,Canada,Enterprise
CU002595,Account 002595,2023-06-17,Software,Germany,Enterprise
CU002596,Account 002596,2023-02-05,Software,United Kingdom,SMB
CU002597,Account 002597,2022-11-02,Software,Singapore,Mid-Market
CU002598,Account 002598,2022-04-27,Manufacturing,United Kingdom,Enterprise
CU002599,Account 002599,2026-05-26,Professional Services,United States,Mid-Market
CU002600,Account 002600,2024-05-08,Healthcare,Australia,Enterprise
CU002601,Account 002601,2022-11-30,Professional Services,Canada,SMB
CU002602,Account 002602,2023-03-04,Professional Services,Australia,SMB
CU002603,Account 002603,2025-05-24,Software,Germany,Enterprise
CU002604,Account 002604,2023-04-27,Professional Services,Singapore,SMB
CU002605,Account 002605,2023-09-06,Manufacturing,United Kingdom,Mid-Market
CU002606,Account 002606,2025-11-01,Education,Canada,SMB
CU002607,Account 002607,2023-03-02,Healthcare,United States,SMB
CU002608,Account 002608,2023-12-07,Finance,Canada,SMB
CU002609,Account 002609,2025-05-08,Manufacturing,Canada,Mid-Market
CU002610,Account 002610,2026-04-14,Finance,United Kingdom,Mid-Market
CU002611,Account 002611,2024-12-12,Software,Canada,Enterprise
CU002612,Account 002612,2022-01-14,Education,Singapore,SMB
CU002613,Account 002613,2022-02-16,Retail,United States,SMB
CU002614,Account 002614,2025-04-05,Software,Singapore,Mid-Market
CU002615,Account 002615,2023-10-08,Retail,Germany,Enterprise
CU002616,Account 002616,2022-05-16,Professional Services,Germany,Mid-Market
CU002617,Account 002617,2022-09-20,Education,United States,Mid-Market
CU002618,Account 002618,2023-08-22,Software,Canada,Mid-Market
CU002619,Account 002619,2024-02-16,Healthcare,Canada,Enterprise
CU002620,Account 002620,2026-06-18,Healthcare,Australia,Mid-Market
CU002621,Account 002621,2024-09-09,Professional Services,Canada,Enterprise
CU002622,Account 002622,2024-03-23,Professional Services,United States,Mid-Market
CU002623,Account 002623,2022-09-26,Manufacturing,Germany,Enterprise
CU002624,Account 002624,2024-05-05,Manufacturing,Australia,Mid-Market
CU002625,Account 002625,2022-01-05,Manufacturing,United Kingdom,SMB
CU002626,Account 002626,2022-09-30,Education,Canada,Enterprise
CU002627,Account 002627,2022-01-17,Healthcare,Singapore,Mid-Market
CU002628,Account 002628,2022-01-13,Professional Services,Germany,Mid-Market
CU002629,Account 002629,2025-05-24,Education,Australia,Enterprise
CU002630,Account 002630,2025-03-03,Education,United Kingdom,Enterprise
CU002631,Account 002631,2022-10-09,Software,Germany,Enterprise
CU002632,Account 002632,2025-03-16,Finance,United Kingdom,Enterprise
CU002633,Account 002633,2023-02-27,Manufacturing,Germany,Mid-Market
CU002634,Account 002634,2026-06-27,Finance,United States,Enterprise
CU002635,Account 002635,2023-03-09,Software,United Kingdom,Mid-Market
CU002636,Account 002636,2023-12-23,Manufacturing,Canada,SMB
CU002637,Account 002637,2023-12-26,Professional Services,United States,Mid-Market
CU002638,Account 002638,2025-08-29,Finance,United Kingdom,Enterprise
CU002639,Account 002639,2024-02-17,Software,Germany,SMB
CU002640,Account 002640,2022-06-24,Professional Services,Singapore,Mid-Market
CU002641,Account 002641,2025-06-05,Manufacturing,Singapore,Enterprise
CU002642,Account 002642,2026-04-26,Healthcare,United States,Mid-Market
CU002643,Account 002643,2024-06-13,Finance,Canada,Mid-Market
CU002644,Account 002644,2023-09-30,Education,Canada,SMB
CU002645,Account 002645,2023-02-16,Professional Services,Singapore,Mid-Market
CU002646,Account 002646,2026-05-25,Manufacturing,Australia,Enterprise
CU002647,Account 002647,2025-09-16,Education,Singapore,Mid-Market
CU002648,Account 002648,2024-05-13,Software,United Kingdom,Enterprise
CU002649,Account 002649,2026-03-11,Retail,Australia,SMB
CU002650,Account 002650,2025-07-03,Manufacturing,Singapore,SMB
CU002651,Account 002651,2025-05-03,Software,United States,Enterprise
CU002652,Account 002652,2023-09-11,Finance,Canada,Mid-Market
CU002653,Account 002653,2025-03-07,Finance,Germany,Mid-Market
CU002654,Account 002654,2024-12-20,Finance,Canada,Mid-Market
CU002655,Account 002655,2023-03-23,Healthcare,United Kingdom,Enterprise
CU002656,Account 002656,2024-07-26,Manufacturing,Germany,Mid-Market
CU002657,Account 002657,2024-01-12,Healthcare,Singapore,Mid-Market
CU002658,Account 002658,2023-09-18,Education,United States,Mid-Market
CU002659,Account 002659,2023-06-28,Retail,Germany,Enterprise
CU002660,Account 002660,2024-03-13,Manufacturing,United Kingdom,SMB
CU002661,Account 002661,2023-08-21,Healthcare,Germany,Mid-Market
CU002662,Account 002662,2024-04-07,Retail,Germany,Enterprise
CU002663,Account 002663,2023-08-15,Education,United Kingdom,Mid-Market
CU002664,Account 002664,2022-12-03,Manufacturing,Germany,Mid-Market
CU002665,Account 002665,2023-12-03,Professional Services,United States,Enterprise
CU002666,Account 002666,2023-02-19,Healthcare,United Kingdom,SMB
CU002667,Account 002667,2024-10-27,Professional Services,Canada,Enterprise
CU002668,Account 002668,2025-10-26,Professional Services,Canada,Mid-Market
CU002669,Account 002669,2024-11-25,Retail,Singapore,Enterprise
CU002670,Account 002670,2024-01-21,Manufacturing,Singapore,Mid-Market
CU002671,Account 002671,2024-09-15,Retail,Australia,Mid-Market
CU002672,Account 002672,2023-03-01,Manufacturing,Germany,Mid-Market
CU002673,Account 002673,2026-03-21,Software,Germany,SMB
CU002674,Account 002674,2023-10-10,Healthcare,Canada,Mid-Market
CU002675,Account 002675,2024-07-24,Professional Services,United States,SMB
CU002676,Account 002676,2026-04-17,Finance,United States,SMB
CU002677,Account 002677,2023-11-20,Professional Services,United Kingdom,Mid-Market
CU002678,Account 002678,2024-07-13,Education,Germany,Mid-Market
CU002679,Account 002679,2024-02-21,Professional Services,United Kingdom,Enterprise
CU002680,Account 002680,2026-02-24,Healthcare,United Kingdom,Mid-Market
CU002681,Account 002681,2022-10-29,Retail,Australia,SMB
CU002682,Account 002682,2023-11-16,Retail,Canada,Enterprise
CU002683,Account 002683,2022-12-05,Healthcare,Germany,SMB
CU002684,Account 002684,2024-01-31,Software,Australia,Enterprise
CU002685,Account 002685,2023-07-13,Education,Singapore,Mid-Market
CU002686,Account 002686,2022-06-29,Software,United States,Enterprise
CU002687,Account 002687,2022-05-31,Healthcare,Singapore,Enterprise
CU002688,Account 002688,2025-07-02,Professional Services,Singapore,Mid-Market
CU002689,Account 002689,2024-06-13,Professional Services,Canada,Mid-Market
CU002690,Account 002690,2023-03-25,Education,Australia,SMB
CU002691,Account 002691,2023-11-07,Professional Services,Canada,Mid-Market
CU002692,Account 002692,2025-12-20,Professional Services,United States,Enterprise
CU002693,Account 002693,2025-06-14,Education,Canada,SMB
CU002694,Account 002694,2023-10-25,Retail,Canada,Enterprise
CU002695,Account 002695,2022-05-10,Manufacturing,Canada,Enterprise
CU002696,Account 002696,2023-07-01,Healthcare,Germany,Enterprise
CU002697,Account 002697,2026-03-17,Software,Australia,Mid-Market
CU002698,Account 002698,2023-02-16,Manufacturing,Australia,Mid-Market
CU002699,Account 002699,2024-07-03,Professional Services,Canada,SMB
CU002700,Account 002700,2022-12-15,Retail,United States,SMB
CU002701,Account 002701,2023-10-12,Manufacturing,United States,SMB
CU002702,Account 002702,2026-02-12,Healthcare,Australia,SMB
CU002703,Account 002703,2023-02-06,Education,Canada,SMB
CU002704,Account 002704,2026-05-10,Software,Australia,Mid-Market
CU002705,Account 002705,2024-10-16,Retail,Australia,Enterprise
CU002706,Account 002706,2023-07-31,Healthcare,Singapore,Enterprise
CU002707,Account 002707,2026-05-31,Finance,Germany,Enterprise
CU002708,Account 002708,2026-05-01,Manufacturing,Canada,SMB
CU002709,Account 002709,2026-02-17,Healthcare,Germany,Enterprise
CU002710,Account 002710,2026-03-31,Retail,Australia,Enterprise
CU002711,Account 002711,2026-03-26,Software,Germany,Mid-Market
CU002712,Account 002712,2022-07-21,Finance,Singapore,Mid-Market
CU002713,Account 002713,2022-05-09,Healthcare,Singapore,Enterprise
CU002714,Account 002714,2022-12-18,Software,United Kingdom,Enterprise
CU002715,Account 002715,2023-05-25,Retail,Canada,SMB
CU002716,Account 002716,2025-03-23,Education,Australia,Enterprise
CU002717,Account 002717,2025-12-24,Professional Services,Germany,Enterprise
CU002718,Account 002718,2023-08-06,Finance,Australia,SMB
CU002719,Account 002719,2025-02-24,Manufacturing,Germany,Enterprise
CU002720,Account 002720,2022-10-01,Healthcare,Australia,Enterprise
CU002721,Account 002721,2024-04-24,Retail,United States,Enterprise
CU002722,Account 002722,2023-11-06,Retail,United Kingdom,Enterprise
CU002723,Account 002723,2025-06-15,Education,Canada,Enterprise
CU002724,Account 002724,2022-09-11,Retail,Canada,SMB
CU002725,Account 002725,2024-04-24,Professional Services,Australia,Mid-Market
CU002726,Account 002726,2026-03-17,Education,Germany,Mid-Market
CU002727,Account 002727,2022-11-20,Retail,Australia,Mid-Market
CU002728,Account 002728,2024-11-15,Healthcare,Canada,Mid-Market
CU002729,Account 002729,2025-12-19,Software,Singapore,SMB
CU002730,Account 002730,2024-09-07,Retail,Singapore,Mid-Market
CU002731,Account 002731,2023-12-22,Finance,Singapore,SMB
CU002732,Account 002732,2026-06-17,Manufacturing,Australia,Enterprise
CU002733,Account 002733,2024-11-23,Finance,United Kingdom,Enterprise
CU002734,Account 002734,2022-07-16,Professional Services,Germany,SMB
CU002735,Account 002735,2023-01-19,Manufacturing,Australia,Mid-Market
CU002736,Account 002736,2022-01-30,Manufacturing,United States,Enterprise
CU002737,Account 002737,2025-01-31,Professional Services,Canada,SMB
CU002738,Account 002738,2025-10-27,Professional Services,Australia,Mid-Market
CU002739,Account 002739,2025-04-13,Education,Germany,Enterprise
CU002740,Account 002740,2024-05-04,Finance,Canada,Enterprise
CU002741,Account 002741,2025-01-29,Software,Singapore,Enterprise
CU002742,Account 002742,2025-03-20,Education,Germany,Enterprise
CU002743,Account 002743,2025-01-11,Education,United Kingdom,Mid-Market
CU002744,Account 002744,2022-01-19,Education,United States,Enterprise
CU002745,Account 002745,2025-07-12,Education,Germany,SMB
CU002746,Account 002746,2023-02-18,Education,Singapore,Mid-Market
CU002747,Account 002747,2024-09-08,Manufacturing,Canada,SMB
CU002748,Account 002748,2024-06-26,Retail,United Kingdom,Mid-Market
CU002749,Account 002749,2024-05-03,Education,Australia,SMB
CU002750,Account 002750,2024-03-01,Finance,Germany,Enterprise
CU002751,Account 002751,2023-08-14,Education,United States,SMB
CU002752,Account 002752,2024-10-27,Manufacturing,Canada,SMB
CU002753,Account 002753,2023-11-23,Healthcare,United Kingdom,Enterprise
CU002754,Account 002754,2022-08-14,Finance,Germany,SMB
CU002755,Account 002755,2025-02-02,Finance,United States,Mid-Market
CU002756,Account 002756,2025-08-11,Retail,Canada,Enterprise
CU002757,Account 002757,2024-10-11,Retail,United Kingdom,SMB
CU002758,Account 002758,2024-06-19,Education,Germany,SMB
CU002759,Account 002759,2025-04-02,Professional Services,Australia,Mid-Market
CU002760,Account 002760,2023-03-18,Retail,Germany,Mid-Market
CU002761,Account 002761,2025-02-26,Finance,Australia,Mid-Market
CU002762,Account 002762,2023-08-13,Manufacturing,Singapore,SMB
CU002763,Account 002763,2022-04-14,Education,United States,Enterprise
CU002764,Account 002764,2022-02-15,Software,Singapore,SMB
CU002765,Account 002765,2024-01-05,Professional Services,United Kingdom,Mid-Market
CU002766,Account 002766,2025-02-09,Healthcare,Singapore,SMB
CU002767,Account 002767,2022-02-26,Finance,Australia,Mid-Market
CU002768,Account 002768,2025-10-11,Education,Australia,Mid-Market
CU002769,Account 002769,2023-06-01,Healthcare,Germany,Mid-Market
CU002770,Account 002770,2025-08-25,Manufacturing,Australia,Mid-Market
CU002771,Account 002771,2022-05-30,Finance,Germany,SMB
CU002772,Account 002772,2023-01-17,Finance,United States,Enterprise
CU002773,Account 002773,2025-01-29,Retail,United Kingdom,Enterprise
CU002774,Account 002774,2025-04-25,Manufacturing,Germany,Enterprise
CU002775,Account 002775,2024-02-15,Education,Australia,Mid-Market
CU002776,Account 002776,2025-10-19,Software,United Kingdom,SMB
CU002777,Account 002777,2025-02-27,Professional Services,Germany,SMB
CU002778,Account 002778,2024-08-21,Education,United Kingdom,Enterprise
CU002779,Account 002779,2026-03-03,Retail,United States,Enterprise
CU002780,Account 002780,2025-03-07,Software,United Kingdom,Enterprise
CU002781,Account 002781,2025-09-17,Software,United Kingdom,Mid-Market
CU002782,Account 002782,2025-06-21,Retail,United States,Mid-Market
CU002783,Account 002783,2022-06-01,Software,Singapore,SMB
CU002784,Account 002784,2025-09-07,Education,Germany,Mid-Market
CU002785,Account 002785,2024-07-16,Education,United States,Enterprise
CU002786,Account 002786,2022-10-29,Manufacturing,United States,Enterprise
CU002787,Account 002787,2026-04-21,Education,Australia,Enterprise
CU002788,Account 002788,2022-02-07,Education,Canada,SMB
CU002789,Account 002789,2023-07-03,Manufacturing,United States,Mid-Market
CU002790,Account 002790,2026-06-26,Healthcare,Australia,SMB
CU002791,Account 002791,2024-12-01,Software,United Kingdom,Mid-Market
CU002792,Account 002792,2024-08-03,Healthcare,United States,Enterprise
CU002793,Account 002793,2026-02-20,Healthcare,Germany,Mid-Market
CU002794,Account 002794,2025-10-09,Manufacturing,United States,SMB
CU002795,Account 002795,2025-09-25,Software,Singapore,Enterprise
CU002796,Account 002796,2024-02-26,Professional Services,Germany,Enterprise
CU002797,Account 002797,2024-02-04,Retail,Germany,SMB
CU002798,Account 002798,2022-05-01,Manufacturing,Canada,Enterprise
CU002799,Account 002799,2022-12-06,Manufacturing,United States,SMB
CU002800,Account 002800,2024-10-18,Education,Canada,Mid-Market
CU002801,Account 002801,2023-05-07,Education,Australia,SMB
CU002802,Account 002802,2024-11-11,Healthcare,United Kingdom,Mid-Market
CU002803,Account 002803,2023-03-31,Professional Services,Canada,SMB
CU002804,Account 002804,2025-03-30,Healthcare,Singapore,Enterprise
CU002805,Account 002805,2023-06-18,Retail,United States,Mid-Market
CU002806,Account 002806,2024-12-16,Professional Services,Australia,Enterprise
CU002807,Account 002807,2025-01-10,Education,Australia,SMB
CU002808,Account 002808,2022-06-16,Software,Germany,Enterprise
CU002809,Account 002809,2022-03-10,Professional Services,Canada,Mid-Market
CU002810,Account 002810,2022-05-27,Retail,United States,SMB
CU002811,Account 002811,2026-05-15,Education,Australia,SMB
CU002812,Account 002812,2023-09-02,Retail,Australia,SMB
CU002813,Account 002813,2023-01-15,Professional Services,Germany,Enterprise
CU002814,Account 002814,2025-05-20,Manufacturing,Germany,Mid-Market
CU002815,Account 002815,2025-04-16,Retail,Germany,SMB
CU002816,Account 002816,2025-11-29,Retail,Canada,SMB
CU002817,Account 002817,2025-05-18,Professional Services,Germany,Enterprise
CU002818,Account 002818,2024-07-09,Retail,United Kingdom,Mid-Market
CU002819,Account 002819,2024-07-24,Finance,Canada,Mid-Market
CU002820,Account 002820,2022-05-07,Education,Canada,SMB
CU002821,Account 002821,2026-05-29,Software,Singapore,Enterprise
CU002822,Account 002822,2025-03-20,Retail,Australia,SMB
CU002823,Account 002823,2023-03-06,Finance,Australia,Mid-Market
CU002824,Account 002824,2025-10-31,Education,United Kingdom,Mid-Market
CU002825,Account 002825,2025-09-18,Software,Canada,Mid-Market
CU002826,Account 002826,2024-05-27,Retail,Germany,Mid-Market
CU002827,Account 002827,2025-03-15,Professional Services,Australia,Enterprise
CU002828,Account 002828,2022-03-22,Education,Singapore,SMB
CU002829,Account 002829,2024-12-01,Manufacturing,United Kingdom,SMB
CU002830,Account 002830,2022-10-13,Professional Services,United States,Mid-Market
CU002831,Account 002831,2022-02-21,Retail,Germany,Enterprise
CU002832,Account 002832,2025-05-01,Professional Services,Canada,SMB
CU002833,Account 002833,2024-03-04,Healthcare,Australia,SMB
CU002834,Account 002834,2023-02-25,Professional Services,Germany,Enterprise
CU002835,Account 002835,2026-05-08,Retail,Germany,Mid-Market
CU002836,Account 002836,2026-04-09,Professional Services,United Kingdom,SMB
CU002837,Account 002837,2023-02-02,Professional Services,Germany,SMB
CU002838,Account 002838,2022-11-08,Finance,Canada,Mid-Market
CU002839,Account 002839,2025-12-20,Finance,Germany,Mid-Market
CU002840,Account 002840,2025-09-26,Finance,Singapore,Mid-Market
CU002841,Account 002841,2024-03-03,Finance,United States,Enterprise
CU002842,Account 002842,2025-01-01,Education,United Kingdom,SMB
CU002843,Account 002843,2023-07-18,Education,United Kingdom,Enterprise
CU002844,Account 002844,2026-04-03,Healthcare,United Kingdom,Mid-Market
CU002845,Account 002845,2022-12-31,Education,United Kingdom,Mid-Market
CU002846,Account 002846,2025-09-05,Professional Services,Singapore,SMB
CU002847,Account 002847,2025-08-19,Healthcare,Germany,Enterprise
CU002848,Account 002848,2023-10-17,Software,Singapore,Mid-Market
CU002849,Account 002849,2026-03-27,Software,Australia,Mid-Market
CU002850,Account 002850,2024-11-24,Manufacturing,Singapore,SMB
CU002851,Account 002851,2023-02-24,Professional Services,United States,SMB
CU002852,Account 002852,2025-08-03,Finance,United Kingdom,Enterprise
CU002853,Account 002853,2025-05-23,Professional Services,United Kingdom,Enterprise
CU002854,Account 002854,2023-12-23,Healthcare,Singapore,Enterprise
CU002855,Account 002855,2026-02-04,Education,United States,SMB
CU002856,Account 002856,2022-09-03,Finance,Australia,Mid-Market
CU002857,Account 002857,2024-10-22,Healthcare,Australia,Mid-Market
CU002858,Account 002858,2023-10-04,Finance,United States,Mid-Market
CU002859,Account 002859,2025-01-05,Software,Australia,Mid-Market
CU002860,Account 002860,2026-01-19,Professional Services,United Kingdom,SMB
CU002861,Account 002861,2022-08-24,Education,United Kingdom,Enterprise
CU002862,Account 002862,2024-11-19,Professional Services,Australia,Enterprise
CU002863,Account 002863,2022-07-20,Healthcare,United States,SMB
CU002864,Account 002864,2023-08-30,Software,United Kingdom,SMB
CU002865,Account 002865,2026-06-01,Finance,Canada,Enterprise
CU002866,Account 002866,2025-05-15,Professional Services,Germany,Mid-Market
CU002867,Account 002867,2025-09-15,Manufacturing,Germany,Mid-Market
CU002868,Account 002868,2023-06-27,Education,Singapore,Enterprise
CU002869,Account 002869,2022-06-15,Healthcare,United States,Enterprise
CU002870,Account 002870,2023-04-17,Manufacturing,Germany,Mid-Market
CU002871,Account 002871,2024-11-12,Education,United States,SMB
CU002872,Account 002872,2025-01-28,Professional Services,United States,SMB
CU002873,Account 002873,2024-08-14,Education,Germany,SMB
CU002874,Account 002874,2026-04-30,Manufacturing,United States,Enterprise
CU002875,Account 002875,2024-07-28,Finance,United States,Mid-Market
CU002876,Account 002876,2026-02-22,Finance,Canada,Mid-Market
CU002877,Account 002877,2023-02-23,Retail,United Kingdom,SMB
CU002878,Account 002878,2023-04-11,Software,Australia,Mid-Market
CU002879,Account 002879,2024-03-26,Professional Services,Germany,Mid-Market
CU002880,Account 002880,2023-11-02,Finance,Singapore,Mid-Market
CU002881,Account 002881,2022-09-15,Software,United States,SMB
CU002882,Account 002882,2025-04-02,Retail,Australia,SMB
CU002883,Account 002883,2025-01-31,Professional Services,Canada,Enterprise
CU002884,Account 002884,2026-02-10,Healthcare,Germany,Enterprise
CU002885,Account 002885,2026-01-05,Finance,Germany,Enterprise
CU002886,Account 002886,2025-05-05,Manufacturing,Australia,SMB
CU002887,Account 002887,2022-09-10,Healthcare,Singapore,Mid-Market
CU002888,Account 002888,2025-02-07,Software,United Kingdom,Mid-Market
CU002889,Account 002889,2022-12-20,Healthcare,United Kingdom,Enterprise
CU002890,Account 002890,2024-12-14,Professional Services,United States,Mid-Market
CU002891,Account 002891,2024-02-22,Manufacturing,Canada,SMB
CU002892,Account 002892,2025-11-26,Software,Germany,SMB
CU002893,Account 002893,2025-08-03,Manufacturing,United States,Enterprise
CU002894,Account 002894,2023-11-19,Manufacturing,Australia,Enterprise
CU002895,Account 002895,2025-06-26,Finance,Canada,Enterprise
CU002896,Account 002896,2026-02-26,Professional Services,Germany,Mid-Market
CU002897,Account 002897,2023-08-09,Software,Singapore,Enterprise
CU002898,Account 002898,2026-02-13,Healthcare,United Kingdom,SMB
CU002899,Account 002899,2022-01-12,Manufacturing,Australia,Mid-Market
CU002900,Account 002900,2022-06-22,Retail,United Kingdom,Enterprise
CU002901,Account 002901,2023-03-09,Healthcare,United Kingdom,Enterprise
CU002902,Account 002902,2023-09-09,Healthcare,Germany,SMB
CU002903,Account 002903,2022-12-22,Retail,Singapore,Mid-Market
CU002904,Account 002904,2023-12-26,Education,United States,Enterprise
CU002905,Account 002905,2022-04-30,Retail,United Kingdom,SMB
CU002906,Account 002906,2024-09-21,Healthcare,Singapore,Enterprise
CU002907,Account 002907,2023-08-28,Finance,Germany,Mid-Market
CU002908,Account 002908,2025-05-21,Software,Singapore,SMB
CU002909,Account 002909,2024-02-16,Education,Canada,Mid-Market
CU002910,Account 002910,2023-09-13,Software,Singapore,Enterprise
CU002911,Account 002911,2025-08-03,Healthcare,United Kingdom,Enterprise
CU002912,Account 002912,2025-05-23,Software,United States,Enterprise
CU002913,Account 002913,2025-03-06,Finance,Singapore,Mid-Market
CU002914,Account 002914,2025-11-03,Professional Services,Australia,Mid-Market
CU002915,Account 002915,2023-06-27,Retail,Canada,Mid-Market
CU002916,Account 002916,2024-07-25,Education,Germany,Enterprise
CU002917,Account 002917,2026-06-10,Professional Services,United States,SMB
CU002918,Account 002918,2025-07-30,Education,United Kingdom,Enterprise
CU002919,Account 002919,2023-10-16,Software,Australia,SMB
CU002920,Account 002920,2024-08-03,Healthcare,Australia,SMB
CU002921,Account 002921,2024-08-02,Finance,United States,SMB
CU002922,Account 002922,2022-08-25,Finance,Australia,SMB
CU002923,Account 002923,2024-01-01,Professional Services,Canada,SMB
CU002924,Account 002924,2025-02-04,Retail,Germany,Enterprise
CU002925,Account 002925,2025-08-29,Software,Australia,Enterprise
CU002926,Account 002926,2025-05-04,Software,Germany,SMB
CU002927,Account 002927,2025-05-23,Manufacturing,Germany,SMB
CU002928,Account 002928,2022-07-17,Education,Singapore,Mid-Market
CU002929,Account 002929,2022-06-25,Manufacturing,United States,Enterprise
CU002930,Account 002930,2022-03-07,Retail,United States,Mid-Market
CU002931,Account 002931,2024-09-19,Manufacturing,Australia,Enterprise
CU002932,Account 002932,2026-02-11,Retail,Singapore,Mid-Market
CU002933,Account 002933,2025-04-07,Healthcare,United Kingdom,Mid-Market
CU002934,Account 002934,2025-12-07,Software,Singapore,Enterprise
CU002935,Account 002935,2022-08-01,Manufacturing,Germany,Enterprise
CU002936,Account 002936,2024-04-30,Healthcare,Canada,SMB
CU002937,Account 002937,2023-02-02,Software,Canada,SMB
CU002938,Account 002938,2026-06-07,Education,Germany,Mid-Market
CU002939,Account 002939,2023-02-09,Professional Services,Singapore,SMB
CU002940,Account 002940,2022-09-05,Retail,United States,Mid-Market
CU002941,Account 002941,2024-07-24,Finance,Canada,Mid-Market
CU002942,Account 002942,2022-07-14,Retail,Singapore,SMB
CU002943,Account 002943,2026-01-28,Manufacturing,Australia,Mid-Market
CU002944,Account 002944,2025-03-14,Manufacturing,United States,Mid-Market
CU002945,Account 002945,2025-07-01,Manufacturing,Australia,SMB
CU002946,Account 002946,2024-10-31,Retail,United Kingdom,SMB
CU002947,Account 002947,2026-06-06,Finance,Germany,Mid-Market
CU002948,Account 002948,2022-10-12,Retail,Germany,Enterprise
CU002949,Account 002949,2026-04-27,Retail,Germany,Enterprise
CU002950,Account 002950,2025-06-21,Retail,United Kingdom,SMB
CU002951,Account 002951,2022-04-27,Software,Canada,SMB
CU002952,Account 002952,2025-02-07,Software,Germany,Mid-Market
CU002953,Account 002953,2023-08-12,Retail,Singapore,SMB
CU002954,Account 002954,2026-03-20,Software,United States,Enterprise
CU002955,Account 002955,2023-11-24,Manufacturing,United Kingdom,Enterprise
CU002956,Account 002956,2025-12-26,Finance,Canada,SMB
CU002957,Account 002957,2024-01-17,Retail,Canada,Mid-Market
CU002958,Account 002958,2023-06-07,Retail,Singapore,SMB
CU002959,Account 002959,2022-02-03,Professional Services,Singapore,Enterprise
CU002960,Account 002960,2026-04-10,Retail,Canada,Enterprise
CU002961,Account 002961,2024-04-23,Professional Services,United States,Mid-Market
CU002962,Account 002962,2022-04-12,Education,Canada,SMB
CU002963,Account 002963,2022-11-22,Education,Singapore,Mid-Market
CU002964,Account 002964,2026-06-22,Manufacturing,United Kingdom,SMB
CU002965,Account 002965,2022-03-09,Education,Canada,SMB
CU002966,Account 002966,2025-06-08,Professional Services,Canada,Enterprise
CU002967,Account 002967,2026-03-04,Finance,United States,Mid-Market
CU002968,Account 002968,2022-03-04,Healthcare,Australia,Mid-Market
CU002969,Account 002969,2023-12-29,Education,Australia,Mid-Market
CU002970,Account 002970,2023-03-09,Finance,United States,Mid-Market
CU002971,Account 002971,2025-09-09,Retail,United Kingdom,SMB
CU002972,Account 002972,2025-10-21,Education,United Kingdom,Mid-Market
CU002973,Account 002973,2022-07-24,Manufacturing,Australia,Mid-Market
CU002974,Account 002974,2023-04-20,Finance,Germany,Enterprise
CU002975,Account 002975,2024-08-10,Manufacturing,Germany,Enterprise
CU002976,Account 002976,2022-05-09,Healthcare,Singapore,Mid-Market
CU002977,Account 002977,2023-04-19,Finance,Singapore,SMB
CU002978,Account 002978,2023-04-19,Software,Germany,Mid-Market
CU002979,Account 002979,2022-07-27,Finance,Australia,Enterprise
CU002980,Account 002980,2025-05-17,Finance,Singapore,SMB
CU002981,Account 002981,2024-05-05,Manufacturing,Australia,SMB
CU002982,Account 002982,2024-03-18,Manufacturing,Singapore,Mid-Market
CU002983,Account 002983,2023-01-04,Professional Services,Australia,SMB
CU002984,Account 002984,2024-03-29,Manufacturing,Canada,Mid-Market
CU002985,Account 002985,2025-04-03,Healthcare,United States,SMB
CU002986,Account 002986,2022-01-25,Finance,Canada,SMB
CU002987,Account 002987,2025-05-07,Healthcare,Canada,Enterprise
CU002988,Account 002988,2025-03-05,Professional Services,Singapore,SMB
CU002989,Account 002989,2025-07-21,Retail,Singapore,SMB
CU002990,Account 002990,2022-12-24,Retail,Canada,Mid-Market
CU002991,Account 002991,2023-06-07,Software,Canada,Enterprise
CU002992,Account 002992,2024-07-25,Healthcare,Singapore,Enterprise
CU002993,Account 002993,2022-03-22,Retail,Australia,SMB
CU002994,Account 002994,2022-10-28,Retail,United Kingdom,SMB
CU002995,Account 002995,2025-07-14,Professional Services,Canada,Mid-Market
CU002996,Account 002996,2024-10-07,Manufacturing,Australia,Mid-Market
CU002997,Account 002997,2024-03-02,Professional Services,Australia,SMB
CU002998,Account 002998,2024-11-08,Software,Canada,Mid-Market
CU002999,Account 002999,2024-06-11,Finance,Canada,SMB
CU003000,Account 003000,2024-06-06,Professional Services,Canada,Enterprise
CU003001,Account 003001,2024-01-02,Software,Germany,Enterprise
CU003002,Account 003002,2026-03-09,Software,United States,SMB
CU003003,Account 003003,2023-10-31,Manufacturing,Germany,SMB
CU003004,Account 003004,2022-04-14,Healthcare,Singapore,SMB
CU003005,Account 003005,2022-01-06,Finance,Australia,SMB
CU003006,Account 003006,2026-06-23,Education,Australia,Enterprise
CU003007,Account 003007,2023-11-09,Retail,United States,SMB
CU003008,Account 003008,2023-07-03,Software,Singapore,SMB
CU003009,Account 003009,2022-01-20,Professional Services,Germany,Mid-Market
CU003010,Account 003010,2024-09-10,Retail,United States,Mid-Market
CU003011,Account 003011,2022-04-24,Software,Singapore,SMB
CU003012,Account 003012,2023-09-25,Software,Singapore,Enterprise
CU003013,Account 003013,2023-04-20,Manufacturing,Singapore,Enterprise
CU003014,Account 003014,2024-08-26,Healthcare,Singapore,SMB
CU003015,Account 003015,2023-10-12,Education,Australia,SMB
CU003016,Account 003016,2024-02-17,Retail,Germany,Mid-Market
CU003017,Account 003017,2025-07-02,Education,Canada,SMB
CU003018,Account 003018,2024-01-14,Software,Canada,SMB
CU003019,Account 003019,2022-07-10,Finance,United States,Mid-Market
CU003020,Account 003020,2022-04-09,Healthcare,United States,Enterprise
CU003021,Account 003021,2026-01-31,Retail,United States,SMB
CU003022,Account 003022,2025-12-02,Retail,United Kingdom,SMB
CU003023,Account 003023,2022-10-06,Manufacturing,Australia,Mid-Market
CU003024,Account 003024,2024-07-18,Education,Australia,SMB
CU003025,Account 003025,2024-05-04,Software,Germany,Mid-Market
CU003026,Account 003026,2025-02-02,Finance,Germany,SMB
CU003027,Account 003027,2025-05-13,Professional Services,Australia,Mid-Market
CU003028,Account 003028,2026-06-04,Retail,Australia,SMB
CU003029,Account 003029,2024-12-22,Professional Services,United States,Enterprise
CU003030,Account 003030,2023-09-21,Software,Australia,Enterprise
CU003031,Account 003031,2022-07-08,Software,United Kingdom,Mid-Market
CU003032,Account 003032,2022-10-29,Education,Singapore,SMB
CU003033,Account 003033,2023-03-21,Software,Singapore,Mid-Market
CU003034,Account 003034,2024-06-10,Healthcare,United States,Mid-Market
CU003035,Account 003035,2024-10-08,Education,Singapore,SMB
CU003036,Account 003036,2024-02-26,Manufacturing,Canada,Enterprise
CU003037,Account 003037,2025-08-05,Manufacturing,Australia,Enterprise
CU003038,Account 003038,2025-02-14,Software,United States,Enterprise
CU003039,Account 003039,2026-04-16,Professional Services,Germany,Mid-Market
CU003040,Account 003040,2024-09-26,Professional Services,United Kingdom,Enterprise
CU003041,Account 003041,2023-05-07,Education,Australia,SMB
CU003042,Account 003042,2025-10-19,Retail,Singapore,Enterprise
CU003043,Account 003043,2024-08-20,Finance,United Kingdom,Mid-Market
CU003044,Account 003044,2023-03-12,Education,Australia,SMB
CU003045,Account 003045,2025-08-07,Software,United States,Mid-Market
CU003046,Account 003046,2024-11-30,Professional Services,United Kingdom,SMB
CU003047,Account 003047,2026-05-22,Finance,United Kingdom,SMB
CU003048,Account 003048,2025-12-17,Retail,Singapore,Enterprise
CU003049,Account 003049,2022-06-10,Professional Services,United States,Mid-Market
CU003050,Account 003050,2024-01-26,Education,Australia,Mid-Market
CU003051,Account 003051,2025-04-21,Manufacturing,United Kingdom,SMB
CU003052,Account 003052,2022-06-19,Finance,Australia,SMB
CU003053,Account 003053,2024-05-19,Manufacturing,Canada,Enterprise
CU003054,Account 003054,2025-04-14,Healthcare,Germany,SMB
CU003055,Account 003055,2022-08-03,Education,United Kingdom,SMB
CU003056,Account 003056,2022-01-16,Finance,Singapore,Mid-Market
CU003057,Account 003057,2025-02-23,Healthcare,Canada,Mid-Market
CU003058,Account 003058,2026-01-15,Healthcare,Germany,Enterprise
CU003059,Account 003059,2024-09-15,Retail,United States,Mid-Market
CU003060,Account 003060,2023-08-16,Manufacturing,United Kingdom,Enterprise
CU003061,Account 003061,2026-01-04,Software,Singapore,SMB
CU003062,Account 003062,2026-02-11,Education,Germany,Mid-Market
CU003063,Account 003063,2024-02-27,Professional Services,Germany,SMB
CU003064,Account 003064,2025-07-11,Finance,Canada,Mid-Market
CU003065,Account 003065,2022-02-11,Education,Australia,Mid-Market
CU003066,Account 003066,2023-02-09,Healthcare,Germany,Enterprise
CU003067,Account 003067,2023-07-25,Retail,United Kingdom,Enterprise
CU003068,Account 003068,2023-08-02,Healthcare,Germany,Mid-Market
CU003069,Account 003069,2024-10-21,Healthcare,Canada,Mid-Market
CU003070,Account 003070,2023-01-13,Professional Services,Australia,Mid-Market
CU003071,Account 003071,2023-04-04,Manufacturing,Singapore,SMB
CU003072,Account 003072,2025-08-03,Manufacturing,Germany,Mid-Market
CU003073,Account 003073,2024-10-17,Professional Services,United States,SMB
CU003074,Account 003074,2022-11-10,Manufacturing,Singapore,Enterprise
CU003075,Account 003075,2024-12-04,Manufacturing,United States,Enterprise
CU003076,Account 003076,2024-09-24,Finance,United Kingdom,Mid-Market
CU003077,Account 003077,2023-03-26,Healthcare,Canada,Enterprise
CU003078,Account 003078,2022-04-20,Finance,Canada,SMB
CU003079,Account 003079,2023-03-28,Education,Singapore,Enterprise
CU003080,Account 003080,2024-03-11,Education,Singapore,Mid-Market
CU003081,Account 003081,2024-07-05,Education,United States,SMB
CU003082,Account 003082,2022-09-06,Finance,Australia,Enterprise
CU003083,Account 003083,2022-12-27,Retail,Germany,Enterprise
CU003084,Account 003084,2026-04-01,Software,Germany,SMB
CU003085,Account 003085,2024-06-13,Manufacturing,Singapore,SMB
CU003086,Account 003086,2023-08-27,Education,Germany,Enterprise
CU003087,Account 003087,2023-10-18,Software,Australia,Mid-Market
CU003088,Account 003088,2025-01-29,Professional Services,United Kingdom,Enterprise
CU003089,Account 003089,2023-10-10,Healthcare,United Kingdom,SMB
CU003090,Account 003090,2026-02-26,Professional Services,Canada,Mid-Market
CU003091,Account 003091,2024-03-16,Software,Canada,SMB
CU003092,Account 003092,2023-07-16,Finance,Germany,Mid-Market
CU003093,Account 003093,2023-12-29,Retail,United Kingdom,Mid-Market
CU003094,Account 003094,2023-05-30,Education,Australia,Enterprise
CU003095,Account 003095,2022-11-11,Education,Australia,Mid-Market
CU003096,Account 003096,2025-07-17,Education,Singapore,Enterprise
CU003097,Account 003097,2022-10-12,Finance,Canada,Mid-Market
CU003098,Account 003098,2024-01-17,Healthcare,Australia,Mid-Market
CU003099,Account 003099,2025-07-21,Healthcare,Canada,Enterprise
CU003100,Account 003100,2023-09-24,Education,United Kingdom,Mid-Market
CU003101,Account 003101,2026-05-02,Finance,United States,Mid-Market
CU003102,Account 003102,2025-04-28,Healthcare,Germany,Enterprise
CU003103,Account 003103,2022-10-21,Finance,Germany,Enterprise
CU003104,Account 003104,2025-11-09,Education,United Kingdom,Enterprise
CU003105,Account 003105,2022-11-22,Retail,Australia,SMB
CU003106,Account 003106,2026-06-08,Manufacturing,Australia,SMB
CU003107,Account 003107,2023-11-11,Professional Services,Canada,Enterprise
CU003108,Account 003108,2023-03-14,Healthcare,United States,SMB
CU003109,Account 003109,2024-12-16,Retail,Australia,Enterprise
CU003110,Account 003110,2024-08-17,Finance,Germany,SMB
CU003111,Account 003111,2024-02-22,Finance,Canada,Mid-Market
CU003112,Account 003112,2024-02-07,Healthcare,Singapore,Enterprise
CU003113,Account 003113,2025-07-22,Retail,United Kingdom,Enterprise
CU003114,Account 003114,2022-07-11,Professional Services,Germany,Mid-Market
CU003115,Account 003115,2024-04-23,Manufacturing,Singapore,SMB
CU003116,Account 003116,2025-12-08,Healthcare,Canada,SMB
CU003117,Account 003117,2025-05-17,Professional Services,Australia,Mid-Market
CU003118,Account 003118,2026-05-04,Education,United States,Enterprise
CU003119,Account 003119,2023-03-27,Software,Canada,SMB
CU003120,Account 003120,2023-04-13,Professional Services,United Kingdom,Mid-Market
CU003121,Account 003121,2024-08-01,Retail,Australia,Enterprise
CU003122,Account 003122,2023-10-01,Professional Services,Germany,Enterprise
CU003123,Account 003123,2024-06-13,Education,Canada,Enterprise
CU003124,Account 003124,2024-07-27,Manufacturing,Singapore,SMB
CU003125,Account 003125,2024-05-26,Software,Australia,SMB
CU003126,Account 003126,2025-09-14,Manufacturing,United Kingdom,SMB
CU003127,Account 003127,2022-01-25,Healthcare,Singapore,Enterprise
CU003128,Account 003128,2022-12-14,Healthcare,Germany,SMB
CU003129,Account 003129,2023-08-25,Healthcare,Canada,SMB
CU003130,Account 003130,2022-09-02,Manufacturing,United States,Enterprise
CU003131,Account 003131,2025-06-05,Finance,Germany,Enterprise
CU003132,Account 003132,2024-05-20,Finance,Singapore,SMB
CU003133,Account 003133,2024-12-31,Retail,Australia,SMB
CU003134,Account 003134,2024-10-25,Professional Services,Australia,SMB
CU003135,Account 003135,2023-07-29,Manufacturing,Germany,Mid-Market
CU003136,Account 003136,2024-05-18,Retail,Singapore,SMB
CU003137,Account 003137,2026-05-17,Manufacturing,United States,Mid-Market
CU003138,Account 003138,2025-06-17,Retail,Australia,Mid-Market
CU003139,Account 003139,2025-07-27,Finance,United Kingdom,SMB
CU003140,Account 003140,2026-04-07,Manufacturing,Singapore,Mid-Market
CU003141,Account 003141,2022-12-20,Retail,Singapore,Enterprise
CU003142,Account 003142,2023-04-09,Healthcare,Germany,Mid-Market
CU003143,Account 003143,2022-11-05,Finance,Australia,SMB
CU003144,Account 003144,2026-05-14,Finance,Germany,SMB
CU003145,Account 003145,2026-01-03,Retail,Australia,Enterprise
CU003146,Account 003146,2025-07-11,Professional Services,Singapore,Mid-Market
CU003147,Account 003147,2026-01-25,Education,Germany,Mid-Market
CU003148,Account 003148,2025-07-08,Software,Canada,Enterprise
CU003149,Account 003149,2023-09-30,Finance,United Kingdom,Enterprise
CU003150,Account 003150,2024-05-06,Education,United Kingdom,Mid-Market
CU003151,Account 003151,2024-03-09,Education,Australia,Enterprise
CU003152,Account 003152,2022-02-16,Healthcare,Singapore,Enterprise
CU003153,Account 003153,2026-04-14,Software,United States,Mid-Market
CU003154,Account 003154,2025-03-08,Education,United States,Enterprise
CU003155,Account 003155,2025-04-28,Manufacturing,United States,Enterprise
CU003156,Account 003156,2024-11-28,Healthcare,United States,Mid-Market
CU003157,Account 003157,2023-11-29,Healthcare,United Kingdom,Mid-Market
CU003158,Account 003158,2024-04-07,Professional Services,United States,SMB
CU003159,Account 003159,2023-05-26,Professional Services,Singapore,Mid-Market
CU003160,Account 003160,2024-12-19,Software,United Kingdom,SMB
CU003161,Account 003161,2026-05-19,Professional Services,Germany,SMB
CU003162,Account 003162,2025-11-26,Healthcare,Singapore,Enterprise
CU003163,Account 003163,2023-06-19,Retail,United Kingdom,Mid-Market
CU003164,Account 003164,2022-06-22,Professional Services,Australia,SMB
CU003165,Account 003165,2025-11-15,Education,Canada,SMB
CU003166,Account 003166,2022-11-01,Manufacturing,United Kingdom,Enterprise
CU003167,Account 003167,2024-04-16,Education,Canada,Enterprise
CU003168,Account 003168,2022-02-19,Healthcare,Singapore,SMB
CU003169,Account 003169,2026-04-23,Manufacturing,Australia,Mid-Market
CU003170,Account 003170,2022-12-22,Manufacturing,United States,Mid-Market
CU003171,Account 003171,2026-05-08,Education,Germany,Mid-Market
CU003172,Account 003172,2023-12-25,Finance,Germany,Mid-Market
CU003173,Account 003173,2023-05-02,Professional Services,Germany,Enterprise
CU003174,Account 003174,2023-12-05,Professional Services,Australia,SMB
CU003175,Account 003175,2025-10-20,Professional Services,United Kingdom,Mid-Market
CU003176,Account 003176,2022-11-28,Software,Singapore,SMB
CU003177,Account 003177,2026-06-20,Manufacturing,Canada,SMB
CU003178,Account 003178,2022-12-09,Professional Services,United States,Mid-Market
CU003179,Account 003179,2023-01-20,Healthcare,United Kingdom,Mid-Market
CU003180,Account 003180,2026-04-07,Education,United States,Enterprise
CU003181,Account 003181,2025-12-20,Education,Canada,SMB
CU003182,Account 003182,2026-01-18,Healthcare,United Kingdom,SMB
CU003183,Account 003183,2024-05-03,Healthcare,Germany,Mid-Market
CU003184,Account 003184,2022-09-06,Finance,Canada,Enterprise
CU003185,Account 003185,2025-04-30,Education,Singapore,Mid-Market
CU003186,Account 003186,2023-09-10,Professional Services,Germany,SMB
CU003187,Account 003187,2023-02-01,Finance,Germany,Mid-Market
CU003188,Account 003188,2024-12-21,Healthcare,Singapore,Enterprise
CU003189,Account 003189,2022-02-01,Software,Singapore,SMB
CU003190,Account 003190,2023-12-22,Healthcare,Canada,Enterprise
CU003191,Account 003191,2023-09-07,Education,Canada,Mid-Market
CU003192,Account 003192,2023-05-03,Manufacturing,Canada,SMB
CU003193,Account 003193,2024-04-26,Retail,Australia,Mid-Market
CU003194,Account 003194,2023-01-15,Manufacturing,United States,Mid-Market
CU003195,Account 003195,2025-12-02,Software,United States,Mid-Market
CU003196,Account 003196,2026-01-20,Retail,Germany,Enterprise
CU003197,Account 003197,2022-07-06,Education,United Kingdom,Mid-Market
CU003198,Account 003198,2022-09-12,Retail,United Kingdom,SMB
CU003199,Account 003199,2024-03-16,Retail,Canada,SMB
CU003200,Account 003200,2022-08-11,Finance,Singapore,SMB
CU003201,Account 003201,2023-06-08,Professional Services,Germany,SMB
CU003202,Account 003202,2022-04-05,Manufacturing,Singapore,Enterprise
CU003203,Account 003203,2023-06-02,Professional Services,Singapore,Enterprise
CU003204,Account 003204,2025-10-10,Healthcare,Australia,SMB
CU003205,Account 003205,2024-04-23,Finance,United Kingdom,Enterprise
CU003206,Account 003206,2023-06-28,Education,United States,Mid-Market
CU003207,Account 003207,2024-03-03,Healthcare,Singapore,Enterprise
CU003208,Account 003208,2024-08-30,Healthcare,Germany,Mid-Market
CU003209,Account 003209,2026-03-31,Retail,United Kingdom,SMB
CU003210,Account 003210,2024-05-18,Software,Germany,Mid-Market
CU003211,Account 003211,2025-04-10,Retail,Canada,Mid-Market
CU003212,Account 003212,2024-12-14,Education,United States,Enterprise
CU003213,Account 003213,2024-03-29,Professional Services,United Kingdom,SMB
CU003214,Account 003214,2022-05-25,Finance,United States,Mid-Market
CU003215,Account 003215,2026-03-06,Retail,United Kingdom,Enterprise
CU003216,Account 003216,2025-09-20,Software,United States,Enterprise
CU003217,Account 003217,2025-10-30,Manufacturing,United States,Mid-Market
CU003218,Account 003218,2022-10-21,Professional Services,Germany,SMB
CU003219,Account 003219,2025-09-06,Retail,Canada,Enterprise
CU003220,Account 003220,2023-11-22,Finance,Australia,Enterprise
CU003221,Account 003221,2024-08-13,Professional Services,Australia,Enterprise
CU003222,Account 003222,2026-03-22,Education,United States,Enterprise
CU003223,Account 003223,2022-09-01,Retail,Germany,Mid-Market
CU003224,Account 003224,2025-01-30,Professional Services,Canada,Enterprise
CU003225,Account 003225,2022-11-22,Retail,Germany,Enterprise
CU003226,Account 003226,2026-05-05,Professional Services,United States,Mid-Market
CU003227,Account 003227,2023-12-09,Education,Germany,SMB
CU003228,Account 003228,2022-11-06,Manufacturing,Germany,SMB
CU003229,Account 003229,2024-06-01,Professional Services,United States,SMB
CU003230,Account 003230,2024-10-09,Manufacturing,Singapore,Enterprise
CU003231,Account 003231,2023-06-09,Manufacturing,Canada,Enterprise
CU003232,Account 003232,2024-10-03,Retail,Singapore,Mid-Market
CU003233,Account 003233,2024-12-31,Professional Services,Canada,Enterprise
CU003234,Account 003234,2023-03-25,Healthcare,Germany,Mid-Market
CU003235,Account 003235,2024-05-27,Education,Canada,Enterprise
CU003236,Account 003236,2023-03-09,Professional Services,Australia,Mid-Market
CU003237,Account 003237,2023-06-14,Software,Canada,SMB
CU003238,Account 003238,2023-04-12,Software,Australia,SMB
CU003239,Account 003239,2022-05-25,Healthcare,United Kingdom,SMB
CU003240,Account 003240,2024-06-30,Retail,Germany,SMB
CU003241,Account 003241,2023-08-24,Retail,Germany,Enterprise
CU003242,Account 003242,2024-10-09,Retail,United Kingdom,Enterprise
CU003243,Account 003243,2025-10-31,Software,United Kingdom,Enterprise
CU003244,Account 003244,2023-06-03,Retail,Canada,Mid-Market
CU003245,Account 003245,2024-11-14,Professional Services,United States,Enterprise
CU003246,Account 003246,2025-10-27,Finance,Germany,Enterprise
CU003247,Account 003247,2022-05-12,Professional Services,Germany,SMB
CU003248,Account 003248,2024-07-22,Manufacturing,United Kingdom,SMB
CU003249,Account 003249,2022-06-23,Software,United Kingdom,Enterprise
CU003250,Account 003250,2025-11-15,Manufacturing,Singapore,Mid-Market
CU003251,Account 003251,2026-03-26,Software,United Kingdom,Mid-Market
CU003252,Account 003252,2026-01-17,Manufacturing,United States,Enterprise
CU003253,Account 003253,2023-04-13,Professional Services,United Kingdom,Mid-Market
CU003254,Account 003254,2025-10-27,Education,United Kingdom,Mid-Market
CU003255,Account 003255,2022-11-19,Finance,Canada,Mid-Market
CU003256,Account 003256,2024-11-23,Finance,United States,Mid-Market
CU003257,Account 003257,2025-07-06,Education,Australia,SMB
CU003258,Account 003258,2025-10-06,Finance,United Kingdom,Enterprise
CU003259,Account 003259,2022-06-30,Professional Services,United Kingdom,Mid-Market
CU003260,Account 003260,2026-03-15,Healthcare,United States,Enterprise
CU003261,Account 003261,2026-03-20,Manufacturing,Australia,SMB
CU003262,Account 003262,2023-12-04,Finance,United States,SMB
CU003263,Account 003263,2023-06-16,Software,Germany,SMB
CU003264,Account 003264,2024-08-10,Professional Services,Canada,Enterprise
CU003265,Account 003265,2022-09-30,Healthcare,Germany,Mid-Market
CU003266,Account 003266,2024-09-26,Retail,United States,Enterprise
CU003267,Account 003267,2024-04-25,Professional Services,Australia,SMB
CU003268,Account 003268,2023-05-14,Retail,Canada,SMB
CU003269,Account 003269,2026-06-07,Education,United States,SMB
CU003270,Account 003270,2026-02-04,Professional Services,United States,Mid-Market
CU003271,Account 003271,2022-09-25,Finance,Australia,SMB
CU003272,Account 003272,2023-09-21,Education,Singapore,Mid-Market
CU003273,Account 003273,2023-08-08,Retail,Singapore,Mid-Market
CU003274,Account 003274,2024-07-07,Healthcare,Germany,SMB
CU003275,Account 003275,2024-12-05,Education,Canada,Enterprise
CU003276,Account 003276,2023-05-28,Manufacturing,United States,Mid-Market
CU003277,Account 003277,2026-06-01,Finance,United States,Mid-Market
CU003278,Account 003278,2024-04-15,Manufacturing,United Kingdom,Mid-Market
CU003279,Account 003279,2025-01-13,Retail,Canada,Enterprise
CU003280,Account 003280,2025-08-19,Finance,Singapore,Enterprise
CU003281,Account 003281,2023-08-15,Healthcare,United States,Mid-Market
CU003282,Account 003282,2023-08-14,Education,United Kingdom,Mid-Market
CU003283,Account 003283,2024-02-20,Manufacturing,Australia,SMB
CU003284,Account 003284,2025-08-15,Retail,Canada,Mid-Market
CU003285,Account 003285,2026-05-18,Manufacturing,United States,Enterprise
CU003286,Account 003286,2026-04-26,Education,Singapore,Enterprise
CU003287,Account 003287,2022-03-04,Professional Services,Australia,SMB
CU003288,Account 003288,2022-05-28,Manufacturing,Australia,SMB
CU003289,Account 003289,2026-03-26,Professional Services,Australia,Mid-Market
CU003290,Account 003290,2024-08-27,Education,Canada,Enterprise
CU003291,Account 003291,2024-12-03,Education,Singapore,SMB
CU003292,Account 003292,2023-11-05,Education,Singapore,Enterprise
CU003293,Account 003293,2025-05-23,Retail,Singapore,Mid-Market
CU003294,Account 003294,2024-07-27,Retail,Australia,Enterprise
CU003295,Account 003295,2022-11-17,Software,Canada,SMB
CU003296,Account 003296,2022-06-16,Professional Services,Singapore,Mid-Market
CU003297,Account 003297,2022-09-29,Manufacturing,Singapore,Enterprise
CU003298,Account 003298,2023-07-29,Finance,Germany,Mid-Market
CU003299,Account 003299,2022-02-22,Manufacturing,Singapore,SMB
CU003300,Account 003300,2022-12-13,Finance,Singapore,Mid-Market
CU003301,Account 003301,2023-11-21,Education,Australia,SMB
CU003302,Account 003302,2025-03-12,Finance,Australia,SMB
CU003303,Account 003303,2024-04-19,Manufacturing,United Kingdom,SMB
CU003304,Account 003304,2025-12-21,Manufacturing,Singapore,SMB
CU003305,Account 003305,2022-03-05,Manufacturing,Germany,Mid-Market
CU003306,Account 003306,2025-04-04,Professional Services,United Kingdom,Mid-Market
CU003307,Account 003307,2023-03-05,Finance,Australia,Mid-Market
CU003308,Account 003308,2023-08-06,Healthcare,Germany,Enterprise
CU003309,Account 003309,2023-07-02,Retail,Canada,Mid-Market
CU003310,Account 003310,2024-03-15,Education,United States,SMB
CU003311,Account 003311,2022-01-23,Professional Services,United States,SMB
CU003312,Account 003312,2022-02-26,Education,Australia,Mid-Market
CU003313,Account 003313,2026-06-15,Manufacturing,Canada,SMB
CU003314,Account 003314,2024-07-13,Finance,Singapore,Mid-Market
CU003315,Account 003315,2026-01-12,Professional Services,Germany,Enterprise
CU003316,Account 003316,2022-06-30,Retail,United States,Enterprise
CU003317,Account 003317,2022-01-24,Healthcare,United Kingdom,Mid-Market
CU003318,Account 003318,2026-05-04,Manufacturing,Australia,Enterprise
CU003319,Account 003319,2024-02-16,Finance,Canada,Enterprise
CU003320,Account 003320,2023-07-02,Retail,Australia,Mid-Market
CU003321,Account 003321,2024-07-16,Healthcare,Canada,SMB
CU003322,Account 003322,2023-09-10,Retail,Germany,SMB
CU003323,Account 003323,2023-10-02,Software,United States,Mid-Market
CU003324,Account 003324,2024-03-13,Education,Canada,SMB
CU003325,Account 003325,2022-03-25,Healthcare,Australia,SMB
CU003326,Account 003326,2023-07-05,Healthcare,United Kingdom,Enterprise
CU003327,Account 003327,2022-01-26,Software,United Kingdom,Enterprise
CU003328,Account 003328,2022-11-08,Healthcare,Canada,SMB
CU003329,Account 003329,2025-08-09,Healthcare,Singapore,SMB
CU003330,Account 003330,2025-05-31,Finance,United States,SMB
CU003331,Account 003331,2022-06-21,Software,Germany,SMB
CU003332,Account 003332,2024-01-28,Software,Germany,Mid-Market
CU003333,Account 003333,2024-07-16,Education,Singapore,Mid-Market
CU003334,Account 003334,2025-02-05,Retail,Singapore,Enterprise
CU003335,Account 003335,2023-08-28,Healthcare,Singapore,Enterprise
CU003336,Account 003336,2024-10-05,Manufacturing,Germany,SMB
CU003337,Account 003337,2022-08-10,Professional Services,Australia,Enterprise
CU003338,Account 003338,2023-02-18,Software,Germany,Enterprise
CU003339,Account 003339,2026-06-16,Education,United Kingdom,SMB
CU003340,Account 003340,2024-04-13,Education,Germany,SMB
CU003341,Account 003341,2024-07-28,Healthcare,United Kingdom,Enterprise
CU003342,Account 003342,2025-08-27,Manufacturing,Singapore,Mid-Market
CU003343,Account 003343,2024-09-29,Finance,Germany,Enterprise
CU003344,Account 003344,2022-09-19,Manufacturing,Singapore,Mid-Market
CU003345,Account 003345,2025-08-12,Education,Singapore,Mid-Market
CU003346,Account 003346,2024-10-27,Professional Services,United States,Mid-Market
CU003347,Account 003347,2025-07-17,Professional Services,United States,Enterprise
CU003348,Account 003348,2023-03-15,Healthcare,United States,Mid-Market
CU003349,Account 003349,2025-01-28,Professional Services,Canada,Enterprise
CU003350,Account 003350,2025-01-19,Professional Services,Australia,SMB
CU003351,Account 003351,2025-10-13,Manufacturing,Singapore,SMB
CU003352,Account 003352,2024-10-01,Professional Services,Singapore,SMB
CU003353,Account 003353,2025-03-07,Manufacturing,Singapore,SMB
CU003354,Account 003354,2026-04-29,Manufacturing,Germany,SMB
CU003355,Account 003355,2023-03-30,Professional Services,United Kingdom,Mid-Market
CU003356,Account 003356,2025-08-10,Retail,Canada,Enterprise
CU003357,Account 003357,2023-04-27,Education,Australia,SMB
CU003358,Account 003358,2022-07-04,Healthcare,Singapore,Mid-Market
CU003359,Account 003359,2022-11-09,Software,Canada,SMB
CU003360,Account 003360,2026-03-02,Retail,Singapore,SMB
CU003361,Account 003361,2023-11-27,Finance,United Kingdom,Enterprise
CU003362,Account 003362,2024-01-13,Software,Germany,Mid-Market
CU003363,Account 003363,2022-08-18,Finance,Australia,SMB
CU003364,Account 003364,2025-10-21,Retail,Germany,SMB
CU003365,Account 003365,2025-04-29,Software,Australia,Enterprise
CU003366,Account 003366,2023-07-06,Manufacturing,Singapore,Enterprise
CU003367,Account 003367,2024-09-08,Healthcare,United Kingdom,Mid-Market
CU003368,Account 003368,2026-01-04,Retail,Australia,Enterprise
CU003369,Account 003369,2026-03-26,Healthcare,Canada,Enterprise
CU003370,Account 003370,2023-04-10,Manufacturing,Germany,SMB
CU003371,Account 003371,2022-01-14,Education,United States,Mid-Market
CU003372,Account 003372,2022-11-30,Manufacturing,Germany,SMB
CU003373,Account 003373,2024-08-19,Professional Services,United Kingdom,Enterprise
CU003374,Account 003374,2024-12-26,Finance,Australia,Mid-Market
CU003375,Account 003375,2022-02-04,Finance,United States,SMB
CU003376,Account 003376,2022-06-27,Finance,Singapore,Enterprise
CU003377,Account 003377,2025-06-09,Professional Services,Canada,SMB
CU003378,Account 003378,2026-05-18,Finance,Australia,Mid-Market
CU003379,Account 003379,2022-07-08,Software,Singapore,SMB
CU003380,Account 003380,2024-08-16,Professional Services,Canada,Mid-Market
CU003381,Account 003381,2022-12-25,Healthcare,Canada,SMB
CU003382,Account 003382,2025-09-30,Professional Services,Australia,Enterprise
CU003383,Account 003383,2023-08-04,Software,United Kingdom,SMB
CU003384,Account 003384,2022-04-26,Software,Canada,Enterprise
CU003385,Account 003385,2025-01-03,Retail,Singapore,Enterprise
CU003386,Account 003386,2026-01-18,Software,Singapore,Mid-Market
CU003387,Account 003387,2025-07-17,Finance,United Kingdom,Mid-Market
CU003388,Account 003388,2024-04-01,Finance,Australia,SMB
CU003389,Account 003389,2023-12-14,Professional Services,Germany,Enterprise
CU003390,Account 003390,2025-02-04,Finance,Australia,Mid-Market
CU003391,Account 003391,2022-08-30,Healthcare,Singapore,SMB
CU003392,Account 003392,2024-09-09,Finance,Canada,Enterprise
CU003393,Account 003393,2024-09-26,Software,Australia,SMB
CU003394,Account 003394,2024-08-16,Professional Services,Canada,Enterprise
CU003395,Account 003395,2024-10-21,Professional Services,Singapore,Enterprise
CU003396,Account 003396,2025-04-20,Education,Canada,Enterprise
CU003397,Account 003397,2022-09-11,Finance,Singapore,Enterprise
CU003398,Account 003398,2024-05-15,Manufacturing,Singapore,Mid-Market
CU003399,Account 003399,2024-10-07,Finance,Australia,Enterprise
CU003400,Account 003400,2023-01-08,Finance,Canada,SMB
CU003401,Account 003401,2022-12-01,Healthcare,Canada,Mid-Market
CU003402,Account 003402,2026-02-05,Education,Singapore,Enterprise
CU003403,Account 003403,2022-02-05,Manufacturing,Germany,Enterprise
CU003404,Account 003404,2026-06-06,Retail,Singapore,Mid-Market
CU003405,Account 003405,2025-11-09,Retail,United States,Mid-Market
CU003406,Account 003406,2022-06-14,Professional Services,Germany,Mid-Market
CU003407,Account 003407,2023-10-23,Professional Services,United States,Enterprise
CU003408,Account 003408,2026-05-15,Professional Services,Canada,SMB
CU003409,Account 003409,2024-03-10,Education,Singapore,SMB
CU003410,Account 003410,2022-11-11,Software,Singapore,SMB
CU003411,Account 003411,2023-01-29,Education,United States,Enterprise
CU003412,Account 003412,2026-06-15,Software,Australia,Mid-Market
CU003413,Account 003413,2022-03-05,Retail,Canada,SMB
CU003414,Account 003414,2024-06-16,Professional Services,United Kingdom,Mid-Market
CU003415,Account 003415,2025-03-01,Healthcare,Canada,SMB
CU003416,Account 003416,2022-02-16,Finance,Singapore,Mid-Market
CU003417,Account 003417,2023-05-30,Manufacturing,Germany,SMB
CU003418,Account 003418,2022-04-02,Retail,Australia,SMB
CU003419,Account 003419,2025-04-24,Professional Services,United States,Mid-Market
CU003420,Account 003420,2025-01-16,Software,Germany,Mid-Market
CU003421,Account 003421,2022-06-23,Professional Services,Singapore,Mid-Market
CU003422,Account 003422,2022-05-26,Software,Singapore,Mid-Market
CU003423,Account 003423,2024-08-20,Education,Singapore,SMB
CU003424,Account 003424,2024-01-10,Manufacturing,Singapore,Mid-Market
CU003425,Account 003425,2024-05-23,Finance,United States,Mid-Market
CU003426,Account 003426,2022-06-03,Finance,Canada,Mid-Market
CU003427,Account 003427,2025-06-09,Manufacturing,United Kingdom,Mid-Market
CU003428,Account 003428,2022-06-27,Professional Services,United Kingdom,Mid-Market
CU003429,Account 003429,2025-10-26,Software,Australia,Mid-Market
CU003430,Account 003430,2025-02-06,Retail,Germany,Mid-Market
CU003431,Account 003431,2023-04-15,Manufacturing,Australia,Mid-Market
CU003432,Account 003432,2023-09-06,Professional Services,United States,SMB
CU003433,Account 003433,2025-11-01,Professional Services,Germany,Enterprise
CU003434,Account 003434,2024-01-26,Manufacturing,Australia,Mid-Market
CU003435,Account 003435,2024-11-08,Software,United States,Mid-Market
CU003436,Account 003436,2022-07-27,Manufacturing,United States,Enterprise
CU003437,Account 003437,2023-03-02,Retail,Germany,SMB
CU003438,Account 003438,2023-11-15,Healthcare,Singapore,SMB
CU003439,Account 003439,2022-03-23,Retail,Germany,Enterprise
CU003440,Account 003440,2023-06-26,Education,Canada,Enterprise
CU003441,Account 003441,2024-03-31,Healthcare,Australia,Enterprise
CU003442,Account 003442,2026-05-02,Education,United Kingdom,Enterprise
CU003443,Account 003443,2025-01-04,Software,Germany,Enterprise
CU003444,Account 003444,2024-06-03,Education,Australia,SMB
CU003445,Account 003445,2022-08-05,Manufacturing,Canada,Mid-Market
CU003446,Account 003446,2024-04-20,Retail,United States,Enterprise
CU003447,Account 003447,2022-09-14,Healthcare,Germany,SMB
CU003448,Account 003448,2023-02-02,Education,Germany,Mid-Market
CU003449,Account 003449,2026-02-05,Healthcare,Singapore,Mid-Market
CU003450,Account 003450,2023-08-12,Professional Services,Canada,Mid-Market
CU003451,Account 003451,2026-04-16,Professional Services,United States,SMB
CU003452,Account 003452,2023-11-10,Healthcare,Australia,SMB
CU003453,Account 003453,2025-11-11,Finance,Germany,Mid-Market
CU003454,Account 003454,2024-05-02,Manufacturing,United Kingdom,Enterprise
CU003455,Account 003455,2023-05-08,Healthcare,United Kingdom,SMB
CU003456,Account 003456,2026-04-05,Finance,United Kingdom,Enterprise
CU003457,Account 003457,2025-02-08,Education,Canada,Enterprise
CU003458,Account 003458,2023-09-06,Healthcare,Germany,Mid-Market
CU003459,Account 003459,2023-04-23,Healthcare,United Kingdom,Enterprise
CU003460,Account 003460,2024-03-20,Manufacturing,Canada,SMB
CU003461,Account 003461,2024-12-18,Healthcare,United States,Enterprise
CU003462,Account 003462,2023-09-10,Manufacturing,Canada,SMB
CU003463,Account 003463,2022-07-11,Professional Services,United Kingdom,Mid-Market
CU003464,Account 003464,2024-06-04,Healthcare,Canada,Mid-Market
CU003465,Account 003465,2024-06-26,Professional Services,United States,Mid-Market
CU003466,Account 003466,2023-03-10,Healthcare,Australia,Enterprise
CU003467,Account 003467,2024-08-19,Software,United States,SMB
CU003468,Account 003468,2024-05-28,Healthcare,United States,Mid-Market
CU003469,Account 003469,2023-07-10,Education,Singapore,Enterprise
CU003470,Account 003470,2022-06-04,Finance,United Kingdom,SMB
CU003471,Account 003471,2025-05-29,Retail,United Kingdom,Enterprise
CU003472,Account 003472,2023-05-30,Software,Canada,SMB
CU003473,Account 003473,2022-12-19,Healthcare,Australia,Mid-Market
CU003474,Account 003474,2024-05-25,Healthcare,Singapore,Enterprise
CU003475,Account 003475,2023-03-13,Software,Canada,Enterprise
CU003476,Account 003476,2022-07-09,Retail,Australia,Mid-Market
CU003477,Account 003477,2025-06-25,Professional Services,Singapore,Mid-Market
CU003478,Account 003478,2022-04-07,Education,United Kingdom,SMB
CU003479,Account 003479,2024-12-07,Education,Australia,SMB
CU003480,Account 003480,2023-08-12,Software,United Kingdom,Mid-Market
CU003481,Account 003481,2025-05-26,Professional Services,Australia,Mid-Market
CU003482,Account 003482,2026-03-30,Software,Singapore,Enterprise
CU003483,Account 003483,2022-10-24,Manufacturing,Germany,Enterprise
CU003484,Account 003484,2024-11-11,Professional Services,Germany,Enterprise
CU003485,Account 003485,2024-12-04,Software,United States,Enterprise
CU003486,Account 003486,2023-06-26,Finance,United Kingdom,Enterprise
CU003487,Account 003487,2023-08-29,Retail,Germany,SMB
CU003488,Account 003488,2024-04-09,Manufacturing,Canada,Mid-Market
CU003489,Account 003489,2025-04-12,Healthcare,Singapore,Mid-Market
CU003490,Account 003490,2024-09-26,Software,Singapore,Enterprise
CU003491,Account 003491,2022-03-21,Manufacturing,Canada,Mid-Market
CU003492,Account 003492,2026-03-09,Professional Services,Australia,Mid-Market
CU003493,Account 003493,2023-04-20,Manufacturing,Australia,SMB
CU003494,Account 003494,2026-06-09,Healthcare,United Kingdom,Enterprise
CU003495,Account 003495,2025-07-17,Finance,Singapore,Enterprise
CU003496,Account 003496,2023-05-26,Healthcare,Germany,Enterprise
CU003497,Account 003497,2026-04-23,Manufacturing,United States,SMB
CU003498,Account 003498,2022-10-19,Manufacturing,United Kingdom,SMB
CU003499,Account 003499,2024-05-28,Professional Services,United Kingdom,Enterprise
CU003500,Account 003500,2024-04-29,Retail,Canada,Mid-Market
CU003501,Account 003501,2024-06-20,Finance,Singapore,Mid-Market
CU003502,Account 003502,2024-09-11,Retail,United Kingdom,Enterprise
CU003503,Account 003503,2025-02-18,Software,Canada,Mid-Market
CU003504,Account 003504,2022-12-28,Education,Australia,Mid-Market
CU003505,Account 003505,2024-07-16,Retail,Australia,Enterprise
CU003506,Account 003506,2022-06-05,Software,Canada,Mid-Market
CU003507,Account 003507,2024-11-10,Retail,Singapore,SMB
CU003508,Account 003508,2024-06-19,Healthcare,Singapore,Mid-Market
CU003509,Account 003509,2024-09-01,Finance,Singapore,Enterprise
CU003510,Account 003510,2023-10-25,Education,Australia,Mid-Market
CU003511,Account 003511,2022-02-16,Retail,Canada,SMB
CU003512,Account 003512,2024-01-18,Professional Services,Singapore,Enterprise
CU003513,Account 003513,2024-07-16,Education,United Kingdom,SMB
CU003514,Account 003514,2025-10-10,Healthcare,Singapore,Enterprise
CU003515,Account 003515,2026-04-03,Retail,United States,SMB
CU003516,Account 003516,2024-06-17,Professional Services,Canada,Mid-Market
CU003517,Account 003517,2024-11-12,Healthcare,Australia,SMB
CU003518,Account 003518,2024-12-05,Healthcare,Australia,Enterprise
CU003519,Account 003519,2023-02-10,Software,Australia,Mid-Market
CU003520,Account 003520,2022-01-07,Healthcare,United Kingdom,SMB
CU003521,Account 003521,2023-07-03,Professional Services,Germany,Mid-Market
CU003522,Account 003522,2026-03-17,Education,United States,Enterprise
CU003523,Account 003523,2025-03-01,Professional Services,Germany,Enterprise
CU003524,Account 003524,2026-01-04,Finance,Germany,SMB
CU003525,Account 003525,2023-10-14,Manufacturing,Germany,Mid-Market
CU003526,Account 003526,2024-06-20,Healthcare,Germany,Mid-Market
CU003527,Account 003527,2026-04-15,Healthcare,Australia,Enterprise
CU003528,Account 003528,2022-04-27,Finance,Canada,Enterprise
CU003529,Account 003529,2022-05-27,Education,United States,Enterprise
CU003530,Account 003530,2026-05-04,Software,Singapore,Mid-Market
CU003531,Account 003531,2024-12-25,Manufacturing,Australia,Mid-Market
CU003532,Account 003532,2022-07-14,Professional Services,United Kingdom,Enterprise
CU003533,Account 003533,2026-04-24,Healthcare,Singapore,SMB
CU003534,Account 003534,2024-06-18,Software,Germany,SMB
CU003535,Account 003535,2023-06-18,Healthcare,Singapore,Enterprise
CU003536,Account 003536,2024-12-03,Education,United States,Mid-Market
CU003537,Account 003537,2025-01-17,Finance,Australia,Mid-Market
CU003538,Account 003538,2023-07-15,Retail,Singapore,Enterprise
CU003539,Account 003539,2022-06-22,Software,Singapore,Enterprise
CU003540,Account 003540,2024-12-25,Professional Services,Australia,Enterprise
CU003541,Account 003541,2024-04-21,Software,United Kingdom,Enterprise
CU003542,Account 003542,2024-11-15,Software,United Kingdom,Mid-Market
CU003543,Account 003543,2025-07-15,Professional Services,Germany,Enterprise
CU003544,Account 003544,2025-12-16,Professional Services,Singapore,Enterprise
CU003545,Account 003545,2024-08-09,Finance,Australia,Mid-Market
CU003546,Account 003546,2024-11-19,Finance,Australia,Enterprise
CU003547,Account 003547,2023-07-16,Finance,United States,Enterprise
CU003548,Account 003548,2024-12-30,Healthcare,Australia,Mid-Market
CU003549,Account 003549,2022-04-15,Healthcare,United Kingdom,Mid-Market
CU003550,Account 003550,2023-03-18,Education,United Kingdom,SMB
CU003551,Account 003551,2022-07-09,Retail,Canada,Enterprise
CU003552,Account 003552,2022-03-25,Manufacturing,United Kingdom,SMB
CU003553,Account 003553,2022-06-01,Manufacturing,Canada,Mid-Market
CU003554,Account 003554,2022-07-14,Software,Germany,Mid-Market
CU003555,Account 003555,2025-10-09,Finance,United States,Enterprise
CU003556,Account 003556,2023-12-21,Education,Australia,SMB
CU003557,Account 003557,2026-05-20,Finance,Australia,Enterprise
CU003558,Account 003558,2025-09-28,Software,Germany,Mid-Market
CU003559,Account 003559,2022-05-01,Manufacturing,Canada,Mid-Market
CU003560,Account 003560,2026-04-13,Professional Services,United Kingdom,Mid-Market
CU003561,Account 003561,2023-06-30,Finance,Germany,SMB
CU003562,Account 003562,2025-12-18,Professional Services,Germany,Mid-Market
CU003563,Account 003563,2025-07-05,Manufacturing,Canada,SMB
CU003564,Account 003564,2022-02-03,Retail,United States,SMB
CU003565,Account 003565,2024-05-14,Healthcare,Singapore,Enterprise
CU003566,Account 003566,2025-01-15,Healthcare,Singapore,SMB
CU003567,Account 003567,2025-11-26,Finance,United States,Mid-Market
CU003568,Account 003568,2023-05-09,Education,Singapore,SMB
CU003569,Account 003569,2026-05-29,Finance,Canada,SMB
CU003570,Account 003570,2023-03-29,Software,United States,Enterprise
CU003571,Account 003571,2024-02-08,Healthcare,Canada,Enterprise
CU003572,Account 003572,2022-12-27,Professional Services,United States,Enterprise
CU003573,Account 003573,2023-03-19,Retail,United States,Enterprise
CU003574,Account 003574,2022-04-29,Finance,United States,Mid-Market
CU003575,Account 003575,2026-03-06,Retail,Germany,Enterprise
CU003576,Account 003576,2025-02-02,Healthcare,Germany,SMB
CU003577,Account 003577,2025-07-23,Healthcare,United Kingdom,Mid-Market
CU003578,Account 003578,2026-04-25,Finance,United Kingdom,SMB
CU003579,Account 003579,2023-11-18,Finance,Canada,SMB
CU003580,Account 003580,2024-06-19,Manufacturing,Germany,Mid-Market
CU003581,Account 003581,2025-04-13,Finance,Australia,SMB
CU003582,Account 003582,2025-09-05,Manufacturing,United Kingdom,SMB
CU003583,Account 003583,2022-12-30,Finance,Australia,SMB
CU003584,Account 003584,2022-05-03,Professional Services,United States,Enterprise
CU003585,Account 003585,2024-03-12,Finance,Canada,Mid-Market
CU003586,Account 003586,2024-01-04,Healthcare,United Kingdom,Mid-Market
CU003587,Account 003587,2024-03-11,Software,Canada,Enterprise
CU003588,Account 003588,2024-08-09,Education,United States,Mid-Market
CU003589,Account 003589,2025-01-29,Professional Services,Canada,Mid-Market
CU003590,Account 003590,2024-07-11,Manufacturing,United States,Mid-Market
CU003591,Account 003591,2025-09-20,Education,Australia,Mid-Market
CU003592,Account 003592,2023-10-05,Finance,United Kingdom,Mid-Market
CU003593,Account 003593,2024-02-04,Healthcare,Australia,SMB
CU003594,Account 003594,2023-09-18,Professional Services,Australia,Enterprise
CU003595,Account 003595,2023-05-16,Education,United States,Mid-Market
CU003596,Account 003596,2026-02-18,Healthcare,Singapore,Enterprise
CU003597,Account 003597,2025-05-27,Professional Services,Singapore,Mid-Market
CU003598,Account 003598,2023-12-01,Finance,Germany,Mid-Market
CU003599,Account 003599,2025-07-03,Finance,Germany,SMB
CU003600,Account 003600,2025-01-10,Manufacturing,Germany,Enterprise
CU003601,Account 003601,2026-03-29,Healthcare,United States,Mid-Market
CU003602,Account 003602,2023-11-09,Software,Canada,Mid-Market
CU003603,Account 003603,2025-12-03,Retail,Canada,Mid-Market
CU003604,Account 003604,2023-09-21,Finance,United States,Enterprise
CU003605,Account 003605,2023-10-23,Retail,Australia,Enterprise
CU003606,Account 003606,2024-06-22,Education,Germany,SMB
CU003607,Account 003607,2022-08-31,Finance,Singapore,Mid-Market
CU003608,Account 003608,2023-04-30,Retail,Singapore,Enterprise
CU003609,Account 003609,2023-01-12,Finance,Singapore,Enterprise
CU003610,Account 003610,2022-11-26,Healthcare,Australia,SMB
CU003611,Account 003611,2024-10-12,Healthcare,United Kingdom,Enterprise
CU003612,Account 003612,2024-03-01,Manufacturing,Singapore,Enterprise
CU003613,Account 003613,2025-08-24,Finance,Germany,Enterprise
CU003614,Account 003614,2022-03-24,Manufacturing,Australia,SMB
CU003615,Account 003615,2022-11-06,Retail,Germany,Mid-Market
CU003616,Account 003616,2024-03-20,Finance,Australia,Mid-Market
CU003617,Account 003617,2022-07-29,Professional Services,Germany,Mid-Market
CU003618,Account 003618,2025-05-05,Education,United States,Mid-Market
CU003619,Account 003619,2023-10-06,Healthcare,United States,Enterprise
CU003620,Account 003620,2023-08-21,Software,United States,Mid-Market
CU003621,Account 003621,2023-01-14,Software,Canada,SMB
CU003622,Account 003622,2026-04-16,Finance,United Kingdom,Enterprise
CU003623,Account 003623,2025-09-03,Healthcare,Canada,Mid-Market
CU003624,Account 003624,2025-07-22,Professional Services,Canada,Enterprise
CU003625,Account 003625,2023-02-01,Finance,Canada,SMB
CU003626,Account 003626,2025-06-06,Manufacturing,Germany,Mid-Market
CU003627,Account 003627,2024-10-05,Professional Services,United States,Mid-Market
CU003628,Account 003628,2026-02-04,Finance,Australia,SMB
CU003629,Account 003629,2023-02-25,Professional Services,Singapore,SMB
CU003630,Account 003630,2026-03-27,Retail,Singapore,SMB
CU003631,Account 003631,2025-11-10,Finance,Germany,SMB
CU003632,Account 003632,2022-02-13,Education,Australia,Mid-Market
CU003633,Account 003633,2026-04-12,Manufacturing,United States,SMB
CU003634,Account 003634,2024-02-26,Finance,United States,SMB
CU003635,Account 003635,2024-05-08,Retail,Australia,Mid-Market
CU003636,Account 003636,2023-10-14,Software,Canada,Enterprise
CU003637,Account 003637,2022-11-06,Software,Germany,Enterprise
CU003638,Account 003638,2026-02-06,Education,Singapore,Mid-Market
CU003639,Account 003639,2024-04-28,Manufacturing,United States,Enterprise
CU003640,Account 003640,2022-10-02,Finance,Canada,SMB
CU003641,Account 003641,2022-02-18,Education,United States,Mid-Market
CU003642,Account 003642,2022-06-01,Retail,Australia,Enterprise
CU003643,Account 003643,2023-05-30,Professional Services,United Kingdom,SMB
CU003644,Account 003644,2026-03-02,Healthcare,United States,Mid-Market
CU003645,Account 003645,2025-12-09,Education,Germany,Mid-Market
CU003646,Account 003646,2023-03-21,Software,Germany,Mid-Market
CU003647,Account 003647,2025-03-07,Healthcare,Singapore,Mid-Market
CU003648,Account 003648,2025-02-17,Education,Singapore,Enterprise
CU003649,Account 003649,2025-07-08,Software,Singapore,SMB
CU003650,Account 003650,2026-02-06,Healthcare,Australia,SMB
CU003651,Account 003651,2025-03-21,Manufacturing,United Kingdom,Mid-Market
CU003652,Account 003652,2025-08-05,Professional Services,United Kingdom,Mid-Market
CU003653,Account 003653,2022-01-30,Manufacturing,United Kingdom,SMB
CU003654,Account 003654,2022-10-03,Professional Services,Canada,SMB
CU003655,Account 003655,2023-05-05,Professional Services,United States,Enterprise
CU003656,Account 003656,2025-04-09,Software,Germany,SMB
CU003657,Account 003657,2022-02-18,Retail,Germany,SMB
CU003658,Account 003658,2024-07-06,Retail,Canada,Mid-Market
CU003659,Account 003659,2025-03-08,Software,Australia,Mid-Market
CU003660,Account 003660,2022-01-19,Finance,Germany,Enterprise
CU003661,Account 003661,2026-01-13,Professional Services,Singapore,Enterprise
CU003662,Account 003662,2023-05-29,Professional Services,United Kingdom,Enterprise
CU003663,Account 003663,2024-02-26,Professional Services,United Kingdom,Mid-Market
CU003664,Account 003664,2022-10-09,Retail,Germany,Mid-Market
CU003665,Account 003665,2022-03-02,Professional Services,Australia,Mid-Market
CU003666,Account 003666,2022-03-15,Professional Services,Canada,Enterprise
CU003667,Account 003667,2026-03-22,Manufacturing,United Kingdom,SMB
CU003668,Account 003668,2025-02-28,Finance,Germany,Mid-Market
CU003669,Account 003669,2025-06-01,Healthcare,Canada,Mid-Market
CU003670,Account 003670,2025-02-02,Retail,United Kingdom,Enterprise
CU003671,Account 003671,2023-02-09,Retail,United States,Enterprise
CU003672,Account 003672,2025-06-24,Education,Germany,Enterprise
CU003673,Account 003673,2025-04-13,Manufacturing,United Kingdom,Mid-Market
CU003674,Account 003674,2026-03-24,Healthcare,United Kingdom,SMB
CU003675,Account 003675,2023-05-03,Professional Services,Germany,SMB
CU003676,Account 003676,2023-01-13,Retail,Australia,Mid-Market
CU003677,Account 003677,2024-02-18,Education,United States,Mid-Market
CU003678,Account 003678,2025-05-19,Software,Germany,Mid-Market
CU003679,Account 003679,2024-12-28,Healthcare,United Kingdom,Enterprise
CU003680,Account 003680,2024-03-04,Professional Services,United Kingdom,Mid-Market
CU003681,Account 003681,2026-01-31,Education,Germany,SMB
CU003682,Account 003682,2023-01-08,Healthcare,United Kingdom,Enterprise
CU003683,Account 003683,2024-09-14,Software,Singapore,Enterprise
CU003684,Account 003684,2024-04-12,Healthcare,Singapore,Enterprise
CU003685,Account 003685,2022-05-16,Healthcare,Germany,SMB
CU003686,Account 003686,2025-06-16,Manufacturing,United Kingdom,Enterprise
CU003687,Account 003687,2024-09-22,Healthcare,Singapore,Enterprise
CU003688,Account 003688,2026-03-28,Education,Canada,Mid-Market
CU003689,Account 003689,2023-10-24,Professional Services,Canada,SMB
CU003690,Account 003690,2022-03-04,Healthcare,United States,Mid-Market
CU003691,Account 003691,2022-03-23,Retail,United Kingdom,Enterprise
CU003692,Account 003692,2024-02-07,Healthcare,United Kingdom,Mid-Market
CU003693,Account 003693,2026-01-09,Education,United Kingdom,Mid-Market
CU003694,Account 003694,2025-10-29,Professional Services,Singapore,Enterprise
CU003695,Account 003695,2025-05-13,Software,Canada,Enterprise
CU003696,Account 003696,2024-02-11,Education,Australia,SMB
CU003697,Account 003697,2022-04-08,Healthcare,United Kingdom,Mid-Market
CU003698,Account 003698,2024-08-06,Healthcare,United States,Mid-Market
CU003699,Account 003699,2023-01-23,Manufacturing,Singapore,SMB
CU003700,Account 003700,2024-06-04,Finance,United States,SMB
CU003701,Account 003701,2026-04-22,Education,Singapore,SMB
CU003702,Account 003702,2024-08-15,Software,Germany,Enterprise
CU003703,Account 003703,2022-01-10,Retail,United States,Mid-Market
CU003704,Account 003704,2023-06-13,Healthcare,Australia,SMB
CU003705,Account 003705,2023-12-31,Finance,Germany,Enterprise
CU003706,Account 003706,2023-11-20,Retail,United Kingdom,SMB
CU003707,Account 003707,2024-08-20,Manufacturing,Canada,SMB
CU003708,Account 003708,2024-02-28,Retail,Singapore,Enterprise
CU003709,Account 003709,2026-06-15,Healthcare,Singapore,Enterprise
CU003710,Account 003710,2026-02-21,Professional Services,Singapore,SMB
CU003711,Account 003711,2026-04-08,Education,Canada,Mid-Market
CU003712,Account 003712,2026-01-09,Healthcare,United States,Enterprise
CU003713,Account 003713,2025-12-03,Healthcare,United States,Mid-Market
CU003714,Account 003714,2022-10-13,Education,Canada,Enterprise
CU003715,Account 003715,2022-10-29,Education,Germany,Mid-Market
CU003716,Account 003716,2024-03-01,Finance,Australia,SMB
CU003717,Account 003717,2026-02-02,Finance,Canada,SMB
CU003718,Account 003718,2023-01-24,Software,Germany,Mid-Market
CU003719,Account 003719,2023-09-09,Manufacturing,Singapore,Enterprise
CU003720,Account 003720,2026-06-26,Healthcare,Germany,SMB
CU003721,Account 003721,2024-11-02,Manufacturing,Australia,Enterprise
CU003722,Account 003722,2023-08-27,Retail,United States,Mid-Market
CU003723,Account 003723,2022-02-12,Healthcare,Singapore,Enterprise
CU003724,Account 003724,2024-03-11,Professional Services,Australia,Mid-Market
CU003725,Account 003725,2022-08-14,Software,Australia,SMB
CU003726,Account 003726,2023-06-04,Software,Canada,Mid-Market
CU003727,Account 003727,2023-09-29,Professional Services,Germany,SMB
CU003728,Account 003728,2025-05-31,Manufacturing,Germany,Mid-Market
CU003729,Account 003729,2022-11-27,Professional Services,United States,SMB
CU003730,Account 003730,2024-08-13,Professional Services,United Kingdom,SMB
CU003731,Account 003731,2025-04-13,Professional Services,Singapore,Enterprise
CU003732,Account 003732,2025-11-08,Education,Singapore,Mid-Market
CU003733,Account 003733,2023-05-19,Retail,Australia,SMB
CU003734,Account 003734,2026-01-26,Software,United States,Enterprise
CU003735,Account 003735,2023-05-23,Healthcare,Canada,SMB
CU003736,Account 003736,2023-02-24,Retail,Singapore,Enterprise
CU003737,Account 003737,2023-07-02,Manufacturing,Singapore,Mid-Market
CU003738,Account 003738,2025-06-03,Professional Services,Canada,Enterprise
CU003739,Account 003739,2025-03-07,Retail,Germany,SMB
CU003740,Account 003740,2025-02-09,Retail,Germany,SMB
CU003741,Account 003741,2022-03-20,Manufacturing,Singapore,Enterprise
CU003742,Account 003742,2024-05-13,Education,Germany,Mid-Market
CU003743,Account 003743,2026-05-12,Manufacturing,Australia,Enterprise
CU003744,Account 003744,2025-07-31,Education,Australia,Mid-Market
CU003745,Account 003745,2025-11-02,Manufacturing,United States,SMB
CU003746,Account 003746,2025-06-02,Manufacturing,Canada,SMB
CU003747,Account 003747,2025-10-05,Healthcare,Canada,Mid-Market
CU003748,Account 003748,2024-12-11,Retail,United States,Mid-Market
CU003749,Account 003749,2023-03-13,Healthcare,United States,Mid-Market
CU003750,Account 003750,2025-03-08,Software,Canada,Enterprise
CU003751,Account 003751,2022-11-06,Retail,Germany,Enterprise
CU003752,Account 003752,2023-05-26,Finance,Singapore,SMB
CU003753,Account 003753,2025-12-08,Healthcare,United Kingdom,SMB
CU003754,Account 003754,2024-04-23,Manufacturing,Singapore,SMB
CU003755,Account 003755,2022-06-12,Manufacturing,Australia,Mid-Market
CU003756,Account 003756,2022-01-01,Education,Australia,Mid-Market
CU003757,Account 003757,2024-01-17,Retail,Germany,SMB
CU003758,Account 003758,2024-06-04,Professional Services,Germany,Mid-Market
CU003759,Account 003759,2025-09-12,Healthcare,Australia,Mid-Market
CU003760,Account 003760,2022-09-18,Education,Australia,Mid-Market
CU003761,Account 003761,2023-07-10,Education,United Kingdom,Mid-Market
CU003762,Account 003762,2022-10-13,Manufacturing,United Kingdom,SMB
CU003763,Account 003763,2025-10-05,Manufacturing,Canada,Enterprise
CU003764,Account 003764,2026-02-27,Healthcare,Singapore,SMB
CU003765,Account 003765,2025-12-10,Education,United Kingdom,SMB
CU003766,Account 003766,2023-04-03,Software,Canada,Enterprise
CU003767,Account 003767,2022-08-03,Manufacturing,Canada,Enterprise
CU003768,Account 003768,2022-04-08,Finance,United Kingdom,Mid-Market
CU003769,Account 003769,2025-11-04,Retail,Australia,Mid-Market
CU003770,Account 003770,2024-04-12,Professional Services,Australia,Mid-Market
CU003771,Account 003771,2022-07-29,Retail,Germany,SMB
CU003772,Account 003772,2026-02-01,Finance,United States,SMB
CU003773,Account 003773,2026-03-03,Professional Services,Canada,Mid-Market
CU003774,Account 003774,2025-01-27,Healthcare,Germany,Mid-Market
CU003775,Account 003775,2022-10-11,Education,Singapore,Enterprise
CU003776,Account 003776,2022-08-07,Software,Canada,Mid-Market
CU003777,Account 003777,2024-04-02,Retail,Canada,Enterprise
CU003778,Account 003778,2026-02-05,Manufacturing,Australia,SMB
CU003779,Account 003779,2024-08-21,Retail,Australia,SMB
CU003780,Account 003780,2025-03-28,Healthcare,Australia,SMB
CU003781,Account 003781,2023-01-11,Manufacturing,United States,SMB
CU003782,Account 003782,2025-11-13,Professional Services,Canada,SMB
CU003783,Account 003783,2024-12-25,Finance,Australia,SMB
CU003784,Account 003784,2026-03-28,Professional Services,Canada,SMB
CU003785,Account 003785,2023-06-17,Professional Services,Canada,Enterprise
CU003786,Account 003786,2022-07-03,Healthcare,Canada,Enterprise
CU003787,Account 003787,2025-09-12,Education,Singapore,SMB
CU003788,Account 003788,2026-05-01,Finance,Canada,Enterprise
CU003789,Account 003789,2024-05-09,Finance,Singapore,Enterprise
CU003790,Account 003790,2022-08-28,Manufacturing,Germany,SMB
CU003791,Account 003791,2022-08-21,Healthcare,United States,SMB
CU003792,Account 003792,2023-11-28,Education,United Kingdom,Enterprise
CU003793,Account 003793,2024-04-30,Manufacturing,Canada,SMB
CU003794,Account 003794,2022-04-02,Education,United Kingdom,SMB
CU003795,Account 003795,2025-09-19,Finance,Germany,SMB
CU003796,Account 003796,2025-12-22,Education,Germany,Mid-Market
CU003797,Account 003797,2022-05-17,Healthcare,United States,SMB
CU003798,Account 003798,2022-02-02,Retail,United Kingdom,Mid-Market
CU003799,Account 003799,2026-03-26,Retail,Australia,Mid-Market
CU003800,Account 003800,2026-01-12,Software,United Kingdom,Mid-Market
CU003801,Account 003801,2023-07-28,Manufacturing,United States,Enterprise
CU003802,Account 003802,2022-02-06,Finance,United Kingdom,SMB
CU003803,Account 003803,2022-09-25,Software,Singapore,Enterprise
CU003804,Account 003804,2025-06-25,Healthcare,Germany,Mid-Market
CU003805,Account 003805,2023-03-07,Software,United Kingdom,Enterprise
CU003806,Account 003806,2024-11-22,Education,United States,Enterprise
CU003807,Account 003807,2024-06-13,Manufacturing,Singapore,Enterprise
CU003808,Account 003808,2023-10-25,Manufacturing,Canada,Enterprise
CU003809,Account 003809,2022-03-18,Professional Services,United Kingdom,Mid-Market
CU003810,Account 003810,2026-01-04,Software,United Kingdom,Mid-Market
CU003811,Account 003811,2025-01-04,Software,Canada,Enterprise
CU003812,Account 003812,2024-09-20,Retail,United States,SMB
CU003813,Account 003813,2022-02-25,Finance,United States,Enterprise
CU003814,Account 003814,2022-12-21,Finance,Germany,SMB
CU003815,Account 003815,2023-12-04,Finance,Canada,Mid-Market
CU003816,Account 003816,2023-09-04,Finance,United Kingdom,Enterprise
CU003817,Account 003817,2022-08-17,Professional Services,Australia,Enterprise
CU003818,Account 003818,2023-09-23,Education,United States,Mid-Market
CU003819,Account 003819,2022-03-01,Education,Germany,Mid-Market
CU003820,Account 003820,2024-12-27,Finance,United States,Enterprise
CU003821,Account 003821,2025-01-28,Finance,Germany,Enterprise
CU003822,Account 003822,2023-05-04,Education,Singapore,Mid-Market
CU003823,Account 003823,2024-04-12,Finance,Australia,Mid-Market
CU003824,Account 003824,2023-03-30,Software,Canada,SMB
CU003825,Account 003825,2026-06-29,Manufacturing,United Kingdom,SMB
CU003826,Account 003826,2022-11-23,Manufacturing,United Kingdom,SMB
CU003827,Account 003827,2024-03-31,Healthcare,Singapore,Enterprise
CU003828,Account 003828,2024-07-14,Healthcare,Australia,Enterprise
CU003829,Account 003829,2024-03-30,Software,Canada,SMB
CU003830,Account 003830,2025-04-29,Manufacturing,Singapore,Enterprise
CU003831,Account 003831,2025-02-25,Education,Canada,SMB
CU003832,Account 003832,2025-10-01,Software,United States,Enterprise
CU003833,Account 003833,2022-05-29,Professional Services,United States,Enterprise
CU003834,Account 003834,2026-06-19,Manufacturing,United States,SMB
CU003835,Account 003835,2023-08-21,Education,Canada,Enterprise
CU003836,Account 003836,2025-12-21,Finance,Singapore,SMB
CU003837,Account 003837,2026-04-09,Healthcare,Canada,Mid-Market
CU003838,Account 003838,2026-05-27,Retail,United Kingdom,Mid-Market
CU003839,Account 003839,2025-03-17,Professional Services,United Kingdom,Enterprise
CU003840,Account 003840,2022-08-04,Healthcare,United States,Enterprise
CU003841,Account 003841,2025-08-14,Education,Singapore,Enterprise
CU003842,Account 003842,2022-04-15,Professional Services,United States,SMB
CU003843,Account 003843,2025-10-13,Healthcare,United Kingdom,Mid-Market
CU003844,Account 003844,2024-12-08,Manufacturing,Singapore,Enterprise
CU003845,Account 003845,2024-10-02,Software,United Kingdom,Enterprise
CU003846,Account 003846,2022-09-02,Education,Singapore,Mid-Market
CU003847,Account 003847,2023-07-30,Professional Services,United Kingdom,Enterprise
CU003848,Account 003848,2025-07-15,Education,Singapore,Enterprise
CU003849,Account 003849,2025-05-23,Software,Germany,SMB
CU003850,Account 003850,2023-02-11,Education,United States,SMB
CU003851,Account 003851,2025-12-21,Retail,United Kingdom,Mid-Market
CU003852,Account 003852,2022-08-27,Software,Germany,Mid-Market
CU003853,Account 003853,2024-03-23,Manufacturing,United States,Mid-Market
CU003854,Account 003854,2025-08-28,Education,Canada,Mid-Market
CU003855,Account 003855,2024-08-01,Professional Services,Canada,Enterprise
CU003856,Account 003856,2022-01-21,Professional Services,Germany,Mid-Market
CU003857,Account 003857,2025-03-22,Software,United States,SMB
CU003858,Account 003858,2023-04-09,Manufacturing,Singapore,SMB
CU003859,Account 003859,2026-03-20,Retail,Canada,Enterprise
CU003860,Account 003860,2022-03-22,Manufacturing,Australia,Mid-Market
CU003861,Account 003861,2022-08-15,Professional Services,United States,SMB
CU003862,Account 003862,2025-11-13,Education,Singapore,SMB
CU003863,Account 003863,2022-08-27,Manufacturing,Singapore,Mid-Market
CU003864,Account 003864,2024-12-19,Finance,United States,Mid-Market
CU003865,Account 003865,2026-06-08,Retail,Singapore,SMB
CU003866,Account 003866,2022-08-29,Healthcare,United Kingdom,Mid-Market
CU003867,Account 003867,2023-07-23,Software,Australia,SMB
CU003868,Account 003868,2024-04-04,Software,United Kingdom,SMB
CU003869,Account 003869,2024-05-27,Retail,United States,SMB
CU003870,Account 003870,2022-05-20,Healthcare,Canada,Enterprise
CU003871,Account 003871,2025-05-16,Software,United Kingdom,SMB
CU003872,Account 003872,2022-02-25,Manufacturing,Singapore,Mid-Market
CU003873,Account 003873,2025-01-30,Manufacturing,Singapore,Mid-Market
CU003874,Account 003874,2026-03-24,Manufacturing,United Kingdom,SMB
CU003875,Account 003875,2022-10-29,Software,United States,Enterprise
CU003876,Account 003876,2023-09-23,Manufacturing,United States,Mid-Market
CU003877,Account 003877,2023-11-05,Finance,Australia,SMB
CU003878,Account 003878,2026-05-18,Professional Services,United Kingdom,Enterprise
CU003879,Account 003879,2023-08-04,Healthcare,United States,SMB
CU003880,Account 003880,2022-03-15,Software,Australia,Enterprise
CU003881,Account 003881,2024-11-22,Software,United States,Mid-Market
CU003882,Account 003882,2025-12-03,Education,Canada,SMB
CU003883,Account 003883,2022-07-24,Software,Germany,SMB
CU003884,Account 003884,2026-04-21,Professional Services,Canada,SMB
CU003885,Account 003885,2025-08-25,Healthcare,Singapore,Mid-Market
CU003886,Account 003886,2026-01-25,Education,Australia,SMB
CU003887,Account 003887,2026-01-27,Education,Germany,SMB
CU003888,Account 003888,2023-12-25,Professional Services,United States,Enterprise
CU003889,Account 003889,2024-04-15,Retail,Australia,Enterprise
CU003890,Account 003890,2025-08-16,Software,Singapore,Mid-Market
CU003891,Account 003891,2024-05-26,Healthcare,Singapore,Mid-Market
CU003892,Account 003892,2025-05-28,Healthcare,Singapore,SMB
CU003893,Account 003893,2023-02-05,Finance,United States,Enterprise
CU003894,Account 003894,2023-04-17,Healthcare,United States,Mid-Market
CU003895,Account 003895,2022-12-29,Manufacturing,United States,Enterprise
CU003896,Account 003896,2024-12-13,Retail,United Kingdom,Enterprise
CU003897,Account 003897,2022-06-18,Education,Germany,SMB
CU003898,Account 003898,2022-05-19,Professional Services,Australia,Enterprise
CU003899,Account 003899,2025-04-24,Retail,Singapore,Mid-Market
CU003900,Account 003900,2022-12-13,Professional Services,Australia,SMB
CU003901,Account 003901,2023-07-22,Professional Services,Australia,Enterprise
CU003902,Account 003902,2023-08-12,Healthcare,Germany,SMB
CU003903,Account 003903,2022-04-04,Finance,Singapore,SMB
CU003904,Account 003904,2025-02-11,Professional Services,Australia,Mid-Market
CU003905,Account 003905,2024-04-14,Finance,Australia,Mid-Market
CU003906,Account 003906,2026-02-20,Professional Services,Singapore,Enterprise
CU003907,Account 003907,2022-02-16,Retail,Singapore,SMB
CU003908,Account 003908,2026-06-09,Professional Services,Canada,Enterprise
CU003909,Account 003909,2026-04-15,Retail,Canada,Mid-Market
CU003910,Account 003910,2023-07-12,Finance,Germany,Enterprise
CU003911,Account 003911,2023-09-29,Finance,Germany,Mid-Market
CU003912,Account 003912,2022-07-01,Education,Singapore,Enterprise
CU003913,Account 003913,2022-10-15,Retail,Singapore,Enterprise
CU003914,Account 003914,2026-02-20,Retail,United States,Mid-Market
CU003915,Account 003915,2025-05-11,Software,Singapore,SMB
CU003916,Account 003916,2024-11-22,Finance,United States,SMB
CU003917,Account 003917,2023-05-29,Manufacturing,Australia,SMB
CU003918,Account 003918,2023-12-24,Education,Australia,Mid-Market
CU003919,Account 003919,2024-07-14,Retail,Australia,Enterprise
CU003920,Account 003920,2024-05-15,Education,United States,Enterprise
CU003921,Account 003921,2022-02-03,Finance,Canada,Mid-Market
CU003922,Account 003922,2025-04-20,Manufacturing,United Kingdom,Mid-Market
CU003923,Account 003923,2025-02-20,Software,United Kingdom,SMB
CU003924,Account 003924,2023-03-21,Software,Singapore,Enterprise
CU003925,Account 003925,2023-03-17,Healthcare,United Kingdom,SMB
CU003926,Account 003926,2025-07-26,Finance,United Kingdom,SMB
CU003927,Account 003927,2025-09-16,Education,United States,Mid-Market
CU003928,Account 003928,2025-08-19,Manufacturing,Canada,SMB
CU003929,Account 003929,2025-07-22,Manufacturing,Canada,SMB
CU003930,Account 003930,2023-08-10,Manufacturing,Australia,Mid-Market
CU003931,Account 003931,2025-07-27,Software,Australia,Mid-Market
CU003932,Account 003932,2022-03-31,Healthcare,Australia,Enterprise
CU003933,Account 003933,2025-09-25,Manufacturing,Australia,SMB
CU003934,Account 003934,2022-10-23,Professional Services,Canada,SMB
CU003935,Account 003935,2022-12-21,Manufacturing,United States,Mid-Market
CU003936,Account 003936,2025-04-03,Software,Canada,Mid-Market
CU003937,Account 003937,2023-10-07,Retail,Canada,Mid-Market
CU003938,Account 003938,2024-06-14,Manufacturing,United States,Mid-Market
CU003939,Account 003939,2022-12-07,Manufacturing,Germany,SMB
CU003940,Account 003940,2026-01-17,Professional Services,Singapore,Mid-Market
CU003941,Account 003941,2025-04-06,Healthcare,Germany,SMB
CU003942,Account 003942,2023-04-04,Professional Services,Germany,Mid-Market
CU003943,Account 003943,2023-05-26,Retail,Germany,Enterprise
CU003944,Account 003944,2024-12-10,Healthcare,United States,SMB
CU003945,Account 003945,2024-06-01,Finance,Germany,Mid-Market
CU003946,Account 003946,2024-03-24,Finance,Australia,Enterprise
CU003947,Account 003947,2024-10-19,Finance,Germany,Enterprise
CU003948,Account 003948,2025-11-02,Healthcare,United Kingdom,Mid-Market
CU003949,Account 003949,2022-08-21,Software,Germany,Enterprise
CU003950,Account 003950,2024-05-30,Finance,United States,Enterprise
CU003951,Account 003951,2025-05-21,Software,United States,Enterprise
CU003952,Account 003952,2025-04-28,Education,United Kingdom,Mid-Market
CU003953,Account 003953,2023-11-28,Retail,Germany,Mid-Market
CU003954,Account 003954,2023-10-15,Finance,United States,Mid-Market
CU003955,Account 003955,2026-06-18,Software,Canada,SMB
CU003956,Account 003956,2025-04-23,Retail,United States,SMB
CU003957,Account 003957,2023-12-08,Finance,United Kingdom,SMB
CU003958,Account 003958,2026-04-03,Professional Services,Germany,SMB
CU003959,Account 003959,2024-09-12,Professional Services,Germany,Mid-Market
CU003960,Account 003960,2025-09-07,Professional Services,Canada,SMB
CU003961,Account 003961,2024-08-10,Healthcare,Singapore,Enterprise
CU003962,Account 003962,2023-05-24,Software,Canada,Mid-Market
CU003963,Account 003963,2023-01-24,Professional Services,Australia,SMB
CU003964,Account 003964,2024-04-03,Retail,Singapore,SMB
CU003965,Account 003965,2025-08-09,Software,Singapore,Enterprise
CU003966,Account 003966,2024-12-30,Manufacturing,United States,SMB
CU003967,Account 003967,2024-01-04,Education,United Kingdom,Mid-Market
CU003968,Account 003968,2023-01-24,Retail,Australia,SMB
CU003969,Account 003969,2023-03-24,Professional Services,United Kingdom,Enterprise
CU003970,Account 003970,2024-01-28,Education,Australia,SMB
CU003971,Account 003971,2022-12-09,Retail,Canada,Mid-Market
CU003972,Account 003972,2024-11-02,Retail,Germany,Enterprise
CU003973,Account 003973,2024-01-20,Retail,Canada,Enterprise
CU003974,Account 003974,2025-06-30,Manufacturing,Canada,SMB
CU003975,Account 003975,2025-02-25,Healthcare,Canada,Enterprise
CU003976,Account 003976,2025-01-30,Healthcare,United States,SMB
CU003977,Account 003977,2022-12-27,Retail,Germany,SMB
CU003978,Account 003978,2023-11-07,Education,United Kingdom,Mid-Market
CU003979,Account 003979,2025-11-23,Professional Services,United States,Mid-Market
CU003980,Account 003980,2025-02-22,Finance,Australia,Enterprise
CU003981,Account 003981,2022-06-15,Software,Australia,SMB
CU003982,Account 003982,2023-06-05,Manufacturing,Germany,Mid-Market
CU003983,Account 003983,2025-04-03,Retail,Australia,Mid-Market
CU003984,Account 003984,2024-04-03,Healthcare,United Kingdom,SMB
CU003985,Account 003985,2023-03-26,Manufacturing,Singapore,Mid-Market
CU003986,Account 003986,2022-12-20,Healthcare,Australia,Enterprise
CU003987,Account 003987,2022-09-12,Healthcare,Germany,SMB
CU003988,Account 003988,2026-06-14,Manufacturing,United Kingdom,SMB
CU003989,Account 003989,2022-04-09,Healthcare,Germany,Mid-Market
CU003990,Account 003990,2026-02-27,Professional Services,Singapore,SMB
CU003991,Account 003991,2024-03-31,Retail,Australia,SMB
CU003992,Account 003992,2025-03-27,Manufacturing,United States,SMB
CU003993,Account 003993,2022-08-19,Finance,Australia,Enterprise
CU003994,Account 003994,2024-04-07,Professional Services,Australia,Mid-Market
CU003995,Account 003995,2022-01-13,Retail,Germany,Enterprise
CU003996,Account 003996,2025-04-22,Software,Germany,Enterprise
CU003997,Account 003997,2024-06-16,Finance,United States,Enterprise
CU003998,Account 003998,2025-02-17,Software,United Kingdom,Enterprise
CU003999,Account 003999,2025-07-07,Software,Singapore,Enterprise
CU004000,Account 004000,2023-04-04,Healthcare,Australia,Mid-Market
CU004001,Account 004001,2023-09-24,Finance,Germany,SMB
CU004002,Account 004002,2026-04-13,Finance,United Kingdom,Enterprise
CU004003,Account 004003,2026-01-01,Manufacturing,Australia,Enterprise
CU004004,Account 004004,2022-04-25,Finance,Canada,Mid-Market
CU004005,Account 004005,2026-03-03,Retail,Singapore,Mid-Market
CU004006,Account 004006,2024-02-05,Retail,United Kingdom,Enterprise
CU004007,Account 004007,2022-09-15,Software,Canada,Enterprise
CU004008,Account 004008,2023-05-19,Retail,Australia,Mid-Market
CU004009,Account 004009,2022-04-30,Software,Germany,Mid-Market
CU004010,Account 004010,2024-05-07,Manufacturing,United Kingdom,SMB
CU004011,Account 004011,2025-09-09,Education,Germany,Enterprise
CU004012,Account 004012,2022-09-09,Education,Australia,Mid-Market
CU004013,Account 004013,2025-05-20,Retail,United States,Mid-Market
CU004014,Account 004014,2024-07-12,Education,Canada,Enterprise
CU004015,Account 004015,2022-08-01,Manufacturing,United States,SMB
CU004016,Account 004016,2025-04-03,Healthcare,United Kingdom,Mid-Market
CU004017,Account 004017,2025-12-15,Education,Canada,SMB
CU004018,Account 004018,2024-12-20,Retail,Singapore,Enterprise
CU004019,Account 004019,2024-10-24,Software,Australia,Mid-Market
CU004020,Account 004020,2022-02-10,Finance,United Kingdom,SMB
CU004021,Account 004021,2022-09-12,Professional Services,Singapore,SMB
CU004022,Account 004022,2022-07-04,Software,Singapore,SMB
CU004023,Account 004023,2024-03-08,Healthcare,Australia,Enterprise
CU004024,Account 004024,2024-07-20,Professional Services,Australia,SMB
CU004025,Account 004025,2023-02-16,Software,Canada,Enterprise
CU004026,Account 004026,2024-06-26,Healthcare,United Kingdom,Mid-Market
CU004027,Account 004027,2023-06-09,Finance,Canada,Mid-Market
CU004028,Account 004028,2026-06-18,Finance,Canada,SMB
CU004029,Account 004029,2023-07-18,Retail,Germany,Enterprise
CU004030,Account 004030,2023-08-22,Software,Australia,Mid-Market
CU004031,Account 004031,2022-04-11,Finance,United States,Mid-Market
CU004032,Account 004032,2024-04-15,Manufacturing,United Kingdom,Enterprise
CU004033,Account 004033,2026-03-01,Healthcare,Singapore,SMB
CU004034,Account 004034,2025-03-17,Software,United Kingdom,SMB
CU004035,Account 004035,2023-10-27,Software,United States,Enterprise
CU004036,Account 004036,2026-05-17,Professional Services,United States,Enterprise
CU004037,Account 004037,2025-11-25,Professional Services,United Kingdom,Mid-Market
CU004038,Account 004038,2023-08-08,Healthcare,Germany,SMB
CU004039,Account 004039,2024-12-17,Manufacturing,United States,Enterprise
CU004040,Account 004040,2022-09-17,Manufacturing,United States,Mid-Market
CU004041,Account 004041,2026-02-08,Professional Services,United Kingdom,Mid-Market
CU004042,Account 004042,2022-04-25,Retail,United Kingdom,Enterprise
CU004043,Account 004043,2025-03-14,Manufacturing,Germany,Mid-Market
CU004044,Account 004044,2025-12-22,Manufacturing,Canada,Mid-Market
CU004045,Account 004045,2025-03-05,Professional Services,Canada,SMB
CU004046,Account 004046,2022-01-03,Education,Canada,SMB
CU004047,Account 004047,2025-12-21,Manufacturing,Australia,Mid-Market
CU004048,Account 004048,2025-07-22,Retail,United States,SMB
CU004049,Account 004049,2024-08-04,Retail,United Kingdom,Mid-Market
CU004050,Account 004050,2026-03-11,Retail,Singapore,Enterprise
CU004051,Account 004051,2026-06-26,Finance,Canada,SMB
CU004052,Account 004052,2024-02-11,Finance,Australia,Mid-Market
CU004053,Account 004053,2022-01-29,Education,Germany,Mid-Market
CU004054,Account 004054,2024-06-30,Manufacturing,Singapore,Enterprise
CU004055,Account 004055,2022-03-12,Manufacturing,Canada,Enterprise
CU004056,Account 004056,2022-03-07,Retail,Canada,SMB
CU004057,Account 004057,2025-09-27,Retail,United Kingdom,Mid-Market
CU004058,Account 004058,2026-06-14,Education,United Kingdom,Mid-Market
CU004059,Account 004059,2022-12-31,Finance,United Kingdom,Mid-Market
CU004060,Account 004060,2024-04-19,Finance,Germany,Enterprise
CU004061,Account 004061,2023-04-07,Manufacturing,Singapore,SMB
CU004062,Account 004062,2025-02-27,Manufacturing,Canada,SMB
CU004063,Account 004063,2025-11-20,Education,United States,Enterprise
CU004064,Account 004064,2024-08-20,Retail,United States,Mid-Market
CU004065,Account 004065,2025-06-21,Education,Australia,SMB
CU004066,Account 004066,2022-12-16,Education,Canada,SMB
CU004067,Account 004067,2024-05-20,Education,Canada,SMB
CU004068,Account 004068,2022-08-04,Healthcare,Singapore,Mid-Market
CU004069,Account 004069,2023-07-30,Finance,Germany,Mid-Market
CU004070,Account 004070,2024-05-04,Retail,United States,Enterprise
CU004071,Account 004071,2024-06-12,Healthcare,United States,Mid-Market
CU004072,Account 004072,2025-11-06,Software,Canada,SMB
CU004073,Account 004073,2023-08-06,Software,United Kingdom,Enterprise
CU004074,Account 004074,2026-01-15,Retail,United Kingdom,SMB
CU004075,Account 004075,2026-03-06,Finance,Australia,Enterprise
CU004076,Account 004076,2024-06-28,Healthcare,Australia,SMB
CU004077,Account 004077,2025-12-02,Manufacturing,Singapore,Mid-Market
CU004078,Account 004078,2023-12-25,Finance,Germany,Mid-Market
CU004079,Account 004079,2023-04-06,Finance,United States,SMB
CU004080,Account 004080,2023-07-18,Software,United Kingdom,Enterprise
CU004081,Account 004081,2024-06-13,Finance,Australia,Mid-Market
CU004082,Account 004082,2024-04-26,Professional Services,Germany,Enterprise
CU004083,Account 004083,2023-01-20,Education,Germany,Enterprise
CU004084,Account 004084,2024-04-06,Healthcare,Singapore,SMB
CU004085,Account 004085,2025-03-06,Finance,United Kingdom,Mid-Market
CU004086,Account 004086,2023-04-30,Healthcare,United Kingdom,Enterprise
CU004087,Account 004087,2023-08-14,Retail,Canada,SMB
CU004088,Account 004088,2026-05-25,Professional Services,United Kingdom,Mid-Market
CU004089,Account 004089,2022-01-04,Education,United States,Enterprise
CU004090,Account 004090,2023-11-20,Manufacturing,United Kingdom,Enterprise
CU004091,Account 004091,2023-07-20,Healthcare,United Kingdom,Mid-Market
CU004092,Account 004092,2022-08-12,Education,United States,Mid-Market
CU004093,Account 004093,2024-12-28,Healthcare,Canada,Enterprise
CU004094,Account 004094,2023-11-11,Software,United Kingdom,Mid-Market
CU004095,Account 004095,2024-08-11,Healthcare,United States,Enterprise
CU004096,Account 004096,2024-10-07,Manufacturing,United Kingdom,SMB
CU004097,Account 004097,2023-09-13,Retail,Canada,SMB
CU004098,Account 004098,2023-01-04,Manufacturing,Canada,Mid-Market
CU004099,Account 004099,2023-03-15,Retail,Canada,Mid-Market
CU004100,Account 004100,2024-05-27,Finance,Singapore,Mid-Market
CU004101,Account 004101,2022-07-12,Software,United States,Mid-Market
CU004102,Account 004102,2026-02-08,Education,Australia,Enterprise
CU004103,Account 004103,2024-08-14,Healthcare,United States,Mid-Market
CU004104,Account 004104,2024-03-20,Software,Singapore,SMB
CU004105,Account 004105,2025-03-31,Manufacturing,Singapore,Enterprise
CU004106,Account 004106,2023-11-11,Finance,Australia,SMB
CU004107,Account 004107,2023-08-24,Professional Services,Germany,Enterprise
CU004108,Account 004108,2025-07-19,Healthcare,Canada,Mid-Market
CU004109,Account 004109,2024-09-25,Education,United Kingdom,Mid-Market
CU004110,Account 004110,2023-08-29,Healthcare,United States,SMB
CU004111,Account 004111,2022-02-11,Professional Services,United States,Mid-Market
CU004112,Account 004112,2026-02-28,Retail,United States,Mid-Market
CU004113,Account 004113,2023-08-11,Education,Germany,Mid-Market
CU004114,Account 004114,2026-02-08,Healthcare,United Kingdom,Mid-Market
CU004115,Account 004115,2024-07-30,Software,United Kingdom,SMB
CU004116,Account 004116,2022-01-17,Retail,Australia,Mid-Market
CU004117,Account 004117,2024-11-03,Professional Services,United States,Enterprise
CU004118,Account 004118,2024-08-29,Software,Canada,SMB
CU004119,Account 004119,2025-06-30,Healthcare,Australia,Enterprise
CU004120,Account 004120,2023-04-12,Education,United States,SMB
CU004121,Account 004121,2024-01-11,Manufacturing,Australia,Enterprise
CU004122,Account 004122,2023-09-21,Finance,United Kingdom,SMB
CU004123,Account 004123,2025-12-15,Professional Services,United Kingdom,Enterprise
CU004124,Account 004124,2024-01-28,Finance,Australia,Enterprise
CU004125,Account 004125,2026-06-15,Professional Services,Germany,Enterprise
CU004126,Account 004126,2022-01-21,Software,United Kingdom,SMB
CU004127,Account 004127,2022-03-26,Education,Australia,Mid-Market
CU004128,Account 004128,2022-11-18,Healthcare,United Kingdom,SMB
CU004129,Account 004129,2024-05-26,Professional Services,Canada,SMB
CU004130,Account 004130,2024-10-04,Education,Singapore,Enterprise
CU004131,Account 004131,2025-04-03,Retail,Australia,Enterprise
CU004132,Account 004132,2024-04-15,Healthcare,Canada,Enterprise
CU004133,Account 004133,2022-04-08,Healthcare,Singapore,Enterprise
CU004134,Account 004134,2024-02-23,Software,Singapore,Enterprise
CU004135,Account 004135,2024-01-25,Education,United Kingdom,Enterprise
CU004136,Account 004136,2025-06-09,Finance,Canada,Enterprise
CU004137,Account 004137,2025-03-08,Education,United Kingdom,Mid-Market
CU004138,Account 004138,2023-12-03,Retail,Singapore,SMB
CU004139,Account 004139,2024-06-14,Healthcare,Australia,Enterprise
CU004140,Account 004140,2024-12-31,Software,United States,Mid-Market
CU004141,Account 004141,2024-07-24,Education,Germany,SMB
CU004142,Account 004142,2025-01-13,Education,Australia,SMB
CU004143,Account 004143,2024-09-11,Education,Germany,Mid-Market
CU004144,Account 004144,2022-04-21,Education,Canada,Mid-Market
CU004145,Account 004145,2024-01-18,Finance,Australia,SMB
CU004146,Account 004146,2024-09-05,Software,Australia,Mid-Market
CU004147,Account 004147,2024-11-18,Finance,Australia,Mid-Market
CU004148,Account 004148,2022-10-19,Education,Canada,Mid-Market
CU004149,Account 004149,2026-03-12,Manufacturing,Australia,Mid-Market
CU004150,Account 004150,2024-10-05,Manufacturing,United States,Mid-Market
CU004151,Account 004151,2023-09-28,Retail,United States,Mid-Market
CU004152,Account 004152,2023-06-03,Healthcare,United Kingdom,Enterprise
CU004153,Account 004153,2026-01-06,Professional Services,Germany,Mid-Market
CU004154,Account 004154,2024-12-30,Retail,Canada,Mid-Market
CU004155,Account 004155,2022-04-08,Education,Canada,Enterprise
CU004156,Account 004156,2026-03-17,Retail,United States,SMB
CU004157,Account 004157,2024-10-29,Education,Singapore,Mid-Market
CU004158,Account 004158,2026-01-03,Education,Singapore,SMB
CU004159,Account 004159,2023-06-08,Healthcare,United States,SMB
CU004160,Account 004160,2026-05-23,Manufacturing,United Kingdom,SMB
CU004161,Account 004161,2025-07-04,Education,Canada,SMB
CU004162,Account 004162,2023-02-10,Software,Canada,Enterprise
CU004163,Account 004163,2025-04-28,Manufacturing,Singapore,SMB
CU004164,Account 004164,2023-09-06,Finance,United Kingdom,Enterprise
CU004165,Account 004165,2026-02-17,Manufacturing,Singapore,Enterprise
CU004166,Account 004166,2024-03-12,Healthcare,United States,Enterprise
CU004167,Account 004167,2022-12-05,Professional Services,Germany,Mid-Market
CU004168,Account 004168,2024-04-11,Retail,Singapore,SMB
CU004169,Account 004169,2023-02-06,Manufacturing,United States,Enterprise
CU004170,Account 004170,2022-10-28,Software,Germany,Enterprise
CU004171,Account 004171,2023-10-21,Software,Singapore,SMB
CU004172,Account 004172,2023-09-13,Professional Services,Germany,SMB
CU004173,Account 004173,2024-05-29,Education,Germany,SMB
CU004174,Account 004174,2023-08-09,Education,United States,Mid-Market
CU004175,Account 004175,2023-08-13,Manufacturing,United Kingdom,Enterprise
CU004176,Account 004176,2025-07-30,Professional Services,Singapore,SMB
CU004177,Account 004177,2026-02-24,Education,United Kingdom,SMB
CU004178,Account 004178,2023-01-25,Healthcare,Canada,SMB
CU004179,Account 004179,2023-09-15,Manufacturing,Australia,Mid-Market
CU004180,Account 004180,2024-01-22,Software,Australia,SMB
CU004181,Account 004181,2024-01-19,Education,Germany,Mid-Market
CU004182,Account 004182,2024-12-12,Healthcare,United States,SMB
CU004183,Account 004183,2026-05-02,Software,United Kingdom,SMB
CU004184,Account 004184,2022-07-01,Software,Singapore,Enterprise
CU004185,Account 004185,2022-04-07,Finance,Canada,SMB
CU004186,Account 004186,2022-12-12,Finance,United States,Enterprise
CU004187,Account 004187,2023-09-21,Software,Canada,Mid-Market
CU004188,Account 004188,2022-01-26,Finance,Germany,Enterprise
CU004189,Account 004189,2026-06-09,Retail,Singapore,Enterprise
CU004190,Account 004190,2022-05-15,Software,Singapore,Mid-Market
CU004191,Account 004191,2024-12-29,Software,Germany,Enterprise
CU004192,Account 004192,2023-05-08,Finance,Australia,Mid-Market
CU004193,Account 004193,2022-07-14,Education,United Kingdom,Enterprise
CU004194,Account 004194,2022-12-24,Professional Services,Germany,Mid-Market
CU004195,Account 004195,2024-03-15,Professional Services,United Kingdom,Enterprise
CU004196,Account 004196,2025-08-06,Healthcare,United Kingdom,Mid-Market
CU004197,Account 004197,2022-03-07,Professional Services,Germany,Mid-Market
CU004198,Account 004198,2025-11-18,Finance,Canada,Enterprise
CU004199,Account 004199,2024-08-21,Software,Australia,Mid-Market
CU004200,Account 004200,2025-05-27,Professional Services,Singapore,Mid-Market
CU004201,Account 004201,2024-02-26,Education,United States,Enterprise
CU004202,Account 004202,2024-04-01,Professional Services,Singapore,Enterprise
CU004203,Account 004203,2022-06-13,Manufacturing,United Kingdom,SMB
CU004204,Account 004204,2022-06-16,Finance,Germany,Mid-Market
CU004205,Account 004205,2022-04-13,Education,Canada,Enterprise
CU004206,Account 004206,2023-07-25,Healthcare,Australia,SMB
CU004207,Account 004207,2023-03-27,Retail,Canada,Enterprise
CU004208,Account 004208,2026-04-01,Retail,United States,Mid-Market
CU004209,Account 004209,2022-03-21,Retail,United Kingdom,SMB
CU004210,Account 004210,2026-06-01,Education,Canada,Enterprise
CU004211,Account 004211,2025-06-07,Healthcare,Singapore,Mid-Market
CU004212,Account 004212,2024-02-18,Finance,Canada,Mid-Market
CU004213,Account 004213,2023-10-18,Retail,Singapore,Mid-Market
CU004214,Account 004214,2022-11-22,Professional Services,United Kingdom,Mid-Market
CU004215,Account 004215,2023-07-11,Finance,Germany,Mid-Market
CU004216,Account 004216,2024-06-10,Retail,Germany,SMB
CU004217,Account 004217,2023-11-30,Professional Services,Germany,Mid-Market
CU004218,Account 004218,2023-08-03,Healthcare,United Kingdom,SMB
CU004219,Account 004219,2022-05-15,Healthcare,Canada,SMB
CU004220,Account 004220,2024-08-16,Retail,Singapore,SMB
CU004221,Account 004221,2024-10-06,Finance,Canada,Mid-Market
CU004222,Account 004222,2026-02-20,Professional Services,Singapore,Mid-Market
CU004223,Account 004223,2025-07-09,Healthcare,Singapore,Enterprise
CU004224,Account 004224,2026-01-07,Healthcare,Australia,Mid-Market
CU004225,Account 004225,2023-08-16,Manufacturing,Canada,SMB
CU004226,Account 004226,2024-01-04,Manufacturing,Australia,Enterprise
CU004227,Account 004227,2025-04-14,Retail,United States,SMB
CU004228,Account 004228,2023-12-31,Education,Singapore,Enterprise
CU004229,Account 004229,2026-05-24,Education,Germany,Enterprise
CU004230,Account 004230,2025-07-22,Manufacturing,Singapore,SMB
CU004231,Account 004231,2024-08-17,Software,United States,Mid-Market
CU004232,Account 004232,2022-01-13,Finance,Germany,SMB
CU004233,Account 004233,2024-06-09,Healthcare,United Kingdom,Enterprise
CU004234,Account 004234,2023-08-27,Professional Services,Singapore,SMB
CU004235,Account 004235,2025-07-18,Finance,Germany,Mid-Market
CU004236,Account 004236,2024-09-07,Manufacturing,Australia,SMB
CU004237,Account 004237,2026-05-26,Finance,Australia,SMB
CU004238,Account 004238,2025-11-19,Manufacturing,United States,Enterprise
CU004239,Account 004239,2026-05-07,Education,Canada,Enterprise
CU004240,Account 004240,2023-10-18,Retail,Germany,Enterprise
CU004241,Account 004241,2024-02-26,Professional Services,Singapore,SMB
CU004242,Account 004242,2022-06-22,Finance,Australia,Mid-Market
CU004243,Account 004243,2024-03-14,Professional Services,United Kingdom,Mid-Market
CU004244,Account 004244,2023-11-20,Finance,United Kingdom,Enterprise
CU004245,Account 004245,2025-03-19,Retail,Singapore,Enterprise
CU004246,Account 004246,2022-08-16,Education,Germany,SMB
CU004247,Account 004247,2024-08-12,Education,United Kingdom,Enterprise
CU004248,Account 004248,2025-06-05,Retail,Singapore,SMB
CU004249,Account 004249,2022-06-20,Healthcare,Australia,SMB
CU004250,Account 004250,2025-08-16,Software,United Kingdom,Enterprise
CU004251,Account 004251,2024-10-06,Professional Services,Singapore,Mid-Market
CU004252,Account 004252,2026-01-21,Education,Canada,SMB
CU004253,Account 004253,2026-04-12,Manufacturing,Australia,Enterprise
CU004254,Account 004254,2024-12-02,Manufacturing,United Kingdom,Mid-Market
CU004255,Account 004255,2024-04-06,Finance,Canada,Enterprise
CU004256,Account 004256,2024-11-30,Software,Australia,Enterprise
CU004257,Account 004257,2024-09-09,Manufacturing,United Kingdom,Mid-Market
CU004258,Account 004258,2023-08-09,Professional Services,United States,Mid-Market
CU004259,Account 004259,2024-04-15,Professional Services,United Kingdom,Mid-Market
CU004260,Account 004260,2023-05-22,Professional Services,Australia,Enterprise
CU004261,Account 004261,2025-06-14,Professional Services,United States,Enterprise
CU004262,Account 004262,2025-05-16,Manufacturing,Singapore,Mid-Market
CU004263,Account 004263,2022-09-14,Professional Services,Canada,SMB
CU004264,Account 004264,2024-11-14,Retail,Australia,SMB
CU004265,Account 004265,2022-03-03,Finance,Australia,Mid-Market
CU004266,Account 004266,2022-06-13,Education,Singapore,SMB
CU004267,Account 004267,2024-12-26,Manufacturing,Canada,Enterprise
CU004268,Account 004268,2022-01-25,Retail,United States,SMB
CU004269,Account 004269,2025-07-08,Retail,Germany,SMB
CU004270,Account 004270,2026-04-20,Finance,Canada,Enterprise
CU004271,Account 004271,2025-09-07,Professional Services,United Kingdom,SMB
CU004272,Account 004272,2025-10-15,Professional Services,United States,Mid-Market
CU004273,Account 004273,2022-04-14,Finance,Singapore,Mid-Market
CU004274,Account 004274,2024-07-29,Software,Singapore,Enterprise
CU004275,Account 004275,2022-01-02,Software,United Kingdom,Mid-Market
CU004276,Account 004276,2022-11-13,Healthcare,Singapore,SMB
CU004277,Account 004277,2023-10-30,Finance,Australia,SMB
CU004278,Account 004278,2022-05-18,Professional Services,Singapore,Mid-Market
CU004279,Account 004279,2022-08-25,Education,United Kingdom,Enterprise
CU004280,Account 004280,2026-01-23,Software,Singapore,Mid-Market
CU004281,Account 004281,2023-11-02,Healthcare,Singapore,Enterprise
CU004282,Account 004282,2022-06-18,Healthcare,Germany,Enterprise
CU004283,Account 004283,2025-03-27,Manufacturing,United States,Enterprise
CU004284,Account 004284,2026-03-23,Software,Canada,Mid-Market
CU004285,Account 004285,2025-03-25,Finance,Canada,Enterprise
CU004286,Account 004286,2025-12-02,Retail,United Kingdom,SMB
CU004287,Account 004287,2023-10-21,Retail,United States,SMB
CU004288,Account 004288,2023-08-04,Healthcare,Germany,Mid-Market
CU004289,Account 004289,2023-02-07,Professional Services,Singapore,Mid-Market
CU004290,Account 004290,2024-12-18,Retail,United States,Mid-Market
CU004291,Account 004291,2025-01-02,Education,Australia,SMB
CU004292,Account 004292,2022-04-26,Education,Singapore,SMB
CU004293,Account 004293,2025-07-26,Finance,Germany,Mid-Market
CU004294,Account 004294,2022-05-07,Finance,United States,SMB
CU004295,Account 004295,2022-04-01,Professional Services,United States,Enterprise
CU004296,Account 004296,2023-11-20,Manufacturing,United States,Enterprise
CU004297,Account 004297,2025-03-31,Healthcare,United States,SMB
CU004298,Account 004298,2025-05-31,Education,United States,Enterprise
CU004299,Account 004299,2022-10-26,Software,United States,Enterprise
CU004300,Account 004300,2024-08-18,Software,United States,Mid-Market
CU004301,Account 004301,2023-04-29,Professional Services,Australia,SMB
CU004302,Account 004302,2025-06-23,Software,Australia,Enterprise
CU004303,Account 004303,2024-02-19,Professional Services,United Kingdom,Enterprise
CU004304,Account 004304,2026-01-27,Retail,Germany,SMB
CU004305,Account 004305,2022-02-02,Finance,Singapore,Enterprise
CU004306,Account 004306,2026-06-05,Professional Services,United Kingdom,SMB
CU004307,Account 004307,2023-05-01,Professional Services,Singapore,SMB
CU004308,Account 004308,2022-06-27,Retail,United States,Mid-Market
CU004309,Account 004309,2023-01-30,Finance,Canada,Mid-Market
CU004310,Account 004310,2023-07-29,Software,Singapore,SMB
CU004311,Account 004311,2024-02-26,Education,United States,SMB
CU004312,Account 004312,2022-07-24,Manufacturing,Australia,Enterprise
CU004313,Account 004313,2022-12-31,Professional Services,Singapore,Mid-Market
CU004314,Account 004314,2023-02-18,Software,Germany,SMB
CU004315,Account 004315,2023-04-21,Education,Germany,SMB
CU004316,Account 004316,2022-08-26,Education,Australia,Mid-Market
CU004317,Account 004317,2025-07-18,Education,Singapore,SMB
CU004318,Account 004318,2022-02-18,Software,Singapore,Mid-Market
CU004319,Account 004319,2023-06-12,Manufacturing,Germany,Enterprise
CU004320,Account 004320,2024-11-18,Professional Services,United States,SMB
CU004321,Account 004321,2024-12-16,Education,Australia,SMB
CU004322,Account 004322,2024-01-05,Healthcare,United States,Mid-Market
CU004323,Account 004323,2022-04-16,Finance,Singapore,Mid-Market
CU004324,Account 004324,2024-04-07,Retail,Singapore,Mid-Market
CU004325,Account 004325,2024-12-18,Education,Germany,SMB
CU004326,Account 004326,2022-12-21,Retail,Canada,Enterprise
CU004327,Account 004327,2026-04-30,Finance,United States,Enterprise
CU004328,Account 004328,2023-03-05,Education,Australia,SMB
CU004329,Account 004329,2022-02-27,Software,Germany,SMB
CU004330,Account 004330,2023-09-13,Manufacturing,Australia,SMB
CU004331,Account 004331,2022-10-18,Finance,Australia,Enterprise
CU004332,Account 004332,2022-04-28,Finance,United Kingdom,Mid-Market
CU004333,Account 004333,2022-06-28,Finance,Singapore,SMB
CU004334,Account 004334,2024-05-13,Software,United Kingdom,Enterprise
CU004335,Account 004335,2025-06-02,Retail,Australia,Mid-Market
CU004336,Account 004336,2022-02-17,Software,United Kingdom,Mid-Market
CU004337,Account 004337,2024-11-18,Professional Services,United States,Enterprise
CU004338,Account 004338,2025-05-02,Education,Canada,Enterprise
CU004339,Account 004339,2024-01-03,Finance,Australia,Enterprise
CU004340,Account 004340,2022-04-10,Education,Australia,Mid-Market
CU004341,Account 004341,2025-01-21,Retail,Canada,Mid-Market
CU004342,Account 004342,2026-02-12,Finance,United Kingdom,Enterprise
CU004343,Account 004343,2025-05-31,Finance,Canada,Mid-Market
CU004344,Account 004344,2023-11-14,Software,Australia,Mid-Market
CU004345,Account 004345,2025-05-11,Retail,Singapore,Enterprise
CU004346,Account 004346,2026-02-25,Software,United Kingdom,Enterprise
CU004347,Account 004347,2023-10-11,Software,Singapore,Enterprise
CU004348,Account 004348,2022-02-27,Manufacturing,Canada,Mid-Market
CU004349,Account 004349,2024-06-20,Education,United Kingdom,SMB
CU004350,Account 004350,2024-02-02,Retail,United Kingdom,Enterprise
CU004351,Account 004351,2023-07-08,Software,Singapore,SMB
CU004352,Account 004352,2025-08-23,Professional Services,United Kingdom,Mid-Market
CU004353,Account 004353,2022-12-05,Software,Singapore,Mid-Market
CU004354,Account 004354,2022-09-21,Finance,Australia,Enterprise
CU004355,Account 004355,2023-09-25,Healthcare,United Kingdom,Enterprise
CU004356,Account 004356,2022-12-03,Healthcare,Australia,Enterprise
CU004357,Account 004357,2024-04-03,Retail,Germany,Enterprise
CU004358,Account 004358,2023-06-27,Healthcare,Australia,Enterprise
CU004359,Account 004359,2022-06-10,Finance,United Kingdom,Enterprise
CU004360,Account 004360,2026-03-02,Retail,United States,SMB
CU004361,Account 004361,2025-09-12,Professional Services,United States,SMB
CU004362,Account 004362,2024-06-13,Software,Singapore,Mid-Market
CU004363,Account 004363,2022-12-29,Education,Australia,Mid-Market
CU004364,Account 004364,2026-03-03,Finance,Singapore,Mid-Market
CU004365,Account 004365,2026-05-19,Healthcare,Germany,Mid-Market
CU004366,Account 004366,2023-06-07,Software,Australia,SMB
CU004367,Account 004367,2025-02-20,Professional Services,Singapore,Enterprise
CU004368,Account 004368,2023-03-20,Healthcare,Singapore,Mid-Market
CU004369,Account 004369,2024-12-16,Professional Services,Singapore,SMB
CU004370,Account 004370,2023-05-01,Software,Singapore,Enterprise
CU004371,Account 004371,2023-08-20,Education,United States,SMB
CU004372,Account 004372,2026-02-11,Finance,United Kingdom,Enterprise
CU004373,Account 004373,2025-06-03,Software,Singapore,Mid-Market
CU004374,Account 004374,2023-12-07,Education,United States,Enterprise
CU004375,Account 004375,2024-06-26,Finance,United Kingdom,SMB
CU004376,Account 004376,2026-06-03,Manufacturing,Canada,Mid-Market
CU004377,Account 004377,2022-02-04,Retail,United States,Mid-Market
CU004378,Account 004378,2025-01-05,Healthcare,United Kingdom,SMB
CU004379,Account 004379,2026-02-03,Professional Services,Singapore,SMB
CU004380,Account 004380,2026-03-13,Education,Australia,Enterprise
CU004381,Account 004381,2025-03-24,Manufacturing,Canada,Mid-Market
CU004382,Account 004382,2024-12-12,Manufacturing,United States,SMB
CU004383,Account 004383,2023-12-13,Professional Services,Singapore,Enterprise
CU004384,Account 004384,2024-08-29,Retail,Singapore,SMB
CU004385,Account 004385,2025-10-28,Finance,Germany,Enterprise
CU004386,Account 004386,2024-09-28,Manufacturing,Singapore,SMB
CU004387,Account 004387,2023-07-22,Education,United Kingdom,Enterprise
CU004388,Account 004388,2022-12-06,Finance,Canada,Enterprise
CU004389,Account 004389,2024-12-29,Software,Canada,Mid-Market
CU004390,Account 004390,2025-10-08,Finance,Singapore,SMB
CU004391,Account 004391,2023-09-22,Education,Australia,Enterprise
CU004392,Account 004392,2026-05-05,Retail,Canada,Enterprise
CU004393,Account 004393,2024-08-10,Professional Services,Australia,Mid-Market
CU004394,Account 004394,2026-02-11,Manufacturing,United States,SMB
CU004395,Account 004395,2024-04-09,Software,United States,Mid-Market
CU004396,Account 004396,2023-06-09,Finance,United Kingdom,Enterprise
CU004397,Account 004397,2024-10-13,Manufacturing,United Kingdom,Enterprise
CU004398,Account 004398,2023-12-09,Finance,Singapore,Enterprise
CU004399,Account 004399,2024-01-26,Healthcare,United States,Mid-Market
CU004400,Account 004400,2024-08-16,Software,Germany,Mid-Market
CU004401,Account 004401,2025-04-17,Manufacturing,United Kingdom,Mid-Market
CU004402,Account 004402,2025-08-18,Education,United States,SMB
CU004403,Account 004403,2025-07-17,Manufacturing,United Kingdom,Mid-Market
CU004404,Account 004404,2023-04-30,Healthcare,United Kingdom,Mid-Market
CU004405,Account 004405,2026-03-28,Professional Services,United Kingdom,Enterprise
CU004406,Account 004406,2024-11-25,Professional Services,Singapore,SMB
CU004407,Account 004407,2023-05-14,Software,Singapore,Mid-Market
CU004408,Account 004408,2024-02-06,Education,Germany,Enterprise
CU004409,Account 004409,2024-03-06,Retail,United States,Enterprise
CU004410,Account 004410,2022-09-22,Software,Germany,Enterprise
CU004411,Account 004411,2023-10-30,Retail,United States,SMB
CU004412,Account 004412,2026-04-12,Finance,Canada,Mid-Market
CU004413,Account 004413,2024-12-26,Education,Singapore,Mid-Market
CU004414,Account 004414,2023-11-06,Manufacturing,Germany,Enterprise
CU004415,Account 004415,2022-06-05,Manufacturing,United Kingdom,Mid-Market
CU004416,Account 004416,2025-08-21,Professional Services,Canada,Mid-Market
CU004417,Account 004417,2024-07-04,Retail,United Kingdom,Mid-Market
CU004418,Account 004418,2024-06-03,Professional Services,Canada,Enterprise
CU004419,Account 004419,2024-12-03,Retail,Germany,Enterprise
CU004420,Account 004420,2024-11-03,Healthcare,Canada,SMB
CU004421,Account 004421,2023-07-30,Healthcare,Germany,Enterprise
CU004422,Account 004422,2025-11-19,Professional Services,United Kingdom,Enterprise
CU004423,Account 004423,2025-12-04,Professional Services,Canada,SMB
CU004424,Account 004424,2026-01-21,Manufacturing,Canada,Mid-Market
CU004425,Account 004425,2025-01-07,Professional Services,United States,Mid-Market
CU004426,Account 004426,2026-04-27,Professional Services,United States,Mid-Market
CU004427,Account 004427,2022-07-03,Education,United Kingdom,SMB
CU004428,Account 004428,2025-10-08,Healthcare,Australia,SMB
CU004429,Account 004429,2025-08-15,Healthcare,Singapore,Mid-Market
CU004430,Account 004430,2026-01-28,Education,Germany,SMB
CU004431,Account 004431,2025-06-19,Software,Germany,SMB
CU004432,Account 004432,2025-05-08,Finance,United States,SMB
CU004433,Account 004433,2024-12-22,Professional Services,Australia,SMB
CU004434,Account 004434,2025-03-17,Professional Services,Germany,Mid-Market
CU004435,Account 004435,2026-06-21,Retail,United States,Mid-Market
CU004436,Account 004436,2025-08-05,Education,Germany,Mid-Market
CU004437,Account 004437,2024-05-14,Retail,Australia,Mid-Market
CU004438,Account 004438,2022-08-16,Manufacturing,Australia,Mid-Market
CU004439,Account 004439,2023-01-30,Professional Services,Germany,Enterprise
CU004440,Account 004440,2023-03-05,Manufacturing,Germany,Enterprise
CU004441,Account 004441,2024-08-15,Healthcare,Canada,Mid-Market
CU004442,Account 004442,2024-06-23,Healthcare,Canada,SMB
CU004443,Account 004443,2025-08-24,Healthcare,Germany,Mid-Market
CU004444,Account 004444,2025-08-15,Professional Services,Germany,Enterprise
CU004445,Account 004445,2026-03-27,Healthcare,Canada,SMB
CU004446,Account 004446,2022-07-31,Healthcare,United Kingdom,Mid-Market
CU004447,Account 004447,2022-09-07,Retail,Australia,Enterprise
CU004448,Account 004448,2023-02-05,Manufacturing,Germany,Enterprise
CU004449,Account 004449,2024-02-18,Software,United States,SMB
CU004450,Account 004450,2025-08-04,Software,Canada,SMB
CU004451,Account 004451,2023-04-11,Software,Canada,Mid-Market
CU004452,Account 004452,2025-11-24,Software,United Kingdom,Enterprise
CU004453,Account 004453,2024-07-27,Education,Germany,SMB
CU004454,Account 004454,2024-11-30,Education,Canada,SMB
CU004455,Account 004455,2022-02-12,Education,Singapore,SMB
CU004456,Account 004456,2022-10-22,Software,United Kingdom,SMB
CU004457,Account 004457,2023-08-10,Education,Canada,Enterprise
CU004458,Account 004458,2025-11-15,Software,United Kingdom,Mid-Market
CU004459,Account 004459,2023-11-21,Professional Services,Canada,Enterprise
CU004460,Account 004460,2025-08-19,Professional Services,Australia,Mid-Market
CU004461,Account 004461,2022-02-26,Software,United States,Mid-Market
CU004462,Account 004462,2024-05-30,Healthcare,Canada,SMB
CU004463,Account 004463,2024-11-24,Professional Services,Canada,Enterprise
CU004464,Account 004464,2022-07-19,Finance,Australia,Mid-Market
CU004465,Account 004465,2024-07-07,Education,United States,Mid-Market
CU004466,Account 004466,2024-01-21,Manufacturing,Canada,Enterprise
CU004467,Account 004467,2022-11-28,Professional Services,Singapore,Mid-Market
CU004468,Account 004468,2022-07-13,Education,United States,Enterprise
CU004469,Account 004469,2022-07-27,Software,Australia,Enterprise
CU004470,Account 004470,2023-06-05,Software,Australia,Enterprise
CU004471,Account 004471,2025-06-21,Healthcare,United Kingdom,Enterprise
CU004472,Account 004472,2023-06-03,Healthcare,United Kingdom,SMB
CU004473,Account 004473,2023-01-22,Software,United States,Enterprise
CU004474,Account 004474,2023-04-02,Finance,Germany,SMB
CU004475,Account 004475,2022-05-10,Manufacturing,Germany,Enterprise
CU004476,Account 004476,2022-06-11,Professional Services,Singapore,Mid-Market
CU004477,Account 004477,2023-12-26,Finance,United States,Mid-Market
CU004478,Account 004478,2022-07-26,Professional Services,Canada,Mid-Market
CU004479,Account 004479,2024-04-30,Education,United States,Mid-Market
CU004480,Account 004480,2024-03-01,Professional Services,Germany,Mid-Market
CU004481,Account 004481,2023-10-02,Manufacturing,Canada,Mid-Market
CU004482,Account 004482,2026-04-01,Software,Canada,Mid-Market
CU004483,Account 004483,2025-07-19,Education,Canada,SMB
CU004484,Account 004484,2024-08-18,Healthcare,Singapore,Mid-Market
CU004485,Account 004485,2025-08-05,Professional Services,Germany,Enterprise
CU004486,Account 004486,2023-04-21,Retail,Canada,Mid-Market
CU004487,Account 004487,2023-09-29,Healthcare,Canada,SMB
CU004488,Account 004488,2022-03-13,Healthcare,United Kingdom,SMB
CU004489,Account 004489,2022-08-01,Healthcare,Singapore,Enterprise
CU004490,Account 004490,2024-05-15,Finance,Singapore,SMB
CU004491,Account 004491,2024-06-07,Software,Singapore,Mid-Market
CU004492,Account 004492,2022-03-16,Finance,Canada,SMB
CU004493,Account 004493,2024-12-04,Education,United Kingdom,SMB
CU004494,Account 004494,2022-03-25,Healthcare,United Kingdom,SMB
CU004495,Account 004495,2022-04-17,Finance,Canada,Enterprise
CU004496,Account 004496,2022-04-04,Software,Canada,SMB
CU004497,Account 004497,2024-09-28,Healthcare,Singapore,SMB
CU004498,Account 004498,2022-01-14,Education,Canada,Mid-Market
CU004499,Account 004499,2025-05-26,Retail,Canada,Enterprise
CU004500,Account 004500,2023-08-02,Finance,Germany,Enterprise
CU004501,Account 004501,2022-08-30,Finance,Australia,SMB
CU004502,Account 004502,2025-03-29,Finance,Singapore,SMB
CU004503,Account 004503,2022-05-19,Retail,Canada,Mid-Market
CU004504,Account 004504,2022-03-28,Retail,Canada,Enterprise
CU004505,Account 004505,2023-06-25,Manufacturing,Canada,SMB
CU004506,Account 004506,2023-06-14,Professional Services,Singapore,Mid-Market
CU004507,Account 004507,2024-03-26,Software,Singapore,Mid-Market
CU004508,Account 004508,2025-08-01,Manufacturing,United States,Mid-Market
CU004509,Account 004509,2023-07-28,Healthcare,Australia,Mid-Market
CU004510,Account 004510,2026-01-17,Finance,Canada,Enterprise
CU004511,Account 004511,2023-09-13,Education,United States,SMB
CU004512,Account 004512,2022-07-02,Healthcare,United States,Enterprise
CU004513,Account 004513,2022-04-14,Retail,United Kingdom,SMB
CU004514,Account 004514,2023-07-23,Finance,Canada,Enterprise
CU004515,Account 004515,2024-11-12,Software,Germany,SMB
CU004516,Account 004516,2023-07-08,Retail,United Kingdom,Enterprise
CU004517,Account 004517,2025-10-28,Professional Services,Australia,SMB
CU004518,Account 004518,2023-07-08,Manufacturing,United States,Enterprise
CU004519,Account 004519,2023-07-24,Education,Singapore,Mid-Market
CU004520,Account 004520,2023-04-12,Manufacturing,Germany,Enterprise
CU004521,Account 004521,2026-06-11,Retail,United Kingdom,Enterprise
CU004522,Account 004522,2025-09-13,Professional Services,United States,SMB
CU004523,Account 004523,2025-09-27,Healthcare,United States,Mid-Market
CU004524,Account 004524,2026-04-30,Retail,Germany,Enterprise
CU004525,Account 004525,2025-02-04,Finance,Germany,Mid-Market
CU004526,Account 004526,2022-12-01,Finance,Singapore,Enterprise
CU004527,Account 004527,2023-12-28,Professional Services,United States,Mid-Market
CU004528,Account 004528,2022-04-06,Manufacturing,United States,Mid-Market
CU004529,Account 004529,2025-02-18,Education,Germany,Enterprise
CU004530,Account 004530,2024-08-21,Healthcare,United Kingdom,Mid-Market
CU004531,Account 004531,2022-08-20,Retail,United Kingdom,Mid-Market
CU004532,Account 004532,2022-04-22,Education,Australia,Mid-Market
CU004533,Account 004533,2025-09-20,Manufacturing,United Kingdom,SMB
CU004534,Account 004534,2022-02-18,Software,Canada,SMB
CU004535,Account 004535,2024-06-22,Finance,Germany,SMB
CU004536,Account 004536,2024-03-24,Finance,Germany,Mid-Market
CU004537,Account 004537,2025-10-01,Professional Services,United States,SMB
CU004538,Account 004538,2022-02-10,Finance,Singapore,Enterprise
CU004539,Account 004539,2023-01-06,Finance,Germany,SMB
CU004540,Account 004540,2023-10-17,Software,United States,Mid-Market
CU004541,Account 004541,2022-08-01,Professional Services,Australia,SMB
CU004542,Account 004542,2024-07-09,Education,United Kingdom,Mid-Market
CU004543,Account 004543,2023-04-07,Finance,United Kingdom,Mid-Market
CU004544,Account 004544,2023-06-27,Retail,Singapore,Enterprise
CU004545,Account 004545,2023-07-05,Education,United States,Mid-Market
CU004546,Account 004546,2025-10-30,Retail,Australia,SMB
CU004547,Account 004547,2023-07-12,Finance,Canada,Enterprise
CU004548,Account 004548,2024-11-25,Manufacturing,United States,SMB
CU004549,Account 004549,2026-02-14,Manufacturing,Australia,SMB
CU004550,Account 004550,2024-12-10,Manufacturing,Australia,Enterprise
CU004551,Account 004551,2022-08-18,Professional Services,Australia,SMB
CU004552,Account 004552,2024-01-30,Manufacturing,United Kingdom,SMB
CU004553,Account 004553,2024-04-14,Education,Singapore,SMB
CU004554,Account 004554,2023-03-10,Software,Germany,Enterprise
CU004555,Account 004555,2025-10-08,Manufacturing,Singapore,SMB
CU004556,Account 004556,2025-10-28,Retail,Canada,Enterprise
CU004557,Account 004557,2023-08-02,Manufacturing,United States,Mid-Market
CU004558,Account 004558,2022-07-05,Finance,Germany,Mid-Market
CU004559,Account 004559,2024-10-16,Retail,Germany,Mid-Market
CU004560,Account 004560,2023-06-03,Professional Services,United States,Mid-Market
CU004561,Account 004561,2023-09-30,Healthcare,United Kingdom,Enterprise
CU004562,Account 004562,2025-07-15,Education,United States,Enterprise
CU004563,Account 004563,2025-11-10,Healthcare,United States,SMB
CU004564,Account 004564,2024-02-04,Finance,Australia,Enterprise
CU004565,Account 004565,2022-02-15,Manufacturing,Germany,SMB
CU004566,Account 004566,2025-04-13,Software,Germany,Mid-Market
CU004567,Account 004567,2026-06-04,Professional Services,Canada,SMB
CU004568,Account 004568,2026-02-05,Professional Services,Australia,Mid-Market
CU004569,Account 004569,2023-12-05,Finance,Germany,Enterprise
CU004570,Account 004570,2022-05-15,Manufacturing,Germany,Mid-Market
CU004571,Account 004571,2025-10-16,Healthcare,Australia,Enterprise
CU004572,Account 004572,2024-06-28,Manufacturing,Canada,Enterprise
CU004573,Account 004573,2026-04-29,Manufacturing,Germany,Mid-Market
CU004574,Account 004574,2026-04-28,Education,United States,Enterprise
CU004575,Account 004575,2026-03-11,Education,Singapore,Enterprise
CU004576,Account 004576,2024-09-11,Healthcare,Australia,SMB
CU004577,Account 004577,2025-07-31,Manufacturing,Singapore,Enterprise
CU004578,Account 004578,2025-08-30,Education,Germany,SMB
CU004579,Account 004579,2024-11-08,Healthcare,United States,Enterprise
CU004580,Account 004580,2022-02-15,Software,United Kingdom,Enterprise
CU004581,Account 004581,2025-02-07,Retail,Canada,Enterprise
CU004582,Account 004582,2023-11-28,Manufacturing,Singapore,Mid-Market
CU004583,Account 004583,2024-07-25,Software,Germany,SMB
CU004584,Account 004584,2024-08-01,Manufacturing,Germany,Enterprise
CU004585,Account 004585,2025-03-24,Professional Services,Australia,Mid-Market
CU004586,Account 004586,2024-07-22,Finance,Australia,SMB
CU004587,Account 004587,2024-05-02,Professional Services,United States,Enterprise
CU004588,Account 004588,2025-08-15,Healthcare,United Kingdom,Mid-Market
CU004589,Account 004589,2023-03-05,Professional Services,Australia,SMB
CU004590,Account 004590,2024-03-25,Education,Canada,SMB
CU004591,Account 004591,2025-02-04,Finance,Australia,SMB
CU004592,Account 004592,2023-06-27,Education,United States,Enterprise
CU004593,Account 004593,2025-05-23,Professional Services,Australia,SMB
CU004594,Account 004594,2024-08-04,Finance,United States,SMB
CU004595,Account 004595,2025-06-24,Finance,Germany,Enterprise
CU004596,Account 004596,2023-01-05,Healthcare,Singapore,SMB
CU004597,Account 004597,2022-11-29,Finance,Australia,Mid-Market
CU004598,Account 004598,2024-03-16,Healthcare,Canada,Mid-Market
CU004599,Account 004599,2022-05-15,Manufacturing,United States,SMB
CU004600,Account 004600,2024-08-27,Software,Singapore,SMB
CU004601,Account 004601,2025-11-13,Professional Services,United States,Mid-Market
CU004602,Account 004602,2025-01-18,Finance,Germany,SMB
CU004603,Account 004603,2025-04-04,Healthcare,Canada,Mid-Market
CU004604,Account 004604,2023-09-25,Healthcare,Germany,Enterprise
CU004605,Account 004605,2022-08-28,Software,United States,Enterprise
CU004606,Account 004606,2026-02-10,Retail,Australia,SMB
CU004607,Account 004607,2024-08-18,Retail,Germany,Mid-Market
CU004608,Account 004608,2026-03-23,Retail,Australia,Enterprise
CU004609,Account 004609,2022-11-14,Education,United States,SMB
CU004610,Account 004610,2023-05-16,Healthcare,United Kingdom,SMB
CU004611,Account 004611,2024-08-16,Manufacturing,Australia,Mid-Market
CU004612,Account 004612,2026-04-28,Finance,Singapore,Enterprise
CU004613,Account 004613,2025-11-12,Healthcare,United States,SMB
CU004614,Account 004614,2023-08-21,Manufacturing,United Kingdom,Enterprise
CU004615,Account 004615,2024-07-23,Healthcare,United Kingdom,Mid-Market
CU004616,Account 004616,2024-11-23,Software,Australia,Mid-Market
CU004617,Account 004617,2026-04-25,Healthcare,Singapore,Mid-Market
CU004618,Account 004618,2022-12-21,Software,Canada,SMB
CU004619,Account 004619,2026-04-08,Professional Services,Singapore,Enterprise
CU004620,Account 004620,2023-04-15,Finance,Australia,SMB
CU004621,Account 004621,2024-06-26,Software,United States,Enterprise
CU004622,Account 004622,2022-09-16,Retail,United States,SMB
CU004623,Account 004623,2024-10-05,Retail,Singapore,Mid-Market
CU004624,Account 004624,2023-04-04,Retail,Canada,Enterprise
CU004625,Account 004625,2025-02-05,Healthcare,Germany,SMB
CU004626,Account 004626,2023-08-22,Software,United Kingdom,Mid-Market
CU004627,Account 004627,2025-04-03,Retail,Singapore,SMB
CU004628,Account 004628,2022-10-02,Education,United States,Enterprise
CU004629,Account 004629,2026-04-28,Manufacturing,Australia,SMB
CU004630,Account 004630,2024-09-27,Healthcare,Germany,Mid-Market
CU004631,Account 004631,2025-01-29,Retail,United States,Enterprise
CU004632,Account 004632,2026-02-04,Software,Singapore,Mid-Market
CU004633,Account 004633,2025-12-12,Professional Services,Singapore,Mid-Market
CU004634,Account 004634,2023-12-09,Retail,Canada,SMB
CU004635,Account 004635,2025-05-10,Software,Germany,Mid-Market
CU004636,Account 004636,2022-01-16,Professional Services,Canada,SMB
CU004637,Account 004637,2023-02-20,Software,Australia,Mid-Market
CU004638,Account 004638,2024-09-21,Software,United States,Enterprise
CU004639,Account 004639,2025-02-28,Manufacturing,United Kingdom,Mid-Market
CU004640,Account 004640,2022-06-07,Finance,Canada,Enterprise
CU004641,Account 004641,2023-12-24,Healthcare,Germany,SMB
CU004642,Account 004642,2023-10-29,Retail,Singapore,SMB
CU004643,Account 004643,2022-09-16,Education,Australia,SMB
CU004644,Account 004644,2024-10-03,Manufacturing,Germany,SMB
CU004645,Account 004645,2024-12-15,Finance,United States,Enterprise
CU004646,Account 004646,2023-04-17,Retail,Australia,Enterprise
CU004647,Account 004647,2023-04-24,Education,United Kingdom,Mid-Market
CU004648,Account 004648,2025-09-28,Professional Services,Australia,Mid-Market
CU004649,Account 004649,2024-09-22,Finance,Canada,SMB
CU004650,Account 004650,2025-10-27,Finance,Singapore,Enterprise
CU004651,Account 004651,2024-07-21,Healthcare,United States,Enterprise
CU004652,Account 004652,2026-04-17,Finance,Australia,SMB
CU004653,Account 004653,2025-12-15,Retail,Singapore,Mid-Market
CU004654,Account 004654,2022-10-11,Education,Singapore,Enterprise
CU004655,Account 004655,2023-08-12,Finance,Canada,Mid-Market
CU004656,Account 004656,2022-10-15,Healthcare,United States,Enterprise
CU004657,Account 004657,2025-12-15,Software,Australia,Enterprise
CU004658,Account 004658,2026-02-28,Finance,United States,Mid-Market
CU004659,Account 004659,2022-02-21,Retail,Australia,SMB
CU004660,Account 004660,2026-01-18,Software,United States,Mid-Market
CU004661,Account 004661,2024-05-18,Finance,United Kingdom,Mid-Market
CU004662,Account 004662,2022-06-03,Finance,Australia,Enterprise
CU004663,Account 004663,2023-04-04,Retail,Germany,Enterprise
CU004664,Account 004664,2025-11-30,Finance,United States,Mid-Market
CU004665,Account 004665,2025-03-06,Software,United States,SMB
CU004666,Account 004666,2025-07-05,Retail,United Kingdom,SMB
CU004667,Account 004667,2024-10-16,Manufacturing,United Kingdom,SMB
CU004668,Account 004668,2025-01-22,Manufacturing,Australia,Mid-Market
CU004669,Account 004669,2022-03-20,Education,United States,SMB
CU004670,Account 004670,2026-01-14,Software,Canada,SMB
CU004671,Account 004671,2024-11-30,Education,Canada,Enterprise
CU004672,Account 004672,2025-10-27,Professional Services,Germany,Enterprise
CU004673,Account 004673,2023-05-10,Retail,Australia,SMB
CU004674,Account 004674,2023-04-19,Software,Australia,Mid-Market
CU004675,Account 004675,2026-01-11,Finance,Germany,Enterprise
CU004676,Account 004676,2022-10-31,Retail,Australia,Mid-Market
CU004677,Account 004677,2022-12-31,Manufacturing,United Kingdom,SMB
CU004678,Account 004678,2023-09-02,Software,United Kingdom,SMB
CU004679,Account 004679,2025-07-07,Retail,Singapore,SMB
CU004680,Account 004680,2024-02-16,Education,Australia,Enterprise
CU004681,Account 004681,2024-01-01,Education,United Kingdom,Mid-Market
CU004682,Account 004682,2025-01-30,Finance,United Kingdom,SMB
CU004683,Account 004683,2025-03-25,Education,Canada,Enterprise
CU004684,Account 004684,2025-03-21,Professional Services,United Kingdom,SMB
CU004685,Account 004685,2026-04-08,Software,Canada,Enterprise
CU004686,Account 004686,2022-11-06,Professional Services,Singapore,Enterprise
CU004687,Account 004687,2024-07-07,Retail,United Kingdom,SMB
CU004688,Account 004688,2023-11-11,Software,United Kingdom,Mid-Market
CU004689,Account 004689,2024-11-16,Finance,Canada,Enterprise
CU004690,Account 004690,2025-06-30,Finance,Germany,SMB
CU004691,Account 004691,2024-07-29,Healthcare,Singapore,Enterprise
CU004692,Account 004692,2022-09-05,Finance,Canada,Mid-Market
CU004693,Account 004693,2023-07-20,Healthcare,Germany,Mid-Market
CU004694,Account 004694,2024-09-27,Manufacturing,Canada,SMB
CU004695,Account 004695,2025-12-17,Professional Services,Australia,Enterprise
CU004696,Account 004696,2025-06-27,Healthcare,Australia,SMB
CU004697,Account 004697,2025-03-30,Education,Australia,Enterprise
CU004698,Account 004698,2022-05-19,Retail,Singapore,SMB
CU004699,Account 004699,2023-06-24,Education,Australia,Enterprise
CU004700,Account 004700,2023-11-08,Education,Germany,Mid-Market
CU004701,Account 004701,2023-08-17,Education,United Kingdom,Enterprise
CU004702,Account 004702,2023-07-17,Software,Germany,Enterprise
CU004703,Account 004703,2023-09-07,Professional Services,United States,SMB
CU004704,Account 004704,2023-10-07,Software,United Kingdom,SMB
CU004705,Account 004705,2025-03-01,Finance,Germany,SMB
CU004706,Account 004706,2025-08-26,Software,Canada,SMB
CU004707,Account 004707,2023-02-20,Education,United States,Mid-Market
CU004708,Account 004708,2025-10-27,Manufacturing,Germany,SMB
CU004709,Account 004709,2023-01-30,Professional Services,Australia,Enterprise
CU004710,Account 004710,2025-02-19,Professional Services,United States,Mid-Market
CU004711,Account 004711,2026-03-25,Professional Services,Australia,SMB
CU004712,Account 004712,2024-06-18,Professional Services,Australia,SMB
CU004713,Account 004713,2023-07-02,Retail,Germany,SMB
CU004714,Account 004714,2025-04-21,Retail,United Kingdom,Enterprise
CU004715,Account 004715,2024-11-05,Healthcare,Germany,Enterprise
CU004716,Account 004716,2023-10-17,Professional Services,Canada,SMB
CU004717,Account 004717,2024-03-10,Software,United Kingdom,SMB
CU004718,Account 004718,2023-06-23,Education,Singapore,Mid-Market
CU004719,Account 004719,2025-04-28,Healthcare,United Kingdom,Enterprise
CU004720,Account 004720,2025-09-09,Education,Germany,Enterprise
CU004721,Account 004721,2026-06-08,Retail,Australia,SMB
CU004722,Account 004722,2025-11-24,Professional Services,Australia,Mid-Market
CU004723,Account 004723,2026-04-02,Healthcare,United Kingdom,Enterprise
CU004724,Account 004724,2026-05-08,Healthcare,Australia,SMB
CU004725,Account 004725,2023-05-20,Healthcare,United States,Mid-Market
CU004726,Account 004726,2023-12-23,Manufacturing,United Kingdom,SMB
CU004727,Account 004727,2022-04-01,Retail,Australia,SMB
CU004728,Account 004728,2023-05-19,Finance,Australia,Mid-Market
CU004729,Account 004729,2025-11-26,Manufacturing,Singapore,Mid-Market
CU004730,Account 004730,2026-02-12,Software,Canada,Mid-Market
CU004731,Account 004731,2023-09-10,Education,United States,Mid-Market
CU004732,Account 004732,2025-05-28,Software,Germany,Mid-Market
CU004733,Account 004733,2022-10-26,Healthcare,Germany,SMB
CU004734,Account 004734,2022-03-05,Manufacturing,Canada,Mid-Market
CU004735,Account 004735,2024-05-27,Manufacturing,Australia,SMB
CU004736,Account 004736,2022-04-10,Professional Services,Germany,Mid-Market
CU004737,Account 004737,2024-02-24,Education,United States,Enterprise
CU004738,Account 004738,2025-03-10,Healthcare,United States,Enterprise
CU004739,Account 004739,2024-09-19,Retail,Australia,SMB
CU004740,Account 004740,2025-09-14,Professional Services,Canada,Mid-Market
CU004741,Account 004741,2024-02-01,Software,Canada,SMB
CU004742,Account 004742,2022-05-01,Education,United Kingdom,Enterprise
CU004743,Account 004743,2022-08-29,Professional Services,United Kingdom,Mid-Market
CU004744,Account 004744,2025-08-06,Healthcare,Canada,Enterprise
CU004745,Account 004745,2023-06-11,Professional Services,Germany,Enterprise
CU004746,Account 004746,2024-01-08,Healthcare,United Kingdom,SMB
CU004747,Account 004747,2022-07-07,Software,Singapore,SMB
CU004748,Account 004748,2022-07-07,Education,United Kingdom,Mid-Market
CU004749,Account 004749,2024-05-06,Professional Services,United States,Enterprise
CU004750,Account 004750,2025-01-30,Manufacturing,Canada,Enterprise
CU004751,Account 004751,2024-04-08,Professional Services,Canada,Enterprise
CU004752,Account 004752,2023-06-11,Software,Australia,SMB
CU004753,Account 004753,2024-10-25,Manufacturing,United Kingdom,SMB
CU004754,Account 004754,2022-06-01,Software,Germany,SMB
CU004755,Account 004755,2026-05-04,Software,Singapore,Enterprise
CU004756,Account 004756,2025-09-01,Education,Singapore,SMB
CU004757,Account 004757,2023-10-19,Software,United States,Enterprise
CU004758,Account 004758,2022-07-10,Software,Canada,Mid-Market
CU004759,Account 004759,2023-12-23,Retail,Australia,Enterprise
CU004760,Account 004760,2024-04-10,Education,Australia,Mid-Market
CU004761,Account 004761,2024-10-23,Retail,Singapore,Mid-Market
CU004762,Account 004762,2023-04-26,Software,Australia,Mid-Market
CU004763,Account 004763,2023-01-26,Education,Australia,Enterprise
CU004764,Account 004764,2023-06-02,Manufacturing,Canada,Mid-Market
CU004765,Account 004765,2024-12-20,Software,United Kingdom,Mid-Market
CU004766,Account 004766,2023-06-04,Healthcare,United Kingdom,Enterprise
CU004767,Account 004767,2025-11-10,Software,United States,Mid-Market
CU004768,Account 004768,2025-01-01,Education,Singapore,Mid-Market
CU004769,Account 004769,2022-03-27,Education,United Kingdom,Mid-Market
CU004770,Account 004770,2022-01-30,Software,Germany,Enterprise
CU004771,Account 004771,2022-12-09,Finance,United Kingdom,Enterprise
CU004772,Account 004772,2022-10-23,Finance,Canada,SMB
CU004773,Account 004773,2025-01-03,Healthcare,Singapore,Mid-Market
CU004774,Account 004774,2025-06-05,Manufacturing,Australia,Mid-Market
CU004775,Account 004775,2026-03-29,Finance,Singapore,Enterprise
CU004776,Account 004776,2022-04-27,Education,United Kingdom,SMB
CU004777,Account 004777,2023-07-04,Healthcare,Singapore,SMB
CU004778,Account 004778,2022-10-02,Manufacturing,United Kingdom,Enterprise
CU004779,Account 004779,2026-05-28,Retail,Australia,Mid-Market
CU004780,Account 004780,2025-08-20,Manufacturing,United States,Enterprise
CU004781,Account 004781,2023-07-13,Professional Services,Singapore,Enterprise
CU004782,Account 004782,2024-09-08,Software,United Kingdom,Mid-Market
CU004783,Account 004783,2022-07-29,Manufacturing,Germany,Enterprise
CU004784,Account 004784,2023-11-21,Manufacturing,United States,SMB
CU004785,Account 004785,2026-06-01,Professional Services,United States,Enterprise
CU004786,Account 004786,2025-03-08,Healthcare,Singapore,Enterprise
CU004787,Account 004787,2022-10-31,Software,United Kingdom,SMB
CU004788,Account 004788,2022-06-04,Manufacturing,Australia,Mid-Market
CU004789,Account 004789,2025-06-17,Finance,Singapore,Mid-Market
CU004790,Account 004790,2022-11-13,Retail,United States,Mid-Market
CU004791,Account 004791,2022-12-08,Finance,Australia,SMB
CU004792,Account 004792,2024-03-27,Professional Services,Germany,Mid-Market
CU004793,Account 004793,2023-08-02,Software,Germany,Mid-Market
CU004794,Account 004794,2024-09-07,Software,Germany,SMB
CU004795,Account 004795,2023-07-01,Manufacturing,United States,Mid-Market
CU004796,Account 004796,2022-01-11,Healthcare,United States,Enterprise
CU004797,Account 004797,2024-07-21,Software,Singapore,Mid-Market
CU004798,Account 004798,2025-09-08,Software,Australia,Enterprise
CU004799,Account 004799,2023-03-18,Professional Services,United States,Mid-Market
CU004800,Account 004800,2026-06-24,Manufacturing,Canada,Mid-Market
CU004801,Account 004801,2025-06-18,Software,Australia,Mid-Market
CU004802,Account 004802,2026-02-20,Education,United Kingdom,Enterprise
CU004803,Account 004803,2022-12-05,Professional Services,Canada,Enterprise
CU004804,Account 004804,2026-05-15,Software,Australia,SMB
CU004805,Account 004805,2022-09-07,Healthcare,Germany,Mid-Market
CU004806,Account 004806,2023-08-22,Finance,Canada,Enterprise
CU004807,Account 004807,2026-04-11,Manufacturing,Singapore,Enterprise
CU004808,Account 004808,2025-12-23,Software,Singapore,Enterprise
CU004809,Account 004809,2026-06-16,Finance,Singapore,Enterprise
CU004810,Account 004810,2023-04-06,Finance,Germany,Mid-Market
CU004811,Account 004811,2023-01-23,Manufacturing,Singapore,SMB
CU004812,Account 004812,2025-07-04,Finance,Germany,Mid-Market
CU004813,Account 004813,2023-12-21,Finance,United States,SMB
CU004814,Account 004814,2022-06-26,Healthcare,Germany,SMB
CU004815,Account 004815,2023-12-11,Manufacturing,United States,SMB
CU004816,Account 004816,2025-08-06,Finance,Canada,SMB
CU004817,Account 004817,2026-01-15,Healthcare,United Kingdom,Enterprise
CU004818,Account 004818,2024-06-13,Professional Services,Singapore,SMB
CU004819,Account 004819,2025-09-08,Professional Services,Singapore,SMB
CU004820,Account 004820,2024-02-24,Software,United Kingdom,Enterprise
CU004821,Account 004821,2025-01-28,Professional Services,Singapore,SMB
CU004822,Account 004822,2022-05-18,Manufacturing,Germany,SMB
CU004823,Account 004823,2022-02-04,Finance,Singapore,Enterprise
CU004824,Account 004824,2022-12-12,Education,Germany,SMB
CU004825,Account 004825,2022-08-29,Software,Canada,Mid-Market
CU004826,Account 004826,2024-05-16,Education,United Kingdom,Enterprise
CU004827,Account 004827,2023-07-26,Retail,United States,SMB
CU004828,Account 004828,2023-08-10,Professional Services,Singapore,Mid-Market
CU004829,Account 004829,2024-04-08,Finance,Singapore,Mid-Market
CU004830,Account 004830,2022-09-28,Professional Services,Canada,Enterprise
CU004831,Account 004831,2023-02-13,Education,Germany,Mid-Market
CU004832,Account 004832,2025-02-27,Professional Services,Australia,Mid-Market
CU004833,Account 004833,2024-09-27,Manufacturing,Canada,SMB
CU004834,Account 004834,2024-07-25,Software,Canada,Mid-Market
CU004835,Account 004835,2025-08-29,Manufacturing,Canada,Mid-Market
CU004836,Account 004836,2024-09-08,Retail,Singapore,Mid-Market
CU004837,Account 004837,2026-05-06,Manufacturing,Australia,Mid-Market
CU004838,Account 004838,2024-06-18,Professional Services,United Kingdom,SMB
CU004839,Account 004839,2023-06-19,Software,Australia,Mid-Market
CU004840,Account 004840,2026-03-12,Education,Canada,Enterprise
CU004841,Account 004841,2022-04-28,Education,Singapore,SMB
CU004842,Account 004842,2023-10-27,Professional Services,United Kingdom,Mid-Market
CU004843,Account 004843,2023-07-23,Software,United States,Enterprise
CU004844,Account 004844,2025-08-16,Software,Singapore,Enterprise
CU004845,Account 004845,2023-07-11,Retail,Germany,Enterprise
CU004846,Account 004846,2025-04-21,Software,Singapore,SMB
CU004847,Account 004847,2023-07-07,Professional Services,United States,Enterprise
CU004848,Account 004848,2025-02-13,Education,United Kingdom,SMB
CU004849,Account 004849,2023-09-09,Retail,Singapore,Enterprise
CU004850,Account 004850,2025-10-03,Education,Canada,SMB
CU004851,Account 004851,2022-07-06,Software,Singapore,Enterprise
CU004852,Account 004852,2024-11-14,Education,Canada,SMB
CU004853,Account 004853,2025-06-05,Manufacturing,United States,Enterprise
CU004854,Account 004854,2024-07-10,Healthcare,Singapore,SMB
CU004855,Account 004855,2025-11-24,Healthcare,Germany,Mid-Market
CU004856,Account 004856,2022-05-09,Healthcare,Canada,Mid-Market
CU004857,Account 004857,2025-08-29,Software,United Kingdom,Enterprise
CU004858,Account 004858,2023-12-03,Manufacturing,Singapore,Mid-Market
CU004859,Account 004859,2022-04-23,Finance,Canada,SMB
CU004860,Account 004860,2023-07-07,Manufacturing,Australia,Enterprise
CU004861,Account 004861,2023-11-24,Finance,United Kingdom,Mid-Market
CU004862,Account 004862,2022-12-01,Education,Australia,Enterprise
CU004863,Account 004863,2023-06-26,Professional Services,Australia,Enterprise
CU004864,Account 004864,2023-01-22,Healthcare,Singapore,Enterprise
CU004865,Account 004865,2023-04-23,Professional Services,United States,Enterprise
CU004866,Account 004866,2026-01-11,Professional Services,United States,Mid-Market
CU004867,Account 004867,2022-07-07,Manufacturing,United States,Mid-Market
CU004868,Account 004868,2022-12-29,Manufacturing,United States,Enterprise
CU004869,Account 004869,2023-05-25,Manufacturing,Singapore,SMB
CU004870,Account 004870,2024-03-05,Software,United States,SMB
CU004871,Account 004871,2026-05-30,Manufacturing,Germany,Mid-Market
CU004872,Account 004872,2025-07-30,Retail,United States,SMB
CU004873,Account 004873,2023-04-17,Healthcare,Germany,SMB
CU004874,Account 004874,2022-04-17,Professional Services,Canada,Enterprise
CU004875,Account 004875,2025-04-02,Education,United States,Enterprise
CU004876,Account 004876,2024-06-19,Manufacturing,Germany,SMB
CU004877,Account 004877,2022-09-21,Education,United Kingdom,Mid-Market
CU004878,Account 004878,2023-07-27,Healthcare,Australia,Enterprise
CU004879,Account 004879,2024-12-12,Finance,Singapore,SMB
CU004880,Account 004880,2026-01-05,Retail,Australia,Mid-Market
CU004881,Account 004881,2024-02-03,Education,Canada,Enterprise
CU004882,Account 004882,2026-05-24,Retail,United Kingdom,Mid-Market
CU004883,Account 004883,2026-04-06,Software,United States,Enterprise
CU004884,Account 004884,2022-03-15,Professional Services,Australia,SMB
CU004885,Account 004885,2026-06-20,Software,Canada,Enterprise
CU004886,Account 004886,2023-05-17,Manufacturing,United States,Mid-Market
CU004887,Account 004887,2025-09-25,Professional Services,Singapore,SMB
CU004888,Account 004888,2026-03-27,Healthcare,United Kingdom,Enterprise
CU004889,Account 004889,2023-01-17,Professional Services,Germany,Enterprise
CU004890,Account 004890,2022-05-29,Healthcare,United States,Mid-Market
CU004891,Account 004891,2024-05-05,Software,Singapore,Enterprise
CU004892,Account 004892,2025-03-02,Software,Singapore,SMB
CU004893,Account 004893,2024-05-29,Software,Singapore,Enterprise
CU004894,Account 004894,2024-11-25,Retail,Singapore,SMB
CU004895,Account 004895,2024-01-07,Professional Services,United States,Mid-Market
CU004896,Account 004896,2023-03-13,Finance,United States,Mid-Market
CU004897,Account 004897,2025-06-08,Manufacturing,United Kingdom,Enterprise
CU004898,Account 004898,2024-11-16,Healthcare,Canada,Enterprise
CU004899,Account 004899,2022-10-29,Retail,Canada,Enterprise
CU004900,Account 004900,2023-09-10,Healthcare,Singapore,Mid-Market
CU004901,Account 004901,2025-05-05,Software,Singapore,SMB
CU004902,Account 004902,2023-01-16,Education,Canada,SMB
CU004903,Account 004903,2022-01-16,Finance,United States,Enterprise
CU004904,Account 004904,2024-09-04,Healthcare,United Kingdom,Mid-Market
CU004905,Account 004905,2022-12-11,Education,Australia,Mid-Market
CU004906,Account 004906,2022-07-01,Professional Services,United States,SMB
CU004907,Account 004907,2025-12-04,Healthcare,Australia,SMB
CU004908,Account 004908,2024-05-08,Retail,Germany,Enterprise
CU004909,Account 004909,2022-11-14,Manufacturing,Australia,Enterprise
CU004910,Account 004910,2022-11-26,Retail,Australia,SMB
CU004911,Account 004911,2022-01-09,Software,Canada,SMB
CU004912,Account 004912,2023-11-21,Finance,Canada,SMB
CU004913,Account 004913,2025-06-15,Retail,Germany,Enterprise
CU004914,Account 004914,2025-09-14,Finance,Germany,Mid-Market
CU004915,Account 004915,2025-09-30,Retail,Singapore,Enterprise
CU004916,Account 004916,2023-10-13,Manufacturing,United Kingdom,Enterprise
CU004917,Account 004917,2025-11-14,Healthcare,United States,Mid-Market
CU004918,Account 004918,2024-12-31,Professional Services,Canada,Enterprise
CU004919,Account 004919,2024-11-17,Professional Services,Australia,Enterprise
CU004920,Account 004920,2023-06-20,Education,Germany,Enterprise
CU004921,Account 004921,2024-05-30,Education,United States,Enterprise
CU004922,Account 004922,2026-03-27,Healthcare,Australia,Enterprise
CU004923,Account 004923,2023-05-27,Education,Australia,SMB
CU004924,Account 004924,2024-07-31,Professional Services,Singapore,Mid-Market
CU004925,Account 004925,2025-08-21,Healthcare,Australia,Enterprise
CU004926,Account 004926,2022-10-28,Software,United States,Mid-Market
CU004927,Account 004927,2022-07-26,Finance,Australia,Enterprise
CU004928,Account 004928,2025-04-02,Software,Australia,Enterprise
CU004929,Account 004929,2025-09-22,Education,Singapore,Enterprise
CU004930,Account 004930,2022-11-10,Education,United States,SMB
CU004931,Account 004931,2024-01-25,Software,United States,Mid-Market
CU004932,Account 004932,2022-04-19,Manufacturing,Australia,Mid-Market
CU004933,Account 004933,2022-09-11,Manufacturing,Singapore,Mid-Market
CU004934,Account 004934,2025-09-19,Retail,Singapore,SMB
CU004935,Account 004935,2023-10-26,Manufacturing,United States,Enterprise
CU004936,Account 004936,2024-02-22,Finance,United Kingdom,SMB
CU004937,Account 004937,2026-01-05,Education,United States,Mid-Market
CU004938,Account 004938,2025-07-16,Retail,United States,Enterprise
CU004939,Account 004939,2025-12-13,Healthcare,United States,Mid-Market
CU004940,Account 004940,2022-11-14,Education,Canada,Enterprise
CU004941,Account 004941,2025-01-16,Professional Services,Australia,Enterprise
CU004942,Account 004942,2025-06-05,Education,Germany,Mid-Market
CU004943,Account 004943,2023-06-21,Finance,United Kingdom,SMB
CU004944,Account 004944,2023-08-15,Manufacturing,Canada,SMB
CU004945,Account 004945,2025-10-10,Finance,United States,Enterprise
CU004946,Account 004946,2023-05-02,Software,Germany,SMB
CU004947,Account 004947,2024-01-28,Professional Services,Germany,Enterprise
CU004948,Account 004948,2026-06-29,Education,Australia,SMB
CU004949,Account 004949,2023-03-23,Healthcare,Germany,Mid-Market
CU004950,Account 004950,2022-04-22,Software,United States,SMB
CU004951,Account 004951,2026-02-24,Healthcare,United States,Enterprise
CU004952,Account 004952,2026-04-25,Healthcare,United States,SMB
CU004953,Account 004953,2025-06-21,Software,United States,Enterprise
CU004954,Account 004954,2026-03-02,Professional Services,Germany,SMB
CU004955,Account 004955,2024-09-04,Retail,United Kingdom,Enterprise
CU004956,Account 004956,2023-09-26,Healthcare,Singapore,Enterprise
CU004957,Account 004957,2022-01-25,Education,Australia,SMB
CU004958,Account 004958,2025-07-20,Finance,Australia,Enterprise
CU004959,Account 004959,2025-04-22,Finance,United Kingdom,Mid-Market
CU004960,Account 004960,2026-06-16,Software,Germany,Mid-Market
CU004961,Account 004961,2025-08-21,Retail,United States,Enterprise
CU004962,Account 004962,2026-01-28,Education,Australia,Enterprise
CU004963,Account 004963,2024-05-05,Manufacturing,United Kingdom,SMB
CU004964,Account 004964,2023-11-16,Retail,Singapore,Enterprise
CU004965,Account 004965,2023-08-13,Education,Singapore,Enterprise
CU004966,Account 004966,2026-06-16,Professional Services,Canada,Mid-Market
CU004967,Account 004967,2025-04-25,Manufacturing,Canada,SMB
CU004968,Account 004968,2026-03-31,Healthcare,Australia,Mid-Market
CU004969,Account 004969,2024-08-24,Healthcare,United Kingdom,Enterprise
CU004970,Account 004970,2023-11-18,Manufacturing,United States,SMB
CU004971,Account 004971,2023-07-17,Finance,United Kingdom,SMB
CU004972,Account 004972,2024-01-24,Professional Services,United States,Enterprise
CU004973,Account 004973,2024-09-15,Education,Australia,Enterprise
CU004974,Account 004974,2026-04-29,Software,Germany,Enterprise
CU004975,Account 004975,2024-03-12,Education,Singapore,SMB
CU004976,Account 004976,2022-10-16,Professional Services,Canada,Mid-Market
CU004977,Account 004977,2025-03-05,Manufacturing,Canada,Enterprise
CU004978,Account 004978,2022-08-18,Retail,Singapore,Enterprise
CU004979,Account 004979,2023-07-16,Healthcare,Singapore,Enterprise
CU004980,Account 004980,2025-10-12,Healthcare,Canada,Enterprise
CU004981,Account 004981,2024-08-04,Retail,United States,Mid-Market
CU004982,Account 004982,2022-01-24,Retail,Singapore,Enterprise
CU004983,Account 004983,2024-07-24,Manufacturing,United States,Enterprise
CU004984,Account 004984,2022-10-05,Education,United States,SMB
CU004985,Account 004985,2023-12-24,Professional Services,United States,Mid-Market
CU004986,Account 004986,2024-12-29,Finance,United Kingdom,Mid-Market
CU004987,Account 004987,2026-06-23,Retail,Singapore,SMB
CU004988,Account 004988,2023-06-23,Healthcare,Germany,Mid-Market
CU004989,Account 004989,2026-06-19,Professional Services,Canada,Enterprise
CU004990,Account 004990,2025-07-17,Retail,Australia,Mid-Market
CU004991,Account 004991,2026-06-29,Finance,Australia,Mid-Market
CU004992,Account 004992,2026-03-05,Software,Australia,SMB
CU004993,Account 004993,2022-10-17,Education,United Kingdom,Enterprise
CU004994,Account 004994,2026-02-10,Retail,Germany,SMB
CU004995,Account 004995,2025-05-25,Finance,Singapore,Enterprise
CU004996,Account 004996,2023-05-31,Manufacturing,Germany,SMB
CU004997,Account 004997,2022-12-03,Finance,Germany,Enterprise
CU004998,Account 004998,2022-07-17,Software,Canada,SMB
CU004999,Account 004999,2025-03-01,Education,Australia,SMB
CU005000,Account 005000,2025-08-19,Healthcare,Singapore,Mid-Market
CU005001,Account 005001,2022-04-01,Retail,United Kingdom,Enterprise
CU005002,Account 005002,2024-08-27,Healthcare,Australia,Mid-Market
CU005003,Account 005003,2024-10-20,Manufacturing,Germany,Enterprise
CU005004,Account 005004,2022-04-09,Healthcare,Canada,Mid-Market
CU005005,Account 005005,2023-02-06,Healthcare,Singapore,Enterprise
CU005006,Account 005006,2023-11-07,Retail,Australia,Mid-Market
CU005007,Account 005007,2023-12-29,Education,Canada,SMB
CU005008,Account 005008,2023-01-28,Healthcare,United States,Mid-Market
CU005009,Account 005009,2023-12-14,Retail,United States,Enterprise
CU005010,Account 005010,2026-03-25,Manufacturing,Australia,Mid-Market
CU005011,Account 005011,2022-06-06,Professional Services,United Kingdom,SMB
CU005012,Account 005012,2022-11-18,Healthcare,Germany,SMB
CU005013,Account 005013,2023-02-23,Education,United States,SMB
CU005014,Account 005014,2024-04-26,Retail,United Kingdom,Mid-Market
CU005015,Account 005015,2023-08-01,Manufacturing,United States,SMB
CU005016,Account 005016,2026-04-08,Retail,United States,Enterprise
CU005017,Account 005017,2022-09-22,Professional Services,Canada,SMB
CU005018,Account 005018,2024-08-25,Retail,Germany,Enterprise
CU005019,Account 005019,2023-12-13,Software,Australia,Enterprise
CU005020,Account 005020,2025-05-11,Professional Services,United Kingdom,Mid-Market
CU005021,Account 005021,2023-03-18,Education,United Kingdom,Enterprise
CU005022,Account 005022,2024-07-13,Retail,United States,Mid-Market
CU005023,Account 005023,2024-04-27,Software,Germany,Mid-Market
CU005024,Account 005024,2024-10-17,Finance,United Kingdom,SMB
CU005025,Account 005025,2022-09-02,Education,United Kingdom,Enterprise
CU005026,Account 005026,2022-11-21,Professional Services,Germany,Mid-Market
CU005027,Account 005027,2022-04-17,Retail,Germany,SMB
CU005028,Account 005028,2026-04-06,Education,Singapore,Enterprise
CU005029,Account 005029,2025-12-31,Healthcare,Germany,SMB
CU005030,Account 005030,2026-05-19,Education,Singapore,Mid-Market
CU005031,Account 005031,2026-03-15,Education,United States,Enterprise
CU005032,Account 005032,2024-05-10,Healthcare,Singapore,Mid-Market
CU005033,Account 005033,2024-09-09,Professional Services,Singapore,Mid-Market
CU005034,Account 005034,2022-01-30,Manufacturing,Germany,Enterprise
CU005035,Account 005035,2023-07-23,Education,Germany,Mid-Market
CU005036,Account 005036,2025-03-08,Manufacturing,United States,Mid-Market
CU005037,Account 005037,2024-01-14,Finance,Germany,Mid-Market
CU005038,Account 005038,2023-09-09,Professional Services,Australia,Enterprise
CU005039,Account 005039,2022-11-06,Finance,Singapore,Mid-Market
CU005040,Account 005040,2022-05-23,Finance,Singapore,Enterprise
CU005041,Account 005041,2026-01-14,Retail,Singapore,SMB
CU005042,Account 005042,2024-06-30,Finance,Australia,SMB
CU005043,Account 005043,2025-09-10,Healthcare,Singapore,Enterprise
CU005044,Account 005044,2024-07-29,Manufacturing,Australia,SMB
CU005045,Account 005045,2025-01-21,Finance,United States,Enterprise
CU005046,Account 005046,2024-03-26,Finance,Canada,Mid-Market
CU005047,Account 005047,2026-03-31,Software,Singapore,Enterprise
CU005048,Account 005048,2025-03-26,Retail,Canada,SMB
CU005049,Account 005049,2025-08-29,Healthcare,Canada,Enterprise
CU005050,Account 005050,2022-04-12,Finance,Canada,SMB
CU005051,Account 005051,2024-08-30,Software,Singapore,Enterprise
CU005052,Account 005052,2024-09-05,Healthcare,Germany,Mid-Market
CU005053,Account 005053,2022-06-29,Healthcare,Singapore,Mid-Market
CU005054,Account 005054,2025-12-31,Manufacturing,Germany,Enterprise
CU005055,Account 005055,2022-04-08,Healthcare,Germany,Enterprise
CU005056,Account 005056,2026-06-13,Manufacturing,Singapore,Enterprise
CU005057,Account 005057,2025-07-10,Retail,United Kingdom,Mid-Market
CU005058,Account 005058,2025-08-26,Manufacturing,Singapore,Enterprise
CU005059,Account 005059,2024-06-05,Education,Canada,Mid-Market
CU005060,Account 005060,2023-04-09,Professional Services,United Kingdom,Mid-Market
CU005061,Account 005061,2025-09-18,Finance,United States,SMB
CU005062,Account 005062,2022-10-24,Finance,Germany,SMB
CU005063,Account 005063,2025-01-12,Software,Germany,Mid-Market
CU005064,Account 005064,2024-02-04,Manufacturing,Singapore,Mid-Market
CU005065,Account 005065,2024-05-09,Software,Germany,SMB
CU005066,Account 005066,2023-01-02,Healthcare,Canada,SMB
CU005067,Account 005067,2026-04-16,Finance,Australia,Enterprise
CU005068,Account 005068,2023-04-02,Retail,Canada,Mid-Market
CU005069,Account 005069,2026-05-20,Healthcare,Canada,Enterprise
CU005070,Account 005070,2022-06-01,Healthcare,Singapore,SMB
CU005071,Account 005071,2025-11-05,Professional Services,Germany,Enterprise
CU005072,Account 005072,2023-03-26,Software,Germany,Enterprise
CU005073,Account 005073,2025-09-11,Retail,Singapore,SMB
CU005074,Account 005074,2024-06-29,Professional Services,United States,SMB
CU005075,Account 005075,2025-04-07,Professional Services,Australia,SMB
CU005076,Account 005076,2025-04-01,Education,Australia,Mid-Market
CU005077,Account 005077,2025-12-27,Education,United Kingdom,SMB
CU005078,Account 005078,2024-04-28,Retail,United Kingdom,Mid-Market
CU005079,Account 005079,2022-03-15,Manufacturing,Canada,SMB
CU005080,Account 005080,2022-09-20,Retail,United Kingdom,SMB
CU005081,Account 005081,2022-03-14,Retail,United States,Enterprise
CU005082,Account 005082,2026-04-20,Finance,Germany,SMB
CU005083,Account 005083,2024-07-12,Healthcare,United States,SMB
CU005084,Account 005084,2025-10-16,Software,United States,Mid-Market
CU005085,Account 005085,2023-07-28,Software,Germany,SMB
CU005086,Account 005086,2024-01-11,Healthcare,Canada,SMB
CU005087,Account 005087,2024-05-04,Finance,United States,SMB
CU005088,Account 005088,2022-10-01,Software,United States,Mid-Market
CU005089,Account 005089,2024-05-23,Retail,Canada,Enterprise
CU005090,Account 005090,2025-05-04,Retail,Germany,Enterprise
CU005091,Account 005091,2022-08-28,Finance,Singapore,SMB
CU005092,Account 005092,2022-12-30,Professional Services,Germany,Mid-Market
CU005093,Account 005093,2022-05-02,Manufacturing,Singapore,Mid-Market
CU005094,Account 005094,2023-10-16,Finance,Singapore,Enterprise
CU005095,Account 005095,2022-02-17,Education,United Kingdom,Mid-Market
CU005096,Account 005096,2023-08-21,Education,United Kingdom,Mid-Market
CU005097,Account 005097,2026-06-01,Manufacturing,United States,Mid-Market
CU005098,Account 005098,2024-03-18,Software,Australia,SMB
CU005099,Account 005099,2022-11-19,Education,Canada,Mid-Market
CU005100,Account 005100,2023-01-14,Finance,Germany,SMB
CU005101,Account 005101,2025-05-25,Professional Services,Canada,Mid-Market
CU005102,Account 005102,2022-02-02,Professional Services,Canada,Enterprise
CU005103,Account 005103,2024-09-06,Healthcare,Singapore,Enterprise
CU005104,Account 005104,2022-03-26,Professional Services,United States,Enterprise
CU005105,Account 005105,2023-07-06,Professional Services,United States,Mid-Market
CU005106,Account 005106,2025-03-22,Finance,United Kingdom,SMB
CU005107,Account 005107,2025-05-30,Education,United States,Mid-Market
CU005108,Account 005108,2025-06-18,Finance,Germany,SMB
CU005109,Account 005109,2026-03-01,Finance,United States,Enterprise
CU005110,Account 005110,2026-05-26,Retail,United States,Enterprise
CU005111,Account 005111,2023-04-26,Manufacturing,Singapore,SMB
CU005112,Account 005112,2025-05-13,Professional Services,Canada,SMB
CU005113,Account 005113,2026-04-07,Education,United Kingdom,Mid-Market
CU005114,Account 005114,2022-10-15,Retail,Canada,SMB
CU005115,Account 005115,2022-07-31,Healthcare,United Kingdom,Enterprise
CU005116,Account 005116,2023-03-01,Retail,Canada,Enterprise
CU005117,Account 005117,2024-06-30,Retail,United States,SMB
CU005118,Account 005118,2025-04-15,Manufacturing,Canada,Mid-Market
CU005119,Account 005119,2025-12-14,Retail,United States,Mid-Market
CU005120,Account 005120,2024-09-06,Retail,United States,SMB
CU005121,Account 005121,2025-10-22,Healthcare,Singapore,SMB
CU005122,Account 005122,2023-11-01,Education,Singapore,Mid-Market
CU005123,Account 005123,2022-02-19,Retail,Australia,SMB
CU005124,Account 005124,2023-05-01,Retail,Canada,SMB
CU005125,Account 005125,2024-10-07,Healthcare,Australia,Mid-Market
CU005126,Account 005126,2023-05-11,Education,Australia,Enterprise
CU005127,Account 005127,2022-02-04,Retail,Canada,Mid-Market
CU005128,Account 005128,2022-06-10,Healthcare,Germany,Enterprise
CU005129,Account 005129,2025-04-24,Software,Australia,SMB
CU005130,Account 005130,2022-05-10,Retail,Germany,SMB
CU005131,Account 005131,2022-09-05,Finance,United Kingdom,SMB
CU005132,Account 005132,2024-02-22,Finance,United States,SMB
CU005133,Account 005133,2024-02-29,Finance,Singapore,SMB
CU005134,Account 005134,2024-03-19,Healthcare,United States,Mid-Market
CU005135,Account 005135,2023-08-10,Manufacturing,Canada,SMB
CU005136,Account 005136,2022-08-19,Healthcare,Singapore,Enterprise
CU005137,Account 005137,2022-07-11,Education,United Kingdom,Mid-Market
CU005138,Account 005138,2023-08-21,Finance,Germany,Enterprise
CU005139,Account 005139,2023-08-31,Professional Services,Canada,SMB
CU005140,Account 005140,2025-12-21,Healthcare,Australia,Mid-Market
CU005141,Account 005141,2024-12-26,Professional Services,Germany,SMB
CU005142,Account 005142,2022-09-30,Professional Services,Canada,Mid-Market
CU005143,Account 005143,2025-12-06,Software,United Kingdom,SMB
CU005144,Account 005144,2023-10-24,Finance,United Kingdom,Mid-Market
CU005145,Account 005145,2025-07-25,Healthcare,Canada,Enterprise
CU005146,Account 005146,2025-08-18,Professional Services,Canada,Mid-Market
CU005147,Account 005147,2024-01-27,Retail,United States,Enterprise
CU005148,Account 005148,2024-08-11,Software,Australia,SMB
CU005149,Account 005149,2024-04-23,Healthcare,Singapore,SMB
CU005150,Account 005150,2026-02-19,Finance,Singapore,Enterprise
CU005151,Account 005151,2024-09-20,Finance,United Kingdom,Enterprise
CU005152,Account 005152,2025-08-09,Education,Singapore,Mid-Market
CU005153,Account 005153,2026-03-05,Manufacturing,Singapore,Mid-Market
CU005154,Account 005154,2023-10-27,Software,Canada,SMB
CU005155,Account 005155,2024-07-29,Professional Services,Singapore,Enterprise
CU005156,Account 005156,2024-01-11,Manufacturing,Australia,Mid-Market
CU005157,Account 005157,2023-12-02,Healthcare,Germany,Enterprise
CU005158,Account 005158,2025-04-05,Healthcare,Singapore,Mid-Market
CU005159,Account 005159,2025-11-05,Healthcare,Germany,SMB
CU005160,Account 005160,2024-03-30,Education,Australia,Mid-Market
CU005161,Account 005161,2025-08-24,Retail,Germany,Enterprise
CU005162,Account 005162,2024-11-29,Professional Services,United Kingdom,SMB
CU005163,Account 005163,2022-11-20,Finance,Australia,SMB
CU005164,Account 005164,2026-04-23,Finance,Germany,Enterprise
CU005165,Account 005165,2025-03-05,Retail,United Kingdom,Mid-Market
CU005166,Account 005166,2023-05-15,Finance,United States,Mid-Market
CU005167,Account 005167,2025-07-11,Professional Services,Australia,Mid-Market
CU005168,Account 005168,2024-11-04,Healthcare,Canada,Enterprise
CU005169,Account 005169,2023-04-26,Education,Canada,SMB
CU005170,Account 005170,2022-11-27,Professional Services,Singapore,Enterprise
CU005171,Account 005171,2024-12-13,Manufacturing,Germany,Mid-Market
CU005172,Account 005172,2026-06-05,Professional Services,Singapore,Mid-Market
CU005173,Account 005173,2023-05-21,Software,Canada,SMB
CU005174,Account 005174,2023-02-19,Healthcare,Germany,Enterprise
CU005175,Account 005175,2024-07-19,Retail,Germany,Enterprise
CU005176,Account 005176,2023-05-14,Healthcare,United States,SMB
CU005177,Account 005177,2024-11-26,Education,United Kingdom,SMB
CU005178,Account 005178,2025-05-14,Software,United Kingdom,Enterprise
CU005179,Account 005179,2024-11-02,Retail,Germany,SMB
CU005180,Account 005180,2023-01-08,Software,Singapore,Enterprise
CU005181,Account 005181,2024-12-24,Finance,United States,Mid-Market
CU005182,Account 005182,2025-02-10,Finance,Singapore,Enterprise
CU005183,Account 005183,2026-01-18,Healthcare,Canada,Enterprise
CU005184,Account 005184,2023-03-20,Education,Singapore,Mid-Market
CU005185,Account 005185,2024-01-28,Professional Services,Canada,Mid-Market
CU005186,Account 005186,2022-11-04,Education,Singapore,Mid-Market
CU005187,Account 005187,2024-06-28,Professional Services,Singapore,SMB
CU005188,Account 005188,2023-03-03,Education,Australia,Enterprise
CU005189,Account 005189,2024-01-27,Professional Services,Canada,SMB
CU005190,Account 005190,2025-11-02,Retail,Canada,Mid-Market
CU005191,Account 005191,2022-02-19,Healthcare,Singapore,Mid-Market
CU005192,Account 005192,2026-03-21,Finance,United States,SMB
CU005193,Account 005193,2025-08-12,Healthcare,Germany,Enterprise
CU005194,Account 005194,2022-11-23,Retail,Australia,Mid-Market
CU005195,Account 005195,2023-01-04,Professional Services,Australia,Enterprise
CU005196,Account 005196,2025-03-22,Education,Germany,SMB
CU005197,Account 005197,2023-06-08,Manufacturing,Singapore,Enterprise
CU005198,Account 005198,2025-11-13,Retail,Singapore,SMB
CU005199,Account 005199,2026-02-01,Manufacturing,Australia,SMB
CU005200,Account 005200,2026-05-11,Healthcare,United Kingdom,Mid-Market
CU005201,Account 005201,2024-02-12,Manufacturing,Germany,Mid-Market
CU005202,Account 005202,2024-06-06,Education,Singapore,Enterprise
CU005203,Account 005203,2023-08-22,Professional Services,Canada,Mid-Market
CU005204,Account 005204,2022-02-25,Finance,Germany,SMB
CU005205,Account 005205,2025-02-12,Education,United Kingdom,SMB
CU005206,Account 005206,2022-10-25,Finance,Singapore,SMB
CU005207,Account 005207,2024-01-04,Professional Services,United States,Enterprise
CU005208,Account 005208,2022-12-25,Retail,Germany,SMB
CU005209,Account 005209,2022-01-21,Software,Germany,Enterprise
CU005210,Account 005210,2022-05-10,Professional Services,Singapore,Enterprise
CU005211,Account 005211,2024-06-01,Manufacturing,United States,Enterprise
CU005212,Account 005212,2022-09-20,Finance,Singapore,Enterprise
CU005213,Account 005213,2025-02-04,Professional Services,United Kingdom,SMB
CU005214,Account 005214,2025-11-14,Retail,Australia,Enterprise
CU005215,Account 005215,2024-11-30,Professional Services,Singapore,Mid-Market
CU005216,Account 005216,2022-04-30,Education,Australia,Enterprise
CU005217,Account 005217,2026-01-01,Finance,Germany,SMB
CU005218,Account 005218,2026-02-23,Healthcare,United Kingdom,Mid-Market
CU005219,Account 005219,2023-01-24,Retail,Canada,SMB
CU005220,Account 005220,2023-01-14,Education,United States,SMB
CU005221,Account 005221,2025-07-01,Healthcare,Australia,Enterprise
CU005222,Account 005222,2025-11-03,Manufacturing,Australia,Enterprise
CU005223,Account 005223,2023-05-01,Finance,United Kingdom,Mid-Market
CU005224,Account 005224,2026-02-18,Software,Canada,SMB
CU005225,Account 005225,2026-03-29,Software,Australia,Mid-Market
CU005226,Account 005226,2023-06-17,Software,United Kingdom,Mid-Market
CU005227,Account 005227,2024-12-13,Retail,United Kingdom,Mid-Market
CU005228,Account 005228,2022-11-11,Education,Germany,SMB
CU005229,Account 005229,2025-05-13,Healthcare,Singapore,SMB
CU005230,Account 005230,2025-11-25,Software,United Kingdom,Enterprise
CU005231,Account 005231,2024-08-05,Professional Services,United Kingdom,SMB
CU005232,Account 005232,2022-05-17,Software,Singapore,Mid-Market
CU005233,Account 005233,2023-02-17,Software,United States,Enterprise
CU005234,Account 005234,2024-02-28,Professional Services,United States,SMB
CU005235,Account 005235,2022-03-16,Professional Services,Singapore,Mid-Market
CU005236,Account 005236,2023-06-20,Professional Services,Singapore,Mid-Market
CU005237,Account 005237,2022-12-14,Education,Singapore,Mid-Market
CU005238,Account 005238,2025-07-06,Finance,Australia,Mid-Market
CU005239,Account 005239,2023-07-21,Finance,Canada,SMB
CU005240,Account 005240,2022-12-30,Finance,Germany,Mid-Market
CU005241,Account 005241,2024-05-21,Finance,United Kingdom,Mid-Market
CU005242,Account 005242,2024-02-01,Healthcare,United Kingdom,Mid-Market
CU005243,Account 005243,2023-05-26,Retail,Australia,Enterprise
CU005244,Account 005244,2024-11-14,Education,United Kingdom,Mid-Market
CU005245,Account 005245,2022-04-28,Retail,United States,SMB
CU005246,Account 005246,2026-02-24,Healthcare,United Kingdom,SMB
CU005247,Account 005247,2024-09-30,Software,United Kingdom,Mid-Market
CU005248,Account 005248,2023-04-16,Software,United Kingdom,SMB
CU005249,Account 005249,2025-01-07,Retail,Germany,SMB
CU005250,Account 005250,2023-05-10,Healthcare,Canada,SMB
CU005251,Account 005251,2022-09-30,Software,Singapore,Enterprise
CU005252,Account 005252,2024-04-26,Software,Canada,Mid-Market
CU005253,Account 005253,2024-05-11,Retail,Germany,Mid-Market
CU005254,Account 005254,2022-10-03,Education,United States,Enterprise
CU005255,Account 005255,2024-03-11,Manufacturing,Canada,SMB
CU005256,Account 005256,2025-07-23,Healthcare,Australia,Mid-Market
CU005257,Account 005257,2024-05-21,Software,Canada,Mid-Market
CU005258,Account 005258,2022-05-14,Software,Singapore,Enterprise
CU005259,Account 005259,2024-04-29,Professional Services,Australia,Enterprise
CU005260,Account 005260,2024-05-02,Finance,Germany,Mid-Market
CU005261,Account 005261,2024-12-13,Finance,Germany,SMB
CU005262,Account 005262,2022-04-18,Retail,Australia,SMB
CU005263,Account 005263,2025-08-07,Finance,United Kingdom,Mid-Market
CU005264,Account 005264,2023-04-25,Professional Services,Germany,Mid-Market
CU005265,Account 005265,2026-04-05,Software,United States,SMB
CU005266,Account 005266,2025-12-08,Finance,Singapore,SMB
CU005267,Account 005267,2025-10-30,Healthcare,Australia,SMB
CU005268,Account 005268,2022-05-04,Finance,United Kingdom,Mid-Market
CU005269,Account 005269,2025-12-25,Retail,Singapore,Mid-Market
CU005270,Account 005270,2024-08-29,Software,United States,Enterprise
CU005271,Account 005271,2022-04-19,Software,United Kingdom,Enterprise
CU005272,Account 005272,2022-09-21,Retail,Australia,SMB
CU005273,Account 005273,2022-11-20,Education,Canada,SMB
CU005274,Account 005274,2026-01-21,Manufacturing,United Kingdom,Enterprise
CU005275,Account 005275,2025-05-28,Education,Canada,Mid-Market
CU005276,Account 005276,2026-01-19,Retail,Canada,Enterprise
CU005277,Account 005277,2022-04-10,Manufacturing,Germany,SMB
CU005278,Account 005278,2022-02-09,Retail,United Kingdom,Enterprise
CU005279,Account 005279,2023-02-03,Education,Germany,SMB
CU005280,Account 005280,2024-05-10,Education,Singapore,Enterprise
CU005281,Account 005281,2022-06-09,Manufacturing,Germany,SMB
CU005282,Account 005282,2025-06-25,Healthcare,United States,Mid-Market
CU005283,Account 005283,2023-09-04,Professional Services,Germany,SMB
CU005284,Account 005284,2025-11-20,Finance,Germany,Mid-Market
CU005285,Account 005285,2023-12-04,Retail,United States,SMB
CU005286,Account 005286,2025-07-21,Education,United Kingdom,Enterprise
CU005287,Account 005287,2025-02-18,Manufacturing,Canada,SMB
CU005288,Account 005288,2025-01-08,Healthcare,Germany,Enterprise
CU005289,Account 005289,2022-09-17,Software,United Kingdom,Mid-Market
CU005290,Account 005290,2022-02-19,Healthcare,Germany,Enterprise
CU005291,Account 005291,2022-10-27,Manufacturing,United States,Enterprise
CU005292,Account 005292,2024-07-26,Professional Services,United Kingdom,SMB
CU005293,Account 005293,2024-03-23,Manufacturing,Singapore,Mid-Market
CU005294,Account 005294,2023-11-18,Professional Services,Canada,Enterprise
CU005295,Account 005295,2025-07-11,Retail,Canada,SMB
CU005296,Account 005296,2025-09-13,Professional Services,Germany,Mid-Market
CU005297,Account 005297,2022-03-21,Healthcare,United Kingdom,SMB
CU005298,Account 005298,2024-05-06,Education,United Kingdom,Enterprise
CU005299,Account 005299,2024-02-01,Professional Services,Singapore,Enterprise
CU005300,Account 005300,2023-11-06,Education,Singapore,SMB
CU005301,Account 005301,2024-11-26,Retail,Canada,Mid-Market
CU005302,Account 005302,2026-06-01,Software,Australia,SMB
CU005303,Account 005303,2024-03-20,Education,United States,SMB
CU005304,Account 005304,2022-02-01,Manufacturing,Canada,Mid-Market
CU005305,Account 005305,2023-08-10,Retail,Singapore,Mid-Market
CU005306,Account 005306,2023-08-06,Healthcare,United Kingdom,Mid-Market
CU005307,Account 005307,2022-09-01,Software,Canada,SMB
CU005308,Account 005308,2025-07-29,Finance,Singapore,Enterprise
CU005309,Account 005309,2022-05-22,Finance,Germany,Mid-Market
CU005310,Account 005310,2022-06-08,Software,United States,Enterprise
CU005311,Account 005311,2022-02-04,Software,Singapore,Enterprise
CU005312,Account 005312,2023-09-04,Professional Services,Canada,Enterprise
CU005313,Account 005313,2024-09-02,Retail,Germany,Enterprise
CU005314,Account 005314,2023-01-19,Software,Canada,Mid-Market
CU005315,Account 005315,2022-03-03,Retail,United States,SMB
CU005316,Account 005316,2023-05-28,Education,Canada,SMB
CU005317,Account 005317,2022-02-07,Finance,United Kingdom,Mid-Market
CU005318,Account 005318,2025-07-05,Finance,Singapore,Mid-Market
CU005319,Account 005319,2023-04-21,Manufacturing,Germany,Enterprise
CU005320,Account 005320,2022-08-15,Professional Services,United States,SMB
CU005321,Account 005321,2025-01-09,Software,Singapore,Enterprise
CU005322,Account 005322,2026-01-08,Manufacturing,United Kingdom,SMB
CU005323,Account 005323,2024-08-09,Retail,Canada,Mid-Market
CU005324,Account 005324,2025-12-21,Manufacturing,Australia,Enterprise
CU005325,Account 005325,2023-04-01,Healthcare,Germany,SMB
CU005326,Account 005326,2024-12-23,Finance,Germany,Enterprise
CU005327,Account 005327,2022-02-22,Healthcare,Canada,Enterprise
CU005328,Account 005328,2024-08-07,Retail,Germany,SMB
CU005329,Account 005329,2026-03-02,Finance,Singapore,SMB
CU005330,Account 005330,2026-04-07,Education,United Kingdom,Mid-Market
CU005331,Account 005331,2024-02-04,Finance,Germany,SMB
CU005332,Account 005332,2022-11-21,Retail,Australia,Mid-Market
CU005333,Account 005333,2025-02-11,Software,Australia,Enterprise
CU005334,Account 005334,2022-07-04,Finance,United Kingdom,Mid-Market
CU005335,Account 005335,2022-05-22,Retail,United States,SMB
CU005336,Account 005336,2025-09-23,Professional Services,United States,SMB
CU005337,Account 005337,2022-03-21,Software,Germany,SMB
CU005338,Account 005338,2025-02-21,Manufacturing,Canada,SMB
CU005339,Account 005339,2024-08-27,Professional Services,United States,Mid-Market
CU005340,Account 005340,2022-12-28,Retail,Australia,Mid-Market
CU005341,Account 005341,2026-05-22,Manufacturing,United States,Mid-Market
CU005342,Account 005342,2022-12-30,Finance,Germany,Enterprise
CU005343,Account 005343,2023-04-13,Professional Services,Australia,Mid-Market
CU005344,Account 005344,2025-07-13,Finance,United Kingdom,Enterprise
CU005345,Account 005345,2022-08-01,Software,United Kingdom,Mid-Market
CU005346,Account 005346,2025-11-15,Finance,Canada,Mid-Market
CU005347,Account 005347,2023-03-03,Healthcare,United Kingdom,Mid-Market
CU005348,Account 005348,2022-03-24,Software,United States,Enterprise
CU005349,Account 005349,2026-04-01,Education,United States,SMB
CU005350,Account 005350,2025-06-30,Software,Singapore,Mid-Market
CU005351,Account 005351,2024-02-16,Finance,Germany,Mid-Market
CU005352,Account 005352,2025-12-17,Finance,United States,Enterprise
CU005353,Account 005353,2023-09-14,Retail,Canada,SMB
CU005354,Account 005354,2023-10-04,Professional Services,Australia,Enterprise
CU005355,Account 005355,2025-03-10,Retail,United States,Mid-Market
CU005356,Account 005356,2025-01-22,Professional Services,Germany,Mid-Market
CU005357,Account 005357,2025-01-09,Software,Germany,Enterprise
CU005358,Account 005358,2025-12-14,Professional Services,United States,SMB
CU005359,Account 005359,2022-06-01,Professional Services,Singapore,Mid-Market
CU005360,Account 005360,2023-11-21,Professional Services,United Kingdom,Mid-Market
CU005361,Account 005361,2024-11-07,Finance,United States,Mid-Market
CU005362,Account 005362,2022-02-22,Finance,United Kingdom,Enterprise
CU005363,Account 005363,2023-11-11,Manufacturing,Singapore,SMB
CU005364,Account 005364,2023-02-06,Software,United States,Enterprise
CU005365,Account 005365,2025-05-26,Healthcare,Singapore,Mid-Market
CU005366,Account 005366,2026-05-28,Healthcare,United Kingdom,Enterprise
CU005367,Account 005367,2024-01-28,Professional Services,Australia,Enterprise
CU005368,Account 005368,2023-11-17,Healthcare,United Kingdom,Enterprise
CU005369,Account 005369,2024-12-28,Professional Services,United Kingdom,Mid-Market
CU005370,Account 005370,2025-10-27,Manufacturing,United States,Mid-Market
CU005371,Account 005371,2022-12-02,Finance,United States,SMB
CU005372,Account 005372,2022-07-14,Manufacturing,United States,Enterprise
CU005373,Account 005373,2025-05-02,Education,Australia,SMB
CU005374,Account 005374,2025-04-05,Software,United States,Enterprise
CU005375,Account 005375,2025-03-14,Retail,Australia,SMB
CU005376,Account 005376,2024-10-02,Professional Services,Australia,SMB
CU005377,Account 005377,2022-01-31,Healthcare,Germany,Enterprise
CU005378,Account 005378,2024-03-15,Professional Services,Australia,Enterprise
CU005379,Account 005379,2026-03-12,Professional Services,Canada,Mid-Market
CU005380,Account 005380,2025-09-11,Professional Services,United States,Enterprise
CU005381,Account 005381,2023-07-21,Professional Services,Canada,Enterprise
CU005382,Account 005382,2023-02-08,Software,United Kingdom,Enterprise
CU005383,Account 005383,2023-06-21,Education,Canada,Mid-Market
CU005384,Account 005384,2022-08-20,Education,Canada,Enterprise
CU005385,Account 005385,2022-11-16,Software,Germany,Enterprise
CU005386,Account 005386,2023-01-13,Professional Services,United States,Mid-Market
CU005387,Account 005387,2025-06-11,Professional Services,United States,SMB
CU005388,Account 005388,2025-05-08,Education,United Kingdom,SMB
CU005389,Account 005389,2022-09-25,Finance,United Kingdom,Enterprise
CU005390,Account 005390,2025-06-04,Healthcare,United Kingdom,Mid-Market
CU005391,Account 005391,2022-04-19,Software,Germany,Enterprise
CU005392,Account 005392,2023-06-06,Healthcare,United Kingdom,SMB
CU005393,Account 005393,2024-11-15,Software,United Kingdom,Mid-Market
CU005394,Account 005394,2024-09-19,Retail,Australia,Enterprise
CU005395,Account 005395,2025-11-09,Manufacturing,Australia,Mid-Market
CU005396,Account 005396,2024-11-20,Education,United States,Mid-Market
CU005397,Account 005397,2025-03-03,Professional Services,Germany,Mid-Market
CU005398,Account 005398,2025-04-27,Professional Services,United States,SMB
CU005399,Account 005399,2025-01-26,Education,Canada,Mid-Market
CU005400,Account 005400,2024-12-22,Software,Canada,Enterprise
CU005401,Account 005401,2022-07-18,Finance,Germany,Mid-Market
CU005402,Account 005402,2024-09-23,Manufacturing,Canada,Mid-Market
CU005403,Account 005403,2025-07-08,Retail,Canada,Mid-Market
CU005404,Account 005404,2023-09-03,Manufacturing,United States,Mid-Market
CU005405,Account 005405,2024-03-10,Retail,United Kingdom,Mid-Market
CU005406,Account 005406,2023-09-13,Manufacturing,Canada,Mid-Market
CU005407,Account 005407,2023-10-12,Manufacturing,United States,SMB
CU005408,Account 005408,2025-06-28,Manufacturing,Singapore,Enterprise
CU005409,Account 005409,2023-08-25,Professional Services,Canada,Mid-Market
CU005410,Account 005410,2023-02-27,Retail,Germany,Enterprise
CU005411,Account 005411,2023-03-10,Healthcare,Australia,SMB
CU005412,Account 005412,2024-04-10,Manufacturing,Australia,Mid-Market
CU005413,Account 005413,2022-07-28,Professional Services,Germany,SMB
CU005414,Account 005414,2025-04-13,Retail,Singapore,Enterprise
CU005415,Account 005415,2024-12-07,Education,United Kingdom,Enterprise
CU005416,Account 005416,2024-08-24,Manufacturing,Canada,Mid-Market
CU005417,Account 005417,2022-04-24,Software,United Kingdom,Mid-Market
CU005418,Account 005418,2025-06-14,Professional Services,Canada,Enterprise
CU005419,Account 005419,2026-04-30,Software,Canada,Enterprise
CU005420,Account 005420,2024-04-06,Education,Australia,Mid-Market
CU005421,Account 005421,2022-08-09,Education,United Kingdom,SMB
CU005422,Account 005422,2022-10-30,Finance,Australia,SMB
CU005423,Account 005423,2022-02-05,Retail,Canada,SMB
CU005424,Account 005424,2022-07-23,Software,Germany,Enterprise
CU005425,Account 005425,2026-01-21,Software,Germany,Enterprise
CU005426,Account 005426,2024-05-05,Finance,Canada,Enterprise
CU005427,Account 005427,2026-04-17,Professional Services,Germany,Enterprise
CU005428,Account 005428,2024-06-29,Software,United States,Mid-Market
CU005429,Account 005429,2025-08-08,Manufacturing,United Kingdom,SMB
CU005430,Account 005430,2022-04-09,Manufacturing,United Kingdom,Enterprise
CU005431,Account 005431,2023-01-22,Education,United States,Enterprise
CU005432,Account 005432,2022-10-25,Healthcare,Germany,Enterprise
CU005433,Account 005433,2023-12-28,Manufacturing,Australia,Enterprise
CU005434,Account 005434,2025-06-27,Healthcare,Australia,Mid-Market
CU005435,Account 005435,2023-04-21,Healthcare,United States,Enterprise
CU005436,Account 005436,2025-12-25,Software,United States,Enterprise
CU005437,Account 005437,2023-09-04,Finance,United States,SMB
CU005438,Account 005438,2022-08-14,Manufacturing,Germany,SMB
CU005439,Account 005439,2022-07-21,Retail,United Kingdom,Enterprise
CU005440,Account 005440,2022-09-23,Software,United Kingdom,SMB
CU005441,Account 005441,2022-11-26,Finance,Singapore,Mid-Market
CU005442,Account 005442,2025-11-04,Finance,United Kingdom,Enterprise
CU005443,Account 005443,2025-05-05,Healthcare,Australia,Mid-Market
CU005444,Account 005444,2026-05-15,Software,Canada,Mid-Market
CU005445,Account 005445,2024-02-28,Manufacturing,United States,Mid-Market
CU005446,Account 005446,2023-08-23,Professional Services,Singapore,Enterprise
CU005447,Account 005447,2022-08-20,Finance,United Kingdom,Enterprise
CU005448,Account 005448,2024-01-30,Retail,Germany,Mid-Market
CU005449,Account 005449,2025-06-09,Software,United States,Mid-Market
CU005450,Account 005450,2025-05-09,Healthcare,Australia,Enterprise
CU005451,Account 005451,2025-09-17,Retail,Canada,SMB
CU005452,Account 005452,2026-02-22,Healthcare,United Kingdom,Enterprise
CU005453,Account 005453,2023-04-21,Healthcare,United States,Enterprise
CU005454,Account 005454,2026-04-24,Retail,Canada,Mid-Market
CU005455,Account 005455,2026-04-19,Professional Services,United Kingdom,SMB
CU005456,Account 005456,2022-09-19,Software,United Kingdom,SMB
CU005457,Account 005457,2022-09-02,Retail,Australia,SMB
CU005458,Account 005458,2022-10-16,Manufacturing,United Kingdom,Mid-Market
CU005459,Account 005459,2022-11-12,Education,Australia,SMB
CU005460,Account 005460,2024-12-16,Finance,United States,SMB
CU005461,Account 005461,2025-02-03,Finance,Canada,Mid-Market
CU005462,Account 005462,2023-11-21,Professional Services,Canada,Mid-Market
CU005463,Account 005463,2022-01-14,Software,Australia,Mid-Market
CU005464,Account 005464,2022-03-19,Finance,Australia,Enterprise
CU005465,Account 005465,2022-04-13,Software,Canada,Mid-Market
CU005466,Account 005466,2023-03-22,Education,Canada,Enterprise
CU005467,Account 005467,2023-12-24,Healthcare,Australia,SMB
CU005468,Account 005468,2024-10-01,Education,Singapore,SMB
CU005469,Account 005469,2026-03-16,Software,Canada,SMB
CU005470,Account 005470,2022-03-03,Manufacturing,Australia,SMB
CU005471,Account 005471,2025-04-09,Education,Singapore,Mid-Market
CU005472,Account 005472,2025-03-07,Software,Germany,Mid-Market
CU005473,Account 005473,2023-02-21,Manufacturing,Singapore,Enterprise
CU005474,Account 005474,2022-02-02,Education,Germany,Mid-Market
CU005475,Account 005475,2023-12-15,Education,United Kingdom,Mid-Market
CU005476,Account 005476,2022-02-08,Retail,Australia,Enterprise
CU005477,Account 005477,2025-10-10,Finance,Canada,SMB
CU005478,Account 005478,2025-02-19,Education,Germany,Mid-Market
CU005479,Account 005479,2023-01-19,Healthcare,United Kingdom,Mid-Market
CU005480,Account 005480,2026-03-23,Education,Singapore,SMB
CU005481,Account 005481,2025-07-26,Finance,Singapore,Enterprise
CU005482,Account 005482,2023-11-15,Retail,Australia,SMB
CU005483,Account 005483,2022-06-13,Manufacturing,Canada,Enterprise
CU005484,Account 005484,2022-10-27,Healthcare,United States,Mid-Market
CU005485,Account 005485,2025-07-11,Education,United Kingdom,SMB
CU005486,Account 005486,2023-12-11,Finance,United States,SMB
CU005487,Account 005487,2023-11-25,Education,Singapore,Mid-Market
CU005488,Account 005488,2025-10-02,Manufacturing,Canada,Enterprise
CU005489,Account 005489,2024-05-27,Healthcare,Canada,SMB
CU005490,Account 005490,2026-05-21,Finance,United Kingdom,SMB
CU005491,Account 005491,2025-06-29,Professional Services,Canada,Mid-Market
CU005492,Account 005492,2025-05-03,Healthcare,United States,Mid-Market
CU005493,Account 005493,2022-04-20,Healthcare,United Kingdom,SMB
CU005494,Account 005494,2024-04-18,Software,Australia,Mid-Market
CU005495,Account 005495,2023-02-07,Retail,Australia,SMB
CU005496,Account 005496,2022-10-17,Professional Services,United Kingdom,Enterprise
CU005497,Account 005497,2022-05-15,Education,Germany,Mid-Market
CU005498,Account 005498,2026-01-08,Manufacturing,Australia,SMB
CU005499,Account 005499,2024-05-29,Manufacturing,Singapore,Enterprise
CU005500,Account 005500,2024-06-13,Software,Australia,Enterprise
CU005501,Account 005501,2023-05-29,Finance,Australia,Enterprise
CU005502,Account 005502,2026-03-15,Manufacturing,United Kingdom,SMB
CU005503,Account 005503,2023-09-22,Retail,Singapore,Enterprise
CU005504,Account 005504,2023-04-22,Professional Services,United Kingdom,Enterprise
CU005505,Account 005505,2026-04-08,Education,Germany,SMB
CU005506,Account 005506,2023-10-22,Healthcare,Germany,Mid-Market
CU005507,Account 005507,2024-08-08,Finance,United States,SMB
CU005508,Account 005508,2023-06-02,Education,United States,SMB
CU005509,Account 005509,2023-10-30,Retail,United Kingdom,SMB
CU005510,Account 005510,2024-07-22,Professional Services,Germany,Mid-Market
CU005511,Account 005511,2025-09-08,Education,United Kingdom,SMB
CU005512,Account 005512,2022-06-09,Finance,Singapore,Mid-Market
CU005513,Account 005513,2026-01-24,Software,United States,SMB
CU005514,Account 005514,2024-08-20,Professional Services,Australia,Mid-Market
CU005515,Account 005515,2023-10-03,Finance,United States,SMB
CU005516,Account 005516,2023-08-03,Finance,Singapore,SMB
CU005517,Account 005517,2022-10-02,Manufacturing,Singapore,SMB
CU005518,Account 005518,2025-08-28,Professional Services,United States,Enterprise
CU005519,Account 005519,2022-12-26,Professional Services,Australia,SMB
CU005520,Account 005520,2024-12-23,Professional Services,Germany,SMB
CU005521,Account 005521,2022-08-13,Manufacturing,Singapore,SMB
CU005522,Account 005522,2025-02-20,Healthcare,United Kingdom,SMB
CU005523,Account 005523,2025-08-22,Software,Canada,Enterprise
CU005524,Account 005524,2022-03-13,Manufacturing,Singapore,SMB
CU005525,Account 005525,2026-02-28,Software,Germany,SMB
CU005526,Account 005526,2024-05-12,Retail,Germany,Mid-Market
CU005527,Account 005527,2025-08-20,Education,United States,Mid-Market
CU005528,Account 005528,2023-08-17,Manufacturing,Canada,SMB
CU005529,Account 005529,2024-09-23,Software,Canada,Enterprise
CU005530,Account 005530,2023-11-25,Software,United States,SMB
CU005531,Account 005531,2025-04-18,Retail,Singapore,Enterprise
CU005532,Account 005532,2023-07-23,Manufacturing,Germany,Enterprise
CU005533,Account 005533,2025-10-19,Manufacturing,Australia,SMB
CU005534,Account 005534,2024-05-07,Healthcare,United Kingdom,Enterprise
CU005535,Account 005535,2024-03-31,Professional Services,United States,Enterprise
CU005536,Account 005536,2023-07-14,Manufacturing,Germany,Enterprise
CU005537,Account 005537,2026-04-02,Finance,Australia,Mid-Market
CU005538,Account 005538,2023-02-06,Healthcare,United Kingdom,SMB
CU005539,Account 005539,2023-04-26,Healthcare,Canada,Enterprise
CU005540,Account 005540,2023-07-16,Professional Services,Australia,Enterprise
CU005541,Account 005541,2025-04-25,Professional Services,United Kingdom,Enterprise
CU005542,Account 005542,2023-05-31,Retail,Germany,Enterprise
CU005543,Account 005543,2022-05-23,Professional Services,Germany,Enterprise
CU005544,Account 005544,2022-07-15,Retail,United States,SMB
CU005545,Account 005545,2022-02-04,Healthcare,Canada,SMB
CU005546,Account 005546,2023-01-24,Software,United States,SMB
CU005547,Account 005547,2025-10-31,Software,Germany,Mid-Market
CU005548,Account 005548,2025-11-16,Healthcare,United States,Enterprise
CU005549,Account 005549,2023-05-03,Manufacturing,United States,Mid-Market
CU005550,Account 005550,2025-05-13,Software,Australia,Mid-Market
CU005551,Account 005551,2024-09-12,Manufacturing,Singapore,SMB
CU005552,Account 005552,2023-07-10,Software,Singapore,Mid-Market
CU005553,Account 005553,2022-05-31,Professional Services,Canada,SMB
CU005554,Account 005554,2024-04-02,Professional Services,Australia,Mid-Market
CU005555,Account 005555,2022-03-10,Manufacturing,United States,Enterprise
CU005556,Account 005556,2023-04-23,Retail,United Kingdom,Enterprise
CU005557,Account 005557,2025-04-27,Manufacturing,United Kingdom,SMB
CU005558,Account 005558,2022-10-01,Software,Germany,SMB
CU005559,Account 005559,2025-03-21,Software,United Kingdom,Enterprise
CU005560,Account 005560,2024-01-15,Healthcare,Australia,SMB
CU005561,Account 005561,2022-05-25,Healthcare,Australia,SMB
CU005562,Account 005562,2023-02-27,Finance,Germany,Mid-Market
CU005563,Account 005563,2026-04-10,Retail,United Kingdom,Enterprise
CU005564,Account 005564,2022-01-04,Retail,United Kingdom,SMB
CU005565,Account 005565,2026-05-24,Professional Services,Australia,Mid-Market
CU005566,Account 005566,2023-12-14,Retail,Australia,SMB
CU005567,Account 005567,2023-03-14,Healthcare,Australia,Enterprise
CU005568,Account 005568,2026-06-17,Manufacturing,Singapore,SMB
CU005569,Account 005569,2022-05-31,Retail,Australia,SMB
CU005570,Account 005570,2022-01-10,Healthcare,Singapore,Mid-Market
CU005571,Account 005571,2024-07-23,Education,Germany,Enterprise
CU005572,Account 005572,2022-07-03,Retail,Germany,Mid-Market
CU005573,Account 005573,2025-11-18,Finance,Canada,SMB
CU005574,Account 005574,2022-01-16,Professional Services,Singapore,Mid-Market
CU005575,Account 005575,2024-10-18,Finance,United Kingdom,Mid-Market
CU005576,Account 005576,2023-06-17,Software,Australia,Mid-Market
CU005577,Account 005577,2025-06-09,Professional Services,United States,Mid-Market
CU005578,Account 005578,2023-06-27,Healthcare,Singapore,SMB
CU005579,Account 005579,2024-06-22,Education,United States,Mid-Market
CU005580,Account 005580,2026-06-10,Manufacturing,United Kingdom,Enterprise
CU005581,Account 005581,2023-09-10,Healthcare,Singapore,Mid-Market
CU005582,Account 005582,2023-04-11,Software,Canada,SMB
CU005583,Account 005583,2023-01-05,Manufacturing,United Kingdom,Mid-Market
CU005584,Account 005584,2025-02-12,Retail,United States,Mid-Market
CU005585,Account 005585,2024-01-23,Healthcare,Australia,Mid-Market
CU005586,Account 005586,2023-08-08,Professional Services,Germany,SMB
CU005587,Account 005587,2025-05-12,Retail,United Kingdom,Enterprise
CU005588,Account 005588,2023-07-03,Healthcare,Germany,Enterprise
CU005589,Account 005589,2026-01-07,Retail,Canada,Mid-Market
CU005590,Account 005590,2025-09-03,Retail,United States,SMB
CU005591,Account 005591,2024-11-13,Retail,Australia,Mid-Market
CU005592,Account 005592,2022-07-18,Software,Australia,Mid-Market
CU005593,Account 005593,2024-07-05,Retail,Canada,Mid-Market
CU005594,Account 005594,2023-03-10,Healthcare,United Kingdom,Mid-Market
CU005595,Account 005595,2025-07-19,Healthcare,Canada,SMB
CU005596,Account 005596,2026-03-28,Healthcare,Australia,Mid-Market
CU005597,Account 005597,2023-11-23,Manufacturing,Singapore,Mid-Market
CU005598,Account 005598,2024-08-16,Professional Services,Singapore,Enterprise
CU005599,Account 005599,2024-12-01,Manufacturing,United States,Mid-Market
CU005600,Account 005600,2022-03-10,Professional Services,Canada,Enterprise
CU005601,Account 005601,2023-01-25,Professional Services,United States,Enterprise
CU005602,Account 005602,2025-06-14,Education,Singapore,Enterprise
CU005603,Account 005603,2024-07-21,Finance,United Kingdom,Enterprise
CU005604,Account 005604,2024-07-09,Healthcare,Singapore,SMB
CU005605,Account 005605,2025-05-05,Education,Australia,Enterprise
CU005606,Account 005606,2025-11-05,Retail,Germany,SMB
CU005607,Account 005607,2025-01-18,Finance,Canada,Enterprise
CU005608,Account 005608,2024-09-30,Education,Canada,Mid-Market
CU005609,Account 005609,2024-10-15,Education,United Kingdom,Mid-Market
CU005610,Account 005610,2022-11-26,Manufacturing,Singapore,Enterprise
CU005611,Account 005611,2025-09-17,Education,Singapore,SMB
CU005612,Account 005612,2022-08-19,Education,Canada,SMB
CU005613,Account 005613,2023-02-28,Finance,Canada,SMB
CU005614,Account 005614,2023-08-03,Finance,Singapore,SMB
CU005615,Account 005615,2026-05-27,Finance,Germany,Enterprise
CU005616,Account 005616,2025-05-05,Finance,Canada,Mid-Market
CU005617,Account 005617,2024-09-29,Software,United Kingdom,Enterprise
CU005618,Account 005618,2023-04-19,Education,United Kingdom,Enterprise
CU005619,Account 005619,2023-01-30,Education,United Kingdom,Mid-Market
CU005620,Account 005620,2022-10-09,Professional Services,Australia,Mid-Market
CU005621,Account 005621,2022-02-23,Education,United Kingdom,Enterprise
CU005622,Account 005622,2023-02-14,Software,United States,Enterprise
CU005623,Account 005623,2023-07-08,Software,Germany,SMB
CU005624,Account 005624,2023-03-10,Manufacturing,Germany,Enterprise
CU005625,Account 005625,2025-09-06,Professional Services,United Kingdom,Mid-Market
CU005626,Account 005626,2023-04-04,Professional Services,Canada,SMB
CU005627,Account 005627,2025-02-16,Professional Services,Singapore,SMB
CU005628,Account 005628,2024-11-28,Manufacturing,Canada,Mid-Market
CU005629,Account 005629,2025-02-16,Finance,United States,Mid-Market
CU005630,Account 005630,2026-01-07,Software,Australia,Enterprise
CU005631,Account 005631,2026-03-30,Education,United Kingdom,SMB
CU005632,Account 005632,2024-05-27,Manufacturing,Canada,SMB
CU005633,Account 005633,2022-02-17,Finance,Australia,Enterprise
CU005634,Account 005634,2022-01-14,Healthcare,Canada,SMB
CU005635,Account 005635,2024-06-25,Retail,Canada,SMB
CU005636,Account 005636,2022-05-21,Retail,United States,Mid-Market
CU005637,Account 005637,2025-07-24,Healthcare,Germany,Mid-Market
CU005638,Account 005638,2022-03-27,Education,Germany,Mid-Market
CU005639,Account 005639,2022-03-17,Professional Services,Canada,Enterprise
CU005640,Account 005640,2022-09-01,Manufacturing,United Kingdom,Mid-Market
CU005641,Account 005641,2025-05-29,Healthcare,United States,Enterprise
CU005642,Account 005642,2024-02-12,Retail,United States,Enterprise
CU005643,Account 005643,2022-04-21,Education,Australia,Mid-Market
CU005644,Account 005644,2025-01-31,Manufacturing,Germany,SMB
CU005645,Account 005645,2023-06-07,Retail,Germany,SMB
CU005646,Account 005646,2022-11-23,Manufacturing,United Kingdom,Enterprise
CU005647,Account 005647,2024-09-26,Professional Services,Australia,Enterprise
CU005648,Account 005648,2024-08-18,Professional Services,Singapore,Mid-Market
CU005649,Account 005649,2026-05-10,Software,United Kingdom,Mid-Market
CU005650,Account 005650,2024-08-06,Retail,United Kingdom,Enterprise
CU005651,Account 005651,2023-09-01,Professional Services,Australia,Enterprise
CU005652,Account 005652,2023-08-10,Education,Canada,SMB
CU005653,Account 005653,2022-06-07,Software,United States,Mid-Market
CU005654,Account 005654,2025-03-18,Manufacturing,United States,Enterprise
CU005655,Account 005655,2024-12-11,Retail,Germany,SMB
CU005656,Account 005656,2024-08-07,Retail,Australia,Enterprise
CU005657,Account 005657,2025-03-02,Manufacturing,Singapore,SMB
CU005658,Account 005658,2026-05-28,Healthcare,Germany,Enterprise
CU005659,Account 005659,2025-10-05,Education,United Kingdom,Enterprise
CU005660,Account 005660,2025-08-10,Software,Singapore,SMB
CU005661,Account 005661,2022-06-27,Retail,Germany,Enterprise
CU005662,Account 005662,2022-06-29,Professional Services,United Kingdom,SMB
CU005663,Account 005663,2022-12-03,Professional Services,Germany,Enterprise
CU005664,Account 005664,2024-11-16,Retail,United Kingdom,SMB
CU005665,Account 005665,2022-11-13,Healthcare,Canada,Mid-Market
CU005666,Account 005666,2023-03-13,Healthcare,Germany,Mid-Market
CU005667,Account 005667,2024-04-20,Manufacturing,United Kingdom,SMB
CU005668,Account 005668,2024-10-21,Software,Germany,Mid-Market
CU005669,Account 005669,2026-04-25,Software,Germany,SMB
CU005670,Account 005670,2023-01-23,Retail,Canada,SMB
CU005671,Account 005671,2026-04-19,Finance,Singapore,Mid-Market
CU005672,Account 005672,2023-03-24,Healthcare,United Kingdom,Enterprise
CU005673,Account 005673,2024-01-16,Healthcare,United States,SMB
CU005674,Account 005674,2022-04-02,Healthcare,Australia,SMB
CU005675,Account 005675,2023-03-22,Healthcare,United States,SMB
CU005676,Account 005676,2023-04-06,Retail,Australia,Mid-Market
CU005677,Account 005677,2025-01-10,Manufacturing,United States,SMB
CU005678,Account 005678,2024-02-01,Software,United Kingdom,SMB
CU005679,Account 005679,2022-10-07,Professional Services,United States,Mid-Market
CU005680,Account 005680,2025-01-31,Professional Services,Germany,Enterprise
CU005681,Account 005681,2023-02-07,Manufacturing,Canada,Mid-Market
CU005682,Account 005682,2025-08-02,Education,Canada,Mid-Market
CU005683,Account 005683,2026-02-16,Professional Services,Germany,SMB
CU005684,Account 005684,2024-09-08,Professional Services,United States,Enterprise
CU005685,Account 005685,2026-02-12,Healthcare,Singapore,Enterprise
CU005686,Account 005686,2024-01-19,Education,Australia,Enterprise
CU005687,Account 005687,2024-06-28,Professional Services,Singapore,Enterprise
CU005688,Account 005688,2025-05-06,Healthcare,United States,Mid-Market
CU005689,Account 005689,2023-01-29,Manufacturing,United States,Enterprise
CU005690,Account 005690,2023-03-05,Education,United Kingdom,Mid-Market
CU005691,Account 005691,2024-10-12,Education,Canada,SMB
CU005692,Account 005692,2023-08-18,Software,Australia,Enterprise
CU005693,Account 005693,2025-03-11,Manufacturing,Australia,Enterprise
CU005694,Account 005694,2024-02-02,Finance,United States,SMB
CU005695,Account 005695,2024-08-04,Healthcare,Germany,Mid-Market
CU005696,Account 005696,2026-01-03,Education,United States,Enterprise
CU005697,Account 005697,2024-03-14,Finance,Canada,Mid-Market
CU005698,Account 005698,2023-10-28,Professional Services,United States,Mid-Market
CU005699,Account 005699,2022-06-07,Retail,Germany,SMB
CU005700,Account 005700,2023-12-25,Education,Canada,SMB
CU005701,Account 005701,2025-05-18,Finance,Germany,Mid-Market
CU005702,Account 005702,2022-09-29,Education,Australia,SMB
CU005703,Account 005703,2023-06-23,Healthcare,Australia,SMB
CU005704,Account 005704,2022-08-01,Professional Services,United Kingdom,SMB
CU005705,Account 005705,2026-06-05,Education,Australia,SMB
CU005706,Account 005706,2025-10-01,Healthcare,Germany,SMB
CU005707,Account 005707,2023-06-19,Healthcare,Germany,Enterprise
CU005708,Account 005708,2023-07-12,Manufacturing,United Kingdom,Mid-Market
CU005709,Account 005709,2023-05-24,Software,United States,Enterprise
CU005710,Account 005710,2022-04-16,Finance,Germany,Enterprise
CU005711,Account 005711,2022-04-29,Finance,Australia,Enterprise
CU005712,Account 005712,2023-10-05,Professional Services,Australia,Mid-Market
CU005713,Account 005713,2023-12-14,Software,Germany,Mid-Market
CU005714,Account 005714,2023-07-31,Retail,Germany,Enterprise
CU005715,Account 005715,2024-04-08,Finance,United States,Mid-Market
CU005716,Account 005716,2024-10-14,Retail,Australia,Enterprise
CU005717,Account 005717,2022-12-24,Healthcare,Germany,Mid-Market
CU005718,Account 005718,2024-12-08,Software,Germany,Enterprise
CU005719,Account 005719,2022-05-18,Manufacturing,Germany,Mid-Market
CU005720,Account 005720,2022-10-18,Software,Canada,Enterprise
CU005721,Account 005721,2022-06-10,Retail,United Kingdom,SMB
CU005722,Account 005722,2026-03-29,Education,Canada,Enterprise
CU005723,Account 005723,2022-09-06,Healthcare,Germany,Mid-Market
CU005724,Account 005724,2023-06-11,Manufacturing,Germany,SMB
CU005725,Account 005725,2024-05-11,Manufacturing,United Kingdom,Enterprise
CU005726,Account 005726,2026-01-19,Healthcare,United Kingdom,SMB
CU005727,Account 005727,2023-07-31,Education,Singapore,Mid-Market
CU005728,Account 005728,2026-01-22,Healthcare,Australia,Enterprise
CU005729,Account 005729,2023-02-13,Software,Singapore,Mid-Market
CU005730,Account 005730,2025-03-26,Retail,Australia,SMB
CU005731,Account 005731,2024-07-19,Healthcare,Germany,Mid-Market
CU005732,Account 005732,2024-05-01,Education,Canada,Enterprise
CU005733,Account 005733,2023-04-14,Manufacturing,United Kingdom,Mid-Market
CU005734,Account 005734,2026-01-14,Professional Services,Germany,SMB
CU005735,Account 005735,2023-08-24,Education,Canada,Mid-Market
CU005736,Account 005736,2023-09-29,Finance,United States,Mid-Market
CU005737,Account 005737,2023-01-10,Software,Canada,Mid-Market
CU005738,Account 005738,2024-02-11,Software,United Kingdom,Mid-Market
CU005739,Account 005739,2024-04-19,Retail,Australia,Mid-Market
CU005740,Account 005740,2026-03-31,Retail,Australia,SMB
CU005741,Account 005741,2025-05-09,Education,United Kingdom,SMB
CU005742,Account 005742,2023-09-30,Manufacturing,Germany,Enterprise
CU005743,Account 005743,2025-01-09,Professional Services,Singapore,SMB
CU005744,Account 005744,2023-08-09,Finance,Singapore,SMB
CU005745,Account 005745,2026-05-08,Retail,Australia,SMB
CU005746,Account 005746,2025-11-22,Healthcare,United States,Enterprise
CU005747,Account 005747,2022-11-28,Manufacturing,United Kingdom,Mid-Market
CU005748,Account 005748,2024-04-11,Manufacturing,Canada,Enterprise
CU005749,Account 005749,2022-08-02,Education,United States,Enterprise
CU005750,Account 005750,2023-11-27,Retail,Germany,Mid-Market
CU005751,Account 005751,2026-04-07,Retail,United Kingdom,Enterprise
CU005752,Account 005752,2022-07-31,Retail,Singapore,Mid-Market
CU005753,Account 005753,2023-07-30,Education,United Kingdom,Mid-Market
CU005754,Account 005754,2025-07-23,Software,United States,SMB
CU005755,Account 005755,2024-03-08,Retail,United States,Enterprise
CU005756,Account 005756,2023-12-05,Education,United States,Enterprise
CU005757,Account 005757,2023-06-29,Finance,United Kingdom,Enterprise
CU005758,Account 005758,2026-01-02,Education,United States,Mid-Market
CU005759,Account 005759,2026-03-13,Manufacturing,Germany,Mid-Market
CU005760,Account 005760,2026-01-28,Finance,Germany,SMB
CU005761,Account 005761,2023-04-20,Manufacturing,Canada,Enterprise
CU005762,Account 005762,2025-12-28,Professional Services,Germany,Enterprise
CU005763,Account 005763,2022-09-30,Retail,Germany,Mid-Market
CU005764,Account 005764,2022-05-26,Finance,Germany,Mid-Market
CU005765,Account 005765,2025-10-25,Finance,Singapore,Mid-Market
CU005766,Account 005766,2022-01-30,Healthcare,Australia,Mid-Market
CU005767,Account 005767,2025-06-10,Professional Services,Singapore,Mid-Market
CU005768,Account 005768,2026-03-23,Retail,Australia,Mid-Market
CU005769,Account 005769,2022-07-06,Healthcare,Germany,SMB
CU005770,Account 005770,2026-04-23,Professional Services,Germany,Enterprise
CU005771,Account 005771,2022-02-04,Manufacturing,Germany,Enterprise
CU005772,Account 005772,2022-11-28,Finance,Australia,Mid-Market
CU005773,Account 005773,2023-11-29,Manufacturing,United Kingdom,Enterprise
CU005774,Account 005774,2024-02-06,Software,United States,Enterprise
CU005775,Account 005775,2024-11-10,Finance,United States,SMB
CU005776,Account 005776,2023-08-14,Retail,United Kingdom,SMB
CU005777,Account 005777,2025-11-30,Healthcare,Singapore,Mid-Market
CU005778,Account 005778,2022-04-20,Retail,United States,SMB
CU005779,Account 005779,2024-08-26,Software,United Kingdom,Enterprise
CU005780,Account 005780,2024-04-01,Professional Services,United Kingdom,Enterprise
CU005781,Account 005781,2025-06-30,Education,United Kingdom,SMB
CU005782,Account 005782,2023-10-15,Software,Singapore,Enterprise
CU005783,Account 005783,2025-12-11,Retail,Singapore,Mid-Market
CU005784,Account 005784,2022-07-05,Healthcare,Germany,SMB
CU005785,Account 005785,2022-11-10,Manufacturing,Canada,Enterprise
CU005786,Account 005786,2026-03-17,Software,Australia,Mid-Market
CU005787,Account 005787,2024-02-14,Finance,United States,Enterprise
CU005788,Account 005788,2023-06-18,Professional Services,Germany,Mid-Market
CU005789,Account 005789,2024-06-07,Finance,United States,Enterprise
CU005790,Account 005790,2024-09-30,Healthcare,Singapore,Mid-Market
CU005791,Account 005791,2024-01-13,Finance,United States,Mid-Market
CU005792,Account 005792,2025-09-07,Manufacturing,Germany,SMB
CU005793,Account 005793,2025-11-06,Manufacturing,Singapore,SMB
CU005794,Account 005794,2024-11-27,Education,Canada,Mid-Market
CU005795,Account 005795,2024-05-12,Retail,United Kingdom,SMB
CU005796,Account 005796,2024-10-10,Healthcare,United Kingdom,Mid-Market
CU005797,Account 005797,2024-10-09,Professional Services,Singapore,Mid-Market
CU005798,Account 005798,2023-08-30,Manufacturing,Australia,Enterprise
CU005799,Account 005799,2026-06-24,Manufacturing,Canada,Mid-Market
CU005800,Account 005800,2023-07-06,Software,Australia,Mid-Market
CU005801,Account 005801,2026-04-01,Retail,Singapore,SMB
CU005802,Account 005802,2023-09-11,Software,Canada,Enterprise
CU005803,Account 005803,2024-10-14,Healthcare,Australia,Enterprise
CU005804,Account 005804,2023-11-04,Healthcare,Australia,Mid-Market
CU005805,Account 005805,2022-01-11,Healthcare,Canada,Enterprise
CU005806,Account 005806,2025-01-28,Software,Singapore,Mid-Market
CU005807,Account 005807,2026-04-26,Software,United States,Mid-Market
CU005808,Account 005808,2023-12-31,Software,Australia,Mid-Market
CU005809,Account 005809,2022-07-03,Software,Canada,SMB
CU005810,Account 005810,2024-04-30,Software,Singapore,Enterprise
CU005811,Account 005811,2026-03-12,Healthcare,Germany,SMB
CU005812,Account 005812,2025-03-25,Healthcare,United States,Mid-Market
CU005813,Account 005813,2024-04-25,Finance,Australia,Mid-Market
CU005814,Account 005814,2023-11-06,Manufacturing,Germany,SMB
CU005815,Account 005815,2026-06-09,Retail,Australia,SMB
CU005816,Account 005816,2022-06-05,Software,United Kingdom,Mid-Market
CU005817,Account 005817,2025-09-23,Healthcare,Canada,SMB
CU005818,Account 005818,2023-05-28,Healthcare,Singapore,SMB
CU005819,Account 005819,2022-11-04,Healthcare,Canada,Enterprise
CU005820,Account 005820,2024-07-01,Healthcare,Canada,Mid-Market
CU005821,Account 005821,2024-09-06,Education,Germany,SMB
CU005822,Account 005822,2025-02-07,Professional Services,United States,Mid-Market
CU005823,Account 005823,2023-12-31,Software,United Kingdom,Mid-Market
CU005824,Account 005824,2024-03-18,Education,United Kingdom,Mid-Market
CU005825,Account 005825,2024-05-28,Retail,United States,Enterprise
CU005826,Account 005826,2025-10-20,Education,United States,Mid-Market
CU005827,Account 005827,2022-11-04,Healthcare,Singapore,Mid-Market
CU005828,Account 005828,2023-05-12,Retail,Canada,SMB
CU005829,Account 005829,2025-09-21,Professional Services,United States,Mid-Market
CU005830,Account 005830,2022-11-29,Manufacturing,Australia,Mid-Market
CU005831,Account 005831,2023-02-17,Manufacturing,Germany,SMB
CU005832,Account 005832,2023-12-20,Manufacturing,United States,SMB
CU005833,Account 005833,2026-05-24,Manufacturing,Canada,SMB
CU005834,Account 005834,2024-01-02,Manufacturing,United Kingdom,Enterprise
CU005835,Account 005835,2025-07-22,Healthcare,Canada,Enterprise
CU005836,Account 005836,2023-07-14,Healthcare,United States,SMB
CU005837,Account 005837,2023-10-02,Professional Services,United Kingdom,SMB
CU005838,Account 005838,2024-10-30,Finance,Australia,Mid-Market
CU005839,Account 005839,2026-05-03,Finance,Canada,SMB
CU005840,Account 005840,2023-06-07,Professional Services,Germany,Enterprise
CU005841,Account 005841,2026-02-25,Healthcare,Singapore,Mid-Market
CU005842,Account 005842,2026-05-05,Manufacturing,United Kingdom,SMB
CU005843,Account 005843,2023-11-30,Manufacturing,Australia,SMB
CU005844,Account 005844,2024-05-29,Education,United States,Enterprise
CU005845,Account 005845,2025-06-21,Healthcare,Germany,SMB
CU005846,Account 005846,2023-10-03,Manufacturing,United Kingdom,Mid-Market
CU005847,Account 005847,2025-11-09,Education,Australia,Mid-Market
CU005848,Account 005848,2024-06-10,Professional Services,Canada,Enterprise
CU005849,Account 005849,2026-03-09,Education,Germany,Enterprise
CU005850,Account 005850,2024-01-27,Software,Australia,Mid-Market
CU005851,Account 005851,2025-11-29,Education,United States,Mid-Market
CU005852,Account 005852,2022-08-24,Software,Germany,Enterprise
CU005853,Account 005853,2023-05-02,Finance,Australia,SMB
CU005854,Account 005854,2023-04-08,Finance,Germany,SMB
CU005855,Account 005855,2025-08-24,Manufacturing,Australia,Mid-Market
CU005856,Account 005856,2022-09-12,Healthcare,United Kingdom,SMB
CU005857,Account 005857,2023-03-12,Healthcare,Singapore,Mid-Market
CU005858,Account 005858,2022-06-08,Software,United States,Mid-Market
CU005859,Account 005859,2023-03-16,Retail,United Kingdom,SMB
CU005860,Account 005860,2025-12-24,Finance,Germany,SMB
CU005861,Account 005861,2025-03-27,Finance,Australia,Mid-Market
CU005862,Account 005862,2023-05-28,Software,Australia,SMB
CU005863,Account 005863,2023-07-07,Finance,United States,SMB
CU005864,Account 005864,2023-04-15,Finance,Germany,Mid-Market
CU005865,Account 005865,2022-07-29,Professional Services,United Kingdom,Enterprise
CU005866,Account 005866,2025-10-22,Finance,Canada,SMB
CU005867,Account 005867,2023-12-03,Manufacturing,United Kingdom,Mid-Market
CU005868,Account 005868,2023-04-22,Finance,United States,SMB
CU005869,Account 005869,2026-04-27,Healthcare,Germany,Mid-Market
CU005870,Account 005870,2023-07-30,Finance,United Kingdom,Enterprise
CU005871,Account 005871,2024-12-28,Retail,Singapore,Mid-Market
CU005872,Account 005872,2025-12-25,Retail,Germany,Mid-Market
CU005873,Account 005873,2025-04-02,Finance,United States,Mid-Market
CU005874,Account 005874,2023-09-18,Healthcare,United States,Mid-Market
CU005875,Account 005875,2025-11-21,Finance,United States,SMB
CU005876,Account 005876,2026-04-18,Education,United Kingdom,Enterprise
CU005877,Account 005877,2024-04-03,Software,United States,Enterprise
CU005878,Account 005878,2023-09-26,Manufacturing,United Kingdom,SMB
CU005879,Account 005879,2024-12-30,Manufacturing,Canada,SMB
CU005880,Account 005880,2026-04-18,Healthcare,Singapore,SMB
CU005881,Account 005881,2026-01-04,Retail,United States,SMB
CU005882,Account 005882,2023-10-23,Professional Services,Australia,SMB
CU005883,Account 005883,2025-04-23,Software,Australia,Mid-Market
CU005884,Account 005884,2024-01-03,Education,Canada,SMB
CU005885,Account 005885,2023-08-29,Manufacturing,Germany,SMB
CU005886,Account 005886,2024-01-13,Retail,United Kingdom,Mid-Market
CU005887,Account 005887,2026-01-19,Education,Australia,Enterprise
CU005888,Account 005888,2023-06-28,Finance,United States,SMB
CU005889,Account 005889,2022-03-18,Finance,United States,Enterprise
CU005890,Account 005890,2026-06-16,Education,Singapore,SMB
CU005891,Account 005891,2022-03-30,Education,Australia,SMB
CU005892,Account 005892,2022-09-18,Finance,Singapore,SMB
CU005893,Account 005893,2022-04-03,Professional Services,Singapore,Mid-Market
CU005894,Account 005894,2025-04-18,Manufacturing,United Kingdom,Enterprise
CU005895,Account 005895,2024-10-30,Retail,United States,Enterprise
CU005896,Account 005896,2022-11-30,Healthcare,Singapore,Enterprise
CU005897,Account 005897,2025-02-21,Retail,Singapore,SMB
CU005898,Account 005898,2023-01-25,Retail,Australia,Enterprise
CU005899,Account 005899,2023-11-30,Finance,Canada,Mid-Market
CU005900,Account 005900,2022-10-18,Finance,Singapore,Mid-Market
CU005901,Account 005901,2023-08-31,Education,Canada,Enterprise
CU005902,Account 005902,2023-07-31,Finance,Germany,SMB
CU005903,Account 005903,2025-09-29,Software,United States,SMB
CU005904,Account 005904,2026-05-29,Education,Canada,SMB
CU005905,Account 005905,2024-04-11,Professional Services,Singapore,Enterprise
CU005906,Account 005906,2022-07-28,Manufacturing,United States,Enterprise
CU005907,Account 005907,2023-02-03,Retail,Australia,Enterprise
CU005908,Account 005908,2022-10-30,Software,Australia,Mid-Market
CU005909,Account 005909,2026-02-07,Manufacturing,Singapore,SMB
CU005910,Account 005910,2024-08-30,Finance,Germany,Mid-Market
CU005911,Account 005911,2024-04-07,Education,Australia,Mid-Market
CU005912,Account 005912,2024-09-17,Manufacturing,Germany,Enterprise
CU005913,Account 005913,2022-08-20,Retail,United States,Mid-Market
CU005914,Account 005914,2025-10-15,Manufacturing,Germany,Mid-Market
CU005915,Account 005915,2026-04-09,Professional Services,Australia,Mid-Market
CU005916,Account 005916,2022-06-17,Professional Services,Germany,Mid-Market
CU005917,Account 005917,2025-07-04,Healthcare,Australia,Mid-Market
CU005918,Account 005918,2026-01-09,Education,Germany,Mid-Market
CU005919,Account 005919,2024-11-21,Education,Germany,Enterprise
CU005920,Account 005920,2026-05-20,Healthcare,Germany,Mid-Market
CU005921,Account 005921,2024-02-01,Healthcare,United Kingdom,Mid-Market
CU005922,Account 005922,2023-04-16,Education,Germany,SMB
CU005923,Account 005923,2025-04-07,Software,Singapore,Enterprise
CU005924,Account 005924,2024-05-09,Professional Services,Canada,Enterprise
CU005925,Account 005925,2022-07-24,Professional Services,Singapore,SMB
CU005926,Account 005926,2025-04-18,Healthcare,Canada,Enterprise
CU005927,Account 005927,2022-06-13,Manufacturing,Germany,Enterprise
CU005928,Account 005928,2025-03-19,Manufacturing,Australia,SMB
CU005929,Account 005929,2024-07-11,Software,Singapore,SMB
CU005930,Account 005930,2025-03-11,Professional Services,Canada,Enterprise
CU005931,Account 005931,2022-01-10,Education,Australia,Mid-Market
CU005932,Account 005932,2024-06-18,Software,Australia,SMB
CU005933,Account 005933,2025-03-01,Software,Germany,Mid-Market
CU005934,Account 005934,2023-03-28,Professional Services,Singapore,Enterprise
CU005935,Account 005935,2024-07-23,Software,Germany,Enterprise
CU005936,Account 005936,2026-03-11,Professional Services,United Kingdom,Mid-Market
CU005937,Account 005937,2022-10-29,Finance,United States,Enterprise
CU005938,Account 005938,2023-10-12,Retail,Singapore,SMB
CU005939,Account 005939,2026-06-27,Education,United States,Mid-Market
CU005940,Account 005940,2022-10-25,Healthcare,Germany,Enterprise
CU005941,Account 005941,2022-12-29,Software,Germany,Mid-Market
CU005942,Account 005942,2026-03-12,Education,Singapore,Enterprise
CU005943,Account 005943,2025-07-19,Retail,Singapore,Mid-Market
CU005944,Account 005944,2026-02-15,Manufacturing,Germany,Enterprise
CU005945,Account 005945,2023-06-29,Healthcare,Canada,SMB
CU005946,Account 005946,2023-02-03,Finance,United Kingdom,Enterprise
CU005947,Account 005947,2026-01-14,Manufacturing,Germany,SMB
CU005948,Account 005948,2026-02-08,Healthcare,Australia,SMB
CU005949,Account 005949,2023-10-28,Retail,Canada,Enterprise
CU005950,Account 005950,2025-05-21,Healthcare,Germany,Enterprise
CU005951,Account 005951,2025-05-22,Education,Germany,SMB
CU005952,Account 005952,2022-07-09,Finance,Australia,Enterprise
CU005953,Account 005953,2023-01-02,Education,Canada,Mid-Market
CU005954,Account 005954,2023-04-17,Healthcare,Germany,SMB
CU005955,Account 005955,2024-01-14,Retail,Australia,Mid-Market
CU005956,Account 005956,2025-12-30,Retail,Singapore,Mid-Market
CU005957,Account 005957,2024-11-23,Professional Services,Germany,Enterprise
CU005958,Account 005958,2025-04-30,Finance,Canada,SMB
CU005959,Account 005959,2025-05-05,Retail,Canada,Enterprise
CU005960,Account 005960,2024-09-05,Professional Services,Australia,Mid-Market
CU005961,Account 005961,2023-02-18,Finance,Germany,SMB
CU005962,Account 005962,2024-12-17,Finance,Canada,SMB
CU005963,Account 005963,2023-01-02,Healthcare,United States,Enterprise
CU005964,Account 005964,2026-04-02,Finance,United Kingdom,Enterprise
CU005965,Account 005965,2026-04-09,Manufacturing,Australia,Enterprise
CU005966,Account 005966,2024-03-13,Manufacturing,Australia,Enterprise
CU005967,Account 005967,2022-09-28,Education,Australia,Mid-Market
CU005968,Account 005968,2025-06-25,Manufacturing,Australia,Enterprise
CU005969,Account 005969,2024-04-09,Retail,Australia,Mid-Market
CU005970,Account 005970,2022-01-10,Education,Australia,Enterprise
CU005971,Account 005971,2026-06-17,Finance,United States,Mid-Market
CU005972,Account 005972,2023-11-17,Healthcare,Australia,Enterprise
CU005973,Account 005973,2022-05-29,Retail,Germany,Mid-Market
CU005974,Account 005974,2023-08-04,Professional Services,United States,SMB
CU005975,Account 005975,2023-05-16,Healthcare,Germany,Mid-Market
CU005976,Account 005976,2024-01-24,Software,Singapore,SMB
CU005977,Account 005977,2023-07-15,Software,Australia,Enterprise
CU005978,Account 005978,2023-09-06,Professional Services,United Kingdom,Enterprise
CU005979,Account 005979,2023-01-29,Software,Singapore,Mid-Market
CU005980,Account 005980,2024-07-10,Healthcare,Australia,Enterprise
CU005981,Account 005981,2026-01-18,Manufacturing,United States,Enterprise
CU005982,Account 005982,2024-08-04,Software,United Kingdom,Mid-Market
CU005983,Account 005983,2022-08-24,Retail,United Kingdom,Mid-Market
CU005984,Account 005984,2026-05-26,Professional Services,Australia,Enterprise
CU005985,Account 005985,2022-10-19,Education,Singapore,Mid-Market
CU005986,Account 005986,2025-08-18,Manufacturing,Germany,Mid-Market
CU005987,Account 005987,2025-01-31,Manufacturing,Canada,Mid-Market
CU005988,Account 005988,2025-12-26,Retail,Australia,SMB
CU005989,Account 005989,2024-03-15,Software,Australia,Mid-Market
CU005990,Account 005990,2025-01-22,Professional Services,Singapore,Enterprise
CU005991,Account 005991,2026-02-04,Finance,Singapore,Enterprise
CU005992,Account 005992,2025-02-02,Software,Germany,Enterprise
CU005993,Account 005993,2022-06-14,Retail,United States,Mid-Market
CU005994,Account 005994,2024-02-20,Finance,Canada,SMB
CU005995,Account 005995,2024-08-04,Retail,Australia,Enterprise
CU005996,Account 005996,2022-12-09,Education,United Kingdom,SMB
CU005997,Account 005997,2026-05-03,Software,United States,Mid-Market
CU005998,Account 005998,2024-10-26,Professional Services,Germany,SMB
CU005999,Account 005999,2022-03-21,Software,United Kingdom,Enterprise
CU006000,Account 006000,2023-08-26,Retail,Germany,SMB
CU006001,Account 006001,2022-03-02,Professional Services,Germany,Enterprise
CU006002,Account 006002,2022-02-28,Software,Australia,SMB
CU006003,Account 006003,2023-10-22,Professional Services,United Kingdom,Enterprise
CU006004,Account 006004,2023-03-29,Retail,Germany,Mid-Market
CU006005,Account 006005,2025-02-08,Professional Services,Germany,Mid-Market
CU006006,Account 006006,2023-08-08,Manufacturing,United States,Mid-Market
CU006007,Account 006007,2022-06-09,Professional Services,Australia,SMB
CU006008,Account 006008,2022-11-08,Finance,Germany,Enterprise
CU006009,Account 006009,2023-12-15,Manufacturing,United Kingdom,Mid-Market
CU006010,Account 006010,2025-01-28,Finance,United Kingdom,SMB
CU006011,Account 006011,2025-06-23,Professional Services,Canada,SMB
CU006012,Account 006012,2022-05-12,Education,United States,Enterprise
CU006013,Account 006013,2023-02-21,Finance,Australia,Mid-Market
CU006014,Account 006014,2024-11-04,Manufacturing,United Kingdom,Mid-Market
CU006015,Account 006015,2024-06-27,Education,Germany,Mid-Market
CU006016,Account 006016,2026-06-23,Healthcare,Germany,Enterprise
CU006017,Account 006017,2025-12-20,Education,Canada,Enterprise
CU006018,Account 006018,2023-10-29,Healthcare,United States,SMB
CU006019,Account 006019,2024-06-02,Manufacturing,United Kingdom,SMB
CU006020,Account 006020,2025-01-19,Software,United States,SMB
CU006021,Account 006021,2026-05-08,Retail,Australia,SMB
CU006022,Account 006022,2025-04-04,Manufacturing,Canada,Mid-Market
CU006023,Account 006023,2024-12-01,Healthcare,United States,Enterprise
CU006024,Account 006024,2024-03-24,Manufacturing,Singapore,Enterprise
CU006025,Account 006025,2025-09-14,Healthcare,Germany,SMB
CU006026,Account 006026,2023-12-06,Healthcare,Canada,Enterprise
CU006027,Account 006027,2022-04-25,Finance,Germany,Enterprise
CU006028,Account 006028,2022-12-28,Healthcare,Singapore,Enterprise
CU006029,Account 006029,2025-11-26,Professional Services,Australia,Mid-Market
CU006030,Account 006030,2025-07-04,Software,Australia,Enterprise
CU006031,Account 006031,2023-01-14,Education,United States,SMB
CU006032,Account 006032,2024-10-09,Retail,Australia,SMB
CU006033,Account 006033,2023-04-25,Software,Australia,Mid-Market
CU006034,Account 006034,2024-09-18,Finance,United Kingdom,Enterprise
CU006035,Account 006035,2022-08-08,Professional Services,Canada,SMB
CU006036,Account 006036,2024-12-25,Retail,Canada,Enterprise
CU006037,Account 006037,2023-05-09,Healthcare,Canada,Mid-Market
CU006038,Account 006038,2024-01-23,Manufacturing,United Kingdom,Mid-Market
CU006039,Account 006039,2022-09-14,Software,Singapore,Enterprise
CU006040,Account 006040,2023-05-09,Healthcare,Germany,SMB
CU006041,Account 006041,2023-11-15,Education,Canada,SMB
CU006042,Account 006042,2023-01-11,Manufacturing,Australia,Mid-Market
CU006043,Account 006043,2022-12-08,Finance,Canada,Enterprise
CU006044,Account 006044,2023-03-04,Finance,Australia,Enterprise
CU006045,Account 006045,2024-12-27,Software,Australia,Enterprise
CU006046,Account 006046,2023-10-20,Finance,Singapore,SMB
CU006047,Account 006047,2022-12-05,Healthcare,Canada,SMB
CU006048,Account 006048,2022-12-03,Software,United States,Mid-Market
CU006049,Account 006049,2023-08-05,Professional Services,Germany,SMB
CU006050,Account 006050,2023-06-02,Manufacturing,Singapore,Mid-Market
CU006051,Account 006051,2022-03-24,Education,Singapore,Enterprise
CU006052,Account 006052,2025-01-04,Professional Services,Germany,Enterprise
CU006053,Account 006053,2023-10-06,Retail,Singapore,Mid-Market
CU006054,Account 006054,2023-10-16,Healthcare,United Kingdom,Mid-Market
CU006055,Account 006055,2024-04-26,Professional Services,Canada,SMB
CU006056,Account 006056,2024-07-02,Education,Germany,SMB
CU006057,Account 006057,2023-11-28,Manufacturing,Canada,Enterprise
CU006058,Account 006058,2022-08-31,Manufacturing,United Kingdom,Enterprise
CU006059,Account 006059,2023-04-02,Professional Services,Germany,Enterprise
CU006060,Account 006060,2022-10-23,Healthcare,Australia,Enterprise
CU006061,Account 006061,2023-05-06,Finance,Singapore,Enterprise
CU006062,Account 006062,2022-02-17,Retail,Canada,Enterprise
CU006063,Account 006063,2022-09-21,Software,United States,Mid-Market
CU006064,Account 006064,2022-11-12,Professional Services,Germany,SMB
CU006065,Account 006065,2024-02-17,Manufacturing,United Kingdom,SMB
CU006066,Account 006066,2022-06-21,Education,Singapore,SMB
CU006067,Account 006067,2025-11-24,Retail,Germany,Enterprise
CU006068,Account 006068,2023-08-29,Education,United States,Enterprise
CU006069,Account 006069,2025-11-03,Healthcare,United States,SMB
CU006070,Account 006070,2024-09-20,Finance,Singapore,Enterprise
CU006071,Account 006071,2023-11-10,Manufacturing,United Kingdom,SMB
CU006072,Account 006072,2024-09-30,Manufacturing,United Kingdom,Enterprise
CU006073,Account 006073,2022-07-27,Healthcare,Canada,SMB
CU006074,Account 006074,2023-02-17,Healthcare,Canada,Enterprise
CU006075,Account 006075,2025-07-31,Education,United States,SMB
CU006076,Account 006076,2025-04-24,Finance,Canada,Enterprise
CU006077,Account 006077,2022-08-30,Manufacturing,Canada,Mid-Market
CU006078,Account 006078,2026-03-01,Education,Singapore,Mid-Market
CU006079,Account 006079,2025-04-29,Education,United States,Mid-Market
CU006080,Account 006080,2025-08-14,Finance,Singapore,Mid-Market
CU006081,Account 006081,2025-11-08,Finance,Australia,Mid-Market
CU006082,Account 006082,2022-06-20,Education,Singapore,Mid-Market
CU006083,Account 006083,2025-11-20,Professional Services,United States,Enterprise
CU006084,Account 006084,2024-05-29,Healthcare,Germany,SMB
CU006085,Account 006085,2024-07-20,Professional Services,Australia,Mid-Market
CU006086,Account 006086,2023-03-26,Healthcare,Singapore,SMB
CU006087,Account 006087,2024-12-18,Manufacturing,Australia,Mid-Market
CU006088,Account 006088,2022-09-11,Healthcare,United Kingdom,SMB
CU006089,Account 006089,2024-09-13,Healthcare,Canada,Mid-Market
CU006090,Account 006090,2025-06-20,Education,United Kingdom,SMB
CU006091,Account 006091,2022-07-05,Manufacturing,Singapore,SMB
CU006092,Account 006092,2022-08-18,Software,Germany,Mid-Market
CU006093,Account 006093,2024-08-18,Healthcare,United Kingdom,Enterprise
CU006094,Account 006094,2024-06-17,Professional Services,Singapore,SMB
CU006095,Account 006095,2024-08-05,Retail,Australia,Enterprise
CU006096,Account 006096,2023-05-24,Healthcare,Singapore,SMB
CU006097,Account 006097,2023-10-20,Software,United Kingdom,Enterprise
CU006098,Account 006098,2024-08-17,Manufacturing,Canada,Mid-Market
CU006099,Account 006099,2024-10-24,Retail,Canada,Mid-Market
CU006100,Account 006100,2025-06-13,Education,Singapore,SMB
CU006101,Account 006101,2022-11-13,Software,Singapore,SMB
CU006102,Account 006102,2022-09-05,Education,United Kingdom,Mid-Market
CU006103,Account 006103,2023-06-22,Professional Services,Germany,Enterprise
CU006104,Account 006104,2022-10-23,Finance,Australia,SMB
CU006105,Account 006105,2025-05-02,Education,Australia,Mid-Market
CU006106,Account 006106,2025-02-14,Education,Australia,Mid-Market
CU006107,Account 006107,2022-12-15,Finance,Germany,Enterprise
CU006108,Account 006108,2024-09-14,Education,Germany,Enterprise
CU006109,Account 006109,2023-03-27,Professional Services,Singapore,Mid-Market
CU006110,Account 006110,2023-08-29,Professional Services,Singapore,Enterprise
CU006111,Account 006111,2026-04-10,Software,Canada,Enterprise
CU006112,Account 006112,2022-08-13,Retail,United States,Enterprise
CU006113,Account 006113,2022-12-26,Software,United States,Enterprise
CU006114,Account 006114,2023-11-17,Professional Services,United States,SMB
CU006115,Account 006115,2023-04-28,Manufacturing,Canada,Enterprise
CU006116,Account 006116,2024-07-29,Professional Services,United Kingdom,Enterprise
CU006117,Account 006117,2022-03-19,Retail,Canada,Enterprise
CU006118,Account 006118,2024-05-03,Professional Services,United Kingdom,SMB
CU006119,Account 006119,2024-08-12,Education,Germany,SMB
CU006120,Account 006120,2024-03-17,Software,Singapore,Mid-Market
CU006121,Account 006121,2023-09-18,Professional Services,United States,Mid-Market
CU006122,Account 006122,2026-05-29,Finance,United States,Enterprise
CU006123,Account 006123,2022-07-19,Finance,Singapore,Mid-Market
CU006124,Account 006124,2023-04-19,Manufacturing,United States,SMB
CU006125,Account 006125,2024-07-06,Healthcare,Canada,Enterprise
CU006126,Account 006126,2023-11-05,Manufacturing,United States,SMB
CU006127,Account 006127,2023-07-29,Retail,Australia,SMB
CU006128,Account 006128,2022-05-14,Retail,Germany,SMB
CU006129,Account 006129,2023-12-27,Healthcare,Singapore,SMB
CU006130,Account 006130,2023-08-27,Manufacturing,Canada,SMB
CU006131,Account 006131,2023-03-02,Finance,Canada,SMB
CU006132,Account 006132,2026-01-09,Software,Singapore,Enterprise
CU006133,Account 006133,2023-10-11,Healthcare,Germany,Enterprise
CU006134,Account 006134,2022-03-11,Finance,Singapore,SMB
CU006135,Account 006135,2025-05-14,Manufacturing,United States,Mid-Market
CU006136,Account 006136,2025-04-18,Healthcare,United States,Enterprise
CU006137,Account 006137,2023-11-21,Professional Services,Singapore,Mid-Market
CU006138,Account 006138,2023-03-27,Professional Services,Australia,Mid-Market
CU006139,Account 006139,2025-07-29,Healthcare,Singapore,SMB
CU006140,Account 006140,2022-11-18,Manufacturing,United Kingdom,SMB
CU006141,Account 006141,2022-04-09,Manufacturing,United Kingdom,SMB
CU006142,Account 006142,2024-02-01,Professional Services,Australia,Enterprise
CU006143,Account 006143,2022-12-31,Professional Services,Canada,Mid-Market
CU006144,Account 006144,2026-01-16,Professional Services,Australia,SMB
CU006145,Account 006145,2024-08-05,Finance,Singapore,Mid-Market
CU006146,Account 006146,2024-07-05,Manufacturing,Germany,SMB
CU006147,Account 006147,2023-06-01,Retail,Canada,SMB
CU006148,Account 006148,2022-05-07,Healthcare,Germany,Mid-Market
CU006149,Account 006149,2022-10-10,Retail,United Kingdom,Mid-Market
CU006150,Account 006150,2023-08-02,Software,Canada,Mid-Market
CU006151,Account 006151,2024-03-17,Finance,Singapore,SMB
CU006152,Account 006152,2024-07-28,Software,Singapore,Mid-Market
CU006153,Account 006153,2026-01-09,Healthcare,Australia,Mid-Market
CU006154,Account 006154,2023-04-27,Professional Services,Australia,SMB
CU006155,Account 006155,2022-05-27,Professional Services,Canada,Mid-Market
CU006156,Account 006156,2023-06-06,Software,Singapore,SMB
CU006157,Account 006157,2025-03-10,Healthcare,Germany,Enterprise
CU006158,Account 006158,2022-04-05,Software,Australia,Enterprise
CU006159,Account 006159,2024-11-14,Healthcare,United Kingdom,SMB
CU006160,Account 006160,2024-11-05,Education,Australia,SMB
CU006161,Account 006161,2024-02-08,Healthcare,Singapore,SMB
CU006162,Account 006162,2024-03-29,Healthcare,Singapore,Enterprise
CU006163,Account 006163,2026-02-19,Healthcare,Germany,Enterprise
CU006164,Account 006164,2022-07-31,Finance,Australia,Mid-Market
CU006165,Account 006165,2022-02-20,Healthcare,Canada,Mid-Market
CU006166,Account 006166,2026-06-28,Healthcare,Singapore,Enterprise
CU006167,Account 006167,2022-01-12,Professional Services,Germany,SMB
CU006168,Account 006168,2024-06-15,Finance,Germany,Mid-Market
CU006169,Account 006169,2022-06-14,Education,United States,Enterprise
CU006170,Account 006170,2024-09-29,Finance,United Kingdom,Mid-Market
CU006171,Account 006171,2023-09-24,Manufacturing,Germany,Enterprise
CU006172,Account 006172,2022-03-28,Retail,United States,SMB
CU006173,Account 006173,2024-11-01,Education,Australia,SMB
CU006174,Account 006174,2023-09-03,Healthcare,Singapore,SMB
CU006175,Account 006175,2024-11-29,Education,Australia,Mid-Market
CU006176,Account 006176,2024-07-25,Professional Services,Canada,Mid-Market
CU006177,Account 006177,2026-01-28,Software,Australia,SMB
CU006178,Account 006178,2022-01-24,Healthcare,United States,Enterprise
CU006179,Account 006179,2025-09-28,Manufacturing,United States,SMB
CU006180,Account 006180,2023-09-19,Professional Services,Singapore,Mid-Market
CU006181,Account 006181,2024-06-08,Education,Canada,Mid-Market
CU006182,Account 006182,2022-06-30,Manufacturing,United States,Enterprise
CU006183,Account 006183,2023-07-01,Manufacturing,Australia,Enterprise
CU006184,Account 006184,2023-09-19,Professional Services,Germany,SMB
CU006185,Account 006185,2023-03-12,Healthcare,United States,Mid-Market
CU006186,Account 006186,2022-09-16,Healthcare,Australia,SMB
CU006187,Account 006187,2022-01-08,Software,Germany,Enterprise
CU006188,Account 006188,2024-12-03,Software,Canada,Mid-Market
CU006189,Account 006189,2023-12-15,Manufacturing,Germany,Enterprise
CU006190,Account 006190,2024-09-26,Retail,Australia,Mid-Market
CU006191,Account 006191,2025-09-28,Education,Singapore,SMB
CU006192,Account 006192,2026-05-29,Healthcare,Canada,Enterprise
CU006193,Account 006193,2024-07-11,Manufacturing,United Kingdom,Mid-Market
CU006194,Account 006194,2024-07-22,Healthcare,Germany,SMB
CU006195,Account 006195,2024-05-02,Education,Singapore,Enterprise
CU006196,Account 006196,2024-10-19,Professional Services,United Kingdom,Enterprise
CU006197,Account 006197,2022-05-15,Software,United Kingdom,Mid-Market
CU006198,Account 006198,2022-06-16,Finance,Singapore,Mid-Market
CU006199,Account 006199,2023-03-16,Finance,Canada,Mid-Market
CU006200,Account 006200,2024-12-11,Manufacturing,United States,SMB
CU006201,Account 006201,2023-12-22,Professional Services,United Kingdom,Enterprise
CU006202,Account 006202,2025-07-18,Education,United States,Mid-Market
CU006203,Account 006203,2025-10-30,Software,Germany,SMB
CU006204,Account 006204,2025-04-07,Healthcare,Singapore,Enterprise
CU006205,Account 006205,2026-02-05,Software,Singapore,SMB
CU006206,Account 006206,2023-06-22,Professional Services,Singapore,Mid-Market
CU006207,Account 006207,2024-02-20,Healthcare,United Kingdom,Mid-Market
CU006208,Account 006208,2022-10-02,Finance,United States,Mid-Market
CU006209,Account 006209,2022-03-11,Software,United Kingdom,Mid-Market
CU006210,Account 006210,2023-11-26,Retail,Canada,SMB
CU006211,Account 006211,2024-10-02,Retail,Australia,Mid-Market
CU006212,Account 006212,2022-07-21,Finance,Australia,Enterprise
CU006213,Account 006213,2025-05-26,Healthcare,Canada,SMB
CU006214,Account 006214,2023-08-04,Healthcare,Singapore,Enterprise
CU006215,Account 006215,2025-10-28,Manufacturing,United States,SMB
CU006216,Account 006216,2024-02-07,Professional Services,Germany,SMB
CU006217,Account 006217,2023-08-25,Healthcare,United States,Enterprise
CU006218,Account 006218,2022-08-06,Finance,United Kingdom,Enterprise
CU006219,Account 006219,2024-07-13,Software,United Kingdom,Enterprise
CU006220,Account 006220,2023-12-28,Manufacturing,Australia,Enterprise
CU006221,Account 006221,2022-06-28,Professional Services,Germany,Enterprise
CU006222,Account 006222,2026-02-15,Finance,Australia,SMB
CU006223,Account 006223,2026-01-08,Professional Services,United States,SMB
CU006224,Account 006224,2025-11-17,Professional Services,Australia,SMB
CU006225,Account 006225,2025-06-16,Retail,Germany,Mid-Market
CU006226,Account 006226,2023-05-19,Finance,Singapore,Mid-Market
CU006227,Account 006227,2023-04-05,Retail,United States,Enterprise
CU006228,Account 006228,2023-07-16,Retail,Canada,Mid-Market
CU006229,Account 006229,2023-10-31,Retail,Australia,Mid-Market
CU006230,Account 006230,2025-02-20,Healthcare,United States,Mid-Market
CU006231,Account 006231,2023-06-07,Manufacturing,Australia,Enterprise
CU006232,Account 006232,2025-05-02,Healthcare,United States,SMB
CU006233,Account 006233,2023-12-22,Healthcare,Canada,Enterprise
CU006234,Account 006234,2024-07-01,Software,Singapore,Enterprise
CU006235,Account 006235,2026-06-27,Finance,Canada,Enterprise
CU006236,Account 006236,2026-01-16,Retail,United States,Mid-Market
CU006237,Account 006237,2022-01-04,Software,United States,SMB
CU006238,Account 006238,2024-08-09,Retail,United Kingdom,Enterprise
CU006239,Account 006239,2024-04-13,Manufacturing,Singapore,Mid-Market
CU006240,Account 006240,2022-05-28,Retail,Germany,Mid-Market
CU006241,Account 006241,2023-11-29,Finance,Germany,Mid-Market
CU006242,Account 006242,2024-01-15,Manufacturing,Singapore,Enterprise
CU006243,Account 006243,2023-12-19,Manufacturing,Germany,SMB
CU006244,Account 006244,2022-10-28,Healthcare,Singapore,Mid-Market
CU006245,Account 006245,2026-01-14,Software,Germany,Enterprise
CU006246,Account 006246,2024-11-03,Professional Services,United Kingdom,Mid-Market
CU006247,Account 006247,2025-04-28,Software,Singapore,Enterprise
CU006248,Account 006248,2023-12-02,Education,United Kingdom,Mid-Market
CU006249,Account 006249,2023-09-20,Education,United Kingdom,SMB
CU006250,Account 006250,2025-06-29,Healthcare,Singapore,Mid-Market
CU006251,Account 006251,2022-06-29,Finance,Canada,SMB
CU006252,Account 006252,2022-01-19,Education,Germany,Mid-Market
CU006253,Account 006253,2022-07-27,Software,Singapore,Enterprise
CU006254,Account 006254,2024-06-26,Professional Services,United States,SMB
CU006255,Account 006255,2023-04-09,Education,Australia,Enterprise
CU006256,Account 006256,2022-12-14,Retail,United Kingdom,SMB
CU006257,Account 006257,2023-11-09,Retail,Australia,SMB
CU006258,Account 006258,2024-03-19,Education,Germany,Mid-Market
CU006259,Account 006259,2022-05-22,Manufacturing,United States,Mid-Market
CU006260,Account 006260,2025-07-01,Education,Singapore,Mid-Market
CU006261,Account 006261,2023-06-04,Manufacturing,United States,Enterprise
CU006262,Account 006262,2022-03-21,Manufacturing,United Kingdom,Enterprise
CU006263,Account 006263,2023-07-17,Education,Singapore,SMB
CU006264,Account 006264,2023-10-24,Finance,United States,Enterprise
CU006265,Account 006265,2026-03-11,Software,United States,Mid-Market
CU006266,Account 006266,2022-09-07,Retail,Australia,Enterprise
CU006267,Account 006267,2026-04-01,Healthcare,Germany,Enterprise
CU006268,Account 006268,2025-10-26,Healthcare,Canada,SMB
CU006269,Account 006269,2023-08-22,Manufacturing,United Kingdom,Mid-Market
CU006270,Account 006270,2023-07-22,Healthcare,Canada,Mid-Market
CU006271,Account 006271,2023-11-11,Healthcare,Australia,Mid-Market
CU006272,Account 006272,2022-06-26,Software,Germany,SMB
CU006273,Account 006273,2022-05-12,Software,United States,Enterprise
CU006274,Account 006274,2023-08-11,Healthcare,Canada,Mid-Market
CU006275,Account 006275,2024-10-11,Finance,United Kingdom,Enterprise
CU006276,Account 006276,2022-06-12,Manufacturing,Canada,Mid-Market
CU006277,Account 006277,2024-02-16,Manufacturing,Germany,Enterprise
CU006278,Account 006278,2025-10-13,Education,Canada,Mid-Market
CU006279,Account 006279,2022-09-04,Healthcare,Canada,Mid-Market
CU006280,Account 006280,2024-05-08,Finance,Canada,Enterprise
CU006281,Account 006281,2022-07-01,Software,United Kingdom,Mid-Market
CU006282,Account 006282,2026-01-07,Manufacturing,United Kingdom,SMB
CU006283,Account 006283,2025-06-19,Education,Singapore,SMB
CU006284,Account 006284,2022-12-01,Manufacturing,Australia,Mid-Market
CU006285,Account 006285,2024-08-25,Software,United Kingdom,Enterprise
CU006286,Account 006286,2023-02-14,Retail,Germany,Enterprise
CU006287,Account 006287,2022-05-13,Finance,Singapore,Mid-Market
CU006288,Account 006288,2023-01-30,Manufacturing,Australia,SMB
CU006289,Account 006289,2024-01-13,Software,Canada,Mid-Market
CU006290,Account 006290,2023-11-06,Healthcare,Australia,Enterprise
CU006291,Account 006291,2023-10-02,Healthcare,United Kingdom,SMB
CU006292,Account 006292,2026-01-20,Education,Australia,Mid-Market
CU006293,Account 006293,2024-02-15,Software,United States,Mid-Market
CU006294,Account 006294,2026-02-25,Retail,Canada,SMB
CU006295,Account 006295,2024-12-20,Education,Australia,Mid-Market
CU006296,Account 006296,2025-11-09,Manufacturing,Germany,Enterprise
CU006297,Account 006297,2023-05-08,Retail,Singapore,Enterprise
CU006298,Account 006298,2024-11-19,Education,United States,Mid-Market
CU006299,Account 006299,2022-01-25,Finance,Australia,Enterprise
CU006300,Account 006300,2022-09-19,Finance,Germany,Enterprise
CU006301,Account 006301,2023-05-14,Healthcare,United States,Mid-Market
CU006302,Account 006302,2026-05-18,Manufacturing,Germany,Mid-Market
CU006303,Account 006303,2026-04-08,Software,Canada,SMB
CU006304,Account 006304,2026-06-27,Finance,United States,Enterprise
CU006305,Account 006305,2026-02-11,Finance,Germany,Mid-Market
CU006306,Account 006306,2022-03-02,Healthcare,Australia,Enterprise
CU006307,Account 006307,2025-04-09,Professional Services,Canada,Mid-Market
CU006308,Account 006308,2025-07-31,Professional Services,Canada,Enterprise
CU006309,Account 006309,2026-04-30,Manufacturing,Australia,Enterprise
CU006310,Account 006310,2023-04-20,Professional Services,United Kingdom,Enterprise
CU006311,Account 006311,2025-01-18,Education,Canada,SMB
CU006312,Account 006312,2023-07-21,Professional Services,Canada,Enterprise
CU006313,Account 006313,2023-04-06,Education,United States,Enterprise
CU006314,Account 006314,2025-05-26,Healthcare,Australia,Mid-Market
CU006315,Account 006315,2023-11-23,Professional Services,Canada,Enterprise
CU006316,Account 006316,2023-03-30,Education,United States,Enterprise
CU006317,Account 006317,2024-04-09,Software,Australia,Enterprise
CU006318,Account 006318,2024-04-08,Professional Services,Canada,Mid-Market
CU006319,Account 006319,2023-12-16,Education,United Kingdom,Mid-Market
CU006320,Account 006320,2025-05-22,Software,Germany,Mid-Market
CU006321,Account 006321,2025-02-02,Manufacturing,Germany,Enterprise
CU006322,Account 006322,2025-06-15,Finance,Canada,SMB
CU006323,Account 006323,2022-04-10,Manufacturing,United Kingdom,SMB
CU006324,Account 006324,2023-06-04,Retail,Australia,SMB
CU006325,Account 006325,2024-05-23,Education,United States,Enterprise
CU006326,Account 006326,2025-12-06,Retail,United Kingdom,Enterprise
CU006327,Account 006327,2026-06-21,Professional Services,United States,Mid-Market
CU006328,Account 006328,2024-09-21,Manufacturing,Canada,SMB
CU006329,Account 006329,2025-10-08,Retail,Germany,Mid-Market
CU006330,Account 006330,2024-11-09,Finance,Singapore,SMB
CU006331,Account 006331,2022-10-26,Retail,Germany,SMB
CU006332,Account 006332,2023-02-27,Software,United Kingdom,Enterprise
CU006333,Account 006333,2022-06-03,Healthcare,United States,Mid-Market
CU006334,Account 006334,2024-08-09,Manufacturing,Canada,Mid-Market
CU006335,Account 006335,2023-10-21,Healthcare,Germany,Mid-Market
CU006336,Account 006336,2024-01-05,Healthcare,Singapore,Mid-Market
CU006337,Account 006337,2024-01-05,Education,Canada,SMB
CU006338,Account 006338,2023-10-19,Healthcare,Canada,Enterprise
CU006339,Account 006339,2023-11-13,Retail,Singapore,SMB
CU006340,Account 006340,2024-05-07,Software,Canada,SMB
CU006341,Account 006341,2025-07-05,Retail,Germany,SMB
CU006342,Account 006342,2024-07-09,Healthcare,Germany,Mid-Market
CU006343,Account 006343,2025-10-31,Manufacturing,United Kingdom,Mid-Market
CU006344,Account 006344,2024-06-17,Finance,United States,Mid-Market
CU006345,Account 006345,2022-07-13,Professional Services,United States,Mid-Market
CU006346,Account 006346,2022-03-03,Retail,Germany,Enterprise
CU006347,Account 006347,2022-01-21,Healthcare,United States,Enterprise
CU006348,Account 006348,2023-03-21,Manufacturing,Singapore,SMB
CU006349,Account 006349,2024-07-16,Finance,Germany,Enterprise
CU006350,Account 006350,2023-03-15,Professional Services,Germany,Mid-Market
CU006351,Account 006351,2022-02-18,Finance,Singapore,Enterprise
CU006352,Account 006352,2024-08-17,Manufacturing,Singapore,Mid-Market
CU006353,Account 006353,2022-06-29,Healthcare,Canada,Enterprise
CU006354,Account 006354,2024-04-07,Healthcare,Canada,SMB
CU006355,Account 006355,2022-06-14,Professional Services,Canada,Mid-Market
CU006356,Account 006356,2022-12-07,Finance,Singapore,Enterprise
CU006357,Account 006357,2024-10-08,Healthcare,United States,SMB
CU006358,Account 006358,2025-10-26,Manufacturing,United States,Enterprise
CU006359,Account 006359,2025-08-11,Software,United States,Mid-Market
CU006360,Account 006360,2024-10-25,Manufacturing,Germany,SMB
CU006361,Account 006361,2023-12-17,Healthcare,Singapore,Enterprise
CU006362,Account 006362,2024-01-22,Software,Australia,Mid-Market
CU006363,Account 006363,2025-12-11,Manufacturing,Germany,Enterprise
CU006364,Account 006364,2023-06-07,Education,Germany,SMB
CU006365,Account 006365,2025-10-29,Education,Germany,Enterprise
CU006366,Account 006366,2026-02-06,Professional Services,United Kingdom,Enterprise
CU006367,Account 006367,2023-11-07,Software,United States,Mid-Market
CU006368,Account 006368,2023-06-29,Software,Canada,Mid-Market
CU006369,Account 006369,2023-12-16,Education,United Kingdom,SMB
CU006370,Account 006370,2022-03-09,Professional Services,Canada,Enterprise
CU006371,Account 006371,2023-03-02,Education,Australia,SMB
CU006372,Account 006372,2025-03-14,Professional Services,Singapore,Mid-Market
CU006373,Account 006373,2023-09-03,Healthcare,Singapore,SMB
CU006374,Account 006374,2022-05-24,Finance,United Kingdom,SMB
CU006375,Account 006375,2025-01-18,Finance,Australia,SMB
CU006376,Account 006376,2026-06-24,Education,Australia,SMB
CU006377,Account 006377,2023-07-28,Healthcare,Germany,Mid-Market
CU006378,Account 006378,2022-04-06,Education,Germany,Mid-Market
CU006379,Account 006379,2023-05-21,Finance,Singapore,Mid-Market
CU006380,Account 006380,2023-09-13,Professional Services,Germany,SMB
CU006381,Account 006381,2023-10-24,Finance,Australia,SMB
CU006382,Account 006382,2024-01-16,Education,Germany,Enterprise
CU006383,Account 006383,2025-05-26,Manufacturing,United Kingdom,Mid-Market
CU006384,Account 006384,2023-07-31,Healthcare,Singapore,Mid-Market
CU006385,Account 006385,2023-07-06,Finance,Canada,Mid-Market
CU006386,Account 006386,2024-08-20,Healthcare,Australia,Mid-Market
CU006387,Account 006387,2025-07-09,Retail,Germany,Mid-Market
CU006388,Account 006388,2026-03-25,Retail,Germany,Enterprise
CU006389,Account 006389,2022-10-07,Professional Services,Australia,Mid-Market
CU006390,Account 006390,2025-12-06,Finance,Singapore,Mid-Market
CU006391,Account 006391,2023-07-22,Healthcare,United Kingdom,Enterprise
CU006392,Account 006392,2023-10-25,Retail,Canada,Enterprise
CU006393,Account 006393,2025-07-13,Manufacturing,Germany,SMB
CU006394,Account 006394,2023-01-27,Retail,United Kingdom,Enterprise
CU006395,Account 006395,2022-08-14,Professional Services,Germany,Mid-Market
CU006396,Account 006396,2023-07-05,Retail,United Kingdom,Mid-Market
CU006397,Account 006397,2025-08-10,Manufacturing,United Kingdom,SMB
CU006398,Account 006398,2024-10-08,Professional Services,Singapore,Mid-Market
CU006399,Account 006399,2022-09-15,Healthcare,Canada,SMB
CU006400,Account 006400,2026-03-17,Retail,United States,SMB
CU006401,Account 006401,2022-09-02,Retail,Germany,Enterprise
CU006402,Account 006402,2026-06-16,Healthcare,Australia,Mid-Market
CU006403,Account 006403,2022-05-28,Education,Australia,Enterprise
CU006404,Account 006404,2023-09-21,Professional Services,Germany,SMB
CU006405,Account 006405,2026-03-14,Professional Services,Canada,Enterprise
CU006406,Account 006406,2024-08-12,Education,United Kingdom,Enterprise
CU006407,Account 006407,2025-05-31,Retail,Germany,Mid-Market
CU006408,Account 006408,2026-05-27,Professional Services,Germany,Mid-Market
CU006409,Account 006409,2022-12-16,Finance,Australia,SMB
CU006410,Account 006410,2026-01-17,Healthcare,Singapore,Enterprise
CU006411,Account 006411,2025-07-15,Software,Singapore,SMB
CU006412,Account 006412,2024-12-14,Software,United States,Mid-Market
CU006413,Account 006413,2023-12-27,Manufacturing,Germany,Mid-Market
CU006414,Account 006414,2026-06-26,Healthcare,Germany,SMB
CU006415,Account 006415,2022-02-23,Professional Services,Australia,Mid-Market
CU006416,Account 006416,2025-04-24,Retail,Germany,Mid-Market
CU006417,Account 006417,2022-07-04,Healthcare,United Kingdom,Enterprise
CU006418,Account 006418,2023-05-12,Software,Germany,SMB
CU006419,Account 006419,2022-05-22,Healthcare,Germany,Enterprise
CU006420,Account 006420,2025-01-14,Education,Australia,Mid-Market
CU006421,Account 006421,2025-09-15,Retail,Germany,Mid-Market
CU006422,Account 006422,2023-10-07,Professional Services,Germany,Enterprise
CU006423,Account 006423,2022-10-15,Healthcare,United Kingdom,Enterprise
CU006424,Account 006424,2023-08-07,Healthcare,United States,Mid-Market
CU006425,Account 006425,2026-06-15,Software,Germany,Enterprise
CU006426,Account 006426,2022-03-07,Software,United Kingdom,Mid-Market
CU006427,Account 006427,2024-06-19,Education,Australia,SMB
CU006428,Account 006428,2026-02-27,Retail,Australia,SMB
CU006429,Account 006429,2024-06-08,Professional Services,Australia,Enterprise
CU006430,Account 006430,2025-05-25,Education,Germany,Mid-Market
CU006431,Account 006431,2025-01-23,Retail,Canada,SMB
CU006432,Account 006432,2023-11-18,Finance,United States,SMB
CU006433,Account 006433,2023-10-14,Professional Services,United States,Mid-Market
CU006434,Account 006434,2026-02-08,Healthcare,Canada,Mid-Market
CU006435,Account 006435,2022-06-09,Software,Germany,Enterprise
CU006436,Account 006436,2025-08-27,Manufacturing,Singapore,SMB
CU006437,Account 006437,2024-08-30,Healthcare,Australia,Mid-Market
CU006438,Account 006438,2022-02-01,Education,Singapore,Mid-Market
CU006439,Account 006439,2025-05-27,Software,United States,Enterprise
CU006440,Account 006440,2026-01-08,Retail,Canada,Mid-Market
CU006441,Account 006441,2024-10-20,Retail,Singapore,SMB
CU006442,Account 006442,2025-10-31,Manufacturing,United Kingdom,Enterprise
CU006443,Account 006443,2023-05-03,Professional Services,Singapore,Mid-Market
CU006444,Account 006444,2022-07-01,Healthcare,United States,Enterprise
CU006445,Account 006445,2023-07-27,Professional Services,United States,Enterprise
CU006446,Account 006446,2022-10-06,Retail,Germany,Mid-Market
CU006447,Account 006447,2022-08-03,Retail,Canada,Mid-Market
CU006448,Account 006448,2022-12-26,Finance,Australia,SMB
CU006449,Account 006449,2024-09-15,Education,Germany,Enterprise
CU006450,Account 006450,2025-01-11,Retail,Singapore,Mid-Market
CU006451,Account 006451,2025-03-28,Retail,Germany,Enterprise
CU006452,Account 006452,2024-02-22,Finance,Canada,Enterprise
CU006453,Account 006453,2024-02-04,Professional Services,Canada,Mid-Market
CU006454,Account 006454,2024-07-01,Education,United Kingdom,Enterprise
CU006455,Account 006455,2024-12-30,Manufacturing,United Kingdom,Enterprise
CU006456,Account 006456,2023-11-20,Software,United States,Enterprise
CU006457,Account 006457,2025-07-10,Manufacturing,Germany,SMB
CU006458,Account 006458,2025-03-07,Manufacturing,United Kingdom,Mid-Market
CU006459,Account 006459,2025-12-04,Finance,Australia,Enterprise
CU006460,Account 006460,2024-08-02,Manufacturing,United Kingdom,SMB
CU006461,Account 006461,2024-01-31,Education,United Kingdom,SMB
CU006462,Account 006462,2026-06-12,Manufacturing,United States,Mid-Market
CU006463,Account 006463,2024-07-11,Education,Singapore,Enterprise
CU006464,Account 006464,2026-05-07,Healthcare,United Kingdom,SMB
CU006465,Account 006465,2025-08-27,Manufacturing,Canada,Mid-Market
CU006466,Account 006466,2023-06-19,Software,Singapore,Enterprise
CU006467,Account 006467,2023-03-25,Software,United Kingdom,Enterprise
CU006468,Account 006468,2024-03-04,Software,Australia,Enterprise
CU006469,Account 006469,2025-05-31,Finance,Australia,Mid-Market
CU006470,Account 006470,2022-11-05,Professional Services,United States,SMB
CU006471,Account 006471,2023-01-29,Education,United States,Enterprise
CU006472,Account 006472,2023-01-10,Finance,Canada,Enterprise
CU006473,Account 006473,2026-02-20,Manufacturing,Canada,Mid-Market
CU006474,Account 006474,2025-08-08,Software,United States,Mid-Market
CU006475,Account 006475,2023-09-04,Manufacturing,Singapore,Enterprise
CU006476,Account 006476,2023-03-26,Finance,Canada,SMB
CU006477,Account 006477,2022-08-07,Finance,United Kingdom,SMB
CU006478,Account 006478,2024-04-03,Healthcare,Germany,Mid-Market
CU006479,Account 006479,2022-06-04,Professional Services,Australia,Mid-Market
CU006480,Account 006480,2024-11-25,Healthcare,Singapore,Enterprise
CU006481,Account 006481,2023-04-24,Education,Singapore,Enterprise
CU006482,Account 006482,2023-12-16,Professional Services,Germany,Mid-Market
CU006483,Account 006483,2025-10-04,Education,United Kingdom,SMB
CU006484,Account 006484,2022-01-08,Healthcare,Canada,SMB
CU006485,Account 006485,2022-01-31,Software,Australia,Enterprise
CU006486,Account 006486,2025-12-03,Healthcare,Canada,SMB
CU006487,Account 006487,2023-03-18,Retail,Singapore,SMB
CU006488,Account 006488,2025-05-26,Finance,United Kingdom,Mid-Market
CU006489,Account 006489,2025-10-28,Education,United States,SMB
CU006490,Account 006490,2024-07-02,Finance,United Kingdom,Mid-Market
CU006491,Account 006491,2023-10-05,Software,Singapore,Enterprise
CU006492,Account 006492,2023-12-16,Retail,United States,Mid-Market
CU006493,Account 006493,2023-04-18,Professional Services,Singapore,Enterprise
CU006494,Account 006494,2024-12-03,Finance,Germany,Enterprise
CU006495,Account 006495,2023-07-08,Finance,Germany,Enterprise
CU006496,Account 006496,2022-10-07,Manufacturing,Singapore,Mid-Market
CU006497,Account 006497,2025-12-29,Education,United Kingdom,Mid-Market
CU006498,Account 006498,2025-01-24,Education,Canada,Mid-Market
CU006499,Account 006499,2025-07-22,Retail,Australia,SMB
CU006500,Account 006500,2022-11-29,Professional Services,Germany,Enterprise
CU006501,Account 006501,2026-05-23,Retail,Germany,Enterprise
CU006502,Account 006502,2023-01-09,Software,Singapore,Mid-Market
CU006503,Account 006503,2025-05-21,Professional Services,United States,Mid-Market
CU006504,Account 006504,2026-02-12,Professional Services,Australia,SMB
CU006505,Account 006505,2025-11-22,Software,United States,SMB
CU006506,Account 006506,2023-01-16,Retail,United States,Mid-Market
CU006507,Account 006507,2024-07-08,Retail,Germany,SMB
CU006508,Account 006508,2026-01-24,Education,United Kingdom,SMB
CU006509,Account 006509,2026-04-03,Finance,Germany,SMB
CU006510,Account 006510,2022-09-16,Retail,United Kingdom,SMB
CU006511,Account 006511,2024-08-01,Software,United Kingdom,Mid-Market
CU006512,Account 006512,2023-08-22,Finance,Singapore,Enterprise
CU006513,Account 006513,2023-05-26,Retail,Australia,SMB
CU006514,Account 006514,2026-02-11,Manufacturing,Australia,SMB
CU006515,Account 006515,2023-10-20,Education,Canada,Enterprise
CU006516,Account 006516,2023-03-21,Manufacturing,United Kingdom,SMB
CU006517,Account 006517,2022-11-26,Professional Services,Singapore,Enterprise
CU006518,Account 006518,2024-08-24,Software,Australia,Enterprise
CU006519,Account 006519,2025-07-09,Education,United States,SMB
CU006520,Account 006520,2024-03-19,Healthcare,Canada,SMB
CU006521,Account 006521,2024-01-15,Software,Australia,Mid-Market
CU006522,Account 006522,2022-03-31,Professional Services,Germany,Enterprise
CU006523,Account 006523,2022-03-29,Professional Services,Germany,SMB
CU006524,Account 006524,2022-01-27,Software,United Kingdom,Mid-Market
CU006525,Account 006525,2022-04-02,Education,Singapore,SMB
CU006526,Account 006526,2022-12-17,Healthcare,United States,Enterprise
CU006527,Account 006527,2023-09-17,Professional Services,Germany,Enterprise
CU006528,Account 006528,2024-06-30,Professional Services,United States,SMB
CU006529,Account 006529,2026-05-10,Professional Services,Singapore,SMB
CU006530,Account 006530,2025-05-03,Finance,Germany,Mid-Market
CU006531,Account 006531,2025-02-28,Professional Services,United States,SMB
CU006532,Account 006532,2025-10-04,Retail,United States,SMB
CU006533,Account 006533,2022-07-13,Finance,Canada,Enterprise
CU006534,Account 006534,2024-06-30,Finance,Singapore,SMB
CU006535,Account 006535,2022-12-26,Finance,United States,Mid-Market
CU006536,Account 006536,2023-07-09,Retail,Australia,Mid-Market
CU006537,Account 006537,2022-03-21,Education,United States,SMB
CU006538,Account 006538,2022-03-19,Education,Australia,SMB
CU006539,Account 006539,2024-11-05,Manufacturing,United Kingdom,Mid-Market
CU006540,Account 006540,2024-06-04,Software,Canada,Mid-Market
CU006541,Account 006541,2025-12-14,Finance,United Kingdom,Mid-Market
CU006542,Account 006542,2025-12-30,Retail,Canada,SMB
CU006543,Account 006543,2023-06-04,Healthcare,United States,Mid-Market
CU006544,Account 006544,2023-12-15,Professional Services,Australia,SMB
CU006545,Account 006545,2023-06-02,Retail,United Kingdom,Mid-Market
CU006546,Account 006546,2024-12-08,Finance,Singapore,SMB
CU006547,Account 006547,2023-08-13,Education,United Kingdom,SMB
CU006548,Account 006548,2025-08-22,Finance,United States,Enterprise
CU006549,Account 006549,2023-08-10,Education,Singapore,SMB
CU006550,Account 006550,2022-07-27,Healthcare,Germany,SMB
CU006551,Account 006551,2023-05-26,Healthcare,Australia,Mid-Market
CU006552,Account 006552,2024-11-28,Healthcare,United States,Mid-Market
CU006553,Account 006553,2022-10-13,Healthcare,Singapore,Enterprise
CU006554,Account 006554,2025-05-05,Finance,United Kingdom,Mid-Market
CU006555,Account 006555,2022-09-19,Healthcare,Australia,Mid-Market
CU006556,Account 006556,2022-08-23,Professional Services,Germany,Enterprise
CU006557,Account 006557,2025-03-04,Finance,Canada,Enterprise
CU006558,Account 006558,2025-08-30,Retail,Canada,SMB
CU006559,Account 006559,2026-04-07,Finance,United States,Enterprise
CU006560,Account 006560,2022-09-02,Manufacturing,Germany,SMB
CU006561,Account 006561,2022-08-04,Finance,United Kingdom,SMB
CU006562,Account 006562,2025-11-13,Software,Australia,Mid-Market
CU006563,Account 006563,2024-03-23,Healthcare,United Kingdom,Mid-Market
CU006564,Account 006564,2024-02-29,Professional Services,Germany,Enterprise
CU006565,Account 006565,2022-07-11,Professional Services,Germany,Mid-Market
CU006566,Account 006566,2023-04-14,Education,Australia,Enterprise
CU006567,Account 006567,2024-10-31,Healthcare,Germany,SMB
CU006568,Account 006568,2023-03-13,Education,United States,Mid-Market
CU006569,Account 006569,2025-07-04,Education,Canada,SMB
CU006570,Account 006570,2024-10-28,Manufacturing,Canada,SMB
CU006571,Account 006571,2023-04-28,Retail,Canada,Mid-Market
CU006572,Account 006572,2022-06-15,Retail,United States,Enterprise
CU006573,Account 006573,2023-02-05,Finance,Australia,Mid-Market
CU006574,Account 006574,2022-02-01,Retail,United Kingdom,Mid-Market
CU006575,Account 006575,2026-04-03,Education,United States,Enterprise
CU006576,Account 006576,2026-03-19,Software,United Kingdom,SMB
CU006577,Account 006577,2022-01-18,Professional Services,United Kingdom,Mid-Market
CU006578,Account 006578,2022-12-08,Retail,United States,Enterprise
CU006579,Account 006579,2024-06-13,Retail,United States,Enterprise
CU006580,Account 006580,2025-10-31,Healthcare,Germany,SMB
CU006581,Account 006581,2025-11-06,Software,United States,SMB
CU006582,Account 006582,2024-11-01,Healthcare,United States,SMB
CU006583,Account 006583,2022-06-14,Education,United States,Enterprise
CU006584,Account 006584,2026-05-07,Education,Canada,Enterprise
CU006585,Account 006585,2023-08-11,Professional Services,Australia,SMB
CU006586,Account 006586,2022-07-29,Education,United States,SMB
CU006587,Account 006587,2023-01-24,Finance,Canada,Enterprise
CU006588,Account 006588,2022-04-05,Finance,United States,Mid-Market
CU006589,Account 006589,2022-03-16,Finance,United Kingdom,Enterprise
CU006590,Account 006590,2023-05-27,Software,United Kingdom,SMB
CU006591,Account 006591,2023-01-25,Healthcare,Singapore,SMB
CU006592,Account 006592,2024-04-22,Software,United States,SMB
CU006593,Account 006593,2023-11-11,Healthcare,United Kingdom,Mid-Market
CU006594,Account 006594,2025-08-02,Manufacturing,Australia,Enterprise
CU006595,Account 006595,2022-04-04,Professional Services,Australia,Mid-Market
CU006596,Account 006596,2022-04-08,Manufacturing,Canada,SMB
CU006597,Account 006597,2023-06-09,Manufacturing,United States,SMB
CU006598,Account 006598,2026-01-09,Professional Services,United States,Enterprise
CU006599,Account 006599,2022-11-13,Healthcare,Australia,SMB
CU006600,Account 006600,2023-05-20,Healthcare,Germany,Mid-Market
CU006601,Account 006601,2024-06-03,Professional Services,Canada,Enterprise
CU006602,Account 006602,2025-08-31,Software,Singapore,Mid-Market
CU006603,Account 006603,2025-12-27,Software,Singapore,SMB
CU006604,Account 006604,2025-01-14,Finance,Australia,Enterprise
CU006605,Account 006605,2025-06-19,Professional Services,United Kingdom,Enterprise
CU006606,Account 006606,2025-10-08,Healthcare,United Kingdom,Mid-Market
CU006607,Account 006607,2026-02-01,Software,United Kingdom,Enterprise
CU006608,Account 006608,2025-11-03,Education,Canada,Mid-Market
CU006609,Account 006609,2024-07-19,Professional Services,Germany,Mid-Market
CU006610,Account 006610,2024-10-08,Education,Germany,Mid-Market
CU006611,Account 006611,2022-07-19,Retail,Singapore,Enterprise
CU006612,Account 006612,2024-03-19,Finance,Canada,Enterprise
CU006613,Account 006613,2024-10-13,Retail,Germany,Enterprise
CU006614,Account 006614,2022-11-13,Finance,Singapore,SMB
CU006615,Account 006615,2022-04-28,Education,Singapore,Enterprise
CU006616,Account 006616,2022-06-01,Manufacturing,Australia,Enterprise
CU006617,Account 006617,2023-09-04,Education,Singapore,Mid-Market
CU006618,Account 006618,2024-03-06,Software,Australia,Mid-Market
CU006619,Account 006619,2024-12-30,Healthcare,United Kingdom,Enterprise
CU006620,Account 006620,2025-06-14,Manufacturing,United Kingdom,Mid-Market
CU006621,Account 006621,2023-10-19,Manufacturing,Singapore,SMB
CU006622,Account 006622,2023-02-28,Manufacturing,Canada,SMB
CU006623,Account 006623,2023-11-04,Finance,Singapore,Mid-Market
CU006624,Account 006624,2024-06-05,Healthcare,United Kingdom,SMB
CU006625,Account 006625,2025-05-18,Healthcare,Singapore,Mid-Market
CU006626,Account 006626,2024-08-11,Education,United States,SMB
CU006627,Account 006627,2022-09-25,Software,Singapore,SMB
CU006628,Account 006628,2024-11-14,Manufacturing,Singapore,Mid-Market
CU006629,Account 006629,2022-11-29,Finance,Singapore,Mid-Market
CU006630,Account 006630,2023-08-21,Manufacturing,United Kingdom,SMB
CU006631,Account 006631,2022-01-03,Manufacturing,Canada,SMB
CU006632,Account 006632,2026-06-26,Manufacturing,Canada,SMB
CU006633,Account 006633,2025-03-27,Healthcare,Canada,Enterprise
CU006634,Account 006634,2024-05-30,Education,United Kingdom,SMB
CU006635,Account 006635,2026-05-21,Education,United States,Mid-Market
CU006636,Account 006636,2024-06-17,Manufacturing,United Kingdom,Mid-Market
CU006637,Account 006637,2024-03-21,Retail,Germany,SMB
CU006638,Account 006638,2025-08-18,Professional Services,Germany,Mid-Market
CU006639,Account 006639,2022-04-02,Professional Services,Australia,Mid-Market
CU006640,Account 006640,2025-03-10,Software,United Kingdom,SMB
CU006641,Account 006641,2023-11-09,Software,Canada,Enterprise
CU006642,Account 006642,2023-09-24,Software,United States,SMB
CU006643,Account 006643,2024-06-15,Manufacturing,United Kingdom,Mid-Market
CU006644,Account 006644,2026-03-23,Software,Canada,SMB
CU006645,Account 006645,2022-02-01,Healthcare,Germany,Mid-Market
CU006646,Account 006646,2025-09-09,Software,United States,Mid-Market
CU006647,Account 006647,2025-06-25,Healthcare,Canada,Mid-Market
CU006648,Account 006648,2024-08-11,Software,Germany,SMB
CU006649,Account 006649,2025-07-30,Finance,Singapore,SMB
CU006650,Account 006650,2023-06-08,Software,Canada,Mid-Market
CU006651,Account 006651,2023-07-09,Finance,Germany,SMB
CU006652,Account 006652,2026-06-29,Professional Services,United States,Enterprise
CU006653,Account 006653,2023-11-09,Manufacturing,Singapore,Enterprise
CU006654,Account 006654,2023-10-09,Retail,Singapore,Mid-Market
CU006655,Account 006655,2022-12-18,Software,Germany,Mid-Market
CU006656,Account 006656,2023-12-09,Finance,Australia,SMB
CU006657,Account 006657,2026-03-01,Manufacturing,Singapore,Enterprise
CU006658,Account 006658,2022-03-07,Manufacturing,Australia,SMB
CU006659,Account 006659,2024-08-29,Manufacturing,Singapore,Mid-Market
CU006660,Account 006660,2025-08-15,Professional Services,Australia,SMB
CU006661,Account 006661,2023-05-29,Manufacturing,Germany,SMB
CU006662,Account 006662,2026-04-10,Finance,Germany,SMB
CU006663,Account 006663,2024-01-09,Retail,Germany,Enterprise
CU006664,Account 006664,2024-01-07,Finance,United Kingdom,SMB
CU006665,Account 006665,2023-11-08,Manufacturing,Australia,Mid-Market
CU006666,Account 006666,2022-03-17,Finance,Singapore,Mid-Market
CU006667,Account 006667,2023-03-26,Education,Australia,Mid-Market
CU006668,Account 006668,2025-04-03,Professional Services,United Kingdom,Mid-Market
CU006669,Account 006669,2022-07-08,Manufacturing,Germany,Enterprise
CU006670,Account 006670,2022-03-05,Retail,United States,Mid-Market
CU006671,Account 006671,2024-02-02,Finance,Singapore,Enterprise
CU006672,Account 006672,2022-01-13,Finance,Singapore,Mid-Market
CU006673,Account 006673,2022-10-20,Retail,United States,Enterprise
CU006674,Account 006674,2024-09-25,Education,Australia,Mid-Market
CU006675,Account 006675,2026-02-13,Finance,Australia,SMB
CU006676,Account 006676,2025-10-09,Finance,United States,SMB
CU006677,Account 006677,2023-05-26,Healthcare,Germany,SMB
CU006678,Account 006678,2023-08-08,Education,Singapore,Mid-Market
CU006679,Account 006679,2023-12-28,Education,Singapore,Mid-Market
CU006680,Account 006680,2024-03-13,Education,Germany,Enterprise
CU006681,Account 006681,2024-10-25,Finance,Germany,Mid-Market
CU006682,Account 006682,2022-02-06,Manufacturing,United Kingdom,Enterprise
CU006683,Account 006683,2024-11-25,Software,United States,Mid-Market
CU006684,Account 006684,2024-03-19,Manufacturing,United Kingdom,Mid-Market
CU006685,Account 006685,2024-11-08,Finance,Germany,SMB
CU006686,Account 006686,2023-01-11,Manufacturing,United Kingdom,Enterprise
CU006687,Account 006687,2022-11-28,Manufacturing,Germany,Mid-Market
CU006688,Account 006688,2026-04-06,Retail,Singapore,Enterprise
CU006689,Account 006689,2025-02-12,Education,Australia,SMB
CU006690,Account 006690,2024-05-20,Retail,Australia,Mid-Market
CU006691,Account 006691,2024-07-17,Education,Australia,Mid-Market
CU006692,Account 006692,2024-01-26,Finance,Germany,Enterprise
CU006693,Account 006693,2024-12-18,Professional Services,United States,Mid-Market
CU006694,Account 006694,2022-11-26,Finance,Germany,Mid-Market
CU006695,Account 006695,2025-03-17,Finance,Canada,Enterprise
CU006696,Account 006696,2022-04-04,Software,United States,SMB
CU006697,Account 006697,2025-05-09,Professional Services,Singapore,Enterprise
CU006698,Account 006698,2024-08-02,Software,United States,SMB
CU006699,Account 006699,2024-01-03,Education,United Kingdom,Mid-Market
CU006700,Account 006700,2026-01-06,Healthcare,United States,Mid-Market
CU006701,Account 006701,2026-02-09,Healthcare,United States,Mid-Market
CU006702,Account 006702,2024-11-15,Software,Canada,SMB
CU006703,Account 006703,2024-11-09,Manufacturing,Germany,SMB
CU006704,Account 006704,2024-12-06,Healthcare,Germany,Mid-Market
CU006705,Account 006705,2025-03-14,Professional Services,Australia,SMB
CU006706,Account 006706,2023-09-27,Software,Australia,Enterprise
CU006707,Account 006707,2022-09-08,Healthcare,Germany,Mid-Market
CU006708,Account 006708,2023-09-07,Finance,United Kingdom,Mid-Market
CU006709,Account 006709,2025-12-04,Finance,Australia,Enterprise
CU006710,Account 006710,2023-05-07,Retail,United Kingdom,Mid-Market
CU006711,Account 006711,2025-02-07,Professional Services,United States,Mid-Market
CU006712,Account 006712,2024-07-25,Professional Services,Australia,Mid-Market
CU006713,Account 006713,2023-12-17,Professional Services,Australia,SMB
CU006714,Account 006714,2022-09-07,Education,Germany,SMB
CU006715,Account 006715,2026-02-10,Education,Canada,Mid-Market
CU006716,Account 006716,2025-12-26,Education,Germany,SMB
CU006717,Account 006717,2026-05-23,Finance,Germany,SMB
CU006718,Account 006718,2023-08-24,Professional Services,United Kingdom,Enterprise
CU006719,Account 006719,2024-06-19,Software,United States,Mid-Market
CU006720,Account 006720,2024-08-18,Professional Services,Australia,Mid-Market
CU006721,Account 006721,2023-08-19,Healthcare,Australia,Mid-Market
CU006722,Account 006722,2023-11-03,Retail,Australia,Mid-Market
CU006723,Account 006723,2025-08-25,Finance,Germany,Mid-Market
CU006724,Account 006724,2024-11-22,Retail,United Kingdom,SMB
CU006725,Account 006725,2025-09-03,Healthcare,Australia,Enterprise
CU006726,Account 006726,2024-09-11,Healthcare,Germany,SMB
CU006727,Account 006727,2022-09-15,Manufacturing,Australia,Mid-Market
CU006728,Account 006728,2026-03-28,Education,Canada,SMB
CU006729,Account 006729,2025-12-08,Retail,United States,Enterprise
CU006730,Account 006730,2026-04-21,Healthcare,Canada,Enterprise
CU006731,Account 006731,2025-04-30,Professional Services,Australia,SMB
CU006732,Account 006732,2023-04-25,Education,Australia,Mid-Market
CU006733,Account 006733,2024-03-31,Retail,Germany,SMB
CU006734,Account 006734,2024-09-01,Education,Australia,Enterprise
CU006735,Account 006735,2024-04-25,Education,Canada,Enterprise
CU006736,Account 006736,2026-04-29,Software,United States,Enterprise
CU006737,Account 006737,2026-01-03,Healthcare,Australia,Enterprise
CU006738,Account 006738,2023-04-26,Education,Germany,Mid-Market
CU006739,Account 006739,2022-01-12,Professional Services,Australia,Mid-Market
CU006740,Account 006740,2024-01-13,Software,Germany,Enterprise
CU006741,Account 006741,2025-05-15,Finance,Singapore,Mid-Market
CU006742,Account 006742,2023-05-20,Software,Australia,SMB
CU006743,Account 006743,2023-12-21,Education,Singapore,Enterprise
CU006744,Account 006744,2024-10-05,Retail,United States,Mid-Market
CU006745,Account 006745,2023-08-27,Professional Services,Australia,Mid-Market
CU006746,Account 006746,2022-10-09,Finance,Australia,Mid-Market
CU006747,Account 006747,2022-04-02,Manufacturing,Australia,SMB
CU006748,Account 006748,2024-11-19,Manufacturing,Singapore,SMB
CU006749,Account 006749,2022-04-10,Professional Services,Singapore,Mid-Market
CU006750,Account 006750,2026-01-14,Education,Germany,Enterprise
CU006751,Account 006751,2023-10-14,Education,Singapore,SMB
CU006752,Account 006752,2022-12-08,Manufacturing,Singapore,Mid-Market
CU006753,Account 006753,2024-11-19,Finance,United Kingdom,SMB
CU006754,Account 006754,2022-09-16,Education,Germany,SMB
CU006755,Account 006755,2024-08-14,Finance,United Kingdom,Mid-Market
CU006756,Account 006756,2023-10-25,Professional Services,United Kingdom,Enterprise
CU006757,Account 006757,2025-04-09,Professional Services,Australia,SMB
CU006758,Account 006758,2022-10-21,Software,United States,SMB
CU006759,Account 006759,2023-10-06,Manufacturing,United Kingdom,SMB
CU006760,Account 006760,2024-04-13,Manufacturing,United States,Mid-Market
CU006761,Account 006761,2024-12-09,Retail,Germany,Enterprise
CU006762,Account 006762,2022-10-26,Software,United Kingdom,Enterprise
CU006763,Account 006763,2025-11-10,Healthcare,Germany,Mid-Market
CU006764,Account 006764,2024-06-23,Manufacturing,United Kingdom,Enterprise
CU006765,Account 006765,2026-03-02,Retail,Australia,Enterprise
CU006766,Account 006766,2023-10-11,Healthcare,Canada,Mid-Market
CU006767,Account 006767,2022-01-02,Healthcare,Germany,SMB
CU006768,Account 006768,2025-10-28,Software,Canada,Mid-Market
CU006769,Account 006769,2022-12-04,Retail,Singapore,Mid-Market
CU006770,Account 006770,2024-06-22,Finance,United States,Mid-Market
CU006771,Account 006771,2023-09-12,Finance,Canada,SMB
CU006772,Account 006772,2023-08-26,Education,Singapore,Mid-Market
CU006773,Account 006773,2025-09-30,Manufacturing,Australia,Enterprise
CU006774,Account 006774,2026-04-23,Manufacturing,United States,Mid-Market
CU006775,Account 006775,2022-08-25,Finance,Singapore,Enterprise
CU006776,Account 006776,2026-02-10,Education,Germany,SMB
CU006777,Account 006777,2024-04-08,Retail,Canada,SMB
CU006778,Account 006778,2025-06-11,Healthcare,Germany,Mid-Market
CU006779,Account 006779,2022-04-16,Professional Services,Australia,SMB
CU006780,Account 006780,2022-07-29,Software,Canada,Mid-Market
CU006781,Account 006781,2022-09-14,Healthcare,Singapore,Enterprise
CU006782,Account 006782,2023-08-31,Professional Services,Canada,Enterprise
CU006783,Account 006783,2024-04-25,Finance,Germany,Mid-Market
CU006784,Account 006784,2024-11-03,Education,United Kingdom,Mid-Market
CU006785,Account 006785,2024-08-22,Healthcare,Singapore,Mid-Market
CU006786,Account 006786,2024-01-17,Retail,United Kingdom,SMB
CU006787,Account 006787,2022-11-10,Retail,Australia,SMB
CU006788,Account 006788,2024-10-10,Education,Singapore,SMB
CU006789,Account 006789,2025-05-02,Software,Australia,Mid-Market
CU006790,Account 006790,2025-07-26,Retail,Singapore,Enterprise
CU006791,Account 006791,2024-05-07,Finance,Australia,Mid-Market
CU006792,Account 006792,2023-11-06,Software,Singapore,SMB
CU006793,Account 006793,2022-11-27,Healthcare,United Kingdom,Mid-Market
CU006794,Account 006794,2024-11-18,Healthcare,Australia,SMB
CU006795,Account 006795,2022-02-08,Education,Australia,Enterprise
CU006796,Account 006796,2023-05-23,Education,United States,Mid-Market
CU006797,Account 006797,2025-11-02,Finance,Australia,SMB
CU006798,Account 006798,2022-03-31,Manufacturing,United States,SMB
CU006799,Account 006799,2023-05-31,Software,United States,Mid-Market
CU006800,Account 006800,2024-10-15,Education,United States,Enterprise
CU006801,Account 006801,2022-04-30,Retail,Canada,Mid-Market
CU006802,Account 006802,2026-01-10,Education,Germany,Mid-Market
CU006803,Account 006803,2025-06-18,Professional Services,Singapore,Enterprise
CU006804,Account 006804,2025-12-16,Professional Services,Canada,Mid-Market
CU006805,Account 006805,2024-11-29,Software,United States,Mid-Market
CU006806,Account 006806,2023-08-11,Finance,Canada,SMB
CU006807,Account 006807,2022-07-15,Finance,Germany,Enterprise
CU006808,Account 006808,2022-09-11,Software,Canada,Mid-Market
CU006809,Account 006809,2024-10-07,Education,United Kingdom,SMB
CU006810,Account 006810,2022-11-23,Professional Services,Germany,SMB
CU006811,Account 006811,2022-08-10,Education,Canada,Mid-Market
CU006812,Account 006812,2024-08-25,Software,Germany,SMB
CU006813,Account 006813,2024-05-17,Healthcare,United States,SMB
CU006814,Account 006814,2024-07-16,Retail,United Kingdom,SMB
CU006815,Account 006815,2025-04-24,Retail,Canada,Enterprise
CU006816,Account 006816,2025-10-07,Software,United Kingdom,SMB
CU006817,Account 006817,2022-09-08,Finance,Germany,Mid-Market
CU006818,Account 006818,2025-03-06,Manufacturing,Singapore,Enterprise
CU006819,Account 006819,2025-09-30,Education,Germany,SMB
CU006820,Account 006820,2026-06-11,Manufacturing,Australia,Enterprise
CU006821,Account 006821,2026-04-19,Professional Services,Canada,SMB
CU006822,Account 006822,2024-04-14,Finance,Australia,Enterprise
CU006823,Account 006823,2024-11-29,Software,Canada,Enterprise
CU006824,Account 006824,2026-02-06,Education,Australia,Enterprise
CU006825,Account 006825,2025-08-19,Finance,Singapore,SMB
CU006826,Account 006826,2024-11-21,Manufacturing,Germany,SMB
CU006827,Account 006827,2024-03-12,Software,Canada,SMB
CU006828,Account 006828,2025-07-01,Manufacturing,Australia,Enterprise
CU006829,Account 006829,2025-07-18,Software,United States,Mid-Market
CU006830,Account 006830,2024-03-21,Healthcare,United States,SMB
CU006831,Account 006831,2023-06-24,Education,Singapore,Mid-Market
CU006832,Account 006832,2025-05-18,Software,Singapore,Enterprise
CU006833,Account 006833,2022-09-20,Healthcare,Canada,SMB
CU006834,Account 006834,2025-04-01,Education,Australia,SMB
CU006835,Account 006835,2025-01-29,Retail,Germany,SMB
CU006836,Account 006836,2025-11-19,Education,United Kingdom,Enterprise
CU006837,Account 006837,2024-11-12,Software,United Kingdom,Mid-Market
CU006838,Account 006838,2026-04-16,Education,United States,Enterprise
CU006839,Account 006839,2022-07-26,Finance,United Kingdom,Enterprise
CU006840,Account 006840,2022-08-16,Healthcare,Canada,SMB
CU006841,Account 006841,2022-12-18,Professional Services,Australia,SMB
CU006842,Account 006842,2022-12-13,Professional Services,United States,Mid-Market
CU006843,Account 006843,2025-03-29,Retail,Singapore,SMB
CU006844,Account 006844,2024-01-15,Finance,United Kingdom,Mid-Market
CU006845,Account 006845,2024-07-22,Healthcare,Australia,Mid-Market
CU006846,Account 006846,2025-04-25,Healthcare,Australia,SMB
CU006847,Account 006847,2025-05-21,Professional Services,Canada,SMB
CU006848,Account 006848,2022-11-17,Retail,United Kingdom,Enterprise
CU006849,Account 006849,2023-12-05,Finance,United Kingdom,Enterprise
CU006850,Account 006850,2025-07-24,Healthcare,Australia,Mid-Market
CU006851,Account 006851,2025-12-13,Retail,Germany,SMB
CU006852,Account 006852,2022-09-19,Education,Canada,Mid-Market
CU006853,Account 006853,2023-12-01,Manufacturing,Australia,SMB
CU006854,Account 006854,2025-06-18,Software,Singapore,SMB
CU006855,Account 006855,2023-10-27,Healthcare,United States,Enterprise
CU006856,Account 006856,2022-06-29,Software,Australia,Enterprise
CU006857,Account 006857,2024-08-26,Professional Services,Singapore,Enterprise
CU006858,Account 006858,2024-12-20,Retail,United Kingdom,SMB
CU006859,Account 006859,2023-05-24,Finance,Canada,SMB
CU006860,Account 006860,2025-09-12,Software,Canada,Mid-Market
CU006861,Account 006861,2023-09-02,Software,Singapore,Mid-Market
CU006862,Account 006862,2022-02-11,Professional Services,United States,SMB
CU006863,Account 006863,2023-01-22,Finance,Australia,Mid-Market
CU006864,Account 006864,2024-04-27,Healthcare,Canada,SMB
CU006865,Account 006865,2024-11-24,Retail,Singapore,Mid-Market
CU006866,Account 006866,2024-03-14,Finance,Singapore,Enterprise
CU006867,Account 006867,2024-06-29,Retail,Singapore,Mid-Market
CU006868,Account 006868,2023-09-15,Education,United Kingdom,Enterprise
CU006869,Account 006869,2026-02-15,Finance,Germany,Enterprise
CU006870,Account 006870,2022-11-12,Manufacturing,Germany,Enterprise
CU006871,Account 006871,2025-08-19,Healthcare,United Kingdom,Mid-Market
CU006872,Account 006872,2024-11-18,Software,United States,Enterprise
CU006873,Account 006873,2025-08-22,Software,United States,Enterprise
CU006874,Account 006874,2025-11-16,Healthcare,United Kingdom,Mid-Market
CU006875,Account 006875,2025-03-20,Software,Singapore,Mid-Market
CU006876,Account 006876,2022-02-13,Professional Services,United States,Enterprise
CU006877,Account 006877,2024-06-23,Healthcare,Germany,Mid-Market
CU006878,Account 006878,2023-03-27,Finance,Australia,Enterprise
CU006879,Account 006879,2023-02-07,Retail,United States,Mid-Market
CU006880,Account 006880,2023-03-07,Education,United States,SMB
CU006881,Account 006881,2023-06-25,Finance,Germany,Mid-Market
CU006882,Account 006882,2026-06-29,Professional Services,Germany,Enterprise
CU006883,Account 006883,2023-03-11,Healthcare,Australia,Enterprise
CU006884,Account 006884,2024-06-25,Finance,United Kingdom,Enterprise
CU006885,Account 006885,2024-05-04,Software,Singapore,SMB
CU006886,Account 006886,2025-03-07,Software,Singapore,Enterprise
CU006887,Account 006887,2024-07-08,Finance,United Kingdom,Mid-Market
CU006888,Account 006888,2025-07-07,Software,Singapore,Mid-Market
CU006889,Account 006889,2025-06-05,Professional Services,Canada,Mid-Market
CU006890,Account 006890,2024-02-02,Healthcare,United States,SMB
CU006891,Account 006891,2024-12-14,Software,United States,SMB
CU006892,Account 006892,2022-01-01,Software,Singapore,SMB
CU006893,Account 006893,2025-01-27,Education,United States,SMB
CU006894,Account 006894,2023-04-06,Retail,United States,SMB
CU006895,Account 006895,2024-05-18,Retail,Canada,Mid-Market
CU006896,Account 006896,2025-04-11,Retail,Australia,Enterprise
CU006897,Account 006897,2024-05-04,Healthcare,United Kingdom,Mid-Market
CU006898,Account 006898,2025-12-11,Retail,Australia,Enterprise
CU006899,Account 006899,2024-04-09,Manufacturing,Singapore,Enterprise
CU006900,Account 006900,2023-06-05,Software,Canada,SMB
CU006901,Account 006901,2023-06-09,Finance,Singapore,Enterprise
CU006902,Account 006902,2023-06-21,Software,Germany,SMB
CU006903,Account 006903,2026-02-26,Manufacturing,Singapore,SMB
CU006904,Account 006904,2025-08-24,Finance,Germany,SMB
CU006905,Account 006905,2025-03-26,Professional Services,Australia,SMB
CU006906,Account 006906,2025-12-14,Software,United Kingdom,Mid-Market
CU006907,Account 006907,2022-11-13,Professional Services,United States,Mid-Market
CU006908,Account 006908,2024-03-22,Manufacturing,United Kingdom,Enterprise
CU006909,Account 006909,2022-05-25,Education,Singapore,Mid-Market
CU006910,Account 006910,2022-01-13,Finance,Australia,Enterprise
CU006911,Account 006911,2026-04-26,Education,Australia,SMB
CU006912,Account 006912,2026-02-23,Finance,United Kingdom,Mid-Market
CU006913,Account 006913,2026-01-29,Manufacturing,United Kingdom,Mid-Market
CU006914,Account 006914,2023-01-10,Manufacturing,United States,SMB
CU006915,Account 006915,2023-06-23,Professional Services,United Kingdom,SMB
CU006916,Account 006916,2024-04-23,Professional Services,United States,Mid-Market
CU006917,Account 006917,2024-04-01,Education,Australia,Mid-Market
CU006918,Account 006918,2023-08-01,Healthcare,Australia,SMB
CU006919,Account 006919,2025-08-18,Professional Services,United States,Enterprise
CU006920,Account 006920,2024-02-02,Healthcare,Canada,Mid-Market
CU006921,Account 006921,2024-04-28,Retail,Australia,SMB
CU006922,Account 006922,2025-06-20,Retail,Canada,SMB
CU006923,Account 006923,2025-04-04,Manufacturing,Canada,Enterprise
CU006924,Account 006924,2024-06-25,Retail,Germany,Enterprise
CU006925,Account 006925,2024-05-15,Professional Services,Singapore,Enterprise
CU006926,Account 006926,2022-05-30,Finance,United States,SMB
CU006927,Account 006927,2023-04-16,Finance,Canada,SMB
CU006928,Account 006928,2022-05-08,Finance,Singapore,SMB
CU006929,Account 006929,2025-07-26,Manufacturing,Canada,SMB
CU006930,Account 006930,2022-10-12,Retail,Singapore,Enterprise
CU006931,Account 006931,2024-10-19,Finance,Canada,Mid-Market
CU006932,Account 006932,2026-01-13,Manufacturing,Australia,Enterprise
CU006933,Account 006933,2025-07-30,Healthcare,Canada,Mid-Market
CU006934,Account 006934,2022-01-01,Manufacturing,Australia,SMB
CU006935,Account 006935,2026-03-23,Education,United Kingdom,SMB
CU006936,Account 006936,2026-04-23,Education,United Kingdom,Mid-Market
CU006937,Account 006937,2023-10-08,Education,Canada,SMB
CU006938,Account 006938,2023-10-31,Education,Australia,SMB
CU006939,Account 006939,2022-09-24,Retail,Canada,Mid-Market
CU006940,Account 006940,2025-02-05,Healthcare,Germany,SMB
CU006941,Account 006941,2023-11-12,Healthcare,Canada,SMB
CU006942,Account 006942,2023-05-27,Finance,Australia,Enterprise
CU006943,Account 006943,2025-06-08,Manufacturing,Germany,SMB
CU006944,Account 006944,2024-10-20,Professional Services,Singapore,Enterprise
CU006945,Account 006945,2024-07-30,Retail,United Kingdom,Enterprise
CU006946,Account 006946,2022-12-31,Manufacturing,Singapore,Enterprise
CU006947,Account 006947,2026-06-19,Software,Australia,Mid-Market
CU006948,Account 006948,2023-09-30,Software,Canada,SMB
CU006949,Account 006949,2023-02-27,Education,Australia,SMB
CU006950,Account 006950,2024-06-01,Retail,Singapore,Enterprise
CU006951,Account 006951,2023-08-24,Software,United Kingdom,SMB
CU006952,Account 006952,2023-07-13,Healthcare,Singapore,SMB
CU006953,Account 006953,2023-12-12,Education,Germany,Mid-Market
CU006954,Account 006954,2025-04-07,Manufacturing,United Kingdom,Enterprise
CU006955,Account 006955,2023-05-14,Software,Germany,Enterprise
CU006956,Account 006956,2023-10-19,Software,Canada,Enterprise
CU006957,Account 006957,2025-04-25,Finance,Australia,SMB
CU006958,Account 006958,2023-11-20,Manufacturing,United Kingdom,SMB
CU006959,Account 006959,2023-10-10,Education,Canada,Enterprise
CU006960,Account 006960,2022-05-21,Healthcare,United Kingdom,Mid-Market
CU006961,Account 006961,2023-01-08,Education,Australia,Enterprise
CU006962,Account 006962,2024-06-21,Software,United States,Enterprise
CU006963,Account 006963,2022-09-14,Software,Australia,Enterprise
CU006964,Account 006964,2022-12-02,Finance,Singapore,Enterprise
CU006965,Account 006965,2026-03-04,Professional Services,Canada,SMB
CU006966,Account 006966,2023-09-16,Retail,Canada,Enterprise
CU006967,Account 006967,2022-12-13,Software,United Kingdom,SMB
CU006968,Account 006968,2026-04-15,Education,Australia,Enterprise
CU006969,Account 006969,2024-02-11,Manufacturing,United Kingdom,SMB
CU006970,Account 006970,2025-11-17,Retail,Australia,Mid-Market
CU006971,Account 006971,2023-01-26,Professional Services,Canada,Mid-Market
CU006972,Account 006972,2023-11-21,Finance,Canada,Enterprise
CU006973,Account 006973,2025-03-31,Retail,Australia,Enterprise
CU006974,Account 006974,2025-03-07,Education,United States,SMB
CU006975,Account 006975,2025-01-02,Manufacturing,Germany,Mid-Market
CU006976,Account 006976,2024-03-18,Education,United Kingdom,Mid-Market
CU006977,Account 006977,2024-12-18,Healthcare,United States,SMB
CU006978,Account 006978,2024-12-03,Manufacturing,Singapore,Mid-Market
CU006979,Account 006979,2024-03-25,Education,Germany,SMB
CU006980,Account 006980,2022-11-22,Manufacturing,Canada,Enterprise
CU006981,Account 006981,2022-04-01,Education,United States,Enterprise
CU006982,Account 006982,2023-09-18,Finance,Australia,Enterprise
CU006983,Account 006983,2026-05-04,Education,United Kingdom,Enterprise
CU006984,Account 006984,2026-01-19,Finance,Australia,SMB
CU006985,Account 006985,2024-09-29,Healthcare,Australia,SMB
CU006986,Account 006986,2022-12-01,Manufacturing,Singapore,Mid-Market
CU006987,Account 006987,2023-04-05,Education,Australia,SMB
CU006988,Account 006988,2022-10-01,Software,Singapore,Mid-Market
CU006989,Account 006989,2024-06-10,Finance,Singapore,SMB
CU006990,Account 006990,2023-05-22,Manufacturing,United States,Enterprise
CU006991,Account 006991,2022-10-09,Finance,Germany,Mid-Market
CU006992,Account 006992,2022-10-06,Healthcare,Germany,SMB
CU006993,Account 006993,2022-06-13,Healthcare,United States,SMB
CU006994,Account 006994,2022-01-08,Manufacturing,United States,Mid-Market
CU006995,Account 006995,2024-05-05,Software,Australia,SMB
CU006996,Account 006996,2026-02-23,Professional Services,Canada,Mid-Market
CU006997,Account 006997,2023-05-19,Manufacturing,Canada,Enterprise
CU006998,Account 006998,2025-02-09,Healthcare,United Kingdom,Mid-Market
CU006999,Account 006999,2022-11-06,Professional Services,Singapore,Enterprise
CU007000,Account 007000,2025-11-17,Retail,Germany,Mid-Market
CU007001,Account 007001,2022-11-07,Retail,Singapore,SMB
CU007002,Account 007002,2024-09-24,Retail,Germany,Enterprise
CU007003,Account 007003,2025-06-07,Software,United States,SMB
CU007004,Account 007004,2026-02-13,Finance,Canada,Enterprise
CU007005,Account 007005,2025-05-13,Finance,Australia,SMB
CU007006,Account 007006,2022-07-23,Healthcare,United States,Mid-Market
CU007007,Account 007007,2022-12-27,Healthcare,United States,Mid-Market
CU007008,Account 007008,2024-02-06,Finance,Germany,SMB
CU007009,Account 007009,2022-11-01,Education,Germany,Mid-Market
CU007010,Account 007010,2025-07-26,Manufacturing,United Kingdom,Enterprise
CU007011,Account 007011,2026-05-21,Professional Services,United Kingdom,Enterprise
CU007012,Account 007012,2025-10-06,Professional Services,Singapore,SMB
CU007013,Account 007013,2022-12-24,Finance,United Kingdom,Enterprise
CU007014,Account 007014,2023-02-28,Education,Singapore,Enterprise
CU007015,Account 007015,2025-12-31,Manufacturing,Singapore,Mid-Market
CU007016,Account 007016,2025-01-30,Retail,United States,Mid-Market
CU007017,Account 007017,2025-08-10,Manufacturing,Singapore,Enterprise
CU007018,Account 007018,2024-10-27,Education,Australia,Mid-Market
CU007019,Account 007019,2024-06-26,Professional Services,Singapore,Enterprise
CU007020,Account 007020,2022-12-20,Software,Australia,Enterprise
CU007021,Account 007021,2024-01-27,Manufacturing,Canada,Mid-Market
CU007022,Account 007022,2022-06-30,Software,United States,Enterprise
CU007023,Account 007023,2023-01-26,Finance,United Kingdom,SMB
CU007024,Account 007024,2022-11-13,Healthcare,Singapore,SMB
CU007025,Account 007025,2024-12-03,Healthcare,Australia,SMB
CU007026,Account 007026,2022-08-19,Healthcare,Australia,SMB
CU007027,Account 007027,2023-09-07,Professional Services,Canada,SMB
CU007028,Account 007028,2022-02-08,Education,United States,Mid-Market
CU007029,Account 007029,2023-05-29,Professional Services,Australia,Enterprise
CU007030,Account 007030,2025-07-01,Software,Germany,Mid-Market
CU007031,Account 007031,2022-03-13,Healthcare,United States,Mid-Market
CU007032,Account 007032,2025-06-04,Software,Canada,Mid-Market
CU007033,Account 007033,2024-12-28,Software,United States,Enterprise
CU007034,Account 007034,2024-02-04,Education,Singapore,Enterprise
CU007035,Account 007035,2025-04-03,Finance,Singapore,Mid-Market
CU007036,Account 007036,2023-02-16,Manufacturing,Canada,Enterprise
CU007037,Account 007037,2023-06-14,Manufacturing,Singapore,Enterprise
CU007038,Account 007038,2023-06-12,Healthcare,Germany,Mid-Market
CU007039,Account 007039,2025-08-27,Retail,Australia,SMB
CU007040,Account 007040,2022-03-20,Education,United States,Mid-Market
CU007041,Account 007041,2025-08-02,Finance,United States,SMB
CU007042,Account 007042,2023-03-11,Finance,United States,SMB
CU007043,Account 007043,2023-11-18,Manufacturing,Canada,Enterprise
CU007044,Account 007044,2025-08-04,Education,Singapore,Enterprise
CU007045,Account 007045,2026-02-24,Finance,United States,Mid-Market
CU007046,Account 007046,2024-03-08,Retail,Germany,Mid-Market
CU007047,Account 007047,2023-10-09,Education,Australia,Mid-Market
CU007048,Account 007048,2022-12-10,Software,United Kingdom,SMB
CU007049,Account 007049,2024-09-28,Finance,Singapore,Enterprise
CU007050,Account 007050,2026-02-18,Finance,United Kingdom,Enterprise
CU007051,Account 007051,2024-10-08,Education,Canada,SMB
CU007052,Account 007052,2022-03-12,Retail,Singapore,Mid-Market
CU007053,Account 007053,2025-11-19,Education,United Kingdom,Enterprise
CU007054,Account 007054,2023-11-19,Manufacturing,United States,Mid-Market
CU007055,Account 007055,2025-08-11,Professional Services,Australia,Enterprise
CU007056,Account 007056,2024-07-09,Software,Germany,Mid-Market
CU007057,Account 007057,2025-03-04,Professional Services,United States,Mid-Market
CU007058,Account 007058,2026-01-31,Healthcare,Germany,SMB
CU007059,Account 007059,2025-01-08,Finance,United States,SMB
CU007060,Account 007060,2023-01-26,Retail,Singapore,SMB
CU007061,Account 007061,2024-07-15,Healthcare,United States,Mid-Market
CU007062,Account 007062,2023-12-10,Retail,United States,SMB
CU007063,Account 007063,2024-11-05,Manufacturing,Germany,Mid-Market
CU007064,Account 007064,2023-04-09,Finance,United Kingdom,Enterprise
CU007065,Account 007065,2026-03-12,Manufacturing,Canada,SMB
CU007066,Account 007066,2023-08-31,Professional Services,Germany,Mid-Market
CU007067,Account 007067,2022-09-16,Education,Canada,SMB
CU007068,Account 007068,2025-07-30,Education,United Kingdom,SMB
CU007069,Account 007069,2022-11-05,Software,Germany,Mid-Market
CU007070,Account 007070,2023-02-20,Education,Canada,SMB
CU007071,Account 007071,2022-02-06,Finance,United States,Mid-Market
CU007072,Account 007072,2023-03-08,Retail,Australia,Enterprise
CU007073,Account 007073,2023-09-26,Retail,Germany,Enterprise
CU007074,Account 007074,2025-10-18,Healthcare,United States,SMB
CU007075,Account 007075,2024-10-24,Retail,United Kingdom,SMB
CU007076,Account 007076,2025-03-09,Professional Services,Singapore,SMB
CU007077,Account 007077,2025-06-13,Manufacturing,Australia,Enterprise
CU007078,Account 007078,2024-11-03,Professional Services,United States,SMB
CU007079,Account 007079,2023-12-07,Healthcare,Australia,Enterprise
CU007080,Account 007080,2023-01-09,Manufacturing,Singapore,SMB
CU007081,Account 007081,2022-11-05,Healthcare,Germany,Enterprise
CU007082,Account 007082,2025-08-11,Manufacturing,United States,Mid-Market
CU007083,Account 007083,2024-06-17,Finance,United States,SMB
CU007084,Account 007084,2025-07-29,Finance,Canada,Mid-Market
CU007085,Account 007085,2022-09-12,Retail,Germany,SMB
CU007086,Account 007086,2025-08-24,Education,Australia,Enterprise
CU007087,Account 007087,2023-07-21,Professional Services,Singapore,Mid-Market
CU007088,Account 007088,2023-07-05,Manufacturing,Canada,Mid-Market
CU007089,Account 007089,2022-07-20,Education,Canada,Mid-Market
CU007090,Account 007090,2025-05-08,Professional Services,Australia,Mid-Market
CU007091,Account 007091,2024-10-02,Manufacturing,United States,Mid-Market
CU007092,Account 007092,2023-05-11,Manufacturing,Canada,SMB
CU007093,Account 007093,2026-05-08,Retail,Singapore,Enterprise
CU007094,Account 007094,2022-10-10,Manufacturing,Germany,Enterprise
CU007095,Account 007095,2025-02-17,Healthcare,Germany,Enterprise
CU007096,Account 007096,2022-07-22,Finance,United Kingdom,Enterprise
CU007097,Account 007097,2023-02-26,Finance,United States,Enterprise
CU007098,Account 007098,2022-08-19,Finance,Singapore,Mid-Market
CU007099,Account 007099,2024-01-11,Finance,United Kingdom,Mid-Market
CU007100,Account 007100,2023-03-13,Professional Services,United Kingdom,Enterprise
CU007101,Account 007101,2025-04-23,Software,Australia,Enterprise
CU007102,Account 007102,2024-08-23,Retail,United Kingdom,Mid-Market
CU007103,Account 007103,2024-04-29,Healthcare,Germany,Enterprise
CU007104,Account 007104,2023-06-23,Healthcare,Germany,SMB
CU007105,Account 007105,2023-09-03,Education,Australia,SMB
CU007106,Account 007106,2024-09-05,Education,Canada,Enterprise
CU007107,Account 007107,2023-10-23,Education,Australia,SMB
CU007108,Account 007108,2025-09-21,Education,Singapore,Enterprise
CU007109,Account 007109,2024-05-27,Healthcare,Australia,Mid-Market
CU007110,Account 007110,2022-09-03,Finance,Germany,Enterprise
CU007111,Account 007111,2022-03-15,Education,Germany,SMB
CU007112,Account 007112,2024-05-21,Retail,Canada,Enterprise
CU007113,Account 007113,2026-01-27,Finance,United Kingdom,Mid-Market
CU007114,Account 007114,2022-11-19,Finance,Canada,SMB
CU007115,Account 007115,2024-05-16,Professional Services,Australia,Enterprise
CU007116,Account 007116,2024-11-05,Healthcare,Singapore,SMB
CU007117,Account 007117,2022-12-23,Education,Australia,Enterprise
CU007118,Account 007118,2024-04-12,Manufacturing,Singapore,Enterprise
CU007119,Account 007119,2024-05-19,Manufacturing,Germany,Mid-Market
CU007120,Account 007120,2025-05-22,Finance,Germany,Enterprise
CU007121,Account 007121,2025-10-29,Professional Services,Germany,SMB
CU007122,Account 007122,2022-12-14,Manufacturing,Canada,Mid-Market
CU007123,Account 007123,2024-09-13,Professional Services,Australia,SMB
CU007124,Account 007124,2024-10-13,Manufacturing,United Kingdom,SMB
CU007125,Account 007125,2025-01-05,Software,Canada,Mid-Market
CU007126,Account 007126,2024-11-16,Finance,Singapore,Mid-Market
CU007127,Account 007127,2023-02-27,Retail,Australia,Enterprise
CU007128,Account 007128,2026-03-17,Manufacturing,Australia,Mid-Market
CU007129,Account 007129,2024-05-09,Education,Australia,SMB
CU007130,Account 007130,2025-07-06,Finance,Canada,Enterprise
CU007131,Account 007131,2022-04-25,Healthcare,Germany,SMB
CU007132,Account 007132,2022-06-13,Manufacturing,Germany,SMB
CU007133,Account 007133,2022-07-06,Education,United States,Mid-Market
CU007134,Account 007134,2023-12-29,Software,Germany,Mid-Market
CU007135,Account 007135,2025-06-29,Retail,United States,Mid-Market
CU007136,Account 007136,2023-03-06,Manufacturing,Singapore,SMB
CU007137,Account 007137,2023-11-21,Finance,Singapore,Enterprise
CU007138,Account 007138,2022-05-23,Finance,United States,Enterprise
CU007139,Account 007139,2023-11-19,Professional Services,Canada,Enterprise
CU007140,Account 007140,2024-11-26,Software,Australia,SMB
CU007141,Account 007141,2025-03-17,Finance,United States,Enterprise
CU007142,Account 007142,2022-06-26,Retail,United States,Enterprise
CU007143,Account 007143,2024-12-04,Education,United Kingdom,Enterprise
CU007144,Account 007144,2023-02-03,Healthcare,Canada,SMB
CU007145,Account 007145,2022-06-01,Manufacturing,United Kingdom,SMB
CU007146,Account 007146,2024-11-06,Software,Canada,SMB
CU007147,Account 007147,2024-03-01,Healthcare,Canada,SMB
CU007148,Account 007148,2025-04-08,Finance,United Kingdom,Enterprise
CU007149,Account 007149,2024-04-24,Finance,Singapore,SMB
CU007150,Account 007150,2026-04-03,Manufacturing,Germany,Enterprise
CU007151,Account 007151,2024-04-24,Software,Singapore,Enterprise
CU007152,Account 007152,2024-07-05,Healthcare,Australia,SMB
CU007153,Account 007153,2025-12-17,Education,Canada,Enterprise
CU007154,Account 007154,2025-03-03,Finance,Singapore,Enterprise
CU007155,Account 007155,2025-05-18,Healthcare,Germany,Enterprise
CU007156,Account 007156,2025-12-29,Education,Australia,Enterprise
CU007157,Account 007157,2022-10-14,Retail,Australia,Enterprise
CU007158,Account 007158,2025-08-25,Software,United States,Enterprise
CU007159,Account 007159,2025-03-31,Education,Germany,Enterprise
CU007160,Account 007160,2025-03-23,Finance,Australia,SMB
CU007161,Account 007161,2022-03-23,Finance,Australia,SMB
CU007162,Account 007162,2023-05-14,Finance,United Kingdom,SMB
CU007163,Account 007163,2024-03-11,Healthcare,Germany,SMB
CU007164,Account 007164,2025-02-17,Retail,Singapore,SMB
CU007165,Account 007165,2022-08-06,Manufacturing,United Kingdom,Enterprise
CU007166,Account 007166,2022-09-16,Professional Services,United Kingdom,Mid-Market
CU007167,Account 007167,2025-07-28,Healthcare,Singapore,Mid-Market
CU007168,Account 007168,2023-09-26,Healthcare,Singapore,SMB
CU007169,Account 007169,2025-10-10,Healthcare,Canada,Enterprise
CU007170,Account 007170,2023-09-09,Professional Services,Germany,Enterprise
CU007171,Account 007171,2022-01-25,Software,Canada,Enterprise
CU007172,Account 007172,2025-11-30,Healthcare,Germany,Mid-Market
CU007173,Account 007173,2023-08-04,Manufacturing,Canada,Mid-Market
CU007174,Account 007174,2023-10-10,Manufacturing,Australia,Mid-Market
CU007175,Account 007175,2023-01-11,Retail,Australia,Enterprise
CU007176,Account 007176,2023-08-31,Professional Services,United Kingdom,Mid-Market
CU007177,Account 007177,2024-02-11,Software,United Kingdom,Enterprise
CU007178,Account 007178,2022-05-06,Healthcare,Australia,Mid-Market
CU007179,Account 007179,2024-12-18,Education,Australia,Mid-Market
CU007180,Account 007180,2026-03-12,Education,Australia,SMB
CU007181,Account 007181,2024-12-08,Professional Services,United Kingdom,Enterprise
CU007182,Account 007182,2022-08-14,Finance,United Kingdom,Enterprise
CU007183,Account 007183,2023-11-26,Education,Canada,Mid-Market
CU007184,Account 007184,2025-12-11,Finance,Canada,Mid-Market
CU007185,Account 007185,2023-11-12,Manufacturing,United Kingdom,Mid-Market
CU007186,Account 007186,2022-06-01,Retail,Germany,Mid-Market
CU007187,Account 007187,2025-04-19,Finance,Canada,Mid-Market
CU007188,Account 007188,2025-11-16,Manufacturing,Canada,Mid-Market
CU007189,Account 007189,2024-04-29,Manufacturing,Australia,Enterprise
CU007190,Account 007190,2025-04-09,Retail,Canada,SMB
CU007191,Account 007191,2022-06-02,Professional Services,United States,SMB
CU007192,Account 007192,2024-07-31,Healthcare,Germany,Mid-Market
CU007193,Account 007193,2022-04-10,Finance,Canada,SMB
CU007194,Account 007194,2024-10-30,Professional Services,Singapore,Enterprise
CU007195,Account 007195,2022-01-14,Manufacturing,United Kingdom,Mid-Market
CU007196,Account 007196,2023-08-21,Healthcare,Germany,Enterprise
CU007197,Account 007197,2022-01-19,Finance,United Kingdom,SMB
CU007198,Account 007198,2024-03-25,Education,Germany,Enterprise
CU007199,Account 007199,2026-02-10,Education,Canada,SMB
CU007200,Account 007200,2024-08-16,Professional Services,Singapore,Enterprise
CU007201,Account 007201,2025-05-15,Retail,United States,Mid-Market
CU007202,Account 007202,2025-10-31,Manufacturing,Canada,Enterprise
CU007203,Account 007203,2026-03-29,Healthcare,Germany,Enterprise
CU007204,Account 007204,2023-06-25,Manufacturing,Australia,SMB
CU007205,Account 007205,2023-05-18,Software,Canada,Enterprise
CU007206,Account 007206,2022-11-20,Retail,Singapore,Mid-Market
CU007207,Account 007207,2023-09-20,Education,Canada,Enterprise
CU007208,Account 007208,2023-02-15,Healthcare,Germany,Enterprise
CU007209,Account 007209,2022-09-15,Healthcare,United States,SMB
CU007210,Account 007210,2023-01-27,Education,United States,Mid-Market
CU007211,Account 007211,2025-09-24,Retail,United Kingdom,SMB
CU007212,Account 007212,2024-06-14,Healthcare,Canada,SMB
CU007213,Account 007213,2025-01-11,Professional Services,Germany,SMB
CU007214,Account 007214,2025-05-29,Professional Services,Germany,SMB
CU007215,Account 007215,2024-05-06,Professional Services,Australia,SMB
CU007216,Account 007216,2025-11-18,Education,Canada,Enterprise
CU007217,Account 007217,2025-10-30,Software,Canada,Enterprise
CU007218,Account 007218,2022-07-15,Education,Singapore,Enterprise
CU007219,Account 007219,2022-12-22,Finance,United Kingdom,Mid-Market
CU007220,Account 007220,2025-10-19,Education,Australia,Enterprise
CU007221,Account 007221,2023-12-24,Healthcare,United States,Enterprise
CU007222,Account 007222,2022-07-31,Software,Germany,SMB
CU007223,Account 007223,2022-06-17,Professional Services,Singapore,Enterprise
CU007224,Account 007224,2023-06-11,Software,Germany,Mid-Market
CU007225,Account 007225,2026-01-23,Software,Canada,Enterprise
CU007226,Account 007226,2025-01-25,Professional Services,United States,Enterprise
CU007227,Account 007227,2023-08-10,Healthcare,Germany,Enterprise
CU007228,Account 007228,2026-01-08,Manufacturing,Canada,Enterprise
CU007229,Account 007229,2026-01-26,Retail,Singapore,Enterprise
CU007230,Account 007230,2023-10-21,Finance,Canada,Enterprise
CU007231,Account 007231,2026-04-27,Education,United States,SMB
CU007232,Account 007232,2026-06-18,Healthcare,Canada,Mid-Market
CU007233,Account 007233,2023-03-31,Healthcare,United States,Enterprise
CU007234,Account 007234,2026-03-26,Professional Services,United Kingdom,SMB
CU007235,Account 007235,2022-12-29,Education,Germany,Mid-Market
CU007236,Account 007236,2024-10-06,Professional Services,Germany,Enterprise
CU007237,Account 007237,2022-01-10,Finance,Singapore,SMB
CU007238,Account 007238,2023-09-18,Healthcare,United Kingdom,SMB
CU007239,Account 007239,2022-10-02,Retail,Australia,Mid-Market
CU007240,Account 007240,2022-04-08,Education,United Kingdom,Mid-Market
CU007241,Account 007241,2024-10-25,Professional Services,Singapore,Mid-Market
CU007242,Account 007242,2026-03-21,Education,United Kingdom,Enterprise
CU007243,Account 007243,2026-05-02,Software,Germany,SMB
CU007244,Account 007244,2026-05-13,Software,Australia,Enterprise
CU007245,Account 007245,2026-05-08,Education,United Kingdom,Mid-Market
CU007246,Account 007246,2025-12-18,Software,Germany,Enterprise
CU007247,Account 007247,2022-07-17,Retail,United States,Mid-Market
CU007248,Account 007248,2025-02-20,Retail,United States,Mid-Market
CU007249,Account 007249,2025-10-14,Professional Services,Canada,Mid-Market
CU007250,Account 007250,2023-01-12,Retail,Germany,Enterprise
CU007251,Account 007251,2024-08-07,Healthcare,Singapore,Mid-Market
CU007252,Account 007252,2024-04-19,Manufacturing,Singapore,Enterprise
CU007253,Account 007253,2024-11-28,Education,United States,Enterprise
CU007254,Account 007254,2022-05-12,Education,Singapore,Mid-Market
CU007255,Account 007255,2026-04-19,Finance,Canada,Mid-Market
CU007256,Account 007256,2023-09-20,Software,United Kingdom,SMB
CU007257,Account 007257,2022-09-20,Professional Services,United States,SMB
CU007258,Account 007258,2022-07-03,Professional Services,Australia,Enterprise
CU007259,Account 007259,2025-12-03,Retail,Canada,Enterprise
CU007260,Account 007260,2024-05-22,Retail,United Kingdom,SMB
CU007261,Account 007261,2025-06-12,Finance,Canada,Enterprise
CU007262,Account 007262,2022-09-24,Education,Germany,Mid-Market
CU007263,Account 007263,2026-02-04,Finance,Australia,Mid-Market
CU007264,Account 007264,2025-11-17,Professional Services,United States,Mid-Market
CU007265,Account 007265,2025-05-08,Finance,United States,Enterprise
CU007266,Account 007266,2025-08-07,Education,United States,SMB
CU007267,Account 007267,2024-09-01,Professional Services,Canada,SMB
CU007268,Account 007268,2022-06-16,Manufacturing,United Kingdom,SMB
CU007269,Account 007269,2025-12-29,Software,Canada,SMB
CU007270,Account 007270,2025-03-15,Healthcare,United Kingdom,Mid-Market
CU007271,Account 007271,2022-09-01,Retail,United Kingdom,SMB
CU007272,Account 007272,2023-06-27,Retail,United Kingdom,Enterprise
CU007273,Account 007273,2024-01-07,Retail,Canada,Mid-Market
CU007274,Account 007274,2022-10-24,Finance,Canada,SMB
CU007275,Account 007275,2022-06-20,Software,Canada,Enterprise
CU007276,Account 007276,2022-06-19,Manufacturing,Germany,Mid-Market
CU007277,Account 007277,2022-07-28,Manufacturing,Singapore,SMB
CU007278,Account 007278,2022-01-16,Finance,Germany,SMB
CU007279,Account 007279,2025-06-13,Education,Australia,Enterprise
CU007280,Account 007280,2026-05-27,Software,Canada,Enterprise
CU007281,Account 007281,2025-02-26,Software,Australia,Enterprise
CU007282,Account 007282,2023-04-09,Software,Germany,SMB
CU007283,Account 007283,2026-01-02,Professional Services,Canada,Mid-Market
CU007284,Account 007284,2025-04-10,Manufacturing,Singapore,SMB
CU007285,Account 007285,2023-03-18,Education,Australia,Mid-Market
CU007286,Account 007286,2025-08-18,Manufacturing,United Kingdom,Mid-Market
CU007287,Account 007287,2022-09-14,Professional Services,Australia,Enterprise
CU007288,Account 007288,2023-06-05,Software,Germany,Enterprise
CU007289,Account 007289,2024-11-17,Professional Services,Canada,SMB
CU007290,Account 007290,2025-05-10,Professional Services,Singapore,Mid-Market
CU007291,Account 007291,2024-01-10,Software,Germany,SMB
CU007292,Account 007292,2024-09-13,Retail,United States,Enterprise
CU007293,Account 007293,2023-01-13,Software,Singapore,Mid-Market
CU007294,Account 007294,2026-06-19,Software,United Kingdom,Mid-Market
CU007295,Account 007295,2022-06-21,Retail,United Kingdom,Enterprise
CU007296,Account 007296,2025-04-14,Manufacturing,Australia,Mid-Market
CU007297,Account 007297,2025-12-26,Education,United States,SMB
CU007298,Account 007298,2022-05-22,Finance,United States,Enterprise
CU007299,Account 007299,2022-02-22,Finance,Australia,Enterprise
CU007300,Account 007300,2023-11-13,Finance,Germany,Enterprise
CU007301,Account 007301,2023-01-24,Retail,Germany,Mid-Market
CU007302,Account 007302,2023-08-24,Professional Services,Germany,Enterprise
CU007303,Account 007303,2022-12-03,Education,Canada,Mid-Market
CU007304,Account 007304,2024-09-14,Professional Services,United Kingdom,Enterprise
CU007305,Account 007305,2023-02-11,Finance,Australia,SMB
CU007306,Account 007306,2022-08-14,Professional Services,United States,Enterprise
CU007307,Account 007307,2023-09-08,Finance,United Kingdom,SMB
CU007308,Account 007308,2024-03-27,Healthcare,Singapore,Mid-Market
CU007309,Account 007309,2026-05-21,Professional Services,United States,Enterprise
CU007310,Account 007310,2022-09-07,Manufacturing,Singapore,SMB
CU007311,Account 007311,2023-12-27,Manufacturing,Singapore,Mid-Market
CU007312,Account 007312,2024-01-14,Software,Singapore,Enterprise
CU007313,Account 007313,2022-09-14,Retail,Australia,SMB
CU007314,Account 007314,2025-01-11,Manufacturing,Germany,SMB
CU007315,Account 007315,2024-03-03,Retail,United States,Mid-Market
CU007316,Account 007316,2022-09-06,Manufacturing,Australia,SMB
CU007317,Account 007317,2023-07-12,Professional Services,Australia,Enterprise
CU007318,Account 007318,2022-01-20,Software,Singapore,Mid-Market
CU007319,Account 007319,2024-10-10,Manufacturing,Canada,Mid-Market
CU007320,Account 007320,2024-02-02,Healthcare,Australia,Mid-Market
CU007321,Account 007321,2022-11-09,Software,Australia,Enterprise
CU007322,Account 007322,2025-11-13,Finance,Australia,SMB
CU007323,Account 007323,2025-06-07,Retail,United Kingdom,Mid-Market
CU007324,Account 007324,2025-03-03,Healthcare,Canada,Mid-Market
CU007325,Account 007325,2024-07-15,Software,Canada,Mid-Market
CU007326,Account 007326,2025-08-25,Manufacturing,Canada,SMB
CU007327,Account 007327,2026-05-17,Manufacturing,Singapore,Enterprise
CU007328,Account 007328,2026-01-12,Finance,United States,Enterprise
CU007329,Account 007329,2025-10-15,Finance,Germany,Enterprise
CU007330,Account 007330,2025-12-23,Software,Australia,SMB
CU007331,Account 007331,2023-02-03,Finance,United States,Mid-Market
CU007332,Account 007332,2023-07-27,Professional Services,Australia,Mid-Market
CU007333,Account 007333,2024-10-24,Retail,Singapore,Enterprise
CU007334,Account 007334,2024-07-15,Retail,Singapore,Mid-Market
CU007335,Account 007335,2025-01-07,Retail,Singapore,Enterprise
CU007336,Account 007336,2022-08-11,Manufacturing,United States,Mid-Market
CU007337,Account 007337,2022-10-05,Finance,Singapore,Enterprise
CU007338,Account 007338,2023-07-17,Manufacturing,Singapore,Mid-Market
CU007339,Account 007339,2025-12-17,Software,United Kingdom,Enterprise
CU007340,Account 007340,2023-05-23,Manufacturing,United Kingdom,Enterprise
CU007341,Account 007341,2022-05-28,Healthcare,Australia,SMB
CU007342,Account 007342,2025-09-02,Retail,Australia,Enterprise
CU007343,Account 007343,2024-01-29,Manufacturing,United Kingdom,Enterprise
CU007344,Account 007344,2025-07-11,Healthcare,United Kingdom,SMB
CU007345,Account 007345,2025-01-31,Manufacturing,Singapore,Enterprise
CU007346,Account 007346,2023-02-20,Retail,United States,Mid-Market
CU007347,Account 007347,2022-05-26,Manufacturing,United States,Mid-Market
CU007348,Account 007348,2026-05-09,Retail,United Kingdom,Enterprise
CU007349,Account 007349,2023-04-22,Professional Services,United States,SMB
CU007350,Account 007350,2024-09-20,Finance,Australia,Enterprise
CU007351,Account 007351,2026-02-20,Professional Services,Canada,Mid-Market
CU007352,Account 007352,2023-10-29,Healthcare,United States,Mid-Market
CU007353,Account 007353,2022-01-08,Healthcare,United States,Enterprise
CU007354,Account 007354,2022-02-02,Healthcare,Australia,SMB
CU007355,Account 007355,2023-05-13,Finance,United Kingdom,Mid-Market
CU007356,Account 007356,2022-08-18,Finance,United States,Enterprise
CU007357,Account 007357,2024-07-05,Professional Services,United States,SMB
CU007358,Account 007358,2024-06-21,Professional Services,Australia,Mid-Market
CU007359,Account 007359,2022-03-16,Software,Australia,Enterprise
CU007360,Account 007360,2023-10-02,Manufacturing,Germany,SMB
CU007361,Account 007361,2026-02-19,Professional Services,Germany,Mid-Market
CU007362,Account 007362,2023-11-02,Professional Services,Canada,Enterprise
CU007363,Account 007363,2023-09-30,Manufacturing,United States,SMB
CU007364,Account 007364,2025-01-23,Software,Australia,SMB
CU007365,Account 007365,2024-09-13,Retail,Australia,Mid-Market
CU007366,Account 007366,2026-01-04,Software,Singapore,Mid-Market
CU007367,Account 007367,2022-04-08,Manufacturing,Canada,Enterprise
CU007368,Account 007368,2022-10-12,Manufacturing,Canada,Enterprise
CU007369,Account 007369,2026-03-24,Education,United Kingdom,Mid-Market
CU007370,Account 007370,2025-09-14,Professional Services,Singapore,SMB
CU007371,Account 007371,2025-12-02,Professional Services,United States,SMB
CU007372,Account 007372,2023-04-11,Manufacturing,United States,SMB
CU007373,Account 007373,2025-02-23,Education,United States,Mid-Market
CU007374,Account 007374,2023-01-07,Finance,Singapore,SMB
CU007375,Account 007375,2025-04-23,Finance,United Kingdom,Enterprise
CU007376,Account 007376,2024-01-10,Finance,Singapore,Enterprise
CU007377,Account 007377,2025-07-06,Software,Germany,SMB
CU007378,Account 007378,2022-04-11,Software,Canada,Enterprise
CU007379,Account 007379,2022-05-02,Finance,Canada,Enterprise
CU007380,Account 007380,2024-03-03,Software,Canada,SMB
CU007381,Account 007381,2025-10-15,Manufacturing,United States,Mid-Market
CU007382,Account 007382,2025-01-04,Finance,United States,Enterprise
CU007383,Account 007383,2024-08-03,Professional Services,Canada,Mid-Market
CU007384,Account 007384,2023-05-04,Software,United Kingdom,Enterprise
CU007385,Account 007385,2022-10-01,Retail,Singapore,Mid-Market
CU007386,Account 007386,2025-05-11,Education,Singapore,Enterprise
CU007387,Account 007387,2022-11-27,Education,Australia,Enterprise
CU007388,Account 007388,2022-10-19,Finance,United States,Enterprise
CU007389,Account 007389,2024-10-05,Retail,United States,Enterprise
CU007390,Account 007390,2022-11-19,Healthcare,Canada,Enterprise
CU007391,Account 007391,2022-03-02,Manufacturing,United States,Enterprise
CU007392,Account 007392,2023-03-25,Education,United States,SMB
CU007393,Account 007393,2026-05-01,Manufacturing,Singapore,SMB
CU007394,Account 007394,2024-10-06,Healthcare,Canada,Mid-Market
CU007395,Account 007395,2024-08-01,Software,Australia,SMB
CU007396,Account 007396,2022-11-12,Manufacturing,United Kingdom,SMB
CU007397,Account 007397,2022-08-11,Professional Services,United Kingdom,Mid-Market
CU007398,Account 007398,2024-11-24,Finance,Canada,Enterprise
CU007399,Account 007399,2025-10-03,Retail,United States,Mid-Market
CU007400,Account 007400,2026-05-17,Software,Germany,SMB
CU007401,Account 007401,2025-12-08,Education,United States,Mid-Market
CU007402,Account 007402,2022-06-30,Education,United Kingdom,Enterprise
CU007403,Account 007403,2023-11-13,Retail,Germany,Enterprise
CU007404,Account 007404,2025-11-14,Retail,Germany,SMB
CU007405,Account 007405,2025-01-21,Finance,Germany,Mid-Market
CU007406,Account 007406,2026-01-03,Professional Services,United States,SMB
CU007407,Account 007407,2026-04-04,Healthcare,Canada,Enterprise
CU007408,Account 007408,2022-10-28,Healthcare,United Kingdom,Mid-Market
CU007409,Account 007409,2025-04-22,Education,Germany,SMB
CU007410,Account 007410,2024-10-24,Education,Germany,Enterprise
CU007411,Account 007411,2024-12-23,Healthcare,Germany,Enterprise
CU007412,Account 007412,2022-12-09,Manufacturing,United Kingdom,Mid-Market
CU007413,Account 007413,2025-08-18,Finance,Canada,SMB
CU007414,Account 007414,2023-07-06,Software,United Kingdom,SMB
CU007415,Account 007415,2026-06-08,Manufacturing,United Kingdom,SMB
CU007416,Account 007416,2024-05-06,Manufacturing,United States,SMB
CU007417,Account 007417,2025-09-20,Software,Singapore,Enterprise
CU007418,Account 007418,2024-05-21,Software,United Kingdom,Enterprise
CU007419,Account 007419,2023-01-12,Professional Services,Singapore,SMB
CU007420,Account 007420,2022-01-21,Professional Services,United States,SMB
CU007421,Account 007421,2025-01-18,Healthcare,Australia,SMB
CU007422,Account 007422,2024-04-27,Software,United Kingdom,SMB
CU007423,Account 007423,2022-07-02,Software,Singapore,Enterprise
CU007424,Account 007424,2022-10-30,Professional Services,United Kingdom,Mid-Market
CU007425,Account 007425,2024-06-03,Finance,Australia,Mid-Market
CU007426,Account 007426,2022-05-04,Manufacturing,Canada,Mid-Market
CU007427,Account 007427,2026-01-21,Retail,Germany,Mid-Market
CU007428,Account 007428,2024-12-14,Healthcare,Canada,Enterprise
CU007429,Account 007429,2025-01-31,Retail,Canada,Enterprise
CU007430,Account 007430,2024-04-10,Finance,United Kingdom,Enterprise
CU007431,Account 007431,2023-07-13,Education,Canada,Enterprise
CU007432,Account 007432,2022-03-17,Professional Services,Canada,SMB
CU007433,Account 007433,2023-04-25,Healthcare,Singapore,SMB
CU007434,Account 007434,2025-07-18,Software,Canada,SMB
CU007435,Account 007435,2022-05-28,Professional Services,Canada,Mid-Market
CU007436,Account 007436,2024-12-10,Retail,Singapore,Mid-Market
CU007437,Account 007437,2022-09-15,Professional Services,United States,Mid-Market
CU007438,Account 007438,2023-01-28,Education,Germany,Mid-Market
CU007439,Account 007439,2023-09-25,Finance,United Kingdom,SMB
CU007440,Account 007440,2022-05-30,Healthcare,United Kingdom,Mid-Market
CU007441,Account 007441,2022-05-20,Finance,Germany,SMB
CU007442,Account 007442,2023-01-14,Retail,Germany,Enterprise
CU007443,Account 007443,2025-11-03,Manufacturing,United Kingdom,Enterprise
CU007444,Account 007444,2025-10-23,Healthcare,Singapore,Enterprise
CU007445,Account 007445,2023-06-07,Retail,Germany,Enterprise
CU007446,Account 007446,2024-04-08,Finance,United States,SMB
CU007447,Account 007447,2022-03-21,Software,United States,Mid-Market
CU007448,Account 007448,2025-06-17,Software,United States,SMB
CU007449,Account 007449,2023-02-27,Education,Australia,SMB
CU007450,Account 007450,2022-02-22,Manufacturing,Canada,Mid-Market
CU007451,Account 007451,2025-08-01,Education,Singapore,Mid-Market
CU007452,Account 007452,2022-02-06,Healthcare,Canada,Mid-Market
CU007453,Account 007453,2022-09-15,Healthcare,Canada,Enterprise
CU007454,Account 007454,2025-09-13,Healthcare,United Kingdom,SMB
CU007455,Account 007455,2023-06-30,Retail,Germany,Enterprise
CU007456,Account 007456,2025-12-26,Healthcare,Singapore,Enterprise
CU007457,Account 007457,2022-07-23,Professional Services,United Kingdom,Mid-Market
CU007458,Account 007458,2024-12-19,Retail,Canada,Mid-Market
CU007459,Account 007459,2026-05-12,Professional Services,Canada,SMB
CU007460,Account 007460,2025-12-26,Software,Germany,Mid-Market
CU007461,Account 007461,2023-09-13,Manufacturing,Australia,Mid-Market
CU007462,Account 007462,2023-06-07,Finance,Germany,Enterprise
CU007463,Account 007463,2025-02-06,Finance,United Kingdom,Mid-Market
CU007464,Account 007464,2024-07-07,Manufacturing,Australia,SMB
CU007465,Account 007465,2025-10-20,Software,United Kingdom,SMB
CU007466,Account 007466,2026-05-15,Education,Singapore,Mid-Market
CU007467,Account 007467,2024-07-07,Software,Germany,SMB
CU007468,Account 007468,2024-06-27,Finance,Germany,Enterprise
CU007469,Account 007469,2023-07-05,Manufacturing,Germany,SMB
CU007470,Account 007470,2022-08-20,Education,United Kingdom,SMB
CU007471,Account 007471,2024-03-18,Professional Services,United Kingdom,SMB
CU007472,Account 007472,2025-01-26,Retail,United Kingdom,SMB
CU007473,Account 007473,2024-09-02,Healthcare,Germany,Enterprise
CU007474,Account 007474,2025-12-28,Finance,Canada,Enterprise
CU007475,Account 007475,2023-12-20,Healthcare,Canada,Mid-Market
CU007476,Account 007476,2024-04-23,Finance,Singapore,Enterprise
CU007477,Account 007477,2023-12-13,Finance,Australia,Enterprise
CU007478,Account 007478,2023-05-19,Finance,Germany,Enterprise
CU007479,Account 007479,2022-11-14,Software,United Kingdom,SMB
CU007480,Account 007480,2022-07-22,Professional Services,Australia,Mid-Market
CU007481,Account 007481,2024-03-21,Education,Singapore,Enterprise
CU007482,Account 007482,2023-12-02,Healthcare,Germany,Enterprise
CU007483,Account 007483,2022-09-18,Healthcare,United Kingdom,SMB
CU007484,Account 007484,2022-07-14,Finance,Singapore,SMB
CU007485,Account 007485,2022-10-29,Healthcare,Australia,Enterprise
CU007486,Account 007486,2026-06-08,Retail,Singapore,Mid-Market
CU007487,Account 007487,2022-01-11,Finance,Germany,Enterprise
CU007488,Account 007488,2022-11-29,Software,United States,Mid-Market
CU007489,Account 007489,2022-12-19,Software,United States,SMB
CU007490,Account 007490,2024-05-12,Manufacturing,Germany,SMB
CU007491,Account 007491,2025-11-10,Education,Australia,Enterprise
CU007492,Account 007492,2022-01-20,Professional Services,Germany,SMB
CU007493,Account 007493,2024-10-08,Software,Germany,Mid-Market
CU007494,Account 007494,2024-12-08,Professional Services,Canada,SMB
CU007495,Account 007495,2022-12-20,Software,United States,Mid-Market
CU007496,Account 007496,2025-04-15,Finance,United States,Mid-Market
CU007497,Account 007497,2023-11-24,Finance,Australia,Enterprise
CU007498,Account 007498,2025-07-05,Retail,United Kingdom,SMB
CU007499,Account 007499,2022-09-05,Professional Services,United Kingdom,Mid-Market
CU007500,Account 007500,2024-10-04,Professional Services,Canada,Enterprise
CU007501,Account 007501,2023-06-25,Retail,United Kingdom,SMB
CU007502,Account 007502,2023-12-29,Software,Singapore,Mid-Market
CU007503,Account 007503,2024-12-30,Finance,United Kingdom,Enterprise
CU007504,Account 007504,2024-09-30,Finance,Canada,SMB
CU007505,Account 007505,2025-10-23,Finance,United Kingdom,SMB
CU007506,Account 007506,2024-04-12,Education,United States,Enterprise
CU007507,Account 007507,2022-12-12,Professional Services,Australia,Enterprise
CU007508,Account 007508,2024-05-22,Professional Services,United States,Enterprise
CU007509,Account 007509,2022-06-26,Education,Canada,Enterprise
CU007510,Account 007510,2023-09-04,Finance,United Kingdom,SMB
CU007511,Account 007511,2023-03-06,Software,Singapore,SMB
CU007512,Account 007512,2022-02-28,Finance,Canada,Mid-Market
CU007513,Account 007513,2023-11-23,Retail,United Kingdom,SMB
CU007514,Account 007514,2025-11-11,Retail,Germany,SMB
CU007515,Account 007515,2024-02-21,Finance,Germany,SMB
CU007516,Account 007516,2025-06-25,Education,United Kingdom,SMB
CU007517,Account 007517,2025-11-16,Healthcare,Germany,Mid-Market
CU007518,Account 007518,2025-09-01,Healthcare,Germany,Mid-Market
CU007519,Account 007519,2024-06-10,Finance,United Kingdom,Enterprise
CU007520,Account 007520,2025-03-08,Professional Services,Canada,Mid-Market
CU007521,Account 007521,2023-12-28,Healthcare,United States,Enterprise
CU007522,Account 007522,2023-02-12,Software,United States,SMB
CU007523,Account 007523,2024-10-18,Finance,United States,Mid-Market
CU007524,Account 007524,2026-06-13,Retail,Canada,Mid-Market
CU007525,Account 007525,2023-11-19,Software,United Kingdom,SMB
CU007526,Account 007526,2025-04-29,Software,Germany,Enterprise
CU007527,Account 007527,2025-06-26,Finance,Singapore,Enterprise
CU007528,Account 007528,2025-06-10,Education,Singapore,SMB
CU007529,Account 007529,2023-07-10,Healthcare,Singapore,Mid-Market
CU007530,Account 007530,2024-12-12,Manufacturing,United States,Enterprise
CU007531,Account 007531,2023-06-21,Retail,Singapore,SMB
CU007532,Account 007532,2023-05-21,Healthcare,United Kingdom,SMB
CU007533,Account 007533,2022-11-18,Manufacturing,Singapore,Enterprise
CU007534,Account 007534,2025-12-31,Software,Germany,Enterprise
CU007535,Account 007535,2026-03-03,Professional Services,United States,SMB
CU007536,Account 007536,2023-10-18,Professional Services,Germany,Mid-Market
CU007537,Account 007537,2023-03-14,Education,Australia,Enterprise
CU007538,Account 007538,2024-12-16,Retail,Germany,Enterprise
CU007539,Account 007539,2022-09-21,Education,Singapore,Enterprise
CU007540,Account 007540,2023-07-13,Retail,Australia,Enterprise
CU007541,Account 007541,2022-07-20,Software,United Kingdom,SMB
CU007542,Account 007542,2022-05-08,Professional Services,Singapore,Mid-Market
CU007543,Account 007543,2026-03-21,Software,Germany,SMB
CU007544,Account 007544,2026-03-23,Manufacturing,Australia,SMB
CU007545,Account 007545,2023-09-03,Professional Services,Singapore,Enterprise
CU007546,Account 007546,2022-05-12,Manufacturing,Australia,Mid-Market
CU007547,Account 007547,2025-05-25,Manufacturing,Germany,Enterprise
CU007548,Account 007548,2022-03-03,Healthcare,Canada,Enterprise
CU007549,Account 007549,2024-08-01,Education,United States,Enterprise
CU007550,Account 007550,2022-07-19,Manufacturing,Australia,Mid-Market
CU007551,Account 007551,2022-08-26,Healthcare,Australia,Mid-Market
CU007552,Account 007552,2022-01-19,Retail,Singapore,Enterprise
CU007553,Account 007553,2022-02-14,Finance,Canada,SMB
CU007554,Account 007554,2024-07-04,Healthcare,Germany,SMB
CU007555,Account 007555,2023-08-11,Manufacturing,Canada,Enterprise
CU007556,Account 007556,2022-11-06,Manufacturing,Germany,Enterprise
CU007557,Account 007557,2022-04-30,Software,Singapore,SMB
CU007558,Account 007558,2024-08-08,Education,Singapore,SMB
CU007559,Account 007559,2022-12-04,Retail,Australia,Enterprise
CU007560,Account 007560,2022-07-20,Finance,United States,SMB
CU007561,Account 007561,2025-09-17,Finance,Australia,Mid-Market
CU007562,Account 007562,2024-12-17,Healthcare,United States,Enterprise
CU007563,Account 007563,2023-09-07,Finance,Australia,Enterprise
CU007564,Account 007564,2022-08-11,Manufacturing,Singapore,Enterprise
CU007565,Account 007565,2025-01-29,Retail,Singapore,SMB
CU007566,Account 007566,2025-09-24,Education,Australia,Enterprise
CU007567,Account 007567,2025-05-07,Professional Services,United States,Mid-Market
CU007568,Account 007568,2025-07-30,Healthcare,United States,SMB
CU007569,Account 007569,2023-11-01,Software,Canada,Mid-Market
CU007570,Account 007570,2023-03-11,Retail,Singapore,Enterprise
CU007571,Account 007571,2024-04-22,Professional Services,Australia,SMB
CU007572,Account 007572,2024-02-01,Retail,Canada,Enterprise
CU007573,Account 007573,2023-03-30,Healthcare,Germany,Mid-Market
CU007574,Account 007574,2023-01-14,Retail,Australia,Mid-Market
CU007575,Account 007575,2024-11-08,Education,Singapore,Enterprise
CU007576,Account 007576,2023-08-12,Software,Singapore,Enterprise
CU007577,Account 007577,2026-04-27,Healthcare,Canada,SMB
CU007578,Account 007578,2024-07-29,Professional Services,Germany,Enterprise
CU007579,Account 007579,2023-04-19,Retail,United States,SMB
CU007580,Account 007580,2025-04-15,Healthcare,Australia,Enterprise
CU007581,Account 007581,2024-05-26,Education,Germany,Mid-Market
CU007582,Account 007582,2024-10-03,Finance,Australia,Enterprise
CU007583,Account 007583,2024-12-18,Manufacturing,Germany,Enterprise
CU007584,Account 007584,2026-02-22,Education,Australia,SMB
CU007585,Account 007585,2024-11-23,Professional Services,Singapore,Enterprise
CU007586,Account 007586,2024-11-02,Healthcare,United Kingdom,SMB
CU007587,Account 007587,2025-09-07,Finance,United Kingdom,SMB
CU007588,Account 007588,2023-08-29,Software,Singapore,Mid-Market
CU007589,Account 007589,2024-09-06,Education,United States,SMB
CU007590,Account 007590,2022-01-03,Healthcare,Singapore,SMB
CU007591,Account 007591,2023-10-06,Healthcare,Australia,Mid-Market
CU007592,Account 007592,2024-10-27,Education,United States,Enterprise
CU007593,Account 007593,2022-06-11,Education,United States,Mid-Market
CU007594,Account 007594,2025-11-04,Healthcare,Canada,Mid-Market
CU007595,Account 007595,2023-06-28,Finance,Singapore,SMB
CU007596,Account 007596,2022-12-03,Healthcare,Australia,Enterprise
CU007597,Account 007597,2025-12-19,Finance,Canada,Mid-Market
CU007598,Account 007598,2025-10-28,Professional Services,Germany,SMB
CU007599,Account 007599,2024-10-16,Education,Australia,SMB
CU007600,Account 007600,2025-03-05,Manufacturing,Australia,Mid-Market
CU007601,Account 007601,2026-01-21,Education,Australia,Enterprise
CU007602,Account 007602,2023-11-05,Healthcare,United States,Mid-Market
CU007603,Account 007603,2024-10-30,Healthcare,Australia,Mid-Market
CU007604,Account 007604,2023-05-09,Professional Services,Germany,SMB
CU007605,Account 007605,2025-03-26,Retail,United States,SMB
CU007606,Account 007606,2024-05-21,Manufacturing,Germany,Mid-Market
CU007607,Account 007607,2023-10-04,Manufacturing,United States,SMB
CU007608,Account 007608,2022-07-24,Software,United States,Enterprise
CU007609,Account 007609,2023-06-03,Finance,Germany,SMB
CU007610,Account 007610,2025-10-12,Professional Services,Australia,Enterprise
CU007611,Account 007611,2023-10-11,Finance,Germany,Enterprise
CU007612,Account 007612,2025-09-25,Software,Singapore,Mid-Market
CU007613,Account 007613,2024-12-11,Education,United Kingdom,Mid-Market
CU007614,Account 007614,2024-07-17,Professional Services,United States,SMB
CU007615,Account 007615,2022-02-01,Healthcare,Canada,Mid-Market
CU007616,Account 007616,2024-12-13,Education,United States,SMB
CU007617,Account 007617,2023-05-18,Manufacturing,Germany,Enterprise
CU007618,Account 007618,2023-08-28,Retail,Singapore,Enterprise
CU007619,Account 007619,2025-03-12,Education,Canada,SMB
CU007620,Account 007620,2022-08-07,Retail,United Kingdom,Mid-Market
CU007621,Account 007621,2022-05-18,Education,Germany,SMB
CU007622,Account 007622,2022-06-04,Manufacturing,Canada,SMB
CU007623,Account 007623,2023-09-26,Manufacturing,United States,Enterprise
CU007624,Account 007624,2024-12-10,Healthcare,Australia,SMB
CU007625,Account 007625,2022-06-03,Manufacturing,Germany,SMB
CU007626,Account 007626,2022-01-10,Retail,United States,Enterprise
CU007627,Account 007627,2022-03-06,Healthcare,Germany,Enterprise
CU007628,Account 007628,2022-12-29,Finance,United Kingdom,SMB
CU007629,Account 007629,2022-01-18,Finance,Singapore,Enterprise
CU007630,Account 007630,2024-02-03,Manufacturing,Australia,Mid-Market
CU007631,Account 007631,2023-01-21,Education,Canada,Enterprise
CU007632,Account 007632,2026-03-21,Healthcare,Germany,SMB
CU007633,Account 007633,2026-05-29,Software,Australia,Enterprise
CU007634,Account 007634,2022-06-13,Manufacturing,Canada,Mid-Market
CU007635,Account 007635,2025-07-04,Retail,Singapore,Mid-Market
CU007636,Account 007636,2024-08-02,Healthcare,Singapore,SMB
CU007637,Account 007637,2022-03-09,Finance,United States,Mid-Market
CU007638,Account 007638,2024-11-10,Healthcare,Germany,SMB
CU007639,Account 007639,2022-07-05,Manufacturing,United States,Enterprise
CU007640,Account 007640,2022-03-25,Finance,Canada,Enterprise
CU007641,Account 007641,2023-01-31,Finance,Australia,SMB
CU007642,Account 007642,2024-05-18,Retail,Australia,SMB
CU007643,Account 007643,2022-01-31,Retail,Singapore,Enterprise
CU007644,Account 007644,2022-06-27,Finance,Singapore,SMB
CU007645,Account 007645,2024-01-22,Retail,United States,Enterprise
CU007646,Account 007646,2024-05-04,Manufacturing,Australia,Enterprise
CU007647,Account 007647,2022-01-17,Healthcare,Singapore,Enterprise
CU007648,Account 007648,2022-09-20,Education,Australia,Enterprise
CU007649,Account 007649,2022-03-25,Healthcare,Canada,SMB
CU007650,Account 007650,2026-04-20,Professional Services,United Kingdom,Mid-Market
CU007651,Account 007651,2025-11-23,Manufacturing,Australia,SMB
CU007652,Account 007652,2023-05-29,Healthcare,Australia,SMB
CU007653,Account 007653,2024-10-20,Manufacturing,United States,Enterprise
CU007654,Account 007654,2024-04-04,Professional Services,Canada,Mid-Market
CU007655,Account 007655,2023-09-15,Software,Canada,Mid-Market
CU007656,Account 007656,2025-06-27,Manufacturing,United States,Mid-Market
CU007657,Account 007657,2023-11-03,Retail,United States,Enterprise
CU007658,Account 007658,2023-06-24,Retail,Canada,SMB
CU007659,Account 007659,2024-07-10,Retail,United Kingdom,Mid-Market
CU007660,Account 007660,2025-07-03,Healthcare,Australia,Enterprise
CU007661,Account 007661,2026-05-27,Manufacturing,Canada,Mid-Market
CU007662,Account 007662,2025-05-31,Professional Services,Canada,Enterprise
CU007663,Account 007663,2025-12-28,Education,Canada,Mid-Market
CU007664,Account 007664,2024-06-10,Retail,United Kingdom,SMB
CU007665,Account 007665,2025-11-18,Retail,United Kingdom,SMB
CU007666,Account 007666,2023-02-07,Healthcare,Singapore,Mid-Market
CU007667,Account 007667,2023-12-28,Software,Australia,Enterprise
CU007668,Account 007668,2026-05-14,Healthcare,Singapore,SMB
CU007669,Account 007669,2023-10-31,Finance,Canada,Enterprise
CU007670,Account 007670,2025-05-08,Manufacturing,United Kingdom,SMB
CU007671,Account 007671,2025-04-05,Professional Services,Germany,Enterprise
CU007672,Account 007672,2023-03-24,Manufacturing,United Kingdom,Mid-Market
CU007673,Account 007673,2023-07-02,Finance,Australia,Enterprise
CU007674,Account 007674,2023-07-05,Professional Services,Canada,Mid-Market
CU007675,Account 007675,2023-07-07,Healthcare,United States,Mid-Market
CU007676,Account 007676,2025-04-12,Software,Singapore,Enterprise
CU007677,Account 007677,2022-04-12,Healthcare,United Kingdom,Enterprise
CU007678,Account 007678,2023-02-26,Education,Singapore,SMB
CU007679,Account 007679,2023-07-08,Finance,United States,SMB
CU007680,Account 007680,2023-02-04,Retail,Germany,Mid-Market
CU007681,Account 007681,2023-06-14,Software,Singapore,Enterprise
CU007682,Account 007682,2024-12-21,Finance,United States,SMB
CU007683,Account 007683,2023-07-03,Professional Services,Australia,Enterprise
CU007684,Account 007684,2026-06-23,Retail,Germany,Mid-Market
CU007685,Account 007685,2026-05-16,Education,Germany,Enterprise
CU007686,Account 007686,2023-06-18,Manufacturing,Australia,Mid-Market
CU007687,Account 007687,2024-09-09,Healthcare,United Kingdom,SMB
CU007688,Account 007688,2025-09-20,Healthcare,Australia,Enterprise
CU007689,Account 007689,2025-04-27,Education,United Kingdom,Enterprise
CU007690,Account 007690,2023-03-30,Education,Germany,Mid-Market
CU007691,Account 007691,2022-03-12,Professional Services,Germany,Mid-Market
CU007692,Account 007692,2025-06-09,Manufacturing,United States,SMB
CU007693,Account 007693,2026-04-28,Education,Germany,Mid-Market
CU007694,Account 007694,2025-07-13,Education,United States,SMB
CU007695,Account 007695,2022-08-27,Professional Services,Australia,SMB
CU007696,Account 007696,2022-01-10,Software,Germany,Mid-Market
CU007697,Account 007697,2023-11-09,Professional Services,Germany,Enterprise
CU007698,Account 007698,2023-12-08,Manufacturing,Singapore,SMB
CU007699,Account 007699,2023-09-15,Retail,Singapore,Mid-Market
CU007700,Account 007700,2022-10-10,Education,Australia,Mid-Market
CU007701,Account 007701,2026-05-30,Healthcare,Singapore,Mid-Market
CU007702,Account 007702,2025-03-04,Healthcare,Australia,Enterprise
CU007703,Account 007703,2025-06-14,Healthcare,Singapore,Enterprise
CU007704,Account 007704,2023-02-26,Professional Services,Australia,SMB
CU007705,Account 007705,2024-03-05,Retail,Germany,Enterprise
CU007706,Account 007706,2025-08-21,Retail,Singapore,Enterprise
CU007707,Account 007707,2022-02-09,Software,Canada,Enterprise
CU007708,Account 007708,2023-02-21,Professional Services,Germany,Enterprise
CU007709,Account 007709,2024-11-12,Education,United Kingdom,SMB
CU007710,Account 007710,2022-06-18,Professional Services,Canada,Enterprise
CU007711,Account 007711,2024-10-25,Retail,Australia,Enterprise
CU007712,Account 007712,2022-11-14,Manufacturing,United Kingdom,Mid-Market
CU007713,Account 007713,2023-05-12,Healthcare,United Kingdom,Enterprise
CU007714,Account 007714,2022-08-17,Education,Germany,SMB
CU007715,Account 007715,2022-12-14,Healthcare,Singapore,Enterprise
CU007716,Account 007716,2025-01-22,Retail,Germany,Mid-Market
CU007717,Account 007717,2025-03-10,Professional Services,Australia,Mid-Market
CU007718,Account 007718,2023-11-16,Education,Singapore,Mid-Market
CU007719,Account 007719,2024-11-04,Software,Australia,Enterprise
CU007720,Account 007720,2024-08-01,Retail,Australia,SMB
CU007721,Account 007721,2022-10-26,Healthcare,United States,Mid-Market
CU007722,Account 007722,2022-06-16,Finance,United Kingdom,SMB
CU007723,Account 007723,2023-04-16,Healthcare,Germany,SMB
CU007724,Account 007724,2025-06-15,Professional Services,United States,Mid-Market
CU007725,Account 007725,2025-05-29,Manufacturing,United States,SMB
CU007726,Account 007726,2022-05-10,Software,Australia,Enterprise
CU007727,Account 007727,2025-10-24,Retail,Germany,Mid-Market
CU007728,Account 007728,2023-04-20,Professional Services,United States,Enterprise
CU007729,Account 007729,2025-03-31,Education,Singapore,Enterprise
CU007730,Account 007730,2022-05-09,Education,Canada,Enterprise
CU007731,Account 007731,2024-01-03,Finance,United Kingdom,Enterprise
CU007732,Account 007732,2023-06-23,Manufacturing,United Kingdom,Enterprise
CU007733,Account 007733,2025-02-04,Healthcare,Australia,Mid-Market
CU007734,Account 007734,2025-06-07,Education,United States,Mid-Market
CU007735,Account 007735,2024-08-16,Education,Canada,Mid-Market
CU007736,Account 007736,2025-09-03,Healthcare,Canada,Enterprise
CU007737,Account 007737,2023-10-06,Retail,Singapore,SMB
CU007738,Account 007738,2024-11-10,Retail,Singapore,SMB
CU007739,Account 007739,2024-04-07,Professional Services,United Kingdom,SMB
CU007740,Account 007740,2025-11-20,Manufacturing,Singapore,Mid-Market
CU007741,Account 007741,2023-01-08,Professional Services,Germany,SMB
CU007742,Account 007742,2022-06-05,Finance,United Kingdom,SMB
CU007743,Account 007743,2025-10-03,Software,Germany,Mid-Market
CU007744,Account 007744,2022-06-28,Finance,Canada,Mid-Market
CU007745,Account 007745,2023-08-02,Finance,Singapore,SMB
CU007746,Account 007746,2024-08-11,Retail,United Kingdom,SMB
CU007747,Account 007747,2022-12-08,Manufacturing,United Kingdom,Mid-Market
CU007748,Account 007748,2022-06-23,Healthcare,Canada,Mid-Market
CU007749,Account 007749,2025-12-08,Manufacturing,Canada,SMB
CU007750,Account 007750,2024-04-01,Finance,United States,SMB
CU007751,Account 007751,2022-02-17,Education,Singapore,Mid-Market
CU007752,Account 007752,2022-11-05,Manufacturing,Singapore,Mid-Market
CU007753,Account 007753,2022-09-30,Retail,United States,Mid-Market
CU007754,Account 007754,2025-06-03,Education,Singapore,SMB
CU007755,Account 007755,2023-03-16,Retail,Germany,Mid-Market
CU007756,Account 007756,2026-06-17,Finance,Germany,SMB
CU007757,Account 007757,2025-12-20,Professional Services,United States,Enterprise
CU007758,Account 007758,2023-07-08,Finance,Australia,SMB
CU007759,Account 007759,2024-02-11,Professional Services,Australia,Mid-Market
CU007760,Account 007760,2024-09-01,Software,United Kingdom,Enterprise
CU007761,Account 007761,2024-05-30,Finance,Canada,Enterprise
CU007762,Account 007762,2025-12-25,Retail,Germany,Mid-Market
CU007763,Account 007763,2022-11-30,Education,United States,Enterprise
CU007764,Account 007764,2024-10-18,Retail,United States,Enterprise
CU007765,Account 007765,2026-06-02,Professional Services,Singapore,Enterprise
CU007766,Account 007766,2024-01-31,Software,Singapore,Mid-Market
CU007767,Account 007767,2025-01-13,Software,Germany,Enterprise
CU007768,Account 007768,2024-03-19,Professional Services,Canada,SMB
CU007769,Account 007769,2023-06-05,Retail,Canada,SMB
CU007770,Account 007770,2023-06-24,Software,Singapore,Mid-Market
CU007771,Account 007771,2024-09-19,Software,Australia,Enterprise
CU007772,Account 007772,2025-08-14,Finance,Germany,Mid-Market
CU007773,Account 007773,2025-09-01,Manufacturing,United States,Enterprise
CU007774,Account 007774,2024-02-20,Manufacturing,Germany,Mid-Market
CU007775,Account 007775,2026-05-26,Finance,Singapore,Mid-Market
CU007776,Account 007776,2024-08-07,Finance,Singapore,Enterprise
CU007777,Account 007777,2024-12-17,Manufacturing,Germany,Mid-Market
CU007778,Account 007778,2024-12-06,Software,United States,Enterprise
CU007779,Account 007779,2024-08-05,Software,United States,SMB
CU007780,Account 007780,2024-11-22,Professional Services,Canada,Enterprise
CU007781,Account 007781,2023-03-06,Education,United Kingdom,Enterprise
CU007782,Account 007782,2024-12-25,Retail,Singapore,Mid-Market
CU007783,Account 007783,2023-10-30,Retail,Canada,Mid-Market
CU007784,Account 007784,2022-09-13,Professional Services,Germany,Enterprise
CU007785,Account 007785,2025-10-05,Finance,Germany,Mid-Market
CU007786,Account 007786,2023-05-27,Professional Services,Singapore,Enterprise
CU007787,Account 007787,2025-10-06,Finance,United Kingdom,Mid-Market
CU007788,Account 007788,2023-01-04,Manufacturing,Singapore,SMB
CU007789,Account 007789,2024-02-05,Retail,United Kingdom,Enterprise
CU007790,Account 007790,2022-12-31,Retail,Canada,Mid-Market
CU007791,Account 007791,2025-05-30,Software,United States,Mid-Market
CU007792,Account 007792,2026-03-16,Finance,Singapore,SMB
CU007793,Account 007793,2026-04-13,Manufacturing,Australia,SMB
CU007794,Account 007794,2022-06-30,Manufacturing,United States,Mid-Market
CU007795,Account 007795,2026-01-22,Education,Australia,SMB
CU007796,Account 007796,2024-11-08,Finance,Singapore,Enterprise
CU007797,Account 007797,2025-10-06,Finance,Germany,SMB
CU007798,Account 007798,2023-05-26,Education,Germany,Enterprise
CU007799,Account 007799,2025-07-13,Education,Singapore,Enterprise
CU007800,Account 007800,2024-07-15,Manufacturing,Australia,Enterprise
CU007801,Account 007801,2023-08-11,Education,Singapore,Enterprise
CU007802,Account 007802,2023-09-09,Software,Singapore,Mid-Market
CU007803,Account 007803,2023-11-21,Software,United States,Enterprise
CU007804,Account 007804,2023-08-15,Manufacturing,United Kingdom,Enterprise
CU007805,Account 007805,2026-06-28,Education,Singapore,Mid-Market
CU007806,Account 007806,2023-02-24,Professional Services,Germany,SMB
CU007807,Account 007807,2025-07-30,Professional Services,United Kingdom,Enterprise
CU007808,Account 007808,2023-07-31,Education,Germany,Enterprise
CU007809,Account 007809,2025-02-12,Software,Canada,SMB
CU007810,Account 007810,2025-04-28,Finance,Australia,SMB
CU007811,Account 007811,2022-12-10,Finance,United States,Mid-Market
CU007812,Account 007812,2023-10-23,Finance,Germany,Enterprise
CU007813,Account 007813,2024-12-08,Healthcare,Singapore,Mid-Market
CU007814,Account 007814,2023-05-15,Software,Canada,Enterprise
CU007815,Account 007815,2024-12-21,Finance,United States,Mid-Market
CU007816,Account 007816,2024-03-06,Education,Germany,Enterprise
CU007817,Account 007817,2024-02-17,Finance,Singapore,Enterprise
CU007818,Account 007818,2025-01-17,Education,United States,Enterprise
CU007819,Account 007819,2023-04-11,Healthcare,Germany,SMB
CU007820,Account 007820,2022-11-03,Healthcare,United Kingdom,Enterprise
CU007821,Account 007821,2022-12-12,Education,Germany,SMB
CU007822,Account 007822,2022-01-10,Education,United Kingdom,Mid-Market
CU007823,Account 007823,2022-06-08,Healthcare,Singapore,SMB
CU007824,Account 007824,2024-05-07,Healthcare,Germany,SMB
CU007825,Account 007825,2025-04-02,Healthcare,United Kingdom,Mid-Market
CU007826,Account 007826,2023-05-10,Professional Services,United Kingdom,Mid-Market
CU007827,Account 007827,2024-03-07,Professional Services,Germany,Enterprise
CU007828,Account 007828,2024-12-20,Retail,Australia,SMB
CU007829,Account 007829,2025-07-22,Education,Singapore,Mid-Market
CU007830,Account 007830,2023-03-30,Manufacturing,United States,Enterprise
CU007831,Account 007831,2024-01-24,Finance,Australia,Mid-Market
CU007832,Account 007832,2022-12-05,Education,Australia,Mid-Market
CU007833,Account 007833,2024-07-05,Software,Australia,SMB
CU007834,Account 007834,2024-09-01,Finance,Australia,Enterprise
CU007835,Account 007835,2025-10-04,Education,Canada,Enterprise
CU007836,Account 007836,2023-10-09,Professional Services,United States,Mid-Market
CU007837,Account 007837,2025-04-03,Manufacturing,Germany,SMB
CU007838,Account 007838,2024-04-03,Software,Canada,SMB
CU007839,Account 007839,2023-01-13,Manufacturing,United Kingdom,Enterprise
CU007840,Account 007840,2023-11-13,Education,United Kingdom,Enterprise
CU007841,Account 007841,2026-04-08,Manufacturing,Singapore,Mid-Market
CU007842,Account 007842,2022-11-13,Finance,Canada,Enterprise
CU007843,Account 007843,2023-04-06,Professional Services,Canada,Mid-Market
CU007844,Account 007844,2023-09-19,Retail,Germany,Enterprise
CU007845,Account 007845,2025-02-17,Manufacturing,Canada,SMB
CU007846,Account 007846,2022-02-17,Retail,United States,Enterprise
CU007847,Account 007847,2025-04-04,Manufacturing,Germany,Enterprise
CU007848,Account 007848,2024-02-27,Retail,Canada,SMB
CU007849,Account 007849,2023-01-12,Software,United Kingdom,Mid-Market
CU007850,Account 007850,2023-11-19,Professional Services,Singapore,Enterprise
CU007851,Account 007851,2025-08-03,Retail,United Kingdom,Enterprise
CU007852,Account 007852,2025-03-11,Manufacturing,Canada,Enterprise
CU007853,Account 007853,2024-03-10,Retail,United Kingdom,Mid-Market
CU007854,Account 007854,2026-03-17,Healthcare,United States,SMB
CU007855,Account 007855,2023-11-13,Finance,Germany,Mid-Market
CU007856,Account 007856,2024-10-29,Finance,Canada,Mid-Market
CU007857,Account 007857,2026-02-16,Professional Services,Germany,SMB
CU007858,Account 007858,2022-10-04,Finance,Canada,Mid-Market
CU007859,Account 007859,2022-10-04,Healthcare,United Kingdom,Enterprise
CU007860,Account 007860,2025-11-30,Healthcare,Canada,Enterprise
CU007861,Account 007861,2024-08-28,Healthcare,United States,Mid-Market
CU007862,Account 007862,2022-10-15,Education,United States,Mid-Market
CU007863,Account 007863,2024-02-11,Manufacturing,Canada,Enterprise
CU007864,Account 007864,2022-11-16,Professional Services,Australia,Mid-Market
CU007865,Account 007865,2023-03-13,Finance,United States,Mid-Market
CU007866,Account 007866,2022-01-25,Healthcare,Germany,Mid-Market
CU007867,Account 007867,2024-02-10,Retail,Canada,SMB
CU007868,Account 007868,2022-10-14,Professional Services,United States,SMB
CU007869,Account 007869,2022-11-05,Healthcare,Germany,Mid-Market
CU007870,Account 007870,2024-10-17,Manufacturing,United States,Enterprise
CU007871,Account 007871,2024-06-21,Healthcare,United Kingdom,Mid-Market
CU007872,Account 007872,2025-08-24,Healthcare,Canada,SMB
CU007873,Account 007873,2022-01-24,Manufacturing,United States,Mid-Market
CU007874,Account 007874,2024-07-19,Manufacturing,Australia,Enterprise
CU007875,Account 007875,2023-10-26,Retail,Singapore,Enterprise
CU007876,Account 007876,2022-04-07,Finance,Canada,SMB
CU007877,Account 007877,2026-02-26,Manufacturing,Singapore,Mid-Market
CU007878,Account 007878,2025-08-28,Healthcare,United States,Enterprise
CU007879,Account 007879,2022-09-23,Professional Services,Canada,Enterprise
CU007880,Account 007880,2023-06-09,Manufacturing,Singapore,Enterprise
CU007881,Account 007881,2024-10-22,Professional Services,Singapore,Enterprise
CU007882,Account 007882,2022-05-03,Professional Services,United Kingdom,SMB
CU007883,Account 007883,2022-01-06,Professional Services,Singapore,SMB
CU007884,Account 007884,2025-06-03,Professional Services,Canada,Mid-Market
CU007885,Account 007885,2025-09-11,Software,Canada,Mid-Market
CU007886,Account 007886,2023-10-02,Retail,Australia,SMB
CU007887,Account 007887,2023-10-25,Education,United States,Mid-Market
CU007888,Account 007888,2025-10-01,Software,Australia,SMB
CU007889,Account 007889,2022-05-02,Retail,Australia,Enterprise
CU007890,Account 007890,2024-07-24,Software,United Kingdom,SMB
CU007891,Account 007891,2022-03-18,Retail,United States,Enterprise
CU007892,Account 007892,2022-11-23,Software,United States,Enterprise
CU007893,Account 007893,2023-04-19,Manufacturing,United Kingdom,SMB
CU007894,Account 007894,2025-02-18,Software,United Kingdom,SMB
CU007895,Account 007895,2024-06-15,Professional Services,Germany,Mid-Market
CU007896,Account 007896,2025-03-22,Healthcare,United States,Mid-Market
CU007897,Account 007897,2023-02-16,Healthcare,United Kingdom,Mid-Market
CU007898,Account 007898,2024-07-03,Software,Singapore,SMB
CU007899,Account 007899,2026-03-17,Manufacturing,United States,Mid-Market
CU007900,Account 007900,2025-09-25,Education,United Kingdom,Mid-Market
CU007901,Account 007901,2025-08-31,Software,Australia,Enterprise
CU007902,Account 007902,2024-05-13,Healthcare,Germany,Mid-Market
CU007903,Account 007903,2022-01-29,Professional Services,Germany,SMB
CU007904,Account 007904,2026-02-18,Retail,Australia,SMB
CU007905,Account 007905,2023-12-11,Manufacturing,Germany,SMB
CU007906,Account 007906,2026-05-03,Finance,Singapore,Enterprise
CU007907,Account 007907,2026-05-11,Professional Services,United Kingdom,SMB
CU007908,Account 007908,2023-08-06,Healthcare,United Kingdom,Mid-Market
CU007909,Account 007909,2024-12-19,Finance,United Kingdom,SMB
CU007910,Account 007910,2023-04-09,Professional Services,United States,Enterprise
CU007911,Account 007911,2024-01-13,Software,Australia,Mid-Market
CU007912,Account 007912,2025-10-28,Professional Services,Australia,Mid-Market
CU007913,Account 007913,2023-11-21,Healthcare,Singapore,Enterprise
CU007914,Account 007914,2022-09-17,Finance,Australia,SMB
CU007915,Account 007915,2023-09-08,Software,Singapore,Mid-Market
CU007916,Account 007916,2024-08-29,Education,Canada,Enterprise
CU007917,Account 007917,2022-05-18,Finance,Singapore,Mid-Market
CU007918,Account 007918,2022-06-29,Healthcare,United Kingdom,Enterprise
CU007919,Account 007919,2024-03-25,Finance,Singapore,SMB
CU007920,Account 007920,2023-01-28,Manufacturing,Singapore,Enterprise
CU007921,Account 007921,2024-01-17,Education,United Kingdom,Mid-Market
CU007922,Account 007922,2025-06-25,Education,United Kingdom,Enterprise
CU007923,Account 007923,2025-07-25,Finance,Germany,SMB
CU007924,Account 007924,2024-01-21,Healthcare,Canada,Mid-Market
CU007925,Account 007925,2025-07-24,Retail,United States,Mid-Market
CU007926,Account 007926,2023-09-28,Healthcare,United Kingdom,Enterprise
CU007927,Account 007927,2026-01-15,Manufacturing,United Kingdom,Mid-Market
CU007928,Account 007928,2022-08-23,Education,United Kingdom,Mid-Market
CU007929,Account 007929,2025-05-08,Finance,United Kingdom,Enterprise
CU007930,Account 007930,2022-10-23,Professional Services,United Kingdom,Enterprise
CU007931,Account 007931,2022-02-06,Software,Singapore,SMB
CU007932,Account 007932,2026-03-19,Professional Services,Canada,Mid-Market
CU007933,Account 007933,2025-02-06,Healthcare,United States,SMB
CU007934,Account 007934,2023-11-27,Retail,Canada,SMB
CU007935,Account 007935,2023-05-30,Finance,Canada,Mid-Market
CU007936,Account 007936,2023-09-24,Software,Germany,Enterprise
CU007937,Account 007937,2023-01-23,Retail,Singapore,SMB
CU007938,Account 007938,2022-12-03,Finance,Germany,Enterprise
CU007939,Account 007939,2025-01-06,Retail,Singapore,SMB
CU007940,Account 007940,2023-10-14,Professional Services,Australia,Mid-Market
CU007941,Account 007941,2025-07-16,Retail,Germany,SMB
CU007942,Account 007942,2023-08-28,Professional Services,Australia,Mid-Market
CU007943,Account 007943,2022-11-04,Retail,Germany,Mid-Market
CU007944,Account 007944,2023-05-23,Education,Australia,Mid-Market
CU007945,Account 007945,2023-05-23,Education,Germany,Mid-Market
CU007946,Account 007946,2022-12-06,Manufacturing,United Kingdom,Mid-Market
CU007947,Account 007947,2025-05-07,Manufacturing,Singapore,Mid-Market
CU007948,Account 007948,2023-06-05,Manufacturing,Singapore,Enterprise
CU007949,Account 007949,2025-05-20,Education,Canada,Mid-Market
CU007950,Account 007950,2026-01-08,Software,United Kingdom,Mid-Market
CU007951,Account 007951,2025-07-18,Professional Services,Singapore,SMB
CU007952,Account 007952,2022-03-28,Education,Singapore,Enterprise
CU007953,Account 007953,2023-07-12,Retail,Canada,Enterprise
CU007954,Account 007954,2024-12-18,Healthcare,Canada,Enterprise
CU007955,Account 007955,2025-09-16,Software,United Kingdom,Enterprise
CU007956,Account 007956,2025-03-22,Manufacturing,United Kingdom,SMB
CU007957,Account 007957,2024-12-28,Finance,Australia,Mid-Market
CU007958,Account 007958,2025-04-21,Healthcare,Canada,SMB
CU007959,Account 007959,2025-07-26,Manufacturing,Singapore,SMB
CU007960,Account 007960,2024-05-01,Finance,United Kingdom,Mid-Market
CU007961,Account 007961,2025-02-17,Professional Services,Germany,Mid-Market
CU007962,Account 007962,2023-10-24,Professional Services,United Kingdom,SMB
CU007963,Account 007963,2026-01-23,Healthcare,Singapore,Mid-Market
CU007964,Account 007964,2023-05-23,Finance,Germany,Enterprise
CU007965,Account 007965,2024-10-05,Professional Services,Australia,SMB
CU007966,Account 007966,2023-07-30,Professional Services,Singapore,Enterprise
CU007967,Account 007967,2025-02-19,Retail,Germany,Enterprise
CU007968,Account 007968,2026-02-14,Education,United Kingdom,SMB
CU007969,Account 007969,2024-02-07,Manufacturing,Germany,Mid-Market
CU007970,Account 007970,2024-12-09,Manufacturing,Singapore,Mid-Market
CU007971,Account 007971,2023-03-04,Professional Services,Singapore,Mid-Market
CU007972,Account 007972,2022-12-05,Retail,Germany,Mid-Market
CU007973,Account 007973,2022-11-17,Education,Germany,Mid-Market
CU007974,Account 007974,2022-09-29,Software,Singapore,Enterprise
CU007975,Account 007975,2026-01-23,Healthcare,Singapore,Enterprise
CU007976,Account 007976,2026-01-29,Education,United States,Enterprise
CU007977,Account 007977,2025-02-20,Professional Services,Canada,Mid-Market
CU007978,Account 007978,2024-06-17,Finance,United Kingdom,Mid-Market
CU007979,Account 007979,2023-10-08,Professional Services,Germany,SMB
CU007980,Account 007980,2023-12-03,Professional Services,Canada,Mid-Market
CU007981,Account 007981,2024-06-21,Professional Services,Singapore,Enterprise
CU007982,Account 007982,2026-01-14,Professional Services,Australia,Mid-Market
CU007983,Account 007983,2022-03-17,Healthcare,Australia,Enterprise
CU007984,Account 007984,2024-05-13,Education,United Kingdom,SMB
CU007985,Account 007985,2023-03-30,Finance,United Kingdom,Mid-Market
CU007986,Account 007986,2024-04-15,Software,Canada,Mid-Market
CU007987,Account 007987,2026-02-20,Retail,Australia,SMB
CU007988,Account 007988,2024-03-29,Professional Services,Germany,Mid-Market
CU007989,Account 007989,2024-12-25,Finance,Germany,SMB
CU007990,Account 007990,2024-04-21,Professional Services,Canada,SMB
CU007991,Account 007991,2025-08-21,Software,Australia,Enterprise
CU007992,Account 007992,2025-09-24,Software,Canada,Mid-Market
CU007993,Account 007993,2022-01-01,Healthcare,Singapore,Enterprise
CU007994,Account 007994,2025-12-26,Retail,United Kingdom,Mid-Market
CU007995,Account 007995,2022-02-19,Education,Canada,SMB
CU007996,Account 007996,2026-04-25,Healthcare,Australia,Enterprise
CU007997,Account 007997,2025-10-28,Education,United Kingdom,Enterprise
CU007998,Account 007998,2024-08-04,Retail,Germany,Mid-Market
CU007999,Account 007999,2025-01-31,Manufacturing,Singapore,Enterprise
CU008000,Account 008000,2024-04-22,Software,Germany,Enterprise
CU008001,Account 008001,2024-08-19,Retail,United States,SMB
CU008002,Account 008002,2023-09-13,Healthcare,United States,Mid-Market
CU008003,Account 008003,2022-08-21,Healthcare,Canada,SMB
CU008004,Account 008004,2024-05-21,Education,Canada,Enterprise
CU008005,Account 008005,2025-09-23,Healthcare,United States,Enterprise
CU008006,Account 008006,2024-01-22,Manufacturing,Canada,Mid-Market
CU008007,Account 008007,2024-01-26,Education,United States,Enterprise
CU008008,Account 008008,2022-03-03,Software,United States,Mid-Market
CU008009,Account 008009,2025-12-22,Retail,Germany,Enterprise
CU008010,Account 008010,2024-08-26,Software,Canada,Mid-Market
CU008011,Account 008011,2026-01-18,Education,Germany,SMB
CU008012,Account 008012,2022-03-01,Manufacturing,Canada,SMB
CU008013,Account 008013,2025-04-28,Healthcare,Canada,SMB
CU008014,Account 008014,2024-04-08,Education,United States,Enterprise
CU008015,Account 008015,2022-04-24,Healthcare,Canada,Enterprise
CU008016,Account 008016,2023-12-04,Professional Services,Germany,Mid-Market
CU008017,Account 008017,2026-03-06,Education,Singapore,Mid-Market
CU008018,Account 008018,2026-03-18,Finance,Germany,Enterprise
CU008019,Account 008019,2024-08-01,Professional Services,Germany,Enterprise
CU008020,Account 008020,2023-07-25,Software,United States,SMB
CU008021,Account 008021,2025-01-14,Education,Germany,Enterprise
CU008022,Account 008022,2024-12-09,Healthcare,United States,SMB
CU008023,Account 008023,2023-12-15,Retail,Singapore,Mid-Market
CU008024,Account 008024,2022-10-02,Finance,United States,Mid-Market
CU008025,Account 008025,2024-09-09,Education,Canada,Mid-Market
CU008026,Account 008026,2022-05-08,Manufacturing,Canada,SMB
CU008027,Account 008027,2025-06-14,Finance,Canada,Enterprise
CU008028,Account 008028,2022-06-27,Finance,United Kingdom,SMB
CU008029,Account 008029,2024-08-26,Education,Canada,Enterprise
CU008030,Account 008030,2023-06-06,Manufacturing,United States,Enterprise
CU008031,Account 008031,2022-04-09,Retail,Singapore,SMB
CU008032,Account 008032,2024-12-09,Healthcare,United States,Mid-Market
CU008033,Account 008033,2022-12-18,Finance,Germany,SMB
CU008034,Account 008034,2022-09-28,Healthcare,Canada,Enterprise
CU008035,Account 008035,2024-11-29,Finance,Australia,Enterprise
CU008036,Account 008036,2026-06-13,Healthcare,United Kingdom,Mid-Market
CU008037,Account 008037,2026-03-30,Retail,United Kingdom,Enterprise
CU008038,Account 008038,2025-02-13,Retail,Singapore,Enterprise
CU008039,Account 008039,2022-12-09,Professional Services,United States,Enterprise
CU008040,Account 008040,2023-01-11,Retail,Canada,Mid-Market
CU008041,Account 008041,2022-09-13,Education,Canada,Mid-Market
CU008042,Account 008042,2023-01-04,Manufacturing,Germany,Mid-Market
CU008043,Account 008043,2024-11-22,Manufacturing,United States,SMB
CU008044,Account 008044,2022-03-22,Finance,Germany,Mid-Market
CU008045,Account 008045,2025-06-20,Software,United States,Mid-Market
CU008046,Account 008046,2025-02-21,Retail,Australia,Enterprise
CU008047,Account 008047,2023-05-21,Finance,United Kingdom,Enterprise
CU008048,Account 008048,2022-12-18,Software,United Kingdom,SMB
CU008049,Account 008049,2022-01-30,Professional Services,Germany,Mid-Market
CU008050,Account 008050,2026-01-21,Finance,Germany,SMB
CU008051,Account 008051,2022-05-30,Finance,Canada,SMB
CU008052,Account 008052,2022-09-01,Retail,Australia,SMB
CU008053,Account 008053,2025-12-04,Retail,United Kingdom,SMB
CU008054,Account 008054,2025-10-02,Retail,Australia,Mid-Market
CU008055,Account 008055,2023-09-04,Software,United Kingdom,Enterprise
CU008056,Account 008056,2022-12-01,Professional Services,United States,SMB
CU008057,Account 008057,2026-01-20,Retail,Australia,Mid-Market
CU008058,Account 008058,2023-09-22,Healthcare,Canada,SMB
CU008059,Account 008059,2023-05-08,Education,Canada,Enterprise
CU008060,Account 008060,2024-11-02,Retail,Canada,Mid-Market
CU008061,Account 008061,2023-01-14,Finance,Canada,Enterprise
CU008062,Account 008062,2025-08-27,Retail,United States,SMB
CU008063,Account 008063,2022-03-16,Education,United States,Enterprise
CU008064,Account 008064,2022-05-10,Healthcare,Germany,Mid-Market
CU008065,Account 008065,2024-09-02,Retail,Canada,SMB
CU008066,Account 008066,2024-10-24,Education,Germany,Enterprise
CU008067,Account 008067,2025-03-28,Finance,Germany,Enterprise
CU008068,Account 008068,2026-03-30,Professional Services,United States,Mid-Market
CU008069,Account 008069,2025-09-23,Healthcare,Canada,Enterprise
CU008070,Account 008070,2024-06-02,Healthcare,United States,SMB
CU008071,Account 008071,2022-04-29,Retail,Singapore,Enterprise
CU008072,Account 008072,2024-08-13,Education,United Kingdom,SMB
CU008073,Account 008073,2026-03-24,Healthcare,Singapore,SMB
CU008074,Account 008074,2023-09-29,Software,Canada,Enterprise
CU008075,Account 008075,2026-01-21,Professional Services,Canada,SMB
CU008076,Account 008076,2026-06-12,Finance,Australia,SMB
CU008077,Account 008077,2026-04-02,Manufacturing,Singapore,Enterprise
CU008078,Account 008078,2025-09-14,Manufacturing,Germany,SMB
CU008079,Account 008079,2023-06-28,Healthcare,Singapore,Enterprise
CU008080,Account 008080,2023-04-03,Education,Australia,Enterprise
CU008081,Account 008081,2022-12-04,Finance,Australia,SMB
CU008082,Account 008082,2024-05-01,Healthcare,Germany,Mid-Market
CU008083,Account 008083,2023-08-06,Software,Australia,SMB
CU008084,Account 008084,2024-03-18,Manufacturing,United Kingdom,Mid-Market
CU008085,Account 008085,2024-03-07,Finance,United States,Mid-Market
CU008086,Account 008086,2024-05-11,Finance,Australia,SMB
CU008087,Account 008087,2024-06-19,Software,Germany,Enterprise
CU008088,Account 008088,2024-01-08,Manufacturing,United Kingdom,Enterprise
CU008089,Account 008089,2024-01-16,Education,United Kingdom,Mid-Market
CU008090,Account 008090,2026-05-26,Finance,Australia,Enterprise
CU008091,Account 008091,2023-04-12,Professional Services,United States,Mid-Market
CU008092,Account 008092,2024-07-23,Healthcare,Singapore,Enterprise
CU008093,Account 008093,2024-12-14,Professional Services,Canada,Mid-Market
CU008094,Account 008094,2025-10-27,Manufacturing,Canada,Mid-Market
CU008095,Account 008095,2022-06-29,Education,Germany,Enterprise
CU008096,Account 008096,2023-07-13,Professional Services,Germany,Enterprise
CU008097,Account 008097,2026-02-12,Healthcare,Singapore,Mid-Market
CU008098,Account 008098,2023-05-08,Retail,Australia,Mid-Market
CU008099,Account 008099,2022-07-20,Manufacturing,Singapore,SMB
CU008100,Account 008100,2025-03-07,Software,Australia,SMB
CU008101,Account 008101,2022-03-13,Finance,Singapore,Mid-Market
CU008102,Account 008102,2023-12-20,Finance,United Kingdom,SMB
CU008103,Account 008103,2023-05-02,Finance,United States,Mid-Market
CU008104,Account 008104,2025-06-27,Manufacturing,Germany,Enterprise
CU008105,Account 008105,2023-08-16,Software,Singapore,Mid-Market
CU008106,Account 008106,2023-01-06,Professional Services,Germany,SMB
CU008107,Account 008107,2022-09-18,Professional Services,United Kingdom,Mid-Market
CU008108,Account 008108,2025-05-15,Manufacturing,Canada,SMB
CU008109,Account 008109,2024-12-19,Healthcare,United States,Enterprise
CU008110,Account 008110,2023-06-04,Healthcare,Germany,SMB
CU008111,Account 008111,2025-10-07,Healthcare,United States,Mid-Market
CU008112,Account 008112,2024-10-03,Finance,Germany,Enterprise
CU008113,Account 008113,2023-12-16,Retail,Singapore,Mid-Market
CU008114,Account 008114,2024-02-05,Education,Canada,SMB
CU008115,Account 008115,2024-06-10,Software,Singapore,Mid-Market
CU008116,Account 008116,2025-04-22,Retail,United States,Enterprise
CU008117,Account 008117,2024-12-01,Manufacturing,United Kingdom,Mid-Market
CU008118,Account 008118,2024-06-26,Education,Canada,Mid-Market
CU008119,Account 008119,2024-12-29,Manufacturing,United Kingdom,Mid-Market
CU008120,Account 008120,2025-07-25,Professional Services,Canada,Mid-Market
CU008121,Account 008121,2022-04-16,Healthcare,Canada,Mid-Market
CU008122,Account 008122,2025-06-28,Education,Australia,Enterprise
CU008123,Account 008123,2023-03-24,Finance,Canada,Enterprise
CU008124,Account 008124,2023-10-10,Retail,United States,Mid-Market
CU008125,Account 008125,2026-02-07,Finance,Canada,SMB
CU008126,Account 008126,2026-03-18,Professional Services,Australia,Enterprise
CU008127,Account 008127,2024-02-11,Finance,United States,Mid-Market
CU008128,Account 008128,2026-01-13,Healthcare,United Kingdom,Enterprise
CU008129,Account 008129,2025-11-08,Healthcare,Singapore,Enterprise
CU008130,Account 008130,2024-12-30,Manufacturing,Germany,Enterprise
CU008131,Account 008131,2023-08-05,Education,Singapore,SMB
CU008132,Account 008132,2025-07-20,Education,Singapore,SMB
CU008133,Account 008133,2024-06-20,Healthcare,Singapore,SMB
CU008134,Account 008134,2022-08-09,Software,Australia,Enterprise
CU008135,Account 008135,2022-12-09,Healthcare,United States,Mid-Market
CU008136,Account 008136,2025-05-22,Finance,United Kingdom,SMB
CU008137,Account 008137,2022-10-29,Education,Canada,Enterprise
CU008138,Account 008138,2026-02-08,Software,Singapore,Enterprise
CU008139,Account 008139,2023-03-16,Manufacturing,Canada,SMB
CU008140,Account 008140,2025-09-28,Healthcare,Canada,Enterprise
CU008141,Account 008141,2022-02-18,Healthcare,United Kingdom,Mid-Market
CU008142,Account 008142,2025-03-17,Finance,Singapore,Mid-Market
CU008143,Account 008143,2024-09-15,Education,United States,Enterprise
CU008144,Account 008144,2025-06-03,Professional Services,United Kingdom,Mid-Market
CU008145,Account 008145,2022-12-03,Manufacturing,Canada,Mid-Market
CU008146,Account 008146,2025-05-21,Software,Singapore,Mid-Market
CU008147,Account 008147,2022-12-11,Professional Services,United States,SMB
CU008148,Account 008148,2022-02-21,Retail,Germany,SMB
CU008149,Account 008149,2025-02-28,Manufacturing,United Kingdom,Enterprise
CU008150,Account 008150,2026-03-01,Retail,Australia,Enterprise
CU008151,Account 008151,2025-11-30,Finance,Germany,Mid-Market
CU008152,Account 008152,2022-01-02,Education,Germany,Mid-Market
CU008153,Account 008153,2023-10-02,Education,United States,Mid-Market
CU008154,Account 008154,2022-05-10,Healthcare,United Kingdom,SMB
CU008155,Account 008155,2023-02-26,Healthcare,Canada,SMB
CU008156,Account 008156,2025-05-23,Healthcare,United Kingdom,Enterprise
CU008157,Account 008157,2026-01-24,Manufacturing,United Kingdom,SMB
CU008158,Account 008158,2024-10-17,Education,Canada,Enterprise
CU008159,Account 008159,2022-03-29,Manufacturing,United States,Mid-Market
CU008160,Account 008160,2022-02-09,Software,Australia,SMB
CU008161,Account 008161,2026-04-11,Manufacturing,United Kingdom,Enterprise
CU008162,Account 008162,2025-07-16,Finance,Singapore,Enterprise
CU008163,Account 008163,2025-01-29,Manufacturing,Australia,Enterprise
CU008164,Account 008164,2022-03-18,Manufacturing,Canada,SMB
CU008165,Account 008165,2023-09-30,Professional Services,Canada,Enterprise
CU008166,Account 008166,2025-12-15,Software,United States,Enterprise
CU008167,Account 008167,2025-01-28,Healthcare,United Kingdom,SMB
CU008168,Account 008168,2026-01-01,Finance,United Kingdom,Enterprise
CU008169,Account 008169,2025-10-26,Manufacturing,Germany,Mid-Market
CU008170,Account 008170,2024-05-27,Professional Services,Canada,Enterprise
CU008171,Account 008171,2025-12-16,Manufacturing,Canada,Enterprise
CU008172,Account 008172,2024-03-29,Retail,United States,Enterprise
CU008173,Account 008173,2022-06-10,Retail,United Kingdom,Enterprise
CU008174,Account 008174,2025-02-08,Education,Australia,Enterprise
CU008175,Account 008175,2023-03-04,Education,Australia,Mid-Market
CU008176,Account 008176,2022-12-10,Software,Australia,SMB
CU008177,Account 008177,2025-12-05,Finance,Singapore,Mid-Market
CU008178,Account 008178,2026-02-21,Healthcare,Germany,Enterprise
CU008179,Account 008179,2022-01-11,Manufacturing,United States,SMB
CU008180,Account 008180,2025-10-17,Professional Services,Singapore,SMB
CU008181,Account 008181,2025-08-27,Retail,United States,Enterprise
CU008182,Account 008182,2023-10-16,Software,Canada,Enterprise
CU008183,Account 008183,2025-10-10,Professional Services,Australia,Enterprise
CU008184,Account 008184,2022-01-31,Retail,Singapore,Mid-Market
CU008185,Account 008185,2024-07-12,Retail,United States,Mid-Market
CU008186,Account 008186,2022-10-14,Finance,United States,SMB
CU008187,Account 008187,2023-11-08,Finance,Singapore,Enterprise
CU008188,Account 008188,2024-04-18,Healthcare,United States,Enterprise
CU008189,Account 008189,2026-05-23,Software,Germany,SMB
CU008190,Account 008190,2022-08-27,Professional Services,Australia,SMB
CU008191,Account 008191,2022-09-04,Healthcare,United States,SMB
CU008192,Account 008192,2022-10-02,Healthcare,Germany,Enterprise
CU008193,Account 008193,2026-06-25,Professional Services,Canada,Enterprise
CU008194,Account 008194,2025-12-04,Software,Germany,Mid-Market
CU008195,Account 008195,2022-02-03,Software,Australia,SMB
CU008196,Account 008196,2024-07-11,Education,United Kingdom,Mid-Market
CU008197,Account 008197,2022-03-21,Finance,Germany,Mid-Market
CU008198,Account 008198,2025-11-14,Software,Singapore,Enterprise
CU008199,Account 008199,2023-03-21,Healthcare,United Kingdom,Mid-Market
CU008200,Account 008200,2024-03-28,Software,Canada,Mid-Market
CU008201,Account 008201,2023-10-06,Healthcare,Singapore,Mid-Market
CU008202,Account 008202,2022-05-05,Professional Services,United Kingdom,Mid-Market
CU008203,Account 008203,2023-03-15,Finance,Australia,Enterprise
CU008204,Account 008204,2024-02-12,Healthcare,Germany,Mid-Market
CU008205,Account 008205,2026-01-24,Manufacturing,United Kingdom,Enterprise
CU008206,Account 008206,2023-05-25,Manufacturing,Canada,Mid-Market
CU008207,Account 008207,2025-12-31,Finance,Singapore,Enterprise
CU008208,Account 008208,2023-05-24,Manufacturing,United Kingdom,SMB
CU008209,Account 008209,2026-04-10,Healthcare,United Kingdom,Mid-Market
CU008210,Account 008210,2024-12-05,Manufacturing,Canada,SMB
CU008211,Account 008211,2025-03-29,Retail,Germany,Mid-Market
CU008212,Account 008212,2024-04-18,Finance,United Kingdom,Enterprise
CU008213,Account 008213,2026-05-14,Retail,United Kingdom,Enterprise
CU008214,Account 008214,2024-03-29,Education,United States,Mid-Market
CU008215,Account 008215,2024-05-18,Finance,Canada,Enterprise
CU008216,Account 008216,2026-03-31,Education,Singapore,Mid-Market
CU008217,Account 008217,2026-03-19,Manufacturing,Canada,SMB
CU008218,Account 008218,2025-02-15,Manufacturing,Singapore,Enterprise
CU008219,Account 008219,2023-04-10,Healthcare,Australia,Mid-Market
CU008220,Account 008220,2024-07-17,Professional Services,Germany,Mid-Market
CU008221,Account 008221,2026-06-08,Education,Canada,Enterprise
CU008222,Account 008222,2022-01-24,Retail,Singapore,Mid-Market
CU008223,Account 008223,2022-05-23,Finance,United States,Mid-Market
CU008224,Account 008224,2023-03-16,Finance,Germany,SMB
CU008225,Account 008225,2024-05-06,Manufacturing,Singapore,Enterprise
CU008226,Account 008226,2025-04-04,Software,Canada,SMB
CU008227,Account 008227,2025-04-27,Finance,Germany,SMB
CU008228,Account 008228,2022-06-25,Manufacturing,Canada,SMB
CU008229,Account 008229,2025-04-17,Software,Singapore,SMB
CU008230,Account 008230,2023-10-14,Retail,Singapore,SMB
CU008231,Account 008231,2023-10-17,Healthcare,Germany,Enterprise
CU008232,Account 008232,2022-03-19,Manufacturing,Singapore,Mid-Market
CU008233,Account 008233,2024-03-28,Retail,United Kingdom,SMB
CU008234,Account 008234,2024-06-04,Manufacturing,United States,Enterprise
CU008235,Account 008235,2022-08-31,Software,United States,Mid-Market
CU008236,Account 008236,2025-01-15,Finance,Canada,Mid-Market
CU008237,Account 008237,2023-03-07,Retail,Singapore,SMB
CU008238,Account 008238,2025-03-01,Professional Services,United States,Enterprise
CU008239,Account 008239,2023-12-06,Professional Services,Australia,Mid-Market
CU008240,Account 008240,2026-03-12,Retail,Canada,SMB
CU008241,Account 008241,2022-07-19,Finance,United Kingdom,SMB
CU008242,Account 008242,2022-03-26,Education,Canada,Mid-Market
CU008243,Account 008243,2025-01-05,Healthcare,Germany,SMB
CU008244,Account 008244,2023-03-12,Software,Canada,Enterprise
CU008245,Account 008245,2023-07-24,Healthcare,Singapore,SMB
CU008246,Account 008246,2023-10-18,Healthcare,Germany,SMB
CU008247,Account 008247,2025-11-04,Manufacturing,United Kingdom,Mid-Market
CU008248,Account 008248,2026-04-09,Manufacturing,United Kingdom,SMB
CU008249,Account 008249,2023-11-13,Software,Canada,SMB
CU008250,Account 008250,2022-11-01,Software,Germany,Enterprise
CU008251,Account 008251,2022-04-26,Finance,Canada,Enterprise
CU008252,Account 008252,2024-08-16,Education,Germany,Mid-Market
CU008253,Account 008253,2023-09-16,Retail,United Kingdom,Mid-Market
CU008254,Account 008254,2022-10-25,Professional Services,Canada,Mid-Market
CU008255,Account 008255,2023-11-16,Finance,Canada,SMB
CU008256,Account 008256,2022-03-20,Healthcare,Australia,Enterprise
CU008257,Account 008257,2022-02-17,Manufacturing,United States,Mid-Market
CU008258,Account 008258,2023-07-22,Professional Services,United States,Mid-Market
CU008259,Account 008259,2022-11-25,Manufacturing,Australia,Mid-Market
CU008260,Account 008260,2023-06-14,Software,Canada,SMB
CU008261,Account 008261,2022-04-07,Retail,Germany,SMB
CU008262,Account 008262,2022-05-03,Manufacturing,Singapore,Mid-Market
CU008263,Account 008263,2022-03-08,Software,Germany,Mid-Market
CU008264,Account 008264,2023-06-23,Professional Services,Canada,SMB
CU008265,Account 008265,2023-10-06,Education,Canada,Mid-Market
CU008266,Account 008266,2022-07-12,Finance,Canada,Enterprise
CU008267,Account 008267,2026-03-29,Manufacturing,Australia,Mid-Market
CU008268,Account 008268,2022-01-27,Healthcare,Canada,Enterprise
CU008269,Account 008269,2024-08-04,Retail,Canada,SMB
CU008270,Account 008270,2024-03-19,Manufacturing,United States,Mid-Market
CU008271,Account 008271,2025-04-27,Software,Singapore,SMB
CU008272,Account 008272,2024-01-25,Healthcare,Canada,Mid-Market
CU008273,Account 008273,2024-07-19,Manufacturing,Australia,Enterprise
CU008274,Account 008274,2025-01-22,Finance,Germany,Mid-Market
CU008275,Account 008275,2022-06-17,Software,United States,Mid-Market
CU008276,Account 008276,2022-11-27,Finance,Germany,SMB
CU008277,Account 008277,2022-07-29,Software,United States,Mid-Market
CU008278,Account 008278,2025-01-27,Healthcare,United Kingdom,Mid-Market
CU008279,Account 008279,2022-03-30,Professional Services,Canada,SMB
CU008280,Account 008280,2022-02-11,Finance,Australia,Enterprise
CU008281,Account 008281,2024-12-09,Software,Australia,Enterprise
CU008282,Account 008282,2023-02-10,Manufacturing,United States,Mid-Market
CU008283,Account 008283,2024-01-10,Manufacturing,Germany,SMB
CU008284,Account 008284,2024-11-18,Software,United States,Enterprise
CU008285,Account 008285,2023-09-15,Manufacturing,Australia,Mid-Market
CU008286,Account 008286,2025-09-15,Education,United States,SMB
CU008287,Account 008287,2022-01-28,Finance,United Kingdom,Mid-Market
CU008288,Account 008288,2026-05-13,Professional Services,Singapore,Mid-Market
CU008289,Account 008289,2022-03-27,Healthcare,United Kingdom,SMB
CU008290,Account 008290,2022-01-18,Software,Germany,Mid-Market
CU008291,Account 008291,2026-02-21,Manufacturing,Australia,SMB
CU008292,Account 008292,2024-03-02,Finance,Australia,SMB
CU008293,Account 008293,2023-09-09,Professional Services,Australia,Enterprise
CU008294,Account 008294,2026-04-26,Software,United Kingdom,SMB
CU008295,Account 008295,2023-12-19,Healthcare,United Kingdom,Enterprise
CU008296,Account 008296,2022-06-17,Professional Services,United States,SMB
CU008297,Account 008297,2023-07-24,Retail,United States,Enterprise
CU008298,Account 008298,2023-11-01,Professional Services,Singapore,Mid-Market
CU008299,Account 008299,2023-11-10,Finance,Australia,SMB
CU008300,Account 008300,2024-10-25,Education,Australia,Mid-Market
CU008301,Account 008301,2026-02-10,Education,United States,SMB
CU008302,Account 008302,2026-06-26,Healthcare,Australia,SMB
CU008303,Account 008303,2025-03-16,Software,United Kingdom,Enterprise
CU008304,Account 008304,2023-04-01,Finance,Australia,Mid-Market
CU008305,Account 008305,2026-06-30,Professional Services,United States,Mid-Market
CU008306,Account 008306,2025-01-29,Manufacturing,Canada,Mid-Market
CU008307,Account 008307,2026-05-03,Education,Australia,SMB
CU008308,Account 008308,2025-01-21,Healthcare,Australia,SMB
CU008309,Account 008309,2024-11-27,Professional Services,Australia,Enterprise
CU008310,Account 008310,2022-04-02,Software,United Kingdom,Enterprise
CU008311,Account 008311,2024-05-24,Professional Services,Germany,SMB
CU008312,Account 008312,2023-03-18,Healthcare,Canada,Enterprise
CU008313,Account 008313,2026-06-25,Healthcare,Australia,Enterprise
CU008314,Account 008314,2022-10-19,Retail,Germany,SMB
CU008315,Account 008315,2024-05-05,Healthcare,United States,Mid-Market
CU008316,Account 008316,2024-04-26,Software,United Kingdom,Mid-Market
CU008317,Account 008317,2023-11-05,Healthcare,Singapore,Enterprise
CU008318,Account 008318,2022-12-05,Retail,Australia,Enterprise
CU008319,Account 008319,2025-07-14,Education,United Kingdom,Enterprise
CU008320,Account 008320,2024-02-17,Software,Canada,Mid-Market
CU008321,Account 008321,2024-12-06,Retail,United States,SMB
CU008322,Account 008322,2024-01-24,Software,United Kingdom,Enterprise
CU008323,Account 008323,2025-09-04,Manufacturing,Singapore,Enterprise
CU008324,Account 008324,2023-02-01,Professional Services,Canada,Enterprise
CU008325,Account 008325,2025-06-14,Manufacturing,Singapore,SMB
CU008326,Account 008326,2022-12-19,Finance,United States,Enterprise
CU008327,Account 008327,2026-01-14,Finance,United Kingdom,Mid-Market
CU008328,Account 008328,2025-01-11,Finance,Australia,Mid-Market
CU008329,Account 008329,2026-02-12,Education,Australia,Mid-Market
CU008330,Account 008330,2023-05-20,Software,United Kingdom,SMB
CU008331,Account 008331,2026-04-10,Software,Canada,SMB
CU008332,Account 008332,2024-02-03,Manufacturing,United States,Mid-Market
CU008333,Account 008333,2025-07-29,Manufacturing,United States,SMB
CU008334,Account 008334,2023-04-15,Finance,Australia,SMB
CU008335,Account 008335,2025-02-11,Finance,Singapore,Mid-Market
CU008336,Account 008336,2022-08-30,Healthcare,Canada,SMB
CU008337,Account 008337,2022-06-09,Retail,Australia,SMB
CU008338,Account 008338,2025-03-22,Manufacturing,Canada,Enterprise
CU008339,Account 008339,2023-04-22,Finance,Germany,SMB
CU008340,Account 008340,2022-08-06,Healthcare,Singapore,Enterprise
CU008341,Account 008341,2025-03-03,Manufacturing,Canada,Mid-Market
CU008342,Account 008342,2022-09-06,Professional Services,United States,Mid-Market
CU008343,Account 008343,2022-04-25,Professional Services,United States,Mid-Market
CU008344,Account 008344,2022-03-29,Manufacturing,Germany,SMB
CU008345,Account 008345,2025-09-22,Professional Services,Canada,Enterprise
CU008346,Account 008346,2026-06-20,Education,United Kingdom,SMB
CU008347,Account 008347,2024-01-30,Manufacturing,Australia,SMB
CU008348,Account 008348,2022-03-23,Retail,Canada,Mid-Market
CU008349,Account 008349,2022-09-09,Software,United States,Mid-Market
CU008350,Account 008350,2024-04-16,Healthcare,Germany,Mid-Market
CU008351,Account 008351,2024-04-30,Education,Singapore,Enterprise
CU008352,Account 008352,2022-07-14,Retail,Canada,Mid-Market
CU008353,Account 008353,2023-02-22,Education,Singapore,SMB
CU008354,Account 008354,2023-02-21,Retail,Germany,SMB
CU008355,Account 008355,2023-08-13,Professional Services,Canada,SMB
CU008356,Account 008356,2022-02-11,Software,United States,Mid-Market
CU008357,Account 008357,2025-01-14,Education,Germany,SMB
CU008358,Account 008358,2025-01-02,Software,Australia,Enterprise
CU008359,Account 008359,2022-09-23,Healthcare,Singapore,SMB
CU008360,Account 008360,2023-03-08,Finance,Australia,SMB
CU008361,Account 008361,2022-02-21,Software,Singapore,SMB
CU008362,Account 008362,2022-09-24,Healthcare,United Kingdom,Mid-Market
CU008363,Account 008363,2023-10-20,Finance,Germany,SMB
CU008364,Account 008364,2023-04-20,Finance,Germany,Enterprise
CU008365,Account 008365,2025-09-26,Education,Canada,SMB
CU008366,Account 008366,2024-05-17,Retail,Germany,SMB
CU008367,Account 008367,2023-12-23,Education,Australia,Mid-Market
CU008368,Account 008368,2022-11-06,Software,Australia,Mid-Market
CU008369,Account 008369,2022-02-26,Finance,United States,SMB
CU008370,Account 008370,2025-03-01,Retail,United States,Mid-Market
CU008371,Account 008371,2023-02-05,Professional Services,United Kingdom,SMB
CU008372,Account 008372,2022-08-07,Software,Canada,Mid-Market
CU008373,Account 008373,2022-12-12,Manufacturing,Canada,Enterprise
CU008374,Account 008374,2025-05-17,Education,Australia,Enterprise
CU008375,Account 008375,2024-07-01,Healthcare,Singapore,SMB
CU008376,Account 008376,2026-04-30,Retail,Canada,Mid-Market
CU008377,Account 008377,2025-04-02,Education,Australia,SMB
CU008378,Account 008378,2024-03-20,Healthcare,Canada,Mid-Market
CU008379,Account 008379,2023-05-17,Finance,Germany,SMB
CU008380,Account 008380,2022-12-31,Manufacturing,United States,SMB
CU008381,Account 008381,2024-08-09,Finance,Canada,Enterprise
CU008382,Account 008382,2023-02-05,Education,Canada,Enterprise
CU008383,Account 008383,2022-10-28,Software,United States,Mid-Market
CU008384,Account 008384,2025-08-31,Professional Services,Germany,Enterprise
CU008385,Account 008385,2025-07-21,Manufacturing,Australia,Mid-Market
CU008386,Account 008386,2025-03-16,Education,Australia,Mid-Market
CU008387,Account 008387,2025-10-21,Retail,United Kingdom,Mid-Market
CU008388,Account 008388,2024-09-12,Education,United Kingdom,SMB
CU008389,Account 008389,2025-07-13,Retail,Singapore,Enterprise
CU008390,Account 008390,2022-05-18,Healthcare,United States,SMB
CU008391,Account 008391,2024-07-18,Education,Germany,Enterprise
CU008392,Account 008392,2024-05-05,Software,Australia,Mid-Market
CU008393,Account 008393,2023-02-22,Finance,Singapore,Enterprise
CU008394,Account 008394,2024-03-07,Education,United Kingdom,SMB
CU008395,Account 008395,2026-05-18,Software,Singapore,SMB
CU008396,Account 008396,2023-08-25,Retail,Singapore,Enterprise
CU008397,Account 008397,2025-08-06,Software,Singapore,Enterprise
CU008398,Account 008398,2024-10-20,Professional Services,Singapore,Mid-Market
CU008399,Account 008399,2023-04-26,Software,United States,Enterprise
CU008400,Account 008400,2023-05-11,Finance,Germany,Mid-Market
CU008401,Account 008401,2024-12-27,Finance,Canada,Mid-Market
CU008402,Account 008402,2022-11-13,Education,United Kingdom,Enterprise
CU008403,Account 008403,2023-06-14,Retail,Germany,Mid-Market
CU008404,Account 008404,2023-05-10,Manufacturing,Germany,SMB
CU008405,Account 008405,2025-08-15,Finance,United Kingdom,Mid-Market
CU008406,Account 008406,2024-03-05,Manufacturing,United States,SMB
CU008407,Account 008407,2026-04-11,Professional Services,Singapore,Mid-Market
CU008408,Account 008408,2023-04-04,Finance,Canada,Mid-Market
CU008409,Account 008409,2024-11-28,Software,United States,Mid-Market
CU008410,Account 008410,2025-10-27,Education,Canada,SMB
CU008411,Account 008411,2022-08-09,Education,United Kingdom,Mid-Market
CU008412,Account 008412,2022-07-26,Manufacturing,Singapore,SMB
CU008413,Account 008413,2023-12-18,Retail,Canada,Enterprise
CU008414,Account 008414,2026-04-11,Education,Australia,Enterprise
CU008415,Account 008415,2024-01-07,Finance,Singapore,SMB
CU008416,Account 008416,2023-07-08,Education,United Kingdom,SMB
CU008417,Account 008417,2024-12-20,Healthcare,Singapore,Enterprise
CU008418,Account 008418,2022-07-20,Retail,Australia,Enterprise
CU008419,Account 008419,2022-04-08,Retail,United Kingdom,Enterprise
CU008420,Account 008420,2026-03-18,Finance,United States,SMB
CU008421,Account 008421,2023-08-05,Manufacturing,United States,Mid-Market
CU008422,Account 008422,2025-02-24,Professional Services,Australia,Mid-Market
CU008423,Account 008423,2026-05-01,Professional Services,Australia,Enterprise
CU008424,Account 008424,2026-05-01,Software,Germany,Enterprise
CU008425,Account 008425,2022-10-25,Manufacturing,United States,SMB
CU008426,Account 008426,2023-05-10,Finance,United States,Mid-Market
CU008427,Account 008427,2023-09-27,Professional Services,United Kingdom,Enterprise
CU008428,Account 008428,2023-09-02,Manufacturing,Australia,SMB
CU008429,Account 008429,2023-01-20,Healthcare,United Kingdom,SMB
CU008430,Account 008430,2025-07-02,Manufacturing,United States,SMB
CU008431,Account 008431,2024-04-04,Healthcare,Canada,Mid-Market
CU008432,Account 008432,2022-03-23,Software,United States,Mid-Market
CU008433,Account 008433,2023-01-01,Software,Germany,SMB
CU008434,Account 008434,2023-06-02,Software,United States,Enterprise
CU008435,Account 008435,2024-12-28,Retail,United States,Enterprise
CU008436,Account 008436,2022-06-29,Software,Germany,SMB
CU008437,Account 008437,2024-03-16,Retail,Singapore,Enterprise
CU008438,Account 008438,2023-10-02,Manufacturing,Singapore,Enterprise
CU008439,Account 008439,2022-09-17,Finance,Canada,SMB
CU008440,Account 008440,2022-11-20,Retail,Australia,Mid-Market
CU008441,Account 008441,2024-06-04,Healthcare,Australia,Mid-Market
CU008442,Account 008442,2025-07-14,Finance,United Kingdom,SMB
CU008443,Account 008443,2022-12-22,Education,Australia,Enterprise
CU008444,Account 008444,2025-10-19,Education,United Kingdom,Mid-Market
CU008445,Account 008445,2022-03-16,Healthcare,Singapore,Enterprise
CU008446,Account 008446,2023-11-20,Healthcare,Singapore,Enterprise
CU008447,Account 008447,2022-03-04,Software,United States,Enterprise
CU008448,Account 008448,2023-12-15,Finance,Singapore,Enterprise
CU008449,Account 008449,2024-10-28,Professional Services,Germany,SMB
CU008450,Account 008450,2026-06-01,Finance,United Kingdom,Enterprise
CU008451,Account 008451,2023-06-15,Professional Services,Australia,Enterprise
CU008452,Account 008452,2023-11-29,Finance,Germany,SMB
CU008453,Account 008453,2023-12-04,Manufacturing,United Kingdom,SMB
CU008454,Account 008454,2024-12-19,Healthcare,United States,Enterprise
CU008455,Account 008455,2025-03-09,Retail,United Kingdom,Mid-Market
CU008456,Account 008456,2026-04-10,Finance,Singapore,Enterprise
CU008457,Account 008457,2023-09-18,Education,United States,Enterprise
CU008458,Account 008458,2023-07-25,Finance,Canada,SMB
CU008459,Account 008459,2024-04-19,Professional Services,Canada,Mid-Market
CU008460,Account 008460,2022-07-19,Education,Canada,Mid-Market
CU008461,Account 008461,2025-10-26,Professional Services,United Kingdom,Enterprise
CU008462,Account 008462,2022-09-16,Healthcare,Canada,SMB
CU008463,Account 008463,2023-10-27,Healthcare,Canada,Mid-Market
CU008464,Account 008464,2026-05-29,Manufacturing,Singapore,Enterprise
CU008465,Account 008465,2022-09-17,Software,Singapore,Enterprise
CU008466,Account 008466,2022-10-31,Finance,Canada,Enterprise
CU008467,Account 008467,2025-01-18,Finance,Singapore,Enterprise
CU008468,Account 008468,2024-12-19,Education,Singapore,SMB
CU008469,Account 008469,2024-04-20,Manufacturing,Canada,SMB
CU008470,Account 008470,2023-08-09,Education,United States,SMB
CU008471,Account 008471,2023-10-22,Retail,Singapore,Enterprise
CU008472,Account 008472,2025-08-10,Healthcare,United Kingdom,Mid-Market
CU008473,Account 008473,2023-04-07,Retail,United States,Enterprise
CU008474,Account 008474,2025-08-22,Manufacturing,Singapore,SMB
CU008475,Account 008475,2022-02-18,Education,Canada,Mid-Market
CU008476,Account 008476,2024-02-29,Professional Services,Canada,SMB
CU008477,Account 008477,2026-02-22,Professional Services,Australia,SMB
CU008478,Account 008478,2025-06-14,Professional Services,United States,SMB
CU008479,Account 008479,2025-10-26,Healthcare,Australia,SMB
CU008480,Account 008480,2026-04-10,Finance,United States,Mid-Market
CU008481,Account 008481,2023-10-19,Manufacturing,Germany,Enterprise
CU008482,Account 008482,2023-08-02,Professional Services,Canada,Enterprise
CU008483,Account 008483,2022-09-14,Education,United Kingdom,Enterprise
CU008484,Account 008484,2022-06-15,Professional Services,United States,SMB
CU008485,Account 008485,2025-10-19,Retail,Singapore,Mid-Market
CU008486,Account 008486,2022-02-10,Education,Germany,Mid-Market
CU008487,Account 008487,2024-07-12,Software,Singapore,Mid-Market
CU008488,Account 008488,2025-11-06,Healthcare,Canada,SMB
CU008489,Account 008489,2022-10-21,Professional Services,Germany,SMB
CU008490,Account 008490,2026-05-15,Manufacturing,United Kingdom,Enterprise
CU008491,Account 008491,2024-02-03,Professional Services,United Kingdom,Enterprise
CU008492,Account 008492,2024-02-23,Education,Germany,Enterprise
CU008493,Account 008493,2025-04-17,Education,Singapore,Mid-Market
CU008494,Account 008494,2022-01-20,Finance,Canada,Enterprise
CU008495,Account 008495,2023-08-20,Education,Canada,Enterprise
CU008496,Account 008496,2024-01-27,Healthcare,Singapore,SMB
CU008497,Account 008497,2022-04-29,Software,Germany,Enterprise
CU008498,Account 008498,2024-06-02,Healthcare,Australia,SMB
CU008499,Account 008499,2023-11-14,Retail,Singapore,Mid-Market
CU008500,Account 008500,2025-02-20,Professional Services,United States,Enterprise
CU008501,Account 008501,2026-01-09,Software,United States,SMB
CU008502,Account 008502,2023-11-19,Healthcare,Germany,SMB
CU008503,Account 008503,2025-06-13,Finance,Singapore,Mid-Market
CU008504,Account 008504,2023-10-28,Professional Services,Australia,Mid-Market
CU008505,Account 008505,2024-05-21,Manufacturing,United States,SMB
CU008506,Account 008506,2022-01-18,Healthcare,United Kingdom,SMB
CU008507,Account 008507,2022-03-31,Manufacturing,Australia,Enterprise
CU008508,Account 008508,2025-11-30,Education,Australia,SMB
CU008509,Account 008509,2024-02-05,Healthcare,Germany,Mid-Market
CU008510,Account 008510,2025-01-25,Professional Services,United Kingdom,Enterprise
CU008511,Account 008511,2022-01-24,Manufacturing,Germany,Mid-Market
CU008512,Account 008512,2022-08-10,Healthcare,Australia,Enterprise
CU008513,Account 008513,2024-07-01,Healthcare,United Kingdom,SMB
CU008514,Account 008514,2026-05-16,Professional Services,Singapore,Enterprise
CU008515,Account 008515,2024-04-06,Finance,United States,Enterprise
CU008516,Account 008516,2022-12-30,Healthcare,Singapore,SMB
CU008517,Account 008517,2024-12-23,Healthcare,Singapore,Enterprise
CU008518,Account 008518,2024-04-02,Finance,Australia,SMB
CU008519,Account 008519,2024-04-30,Professional Services,United Kingdom,Enterprise
CU008520,Account 008520,2023-06-28,Professional Services,Canada,SMB
CU008521,Account 008521,2022-06-05,Software,United States,Mid-Market
CU008522,Account 008522,2022-05-14,Professional Services,Canada,Mid-Market
CU008523,Account 008523,2024-11-04,Healthcare,Singapore,Mid-Market
CU008524,Account 008524,2025-10-08,Healthcare,Canada,Enterprise
CU008525,Account 008525,2024-08-24,Retail,United Kingdom,Enterprise
CU008526,Account 008526,2025-04-23,Manufacturing,United States,SMB
CU008527,Account 008527,2024-08-07,Software,Germany,Enterprise
CU008528,Account 008528,2025-02-16,Education,United States,SMB
CU008529,Account 008529,2025-06-21,Software,Australia,SMB
CU008530,Account 008530,2024-06-05,Healthcare,Germany,Mid-Market
CU008531,Account 008531,2022-11-18,Manufacturing,United Kingdom,Mid-Market
CU008532,Account 008532,2023-04-19,Healthcare,Australia,Enterprise
CU008533,Account 008533,2023-10-30,Education,Australia,SMB
CU008534,Account 008534,2024-02-17,Finance,Singapore,SMB
CU008535,Account 008535,2025-07-05,Retail,Canada,Enterprise
CU008536,Account 008536,2025-10-11,Retail,Canada,Enterprise
CU008537,Account 008537,2023-01-01,Healthcare,Canada,SMB
CU008538,Account 008538,2025-05-13,Manufacturing,Australia,Enterprise
CU008539,Account 008539,2023-09-30,Retail,Australia,Enterprise
CU008540,Account 008540,2023-11-24,Software,Singapore,Mid-Market
CU008541,Account 008541,2025-06-06,Manufacturing,United States,SMB
CU008542,Account 008542,2025-02-08,Software,Singapore,SMB
CU008543,Account 008543,2022-10-24,Healthcare,Australia,Mid-Market
CU008544,Account 008544,2022-05-19,Software,Australia,SMB
CU008545,Account 008545,2022-01-04,Retail,Australia,Mid-Market
CU008546,Account 008546,2025-06-05,Finance,Singapore,SMB
CU008547,Account 008547,2024-06-25,Finance,Canada,Enterprise
CU008548,Account 008548,2024-10-26,Finance,Australia,Mid-Market
CU008549,Account 008549,2024-03-02,Education,Singapore,Enterprise
CU008550,Account 008550,2026-02-11,Healthcare,United Kingdom,Enterprise
CU008551,Account 008551,2022-04-18,Education,United Kingdom,Enterprise
CU008552,Account 008552,2022-10-12,Retail,Germany,Enterprise
CU008553,Account 008553,2023-06-19,Education,Canada,Mid-Market
CU008554,Account 008554,2026-02-08,Manufacturing,United States,Mid-Market
CU008555,Account 008555,2022-04-24,Finance,Australia,SMB
CU008556,Account 008556,2025-04-03,Education,United Kingdom,Enterprise
CU008557,Account 008557,2025-05-26,Retail,Canada,Mid-Market
CU008558,Account 008558,2025-05-19,Manufacturing,United Kingdom,Enterprise
CU008559,Account 008559,2026-05-16,Software,United States,Mid-Market
CU008560,Account 008560,2023-08-17,Professional Services,Germany,Enterprise
CU008561,Account 008561,2025-06-10,Professional Services,United States,SMB
CU008562,Account 008562,2022-05-08,Finance,Australia,Mid-Market
CU008563,Account 008563,2022-04-07,Retail,United States,Mid-Market
CU008564,Account 008564,2022-08-21,Finance,Canada,SMB
CU008565,Account 008565,2024-09-19,Manufacturing,Canada,SMB
CU008566,Account 008566,2023-10-19,Retail,United Kingdom,SMB
CU008567,Account 008567,2025-05-23,Manufacturing,United States,Mid-Market
CU008568,Account 008568,2024-12-02,Retail,Singapore,Mid-Market
CU008569,Account 008569,2024-07-01,Software,Canada,Mid-Market
CU008570,Account 008570,2022-08-03,Healthcare,Germany,Mid-Market
CU008571,Account 008571,2024-11-04,Professional Services,United Kingdom,SMB
CU008572,Account 008572,2025-12-10,Software,Germany,Mid-Market
CU008573,Account 008573,2022-08-03,Retail,United Kingdom,Enterprise
CU008574,Account 008574,2025-05-05,Professional Services,Australia,Enterprise
CU008575,Account 008575,2022-02-17,Education,Singapore,Mid-Market
CU008576,Account 008576,2023-10-03,Professional Services,Australia,SMB
CU008577,Account 008577,2025-03-08,Professional Services,Canada,SMB
CU008578,Account 008578,2026-05-08,Education,United Kingdom,Enterprise
CU008579,Account 008579,2022-02-08,Education,Canada,Mid-Market
CU008580,Account 008580,2022-12-16,Education,Australia,SMB
CU008581,Account 008581,2026-01-29,Software,Australia,SMB
CU008582,Account 008582,2022-07-25,Education,Singapore,Mid-Market
CU008583,Account 008583,2025-03-10,Professional Services,Australia,Mid-Market
CU008584,Account 008584,2025-04-15,Retail,United States,Mid-Market
CU008585,Account 008585,2025-09-13,Manufacturing,United Kingdom,Mid-Market
CU008586,Account 008586,2025-10-27,Software,United States,Mid-Market
CU008587,Account 008587,2023-12-14,Education,Germany,Enterprise
CU008588,Account 008588,2026-04-28,Manufacturing,United States,SMB
CU008589,Account 008589,2023-01-06,Finance,United Kingdom,Mid-Market
CU008590,Account 008590,2026-05-14,Finance,United States,Mid-Market
CU008591,Account 008591,2023-11-04,Software,United States,SMB
CU008592,Account 008592,2023-11-25,Healthcare,Canada,SMB
CU008593,Account 008593,2024-11-06,Healthcare,Australia,Mid-Market
CU008594,Account 008594,2023-08-20,Manufacturing,United Kingdom,Mid-Market
CU008595,Account 008595,2025-06-10,Healthcare,Germany,Enterprise
CU008596,Account 008596,2023-04-24,Professional Services,United Kingdom,Mid-Market
CU008597,Account 008597,2025-04-23,Retail,United States,Mid-Market
CU008598,Account 008598,2026-01-24,Healthcare,Australia,Mid-Market
CU008599,Account 008599,2023-09-07,Manufacturing,Singapore,Enterprise
CU008600,Account 008600,2023-10-18,Finance,Australia,Enterprise
CU008601,Account 008601,2022-02-15,Finance,Canada,SMB
CU008602,Account 008602,2023-09-14,Healthcare,Singapore,SMB
CU008603,Account 008603,2024-02-08,Software,Singapore,SMB
CU008604,Account 008604,2023-11-18,Professional Services,Canada,SMB
CU008605,Account 008605,2026-01-16,Retail,United States,Enterprise
CU008606,Account 008606,2024-08-22,Professional Services,Canada,SMB
CU008607,Account 008607,2022-08-15,Healthcare,United States,SMB
CU008608,Account 008608,2024-01-16,Retail,Germany,Enterprise
CU008609,Account 008609,2023-01-21,Education,Australia,Mid-Market
CU008610,Account 008610,2022-06-26,Manufacturing,Singapore,Enterprise
CU008611,Account 008611,2026-06-20,Software,Canada,Enterprise
CU008612,Account 008612,2022-11-02,Software,Singapore,Mid-Market
CU008613,Account 008613,2025-03-03,Retail,United Kingdom,Enterprise
CU008614,Account 008614,2024-08-23,Finance,Germany,SMB
CU008615,Account 008615,2022-06-22,Retail,United Kingdom,Enterprise
CU008616,Account 008616,2022-06-11,Education,Singapore,SMB
CU008617,Account 008617,2026-01-05,Finance,United Kingdom,Mid-Market
CU008618,Account 008618,2025-01-16,Healthcare,Australia,Enterprise
CU008619,Account 008619,2023-09-20,Professional Services,Australia,Mid-Market
CU008620,Account 008620,2022-10-08,Finance,Singapore,Enterprise
CU008621,Account 008621,2025-12-02,Healthcare,Canada,Mid-Market
CU008622,Account 008622,2023-08-21,Finance,Canada,Enterprise
CU008623,Account 008623,2026-06-10,Manufacturing,Canada,Mid-Market
CU008624,Account 008624,2025-04-04,Education,Australia,Mid-Market
CU008625,Account 008625,2024-06-26,Professional Services,Canada,Enterprise
CU008626,Account 008626,2023-06-07,Manufacturing,Germany,Mid-Market
CU008627,Account 008627,2025-05-18,Healthcare,Australia,SMB
CU008628,Account 008628,2022-12-15,Professional Services,Australia,Enterprise
CU008629,Account 008629,2023-04-03,Manufacturing,Australia,SMB
CU008630,Account 008630,2023-01-10,Professional Services,Singapore,Mid-Market
CU008631,Account 008631,2026-02-03,Education,United States,SMB
CU008632,Account 008632,2022-08-05,Retail,United States,Mid-Market
CU008633,Account 008633,2022-01-03,Software,Canada,Enterprise
CU008634,Account 008634,2022-03-10,Education,United States,Enterprise
CU008635,Account 008635,2024-12-21,Finance,United Kingdom,Mid-Market
CU008636,Account 008636,2023-05-02,Manufacturing,United Kingdom,SMB
CU008637,Account 008637,2022-11-03,Finance,Australia,Mid-Market
CU008638,Account 008638,2025-09-17,Professional Services,United Kingdom,SMB
CU008639,Account 008639,2022-02-07,Retail,Singapore,SMB
CU008640,Account 008640,2024-04-23,Professional Services,Germany,SMB
CU008641,Account 008641,2026-05-24,Manufacturing,Australia,Enterprise
CU008642,Account 008642,2022-02-21,Retail,United Kingdom,Enterprise
CU008643,Account 008643,2023-07-03,Education,United States,SMB
CU008644,Account 008644,2023-09-28,Software,United Kingdom,Enterprise
CU008645,Account 008645,2023-06-23,Manufacturing,Canada,Mid-Market
CU008646,Account 008646,2023-10-07,Retail,Australia,Enterprise
CU008647,Account 008647,2024-08-28,Software,United Kingdom,Mid-Market
CU008648,Account 008648,2023-11-20,Healthcare,Australia,Mid-Market
CU008649,Account 008649,2024-02-06,Healthcare,Singapore,Enterprise
CU008650,Account 008650,2025-06-04,Software,Australia,Enterprise
CU008651,Account 008651,2026-05-26,Healthcare,United States,SMB
CU008652,Account 008652,2025-04-12,Finance,Germany,Enterprise
CU008653,Account 008653,2026-03-14,Education,Germany,Enterprise
CU008654,Account 008654,2026-01-18,Manufacturing,Singapore,SMB
CU008655,Account 008655,2026-01-01,Professional Services,Canada,SMB
CU008656,Account 008656,2026-06-18,Healthcare,Singapore,SMB
CU008657,Account 008657,2023-07-20,Manufacturing,Australia,Enterprise
CU008658,Account 008658,2026-02-05,Finance,Germany,Mid-Market
CU008659,Account 008659,2025-02-10,Professional Services,Germany,SMB
CU008660,Account 008660,2023-10-12,Software,Canada,SMB
CU008661,Account 008661,2023-07-28,Professional Services,United Kingdom,SMB
CU008662,Account 008662,2023-04-13,Professional Services,Singapore,Mid-Market
CU008663,Account 008663,2022-05-27,Professional Services,Australia,Enterprise
CU008664,Account 008664,2024-12-02,Finance,United States,Enterprise
CU008665,Account 008665,2023-10-19,Professional Services,Australia,Enterprise
CU008666,Account 008666,2024-01-29,Education,Canada,SMB
CU008667,Account 008667,2022-09-15,Manufacturing,Canada,Enterprise
CU008668,Account 008668,2025-07-21,Manufacturing,Singapore,Mid-Market
CU008669,Account 008669,2024-10-15,Healthcare,Canada,Mid-Market
CU008670,Account 008670,2023-04-11,Finance,United Kingdom,Enterprise
CU008671,Account 008671,2022-10-29,Healthcare,United Kingdom,Mid-Market
CU008672,Account 008672,2022-04-24,Software,Canada,Mid-Market
CU008673,Account 008673,2022-09-03,Retail,Australia,Mid-Market
CU008674,Account 008674,2023-02-02,Finance,Singapore,SMB
CU008675,Account 008675,2024-10-11,Healthcare,Australia,Mid-Market
CU008676,Account 008676,2023-05-17,Healthcare,Canada,Mid-Market
CU008677,Account 008677,2025-08-06,Finance,Australia,Mid-Market
CU008678,Account 008678,2023-02-04,Software,Singapore,Mid-Market
CU008679,Account 008679,2025-05-05,Manufacturing,Australia,Mid-Market
CU008680,Account 008680,2025-10-28,Healthcare,United Kingdom,Enterprise
CU008681,Account 008681,2026-03-14,Healthcare,Canada,SMB
CU008682,Account 008682,2024-07-10,Software,United Kingdom,SMB
CU008683,Account 008683,2025-05-15,Education,Germany,Enterprise
CU008684,Account 008684,2026-02-09,Retail,Canada,Mid-Market
CU008685,Account 008685,2023-03-19,Manufacturing,United Kingdom,Enterprise
CU008686,Account 008686,2024-12-30,Software,United Kingdom,SMB
CU008687,Account 008687,2024-01-21,Healthcare,United Kingdom,Mid-Market
CU008688,Account 008688,2026-03-31,Education,United States,SMB
CU008689,Account 008689,2024-07-17,Retail,Singapore,SMB
CU008690,Account 008690,2022-09-24,Education,Australia,Mid-Market
CU008691,Account 008691,2024-01-24,Education,United States,Mid-Market
CU008692,Account 008692,2022-09-02,Professional Services,Australia,Enterprise
CU008693,Account 008693,2024-02-20,Manufacturing,Singapore,SMB
CU008694,Account 008694,2026-03-02,Education,United Kingdom,Mid-Market
CU008695,Account 008695,2025-06-29,Healthcare,Singapore,Mid-Market
CU008696,Account 008696,2024-07-31,Education,United Kingdom,Enterprise
CU008697,Account 008697,2024-12-21,Manufacturing,Australia,SMB
CU008698,Account 008698,2022-03-20,Finance,Australia,Enterprise
CU008699,Account 008699,2022-09-23,Finance,Australia,Enterprise
CU008700,Account 008700,2022-03-20,Manufacturing,Singapore,SMB
CU008701,Account 008701,2023-09-05,Manufacturing,United States,Mid-Market
CU008702,Account 008702,2022-04-25,Manufacturing,United Kingdom,Enterprise
CU008703,Account 008703,2025-02-11,Retail,United States,Mid-Market
CU008704,Account 008704,2025-07-30,Retail,United Kingdom,SMB
CU008705,Account 008705,2026-03-20,Software,Australia,Mid-Market
CU008706,Account 008706,2023-06-27,Education,United States,SMB
CU008707,Account 008707,2024-11-03,Healthcare,Canada,SMB
CU008708,Account 008708,2025-04-06,Healthcare,Australia,Mid-Market
CU008709,Account 008709,2024-09-22,Education,Canada,Mid-Market
CU008710,Account 008710,2024-12-18,Manufacturing,United States,SMB
CU008711,Account 008711,2024-05-12,Retail,United States,SMB
CU008712,Account 008712,2025-02-09,Finance,United Kingdom,Enterprise
CU008713,Account 008713,2023-10-09,Manufacturing,United Kingdom,SMB
CU008714,Account 008714,2022-07-15,Finance,United Kingdom,SMB
CU008715,Account 008715,2022-05-14,Education,Singapore,Mid-Market
CU008716,Account 008716,2023-11-21,Software,Australia,Enterprise
CU008717,Account 008717,2023-11-17,Manufacturing,United States,Enterprise
CU008718,Account 008718,2022-10-19,Professional Services,United States,Mid-Market
CU008719,Account 008719,2026-05-20,Finance,Germany,SMB
CU008720,Account 008720,2025-09-11,Education,Germany,SMB
CU008721,Account 008721,2025-08-10,Finance,United Kingdom,SMB
CU008722,Account 008722,2023-09-07,Education,United States,Mid-Market
CU008723,Account 008723,2025-01-13,Education,Canada,SMB
CU008724,Account 008724,2023-05-19,Manufacturing,Singapore,Enterprise
CU008725,Account 008725,2025-05-19,Software,Australia,Enterprise
CU008726,Account 008726,2024-05-03,Software,Canada,Mid-Market
CU008727,Account 008727,2024-02-20,Retail,Australia,SMB
CU008728,Account 008728,2025-06-18,Manufacturing,Australia,SMB
CU008729,Account 008729,2023-07-17,Professional Services,United States,Enterprise
CU008730,Account 008730,2024-02-20,Finance,United States,SMB
CU008731,Account 008731,2025-02-07,Retail,United Kingdom,Mid-Market
CU008732,Account 008732,2024-12-12,Finance,United States,Mid-Market
CU008733,Account 008733,2024-06-11,Professional Services,United Kingdom,Enterprise
CU008734,Account 008734,2026-01-11,Education,Singapore,Mid-Market
CU008735,Account 008735,2024-07-11,Software,United Kingdom,Enterprise
CU008736,Account 008736,2026-01-10,Education,Australia,Enterprise
CU008737,Account 008737,2023-05-09,Finance,Germany,Mid-Market
CU008738,Account 008738,2026-06-14,Healthcare,Germany,Enterprise
CU008739,Account 008739,2025-05-28,Finance,Australia,Mid-Market
CU008740,Account 008740,2022-07-11,Finance,United Kingdom,Mid-Market
CU008741,Account 008741,2022-07-06,Professional Services,Canada,Enterprise
CU008742,Account 008742,2022-07-22,Retail,Singapore,SMB
CU008743,Account 008743,2023-03-25,Retail,United Kingdom,SMB
CU008744,Account 008744,2022-10-07,Education,United States,Mid-Market
CU008745,Account 008745,2022-01-16,Education,Australia,SMB
CU008746,Account 008746,2022-12-11,Finance,Singapore,Enterprise
CU008747,Account 008747,2026-01-17,Education,Germany,Mid-Market
CU008748,Account 008748,2024-05-05,Professional Services,Canada,SMB
CU008749,Account 008749,2025-07-03,Software,Canada,SMB
CU008750,Account 008750,2025-08-27,Software,Singapore,Mid-Market
CU008751,Account 008751,2023-05-13,Manufacturing,Canada,Mid-Market
CU008752,Account 008752,2025-06-08,Retail,Canada,Enterprise
CU008753,Account 008753,2023-01-30,Finance,United Kingdom,Mid-Market
CU008754,Account 008754,2022-12-13,Software,Canada,SMB
CU008755,Account 008755,2024-07-06,Manufacturing,Germany,SMB
CU008756,Account 008756,2023-10-01,Retail,Australia,SMB
CU008757,Account 008757,2022-03-08,Education,United States,Mid-Market
CU008758,Account 008758,2024-07-23,Professional Services,Singapore,Enterprise
CU008759,Account 008759,2022-05-25,Retail,United States,SMB
CU008760,Account 008760,2025-06-04,Finance,United States,Enterprise
CU008761,Account 008761,2025-02-20,Manufacturing,United Kingdom,SMB
CU008762,Account 008762,2023-01-27,Retail,Singapore,SMB
CU008763,Account 008763,2023-02-14,Manufacturing,Australia,Enterprise
CU008764,Account 008764,2025-12-17,Finance,United States,Mid-Market
CU008765,Account 008765,2022-01-12,Finance,Canada,Enterprise
CU008766,Account 008766,2023-12-28,Healthcare,Germany,SMB
CU008767,Account 008767,2022-10-31,Professional Services,Germany,Mid-Market
CU008768,Account 008768,2024-03-20,Software,Singapore,SMB
CU008769,Account 008769,2023-10-07,Retail,United States,Mid-Market
CU008770,Account 008770,2024-07-12,Software,Canada,Enterprise
CU008771,Account 008771,2024-11-06,Manufacturing,Australia,Enterprise
CU008772,Account 008772,2023-10-29,Retail,Germany,Mid-Market
CU008773,Account 008773,2023-09-07,Software,United Kingdom,SMB
CU008774,Account 008774,2023-07-05,Finance,United States,SMB
CU008775,Account 008775,2022-06-22,Healthcare,Australia,SMB
CU008776,Account 008776,2023-03-20,Education,United Kingdom,Enterprise
CU008777,Account 008777,2023-08-18,Manufacturing,Germany,Mid-Market
CU008778,Account 008778,2024-08-10,Professional Services,United States,SMB
CU008779,Account 008779,2024-10-20,Professional Services,Germany,Enterprise
CU008780,Account 008780,2026-05-19,Healthcare,Australia,Enterprise
CU008781,Account 008781,2022-08-16,Professional Services,United Kingdom,Enterprise
CU008782,Account 008782,2022-06-01,Software,Germany,Mid-Market
CU008783,Account 008783,2024-11-25,Software,Canada,SMB
CU008784,Account 008784,2022-03-18,Manufacturing,United States,Mid-Market
CU008785,Account 008785,2024-08-08,Software,United States,Mid-Market
CU008786,Account 008786,2023-04-04,Finance,Canada,Enterprise
CU008787,Account 008787,2026-05-07,Healthcare,Germany,Mid-Market
CU008788,Account 008788,2025-11-03,Finance,United Kingdom,Enterprise
CU008789,Account 008789,2025-08-02,Software,United States,Mid-Market
CU008790,Account 008790,2026-01-14,Manufacturing,Singapore,SMB
CU008791,Account 008791,2023-04-09,Professional Services,Canada,Mid-Market
CU008792,Account 008792,2024-02-21,Manufacturing,United Kingdom,Enterprise
CU008793,Account 008793,2024-08-27,Healthcare,Canada,Mid-Market
CU008794,Account 008794,2022-05-08,Professional Services,United Kingdom,Mid-Market
CU008795,Account 008795,2026-01-15,Software,Canada,Enterprise
CU008796,Account 008796,2025-09-30,Manufacturing,Canada,Mid-Market
CU008797,Account 008797,2022-06-28,Professional Services,United Kingdom,Mid-Market
CU008798,Account 008798,2026-04-06,Software,Australia,SMB
CU008799,Account 008799,2023-02-22,Education,Canada,SMB
CU008800,Account 008800,2026-03-24,Retail,Canada,Enterprise
CU008801,Account 008801,2025-06-22,Healthcare,Germany,Enterprise
CU008802,Account 008802,2023-11-23,Finance,Singapore,Mid-Market
CU008803,Account 008803,2022-07-15,Finance,Australia,Enterprise
CU008804,Account 008804,2022-11-02,Healthcare,Singapore,Mid-Market
CU008805,Account 008805,2022-07-11,Software,United Kingdom,SMB
CU008806,Account 008806,2024-06-29,Software,Singapore,Enterprise
CU008807,Account 008807,2023-04-25,Education,Germany,SMB
CU008808,Account 008808,2023-09-12,Retail,Germany,SMB
CU008809,Account 008809,2023-01-28,Education,Australia,Enterprise
CU008810,Account 008810,2023-10-17,Retail,United Kingdom,SMB
CU008811,Account 008811,2025-07-01,Healthcare,Australia,Mid-Market
CU008812,Account 008812,2024-12-14,Healthcare,Singapore,SMB
CU008813,Account 008813,2026-04-26,Healthcare,Australia,SMB
CU008814,Account 008814,2025-02-28,Education,United Kingdom,Mid-Market
CU008815,Account 008815,2022-05-07,Retail,United States,Mid-Market
CU008816,Account 008816,2025-12-15,Healthcare,United Kingdom,Enterprise
CU008817,Account 008817,2025-07-20,Education,Singapore,SMB
CU008818,Account 008818,2022-09-23,Education,Singapore,Mid-Market
CU008819,Account 008819,2023-08-21,Professional Services,Singapore,Enterprise
CU008820,Account 008820,2025-04-28,Education,Canada,Enterprise
CU008821,Account 008821,2023-04-28,Professional Services,United Kingdom,Mid-Market
CU008822,Account 008822,2022-02-26,Professional Services,United States,Enterprise
CU008823,Account 008823,2023-11-11,Finance,United Kingdom,SMB
CU008824,Account 008824,2026-01-20,Retail,Germany,Mid-Market
CU008825,Account 008825,2026-02-12,Education,Australia,SMB
CU008826,Account 008826,2023-07-13,Finance,United States,Mid-Market
CU008827,Account 008827,2023-03-28,Healthcare,Singapore,Enterprise
CU008828,Account 008828,2022-09-05,Healthcare,Canada,Mid-Market
CU008829,Account 008829,2022-09-05,Retail,United Kingdom,SMB
CU008830,Account 008830,2023-10-22,Healthcare,United Kingdom,Enterprise
CU008831,Account 008831,2023-07-04,Software,United Kingdom,Enterprise
CU008832,Account 008832,2024-07-10,Finance,United Kingdom,Enterprise
CU008833,Account 008833,2023-05-11,Education,United States,Enterprise
CU008834,Account 008834,2022-01-12,Software,United Kingdom,SMB
CU008835,Account 008835,2023-09-02,Finance,Canada,Enterprise
CU008836,Account 008836,2026-06-15,Healthcare,United Kingdom,Enterprise
CU008837,Account 008837,2023-12-16,Finance,Germany,SMB
CU008838,Account 008838,2024-04-01,Healthcare,United Kingdom,Mid-Market
CU008839,Account 008839,2024-03-04,Retail,United Kingdom,Mid-Market
CU008840,Account 008840,2025-09-28,Finance,Germany,SMB
CU008841,Account 008841,2023-07-22,Healthcare,Singapore,Mid-Market
CU008842,Account 008842,2022-04-21,Healthcare,United Kingdom,SMB
CU008843,Account 008843,2024-06-26,Retail,United States,SMB
CU008844,Account 008844,2025-07-14,Retail,Singapore,Enterprise
CU008845,Account 008845,2022-07-28,Manufacturing,United States,SMB
CU008846,Account 008846,2023-04-10,Manufacturing,Australia,Enterprise
CU008847,Account 008847,2024-12-19,Healthcare,Germany,Mid-Market
CU008848,Account 008848,2024-01-26,Software,United States,SMB
CU008849,Account 008849,2024-10-10,Professional Services,United States,Enterprise
CU008850,Account 008850,2026-02-20,Software,Germany,Enterprise
CU008851,Account 008851,2023-01-19,Healthcare,United States,SMB
CU008852,Account 008852,2026-02-14,Healthcare,Singapore,Enterprise
CU008853,Account 008853,2022-11-30,Finance,Singapore,Mid-Market
CU008854,Account 008854,2025-02-23,Finance,United States,Mid-Market
CU008855,Account 008855,2022-06-27,Software,United States,SMB
CU008856,Account 008856,2026-02-14,Healthcare,United Kingdom,SMB
CU008857,Account 008857,2025-10-26,Manufacturing,Germany,Enterprise
CU008858,Account 008858,2022-02-13,Manufacturing,United States,Mid-Market
CU008859,Account 008859,2023-01-08,Retail,United Kingdom,Enterprise
CU008860,Account 008860,2026-04-21,Retail,Singapore,Mid-Market
CU008861,Account 008861,2024-12-31,Manufacturing,Canada,SMB
CU008862,Account 008862,2024-11-18,Manufacturing,Singapore,Mid-Market
CU008863,Account 008863,2025-02-24,Education,Singapore,Enterprise
CU008864,Account 008864,2024-10-15,Professional Services,United Kingdom,SMB
CU008865,Account 008865,2026-05-17,Finance,Germany,SMB
CU008866,Account 008866,2023-10-22,Professional Services,Australia,Mid-Market
CU008867,Account 008867,2024-10-18,Professional Services,United Kingdom,Mid-Market
CU008868,Account 008868,2025-07-05,Healthcare,United States,Enterprise
CU008869,Account 008869,2024-11-13,Manufacturing,Australia,Mid-Market
CU008870,Account 008870,2023-04-25,Education,Canada,SMB
CU008871,Account 008871,2026-03-27,Finance,Singapore,Enterprise
CU008872,Account 008872,2026-01-06,Finance,Australia,Enterprise
CU008873,Account 008873,2025-08-12,Finance,United States,SMB
CU008874,Account 008874,2023-12-10,Manufacturing,Singapore,SMB
CU008875,Account 008875,2025-07-06,Professional Services,Australia,Mid-Market
CU008876,Account 008876,2025-12-08,Retail,Canada,Enterprise
CU008877,Account 008877,2024-04-30,Education,Germany,SMB
CU008878,Account 008878,2025-08-29,Manufacturing,United Kingdom,Enterprise
CU008879,Account 008879,2023-03-13,Retail,United Kingdom,SMB
CU008880,Account 008880,2026-06-10,Retail,Australia,SMB
CU008881,Account 008881,2026-05-20,Manufacturing,Canada,SMB
CU008882,Account 008882,2025-09-09,Healthcare,Canada,SMB
CU008883,Account 008883,2025-07-29,Software,Germany,Mid-Market
CU008884,Account 008884,2023-10-06,Finance,Australia,SMB
CU008885,Account 008885,2024-02-24,Manufacturing,Singapore,Mid-Market
CU008886,Account 008886,2025-03-02,Education,Canada,SMB
CU008887,Account 008887,2022-11-27,Software,Singapore,SMB
CU008888,Account 008888,2022-05-22,Education,Australia,SMB
CU008889,Account 008889,2026-01-08,Retail,Australia,Mid-Market
CU008890,Account 008890,2023-12-23,Manufacturing,Singapore,Mid-Market
CU008891,Account 008891,2022-10-20,Healthcare,United States,Enterprise
CU008892,Account 008892,2024-08-14,Software,Australia,Enterprise
CU008893,Account 008893,2024-01-05,Education,Australia,Mid-Market
CU008894,Account 008894,2022-06-17,Education,United States,SMB
CU008895,Account 008895,2024-03-01,Manufacturing,Canada,SMB
CU008896,Account 008896,2025-10-30,Education,Australia,SMB
CU008897,Account 008897,2022-03-23,Retail,Canada,Mid-Market
CU008898,Account 008898,2023-11-12,Education,United Kingdom,Enterprise
CU008899,Account 008899,2026-05-16,Professional Services,United Kingdom,Enterprise
CU008900,Account 008900,2026-01-10,Retail,Singapore,SMB
CU008901,Account 008901,2024-02-03,Software,Canada,Mid-Market
CU008902,Account 008902,2022-04-27,Healthcare,United States,Enterprise
CU008903,Account 008903,2024-10-20,Professional Services,United Kingdom,SMB
CU008904,Account 008904,2023-11-01,Healthcare,United States,Mid-Market
CU008905,Account 008905,2023-09-20,Professional Services,Canada,Mid-Market
CU008906,Account 008906,2025-06-26,Healthcare,Germany,SMB
CU008907,Account 008907,2022-07-11,Healthcare,Australia,SMB
CU008908,Account 008908,2022-10-07,Retail,Australia,SMB
CU008909,Account 008909,2025-04-21,Finance,United Kingdom,Mid-Market
CU008910,Account 008910,2025-03-21,Manufacturing,Germany,Enterprise
CU008911,Account 008911,2026-05-28,Professional Services,United States,SMB
CU008912,Account 008912,2024-05-31,Software,Canada,Mid-Market
CU008913,Account 008913,2026-04-10,Software,United Kingdom,SMB
CU008914,Account 008914,2025-07-14,Professional Services,United Kingdom,Mid-Market
CU008915,Account 008915,2023-11-19,Professional Services,Australia,Mid-Market
CU008916,Account 008916,2022-05-13,Retail,Canada,Enterprise
CU008917,Account 008917,2026-04-30,Education,United Kingdom,SMB
CU008918,Account 008918,2026-04-24,Healthcare,Singapore,SMB
CU008919,Account 008919,2025-12-20,Software,Canada,Enterprise
CU008920,Account 008920,2025-12-02,Professional Services,Singapore,Enterprise
CU008921,Account 008921,2022-09-08,Retail,United States,Enterprise
CU008922,Account 008922,2023-10-21,Healthcare,Singapore,SMB
CU008923,Account 008923,2025-07-11,Finance,Canada,SMB
CU008924,Account 008924,2026-03-13,Professional Services,United Kingdom,Mid-Market
CU008925,Account 008925,2024-11-20,Manufacturing,United States,SMB
CU008926,Account 008926,2025-08-23,Manufacturing,Australia,Enterprise
CU008927,Account 008927,2024-09-22,Education,Canada,Enterprise
CU008928,Account 008928,2024-12-22,Software,Canada,Enterprise
CU008929,Account 008929,2022-12-08,Education,United Kingdom,Mid-Market
CU008930,Account 008930,2025-10-27,Manufacturing,Singapore,Enterprise
CU008931,Account 008931,2024-09-15,Professional Services,Canada,SMB
CU008932,Account 008932,2026-04-21,Finance,United Kingdom,Mid-Market
CU008933,Account 008933,2022-01-27,Education,United States,Enterprise
CU008934,Account 008934,2025-05-18,Software,Germany,Enterprise
CU008935,Account 008935,2025-01-26,Manufacturing,United States,Mid-Market
CU008936,Account 008936,2024-04-07,Retail,Germany,Mid-Market
CU008937,Account 008937,2023-02-16,Healthcare,Canada,Enterprise
CU008938,Account 008938,2026-04-23,Education,United Kingdom,Enterprise
CU008939,Account 008939,2025-10-12,Retail,Canada,Enterprise
CU008940,Account 008940,2025-03-01,Finance,United States,SMB
CU008941,Account 008941,2024-09-08,Professional Services,United States,Mid-Market
CU008942,Account 008942,2026-04-23,Healthcare,Canada,Enterprise
CU008943,Account 008943,2023-01-20,Professional Services,United States,SMB
CU008944,Account 008944,2025-06-28,Healthcare,Singapore,SMB
CU008945,Account 008945,2026-03-25,Healthcare,Canada,Mid-Market
CU008946,Account 008946,2024-04-28,Education,United States,Enterprise
CU008947,Account 008947,2024-02-27,Retail,Canada,SMB
CU008948,Account 008948,2024-10-16,Education,United Kingdom,Mid-Market
CU008949,Account 008949,2023-12-06,Education,United States,Mid-Market
CU008950,Account 008950,2023-11-04,Healthcare,United Kingdom,SMB
CU008951,Account 008951,2025-05-27,Finance,Germany,Mid-Market
CU008952,Account 008952,2024-09-25,Software,United Kingdom,SMB
CU008953,Account 008953,2026-05-18,Software,United Kingdom,Enterprise
CU008954,Account 008954,2025-12-11,Software,United States,SMB
CU008955,Account 008955,2025-07-01,Finance,Singapore,SMB
CU008956,Account 008956,2022-06-29,Retail,Canada,Enterprise
CU008957,Account 008957,2023-04-19,Education,Australia,Enterprise
CU008958,Account 008958,2025-01-25,Education,Singapore,Enterprise
CU008959,Account 008959,2026-06-14,Software,Australia,SMB
CU008960,Account 008960,2023-09-04,Healthcare,Canada,Enterprise
CU008961,Account 008961,2024-10-20,Healthcare,Australia,Enterprise
CU008962,Account 008962,2023-03-18,Education,Australia,SMB
CU008963,Account 008963,2024-01-15,Retail,Germany,Enterprise
CU008964,Account 008964,2024-08-13,Software,Australia,SMB
CU008965,Account 008965,2023-05-17,Finance,Singapore,Mid-Market
CU008966,Account 008966,2024-05-16,Finance,Canada,Enterprise
CU008967,Account 008967,2023-02-20,Professional Services,Singapore,SMB
CU008968,Account 008968,2022-10-12,Education,Australia,SMB
CU008969,Account 008969,2025-03-19,Finance,United States,Enterprise
CU008970,Account 008970,2023-10-31,Manufacturing,Australia,SMB
CU008971,Account 008971,2024-11-09,Education,United Kingdom,Enterprise
CU008972,Account 008972,2023-09-14,Healthcare,Canada,Mid-Market
CU008973,Account 008973,2024-09-29,Education,Canada,Mid-Market
CU008974,Account 008974,2025-10-23,Retail,Australia,Mid-Market
CU008975,Account 008975,2024-03-22,Professional Services,United States,Enterprise
CU008976,Account 008976,2022-12-04,Healthcare,Canada,Mid-Market
CU008977,Account 008977,2026-05-04,Retail,United States,Enterprise
CU008978,Account 008978,2023-08-02,Healthcare,Australia,Enterprise
CU008979,Account 008979,2022-09-13,Finance,Germany,SMB
CU008980,Account 008980,2026-03-09,Software,United Kingdom,SMB
CU008981,Account 008981,2023-03-03,Finance,Germany,Mid-Market
CU008982,Account 008982,2023-08-01,Manufacturing,Singapore,Mid-Market
CU008983,Account 008983,2025-12-13,Education,United States,Mid-Market
CU008984,Account 008984,2023-09-10,Retail,United Kingdom,SMB
CU008985,Account 008985,2025-07-07,Healthcare,Canada,Enterprise
CU008986,Account 008986,2024-12-01,Professional Services,Germany,SMB
CU008987,Account 008987,2023-06-27,Software,Singapore,Enterprise
CU008988,Account 008988,2025-09-22,Education,Germany,SMB
CU008989,Account 008989,2023-12-18,Finance,Australia,SMB
CU008990,Account 008990,2022-07-29,Professional Services,Germany,Enterprise
CU008991,Account 008991,2025-02-26,Software,Australia,Enterprise
CU008992,Account 008992,2022-07-20,Education,United States,Mid-Market
CU008993,Account 008993,2025-10-31,Finance,Germany,Enterprise
CU008994,Account 008994,2024-11-05,Finance,United States,Mid-Market
CU008995,Account 008995,2025-01-31,Healthcare,Canada,Enterprise
CU008996,Account 008996,2026-05-22,Education,Germany,SMB
CU008997,Account 008997,2025-12-31,Retail,Germany,SMB
CU008998,Account 008998,2026-02-23,Education,Australia,Enterprise
CU008999,Account 008999,2023-12-06,Finance,Australia,Enterprise
CU009000,Account 009000,2022-08-28,Professional Services,Germany,Mid-Market
CU009001,Account 009001,2024-12-04,Manufacturing,Australia,Enterprise
CU009002,Account 009002,2023-11-30,Education,Canada,SMB
CU009003,Account 009003,2025-07-15,Manufacturing,United Kingdom,Enterprise
CU009004,Account 009004,2026-02-16,Software,United States,Mid-Market
CU009005,Account 009005,2025-07-05,Healthcare,Canada,Enterprise
CU009006,Account 009006,2022-05-31,Healthcare,United States,Mid-Market
CU009007,Account 009007,2026-03-20,Professional Services,Germany,Mid-Market
CU009008,Account 009008,2023-07-26,Professional Services,Germany,Mid-Market
CU009009,Account 009009,2022-03-05,Retail,Germany,Enterprise
CU009010,Account 009010,2025-05-19,Healthcare,Singapore,SMB
CU009011,Account 009011,2025-10-06,Professional Services,Germany,Enterprise
CU009012,Account 009012,2025-06-14,Manufacturing,United States,SMB
CU009013,Account 009013,2023-02-16,Education,Canada,SMB
CU009014,Account 009014,2023-01-18,Education,Germany,SMB
CU009015,Account 009015,2025-11-08,Software,United Kingdom,Mid-Market
CU009016,Account 009016,2024-07-26,Healthcare,United Kingdom,SMB
CU009017,Account 009017,2023-04-09,Healthcare,Canada,Mid-Market
CU009018,Account 009018,2024-11-12,Education,Canada,Mid-Market
CU009019,Account 009019,2025-09-14,Professional Services,Canada,SMB
CU009020,Account 009020,2024-06-23,Retail,Australia,SMB
CU009021,Account 009021,2026-05-04,Software,United States,Mid-Market
CU009022,Account 009022,2023-09-29,Manufacturing,United Kingdom,Enterprise
CU009023,Account 009023,2024-10-07,Software,United States,Mid-Market
CU009024,Account 009024,2024-12-25,Education,Singapore,Mid-Market
CU009025,Account 009025,2025-06-13,Retail,Germany,Enterprise
CU009026,Account 009026,2024-03-10,Manufacturing,Germany,SMB
CU009027,Account 009027,2022-04-07,Manufacturing,United States,Enterprise
CU009028,Account 009028,2024-06-05,Healthcare,Singapore,SMB
CU009029,Account 009029,2024-07-13,Healthcare,Germany,Enterprise
CU009030,Account 009030,2023-12-20,Retail,United States,Mid-Market
CU009031,Account 009031,2025-07-12,Education,Canada,Enterprise
CU009032,Account 009032,2022-07-17,Education,Canada,Mid-Market
CU009033,Account 009033,2023-10-28,Healthcare,United States,Mid-Market
CU009034,Account 009034,2022-02-23,Professional Services,Germany,SMB
CU009035,Account 009035,2025-04-10,Education,United Kingdom,SMB
CU009036,Account 009036,2025-01-03,Healthcare,United Kingdom,SMB
CU009037,Account 009037,2024-05-05,Manufacturing,Singapore,SMB
CU009038,Account 009038,2023-06-10,Retail,Singapore,SMB
CU009039,Account 009039,2024-03-19,Finance,Canada,Enterprise
CU009040,Account 009040,2022-08-29,Software,Singapore,SMB
CU009041,Account 009041,2022-06-24,Finance,United Kingdom,Mid-Market
CU009042,Account 009042,2026-01-23,Finance,Singapore,SMB
CU009043,Account 009043,2025-07-03,Healthcare,Canada,SMB
CU009044,Account 009044,2024-01-05,Professional Services,United Kingdom,Mid-Market
CU009045,Account 009045,2024-02-14,Retail,Australia,SMB
CU009046,Account 009046,2025-01-27,Manufacturing,United States,Mid-Market
CU009047,Account 009047,2022-05-16,Healthcare,Canada,Enterprise
CU009048,Account 009048,2023-08-12,Retail,United States,SMB
CU009049,Account 009049,2025-01-28,Manufacturing,Singapore,SMB
CU009050,Account 009050,2022-02-16,Manufacturing,United Kingdom,Mid-Market
CU009051,Account 009051,2022-09-14,Finance,Singapore,SMB
CU009052,Account 009052,2024-01-30,Healthcare,United Kingdom,Mid-Market
CU009053,Account 009053,2026-02-21,Retail,United Kingdom,Enterprise
CU009054,Account 009054,2023-07-03,Retail,Australia,Mid-Market
CU009055,Account 009055,2023-05-27,Software,United States,Enterprise
CU009056,Account 009056,2023-06-09,Healthcare,Australia,Enterprise
CU009057,Account 009057,2023-08-24,Retail,United Kingdom,Enterprise
CU009058,Account 009058,2025-11-07,Retail,United Kingdom,SMB
CU009059,Account 009059,2025-03-09,Finance,Singapore,Enterprise
CU009060,Account 009060,2022-10-06,Education,Canada,Enterprise
CU009061,Account 009061,2025-07-25,Manufacturing,Australia,Enterprise
CU009062,Account 009062,2025-09-12,Retail,United States,SMB
CU009063,Account 009063,2022-12-27,Education,Australia,Mid-Market
CU009064,Account 009064,2023-07-09,Education,Australia,Enterprise
CU009065,Account 009065,2022-01-06,Software,Australia,SMB
CU009066,Account 009066,2026-01-08,Finance,Singapore,Enterprise
CU009067,Account 009067,2026-05-28,Software,United States,Mid-Market
CU009068,Account 009068,2022-11-09,Finance,United States,Mid-Market
CU009069,Account 009069,2023-12-17,Manufacturing,Germany,Enterprise
CU009070,Account 009070,2023-06-26,Education,Australia,Mid-Market
CU009071,Account 009071,2025-07-24,Retail,Singapore,Mid-Market
CU009072,Account 009072,2025-07-15,Education,United Kingdom,SMB
CU009073,Account 009073,2024-10-23,Manufacturing,United Kingdom,Mid-Market
CU009074,Account 009074,2025-07-03,Manufacturing,Singapore,Mid-Market
CU009075,Account 009075,2022-05-08,Retail,Canada,SMB
CU009076,Account 009076,2023-02-09,Finance,Australia,Enterprise
CU009077,Account 009077,2026-05-24,Professional Services,Germany,Enterprise
CU009078,Account 009078,2023-09-28,Manufacturing,United Kingdom,Enterprise
CU009079,Account 009079,2025-03-20,Finance,United States,SMB
CU009080,Account 009080,2024-01-14,Professional Services,Germany,Enterprise
CU009081,Account 009081,2024-12-25,Healthcare,United States,SMB
CU009082,Account 009082,2023-08-04,Manufacturing,Canada,Enterprise
CU009083,Account 009083,2024-12-12,Manufacturing,Canada,Mid-Market
CU009084,Account 009084,2024-01-22,Manufacturing,Germany,Mid-Market
CU009085,Account 009085,2025-02-13,Finance,Australia,Mid-Market
CU009086,Account 009086,2023-08-25,Software,Singapore,Mid-Market
CU009087,Account 009087,2024-01-08,Software,Singapore,Mid-Market
CU009088,Account 009088,2024-08-26,Finance,Germany,Enterprise
CU009089,Account 009089,2025-04-26,Software,Australia,Enterprise
CU009090,Account 009090,2022-08-17,Professional Services,Germany,Mid-Market
CU009091,Account 009091,2023-12-21,Education,Australia,Enterprise
CU009092,Account 009092,2022-05-05,Retail,Germany,Enterprise
CU009093,Account 009093,2023-02-21,Professional Services,Singapore,SMB
CU009094,Account 009094,2025-01-19,Healthcare,United States,SMB
CU009095,Account 009095,2025-10-01,Education,Australia,SMB
CU009096,Account 009096,2022-05-10,Retail,Germany,SMB
CU009097,Account 009097,2025-03-26,Finance,United Kingdom,SMB
CU009098,Account 009098,2026-03-03,Professional Services,Singapore,Mid-Market
CU009099,Account 009099,2025-05-23,Retail,Australia,Enterprise
CU009100,Account 009100,2026-05-03,Healthcare,United Kingdom,Enterprise
CU009101,Account 009101,2024-09-19,Education,United Kingdom,SMB
CU009102,Account 009102,2026-05-27,Retail,United Kingdom,Enterprise
CU009103,Account 009103,2025-04-25,Education,Singapore,Mid-Market
CU009104,Account 009104,2026-06-21,Education,Australia,Mid-Market
CU009105,Account 009105,2025-05-01,Healthcare,Singapore,Mid-Market
CU009106,Account 009106,2022-03-03,Finance,United States,Enterprise
CU009107,Account 009107,2025-08-03,Healthcare,Singapore,Mid-Market
CU009108,Account 009108,2026-01-27,Retail,Singapore,Mid-Market
CU009109,Account 009109,2026-02-27,Retail,Australia,Enterprise
CU009110,Account 009110,2023-01-16,Healthcare,Australia,Enterprise
CU009111,Account 009111,2023-12-01,Education,Germany,SMB
CU009112,Account 009112,2023-09-12,Healthcare,United Kingdom,Mid-Market
CU009113,Account 009113,2023-04-01,Healthcare,United States,Mid-Market
CU009114,Account 009114,2026-06-04,Manufacturing,Canada,SMB
CU009115,Account 009115,2025-01-02,Professional Services,Germany,Mid-Market
CU009116,Account 009116,2022-06-06,Retail,Germany,SMB
CU009117,Account 009117,2023-05-26,Finance,United Kingdom,Mid-Market
CU009118,Account 009118,2025-06-20,Finance,Germany,Enterprise
CU009119,Account 009119,2024-12-14,Software,Australia,SMB
CU009120,Account 009120,2026-05-03,Retail,Germany,Enterprise
CU009121,Account 009121,2023-11-07,Healthcare,Australia,Enterprise
CU009122,Account 009122,2023-10-18,Manufacturing,United States,Enterprise
CU009123,Account 009123,2024-01-29,Software,Germany,Mid-Market
CU009124,Account 009124,2022-09-18,Healthcare,Germany,Mid-Market
CU009125,Account 009125,2025-06-23,Retail,Canada,Enterprise
CU009126,Account 009126,2022-12-10,Professional Services,Australia,Enterprise
CU009127,Account 009127,2022-07-02,Software,Canada,SMB
CU009128,Account 009128,2025-09-03,Manufacturing,Canada,Enterprise
CU009129,Account 009129,2024-09-25,Healthcare,United States,SMB
CU009130,Account 009130,2024-09-12,Retail,United States,Enterprise
CU009131,Account 009131,2025-08-27,Manufacturing,Australia,Enterprise
CU009132,Account 009132,2023-12-08,Professional Services,Germany,Enterprise
CU009133,Account 009133,2026-02-10,Professional Services,Germany,Enterprise
CU009134,Account 009134,2024-08-06,Healthcare,Germany,SMB
CU009135,Account 009135,2025-05-08,Retail,Australia,Enterprise
CU009136,Account 009136,2024-03-27,Professional Services,Singapore,Mid-Market
CU009137,Account 009137,2022-03-20,Software,United States,SMB
CU009138,Account 009138,2022-04-14,Retail,Germany,SMB
CU009139,Account 009139,2024-11-01,Education,United States,Mid-Market
CU009140,Account 009140,2024-01-16,Professional Services,United Kingdom,Mid-Market
CU009141,Account 009141,2024-09-05,Retail,Canada,SMB
CU009142,Account 009142,2026-06-30,Education,Australia,Enterprise
CU009143,Account 009143,2022-11-30,Manufacturing,Australia,Mid-Market
CU009144,Account 009144,2024-02-24,Professional Services,United States,SMB
CU009145,Account 009145,2024-09-07,Finance,Germany,SMB
CU009146,Account 009146,2022-01-12,Professional Services,United States,Mid-Market
CU009147,Account 009147,2023-09-28,Healthcare,Canada,Mid-Market
CU009148,Account 009148,2025-12-08,Professional Services,United States,Enterprise
CU009149,Account 009149,2025-12-29,Finance,Canada,Mid-Market
CU009150,Account 009150,2023-10-10,Retail,Singapore,SMB
CU009151,Account 009151,2024-01-01,Software,Australia,SMB
CU009152,Account 009152,2025-01-25,Software,United States,Mid-Market
CU009153,Account 009153,2024-05-25,Retail,United States,Enterprise
CU009154,Account 009154,2025-02-13,Education,Germany,Enterprise
CU009155,Account 009155,2025-05-27,Professional Services,Singapore,Enterprise
CU009156,Account 009156,2024-10-01,Retail,Singapore,Mid-Market
CU009157,Account 009157,2022-03-18,Professional Services,United Kingdom,Mid-Market
CU009158,Account 009158,2024-09-24,Professional Services,Australia,SMB
CU009159,Account 009159,2026-03-26,Professional Services,Singapore,SMB
CU009160,Account 009160,2022-10-19,Finance,Australia,Mid-Market
CU009161,Account 009161,2023-11-05,Manufacturing,Canada,SMB
CU009162,Account 009162,2022-10-07,Manufacturing,United States,Mid-Market
CU009163,Account 009163,2022-07-24,Software,Australia,Mid-Market
CU009164,Account 009164,2024-05-15,Professional Services,United Kingdom,Mid-Market
CU009165,Account 009165,2023-02-15,Finance,Germany,Enterprise
CU009166,Account 009166,2025-05-14,Education,United States,SMB
CU009167,Account 009167,2025-06-23,Professional Services,United States,SMB
CU009168,Account 009168,2025-04-21,Healthcare,Germany,SMB
CU009169,Account 009169,2024-01-31,Software,United Kingdom,SMB
CU009170,Account 009170,2022-08-21,Software,Canada,Enterprise
CU009171,Account 009171,2025-02-27,Healthcare,Canada,Enterprise
CU009172,Account 009172,2025-10-14,Healthcare,Canada,Mid-Market
CU009173,Account 009173,2023-03-03,Software,Australia,SMB
CU009174,Account 009174,2024-10-31,Education,Australia,SMB
CU009175,Account 009175,2024-11-06,Retail,Singapore,Mid-Market
CU009176,Account 009176,2023-11-13,Manufacturing,Singapore,SMB
CU009177,Account 009177,2024-02-01,Healthcare,Australia,Mid-Market
CU009178,Account 009178,2022-11-25,Software,Singapore,SMB
CU009179,Account 009179,2025-12-21,Software,United States,Enterprise
CU009180,Account 009180,2022-03-04,Manufacturing,Singapore,SMB
CU009181,Account 009181,2025-03-19,Professional Services,Australia,Mid-Market
CU009182,Account 009182,2022-05-20,Retail,Singapore,SMB
CU009183,Account 009183,2023-11-29,Healthcare,Australia,Enterprise
CU009184,Account 009184,2024-04-12,Healthcare,Singapore,SMB
CU009185,Account 009185,2026-05-07,Manufacturing,Germany,Enterprise
CU009186,Account 009186,2025-11-28,Healthcare,United States,SMB
CU009187,Account 009187,2026-02-22,Software,Singapore,Mid-Market
CU009188,Account 009188,2024-08-11,Software,United Kingdom,SMB
CU009189,Account 009189,2025-03-31,Software,Australia,SMB
CU009190,Account 009190,2026-04-29,Professional Services,United States,Mid-Market
CU009191,Account 009191,2024-10-13,Software,Germany,SMB
CU009192,Account 009192,2026-05-18,Professional Services,Singapore,Enterprise
CU009193,Account 009193,2023-01-11,Manufacturing,Australia,Enterprise
CU009194,Account 009194,2025-06-23,Healthcare,Australia,Mid-Market
CU009195,Account 009195,2024-12-26,Manufacturing,Canada,SMB
CU009196,Account 009196,2024-02-05,Education,Australia,Enterprise
CU009197,Account 009197,2025-05-05,Retail,United Kingdom,Mid-Market
CU009198,Account 009198,2025-08-30,Retail,United Kingdom,Enterprise
CU009199,Account 009199,2022-11-26,Retail,United Kingdom,SMB
CU009200,Account 009200,2024-03-21,Healthcare,Australia,SMB
CU009201,Account 009201,2024-03-22,Manufacturing,Australia,Enterprise
CU009202,Account 009202,2022-10-04,Healthcare,Singapore,Enterprise
CU009203,Account 009203,2022-08-21,Professional Services,Australia,Enterprise
CU009204,Account 009204,2026-03-07,Healthcare,United States,Mid-Market
CU009205,Account 009205,2024-05-24,Retail,Australia,Enterprise
CU009206,Account 009206,2023-10-05,Retail,Singapore,SMB
CU009207,Account 009207,2023-07-30,Retail,Germany,Mid-Market
CU009208,Account 009208,2025-06-10,Education,Germany,Enterprise
CU009209,Account 009209,2022-08-18,Healthcare,Australia,Enterprise
CU009210,Account 009210,2022-03-19,Healthcare,Australia,SMB
CU009211,Account 009211,2024-09-19,Finance,Canada,Mid-Market
CU009212,Account 009212,2022-05-12,Professional Services,Canada,Enterprise
CU009213,Account 009213,2022-06-15,Manufacturing,United Kingdom,SMB
CU009214,Account 009214,2023-04-14,Professional Services,United Kingdom,Mid-Market
CU009215,Account 009215,2022-06-20,Healthcare,United States,Enterprise
CU009216,Account 009216,2024-01-09,Finance,United States,Mid-Market
CU009217,Account 009217,2025-12-23,Retail,Canada,Mid-Market
CU009218,Account 009218,2022-05-27,Healthcare,Australia,Mid-Market
CU009219,Account 009219,2024-04-21,Professional Services,Singapore,Mid-Market
CU009220,Account 009220,2024-01-29,Manufacturing,Canada,Enterprise
CU009221,Account 009221,2023-08-06,Manufacturing,Germany,Mid-Market
CU009222,Account 009222,2022-06-23,Education,Canada,SMB
CU009223,Account 009223,2023-08-08,Retail,Australia,Enterprise
CU009224,Account 009224,2024-03-02,Professional Services,Singapore,SMB
CU009225,Account 009225,2024-08-14,Finance,Germany,Enterprise
CU009226,Account 009226,2023-06-18,Software,United Kingdom,SMB
CU009227,Account 009227,2022-07-03,Manufacturing,Australia,Mid-Market
CU009228,Account 009228,2023-12-28,Manufacturing,Australia,SMB
CU009229,Account 009229,2024-08-28,Retail,Singapore,Mid-Market
CU009230,Account 009230,2025-10-08,Education,Canada,SMB
CU009231,Account 009231,2024-12-29,Finance,Canada,Mid-Market
CU009232,Account 009232,2022-12-26,Finance,Germany,SMB
CU009233,Account 009233,2024-10-10,Finance,United Kingdom,Mid-Market
CU009234,Account 009234,2023-09-25,Healthcare,Australia,Mid-Market
CU009235,Account 009235,2025-10-04,Education,Germany,Mid-Market
CU009236,Account 009236,2024-10-24,Retail,Germany,Mid-Market
CU009237,Account 009237,2024-03-09,Education,Singapore,Enterprise
CU009238,Account 009238,2025-06-04,Software,Canada,Mid-Market
CU009239,Account 009239,2025-09-02,Finance,Australia,Mid-Market
CU009240,Account 009240,2025-01-01,Retail,Germany,Mid-Market
CU009241,Account 009241,2026-04-22,Healthcare,United States,Mid-Market
CU009242,Account 009242,2023-01-16,Healthcare,Canada,Enterprise
CU009243,Account 009243,2023-01-25,Manufacturing,Singapore,Mid-Market
CU009244,Account 009244,2024-10-22,Professional Services,Canada,Mid-Market
CU009245,Account 009245,2025-02-25,Retail,United States,Enterprise
CU009246,Account 009246,2024-03-25,Healthcare,Canada,Mid-Market
CU009247,Account 009247,2022-12-30,Finance,Germany,SMB
CU009248,Account 009248,2025-03-19,Healthcare,United Kingdom,Enterprise
CU009249,Account 009249,2026-04-04,Healthcare,Canada,Mid-Market
CU009250,Account 009250,2023-12-18,Education,Canada,Mid-Market
CU009251,Account 009251,2023-03-10,Finance,Canada,Mid-Market
CU009252,Account 009252,2023-12-20,Finance,Canada,Mid-Market
CU009253,Account 009253,2022-09-02,Software,Singapore,Mid-Market
CU009254,Account 009254,2023-08-19,Software,Germany,SMB
CU009255,Account 009255,2025-11-17,Healthcare,Singapore,Enterprise
CU009256,Account 009256,2024-06-24,Manufacturing,Germany,Mid-Market
CU009257,Account 009257,2023-06-06,Software,Singapore,SMB
CU009258,Account 009258,2023-12-08,Software,Singapore,SMB
CU009259,Account 009259,2024-12-25,Software,Australia,Enterprise
CU009260,Account 009260,2025-05-30,Retail,United States,SMB
CU009261,Account 009261,2022-11-07,Finance,Canada,Enterprise
CU009262,Account 009262,2022-10-21,Professional Services,Singapore,SMB
CU009263,Account 009263,2022-01-06,Retail,Australia,SMB
CU009264,Account 009264,2026-06-18,Finance,Canada,Mid-Market
CU009265,Account 009265,2023-08-11,Finance,United Kingdom,SMB
CU009266,Account 009266,2023-12-02,Healthcare,Singapore,Mid-Market
CU009267,Account 009267,2022-12-05,Finance,Canada,SMB
CU009268,Account 009268,2024-07-26,Finance,Singapore,Mid-Market
CU009269,Account 009269,2023-03-26,Finance,United States,Mid-Market
CU009270,Account 009270,2026-03-28,Education,Canada,Enterprise
CU009271,Account 009271,2026-06-02,Healthcare,Germany,SMB
CU009272,Account 009272,2022-10-13,Manufacturing,Australia,SMB
CU009273,Account 009273,2024-12-04,Finance,United Kingdom,Mid-Market
CU009274,Account 009274,2024-12-25,Manufacturing,United Kingdom,Enterprise
CU009275,Account 009275,2023-05-14,Finance,Canada,Enterprise
CU009276,Account 009276,2025-02-12,Education,United States,Mid-Market
CU009277,Account 009277,2023-02-01,Software,United Kingdom,Mid-Market
CU009278,Account 009278,2023-10-21,Manufacturing,Australia,Enterprise
CU009279,Account 009279,2022-03-13,Software,Singapore,Enterprise
CU009280,Account 009280,2024-06-25,Retail,Germany,Enterprise
CU009281,Account 009281,2025-07-05,Healthcare,Germany,SMB
CU009282,Account 009282,2025-05-22,Healthcare,Singapore,Enterprise
CU009283,Account 009283,2023-12-22,Finance,Singapore,Mid-Market
CU009284,Account 009284,2024-11-30,Finance,Canada,Mid-Market
CU009285,Account 009285,2026-01-20,Healthcare,Germany,SMB
CU009286,Account 009286,2025-11-21,Retail,Germany,SMB
CU009287,Account 009287,2025-08-01,Retail,Singapore,SMB
CU009288,Account 009288,2022-11-24,Finance,Singapore,Enterprise
CU009289,Account 009289,2023-10-25,Professional Services,United Kingdom,SMB
CU009290,Account 009290,2022-08-15,Professional Services,United States,SMB
CU009291,Account 009291,2023-10-05,Finance,Singapore,Mid-Market
CU009292,Account 009292,2023-10-05,Manufacturing,United States,SMB
CU009293,Account 009293,2023-03-21,Finance,Canada,Mid-Market
CU009294,Account 009294,2026-05-11,Professional Services,Canada,Enterprise
CU009295,Account 009295,2025-09-20,Professional Services,Australia,Enterprise
CU009296,Account 009296,2022-08-01,Professional Services,Canada,Enterprise
CU009297,Account 009297,2024-07-14,Manufacturing,United Kingdom,Enterprise
CU009298,Account 009298,2025-08-03,Manufacturing,Canada,Enterprise
CU009299,Account 009299,2022-07-26,Education,Singapore,Enterprise
CU009300,Account 009300,2023-06-10,Finance,Australia,SMB
CU009301,Account 009301,2022-06-14,Finance,United States,Enterprise
CU009302,Account 009302,2022-10-20,Finance,Germany,SMB
CU009303,Account 009303,2025-02-17,Professional Services,United Kingdom,Mid-Market
CU009304,Account 009304,2024-02-21,Education,Singapore,Enterprise
CU009305,Account 009305,2022-05-18,Retail,United Kingdom,SMB
CU009306,Account 009306,2023-12-21,Education,Australia,Enterprise
CU009307,Account 009307,2024-07-27,Manufacturing,Singapore,Mid-Market
CU009308,Account 009308,2022-04-22,Retail,United States,Enterprise
CU009309,Account 009309,2026-03-17,Professional Services,Australia,Enterprise
CU009310,Account 009310,2025-07-16,Manufacturing,United Kingdom,Enterprise
CU009311,Account 009311,2023-09-20,Finance,Canada,SMB
CU009312,Account 009312,2022-01-27,Healthcare,United Kingdom,SMB
CU009313,Account 009313,2026-05-20,Retail,Singapore,Mid-Market
CU009314,Account 009314,2025-08-11,Manufacturing,United Kingdom,SMB
CU009315,Account 009315,2024-01-22,Education,Canada,Mid-Market
CU009316,Account 009316,2025-01-16,Healthcare,Canada,Mid-Market
CU009317,Account 009317,2025-02-05,Software,United Kingdom,Mid-Market
CU009318,Account 009318,2023-12-24,Manufacturing,United Kingdom,Enterprise
CU009319,Account 009319,2026-04-16,Professional Services,Germany,Mid-Market
CU009320,Account 009320,2023-03-19,Finance,United States,SMB
CU009321,Account 009321,2022-01-07,Healthcare,Singapore,Enterprise
CU009322,Account 009322,2022-07-28,Retail,Singapore,Mid-Market
CU009323,Account 009323,2022-05-12,Education,Germany,Enterprise
CU009324,Account 009324,2024-10-30,Software,Singapore,SMB
CU009325,Account 009325,2022-07-14,Professional Services,Canada,SMB
CU009326,Account 009326,2026-01-19,Software,Canada,Enterprise
CU009327,Account 009327,2022-09-04,Manufacturing,Canada,SMB
CU009328,Account 009328,2022-06-17,Manufacturing,Canada,SMB
CU009329,Account 009329,2025-12-21,Education,Singapore,Enterprise
CU009330,Account 009330,2025-04-08,Professional Services,United Kingdom,SMB
CU009331,Account 009331,2025-10-28,Professional Services,United States,SMB
CU009332,Account 009332,2025-09-19,Finance,Singapore,SMB
CU009333,Account 009333,2022-02-15,Manufacturing,Germany,Mid-Market
CU009334,Account 009334,2024-11-10,Healthcare,United Kingdom,SMB
CU009335,Account 009335,2022-08-05,Finance,Australia,Enterprise
CU009336,Account 009336,2025-08-07,Professional Services,Australia,SMB
CU009337,Account 009337,2023-12-19,Finance,Australia,Enterprise
CU009338,Account 009338,2025-01-12,Education,United States,Mid-Market
CU009339,Account 009339,2025-08-27,Manufacturing,United States,Mid-Market
CU009340,Account 009340,2022-06-22,Professional Services,Australia,Mid-Market
CU009341,Account 009341,2024-06-30,Professional Services,Canada,SMB
CU009342,Account 009342,2023-03-10,Manufacturing,United States,Mid-Market
CU009343,Account 009343,2022-10-28,Education,Canada,SMB
CU009344,Account 009344,2022-02-21,Software,Canada,Enterprise
CU009345,Account 009345,2025-01-09,Healthcare,Canada,Mid-Market
CU009346,Account 009346,2023-05-13,Software,United States,Mid-Market
CU009347,Account 009347,2024-11-14,Retail,United Kingdom,SMB
CU009348,Account 009348,2026-02-20,Retail,Australia,SMB
CU009349,Account 009349,2024-01-26,Healthcare,Singapore,Mid-Market
CU009350,Account 009350,2022-03-08,Finance,United States,Enterprise
CU009351,Account 009351,2025-11-02,Manufacturing,United Kingdom,Enterprise
CU009352,Account 009352,2022-09-15,Finance,Singapore,Enterprise
CU009353,Account 009353,2022-01-15,Education,Canada,SMB
CU009354,Account 009354,2023-09-19,Professional Services,United Kingdom,SMB
CU009355,Account 009355,2023-04-05,Finance,Canada,Mid-Market
CU009356,Account 009356,2026-02-28,Healthcare,United States,Enterprise
CU009357,Account 009357,2024-05-02,Education,Canada,Enterprise
CU009358,Account 009358,2022-12-23,Professional Services,United Kingdom,SMB
CU009359,Account 009359,2022-12-15,Retail,Australia,Mid-Market
CU009360,Account 009360,2025-06-20,Healthcare,Australia,SMB
CU009361,Account 009361,2023-05-04,Manufacturing,Canada,SMB
CU009362,Account 009362,2025-11-18,Manufacturing,United Kingdom,SMB
CU009363,Account 009363,2025-05-21,Finance,United Kingdom,SMB
CU009364,Account 009364,2022-10-03,Finance,Germany,Enterprise
CU009365,Account 009365,2025-07-28,Manufacturing,Singapore,Enterprise
CU009366,Account 009366,2022-10-17,Software,United Kingdom,SMB
CU009367,Account 009367,2022-12-22,Healthcare,United States,Enterprise
CU009368,Account 009368,2023-06-23,Manufacturing,Germany,Mid-Market
CU009369,Account 009369,2024-10-13,Software,United Kingdom,Enterprise
CU009370,Account 009370,2024-11-27,Retail,Germany,Enterprise
CU009371,Account 009371,2022-02-12,Education,Singapore,SMB
CU009372,Account 009372,2024-08-21,Retail,Germany,Enterprise
CU009373,Account 009373,2022-02-07,Finance,Singapore,SMB
CU009374,Account 009374,2022-08-27,Retail,Germany,Enterprise
CU009375,Account 009375,2024-10-26,Retail,Singapore,Enterprise
CU009376,Account 009376,2026-05-07,Education,Canada,Mid-Market
CU009377,Account 009377,2024-04-30,Professional Services,United States,Enterprise
CU009378,Account 009378,2023-11-11,Retail,Australia,Mid-Market
CU009379,Account 009379,2024-07-22,Retail,Singapore,SMB
CU009380,Account 009380,2022-10-24,Professional Services,Germany,SMB
CU009381,Account 009381,2026-01-29,Retail,Canada,Enterprise
CU009382,Account 009382,2026-01-05,Professional Services,Singapore,Mid-Market
CU009383,Account 009383,2025-12-21,Professional Services,United Kingdom,Mid-Market
CU009384,Account 009384,2025-10-07,Healthcare,Australia,Enterprise
CU009385,Account 009385,2025-12-18,Professional Services,United Kingdom,Mid-Market
CU009386,Account 009386,2023-08-01,Finance,Germany,Enterprise
CU009387,Account 009387,2026-05-20,Manufacturing,Australia,Enterprise
CU009388,Account 009388,2025-10-09,Software,United States,SMB
CU009389,Account 009389,2022-01-15,Retail,United Kingdom,Mid-Market
CU009390,Account 009390,2022-04-12,Education,Canada,Mid-Market
CU009391,Account 009391,2024-03-01,Professional Services,Germany,Mid-Market
CU009392,Account 009392,2022-03-26,Software,Germany,Enterprise
CU009393,Account 009393,2023-02-26,Manufacturing,Singapore,Mid-Market
CU009394,Account 009394,2022-09-20,Education,United States,SMB
CU009395,Account 009395,2025-01-05,Professional Services,Germany,Enterprise
CU009396,Account 009396,2022-08-18,Retail,Singapore,Mid-Market
CU009397,Account 009397,2024-03-07,Software,Australia,Enterprise
CU009398,Account 009398,2023-05-07,Retail,United States,Enterprise
CU009399,Account 009399,2024-08-24,Healthcare,United Kingdom,SMB
CU009400,Account 009400,2022-11-03,Education,Germany,Mid-Market
CU009401,Account 009401,2023-09-13,Healthcare,Canada,Mid-Market
CU009402,Account 009402,2024-06-18,Finance,United Kingdom,Enterprise
CU009403,Account 009403,2023-07-30,Professional Services,Canada,Mid-Market
CU009404,Account 009404,2024-04-24,Education,Canada,SMB
CU009405,Account 009405,2024-02-06,Finance,Singapore,Enterprise
CU009406,Account 009406,2022-09-29,Education,Germany,Enterprise
CU009407,Account 009407,2023-06-26,Finance,Germany,SMB
CU009408,Account 009408,2026-05-13,Manufacturing,Canada,Mid-Market
CU009409,Account 009409,2023-06-16,Manufacturing,Australia,Mid-Market
CU009410,Account 009410,2024-05-07,Healthcare,United States,Mid-Market
CU009411,Account 009411,2023-02-12,Manufacturing,Germany,SMB
CU009412,Account 009412,2026-02-05,Retail,United Kingdom,Enterprise
CU009413,Account 009413,2024-06-10,Finance,Australia,Enterprise
CU009414,Account 009414,2024-01-13,Retail,United States,SMB
CU009415,Account 009415,2024-08-15,Healthcare,Canada,Enterprise
CU009416,Account 009416,2024-08-16,Manufacturing,Germany,SMB
CU009417,Account 009417,2025-08-27,Professional Services,Canada,Mid-Market
CU009418,Account 009418,2025-03-06,Software,United States,SMB
CU009419,Account 009419,2024-09-01,Manufacturing,United Kingdom,Enterprise
CU009420,Account 009420,2024-01-14,Education,Singapore,Mid-Market
CU009421,Account 009421,2024-08-10,Software,United States,Mid-Market
CU009422,Account 009422,2025-07-10,Professional Services,United Kingdom,Enterprise
CU009423,Account 009423,2024-06-20,Healthcare,United Kingdom,Mid-Market
CU009424,Account 009424,2024-04-06,Manufacturing,Canada,Mid-Market
CU009425,Account 009425,2025-06-19,Education,Canada,Mid-Market
CU009426,Account 009426,2023-06-26,Retail,Singapore,Mid-Market
CU009427,Account 009427,2024-06-09,Finance,Canada,SMB
CU009428,Account 009428,2022-03-08,Finance,Canada,Enterprise
CU009429,Account 009429,2023-04-08,Education,Australia,Mid-Market
CU009430,Account 009430,2022-11-27,Professional Services,Germany,Enterprise
CU009431,Account 009431,2026-01-07,Retail,Canada,Enterprise
CU009432,Account 009432,2023-03-23,Retail,Australia,Enterprise
CU009433,Account 009433,2022-10-11,Retail,Australia,SMB
CU009434,Account 009434,2024-06-09,Finance,United States,Enterprise
CU009435,Account 009435,2024-11-20,Manufacturing,Germany,SMB
CU009436,Account 009436,2024-12-09,Manufacturing,United Kingdom,Enterprise
CU009437,Account 009437,2026-06-19,Software,United States,Mid-Market
CU009438,Account 009438,2023-09-01,Education,Singapore,Enterprise
CU009439,Account 009439,2022-12-23,Software,Australia,Mid-Market
CU009440,Account 009440,2023-03-31,Retail,United Kingdom,Mid-Market
CU009441,Account 009441,2026-05-24,Healthcare,United States,Mid-Market
CU009442,Account 009442,2024-02-29,Finance,Germany,Enterprise
CU009443,Account 009443,2025-05-08,Healthcare,United Kingdom,Mid-Market
CU009444,Account 009444,2025-11-25,Finance,Germany,Mid-Market
CU009445,Account 009445,2025-06-23,Manufacturing,Singapore,Enterprise
CU009446,Account 009446,2023-02-19,Retail,Singapore,Enterprise
CU009447,Account 009447,2022-07-10,Education,United States,Mid-Market
CU009448,Account 009448,2025-11-17,Manufacturing,Australia,SMB
CU009449,Account 009449,2023-03-12,Education,Germany,SMB
CU009450,Account 009450,2025-06-28,Finance,Canada,Enterprise
CU009451,Account 009451,2022-02-16,Healthcare,United States,Mid-Market
CU009452,Account 009452,2024-08-13,Professional Services,Australia,SMB
CU009453,Account 009453,2023-05-02,Professional Services,United Kingdom,SMB
CU009454,Account 009454,2026-03-20,Finance,Germany,SMB
CU009455,Account 009455,2023-12-30,Education,Germany,Mid-Market
CU009456,Account 009456,2025-01-24,Software,United States,Enterprise
CU009457,Account 009457,2023-08-28,Software,Germany,SMB
CU009458,Account 009458,2022-12-15,Manufacturing,Singapore,Mid-Market
CU009459,Account 009459,2024-04-27,Healthcare,Germany,SMB
CU009460,Account 009460,2022-08-23,Retail,Canada,Enterprise
CU009461,Account 009461,2022-01-15,Finance,Singapore,Enterprise
CU009462,Account 009462,2024-07-29,Retail,United States,Mid-Market
CU009463,Account 009463,2025-05-13,Education,Canada,Mid-Market
CU009464,Account 009464,2025-07-20,Retail,Germany,Mid-Market
CU009465,Account 009465,2026-02-09,Healthcare,United Kingdom,SMB
CU009466,Account 009466,2022-06-19,Healthcare,Australia,Enterprise
CU009467,Account 009467,2025-09-29,Software,Canada,Mid-Market
CU009468,Account 009468,2022-12-27,Education,Canada,SMB
CU009469,Account 009469,2024-06-01,Manufacturing,Germany,Mid-Market
CU009470,Account 009470,2022-06-27,Manufacturing,United States,Enterprise
CU009471,Account 009471,2023-09-24,Education,Australia,Mid-Market
CU009472,Account 009472,2023-11-22,Healthcare,Australia,Enterprise
CU009473,Account 009473,2024-07-07,Software,Australia,Mid-Market
CU009474,Account 009474,2026-01-14,Professional Services,Germany,SMB
CU009475,Account 009475,2025-11-24,Healthcare,Germany,Enterprise
CU009476,Account 009476,2023-04-05,Software,United Kingdom,SMB
CU009477,Account 009477,2022-02-17,Professional Services,Germany,Enterprise
CU009478,Account 009478,2025-01-02,Finance,Singapore,Mid-Market
CU009479,Account 009479,2023-03-12,Manufacturing,Australia,SMB
CU009480,Account 009480,2026-03-15,Software,Germany,SMB
CU009481,Account 009481,2025-09-20,Manufacturing,United States,Enterprise
CU009482,Account 009482,2026-03-10,Healthcare,Australia,Enterprise
CU009483,Account 009483,2026-06-06,Manufacturing,United States,Mid-Market
CU009484,Account 009484,2023-05-23,Education,Australia,Enterprise
CU009485,Account 009485,2022-07-01,Finance,United Kingdom,Enterprise
CU009486,Account 009486,2023-11-21,Finance,United States,SMB
CU009487,Account 009487,2022-11-25,Healthcare,Australia,SMB
CU009488,Account 009488,2024-04-19,Healthcare,United States,Mid-Market
CU009489,Account 009489,2026-05-21,Manufacturing,Canada,Mid-Market
CU009490,Account 009490,2022-07-13,Software,Singapore,SMB
CU009491,Account 009491,2024-04-24,Software,United States,SMB
CU009492,Account 009492,2023-04-11,Education,United States,Mid-Market
CU009493,Account 009493,2025-03-24,Retail,Canada,Enterprise
CU009494,Account 009494,2023-10-11,Retail,United States,SMB
CU009495,Account 009495,2025-06-18,Finance,United States,SMB
CU009496,Account 009496,2022-11-14,Education,Canada,SMB
CU009497,Account 009497,2024-05-05,Manufacturing,United Kingdom,Enterprise
CU009498,Account 009498,2025-08-03,Healthcare,Australia,Enterprise
CU009499,Account 009499,2023-10-07,Education,Canada,SMB
CU009500,Account 009500,2024-02-28,Education,Canada,Enterprise
CU009501,Account 009501,2022-09-18,Manufacturing,Singapore,SMB
CU009502,Account 009502,2022-02-11,Professional Services,Singapore,SMB
CU009503,Account 009503,2023-02-22,Education,United Kingdom,Mid-Market
CU009504,Account 009504,2026-02-10,Manufacturing,United States,Mid-Market
CU009505,Account 009505,2025-01-27,Professional Services,Germany,Mid-Market
CU009506,Account 009506,2025-07-30,Healthcare,Germany,Mid-Market
CU009507,Account 009507,2022-11-17,Software,Germany,SMB
CU009508,Account 009508,2022-08-08,Software,Canada,Enterprise
CU009509,Account 009509,2026-05-20,Professional Services,United Kingdom,Enterprise
CU009510,Account 009510,2025-04-13,Finance,United States,Enterprise
CU009511,Account 009511,2024-08-25,Finance,Germany,Enterprise
CU009512,Account 009512,2025-03-17,Healthcare,Germany,Enterprise
CU009513,Account 009513,2023-11-17,Manufacturing,United States,Enterprise
CU009514,Account 009514,2026-02-20,Healthcare,Germany,Mid-Market
CU009515,Account 009515,2023-04-08,Professional Services,United Kingdom,SMB
CU009516,Account 009516,2025-12-02,Healthcare,Canada,Enterprise
CU009517,Account 009517,2022-02-15,Education,United Kingdom,Mid-Market
CU009518,Account 009518,2022-11-01,Software,Canada,Mid-Market
CU009519,Account 009519,2024-06-08,Retail,United Kingdom,Mid-Market
CU009520,Account 009520,2022-04-04,Software,Singapore,Mid-Market
CU009521,Account 009521,2023-08-23,Retail,Australia,Enterprise
CU009522,Account 009522,2025-11-06,Manufacturing,Australia,Enterprise
CU009523,Account 009523,2023-06-28,Professional Services,Canada,SMB
CU009524,Account 009524,2025-02-06,Healthcare,Singapore,Enterprise
CU009525,Account 009525,2025-08-21,Professional Services,Singapore,Mid-Market
CU009526,Account 009526,2026-05-17,Professional Services,United Kingdom,Mid-Market
CU009527,Account 009527,2026-06-22,Retail,United States,SMB
CU009528,Account 009528,2023-10-09,Manufacturing,Singapore,Mid-Market
CU009529,Account 009529,2025-03-25,Manufacturing,Singapore,SMB
CU009530,Account 009530,2026-01-01,Manufacturing,Singapore,SMB
CU009531,Account 009531,2023-12-29,Software,Germany,SMB
CU009532,Account 009532,2026-01-02,Finance,Germany,Enterprise
CU009533,Account 009533,2022-12-19,Education,Singapore,Mid-Market
CU009534,Account 009534,2026-01-17,Finance,United States,Enterprise
CU009535,Account 009535,2022-10-16,Professional Services,United States,SMB
CU009536,Account 009536,2022-11-20,Finance,United States,Mid-Market
CU009537,Account 009537,2024-01-11,Retail,Australia,Enterprise
CU009538,Account 009538,2023-11-05,Finance,Singapore,SMB
CU009539,Account 009539,2025-12-04,Education,Australia,SMB
CU009540,Account 009540,2024-08-28,Finance,United Kingdom,Enterprise
CU009541,Account 009541,2026-02-09,Education,United Kingdom,Enterprise
CU009542,Account 009542,2022-02-06,Healthcare,Singapore,Mid-Market
CU009543,Account 009543,2022-06-24,Healthcare,Australia,SMB
CU009544,Account 009544,2024-09-01,Healthcare,United Kingdom,Enterprise
CU009545,Account 009545,2022-12-26,Software,Canada,Enterprise
CU009546,Account 009546,2022-11-07,Professional Services,Canada,SMB
CU009547,Account 009547,2024-10-01,Healthcare,Germany,SMB
CU009548,Account 009548,2025-09-06,Finance,United Kingdom,Enterprise
CU009549,Account 009549,2023-07-13,Software,Singapore,Mid-Market
CU009550,Account 009550,2026-02-14,Healthcare,Germany,Enterprise
CU009551,Account 009551,2022-03-31,Finance,Australia,Enterprise
CU009552,Account 009552,2025-09-16,Healthcare,Germany,Mid-Market
CU009553,Account 009553,2022-07-02,Manufacturing,Canada,Enterprise
CU009554,Account 009554,2025-12-10,Retail,United States,Enterprise
CU009555,Account 009555,2023-08-08,Education,Australia,Mid-Market
CU009556,Account 009556,2024-03-12,Education,Australia,Enterprise
CU009557,Account 009557,2025-04-04,Retail,United Kingdom,Enterprise
CU009558,Account 009558,2025-11-02,Software,Australia,Enterprise
CU009559,Account 009559,2024-08-27,Healthcare,Canada,SMB
CU009560,Account 009560,2022-09-18,Manufacturing,United Kingdom,Enterprise
CU009561,Account 009561,2022-09-18,Retail,United States,SMB
CU009562,Account 009562,2024-12-24,Manufacturing,Canada,Enterprise
CU009563,Account 009563,2025-10-10,Retail,Germany,Enterprise
CU009564,Account 009564,2024-10-25,Software,Singapore,SMB
CU009565,Account 009565,2026-05-16,Finance,Australia,SMB
CU009566,Account 009566,2022-06-12,Education,United States,Mid-Market
CU009567,Account 009567,2022-09-25,Retail,Singapore,Enterprise
CU009568,Account 009568,2026-02-21,Professional Services,Australia,Mid-Market
CU009569,Account 009569,2025-02-14,Manufacturing,Canada,SMB
CU009570,Account 009570,2025-01-27,Education,Singapore,Enterprise
CU009571,Account 009571,2023-07-29,Software,Canada,SMB
CU009572,Account 009572,2026-04-25,Retail,Singapore,SMB
CU009573,Account 009573,2024-11-01,Manufacturing,Australia,SMB
CU009574,Account 009574,2022-02-14,Healthcare,Canada,Mid-Market
CU009575,Account 009575,2023-03-09,Healthcare,Germany,Enterprise
CU009576,Account 009576,2023-11-16,Professional Services,Canada,Mid-Market
CU009577,Account 009577,2023-09-07,Manufacturing,Singapore,Enterprise
CU009578,Account 009578,2025-03-09,Finance,Canada,Mid-Market
CU009579,Account 009579,2022-10-23,Manufacturing,United States,Mid-Market
CU009580,Account 009580,2025-04-09,Education,Canada,SMB
CU009581,Account 009581,2025-09-18,Healthcare,Canada,Mid-Market
CU009582,Account 009582,2025-01-01,Software,Canada,SMB
CU009583,Account 009583,2024-05-23,Professional Services,United States,Enterprise
CU009584,Account 009584,2023-08-22,Retail,Singapore,SMB
CU009585,Account 009585,2022-02-17,Education,Singapore,Enterprise
CU009586,Account 009586,2025-12-03,Education,United States,Mid-Market
CU009587,Account 009587,2025-06-04,Manufacturing,United States,Enterprise
CU009588,Account 009588,2023-03-16,Professional Services,Singapore,Enterprise
CU009589,Account 009589,2022-09-28,Retail,Australia,Mid-Market
CU009590,Account 009590,2023-02-27,Manufacturing,United States,Enterprise
CU009591,Account 009591,2023-03-20,Software,Canada,Enterprise
CU009592,Account 009592,2023-11-06,Retail,United Kingdom,SMB
CU009593,Account 009593,2024-02-22,Professional Services,Germany,Enterprise
CU009594,Account 009594,2023-08-15,Professional Services,United States,Mid-Market
CU009595,Account 009595,2024-03-18,Finance,United Kingdom,SMB
CU009596,Account 009596,2025-12-04,Healthcare,United States,SMB
CU009597,Account 009597,2023-03-21,Retail,United Kingdom,Enterprise
CU009598,Account 009598,2023-10-22,Retail,United Kingdom,SMB
CU009599,Account 009599,2022-05-03,Software,United States,Mid-Market
CU009600,Account 009600,2022-08-14,Retail,United Kingdom,SMB
CU009601,Account 009601,2023-03-20,Finance,Canada,Mid-Market
CU009602,Account 009602,2025-07-03,Finance,Singapore,Mid-Market
CU009603,Account 009603,2023-11-14,Manufacturing,Singapore,SMB
CU009604,Account 009604,2023-01-14,Education,United Kingdom,SMB
CU009605,Account 009605,2022-12-21,Professional Services,Singapore,Enterprise
CU009606,Account 009606,2023-02-12,Education,Germany,Mid-Market
CU009607,Account 009607,2025-04-13,Education,Canada,SMB
CU009608,Account 009608,2024-03-05,Manufacturing,United Kingdom,Mid-Market
CU009609,Account 009609,2024-11-25,Manufacturing,Australia,SMB
CU009610,Account 009610,2025-12-09,Professional Services,Australia,Mid-Market
CU009611,Account 009611,2024-11-19,Education,Australia,Mid-Market
CU009612,Account 009612,2025-04-25,Professional Services,Canada,SMB
CU009613,Account 009613,2024-01-09,Retail,Germany,Enterprise
CU009614,Account 009614,2024-11-10,Healthcare,Singapore,Mid-Market
CU009615,Account 009615,2026-03-23,Software,Singapore,SMB
CU009616,Account 009616,2022-06-27,Software,Canada,Mid-Market
CU009617,Account 009617,2023-06-29,Professional Services,Singapore,Mid-Market
CU009618,Account 009618,2024-01-14,Professional Services,Australia,Enterprise
CU009619,Account 009619,2025-08-24,Healthcare,Australia,Enterprise
CU009620,Account 009620,2022-05-16,Manufacturing,United Kingdom,Mid-Market
CU009621,Account 009621,2026-03-19,Software,Australia,SMB
CU009622,Account 009622,2026-06-16,Retail,Singapore,Enterprise
CU009623,Account 009623,2025-06-25,Retail,United Kingdom,SMB
CU009624,Account 009624,2023-12-29,Education,Germany,Enterprise
CU009625,Account 009625,2024-06-17,Manufacturing,Canada,Enterprise
CU009626,Account 009626,2025-08-15,Manufacturing,United States,SMB
CU009627,Account 009627,2026-04-22,Professional Services,United Kingdom,Enterprise
CU009628,Account 009628,2025-09-21,Software,Australia,SMB
CU009629,Account 009629,2023-10-09,Finance,Germany,Enterprise
CU009630,Account 009630,2025-06-17,Retail,United States,Enterprise
CU009631,Account 009631,2024-07-04,Manufacturing,Canada,Mid-Market
CU009632,Account 009632,2022-11-09,Finance,Singapore,Mid-Market
CU009633,Account 009633,2023-12-25,Education,Australia,Enterprise
CU009634,Account 009634,2025-06-28,Healthcare,Germany,Enterprise
CU009635,Account 009635,2025-01-07,Professional Services,Singapore,Enterprise
CU009636,Account 009636,2022-04-10,Retail,Canada,Enterprise
CU009637,Account 009637,2023-01-25,Finance,Germany,Enterprise
CU009638,Account 009638,2025-06-26,Education,United States,Mid-Market
CU009639,Account 009639,2023-03-11,Software,Canada,Enterprise
CU009640,Account 009640,2025-05-06,Education,United States,SMB
CU009641,Account 009641,2025-08-19,Education,Australia,Enterprise
CU009642,Account 009642,2025-08-10,Professional Services,Germany,Enterprise
CU009643,Account 009643,2025-09-16,Healthcare,Canada,Enterprise
CU009644,Account 009644,2026-05-05,Manufacturing,United States,Mid-Market
CU009645,Account 009645,2024-11-30,Finance,Canada,SMB
CU009646,Account 009646,2022-09-02,Professional Services,Australia,SMB
CU009647,Account 009647,2022-04-20,Manufacturing,United Kingdom,Mid-Market
CU009648,Account 009648,2024-11-30,Software,United Kingdom,Enterprise
CU009649,Account 009649,2025-02-21,Manufacturing,Singapore,SMB
CU009650,Account 009650,2026-01-12,Retail,Australia,SMB
CU009651,Account 009651,2026-01-25,Retail,Singapore,Enterprise
CU009652,Account 009652,2026-03-06,Retail,United Kingdom,Mid-Market
CU009653,Account 009653,2025-02-19,Retail,United States,SMB
CU009654,Account 009654,2024-04-10,Professional Services,United Kingdom,Mid-Market
CU009655,Account 009655,2022-04-10,Retail,United Kingdom,Mid-Market
CU009656,Account 009656,2022-09-14,Finance,Germany,SMB
CU009657,Account 009657,2023-07-07,Healthcare,Singapore,SMB
CU009658,Account 009658,2023-09-04,Retail,United States,SMB
CU009659,Account 009659,2024-03-22,Education,Germany,SMB
CU009660,Account 009660,2023-10-10,Professional Services,Canada,SMB
CU009661,Account 009661,2024-03-09,Software,United Kingdom,Enterprise
CU009662,Account 009662,2024-09-04,Healthcare,United States,Enterprise
CU009663,Account 009663,2025-06-09,Education,Canada,Enterprise
CU009664,Account 009664,2025-10-19,Education,Canada,SMB
CU009665,Account 009665,2026-06-01,Software,United Kingdom,SMB
CU009666,Account 009666,2026-04-01,Retail,United Kingdom,SMB
CU009667,Account 009667,2022-04-11,Software,Canada,SMB
CU009668,Account 009668,2025-07-03,Retail,Australia,Mid-Market
CU009669,Account 009669,2023-06-23,Education,United Kingdom,Mid-Market
CU009670,Account 009670,2025-04-12,Manufacturing,Canada,Mid-Market
CU009671,Account 009671,2022-01-05,Healthcare,United States,Mid-Market
CU009672,Account 009672,2024-08-02,Education,United Kingdom,Enterprise
CU009673,Account 009673,2024-03-19,Retail,Australia,Enterprise
CU009674,Account 009674,2023-12-22,Finance,Singapore,Enterprise
CU009675,Account 009675,2023-11-08,Finance,United States,SMB
CU009676,Account 009676,2022-11-01,Software,United States,Enterprise
CU009677,Account 009677,2026-03-06,Manufacturing,Canada,Enterprise
CU009678,Account 009678,2025-02-10,Manufacturing,United Kingdom,Enterprise
CU009679,Account 009679,2026-03-13,Education,Australia,Enterprise
CU009680,Account 009680,2024-11-26,Education,United States,SMB
CU009681,Account 009681,2025-12-01,Professional Services,United States,Mid-Market
CU009682,Account 009682,2024-02-28,Healthcare,United Kingdom,Enterprise
CU009683,Account 009683,2024-07-09,Professional Services,United Kingdom,Enterprise
CU009684,Account 009684,2025-02-04,Finance,Canada,Enterprise
CU009685,Account 009685,2022-04-22,Software,Singapore,Enterprise
CU009686,Account 009686,2024-03-06,Retail,Singapore,Mid-Market
CU009687,Account 009687,2025-11-21,Healthcare,Singapore,Mid-Market
CU009688,Account 009688,2026-05-28,Education,Canada,SMB
CU009689,Account 009689,2022-01-26,Retail,Australia,Mid-Market
CU009690,Account 009690,2026-01-26,Healthcare,Canada,Enterprise
CU009691,Account 009691,2022-11-06,Software,Canada,Mid-Market
CU009692,Account 009692,2023-06-17,Finance,United Kingdom,Mid-Market
CU009693,Account 009693,2023-05-19,Retail,United States,SMB
CU009694,Account 009694,2024-09-26,Retail,Singapore,Mid-Market
CU009695,Account 009695,2026-03-16,Education,Germany,SMB
CU009696,Account 009696,2022-10-16,Manufacturing,Singapore,SMB
CU009697,Account 009697,2023-07-10,Education,Singapore,Mid-Market
CU009698,Account 009698,2024-09-06,Professional Services,Singapore,Enterprise
CU009699,Account 009699,2026-03-07,Education,Singapore,Enterprise
CU009700,Account 009700,2022-03-12,Professional Services,Singapore,Enterprise
CU009701,Account 009701,2025-09-13,Finance,Germany,SMB
CU009702,Account 009702,2022-07-13,Healthcare,Germany,Mid-Market
CU009703,Account 009703,2026-04-16,Professional Services,United Kingdom,Enterprise
CU009704,Account 009704,2022-04-08,Education,Canada,Enterprise
CU009705,Account 009705,2023-05-05,Healthcare,United States,SMB
CU009706,Account 009706,2022-10-02,Healthcare,United Kingdom,Mid-Market
CU009707,Account 009707,2025-06-09,Healthcare,Singapore,Enterprise
CU009708,Account 009708,2025-06-25,Finance,Germany,Mid-Market
CU009709,Account 009709,2022-02-17,Software,Germany,SMB
CU009710,Account 009710,2023-09-18,Healthcare,United States,Mid-Market
CU009711,Account 009711,2022-08-22,Healthcare,Germany,SMB
CU009712,Account 009712,2022-08-15,Software,Singapore,SMB
CU009713,Account 009713,2026-04-23,Finance,Germany,SMB
CU009714,Account 009714,2024-04-08,Software,Germany,Enterprise
CU009715,Account 009715,2026-04-09,Education,Australia,Mid-Market
CU009716,Account 009716,2023-11-27,Professional Services,Canada,Enterprise
CU009717,Account 009717,2024-07-17,Retail,Germany,SMB
CU009718,Account 009718,2025-02-02,Finance,Singapore,Mid-Market
CU009719,Account 009719,2025-12-20,Education,Canada,SMB
CU009720,Account 009720,2022-11-18,Professional Services,United States,SMB
CU009721,Account 009721,2022-11-17,Software,Singapore,Enterprise
CU009722,Account 009722,2024-09-11,Software,Canada,Mid-Market
CU009723,Account 009723,2025-11-05,Education,Canada,SMB
CU009724,Account 009724,2023-03-15,Education,Singapore,Enterprise
CU009725,Account 009725,2025-04-21,Software,Germany,Enterprise
CU009726,Account 009726,2025-01-01,Education,United Kingdom,SMB
CU009727,Account 009727,2022-09-08,Healthcare,United States,SMB
CU009728,Account 009728,2023-07-18,Software,Canada,Enterprise
CU009729,Account 009729,2024-05-16,Finance,Germany,Mid-Market
CU009730,Account 009730,2022-06-08,Finance,Australia,SMB
CU009731,Account 009731,2026-01-22,Manufacturing,Germany,SMB
CU009732,Account 009732,2023-04-11,Software,Singapore,Mid-Market
CU009733,Account 009733,2023-03-02,Professional Services,Canada,SMB
CU009734,Account 009734,2024-03-31,Manufacturing,Germany,Mid-Market
CU009735,Account 009735,2022-12-15,Manufacturing,Canada,Enterprise
CU009736,Account 009736,2025-04-23,Retail,United States,Mid-Market
CU009737,Account 009737,2026-06-15,Manufacturing,Canada,Enterprise
CU009738,Account 009738,2025-12-20,Professional Services,Australia,Mid-Market
CU009739,Account 009739,2024-05-02,Finance,Canada,Mid-Market
CU009740,Account 009740,2026-02-01,Software,United Kingdom,SMB
CU009741,Account 009741,2023-05-06,Professional Services,Singapore,Enterprise
CU009742,Account 009742,2024-11-01,Healthcare,Australia,Enterprise
CU009743,Account 009743,2025-02-06,Professional Services,Germany,Enterprise
CU009744,Account 009744,2024-06-10,Software,United Kingdom,Mid-Market
CU009745,Account 009745,2022-10-24,Software,Singapore,SMB
CU009746,Account 009746,2023-01-11,Healthcare,United States,Enterprise
CU009747,Account 009747,2026-01-11,Manufacturing,Germany,Mid-Market
CU009748,Account 009748,2022-03-12,Retail,Australia,SMB
CU009749,Account 009749,2023-01-29,Software,Canada,Mid-Market
CU009750,Account 009750,2024-08-26,Retail,Australia,SMB
CU009751,Account 009751,2025-09-09,Healthcare,Australia,Mid-Market
CU009752,Account 009752,2025-04-14,Education,Singapore,Mid-Market
CU009753,Account 009753,2024-12-04,Finance,Germany,Enterprise
CU009754,Account 009754,2023-05-24,Retail,Germany,SMB
CU009755,Account 009755,2025-04-23,Retail,United States,Enterprise
CU009756,Account 009756,2022-07-31,Healthcare,Germany,SMB
CU009757,Account 009757,2024-05-05,Professional Services,Singapore,SMB
CU009758,Account 009758,2023-12-11,Finance,Canada,Enterprise
CU009759,Account 009759,2024-08-30,Professional Services,Australia,SMB
CU009760,Account 009760,2025-01-24,Finance,Canada,SMB
CU009761,Account 009761,2023-06-27,Healthcare,Germany,Mid-Market
CU009762,Account 009762,2026-05-11,Education,Singapore,Enterprise
CU009763,Account 009763,2023-12-19,Retail,United States,Enterprise
CU009764,Account 009764,2026-03-22,Finance,Singapore,SMB
CU009765,Account 009765,2024-05-31,Education,United States,SMB
CU009766,Account 009766,2024-08-17,Retail,Australia,Enterprise
CU009767,Account 009767,2023-03-04,Finance,Germany,Mid-Market
CU009768,Account 009768,2025-07-03,Manufacturing,Australia,Enterprise
CU009769,Account 009769,2022-04-20,Education,United States,Mid-Market
CU009770,Account 009770,2022-10-23,Finance,United States,Enterprise
CU009771,Account 009771,2026-04-15,Finance,Germany,Enterprise
CU009772,Account 009772,2024-02-02,Healthcare,Singapore,SMB
CU009773,Account 009773,2025-07-01,Healthcare,Singapore,SMB
CU009774,Account 009774,2025-10-19,Finance,Australia,Mid-Market
CU009775,Account 009775,2024-08-06,Finance,Singapore,Mid-Market
CU009776,Account 009776,2023-10-26,Education,Canada,Enterprise
CU009777,Account 009777,2022-12-25,Retail,Canada,Mid-Market
CU009778,Account 009778,2023-12-15,Manufacturing,United States,Mid-Market
CU009779,Account 009779,2022-12-30,Retail,Germany,Enterprise
CU009780,Account 009780,2025-08-31,Healthcare,Australia,Mid-Market
CU009781,Account 009781,2023-11-15,Finance,Singapore,SMB
CU009782,Account 009782,2025-08-01,Professional Services,Canada,Enterprise
CU009783,Account 009783,2022-07-25,Education,Germany,Enterprise
CU009784,Account 009784,2025-12-15,Manufacturing,Germany,SMB
CU009785,Account 009785,2023-05-30,Healthcare,United Kingdom,SMB
CU009786,Account 009786,2023-02-24,Finance,United States,Mid-Market
CU009787,Account 009787,2022-09-18,Software,United Kingdom,Mid-Market
CU009788,Account 009788,2023-07-15,Retail,Singapore,Mid-Market
CU009789,Account 009789,2024-10-09,Software,Canada,Mid-Market
CU009790,Account 009790,2026-05-27,Finance,Canada,SMB
CU009791,Account 009791,2024-07-04,Healthcare,Germany,Mid-Market
CU009792,Account 009792,2024-05-16,Finance,Singapore,Mid-Market
CU009793,Account 009793,2025-04-05,Education,United States,Enterprise
CU009794,Account 009794,2024-10-09,Retail,Australia,SMB
CU009795,Account 009795,2023-03-22,Professional Services,Canada,Enterprise
CU009796,Account 009796,2026-03-02,Professional Services,Singapore,Enterprise
CU009797,Account 009797,2025-12-27,Software,Canada,Enterprise
CU009798,Account 009798,2023-11-09,Manufacturing,Canada,Enterprise
CU009799,Account 009799,2024-03-25,Professional Services,Germany,SMB
CU009800,Account 009800,2022-02-16,Retail,United Kingdom,SMB
CU009801,Account 009801,2026-01-27,Manufacturing,United States,Enterprise
CU009802,Account 009802,2024-10-06,Finance,Australia,SMB
CU009803,Account 009803,2023-09-11,Professional Services,Canada,SMB
CU009804,Account 009804,2024-08-12,Manufacturing,United Kingdom,SMB
CU009805,Account 009805,2023-09-27,Manufacturing,United Kingdom,SMB
CU009806,Account 009806,2023-07-28,Retail,Australia,Mid-Market
CU009807,Account 009807,2022-05-31,Manufacturing,United States,Mid-Market
CU009808,Account 009808,2023-11-20,Software,United Kingdom,Mid-Market
CU009809,Account 009809,2026-05-05,Software,United States,Enterprise
CU009810,Account 009810,2023-01-25,Software,Singapore,Mid-Market
CU009811,Account 009811,2024-10-01,Software,Australia,SMB
CU009812,Account 009812,2022-03-07,Software,United Kingdom,SMB
CU009813,Account 009813,2026-06-27,Healthcare,Canada,Enterprise
CU009814,Account 009814,2022-01-10,Healthcare,Canada,Enterprise
CU009815,Account 009815,2022-04-30,Retail,United Kingdom,Mid-Market
CU009816,Account 009816,2025-04-24,Professional Services,Singapore,Enterprise
CU009817,Account 009817,2025-04-09,Education,United States,Enterprise
CU009818,Account 009818,2026-03-21,Finance,United States,Enterprise
CU009819,Account 009819,2022-10-23,Retail,Australia,Enterprise
CU009820,Account 009820,2025-10-13,Professional Services,United States,Enterprise
CU009821,Account 009821,2022-02-14,Finance,United States,Mid-Market
CU009822,Account 009822,2023-05-24,Education,United States,SMB
CU009823,Account 009823,2025-10-17,Education,Germany,SMB
CU009824,Account 009824,2025-02-27,Finance,United States,Mid-Market
CU009825,Account 009825,2022-05-25,Software,Canada,Mid-Market
CU009826,Account 009826,2022-07-16,Healthcare,United States,SMB
CU009827,Account 009827,2022-12-04,Manufacturing,United Kingdom,SMB
CU009828,Account 009828,2025-10-06,Retail,Singapore,Enterprise
CU009829,Account 009829,2025-05-03,Finance,United Kingdom,Enterprise
CU009830,Account 009830,2023-10-28,Software,United States,Enterprise
CU009831,Account 009831,2024-07-17,Retail,Canada,Enterprise
CU009832,Account 009832,2025-12-09,Professional Services,United States,Enterprise
CU009833,Account 009833,2025-04-10,Retail,Australia,Mid-Market
CU009834,Account 009834,2023-10-14,Professional Services,Australia,Enterprise
CU009835,Account 009835,2024-03-26,Manufacturing,Australia,Mid-Market
CU009836,Account 009836,2023-10-08,Manufacturing,Germany,Enterprise
CU009837,Account 009837,2026-04-05,Healthcare,Singapore,Mid-Market
CU009838,Account 009838,2022-04-13,Healthcare,Australia,SMB
CU009839,Account 009839,2025-07-05,Professional Services,Singapore,Enterprise
CU009840,Account 009840,2022-10-24,Retail,Singapore,SMB
CU009841,Account 009841,2022-12-12,Software,Germany,Enterprise
CU009842,Account 009842,2022-11-26,Retail,United Kingdom,SMB
CU009843,Account 009843,2023-01-03,Education,United Kingdom,SMB
CU009844,Account 009844,2026-06-14,Healthcare,United Kingdom,SMB
CU009845,Account 009845,2024-09-26,Education,Germany,SMB
CU009846,Account 009846,2023-08-05,Professional Services,United States,SMB
CU009847,Account 009847,2026-02-23,Finance,Germany,SMB
CU009848,Account 009848,2025-08-30,Healthcare,Singapore,Enterprise
CU009849,Account 009849,2023-08-10,Healthcare,United Kingdom,Mid-Market
CU009850,Account 009850,2024-01-02,Professional Services,United Kingdom,Mid-Market
CU009851,Account 009851,2025-07-30,Finance,Australia,SMB
CU009852,Account 009852,2023-12-12,Retail,United States,Mid-Market
CU009853,Account 009853,2023-11-08,Education,Singapore,SMB
CU009854,Account 009854,2022-01-11,Retail,Germany,SMB
CU009855,Account 009855,2024-04-26,Finance,Canada,Enterprise
CU009856,Account 009856,2025-03-23,Finance,Singapore,SMB
CU009857,Account 009857,2025-10-18,Finance,Australia,Enterprise
CU009858,Account 009858,2025-02-20,Software,United Kingdom,Mid-Market
CU009859,Account 009859,2022-10-15,Education,Germany,SMB
CU009860,Account 009860,2024-12-14,Education,Australia,Enterprise
CU009861,Account 009861,2022-06-17,Finance,Singapore,Mid-Market
CU009862,Account 009862,2022-01-15,Healthcare,Canada,Mid-Market
CU009863,Account 009863,2022-06-20,Healthcare,Germany,Enterprise
CU009864,Account 009864,2026-04-06,Retail,Germany,Mid-Market
CU009865,Account 009865,2024-02-03,Manufacturing,Canada,Enterprise
CU009866,Account 009866,2022-10-01,Professional Services,Germany,SMB
CU009867,Account 009867,2025-08-10,Professional Services,Australia,Enterprise
CU009868,Account 009868,2026-02-05,Software,Singapore,SMB
CU009869,Account 009869,2025-11-15,Healthcare,United States,Mid-Market
CU009870,Account 009870,2024-03-13,Education,United States,Mid-Market
CU009871,Account 009871,2026-03-12,Education,Australia,SMB
CU009872,Account 009872,2025-07-26,Education,United Kingdom,SMB
CU009873,Account 009873,2023-04-30,Finance,Singapore,Mid-Market
CU009874,Account 009874,2024-02-13,Retail,United Kingdom,Enterprise
CU009875,Account 009875,2022-09-05,Retail,Singapore,SMB
CU009876,Account 009876,2022-08-19,Manufacturing,Canada,Enterprise
CU009877,Account 009877,2022-05-08,Education,Australia,Enterprise
CU009878,Account 009878,2024-05-03,Software,Germany,Enterprise
CU009879,Account 009879,2025-12-02,Retail,Singapore,Mid-Market
CU009880,Account 009880,2022-02-07,Software,Singapore,SMB
CU009881,Account 009881,2025-11-19,Manufacturing,Australia,Enterprise
CU009882,Account 009882,2023-09-22,Software,United States,Enterprise
CU009883,Account 009883,2025-03-22,Professional Services,Australia,Mid-Market
CU009884,Account 009884,2024-12-30,Professional Services,Germany,Mid-Market
CU009885,Account 009885,2023-07-15,Manufacturing,Canada,Enterprise
CU009886,Account 009886,2022-09-17,Finance,Australia,SMB
CU009887,Account 009887,2023-12-31,Professional Services,United States,SMB
CU009888,Account 009888,2022-07-09,Healthcare,Canada,SMB
CU009889,Account 009889,2022-08-20,Professional Services,Singapore,Enterprise
CU009890,Account 009890,2024-12-11,Software,United Kingdom,SMB
CU009891,Account 009891,2025-03-22,Retail,Canada,SMB
CU009892,Account 009892,2022-02-10,Education,United Kingdom,Enterprise
CU009893,Account 009893,2026-03-17,Software,United Kingdom,Mid-Market
CU009894,Account 009894,2022-02-27,Retail,Canada,SMB
CU009895,Account 009895,2022-10-13,Retail,Germany,Enterprise
CU009896,Account 009896,2022-08-10,Software,Australia,SMB
CU009897,Account 009897,2025-11-14,Retail,Australia,Mid-Market
CU009898,Account 009898,2025-10-14,Manufacturing,Australia,Mid-Market
CU009899,Account 009899,2022-01-16,Education,Singapore,Enterprise
CU009900,Account 009900,2024-10-31,Healthcare,Australia,Enterprise
CU009901,Account 009901,2026-04-15,Finance,Singapore,Enterprise
CU009902,Account 009902,2023-03-13,Education,United States,Enterprise
CU009903,Account 009903,2022-06-02,Finance,United States,Enterprise
CU009904,Account 009904,2024-11-29,Education,United Kingdom,SMB
CU009905,Account 009905,2026-04-25,Software,Singapore,Mid-Market
CU009906,Account 009906,2022-12-27,Healthcare,United Kingdom,Enterprise
CU009907,Account 009907,2023-09-04,Retail,United Kingdom,Enterprise
CU009908,Account 009908,2023-12-22,Professional Services,Singapore,SMB
CU009909,Account 009909,2022-04-01,Retail,United Kingdom,SMB
CU009910,Account 009910,2024-08-09,Software,Germany,Enterprise
CU009911,Account 009911,2023-06-21,Professional Services,United States,Enterprise
CU009912,Account 009912,2023-11-05,Manufacturing,Germany,Enterprise
CU009913,Account 009913,2022-02-12,Education,Canada,Enterprise
CU009914,Account 009914,2025-04-01,Professional Services,Singapore,Enterprise
CU009915,Account 009915,2023-07-03,Manufacturing,Germany,SMB
CU009916,Account 009916,2025-06-25,Professional Services,Singapore,SMB
CU009917,Account 009917,2022-05-04,Healthcare,Singapore,Mid-Market
CU009918,Account 009918,2022-04-02,Education,United States,Mid-Market
CU009919,Account 009919,2022-02-01,Professional Services,Canada,Enterprise
CU009920,Account 009920,2025-11-12,Retail,United Kingdom,SMB
CU009921,Account 009921,2026-03-08,Software,Australia,Mid-Market
CU009922,Account 009922,2022-12-05,Professional Services,Australia,SMB
CU009923,Account 009923,2024-05-22,Education,Canada,Mid-Market
CU009924,Account 009924,2022-09-24,Finance,Canada,Enterprise
CU009925,Account 009925,2023-04-05,Education,Canada,SMB
CU009926,Account 009926,2022-11-19,Education,Australia,Mid-Market
CU009927,Account 009927,2022-07-19,Healthcare,Germany,Mid-Market
CU009928,Account 009928,2025-07-18,Software,United States,Enterprise
CU009929,Account 009929,2024-05-24,Education,Germany,Mid-Market
CU009930,Account 009930,2025-10-17,Manufacturing,United States,Mid-Market
CU009931,Account 009931,2025-04-18,Software,Canada,Enterprise
CU009932,Account 009932,2023-12-10,Healthcare,United States,Mid-Market
CU009933,Account 009933,2024-09-15,Retail,Germany,Enterprise
CU009934,Account 009934,2022-06-03,Healthcare,United Kingdom,SMB
CU009935,Account 009935,2022-06-08,Retail,Australia,SMB
CU009936,Account 009936,2023-04-15,Software,Singapore,Mid-Market
CU009937,Account 009937,2022-08-26,Professional Services,Germany,SMB
CU009938,Account 009938,2023-02-27,Education,United Kingdom,Enterprise
CU009939,Account 009939,2025-04-19,Manufacturing,Australia,Enterprise
CU009940,Account 009940,2024-11-10,Retail,United Kingdom,Mid-Market
CU009941,Account 009941,2022-03-03,Finance,Germany,SMB
CU009942,Account 009942,2024-01-27,Professional Services,Germany,Enterprise
CU009943,Account 009943,2024-01-27,Finance,Germany,Mid-Market
CU009944,Account 009944,2024-05-26,Manufacturing,United States,SMB
CU009945,Account 009945,2022-12-30,Manufacturing,United Kingdom,Mid-Market
CU009946,Account 009946,2024-02-03,Retail,United States,Mid-Market
CU009947,Account 009947,2026-01-20,Software,Singapore,Mid-Market
CU009948,Account 009948,2023-11-25,Finance,Singapore,Mid-Market
CU009949,Account 009949,2025-06-11,Healthcare,Australia,Enterprise
CU009950,Account 009950,2025-05-27,Software,United States,Mid-Market
CU009951,Account 009951,2022-12-18,Professional Services,United Kingdom,SMB
CU009952,Account 009952,2026-05-30,Software,United Kingdom,Enterprise
CU009953,Account 009953,2024-09-06,Professional Services,United States,Mid-Market
CU009954,Account 009954,2026-01-09,Healthcare,United Kingdom,SMB
CU009955,Account 009955,2023-10-19,Professional Services,United States,Enterprise
CU009956,Account 009956,2023-10-01,Manufacturing,United States,SMB
CU009957,Account 009957,2022-11-29,Retail,Germany,Mid-Market
CU009958,Account 009958,2024-08-28,Software,United Kingdom,Mid-Market
CU009959,Account 009959,2024-07-28,Finance,United Kingdom,Enterprise
CU009960,Account 009960,2026-02-24,Healthcare,Australia,Mid-Market
CU009961,Account 009961,2022-04-25,Software,United Kingdom,SMB
CU009962,Account 009962,2023-01-11,Software,Canada,SMB
CU009963,Account 009963,2024-06-24,Healthcare,Canada,SMB
CU009964,Account 009964,2022-06-30,Software,Australia,Mid-Market
CU009965,Account 009965,2024-11-24,Finance,Canada,SMB
CU009966,Account 009966,2022-05-09,Finance,Canada,Mid-Market
CU009967,Account 009967,2024-11-25,Manufacturing,Germany,Enterprise
CU009968,Account 009968,2023-08-02,Education,United States,Enterprise
CU009969,Account 009969,2024-02-29,Education,Singapore,Mid-Market
CU009970,Account 009970,2023-04-20,Healthcare,Canada,SMB
CU009971,Account 009971,2022-03-04,Healthcare,Australia,SMB
CU009972,Account 009972,2025-06-17,Education,United Kingdom,Enterprise
CU009973,Account 009973,2025-05-29,Manufacturing,Canada,SMB
CU009974,Account 009974,2022-02-21,Professional Services,Australia,Enterprise
CU009975,Account 009975,2022-11-12,Software,Australia,Mid-Market
CU009976,Account 009976,2023-07-29,Manufacturing,Germany,SMB
CU009977,Account 009977,2025-03-23,Professional Services,Australia,Enterprise
CU009978,Account 009978,2023-08-22,Finance,Canada,SMB
CU009979,Account 009979,2022-11-28,Professional Services,Australia,SMB
CU009980,Account 009980,2025-06-07,Finance,Singapore,Mid-Market
CU009981,Account 009981,2024-06-17,Manufacturing,Australia,Enterprise
CU009982,Account 009982,2023-10-13,Software,Canada,Enterprise
CU009983,Account 009983,2023-01-20,Software,United Kingdom,Mid-Market
CU009984,Account 009984,2023-03-05,Education,Germany,Enterprise
CU009985,Account 009985,2023-06-15,Finance,Singapore,Enterprise
CU009986,Account 009986,2025-02-12,Software,Singapore,SMB
CU009987,Account 009987,2024-10-23,Manufacturing,United States,Enterprise
CU009988,Account 009988,2026-05-23,Finance,Germany,Mid-Market
CU009989,Account 009989,2024-12-28,Healthcare,Germany,Enterprise
CU009990,Account 009990,2026-06-28,Finance,United States,Mid-Market
CU009991,Account 009991,2025-08-04,Education,Canada,SMB
CU009992,Account 009992,2026-02-27,Software,Germany,SMB
CU009993,Account 009993,2026-05-12,Professional Services,Canada,Enterprise
CU009994,Account 009994,2023-11-21,Manufacturing,United Kingdom,Mid-Market
CU009995,Account 009995,2022-08-02,Professional Services,United Kingdom,Mid-Market
CU009996,Account 009996,2023-07-09,Finance,Germany,Mid-Market
CU009997,Account 009997,2025-07-21,Software,United States,Mid-Market
CU009998,Account 009998,2025-11-21,Retail,United Kingdom,Mid-Market
CU009999,Account 009999,2022-01-31,Education,Singapore,SMB
CU010000,Account 010000,2023-05-29,Retail,Singapore,Enterprise
CU010001,Account 010001,2022-08-13,Education,Singapore,SMB
CU010002,Account 010002,2023-01-20,Finance,United Kingdom,Mid-Market
CU010003,Account 010003,2022-10-09,Professional Services,Germany,Mid-Market
CU010004,Account 010004,2024-11-29,Education,United States,SMB
CU010005,Account 010005,2025-07-28,Software,United Kingdom,SMB
CU010006,Account 010006,2026-02-24,Manufacturing,Australia,SMB
CU010007,Account 010007,2026-01-06,Manufacturing,Australia,Enterprise
CU010008,Account 010008,2022-01-22,Professional Services,United Kingdom,Enterprise
CU010009,Account 010009,2023-10-30,Retail,Singapore,Enterprise
CU010010,Account 010010,2023-03-04,Education,Canada,SMB
CU010011,Account 010011,2026-04-17,Manufacturing,Australia,Enterprise
CU010012,Account 010012,2022-01-27,Software,United States,Enterprise
CU010013,Account 010013,2025-02-11,Professional Services,Canada,Enterprise
CU010014,Account 010014,2025-07-01,Retail,Singapore,SMB
CU010015,Account 010015,2025-06-26,Healthcare,Canada,Mid-Market
CU010016,Account 010016,2022-09-29,Finance,Germany,Enterprise
CU010017,Account 010017,2023-03-31,Manufacturing,United Kingdom,SMB
CU010018,Account 010018,2023-06-15,Manufacturing,Singapore,Enterprise
CU010019,Account 010019,2025-11-24,Education,Germany,SMB
CU010020,Account 010020,2024-02-21,Education,United States,Enterprise
CU010021,Account 010021,2025-02-24,Retail,United States,Mid-Market
CU010022,Account 010022,2025-03-27,Education,Germany,Mid-Market
CU010023,Account 010023,2023-05-15,Education,Singapore,Mid-Market
CU010024,Account 010024,2023-03-31,Professional Services,Canada,Mid-Market
CU010025,Account 010025,2022-11-27,Education,Canada,Mid-Market
CU010026,Account 010026,2022-07-23,Healthcare,Canada,Mid-Market
CU010027,Account 010027,2024-05-23,Retail,Singapore,SMB
CU010028,Account 010028,2022-05-24,Retail,Singapore,Mid-Market
CU010029,Account 010029,2026-06-11,Software,Canada,Mid-Market
CU010030,Account 010030,2023-02-12,Manufacturing,Australia,Enterprise
CU010031,Account 010031,2024-05-15,Healthcare,Australia,SMB
CU010032,Account 010032,2023-10-19,Professional Services,Singapore,Enterprise
CU010033,Account 010033,2025-05-23,Professional Services,Canada,Mid-Market
CU010034,Account 010034,2025-11-11,Retail,Australia,Enterprise
CU010035,Account 010035,2024-06-06,Retail,Germany,SMB
CU010036,Account 010036,2025-03-14,Software,Germany,Enterprise
CU010037,Account 010037,2022-05-19,Professional Services,United States,SMB
CU010038,Account 010038,2024-07-16,Education,Germany,SMB
CU010039,Account 010039,2024-08-21,Manufacturing,Germany,Mid-Market
CU010040,Account 010040,2023-07-15,Professional Services,Australia,Mid-Market
CU010041,Account 010041,2024-06-22,Education,United States,SMB
CU010042,Account 010042,2025-02-13,Finance,Australia,SMB
CU010043,Account 010043,2023-07-17,Manufacturing,United Kingdom,SMB
CU010044,Account 010044,2025-07-21,Professional Services,Australia,Mid-Market
CU010045,Account 010045,2025-11-26,Finance,Singapore,Mid-Market
CU010046,Account 010046,2023-07-17,Manufacturing,United Kingdom,Enterprise
CU010047,Account 010047,2024-01-30,Manufacturing,Singapore,Enterprise
CU010048,Account 010048,2023-09-06,Finance,United States,Mid-Market
CU010049,Account 010049,2022-05-01,Education,Canada,Enterprise
CU010050,Account 010050,2024-05-03,Finance,Singapore,Enterprise
CU010051,Account 010051,2023-05-15,Healthcare,Singapore,SMB
CU010052,Account 010052,2026-06-08,Healthcare,United Kingdom,Enterprise
CU010053,Account 010053,2025-01-12,Healthcare,United Kingdom,Enterprise
CU010054,Account 010054,2023-01-29,Healthcare,United Kingdom,SMB
CU010055,Account 010055,2022-08-18,Finance,United States,SMB
CU010056,Account 010056,2025-06-10,Software,Australia,Enterprise
CU010057,Account 010057,2022-01-05,Software,Germany,Enterprise
CU010058,Account 010058,2023-08-01,Education,Singapore,Mid-Market
CU010059,Account 010059,2023-05-09,Healthcare,Canada,Mid-Market
CU010060,Account 010060,2025-04-24,Retail,Australia,Mid-Market
CU010061,Account 010061,2024-05-04,Education,United States,Mid-Market
CU010062,Account 010062,2023-01-12,Retail,Australia,Enterprise
CU010063,Account 010063,2023-02-28,Retail,Australia,Enterprise
CU010064,Account 010064,2025-12-19,Software,Germany,Mid-Market
CU010065,Account 010065,2022-11-15,Professional Services,United Kingdom,Enterprise
CU010066,Account 010066,2025-05-04,Retail,United Kingdom,SMB
CU010067,Account 010067,2022-08-05,Manufacturing,Singapore,SMB
CU010068,Account 010068,2025-04-14,Software,Canada,Enterprise
CU010069,Account 010069,2023-08-17,Professional Services,Australia,Enterprise
CU010070,Account 010070,2025-06-03,Software,Australia,Enterprise
CU010071,Account 010071,2024-10-18,Retail,Canada,Mid-Market
CU010072,Account 010072,2022-03-02,Education,United States,Enterprise
CU010073,Account 010073,2023-11-01,Finance,Singapore,SMB
CU010074,Account 010074,2022-09-09,Professional Services,United Kingdom,Enterprise
CU010075,Account 010075,2022-09-16,Finance,Canada,Mid-Market
CU010076,Account 010076,2022-10-29,Education,Germany,Enterprise
CU010077,Account 010077,2026-05-17,Education,United States,SMB
CU010078,Account 010078,2022-08-22,Software,Canada,Mid-Market
CU010079,Account 010079,2023-04-11,Manufacturing,Canada,SMB
CU010080,Account 010080,2024-10-01,Software,Germany,Enterprise
CU010081,Account 010081,2024-12-24,Professional Services,United Kingdom,SMB
CU010082,Account 010082,2023-10-03,Manufacturing,Australia,Enterprise
CU010083,Account 010083,2025-10-08,Education,United Kingdom,SMB
CU010084,Account 010084,2026-04-29,Manufacturing,Germany,Enterprise
CU010085,Account 010085,2023-02-03,Healthcare,United Kingdom,Mid-Market
CU010086,Account 010086,2024-06-22,Retail,Canada,SMB
CU010087,Account 010087,2023-01-03,Education,Germany,SMB
CU010088,Account 010088,2025-06-05,Education,United Kingdom,Enterprise
CU010089,Account 010089,2025-05-23,Education,Germany,Enterprise
CU010090,Account 010090,2022-02-19,Software,Singapore,SMB
CU010091,Account 010091,2022-05-11,Manufacturing,Singapore,Enterprise
CU010092,Account 010092,2022-05-07,Manufacturing,Australia,Mid-Market
CU010093,Account 010093,2023-12-25,Education,Canada,Enterprise
CU010094,Account 010094,2023-09-08,Manufacturing,Singapore,Mid-Market
CU010095,Account 010095,2022-10-07,Healthcare,United Kingdom,Enterprise
CU010096,Account 010096,2025-12-13,Professional Services,Singapore,Enterprise
CU010097,Account 010097,2025-01-08,Retail,Singapore,SMB
CU010098,Account 010098,2026-02-07,Software,Australia,Enterprise
CU010099,Account 010099,2024-12-25,Finance,Canada,Enterprise
CU010100,Account 010100,2025-02-07,Retail,United Kingdom,Enterprise
CU010101,Account 010101,2026-04-27,Retail,Australia,Mid-Market
CU010102,Account 010102,2023-12-11,Finance,United States,Enterprise
CU010103,Account 010103,2024-02-27,Education,Singapore,Mid-Market
CU010104,Account 010104,2022-12-20,Professional Services,United States,Enterprise
CU010105,Account 010105,2025-12-30,Finance,United Kingdom,Mid-Market
CU010106,Account 010106,2022-02-10,Education,Germany,Mid-Market
CU010107,Account 010107,2023-02-02,Healthcare,United Kingdom,SMB
CU010108,Account 010108,2024-02-08,Software,Germany,Mid-Market
CU010109,Account 010109,2023-09-24,Software,Canada,Mid-Market
CU010110,Account 010110,2026-04-17,Software,Australia,SMB
CU010111,Account 010111,2025-02-08,Retail,Australia,Enterprise
CU010112,Account 010112,2023-05-01,Education,Germany,Enterprise
CU010113,Account 010113,2024-04-09,Professional Services,United Kingdom,Enterprise
CU010114,Account 010114,2026-01-09,Healthcare,United Kingdom,SMB
CU010115,Account 010115,2025-05-08,Healthcare,Singapore,Enterprise
CU010116,Account 010116,2025-11-09,Finance,Australia,Mid-Market
CU010117,Account 010117,2025-08-30,Software,Germany,SMB
CU010118,Account 010118,2024-12-16,Software,Germany,SMB
CU010119,Account 010119,2023-12-05,Software,Germany,Mid-Market
CU010120,Account 010120,2023-12-23,Software,United States,Mid-Market
CU010121,Account 010121,2023-07-05,Education,United Kingdom,Enterprise
CU010122,Account 010122,2023-03-23,Professional Services,Germany,Mid-Market
CU010123,Account 010123,2024-07-17,Professional Services,United States,Enterprise
CU010124,Account 010124,2022-08-15,Healthcare,United States,Enterprise
CU010125,Account 010125,2025-04-02,Healthcare,United States,SMB
CU010126,Account 010126,2025-10-26,Healthcare,Singapore,Mid-Market
CU010127,Account 010127,2024-01-15,Software,Germany,Mid-Market
CU010128,Account 010128,2025-08-21,Education,Germany,Mid-Market
CU010129,Account 010129,2024-12-12,Retail,United Kingdom,Enterprise
CU010130,Account 010130,2023-08-24,Professional Services,Canada,SMB
CU010131,Account 010131,2025-07-08,Retail,Australia,SMB
CU010132,Account 010132,2025-02-16,Finance,Singapore,SMB
CU010133,Account 010133,2025-03-15,Manufacturing,Singapore,Enterprise
CU010134,Account 010134,2024-06-21,Retail,United Kingdom,SMB
CU010135,Account 010135,2022-10-02,Education,Singapore,SMB
CU010136,Account 010136,2024-03-10,Finance,United Kingdom,Mid-Market
CU010137,Account 010137,2022-12-21,Finance,United States,Mid-Market
CU010138,Account 010138,2025-02-24,Healthcare,Germany,SMB
CU010139,Account 010139,2022-05-01,Professional Services,United Kingdom,Mid-Market
CU010140,Account 010140,2025-12-15,Manufacturing,United Kingdom,Enterprise
CU010141,Account 010141,2022-01-28,Retail,Singapore,SMB
CU010142,Account 010142,2022-10-02,Professional Services,Germany,Mid-Market
CU010143,Account 010143,2023-01-14,Education,Germany,Enterprise
CU010144,Account 010144,2022-04-22,Education,Germany,Enterprise
CU010145,Account 010145,2025-09-15,Professional Services,United States,Enterprise
CU010146,Account 010146,2024-12-06,Retail,Canada,Mid-Market
CU010147,Account 010147,2026-05-18,Retail,United States,Enterprise
CU010148,Account 010148,2023-11-02,Software,Australia,Enterprise
CU010149,Account 010149,2022-05-09,Finance,Australia,Mid-Market
CU010150,Account 010150,2025-03-06,Software,Singapore,Enterprise
CU010151,Account 010151,2023-11-29,Healthcare,Australia,Enterprise
CU010152,Account 010152,2026-03-12,Healthcare,United Kingdom,Mid-Market
CU010153,Account 010153,2024-08-04,Finance,Canada,Mid-Market
CU010154,Account 010154,2023-10-03,Software,Germany,Mid-Market
CU010155,Account 010155,2025-01-21,Finance,United States,Mid-Market
CU010156,Account 010156,2023-12-19,Retail,Australia,Mid-Market
CU010157,Account 010157,2025-05-15,Finance,United States,SMB
CU010158,Account 010158,2025-09-18,Professional Services,Singapore,SMB
CU010159,Account 010159,2025-07-20,Healthcare,Canada,SMB
CU010160,Account 010160,2024-11-19,Education,Singapore,Mid-Market
CU010161,Account 010161,2026-02-23,Education,Singapore,SMB
CU010162,Account 010162,2026-04-26,Professional Services,Singapore,SMB
CU010163,Account 010163,2022-08-28,Software,Germany,Mid-Market
CU010164,Account 010164,2023-12-06,Finance,Australia,SMB
CU010165,Account 010165,2024-10-15,Manufacturing,United Kingdom,Enterprise
CU010166,Account 010166,2023-11-08,Software,Germany,Mid-Market
CU010167,Account 010167,2024-10-10,Software,United States,Mid-Market
CU010168,Account 010168,2023-11-09,Education,Australia,SMB
CU010169,Account 010169,2025-07-29,Retail,Australia,Mid-Market
CU010170,Account 010170,2023-08-31,Manufacturing,United Kingdom,Enterprise
CU010171,Account 010171,2023-08-26,Professional Services,United States,SMB
CU010172,Account 010172,2024-12-22,Retail,Singapore,SMB
CU010173,Account 010173,2025-08-04,Healthcare,Australia,Mid-Market
CU010174,Account 010174,2023-07-27,Software,Germany,Enterprise
CU010175,Account 010175,2023-09-07,Healthcare,United Kingdom,Enterprise
CU010176,Account 010176,2022-11-23,Retail,Canada,Mid-Market
CU010177,Account 010177,2023-04-11,Retail,United States,Enterprise
CU010178,Account 010178,2022-11-20,Retail,Canada,Enterprise
CU010179,Account 010179,2022-02-17,Finance,United States,Enterprise
CU010180,Account 010180,2025-03-30,Retail,United Kingdom,Mid-Market
CU010181,Account 010181,2024-11-30,Professional Services,United Kingdom,Mid-Market
CU010182,Account 010182,2023-06-10,Education,Australia,SMB
CU010183,Account 010183,2025-01-01,Retail,Singapore,Mid-Market
CU010184,Account 010184,2023-05-21,Finance,Singapore,Mid-Market
CU010185,Account 010185,2023-12-27,Manufacturing,United Kingdom,Mid-Market
CU010186,Account 010186,2025-06-24,Professional Services,Australia,Enterprise
CU010187,Account 010187,2023-03-31,Retail,Canada,Enterprise
CU010188,Account 010188,2023-09-30,Finance,United States,Mid-Market
CU010189,Account 010189,2024-10-29,Retail,United Kingdom,Enterprise
CU010190,Account 010190,2023-03-19,Retail,Germany,Enterprise
CU010191,Account 010191,2025-03-21,Manufacturing,United Kingdom,Enterprise
CU010192,Account 010192,2025-11-17,Professional Services,Germany,Enterprise
CU010193,Account 010193,2025-02-20,Manufacturing,Singapore,SMB
CU010194,Account 010194,2022-01-08,Retail,United States,SMB
CU010195,Account 010195,2022-09-16,Software,Canada,SMB
CU010196,Account 010196,2024-05-20,Software,Canada,SMB
CU010197,Account 010197,2026-03-29,Healthcare,Germany,SMB
CU010198,Account 010198,2022-12-25,Professional Services,Canada,Mid-Market
CU010199,Account 010199,2023-05-11,Retail,United Kingdom,Mid-Market
CU010200,Account 010200,2023-02-10,Retail,United Kingdom,Mid-Market
CU010201,Account 010201,2023-07-25,Healthcare,United States,Mid-Market
CU010202,Account 010202,2023-07-03,Healthcare,Australia,Mid-Market
CU010203,Account 010203,2024-03-27,Finance,Canada,SMB
CU010204,Account 010204,2023-10-26,Software,Germany,Enterprise
CU010205,Account 010205,2023-10-01,Retail,Singapore,SMB
CU010206,Account 010206,2022-06-06,Retail,United Kingdom,Mid-Market
CU010207,Account 010207,2026-06-19,Professional Services,Germany,Enterprise
CU010208,Account 010208,2025-02-19,Finance,Canada,Mid-Market
CU010209,Account 010209,2023-04-14,Software,United Kingdom,Mid-Market
CU010210,Account 010210,2024-10-10,Finance,Germany,Mid-Market
CU010211,Account 010211,2024-02-10,Healthcare,United Kingdom,Mid-Market
CU010212,Account 010212,2023-08-23,Software,Singapore,Enterprise
CU010213,Account 010213,2022-08-19,Healthcare,United States,Mid-Market
CU010214,Account 010214,2024-12-09,Retail,Canada,SMB
CU010215,Account 010215,2025-01-08,Professional Services,Germany,Enterprise
CU010216,Account 010216,2022-03-11,Education,United Kingdom,Enterprise
CU010217,Account 010217,2024-12-01,Manufacturing,Germany,SMB
CU010218,Account 010218,2025-02-11,Finance,Germany,Enterprise
CU010219,Account 010219,2022-03-12,Professional Services,Australia,Mid-Market
CU010220,Account 010220,2024-04-13,Professional Services,Singapore,Mid-Market
CU010221,Account 010221,2024-03-07,Healthcare,Singapore,Mid-Market
CU010222,Account 010222,2023-05-14,Healthcare,Singapore,SMB
CU010223,Account 010223,2026-01-27,Education,Singapore,Mid-Market
CU010224,Account 010224,2022-10-22,Education,United Kingdom,Enterprise
CU010225,Account 010225,2022-02-13,Software,Australia,SMB
CU010226,Account 010226,2024-03-25,Education,Germany,SMB
CU010227,Account 010227,2026-02-17,Software,Canada,SMB
CU010228,Account 010228,2024-11-06,Healthcare,United States,Mid-Market
CU010229,Account 010229,2026-03-27,Retail,United Kingdom,Enterprise
CU010230,Account 010230,2025-11-24,Software,Canada,Enterprise
CU010231,Account 010231,2022-06-23,Retail,United States,Enterprise
CU010232,Account 010232,2025-09-08,Software,Singapore,Enterprise
CU010233,Account 010233,2023-11-12,Education,Canada,Mid-Market
CU010234,Account 010234,2022-11-27,Finance,Australia,Mid-Market
CU010235,Account 010235,2024-09-12,Finance,Germany,Mid-Market
CU010236,Account 010236,2026-03-15,Manufacturing,United Kingdom,SMB
CU010237,Account 010237,2022-09-06,Software,Germany,Mid-Market
CU010238,Account 010238,2023-11-22,Education,Singapore,Enterprise
CU010239,Account 010239,2023-03-30,Education,Singapore,Mid-Market
CU010240,Account 010240,2023-02-07,Professional Services,Singapore,SMB
CU010241,Account 010241,2023-03-14,Manufacturing,United Kingdom,SMB
CU010242,Account 010242,2026-04-08,Finance,United States,SMB
CU010243,Account 010243,2024-06-24,Finance,Canada,SMB
CU010244,Account 010244,2024-09-03,Finance,Australia,SMB
CU010245,Account 010245,2024-11-01,Finance,Singapore,SMB
CU010246,Account 010246,2024-07-11,Manufacturing,Canada,Mid-Market
CU010247,Account 010247,2025-01-07,Retail,United Kingdom,SMB
CU010248,Account 010248,2023-04-28,Software,Canada,SMB
CU010249,Account 010249,2025-01-03,Professional Services,Singapore,Mid-Market
CU010250,Account 010250,2025-09-25,Finance,United States,Mid-Market
CU010251,Account 010251,2024-02-23,Healthcare,Singapore,SMB
CU010252,Account 010252,2024-05-20,Retail,Germany,Mid-Market
CU010253,Account 010253,2024-03-05,Software,Canada,SMB
CU010254,Account 010254,2023-03-01,Manufacturing,Germany,Enterprise
CU010255,Account 010255,2025-07-25,Healthcare,Canada,Enterprise
CU010256,Account 010256,2022-03-08,Manufacturing,United Kingdom,SMB
CU010257,Account 010257,2025-06-09,Education,United Kingdom,Enterprise
CU010258,Account 010258,2026-04-24,Education,Singapore,Enterprise
CU010259,Account 010259,2024-05-20,Retail,Germany,SMB
CU010260,Account 010260,2022-04-27,Finance,Australia,Mid-Market
CU010261,Account 010261,2023-04-06,Manufacturing,United States,Enterprise
CU010262,Account 010262,2025-05-27,Education,Canada,SMB
CU010263,Account 010263,2024-05-15,Healthcare,Germany,SMB
CU010264,Account 010264,2022-08-23,Healthcare,Germany,Enterprise
CU010265,Account 010265,2023-03-18,Retail,United States,Mid-Market
CU010266,Account 010266,2022-03-13,Retail,United States,Enterprise
CU010267,Account 010267,2025-02-22,Finance,Germany,Enterprise
CU010268,Account 010268,2023-01-10,Finance,United Kingdom,Enterprise
CU010269,Account 010269,2025-01-09,Manufacturing,Singapore,Enterprise
CU010270,Account 010270,2025-10-20,Professional Services,Singapore,Mid-Market
CU010271,Account 010271,2026-02-11,Finance,Canada,Mid-Market
CU010272,Account 010272,2025-11-07,Retail,Canada,SMB
CU010273,Account 010273,2022-12-17,Finance,Singapore,Mid-Market
CU010274,Account 010274,2024-06-07,Professional Services,United States,SMB
CU010275,Account 010275,2023-09-16,Manufacturing,Germany,SMB
CU010276,Account 010276,2024-10-14,Professional Services,Australia,SMB
CU010277,Account 010277,2025-07-19,Retail,United States,Enterprise
CU010278,Account 010278,2024-04-01,Manufacturing,Germany,Enterprise
CU010279,Account 010279,2023-02-24,Professional Services,Germany,SMB
CU010280,Account 010280,2025-04-20,Professional Services,United Kingdom,Enterprise
CU010281,Account 010281,2024-02-12,Software,United States,Mid-Market
CU010282,Account 010282,2026-05-25,Healthcare,United States,Mid-Market
CU010283,Account 010283,2023-02-25,Education,Singapore,Enterprise
CU010284,Account 010284,2023-10-16,Retail,Canada,SMB
CU010285,Account 010285,2022-03-20,Professional Services,Germany,Mid-Market
CU010286,Account 010286,2024-05-25,Software,Germany,Enterprise
CU010287,Account 010287,2023-02-24,Software,Singapore,SMB
CU010288,Account 010288,2025-08-01,Professional Services,United Kingdom,Mid-Market
CU010289,Account 010289,2023-08-14,Retail,United Kingdom,SMB
CU010290,Account 010290,2026-03-01,Manufacturing,Germany,Enterprise
CU010291,Account 010291,2023-04-20,Manufacturing,Australia,SMB
CU010292,Account 010292,2025-11-08,Finance,United States,Enterprise
CU010293,Account 010293,2023-09-01,Software,United Kingdom,SMB
CU010294,Account 010294,2022-05-06,Software,Canada,SMB
CU010295,Account 010295,2024-08-26,Software,Australia,SMB
CU010296,Account 010296,2025-06-05,Professional Services,United Kingdom,Enterprise
CU010297,Account 010297,2025-06-15,Finance,Germany,Mid-Market
CU010298,Account 010298,2023-12-05,Finance,Singapore,SMB
CU010299,Account 010299,2022-07-29,Education,Germany,Mid-Market
CU010300,Account 010300,2022-08-13,Education,Germany,SMB
CU010301,Account 010301,2023-06-01,Healthcare,Canada,Mid-Market
CU010302,Account 010302,2023-08-13,Finance,Singapore,Enterprise
CU010303,Account 010303,2025-08-13,Education,United Kingdom,Enterprise
CU010304,Account 010304,2022-07-01,Software,United Kingdom,Enterprise
CU010305,Account 010305,2022-04-17,Finance,Germany,SMB
CU010306,Account 010306,2022-03-01,Professional Services,Australia,SMB
CU010307,Account 010307,2022-06-07,Retail,Singapore,SMB
CU010308,Account 010308,2022-02-14,Finance,United Kingdom,Enterprise
CU010309,Account 010309,2022-09-08,Software,Australia,Enterprise
CU010310,Account 010310,2022-03-18,Finance,Singapore,Enterprise
CU010311,Account 010311,2026-03-31,Finance,Australia,Mid-Market
CU010312,Account 010312,2025-08-12,Software,Australia,SMB
CU010313,Account 010313,2023-10-19,Professional Services,Australia,Enterprise
CU010314,Account 010314,2023-06-21,Education,United States,SMB
CU010315,Account 010315,2026-06-01,Finance,Canada,Mid-Market
CU010316,Account 010316,2022-10-07,Finance,Australia,Enterprise
CU010317,Account 010317,2025-06-07,Education,Canada,Enterprise
CU010318,Account 010318,2023-11-02,Finance,United States,Mid-Market
CU010319,Account 010319,2025-11-03,Manufacturing,Singapore,SMB
CU010320,Account 010320,2022-08-09,Professional Services,Singapore,Enterprise
CU010321,Account 010321,2026-03-01,Retail,Germany,Mid-Market
CU010322,Account 010322,2022-07-10,Finance,Germany,Enterprise
CU010323,Account 010323,2026-01-09,Professional Services,United States,Enterprise
CU010324,Account 010324,2024-02-21,Professional Services,United Kingdom,Enterprise
CU010325,Account 010325,2022-01-30,Finance,Singapore,Enterprise
CU010326,Account 010326,2025-11-22,Finance,Australia,Enterprise
CU010327,Account 010327,2025-11-30,Retail,Australia,SMB
CU010328,Account 010328,2024-02-05,Healthcare,Singapore,SMB
CU010329,Account 010329,2024-11-14,Manufacturing,Singapore,Mid-Market
CU010330,Account 010330,2022-05-02,Retail,Canada,Enterprise
CU010331,Account 010331,2024-01-18,Professional Services,United States,Enterprise
CU010332,Account 010332,2023-02-13,Education,Australia,Mid-Market
CU010333,Account 010333,2023-05-21,Finance,Germany,SMB
CU010334,Account 010334,2024-07-20,Retail,Australia,Enterprise
CU010335,Account 010335,2026-05-05,Finance,United States,Enterprise
CU010336,Account 010336,2023-05-21,Retail,Canada,SMB
CU010337,Account 010337,2025-07-10,Professional Services,United States,Enterprise
CU010338,Account 010338,2022-02-25,Healthcare,United States,SMB
CU010339,Account 010339,2025-12-06,Professional Services,Australia,SMB
CU010340,Account 010340,2025-06-12,Finance,Singapore,Mid-Market
CU010341,Account 010341,2023-11-03,Education,United States,Mid-Market
CU010342,Account 010342,2025-02-12,Manufacturing,United Kingdom,SMB
CU010343,Account 010343,2022-12-08,Retail,United States,SMB
CU010344,Account 010344,2025-08-18,Education,Singapore,Mid-Market
CU010345,Account 010345,2024-12-03,Finance,Singapore,Enterprise
CU010346,Account 010346,2024-08-31,Manufacturing,United Kingdom,Enterprise
CU010347,Account 010347,2026-03-09,Education,Germany,Mid-Market
CU010348,Account 010348,2022-06-25,Education,United States,SMB
CU010349,Account 010349,2026-03-13,Education,Australia,Enterprise
CU010350,Account 010350,2023-01-11,Professional Services,United Kingdom,Enterprise
CU010351,Account 010351,2024-08-18,Education,United Kingdom,SMB
CU010352,Account 010352,2024-09-03,Software,Canada,Mid-Market
CU010353,Account 010353,2026-04-20,Retail,Singapore,Enterprise
CU010354,Account 010354,2026-01-10,Healthcare,Canada,SMB
CU010355,Account 010355,2023-06-26,Professional Services,Germany,Enterprise
CU010356,Account 010356,2023-01-01,Healthcare,United Kingdom,Enterprise
CU010357,Account 010357,2026-01-20,Finance,Singapore,SMB
CU010358,Account 010358,2023-02-27,Finance,United Kingdom,SMB
CU010359,Account 010359,2022-03-28,Manufacturing,Singapore,Mid-Market
CU010360,Account 010360,2022-01-30,Finance,United Kingdom,Enterprise
CU010361,Account 010361,2022-02-22,Healthcare,Australia,Enterprise
CU010362,Account 010362,2025-10-18,Software,United Kingdom,Enterprise
CU010363,Account 010363,2026-02-15,Retail,Canada,SMB
CU010364,Account 010364,2023-04-11,Retail,United States,Mid-Market
CU010365,Account 010365,2026-04-13,Professional Services,Germany,SMB
CU010366,Account 010366,2026-01-20,Manufacturing,Germany,Mid-Market
CU010367,Account 010367,2023-07-22,Software,Singapore,SMB
CU010368,Account 010368,2022-09-21,Retail,United States,SMB
CU010369,Account 010369,2024-09-12,Manufacturing,Singapore,SMB
CU010370,Account 010370,2022-07-11,Retail,Singapore,SMB
CU010371,Account 010371,2024-12-06,Healthcare,Singapore,Enterprise
CU010372,Account 010372,2024-08-26,Education,Australia,Enterprise
CU010373,Account 010373,2026-01-15,Manufacturing,United Kingdom,SMB
CU010374,Account 010374,2025-05-11,Manufacturing,United States,Enterprise
CU010375,Account 010375,2026-03-30,Retail,United Kingdom,Enterprise
CU010376,Account 010376,2023-01-20,Professional Services,Singapore,SMB
CU010377,Account 010377,2023-05-27,Manufacturing,United Kingdom,Mid-Market
CU010378,Account 010378,2025-01-17,Software,Canada,SMB
CU010379,Account 010379,2024-07-14,Finance,Germany,SMB
CU010380,Account 010380,2023-05-23,Professional Services,Canada,Enterprise
CU010381,Account 010381,2023-05-19,Healthcare,Canada,Enterprise
CU010382,Account 010382,2025-08-08,Finance,Canada,Mid-Market
CU010383,Account 010383,2024-05-04,Professional Services,United States,Enterprise
CU010384,Account 010384,2024-05-27,Finance,Singapore,SMB
CU010385,Account 010385,2023-09-15,Finance,Singapore,Mid-Market
CU010386,Account 010386,2026-04-11,Healthcare,Singapore,Enterprise
CU010387,Account 010387,2025-08-14,Education,Australia,Mid-Market
CU010388,Account 010388,2025-01-23,Professional Services,Germany,SMB
CU010389,Account 010389,2022-10-31,Healthcare,United Kingdom,Enterprise
CU010390,Account 010390,2022-03-21,Education,Canada,Enterprise
CU010391,Account 010391,2023-05-06,Finance,United Kingdom,Mid-Market
CU010392,Account 010392,2022-09-24,Retail,Singapore,SMB
CU010393,Account 010393,2025-03-16,Manufacturing,United States,SMB
CU010394,Account 010394,2025-02-13,Healthcare,Canada,Enterprise
CU010395,Account 010395,2023-12-03,Manufacturing,Germany,Mid-Market
CU010396,Account 010396,2024-10-19,Education,United Kingdom,SMB
CU010397,Account 010397,2025-01-20,Finance,Singapore,SMB
CU010398,Account 010398,2024-06-11,Retail,Singapore,Mid-Market
CU010399,Account 010399,2023-10-04,Education,Singapore,Mid-Market
CU010400,Account 010400,2022-10-17,Software,Canada,SMB
CU010401,Account 010401,2026-01-23,Professional Services,Australia,Mid-Market
CU010402,Account 010402,2025-09-03,Manufacturing,Singapore,SMB
CU010403,Account 010403,2024-08-15,Software,United Kingdom,SMB
CU010404,Account 010404,2023-08-04,Finance,Canada,SMB
CU010405,Account 010405,2025-01-17,Manufacturing,Singapore,SMB
CU010406,Account 010406,2026-06-04,Software,United Kingdom,Enterprise
CU010407,Account 010407,2023-01-04,Software,Canada,Enterprise
CU010408,Account 010408,2024-08-21,Software,Australia,SMB
CU010409,Account 010409,2022-10-11,Software,Canada,SMB
CU010410,Account 010410,2024-10-18,Retail,Canada,SMB
CU010411,Account 010411,2026-04-27,Healthcare,United States,Mid-Market
CU010412,Account 010412,2026-05-10,Software,Singapore,Mid-Market
CU010413,Account 010413,2023-11-14,Healthcare,Germany,Enterprise
CU010414,Account 010414,2025-02-03,Healthcare,Singapore,Mid-Market
CU010415,Account 010415,2024-08-15,Education,Singapore,Mid-Market
CU010416,Account 010416,2024-05-19,Professional Services,Canada,Mid-Market
CU010417,Account 010417,2022-10-05,Software,Canada,Mid-Market
CU010418,Account 010418,2022-04-16,Manufacturing,Australia,Mid-Market
CU010419,Account 010419,2025-11-07,Software,Australia,Mid-Market
CU010420,Account 010420,2024-10-26,Finance,Canada,Enterprise
CU010421,Account 010421,2022-10-25,Healthcare,Germany,SMB
CU010422,Account 010422,2026-01-06,Retail,United Kingdom,Enterprise
CU010423,Account 010423,2022-04-10,Software,Germany,Enterprise
CU010424,Account 010424,2024-02-05,Healthcare,Germany,SMB
CU010425,Account 010425,2025-03-12,Retail,United Kingdom,Mid-Market
CU010426,Account 010426,2023-01-02,Retail,Singapore,Enterprise
CU010427,Account 010427,2024-05-25,Education,Singapore,SMB
CU010428,Account 010428,2025-09-21,Professional Services,United Kingdom,Mid-Market
CU010429,Account 010429,2026-04-15,Software,Germany,SMB
CU010430,Account 010430,2024-10-18,Manufacturing,Australia,Enterprise
CU010431,Account 010431,2022-01-02,Education,Australia,SMB
CU010432,Account 010432,2024-10-27,Software,Singapore,SMB
CU010433,Account 010433,2024-08-17,Healthcare,Canada,Enterprise
CU010434,Account 010434,2025-11-02,Education,Canada,SMB
CU010435,Account 010435,2023-08-26,Software,United States,Enterprise
CU010436,Account 010436,2022-11-17,Retail,United States,Mid-Market
CU010437,Account 010437,2023-05-26,Education,Singapore,Enterprise
CU010438,Account 010438,2026-03-25,Software,Germany,Mid-Market
CU010439,Account 010439,2025-02-20,Software,Australia,Enterprise
CU010440,Account 010440,2025-01-13,Finance,Singapore,Enterprise
CU010441,Account 010441,2022-02-10,Manufacturing,Australia,Enterprise
CU010442,Account 010442,2022-06-21,Retail,Singapore,Mid-Market
CU010443,Account 010443,2022-09-04,Manufacturing,United States,Mid-Market
CU010444,Account 010444,2022-01-17,Retail,Australia,SMB
CU010445,Account 010445,2025-11-23,Retail,Singapore,SMB
CU010446,Account 010446,2026-04-15,Retail,Canada,SMB
CU010447,Account 010447,2025-10-02,Professional Services,Australia,Mid-Market
CU010448,Account 010448,2024-08-31,Education,Singapore,Enterprise
CU010449,Account 010449,2024-01-20,Manufacturing,Singapore,Enterprise
CU010450,Account 010450,2022-02-25,Healthcare,Australia,Enterprise
CU010451,Account 010451,2026-03-09,Professional Services,Australia,Mid-Market
CU010452,Account 010452,2025-03-27,Finance,Singapore,Mid-Market
CU010453,Account 010453,2024-10-25,Healthcare,United States,SMB
CU010454,Account 010454,2024-12-11,Finance,Australia,Mid-Market
CU010455,Account 010455,2026-04-04,Professional Services,Canada,SMB
CU010456,Account 010456,2022-06-25,Education,Australia,SMB
CU010457,Account 010457,2023-04-11,Professional Services,Australia,Enterprise
CU010458,Account 010458,2024-02-23,Retail,Singapore,Enterprise
CU010459,Account 010459,2025-02-28,Software,United Kingdom,Mid-Market
CU010460,Account 010460,2023-11-26,Professional Services,Singapore,SMB
CU010461,Account 010461,2025-01-19,Finance,United States,Mid-Market
CU010462,Account 010462,2024-04-24,Healthcare,Canada,Enterprise
CU010463,Account 010463,2022-03-01,Finance,United Kingdom,Mid-Market
CU010464,Account 010464,2026-03-28,Professional Services,United Kingdom,SMB
CU010465,Account 010465,2025-08-04,Manufacturing,Canada,Mid-Market
CU010466,Account 010466,2025-01-01,Professional Services,Singapore,Enterprise
CU010467,Account 010467,2024-10-05,Healthcare,United States,Mid-Market
CU010468,Account 010468,2022-09-02,Retail,United States,Mid-Market
CU010469,Account 010469,2024-03-25,Retail,Singapore,Enterprise
CU010470,Account 010470,2022-01-28,Finance,Australia,Enterprise
CU010471,Account 010471,2026-05-14,Software,United States,Mid-Market
CU010472,Account 010472,2026-06-05,Finance,United States,SMB
CU010473,Account 010473,2023-01-10,Professional Services,Canada,Mid-Market
CU010474,Account 010474,2023-01-14,Professional Services,United States,SMB
CU010475,Account 010475,2022-08-26,Education,Singapore,Enterprise
CU010476,Account 010476,2025-01-20,Finance,Australia,Mid-Market
CU010477,Account 010477,2025-03-15,Education,United Kingdom,Enterprise
CU010478,Account 010478,2022-03-23,Retail,Singapore,Mid-Market
CU010479,Account 010479,2024-03-31,Education,Canada,SMB
CU010480,Account 010480,2024-03-14,Healthcare,United Kingdom,Enterprise
CU010481,Account 010481,2025-01-22,Retail,Singapore,Enterprise
CU010482,Account 010482,2022-01-24,Education,Germany,Enterprise
CU010483,Account 010483,2025-09-20,Retail,Australia,Enterprise
CU010484,Account 010484,2023-04-07,Software,Germany,Enterprise
CU010485,Account 010485,2024-10-04,Software,Singapore,SMB
CU010486,Account 010486,2025-11-23,Manufacturing,United Kingdom,Enterprise
CU010487,Account 010487,2025-12-28,Healthcare,Australia,Enterprise
CU010488,Account 010488,2025-11-09,Education,United Kingdom,Enterprise
CU010489,Account 010489,2024-04-25,Finance,United Kingdom,Mid-Market
CU010490,Account 010490,2024-10-02,Education,United Kingdom,SMB
CU010491,Account 010491,2024-04-27,Professional Services,Germany,Mid-Market
CU010492,Account 010492,2026-02-21,Education,Singapore,Mid-Market
CU010493,Account 010493,2024-10-10,Retail,Canada,Mid-Market
CU010494,Account 010494,2022-07-06,Manufacturing,United States,Enterprise
CU010495,Account 010495,2023-11-06,Software,Australia,SMB
CU010496,Account 010496,2025-11-23,Retail,United States,Mid-Market
CU010497,Account 010497,2025-06-26,Healthcare,Australia,Mid-Market
CU010498,Account 010498,2024-01-03,Healthcare,Canada,Mid-Market
CU010499,Account 010499,2024-04-24,Software,United States,Enterprise
CU010500,Account 010500,2025-10-31,Professional Services,Australia,Mid-Market
CU010501,Account 010501,2025-10-15,Software,United States,SMB
CU010502,Account 010502,2024-12-24,Retail,Australia,Enterprise
CU010503,Account 010503,2022-04-27,Professional Services,United States,SMB
CU010504,Account 010504,2022-12-13,Software,Singapore,Enterprise
CU010505,Account 010505,2024-09-05,Manufacturing,Germany,Mid-Market
CU010506,Account 010506,2025-01-19,Healthcare,Germany,Enterprise
CU010507,Account 010507,2025-02-11,Professional Services,United Kingdom,SMB
CU010508,Account 010508,2022-02-27,Software,Australia,SMB
CU010509,Account 010509,2023-09-10,Manufacturing,United Kingdom,Mid-Market
CU010510,Account 010510,2022-07-10,Retail,Australia,Enterprise
CU010511,Account 010511,2025-10-23,Professional Services,United States,Enterprise
CU010512,Account 010512,2023-11-24,Software,United Kingdom,Mid-Market
CU010513,Account 010513,2023-12-16,Software,Canada,Mid-Market
CU010514,Account 010514,2024-06-19,Manufacturing,United States,Enterprise
CU010515,Account 010515,2022-09-28,Software,Germany,SMB
CU010516,Account 010516,2023-06-26,Manufacturing,Singapore,Mid-Market
CU010517,Account 010517,2024-04-04,Retail,Singapore,SMB
CU010518,Account 010518,2024-04-06,Software,Singapore,SMB
CU010519,Account 010519,2023-02-15,Healthcare,Australia,Enterprise
CU010520,Account 010520,2023-06-25,Professional Services,Germany,SMB
CU010521,Account 010521,2023-02-11,Manufacturing,United States,Enterprise
CU010522,Account 010522,2022-04-06,Professional Services,Canada,Enterprise
CU010523,Account 010523,2026-01-06,Professional Services,United States,SMB
CU010524,Account 010524,2025-02-17,Retail,United Kingdom,SMB
CU010525,Account 010525,2023-12-25,Retail,Canada,Enterprise
CU010526,Account 010526,2022-01-19,Manufacturing,United States,Mid-Market
CU010527,Account 010527,2022-04-09,Retail,United Kingdom,Enterprise
CU010528,Account 010528,2023-02-04,Healthcare,Australia,Enterprise
CU010529,Account 010529,2026-05-23,Manufacturing,United States,Enterprise
CU010530,Account 010530,2025-07-23,Education,Australia,SMB
CU010531,Account 010531,2024-12-28,Manufacturing,Australia,SMB
CU010532,Account 010532,2022-03-23,Finance,Singapore,SMB
CU010533,Account 010533,2022-06-14,Finance,Singapore,SMB
CU010534,Account 010534,2023-03-19,Software,Canada,SMB
CU010535,Account 010535,2022-12-26,Healthcare,United Kingdom,Enterprise
CU010536,Account 010536,2024-07-12,Healthcare,Canada,SMB
CU010537,Account 010537,2025-12-25,Healthcare,Australia,SMB
CU010538,Account 010538,2023-04-11,Software,Australia,Mid-Market
CU010539,Account 010539,2024-03-29,Healthcare,Canada,Enterprise
CU010540,Account 010540,2023-04-13,Professional Services,Australia,SMB
CU010541,Account 010541,2024-10-27,Software,Australia,Mid-Market
CU010542,Account 010542,2024-10-12,Education,Germany,Enterprise
CU010543,Account 010543,2024-12-26,Finance,United States,Enterprise
CU010544,Account 010544,2022-03-31,Manufacturing,Australia,Mid-Market
CU010545,Account 010545,2022-07-14,Professional Services,Singapore,Mid-Market
CU010546,Account 010546,2023-12-28,Software,Germany,Enterprise
CU010547,Account 010547,2025-04-19,Professional Services,United Kingdom,Mid-Market
CU010548,Account 010548,2025-06-30,Software,United States,Enterprise
CU010549,Account 010549,2025-09-06,Software,Singapore,Mid-Market
CU010550,Account 010550,2022-12-11,Education,United Kingdom,Enterprise
CU010551,Account 010551,2022-07-10,Finance,United States,Mid-Market
CU010552,Account 010552,2023-06-14,Finance,United Kingdom,Enterprise
CU010553,Account 010553,2022-06-27,Professional Services,Australia,SMB
CU010554,Account 010554,2025-02-19,Software,Canada,Enterprise
CU010555,Account 010555,2022-07-30,Healthcare,Canada,Enterprise
CU010556,Account 010556,2026-05-07,Finance,Australia,Enterprise
CU010557,Account 010557,2022-08-22,Finance,United States,SMB
CU010558,Account 010558,2026-05-26,Finance,Germany,Mid-Market
CU010559,Account 010559,2022-02-18,Healthcare,Australia,Enterprise
CU010560,Account 010560,2022-09-24,Manufacturing,Singapore,Mid-Market
CU010561,Account 010561,2024-09-08,Software,Canada,Enterprise
CU010562,Account 010562,2023-10-07,Professional Services,United Kingdom,Enterprise
CU010563,Account 010563,2026-02-20,Manufacturing,United Kingdom,Enterprise
CU010564,Account 010564,2024-05-30,Professional Services,United Kingdom,SMB
CU010565,Account 010565,2022-01-20,Professional Services,Singapore,Enterprise
CU010566,Account 010566,2022-05-10,Professional Services,Singapore,Enterprise
CU010567,Account 010567,2024-06-19,Finance,Canada,Enterprise
CU010568,Account 010568,2023-01-16,Finance,Australia,Enterprise
CU010569,Account 010569,2025-01-07,Finance,Australia,Enterprise
CU010570,Account 010570,2023-04-11,Healthcare,Germany,Enterprise
CU010571,Account 010571,2022-08-15,Manufacturing,United Kingdom,SMB
CU010572,Account 010572,2024-07-16,Professional Services,United States,SMB
CU010573,Account 010573,2026-06-13,Retail,United Kingdom,Enterprise
CU010574,Account 010574,2025-02-23,Education,United States,Mid-Market
CU010575,Account 010575,2024-11-13,Manufacturing,Germany,Mid-Market
CU010576,Account 010576,2022-05-10,Healthcare,United Kingdom,Enterprise
CU010577,Account 010577,2025-07-14,Finance,United Kingdom,Enterprise
CU010578,Account 010578,2025-09-05,Manufacturing,Canada,Mid-Market
CU010579,Account 010579,2024-07-09,Education,Australia,Enterprise
CU010580,Account 010580,2023-12-01,Finance,Canada,SMB
CU010581,Account 010581,2025-03-06,Finance,Germany,SMB
CU010582,Account 010582,2025-02-14,Retail,Australia,Mid-Market
CU010583,Account 010583,2022-04-14,Manufacturing,Germany,Enterprise
CU010584,Account 010584,2025-12-13,Software,United States,Mid-Market
CU010585,Account 010585,2022-10-18,Education,Australia,SMB
CU010586,Account 010586,2025-12-26,Software,Germany,Mid-Market
CU010587,Account 010587,2023-04-12,Professional Services,Singapore,Enterprise
CU010588,Account 010588,2024-11-27,Education,United States,Mid-Market
CU010589,Account 010589,2023-08-10,Healthcare,Canada,Mid-Market
CU010590,Account 010590,2026-05-11,Retail,Singapore,Enterprise
CU010591,Account 010591,2023-09-21,Retail,Germany,Enterprise
CU010592,Account 010592,2025-03-04,Professional Services,Germany,Enterprise
CU010593,Account 010593,2026-03-15,Professional Services,United States,SMB
CU010594,Account 010594,2023-11-27,Software,Australia,SMB
CU010595,Account 010595,2024-04-14,Manufacturing,United Kingdom,Mid-Market
CU010596,Account 010596,2022-10-29,Manufacturing,Australia,SMB
CU010597,Account 010597,2025-04-21,Retail,Singapore,SMB
CU010598,Account 010598,2023-05-30,Software,Canada,Mid-Market
CU010599,Account 010599,2025-06-08,Healthcare,Canada,Mid-Market
CU010600,Account 010600,2024-06-27,Healthcare,Australia,SMB
CU010601,Account 010601,2022-05-11,Retail,United Kingdom,SMB
CU010602,Account 010602,2023-08-11,Retail,Australia,SMB
CU010603,Account 010603,2023-06-24,Software,Singapore,SMB
CU010604,Account 010604,2023-04-10,Retail,United States,Enterprise
CU010605,Account 010605,2025-04-27,Retail,Australia,SMB
CU010606,Account 010606,2025-10-06,Professional Services,Australia,Enterprise
CU010607,Account 010607,2023-03-19,Finance,United Kingdom,Mid-Market
CU010608,Account 010608,2024-06-26,Healthcare,Canada,SMB
CU010609,Account 010609,2024-12-15,Healthcare,United States,Mid-Market
CU010610,Account 010610,2022-02-14,Retail,Australia,SMB
CU010611,Account 010611,2023-02-01,Finance,Germany,Mid-Market
CU010612,Account 010612,2024-07-03,Manufacturing,Germany,SMB
CU010613,Account 010613,2022-09-09,Manufacturing,Germany,Enterprise
CU010614,Account 010614,2023-02-10,Professional Services,Australia,Enterprise
CU010615,Account 010615,2022-07-31,Retail,Singapore,Mid-Market
CU010616,Account 010616,2024-07-21,Finance,Australia,Enterprise
CU010617,Account 010617,2023-10-12,Education,Germany,SMB
CU010618,Account 010618,2022-05-07,Healthcare,Australia,SMB
CU010619,Account 010619,2024-10-15,Healthcare,Germany,Mid-Market
CU010620,Account 010620,2023-07-12,Manufacturing,United States,Enterprise
CU010621,Account 010621,2026-01-05,Professional Services,United Kingdom,SMB
CU010622,Account 010622,2022-09-19,Education,Canada,Mid-Market
CU010623,Account 010623,2026-04-01,Retail,Germany,Enterprise
CU010624,Account 010624,2026-05-29,Healthcare,Germany,Enterprise
CU010625,Account 010625,2022-05-08,Finance,Germany,Enterprise
CU010626,Account 010626,2023-05-24,Retail,Singapore,Enterprise
CU010627,Account 010627,2023-09-08,Education,Singapore,SMB
CU010628,Account 010628,2022-10-30,Finance,United States,SMB
CU010629,Account 010629,2025-09-22,Software,Singapore,Mid-Market
CU010630,Account 010630,2025-09-03,Education,Germany,Enterprise
CU010631,Account 010631,2022-01-04,Manufacturing,Singapore,Mid-Market
CU010632,Account 010632,2026-03-10,Professional Services,Australia,Mid-Market
CU010633,Account 010633,2023-10-02,Software,United States,Mid-Market
CU010634,Account 010634,2025-09-07,Healthcare,United States,SMB
CU010635,Account 010635,2024-03-30,Retail,Australia,Mid-Market
CU010636,Account 010636,2023-07-08,Software,Australia,SMB
CU010637,Account 010637,2024-12-07,Healthcare,Germany,Enterprise
CU010638,Account 010638,2022-07-31,Manufacturing,Canada,Mid-Market
CU010639,Account 010639,2022-06-20,Software,Canada,Enterprise
CU010640,Account 010640,2023-09-14,Retail,Singapore,Enterprise
CU010641,Account 010641,2022-09-24,Finance,Singapore,Enterprise
CU010642,Account 010642,2023-03-15,Software,Canada,Mid-Market
CU010643,Account 010643,2026-02-09,Finance,Canada,Mid-Market
CU010644,Account 010644,2026-02-03,Healthcare,Canada,Mid-Market
CU010645,Account 010645,2022-08-30,Finance,United States,Mid-Market
CU010646,Account 010646,2023-03-13,Finance,Canada,Mid-Market
CU010647,Account 010647,2023-06-28,Software,Germany,Enterprise
CU010648,Account 010648,2022-07-29,Professional Services,Canada,Enterprise
CU010649,Account 010649,2022-01-24,Professional Services,Germany,Enterprise
CU010650,Account 010650,2022-01-22,Professional Services,Singapore,Mid-Market
CU010651,Account 010651,2024-08-08,Retail,Australia,Mid-Market
CU010652,Account 010652,2022-02-23,Software,Canada,SMB
CU010653,Account 010653,2023-05-28,Education,Germany,Mid-Market
CU010654,Account 010654,2025-06-11,Finance,Singapore,Mid-Market
CU010655,Account 010655,2022-04-11,Software,Canada,Enterprise
CU010656,Account 010656,2025-08-31,Finance,Germany,Enterprise
CU010657,Account 010657,2022-06-16,Software,Germany,Mid-Market
CU010658,Account 010658,2022-03-04,Education,Singapore,Mid-Market
CU010659,Account 010659,2026-04-21,Professional Services,Canada,SMB
CU010660,Account 010660,2026-03-11,Finance,Canada,SMB
CU010661,Account 010661,2025-10-23,Professional Services,Australia,Mid-Market
CU010662,Account 010662,2023-07-07,Software,Germany,SMB
CU010663,Account 010663,2025-06-26,Retail,United Kingdom,SMB
CU010664,Account 010664,2025-08-02,Manufacturing,Canada,Mid-Market
CU010665,Account 010665,2022-05-27,Education,Germany,SMB
CU010666,Account 010666,2025-08-04,Manufacturing,United Kingdom,Enterprise
CU010667,Account 010667,2022-10-09,Finance,United States,SMB
CU010668,Account 010668,2023-10-30,Software,Singapore,Mid-Market
CU010669,Account 010669,2024-06-26,Professional Services,Canada,Enterprise
CU010670,Account 010670,2023-08-08,Education,Canada,SMB
CU010671,Account 010671,2023-07-11,Manufacturing,United Kingdom,Enterprise
CU010672,Account 010672,2022-05-17,Software,Australia,Enterprise
CU010673,Account 010673,2023-09-23,Retail,Germany,Enterprise
CU010674,Account 010674,2023-06-16,Retail,Singapore,Mid-Market
CU010675,Account 010675,2022-05-11,Software,Australia,SMB
CU010676,Account 010676,2024-03-16,Education,Singapore,Enterprise
CU010677,Account 010677,2022-09-10,Healthcare,Germany,Mid-Market
CU010678,Account 010678,2023-01-23,Software,Singapore,Mid-Market
CU010679,Account 010679,2022-07-18,Education,Canada,Mid-Market
CU010680,Account 010680,2024-01-19,Retail,Singapore,Enterprise
CU010681,Account 010681,2026-01-05,Manufacturing,Germany,Mid-Market
CU010682,Account 010682,2026-05-12,Healthcare,Canada,Mid-Market
CU010683,Account 010683,2024-02-18,Finance,United States,SMB
CU010684,Account 010684,2022-07-26,Education,Australia,Mid-Market
CU010685,Account 010685,2022-07-28,Education,Singapore,Enterprise
CU010686,Account 010686,2024-07-14,Software,Australia,Mid-Market
CU010687,Account 010687,2025-02-22,Professional Services,Singapore,SMB
CU010688,Account 010688,2022-04-03,Manufacturing,United Kingdom,Mid-Market
CU010689,Account 010689,2025-11-03,Education,United Kingdom,Mid-Market
CU010690,Account 010690,2023-06-20,Healthcare,United Kingdom,Enterprise
CU010691,Account 010691,2026-06-07,Manufacturing,United Kingdom,SMB
CU010692,Account 010692,2025-02-04,Manufacturing,Germany,SMB
CU010693,Account 010693,2023-12-15,Software,Singapore,Mid-Market
CU010694,Account 010694,2025-09-11,Education,Germany,Enterprise
CU010695,Account 010695,2022-12-01,Healthcare,United Kingdom,SMB
CU010696,Account 010696,2023-07-11,Education,Germany,Mid-Market
CU010697,Account 010697,2025-12-18,Finance,United States,SMB
CU010698,Account 010698,2022-02-06,Retail,United States,Mid-Market
CU010699,Account 010699,2025-08-28,Education,United States,Mid-Market
CU010700,Account 010700,2023-02-23,Finance,United States,Enterprise
CU010701,Account 010701,2024-02-18,Education,Germany,Mid-Market
CU010702,Account 010702,2023-03-13,Finance,United States,Enterprise
CU010703,Account 010703,2022-01-10,Professional Services,United Kingdom,Enterprise
CU010704,Account 010704,2023-01-02,Professional Services,Singapore,SMB
CU010705,Account 010705,2023-12-01,Professional Services,Germany,Enterprise
CU010706,Account 010706,2023-05-21,Software,Germany,SMB
CU010707,Account 010707,2025-05-20,Healthcare,United States,Mid-Market
CU010708,Account 010708,2022-10-31,Software,United Kingdom,Mid-Market
CU010709,Account 010709,2025-06-20,Finance,Germany,Enterprise
CU010710,Account 010710,2024-08-13,Education,Singapore,Enterprise
CU010711,Account 010711,2025-06-01,Finance,United States,Enterprise
CU010712,Account 010712,2026-01-07,Education,Germany,Mid-Market
CU010713,Account 010713,2023-11-01,Professional Services,Germany,SMB
CU010714,Account 010714,2024-09-03,Education,Australia,SMB
CU010715,Account 010715,2023-01-09,Professional Services,Germany,Enterprise
CU010716,Account 010716,2023-07-04,Manufacturing,Singapore,Mid-Market
CU010717,Account 010717,2022-10-20,Education,Australia,SMB
CU010718,Account 010718,2024-03-15,Software,Singapore,SMB
CU010719,Account 010719,2026-05-29,Finance,Australia,Enterprise
CU010720,Account 010720,2023-01-16,Finance,Australia,Enterprise
CU010721,Account 010721,2022-03-15,Finance,Germany,Mid-Market
CU010722,Account 010722,2025-05-06,Professional Services,Germany,Enterprise
CU010723,Account 010723,2026-05-07,Healthcare,United Kingdom,Mid-Market
CU010724,Account 010724,2026-04-20,Finance,United Kingdom,Mid-Market
CU010725,Account 010725,2023-06-07,Finance,Singapore,Enterprise
CU010726,Account 010726,2025-04-18,Finance,Australia,SMB
CU010727,Account 010727,2024-01-08,Manufacturing,United States,Mid-Market
CU010728,Account 010728,2022-06-24,Finance,Canada,Enterprise
CU010729,Account 010729,2024-06-05,Software,United Kingdom,Mid-Market
CU010730,Account 010730,2023-09-15,Software,Australia,Mid-Market
CU010731,Account 010731,2023-07-30,Finance,United Kingdom,Mid-Market
CU010732,Account 010732,2024-01-04,Retail,Singapore,SMB
CU010733,Account 010733,2023-02-24,Manufacturing,United States,SMB
CU010734,Account 010734,2024-08-30,Finance,Canada,Enterprise
CU010735,Account 010735,2024-01-16,Education,United States,Enterprise
CU010736,Account 010736,2023-12-24,Software,United Kingdom,Mid-Market
CU010737,Account 010737,2025-03-14,Healthcare,Canada,SMB
CU010738,Account 010738,2023-03-29,Professional Services,United States,Enterprise
CU010739,Account 010739,2022-05-24,Professional Services,Germany,Mid-Market
CU010740,Account 010740,2024-04-20,Professional Services,Germany,Enterprise
CU010741,Account 010741,2023-11-04,Software,United States,Enterprise
CU010742,Account 010742,2026-06-10,Healthcare,Germany,Mid-Market
CU010743,Account 010743,2026-05-28,Manufacturing,Canada,Enterprise
CU010744,Account 010744,2022-02-19,Software,Canada,Mid-Market
CU010745,Account 010745,2023-05-30,Healthcare,Singapore,SMB
CU010746,Account 010746,2023-12-29,Professional Services,Canada,Enterprise
CU010747,Account 010747,2024-07-29,Retail,Germany,SMB
CU010748,Account 010748,2025-07-29,Software,Canada,Mid-Market
CU010749,Account 010749,2025-04-01,Software,Germany,Mid-Market
CU010750,Account 010750,2026-06-30,Retail,Singapore,SMB
CU010751,Account 010751,2024-08-31,Finance,United States,Mid-Market
CU010752,Account 010752,2024-05-28,Retail,United States,SMB
CU010753,Account 010753,2023-01-05,Manufacturing,United Kingdom,Enterprise
CU010754,Account 010754,2025-02-02,Retail,Australia,Enterprise
CU010755,Account 010755,2024-04-11,Education,Australia,Enterprise
CU010756,Account 010756,2022-03-17,Manufacturing,United Kingdom,SMB
CU010757,Account 010757,2025-11-03,Software,Singapore,SMB
CU010758,Account 010758,2026-02-03,Education,Germany,Enterprise
CU010759,Account 010759,2026-03-19,Finance,United Kingdom,Mid-Market
CU010760,Account 010760,2026-06-02,Manufacturing,Singapore,SMB
CU010761,Account 010761,2026-06-21,Professional Services,Australia,SMB
CU010762,Account 010762,2025-09-09,Education,Canada,SMB
CU010763,Account 010763,2026-04-19,Retail,Singapore,Enterprise
CU010764,Account 010764,2022-10-23,Professional Services,United Kingdom,Mid-Market
CU010765,Account 010765,2023-06-14,Software,United Kingdom,SMB
CU010766,Account 010766,2025-09-29,Software,United States,Mid-Market
CU010767,Account 010767,2023-10-05,Professional Services,Australia,SMB
CU010768,Account 010768,2024-08-19,Software,United States,Mid-Market
CU010769,Account 010769,2023-11-10,Manufacturing,Singapore,Enterprise
CU010770,Account 010770,2022-08-29,Finance,Canada,SMB
CU010771,Account 010771,2025-10-30,Healthcare,Germany,Mid-Market
CU010772,Account 010772,2024-09-21,Finance,Germany,SMB
CU010773,Account 010773,2024-02-10,Retail,Canada,SMB
CU010774,Account 010774,2023-11-22,Finance,Australia,Mid-Market
CU010775,Account 010775,2022-02-05,Healthcare,Singapore,SMB
CU010776,Account 010776,2024-07-12,Software,United Kingdom,Enterprise
CU010777,Account 010777,2025-03-04,Finance,United States,SMB
CU010778,Account 010778,2023-03-22,Software,United Kingdom,SMB
CU010779,Account 010779,2026-04-26,Retail,United States,SMB
CU010780,Account 010780,2023-09-16,Healthcare,United Kingdom,SMB
CU010781,Account 010781,2022-02-06,Education,United States,Mid-Market
CU010782,Account 010782,2025-12-31,Healthcare,United Kingdom,Mid-Market
CU010783,Account 010783,2025-08-25,Software,Singapore,SMB
CU010784,Account 010784,2022-06-10,Education,Germany,Enterprise
CU010785,Account 010785,2026-03-12,Retail,Singapore,SMB
CU010786,Account 010786,2025-01-17,Manufacturing,Germany,Mid-Market
CU010787,Account 010787,2026-01-01,Retail,Australia,Enterprise
CU010788,Account 010788,2024-09-28,Professional Services,Germany,Mid-Market
CU010789,Account 010789,2024-03-29,Healthcare,United Kingdom,Enterprise
CU010790,Account 010790,2022-03-16,Professional Services,Canada,Enterprise
CU010791,Account 010791,2026-02-15,Finance,Canada,Enterprise
CU010792,Account 010792,2022-02-16,Software,United States,Enterprise
CU010793,Account 010793,2026-05-30,Healthcare,Australia,Mid-Market
CU010794,Account 010794,2024-02-11,Professional Services,United Kingdom,Enterprise
CU010795,Account 010795,2023-11-08,Finance,Germany,Mid-Market
CU010796,Account 010796,2022-06-24,Retail,Canada,Enterprise
CU010797,Account 010797,2024-04-03,Healthcare,Germany,Enterprise
CU010798,Account 010798,2026-01-20,Healthcare,Germany,Enterprise
CU010799,Account 010799,2023-02-25,Software,Canada,Enterprise
CU010800,Account 010800,2023-02-05,Manufacturing,Germany,Enterprise
CU010801,Account 010801,2025-09-07,Education,United Kingdom,Enterprise
CU010802,Account 010802,2022-07-29,Healthcare,United Kingdom,Mid-Market
CU010803,Account 010803,2022-11-08,Education,Germany,SMB
CU010804,Account 010804,2025-09-16,Healthcare,Germany,SMB
CU010805,Account 010805,2022-09-13,Healthcare,Singapore,Mid-Market
CU010806,Account 010806,2024-08-19,Education,United Kingdom,Enterprise
CU010807,Account 010807,2024-01-10,Professional Services,United Kingdom,SMB
CU010808,Account 010808,2022-10-14,Finance,United Kingdom,SMB
CU010809,Account 010809,2024-03-25,Finance,Singapore,Enterprise
CU010810,Account 010810,2026-04-19,Finance,Germany,SMB
CU010811,Account 010811,2025-10-04,Retail,Singapore,Mid-Market
CU010812,Account 010812,2022-03-21,Software,United Kingdom,SMB
CU010813,Account 010813,2025-08-11,Finance,United Kingdom,Mid-Market
CU010814,Account 010814,2022-07-02,Professional Services,Australia,Mid-Market
CU010815,Account 010815,2025-12-04,Manufacturing,United Kingdom,Mid-Market
CU010816,Account 010816,2022-04-25,Retail,Australia,Mid-Market
CU010817,Account 010817,2024-06-24,Software,Singapore,Mid-Market
CU010818,Account 010818,2023-04-06,Healthcare,Canada,Enterprise
CU010819,Account 010819,2025-09-14,Manufacturing,Australia,Enterprise
CU010820,Account 010820,2023-06-01,Retail,United Kingdom,SMB
CU010821,Account 010821,2023-12-14,Manufacturing,Germany,Mid-Market
CU010822,Account 010822,2024-03-11,Retail,United States,SMB
CU010823,Account 010823,2024-02-17,Professional Services,Australia,Mid-Market
CU010824,Account 010824,2025-09-14,Healthcare,Canada,Mid-Market
CU010825,Account 010825,2026-03-26,Professional Services,United Kingdom,SMB
CU010826,Account 010826,2024-05-15,Education,Germany,Enterprise
CU010827,Account 010827,2024-04-26,Retail,Singapore,Mid-Market
CU010828,Account 010828,2025-10-03,Retail,Canada,Enterprise
CU010829,Account 010829,2024-01-05,Retail,Singapore,Mid-Market
CU010830,Account 010830,2026-05-05,Manufacturing,United States,SMB
CU010831,Account 010831,2025-08-12,Manufacturing,United States,SMB
CU010832,Account 010832,2025-10-24,Manufacturing,Germany,Mid-Market
CU010833,Account 010833,2025-07-11,Education,United States,Enterprise
CU010834,Account 010834,2024-03-10,Professional Services,Canada,Enterprise
CU010835,Account 010835,2023-07-22,Healthcare,United States,SMB
CU010836,Account 010836,2025-08-04,Healthcare,United Kingdom,SMB
CU010837,Account 010837,2022-01-25,Finance,Germany,Enterprise
CU010838,Account 010838,2022-04-17,Finance,Germany,Enterprise
CU010839,Account 010839,2024-05-03,Manufacturing,Australia,SMB
CU010840,Account 010840,2023-04-21,Retail,Germany,Enterprise
CU010841,Account 010841,2023-10-07,Education,United Kingdom,Mid-Market
CU010842,Account 010842,2026-02-19,Healthcare,United States,Mid-Market
CU010843,Account 010843,2024-05-01,Manufacturing,United Kingdom,Enterprise
CU010844,Account 010844,2023-02-24,Manufacturing,United States,Mid-Market
CU010845,Account 010845,2023-12-01,Healthcare,Australia,SMB
CU010846,Account 010846,2024-10-31,Software,Singapore,SMB
CU010847,Account 010847,2022-09-29,Software,Canada,SMB
CU010848,Account 010848,2025-05-30,Education,United Kingdom,Mid-Market
CU010849,Account 010849,2022-12-14,Finance,Australia,Mid-Market
CU010850,Account 010850,2023-10-23,Healthcare,United Kingdom,Mid-Market
CU010851,Account 010851,2024-01-25,Finance,Australia,Enterprise
CU010852,Account 010852,2024-07-27,Finance,Canada,Mid-Market
CU010853,Account 010853,2022-04-26,Manufacturing,Canada,SMB
CU010854,Account 010854,2026-05-07,Manufacturing,United Kingdom,Mid-Market
CU010855,Account 010855,2022-01-28,Finance,Singapore,Enterprise
CU010856,Account 010856,2024-08-10,Finance,United Kingdom,Mid-Market
CU010857,Account 010857,2024-03-21,Education,United Kingdom,SMB
CU010858,Account 010858,2023-04-04,Retail,United States,Enterprise
CU010859,Account 010859,2023-07-25,Software,United Kingdom,SMB
CU010860,Account 010860,2025-07-05,Retail,Germany,Mid-Market
CU010861,Account 010861,2024-07-08,Education,Singapore,Mid-Market
CU010862,Account 010862,2022-05-02,Finance,Australia,Enterprise
CU010863,Account 010863,2026-05-20,Retail,Canada,Enterprise
CU010864,Account 010864,2022-05-23,Retail,Germany,Enterprise
CU010865,Account 010865,2022-08-26,Education,Singapore,Mid-Market
CU010866,Account 010866,2023-04-02,Software,Canada,SMB
CU010867,Account 010867,2022-05-31,Retail,Germany,Enterprise
CU010868,Account 010868,2024-10-28,Retail,Australia,Mid-Market
CU010869,Account 010869,2026-01-08,Professional Services,United States,SMB
CU010870,Account 010870,2022-09-16,Healthcare,Singapore,Enterprise
CU010871,Account 010871,2023-06-23,Retail,United States,Mid-Market
CU010872,Account 010872,2026-01-06,Finance,United Kingdom,Mid-Market
CU010873,Account 010873,2022-11-27,Software,United Kingdom,SMB
CU010874,Account 010874,2023-09-17,Finance,Canada,SMB
CU010875,Account 010875,2023-10-22,Manufacturing,United Kingdom,SMB
CU010876,Account 010876,2026-05-29,Finance,United States,SMB
CU010877,Account 010877,2022-07-05,Finance,United States,Enterprise
CU010878,Account 010878,2025-11-02,Professional Services,Australia,Enterprise
CU010879,Account 010879,2023-03-04,Finance,United Kingdom,Mid-Market
CU010880,Account 010880,2022-02-08,Healthcare,Australia,SMB
CU010881,Account 010881,2023-01-16,Professional Services,Singapore,Mid-Market
CU010882,Account 010882,2023-05-01,Finance,Germany,Enterprise
CU010883,Account 010883,2025-09-07,Finance,Germany,Enterprise
CU010884,Account 010884,2025-02-10,Education,Singapore,Enterprise
CU010885,Account 010885,2022-08-02,Professional Services,United Kingdom,Enterprise
CU010886,Account 010886,2025-12-25,Healthcare,Germany,Mid-Market
CU010887,Account 010887,2025-02-07,Professional Services,Canada,SMB
CU010888,Account 010888,2025-04-24,Professional Services,Canada,SMB
CU010889,Account 010889,2026-02-16,Healthcare,Singapore,Mid-Market
CU010890,Account 010890,2025-01-12,Education,United States,SMB
CU010891,Account 010891,2024-05-15,Education,Australia,Mid-Market
CU010892,Account 010892,2024-08-31,Retail,Germany,Mid-Market
CU010893,Account 010893,2024-04-04,Manufacturing,Germany,SMB
CU010894,Account 010894,2025-07-23,Finance,Australia,Enterprise
CU010895,Account 010895,2025-07-02,Healthcare,Germany,SMB
CU010896,Account 010896,2025-07-17,Software,United Kingdom,Mid-Market
CU010897,Account 010897,2022-02-02,Manufacturing,Canada,Mid-Market
CU010898,Account 010898,2022-07-18,Education,Canada,Mid-Market
CU010899,Account 010899,2025-10-06,Finance,Germany,Enterprise
CU010900,Account 010900,2025-02-24,Retail,Australia,Mid-Market
CU010901,Account 010901,2022-01-28,Professional Services,United Kingdom,Enterprise
CU010902,Account 010902,2023-07-21,Education,Canada,SMB
CU010903,Account 010903,2022-08-15,Manufacturing,Germany,SMB
CU010904,Account 010904,2025-02-06,Manufacturing,Australia,SMB
CU010905,Account 010905,2023-09-26,Finance,Canada,Mid-Market
CU010906,Account 010906,2026-04-08,Retail,Australia,SMB
CU010907,Account 010907,2025-06-30,Finance,Australia,Enterprise
CU010908,Account 010908,2024-05-01,Finance,Australia,Mid-Market
CU010909,Account 010909,2026-06-06,Education,Canada,Mid-Market
CU010910,Account 010910,2022-01-31,Healthcare,United Kingdom,Mid-Market
CU010911,Account 010911,2022-05-18,Software,Canada,Mid-Market
CU010912,Account 010912,2024-08-02,Education,Canada,SMB
CU010913,Account 010913,2024-08-26,Education,United Kingdom,Enterprise
CU010914,Account 010914,2022-02-03,Software,United States,Mid-Market
CU010915,Account 010915,2024-01-31,Manufacturing,Canada,SMB
CU010916,Account 010916,2024-09-25,Professional Services,United States,Mid-Market
CU010917,Account 010917,2022-07-18,Software,Germany,SMB
CU010918,Account 010918,2022-07-15,Retail,United States,SMB
CU010919,Account 010919,2025-04-09,Software,Canada,Mid-Market
CU010920,Account 010920,2025-01-03,Software,Canada,SMB
CU010921,Account 010921,2022-01-20,Education,Singapore,Enterprise
CU010922,Account 010922,2024-07-08,Finance,United Kingdom,SMB
CU010923,Account 010923,2024-10-22,Professional Services,Australia,SMB
CU010924,Account 010924,2023-08-12,Education,Canada,SMB
CU010925,Account 010925,2023-01-05,Healthcare,Singapore,Mid-Market
CU010926,Account 010926,2025-01-13,Manufacturing,Singapore,Mid-Market
CU010927,Account 010927,2024-04-04,Professional Services,Canada,Enterprise
CU010928,Account 010928,2023-07-11,Retail,United Kingdom,SMB
CU010929,Account 010929,2026-05-14,Software,Canada,SMB
CU010930,Account 010930,2024-04-14,Software,Canada,Mid-Market
CU010931,Account 010931,2025-06-27,Software,Australia,Mid-Market
CU010932,Account 010932,2024-02-17,Manufacturing,United States,Enterprise
CU010933,Account 010933,2022-12-24,Finance,Singapore,Mid-Market
CU010934,Account 010934,2023-06-26,Manufacturing,Canada,Mid-Market
CU010935,Account 010935,2026-01-19,Professional Services,United States,Enterprise
CU010936,Account 010936,2023-09-07,Retail,Australia,SMB
CU010937,Account 010937,2024-06-16,Software,Canada,Mid-Market
CU010938,Account 010938,2023-05-11,Professional Services,Australia,Mid-Market
CU010939,Account 010939,2022-08-21,Professional Services,Canada,Enterprise
CU010940,Account 010940,2025-04-24,Finance,United States,SMB
CU010941,Account 010941,2025-09-08,Education,Canada,SMB
CU010942,Account 010942,2023-08-28,Healthcare,Canada,Enterprise
CU010943,Account 010943,2023-11-20,Professional Services,Canada,Mid-Market
CU010944,Account 010944,2023-05-19,Manufacturing,Singapore,SMB
CU010945,Account 010945,2023-01-02,Manufacturing,Canada,SMB
CU010946,Account 010946,2025-09-27,Software,Germany,Enterprise
CU010947,Account 010947,2025-07-07,Retail,United States,Mid-Market
CU010948,Account 010948,2022-03-23,Education,Singapore,Mid-Market
CU010949,Account 010949,2025-03-07,Professional Services,Canada,Mid-Market
CU010950,Account 010950,2026-01-10,Finance,United States,Mid-Market
CU010951,Account 010951,2022-05-15,Healthcare,United States,SMB
CU010952,Account 010952,2023-02-18,Healthcare,Australia,Mid-Market
CU010953,Account 010953,2025-03-01,Education,Germany,Mid-Market
CU010954,Account 010954,2023-09-16,Software,Singapore,Enterprise
CU010955,Account 010955,2023-05-09,Professional Services,Singapore,Enterprise
CU010956,Account 010956,2022-12-13,Software,Australia,Enterprise
CU010957,Account 010957,2025-12-26,Professional Services,Germany,SMB
CU010958,Account 010958,2025-06-04,Manufacturing,United Kingdom,Enterprise
CU010959,Account 010959,2023-11-11,Software,Germany,SMB
CU010960,Account 010960,2024-05-25,Professional Services,Australia,SMB
CU010961,Account 010961,2025-03-01,Healthcare,United Kingdom,Enterprise
CU010962,Account 010962,2024-01-20,Healthcare,Australia,Mid-Market
CU010963,Account 010963,2023-04-07,Software,Canada,SMB
CU010964,Account 010964,2023-12-10,Professional Services,United Kingdom,Mid-Market
CU010965,Account 010965,2022-07-30,Finance,Australia,Enterprise
CU010966,Account 010966,2025-11-25,Software,United States,Enterprise
CU010967,Account 010967,2023-04-13,Finance,Canada,SMB
CU010968,Account 010968,2025-08-21,Finance,Singapore,Mid-Market
CU010969,Account 010969,2024-06-15,Education,Canada,Mid-Market
CU010970,Account 010970,2026-02-14,Manufacturing,United Kingdom,SMB
CU010971,Account 010971,2022-10-04,Professional Services,Germany,Mid-Market
CU010972,Account 010972,2026-04-17,Retail,United States,SMB
CU010973,Account 010973,2025-09-26,Education,United States,SMB
CU010974,Account 010974,2022-07-04,Education,Singapore,Enterprise
CU010975,Account 010975,2025-08-30,Healthcare,Australia,Enterprise
CU010976,Account 010976,2026-04-04,Retail,Germany,SMB
CU010977,Account 010977,2022-08-14,Retail,Singapore,Enterprise
CU010978,Account 010978,2022-10-01,Retail,Australia,SMB
CU010979,Account 010979,2024-02-09,Software,Australia,SMB
CU010980,Account 010980,2022-05-10,Retail,United Kingdom,Enterprise
CU010981,Account 010981,2022-09-27,Healthcare,Canada,Mid-Market
CU010982,Account 010982,2023-04-11,Healthcare,Canada,Enterprise
CU010983,Account 010983,2024-10-08,Manufacturing,United States,Mid-Market
CU010984,Account 010984,2023-06-13,Software,United States,SMB
CU010985,Account 010985,2024-01-30,Healthcare,Australia,Mid-Market
CU010986,Account 010986,2022-03-05,Retail,Australia,SMB
CU010987,Account 010987,2023-01-10,Professional Services,Germany,SMB
CU010988,Account 010988,2026-05-25,Professional Services,Singapore,SMB
CU010989,Account 010989,2022-11-03,Retail,Germany,SMB
CU010990,Account 010990,2024-12-13,Retail,Germany,Enterprise
CU010991,Account 010991,2023-04-24,Professional Services,United States,Mid-Market
CU010992,Account 010992,2023-08-12,Healthcare,Canada,SMB
CU010993,Account 010993,2025-12-17,Healthcare,Canada,SMB
CU010994,Account 010994,2026-04-09,Finance,Canada,Enterprise
CU010995,Account 010995,2025-01-05,Manufacturing,United States,Enterprise
CU010996,Account 010996,2026-02-04,Finance,Singapore,SMB
CU010997,Account 010997,2022-08-06,Manufacturing,United Kingdom,Enterprise
CU010998,Account 010998,2025-03-14,Finance,Australia,Mid-Market
CU010999,Account 010999,2024-03-07,Professional Services,Germany,Enterprise
CU011000,Account 011000,2026-04-27,Software,Germany,SMB
CU011001,Account 011001,2026-03-07,Education,United Kingdom,Mid-Market
CU011002,Account 011002,2023-09-03,Education,United Kingdom,Enterprise
CU011003,Account 011003,2025-03-15,Healthcare,Germany,Mid-Market
CU011004,Account 011004,2023-11-08,Healthcare,Germany,SMB
CU011005,Account 011005,2022-06-25,Software,Singapore,Mid-Market
CU011006,Account 011006,2026-05-31,Finance,United States,SMB
CU011007,Account 011007,2023-07-24,Education,Germany,Enterprise
CU011008,Account 011008,2023-11-22,Finance,Australia,Enterprise
CU011009,Account 011009,2024-03-07,Healthcare,Canada,Enterprise
CU011010,Account 011010,2023-10-07,Finance,United Kingdom,Mid-Market
CU011011,Account 011011,2023-08-15,Professional Services,Australia,Mid-Market
CU011012,Account 011012,2022-02-03,Manufacturing,Singapore,Mid-Market
CU011013,Account 011013,2023-09-05,Healthcare,United Kingdom,Enterprise
CU011014,Account 011014,2026-02-24,Education,Canada,SMB
CU011015,Account 011015,2023-05-10,Education,United Kingdom,Mid-Market
CU011016,Account 011016,2023-02-11,Finance,Singapore,Mid-Market
CU011017,Account 011017,2025-06-28,Professional Services,Germany,SMB
CU011018,Account 011018,2023-04-27,Retail,United States,Mid-Market
CU011019,Account 011019,2025-06-04,Retail,United Kingdom,Mid-Market
CU011020,Account 011020,2022-03-16,Retail,United States,SMB
CU011021,Account 011021,2022-07-03,Retail,Canada,SMB
CU011022,Account 011022,2022-08-23,Manufacturing,United States,SMB
CU011023,Account 011023,2026-01-26,Professional Services,Germany,SMB
CU011024,Account 011024,2022-07-24,Professional Services,Canada,Mid-Market
CU011025,Account 011025,2022-01-26,Professional Services,Canada,SMB
CU011026,Account 011026,2024-10-30,Professional Services,United Kingdom,Enterprise
CU011027,Account 011027,2022-06-23,Retail,United States,Enterprise
CU011028,Account 011028,2022-05-18,Retail,Germany,Enterprise
CU011029,Account 011029,2025-10-18,Healthcare,Singapore,Enterprise
CU011030,Account 011030,2025-03-03,Retail,United Kingdom,SMB
CU011031,Account 011031,2023-11-10,Professional Services,Canada,SMB
CU011032,Account 011032,2022-02-01,Software,Australia,Mid-Market
CU011033,Account 011033,2024-05-22,Healthcare,Singapore,Enterprise
CU011034,Account 011034,2026-03-18,Software,United States,Enterprise
CU011035,Account 011035,2022-12-12,Education,Singapore,SMB
CU011036,Account 011036,2024-04-22,Software,United Kingdom,Mid-Market
CU011037,Account 011037,2026-03-30,Retail,Germany,Enterprise
CU011038,Account 011038,2024-01-20,Education,Germany,Enterprise
CU011039,Account 011039,2023-07-12,Manufacturing,United States,Enterprise
CU011040,Account 011040,2026-06-17,Education,United States,SMB
CU011041,Account 011041,2022-04-24,Education,Australia,SMB
CU011042,Account 011042,2026-01-15,Manufacturing,Singapore,Enterprise
CU011043,Account 011043,2024-02-18,Professional Services,United Kingdom,Enterprise
CU011044,Account 011044,2025-08-13,Healthcare,Canada,Mid-Market
CU011045,Account 011045,2023-02-02,Healthcare,Canada,Enterprise
CU011046,Account 011046,2026-06-06,Software,Canada,Mid-Market
CU011047,Account 011047,2025-02-08,Professional Services,Singapore,SMB
CU011048,Account 011048,2024-05-16,Software,Germany,Enterprise
CU011049,Account 011049,2025-10-25,Retail,United Kingdom,SMB
CU011050,Account 011050,2022-04-03,Manufacturing,United Kingdom,SMB
CU011051,Account 011051,2023-05-27,Manufacturing,Singapore,SMB
CU011052,Account 011052,2024-09-07,Education,Singapore,Mid-Market
CU011053,Account 011053,2023-04-26,Professional Services,Germany,SMB
CU011054,Account 011054,2023-09-19,Professional Services,United Kingdom,SMB
CU011055,Account 011055,2023-04-23,Finance,Canada,SMB
CU011056,Account 011056,2025-06-02,Retail,Australia,Mid-Market
CU011057,Account 011057,2022-09-07,Software,Australia,Mid-Market
CU011058,Account 011058,2025-03-03,Finance,Germany,Mid-Market
CU011059,Account 011059,2026-05-09,Manufacturing,United Kingdom,SMB
CU011060,Account 011060,2024-01-07,Retail,Germany,SMB
CU011061,Account 011061,2023-02-11,Software,United States,Mid-Market
CU011062,Account 011062,2025-04-29,Education,United Kingdom,Mid-Market
CU011063,Account 011063,2025-03-15,Retail,Canada,SMB
CU011064,Account 011064,2024-12-25,Software,Singapore,Enterprise
CU011065,Account 011065,2024-12-08,Education,Australia,SMB
CU011066,Account 011066,2022-02-28,Education,United Kingdom,SMB
CU011067,Account 011067,2024-05-28,Healthcare,Canada,Enterprise
CU011068,Account 011068,2025-09-29,Manufacturing,United States,SMB
CU011069,Account 011069,2026-05-01,Retail,Germany,Mid-Market
CU011070,Account 011070,2022-10-07,Manufacturing,Canada,Mid-Market
CU011071,Account 011071,2022-10-22,Finance,Canada,SMB
CU011072,Account 011072,2022-04-19,Software,United States,SMB
CU011073,Account 011073,2025-09-14,Professional Services,Canada,SMB
CU011074,Account 011074,2024-03-17,Retail,United Kingdom,SMB
CU011075,Account 011075,2022-11-06,Finance,Singapore,Mid-Market
CU011076,Account 011076,2026-03-29,Professional Services,United Kingdom,Mid-Market
CU011077,Account 011077,2025-09-11,Finance,Australia,Mid-Market
CU011078,Account 011078,2023-05-01,Professional Services,Australia,Enterprise
CU011079,Account 011079,2024-06-27,Healthcare,Singapore,Enterprise
CU011080,Account 011080,2025-09-29,Finance,United States,Enterprise
CU011081,Account 011081,2024-08-13,Healthcare,Singapore,Mid-Market
CU011082,Account 011082,2022-03-19,Software,Australia,SMB
CU011083,Account 011083,2022-04-15,Finance,Singapore,Mid-Market
CU011084,Account 011084,2023-09-08,Finance,United Kingdom,Mid-Market
CU011085,Account 011085,2024-04-02,Manufacturing,United States,SMB
CU011086,Account 011086,2023-03-23,Healthcare,Singapore,SMB
CU011087,Account 011087,2024-07-11,Software,United Kingdom,SMB
CU011088,Account 011088,2023-03-30,Manufacturing,United States,SMB
CU011089,Account 011089,2023-04-21,Finance,United Kingdom,Mid-Market
CU011090,Account 011090,2025-12-21,Finance,Germany,Mid-Market
CU011091,Account 011091,2024-07-05,Software,Australia,Mid-Market
CU011092,Account 011092,2024-10-01,Retail,Germany,Mid-Market
CU011093,Account 011093,2025-03-12,Retail,Canada,Mid-Market
CU011094,Account 011094,2024-06-22,Healthcare,Germany,Mid-Market
CU011095,Account 011095,2022-11-26,Education,Canada,SMB
CU011096,Account 011096,2022-10-01,Retail,United States,Mid-Market
CU011097,Account 011097,2024-09-23,Professional Services,United Kingdom,Enterprise
CU011098,Account 011098,2024-04-13,Retail,Australia,SMB
CU011099,Account 011099,2023-06-06,Healthcare,Australia,Enterprise
CU011100,Account 011100,2023-09-04,Retail,Australia,SMB
CU011101,Account 011101,2025-01-27,Professional Services,Australia,Enterprise
CU011102,Account 011102,2022-08-28,Professional Services,Canada,Enterprise
CU011103,Account 011103,2025-11-29,Professional Services,United Kingdom,Enterprise
CU011104,Account 011104,2024-02-24,Finance,Australia,Mid-Market
CU011105,Account 011105,2023-06-12,Retail,United States,SMB
CU011106,Account 011106,2022-04-09,Finance,United States,Enterprise
CU011107,Account 011107,2025-11-23,Healthcare,Australia,Enterprise
CU011108,Account 011108,2026-02-09,Software,Australia,SMB
CU011109,Account 011109,2024-10-24,Professional Services,Germany,Mid-Market
CU011110,Account 011110,2022-07-19,Finance,Canada,SMB
CU011111,Account 011111,2026-02-17,Finance,Germany,SMB
CU011112,Account 011112,2024-10-06,Healthcare,Canada,SMB
CU011113,Account 011113,2024-06-03,Retail,United Kingdom,Enterprise
CU011114,Account 011114,2026-05-20,Retail,Germany,Enterprise
CU011115,Account 011115,2023-05-06,Manufacturing,Australia,Mid-Market
CU011116,Account 011116,2024-03-23,Finance,Canada,Enterprise
CU011117,Account 011117,2023-05-05,Finance,Canada,SMB
CU011118,Account 011118,2026-04-29,Retail,Singapore,Mid-Market
CU011119,Account 011119,2023-07-12,Retail,United States,Mid-Market
CU011120,Account 011120,2024-07-07,Finance,United States,Mid-Market
CU011121,Account 011121,2023-11-13,Software,Canada,Mid-Market
CU011122,Account 011122,2023-12-03,Healthcare,United States,SMB
CU011123,Account 011123,2024-06-12,Retail,Germany,Enterprise
CU011124,Account 011124,2025-02-06,Software,Singapore,Mid-Market
CU011125,Account 011125,2024-05-19,Healthcare,United Kingdom,SMB
CU011126,Account 011126,2022-09-08,Manufacturing,Germany,SMB
CU011127,Account 011127,2024-07-27,Retail,United Kingdom,Mid-Market
CU011128,Account 011128,2026-05-27,Software,United Kingdom,SMB
CU011129,Account 011129,2024-03-27,Manufacturing,Singapore,Mid-Market
CU011130,Account 011130,2025-03-13,Education,Germany,SMB
CU011131,Account 011131,2025-10-18,Professional Services,Germany,SMB
CU011132,Account 011132,2022-04-30,Software,United States,Mid-Market
CU011133,Account 011133,2026-01-01,Retail,Germany,Enterprise
CU011134,Account 011134,2024-05-06,Education,Singapore,SMB
CU011135,Account 011135,2023-09-26,Manufacturing,Germany,SMB
CU011136,Account 011136,2023-04-30,Professional Services,United States,Enterprise
CU011137,Account 011137,2024-03-23,Professional Services,Singapore,Mid-Market
CU011138,Account 011138,2026-06-12,Healthcare,United States,Mid-Market
CU011139,Account 011139,2024-10-11,Software,Australia,Mid-Market
CU011140,Account 011140,2024-05-03,Professional Services,Australia,Mid-Market
CU011141,Account 011141,2024-11-20,Software,Singapore,Enterprise
CU011142,Account 011142,2024-09-01,Retail,Australia,Enterprise
CU011143,Account 011143,2022-09-25,Finance,Germany,SMB
CU011144,Account 011144,2023-06-05,Healthcare,Singapore,SMB
CU011145,Account 011145,2026-06-06,Retail,United Kingdom,Mid-Market
CU011146,Account 011146,2024-01-03,Finance,United States,Mid-Market
CU011147,Account 011147,2022-06-06,Manufacturing,Australia,Mid-Market
CU011148,Account 011148,2023-08-06,Manufacturing,United States,Mid-Market
CU011149,Account 011149,2023-08-08,Software,Canada,Mid-Market
CU011150,Account 011150,2023-12-31,Software,Germany,Enterprise
CU011151,Account 011151,2025-12-17,Professional Services,Canada,Enterprise
CU011152,Account 011152,2025-09-01,Education,Canada,Mid-Market
CU011153,Account 011153,2022-05-08,Software,Canada,Enterprise
CU011154,Account 011154,2022-09-26,Finance,Australia,Mid-Market
CU011155,Account 011155,2026-02-08,Healthcare,Singapore,Enterprise
CU011156,Account 011156,2026-02-14,Healthcare,Canada,SMB
CU011157,Account 011157,2023-07-11,Finance,Germany,Mid-Market
CU011158,Account 011158,2026-03-25,Software,Germany,Enterprise
CU011159,Account 011159,2024-10-31,Software,United States,Enterprise
CU011160,Account 011160,2024-04-03,Finance,Singapore,Mid-Market
CU011161,Account 011161,2022-02-07,Education,Canada,Mid-Market
CU011162,Account 011162,2022-06-09,Manufacturing,United Kingdom,SMB
CU011163,Account 011163,2025-09-14,Healthcare,Singapore,Mid-Market
CU011164,Account 011164,2025-10-24,Professional Services,Australia,Mid-Market
CU011165,Account 011165,2022-12-02,Manufacturing,Canada,SMB
CU011166,Account 011166,2023-08-26,Education,Singapore,SMB
CU011167,Account 011167,2022-01-07,Manufacturing,United Kingdom,Enterprise
CU011168,Account 011168,2025-09-11,Education,Singapore,Enterprise
CU011169,Account 011169,2023-12-26,Retail,Singapore,Mid-Market
CU011170,Account 011170,2022-09-26,Manufacturing,United Kingdom,SMB
CU011171,Account 011171,2024-05-19,Professional Services,United Kingdom,Enterprise
CU011172,Account 011172,2024-06-02,Finance,Singapore,Enterprise
CU011173,Account 011173,2024-03-30,Education,United States,Mid-Market
CU011174,Account 011174,2022-02-26,Professional Services,Germany,Enterprise
CU011175,Account 011175,2026-06-01,Education,Canada,SMB
CU011176,Account 011176,2024-07-11,Finance,United Kingdom,SMB
CU011177,Account 011177,2022-10-30,Education,Singapore,Mid-Market
CU011178,Account 011178,2025-10-07,Finance,Germany,Mid-Market
CU011179,Account 011179,2025-10-12,Retail,Australia,SMB
CU011180,Account 011180,2026-04-27,Manufacturing,Singapore,Mid-Market
CU011181,Account 011181,2025-01-16,Education,United States,SMB
CU011182,Account 011182,2024-02-06,Manufacturing,Canada,Enterprise
CU011183,Account 011183,2024-01-12,Software,United Kingdom,SMB
CU011184,Account 011184,2025-04-22,Professional Services,Australia,Enterprise
CU011185,Account 011185,2024-12-22,Finance,United Kingdom,Enterprise
CU011186,Account 011186,2022-08-10,Software,Singapore,Mid-Market
CU011187,Account 011187,2022-01-15,Manufacturing,Singapore,Enterprise
CU011188,Account 011188,2026-06-05,Manufacturing,Singapore,SMB
CU011189,Account 011189,2022-04-28,Retail,Singapore,Mid-Market
CU011190,Account 011190,2026-01-11,Healthcare,Germany,Enterprise
CU011191,Account 011191,2022-08-16,Manufacturing,United Kingdom,SMB
CU011192,Account 011192,2024-09-25,Software,United States,Mid-Market
CU011193,Account 011193,2025-05-28,Healthcare,Australia,Enterprise
CU011194,Account 011194,2022-08-08,Education,Australia,SMB
CU011195,Account 011195,2023-08-23,Manufacturing,Canada,Mid-Market
CU011196,Account 011196,2023-12-10,Manufacturing,Australia,Mid-Market
CU011197,Account 011197,2025-08-12,Software,Germany,SMB
CU011198,Account 011198,2023-02-25,Healthcare,United States,SMB
CU011199,Account 011199,2024-12-16,Education,United States,Mid-Market
CU011200,Account 011200,2022-04-02,Finance,Germany,Enterprise
CU011201,Account 011201,2023-11-25,Healthcare,United Kingdom,SMB
CU011202,Account 011202,2023-06-16,Education,Australia,Mid-Market
CU011203,Account 011203,2024-11-27,Software,Singapore,Enterprise
CU011204,Account 011204,2023-09-13,Finance,Singapore,SMB
CU011205,Account 011205,2023-12-25,Professional Services,Germany,SMB
CU011206,Account 011206,2025-07-15,Software,Australia,SMB
CU011207,Account 011207,2023-06-06,Manufacturing,Australia,Enterprise
CU011208,Account 011208,2026-04-06,Professional Services,United States,Mid-Market
CU011209,Account 011209,2025-03-23,Finance,Australia,SMB
CU011210,Account 011210,2025-02-27,Manufacturing,United Kingdom,Enterprise
CU011211,Account 011211,2024-04-01,Software,Canada,SMB
CU011212,Account 011212,2022-11-27,Retail,Canada,Mid-Market
CU011213,Account 011213,2024-01-30,Healthcare,Australia,Enterprise
CU011214,Account 011214,2023-12-08,Education,United States,Enterprise
CU011215,Account 011215,2025-09-23,Healthcare,United Kingdom,SMB
CU011216,Account 011216,2024-04-15,Software,Australia,SMB
CU011217,Account 011217,2024-10-18,Finance,United Kingdom,SMB
CU011218,Account 011218,2026-01-04,Retail,Canada,Mid-Market
CU011219,Account 011219,2025-08-13,Healthcare,Australia,SMB
CU011220,Account 011220,2025-01-09,Professional Services,Germany,Mid-Market
CU011221,Account 011221,2022-01-11,Education,United States,Mid-Market
CU011222,Account 011222,2025-10-06,Retail,Canada,SMB
CU011223,Account 011223,2026-04-07,Retail,Canada,Enterprise
CU011224,Account 011224,2024-06-30,Finance,United Kingdom,Enterprise
CU011225,Account 011225,2023-12-17,Healthcare,Australia,SMB
CU011226,Account 011226,2022-09-17,Education,Singapore,SMB
CU011227,Account 011227,2024-09-08,Manufacturing,United States,SMB
CU011228,Account 011228,2026-04-07,Finance,Canada,Enterprise
CU011229,Account 011229,2023-11-25,Finance,Singapore,SMB
CU011230,Account 011230,2024-07-26,Finance,United Kingdom,SMB
CU011231,Account 011231,2022-10-07,Education,Canada,Enterprise
CU011232,Account 011232,2026-03-21,Software,Singapore,SMB
CU011233,Account 011233,2023-03-22,Finance,Australia,Enterprise
CU011234,Account 011234,2025-12-27,Healthcare,Canada,Mid-Market
CU011235,Account 011235,2022-09-15,Software,Australia,SMB
CU011236,Account 011236,2023-06-16,Healthcare,Canada,SMB
CU011237,Account 011237,2022-09-02,Software,Canada,Mid-Market
CU011238,Account 011238,2023-02-27,Retail,United States,Mid-Market
CU011239,Account 011239,2023-03-28,Software,Australia,SMB
CU011240,Account 011240,2022-08-07,Finance,Australia,SMB
CU011241,Account 011241,2022-11-06,Manufacturing,United Kingdom,SMB
CU011242,Account 011242,2022-09-27,Finance,Australia,Enterprise
CU011243,Account 011243,2022-06-23,Education,United States,Enterprise
CU011244,Account 011244,2023-09-18,Healthcare,Australia,Mid-Market
CU011245,Account 011245,2024-03-06,Education,United Kingdom,Enterprise
CU011246,Account 011246,2024-06-25,Professional Services,United States,Enterprise
CU011247,Account 011247,2025-05-22,Healthcare,Australia,Mid-Market
CU011248,Account 011248,2023-12-15,Healthcare,Germany,Enterprise
CU011249,Account 011249,2026-02-06,Software,Germany,Enterprise
CU011250,Account 011250,2025-04-11,Software,United Kingdom,SMB
CU011251,Account 011251,2026-05-17,Software,United Kingdom,Mid-Market
CU011252,Account 011252,2025-09-19,Manufacturing,Australia,SMB
CU011253,Account 011253,2022-06-19,Healthcare,Canada,SMB
CU011254,Account 011254,2023-12-10,Healthcare,Australia,Mid-Market
CU011255,Account 011255,2024-03-29,Software,Canada,Mid-Market
CU011256,Account 011256,2024-04-20,Professional Services,Australia,SMB
CU011257,Account 011257,2024-08-20,Retail,Germany,SMB
CU011258,Account 011258,2026-02-12,Software,United States,Enterprise
CU011259,Account 011259,2022-06-29,Professional Services,United States,Mid-Market
CU011260,Account 011260,2024-03-12,Manufacturing,United Kingdom,Mid-Market
CU011261,Account 011261,2024-08-20,Healthcare,United Kingdom,Enterprise
CU011262,Account 011262,2022-02-09,Professional Services,Australia,SMB
CU011263,Account 011263,2026-03-12,Healthcare,United States,Mid-Market
CU011264,Account 011264,2025-10-29,Manufacturing,Singapore,Mid-Market
CU011265,Account 011265,2026-02-04,Retail,Canada,SMB
CU011266,Account 011266,2023-11-24,Healthcare,Canada,Enterprise
CU011267,Account 011267,2022-09-21,Finance,Singapore,Enterprise
CU011268,Account 011268,2026-04-19,Finance,Singapore,Mid-Market
CU011269,Account 011269,2024-10-19,Retail,United Kingdom,Mid-Market
CU011270,Account 011270,2025-10-31,Retail,Australia,Mid-Market
CU011271,Account 011271,2022-09-02,Retail,Germany,Mid-Market
CU011272,Account 011272,2022-03-31,Education,Australia,Mid-Market
CU011273,Account 011273,2022-07-14,Manufacturing,Germany,SMB
CU011274,Account 011274,2025-08-19,Professional Services,Singapore,Enterprise
CU011275,Account 011275,2025-11-10,Finance,Canada,Mid-Market
CU011276,Account 011276,2024-12-24,Software,United States,Mid-Market
CU011277,Account 011277,2022-11-21,Education,Australia,Enterprise
CU011278,Account 011278,2025-08-08,Finance,Singapore,SMB
CU011279,Account 011279,2024-09-04,Education,Germany,Enterprise
CU011280,Account 011280,2023-10-08,Finance,United Kingdom,SMB
CU011281,Account 011281,2022-09-01,Software,Canada,SMB
CU011282,Account 011282,2022-03-13,Software,United Kingdom,Enterprise
CU011283,Account 011283,2024-01-01,Retail,Canada,SMB
CU011284,Account 011284,2022-05-05,Healthcare,United States,Mid-Market
CU011285,Account 011285,2025-10-30,Retail,Canada,Mid-Market
CU011286,Account 011286,2026-06-28,Manufacturing,United Kingdom,SMB
CU011287,Account 011287,2023-07-31,Retail,Singapore,SMB
CU011288,Account 011288,2024-08-07,Manufacturing,Australia,Enterprise
CU011289,Account 011289,2024-07-23,Manufacturing,Australia,SMB
CU011290,Account 011290,2022-05-04,Manufacturing,United States,Enterprise
CU011291,Account 011291,2024-04-17,Healthcare,Singapore,Mid-Market
CU011292,Account 011292,2023-11-14,Manufacturing,United Kingdom,Mid-Market
CU011293,Account 011293,2022-03-04,Software,Germany,SMB
CU011294,Account 011294,2022-11-06,Education,Germany,SMB
CU011295,Account 011295,2024-08-12,Education,Germany,Enterprise
CU011296,Account 011296,2022-02-15,Manufacturing,Australia,SMB
CU011297,Account 011297,2023-07-31,Retail,Canada,SMB
CU011298,Account 011298,2024-01-17,Retail,United Kingdom,SMB
CU011299,Account 011299,2026-06-09,Retail,United Kingdom,Enterprise
CU011300,Account 011300,2024-11-05,Retail,Canada,Mid-Market
CU011301,Account 011301,2024-10-29,Software,Canada,Enterprise
CU011302,Account 011302,2022-04-28,Retail,United States,Mid-Market
CU011303,Account 011303,2026-03-01,Software,Canada,SMB
CU011304,Account 011304,2026-06-09,Manufacturing,Canada,SMB
CU011305,Account 011305,2026-04-16,Finance,Canada,Mid-Market
CU011306,Account 011306,2022-01-18,Manufacturing,Australia,Enterprise
CU011307,Account 011307,2025-07-30,Manufacturing,United Kingdom,Enterprise
CU011308,Account 011308,2022-11-07,Education,United Kingdom,Mid-Market
CU011309,Account 011309,2024-10-13,Finance,Canada,Enterprise
CU011310,Account 011310,2024-08-22,Professional Services,Canada,Enterprise
CU011311,Account 011311,2022-09-19,Healthcare,Australia,SMB
CU011312,Account 011312,2023-04-22,Finance,Australia,Mid-Market
CU011313,Account 011313,2023-04-11,Education,United Kingdom,Mid-Market
CU011314,Account 011314,2023-06-21,Software,Singapore,SMB
CU011315,Account 011315,2025-11-03,Finance,Canada,SMB
CU011316,Account 011316,2024-02-21,Finance,Singapore,Enterprise
CU011317,Account 011317,2023-07-17,Software,Singapore,Mid-Market
CU011318,Account 011318,2026-03-04,Professional Services,Canada,SMB
CU011319,Account 011319,2024-06-18,Professional Services,Singapore,SMB
CU011320,Account 011320,2024-03-04,Professional Services,Canada,Mid-Market
CU011321,Account 011321,2024-09-19,Manufacturing,Canada,SMB
CU011322,Account 011322,2022-01-27,Retail,Canada,Mid-Market
CU011323,Account 011323,2022-08-21,Software,United States,Enterprise
CU011324,Account 011324,2024-01-22,Manufacturing,United Kingdom,Enterprise
CU011325,Account 011325,2022-12-14,Manufacturing,Singapore,Enterprise
CU011326,Account 011326,2022-03-01,Manufacturing,United Kingdom,Mid-Market
CU011327,Account 011327,2023-09-07,Professional Services,Australia,Enterprise
CU011328,Account 011328,2023-10-21,Healthcare,Singapore,Enterprise
CU011329,Account 011329,2023-11-02,Education,Singapore,Enterprise
CU011330,Account 011330,2026-05-08,Software,United Kingdom,Enterprise
CU011331,Account 011331,2023-02-20,Retail,United Kingdom,SMB
CU011332,Account 011332,2024-04-10,Education,Singapore,Mid-Market
CU011333,Account 011333,2025-07-27,Healthcare,Australia,Enterprise
CU011334,Account 011334,2023-11-15,Manufacturing,United Kingdom,SMB
CU011335,Account 011335,2025-04-30,Professional Services,Australia,Mid-Market
CU011336,Account 011336,2023-11-20,Finance,United Kingdom,SMB
CU011337,Account 011337,2025-06-13,Healthcare,Canada,Mid-Market
CU011338,Account 011338,2023-05-23,Professional Services,Canada,Mid-Market
CU011339,Account 011339,2024-08-20,Software,United Kingdom,Mid-Market
CU011340,Account 011340,2026-01-21,Education,Germany,Mid-Market
CU011341,Account 011341,2024-11-03,Finance,United Kingdom,Mid-Market
CU011342,Account 011342,2022-11-12,Professional Services,United Kingdom,Enterprise
CU011343,Account 011343,2023-05-24,Education,United States,Mid-Market
CU011344,Account 011344,2026-01-03,Software,Singapore,Enterprise
CU011345,Account 011345,2024-08-28,Professional Services,Singapore,Enterprise
CU011346,Account 011346,2025-11-20,Retail,Canada,Enterprise
CU011347,Account 011347,2024-01-06,Finance,Australia,Mid-Market
CU011348,Account 011348,2025-01-04,Professional Services,Australia,SMB
CU011349,Account 011349,2024-06-14,Manufacturing,United States,SMB
CU011350,Account 011350,2025-06-26,Healthcare,United Kingdom,Mid-Market
CU011351,Account 011351,2025-08-14,Software,United Kingdom,Mid-Market
CU011352,Account 011352,2026-05-21,Retail,United Kingdom,Mid-Market
CU011353,Account 011353,2025-10-24,Healthcare,Singapore,SMB
CU011354,Account 011354,2022-10-23,Finance,United Kingdom,SMB
CU011355,Account 011355,2024-02-09,Education,Australia,Mid-Market
CU011356,Account 011356,2023-03-06,Retail,United States,SMB
CU011357,Account 011357,2024-04-04,Healthcare,Germany,SMB
CU011358,Account 011358,2024-05-29,Finance,Canada,Enterprise
CU011359,Account 011359,2026-05-27,Software,Singapore,Enterprise
CU011360,Account 011360,2025-03-13,Manufacturing,Singapore,Mid-Market
CU011361,Account 011361,2025-02-03,Manufacturing,Canada,Mid-Market
CU011362,Account 011362,2023-03-24,Healthcare,Germany,Enterprise
CU011363,Account 011363,2024-05-30,Healthcare,United Kingdom,SMB
CU011364,Account 011364,2023-08-29,Retail,Germany,Enterprise
CU011365,Account 011365,2022-10-01,Manufacturing,Germany,Enterprise
CU011366,Account 011366,2023-11-20,Healthcare,Singapore,Enterprise
CU011367,Account 011367,2022-05-14,Manufacturing,Canada,Enterprise
CU011368,Account 011368,2023-08-19,Retail,United States,Mid-Market
CU011369,Account 011369,2026-04-30,Healthcare,Singapore,SMB
CU011370,Account 011370,2022-02-28,Manufacturing,Australia,Enterprise
CU011371,Account 011371,2023-02-23,Manufacturing,Singapore,SMB
CU011372,Account 011372,2022-05-29,Retail,United Kingdom,SMB
CU011373,Account 011373,2022-04-14,Manufacturing,Canada,Mid-Market
CU011374,Account 011374,2024-09-24,Healthcare,United Kingdom,Enterprise
CU011375,Account 011375,2023-08-12,Finance,Canada,Mid-Market
CU011376,Account 011376,2024-06-26,Healthcare,Canada,Mid-Market
CU011377,Account 011377,2022-01-05,Software,Singapore,Mid-Market
CU011378,Account 011378,2025-07-10,Education,United States,Mid-Market
CU011379,Account 011379,2026-01-28,Retail,United States,Mid-Market
CU011380,Account 011380,2023-07-15,Manufacturing,Canada,SMB
CU011381,Account 011381,2025-10-01,Healthcare,Canada,SMB
CU011382,Account 011382,2022-03-13,Retail,Canada,Mid-Market
CU011383,Account 011383,2026-05-05,Healthcare,United States,Mid-Market
CU011384,Account 011384,2026-03-09,Manufacturing,Australia,SMB
CU011385,Account 011385,2024-03-12,Professional Services,United States,SMB
CU011386,Account 011386,2025-08-06,Software,Australia,Enterprise
CU011387,Account 011387,2025-07-25,Software,Australia,SMB
CU011388,Account 011388,2026-06-11,Education,Germany,Mid-Market
CU011389,Account 011389,2023-10-18,Software,Australia,Mid-Market
CU011390,Account 011390,2023-01-03,Education,United Kingdom,Enterprise
CU011391,Account 011391,2023-01-03,Finance,Germany,Enterprise
CU011392,Account 011392,2024-02-22,Education,United States,Mid-Market
CU011393,Account 011393,2024-03-19,Healthcare,Singapore,Mid-Market
CU011394,Account 011394,2025-05-12,Professional Services,United States,Enterprise
CU011395,Account 011395,2022-10-29,Retail,Germany,Enterprise
CU011396,Account 011396,2023-07-05,Education,United Kingdom,Enterprise
CU011397,Account 011397,2023-07-24,Manufacturing,Singapore,Mid-Market
CU011398,Account 011398,2023-10-17,Finance,United States,Mid-Market
CU011399,Account 011399,2022-06-15,Software,Germany,Enterprise
CU011400,Account 011400,2023-09-12,Healthcare,Australia,Enterprise
CU011401,Account 011401,2022-01-03,Healthcare,United States,SMB
CU011402,Account 011402,2022-12-06,Finance,Canada,Enterprise
CU011403,Account 011403,2022-03-20,Software,United States,Enterprise
CU011404,Account 011404,2024-11-25,Manufacturing,United States,SMB
CU011405,Account 011405,2022-12-02,Healthcare,Canada,SMB
CU011406,Account 011406,2024-02-28,Professional Services,United Kingdom,SMB
CU011407,Account 011407,2024-11-30,Education,United States,Enterprise
CU011408,Account 011408,2023-08-11,Professional Services,United Kingdom,Mid-Market
CU011409,Account 011409,2023-10-20,Manufacturing,Australia,Mid-Market
CU011410,Account 011410,2022-01-18,Software,United States,Enterprise
CU011411,Account 011411,2023-06-22,Finance,Canada,Enterprise
CU011412,Account 011412,2024-01-15,Professional Services,United States,Mid-Market
CU011413,Account 011413,2024-06-24,Education,Germany,SMB
CU011414,Account 011414,2024-09-06,Manufacturing,Germany,Enterprise
CU011415,Account 011415,2025-07-29,Professional Services,Canada,SMB
CU011416,Account 011416,2025-02-25,Professional Services,United States,Mid-Market
CU011417,Account 011417,2026-05-10,Education,Australia,SMB
CU011418,Account 011418,2025-01-11,Software,Australia,SMB
CU011419,Account 011419,2023-02-22,Healthcare,Singapore,SMB
CU011420,Account 011420,2026-01-03,Retail,Singapore,Mid-Market
CU011421,Account 011421,2024-05-04,Healthcare,United States,SMB
CU011422,Account 011422,2025-12-19,Finance,United Kingdom,Enterprise
CU011423,Account 011423,2024-01-17,Professional Services,Canada,Mid-Market
CU011424,Account 011424,2024-08-22,Professional Services,Singapore,Enterprise
CU011425,Account 011425,2024-06-18,Professional Services,Germany,SMB
CU011426,Account 011426,2022-10-06,Retail,Singapore,SMB
CU011427,Account 011427,2025-07-23,Retail,Germany,Enterprise
CU011428,Account 011428,2022-02-25,Retail,United States,Mid-Market
CU011429,Account 011429,2022-04-25,Finance,United States,Enterprise
CU011430,Account 011430,2022-02-26,Education,United Kingdom,SMB
CU011431,Account 011431,2024-08-30,Manufacturing,United Kingdom,Enterprise
CU011432,Account 011432,2025-10-24,Software,Canada,Enterprise
CU011433,Account 011433,2024-01-29,Software,Australia,Enterprise
CU011434,Account 011434,2024-01-09,Healthcare,Germany,Mid-Market
CU011435,Account 011435,2022-04-06,Professional Services,United Kingdom,Mid-Market
CU011436,Account 011436,2026-02-21,Education,Australia,Mid-Market
CU011437,Account 011437,2022-08-31,Professional Services,Australia,SMB
CU011438,Account 011438,2025-09-03,Education,United States,Mid-Market
CU011439,Account 011439,2025-05-31,Education,Canada,Mid-Market
CU011440,Account 011440,2022-03-08,Finance,Canada,Enterprise
CU011441,Account 011441,2022-01-27,Education,Australia,SMB
CU011442,Account 011442,2022-04-23,Professional Services,Canada,Mid-Market
CU011443,Account 011443,2022-05-14,Professional Services,Canada,SMB
CU011444,Account 011444,2023-02-10,Healthcare,United States,SMB
CU011445,Account 011445,2025-05-31,Manufacturing,United Kingdom,Mid-Market
CU011446,Account 011446,2025-06-14,Education,Canada,Mid-Market
CU011447,Account 011447,2026-06-16,Manufacturing,United States,Enterprise
CU011448,Account 011448,2026-03-15,Finance,United Kingdom,SMB
CU011449,Account 011449,2026-01-11,Software,Australia,Enterprise
CU011450,Account 011450,2024-06-29,Software,United Kingdom,SMB
CU011451,Account 011451,2024-01-20,Professional Services,Singapore,SMB
CU011452,Account 011452,2026-06-28,Healthcare,Germany,Enterprise
CU011453,Account 011453,2022-11-07,Finance,Canada,SMB
CU011454,Account 011454,2024-05-04,Professional Services,Canada,SMB
CU011455,Account 011455,2025-03-15,Finance,Canada,Mid-Market
CU011456,Account 011456,2023-08-24,Professional Services,United States,Mid-Market
CU011457,Account 011457,2024-10-05,Professional Services,Australia,Enterprise
CU011458,Account 011458,2024-09-13,Education,United Kingdom,Enterprise
CU011459,Account 011459,2024-03-26,Retail,United States,SMB
CU011460,Account 011460,2022-09-11,Software,United Kingdom,SMB
CU011461,Account 011461,2025-09-10,Software,United States,Enterprise
CU011462,Account 011462,2025-05-02,Retail,Australia,Mid-Market
CU011463,Account 011463,2024-09-13,Software,Canada,SMB
CU011464,Account 011464,2025-05-31,Professional Services,Singapore,Mid-Market
CU011465,Account 011465,2025-06-14,Finance,United States,Mid-Market
CU011466,Account 011466,2022-12-14,Healthcare,Canada,Mid-Market
CU011467,Account 011467,2024-11-10,Education,Germany,SMB
CU011468,Account 011468,2024-01-01,Software,United Kingdom,Enterprise
CU011469,Account 011469,2024-03-20,Education,Canada,Enterprise
CU011470,Account 011470,2023-02-21,Professional Services,Germany,Enterprise
CU011471,Account 011471,2024-05-29,Professional Services,Australia,Mid-Market
CU011472,Account 011472,2025-07-12,Manufacturing,Canada,Mid-Market
CU011473,Account 011473,2022-10-07,Retail,Australia,SMB
CU011474,Account 011474,2025-09-12,Finance,Canada,SMB
CU011475,Account 011475,2022-12-26,Retail,United Kingdom,Enterprise
CU011476,Account 011476,2022-02-05,Finance,United Kingdom,Mid-Market
CU011477,Account 011477,2022-07-24,Healthcare,Australia,SMB
CU011478,Account 011478,2024-11-02,Professional Services,Canada,Enterprise
CU011479,Account 011479,2025-05-27,Healthcare,United Kingdom,SMB
CU011480,Account 011480,2022-08-11,Professional Services,Canada,Enterprise
CU011481,Account 011481,2022-03-29,Retail,United States,Mid-Market
CU011482,Account 011482,2022-02-08,Manufacturing,Singapore,SMB
CU011483,Account 011483,2024-10-22,Software,United Kingdom,SMB
CU011484,Account 011484,2024-01-08,Healthcare,Singapore,Enterprise
CU011485,Account 011485,2022-05-19,Retail,United States,Mid-Market
CU011486,Account 011486,2022-07-25,Software,Australia,Mid-Market
CU011487,Account 011487,2024-08-08,Education,Germany,Mid-Market
CU011488,Account 011488,2023-05-01,Software,Australia,SMB
CU011489,Account 011489,2025-06-19,Finance,United States,Mid-Market
CU011490,Account 011490,2025-06-09,Finance,United Kingdom,Mid-Market
CU011491,Account 011491,2023-12-30,Retail,Singapore,SMB
CU011492,Account 011492,2025-11-24,Education,Canada,Enterprise
CU011493,Account 011493,2022-05-18,Professional Services,United Kingdom,Mid-Market
CU011494,Account 011494,2022-01-03,Professional Services,United Kingdom,Mid-Market
CU011495,Account 011495,2022-12-27,Education,Germany,Enterprise
CU011496,Account 011496,2023-09-10,Education,United Kingdom,Enterprise
CU011497,Account 011497,2023-12-15,Retail,United States,Enterprise
CU011498,Account 011498,2025-05-19,Software,United States,Mid-Market
CU011499,Account 011499,2022-11-04,Software,Germany,Enterprise
CU011500,Account 011500,2023-05-31,Professional Services,Australia,Mid-Market
CU011501,Account 011501,2025-12-22,Education,Germany,Enterprise
CU011502,Account 011502,2024-12-11,Healthcare,Singapore,Enterprise
CU011503,Account 011503,2022-01-11,Education,United States,Enterprise
CU011504,Account 011504,2025-02-24,Professional Services,Singapore,Enterprise
CU011505,Account 011505,2022-07-11,Healthcare,Singapore,Enterprise
CU011506,Account 011506,2023-10-15,Software,Germany,SMB
CU011507,Account 011507,2023-11-15,Education,Australia,SMB
CU011508,Account 011508,2025-08-29,Manufacturing,United Kingdom,Enterprise
CU011509,Account 011509,2025-08-29,Healthcare,United States,Mid-Market
CU011510,Account 011510,2023-11-01,Manufacturing,United Kingdom,Mid-Market
CU011511,Account 011511,2025-03-13,Professional Services,United States,SMB
CU011512,Account 011512,2024-01-05,Professional Services,United Kingdom,Mid-Market
CU011513,Account 011513,2022-07-26,Finance,Singapore,SMB
CU011514,Account 011514,2022-03-07,Retail,United States,Mid-Market
CU011515,Account 011515,2026-01-26,Education,United States,Mid-Market
CU011516,Account 011516,2024-04-24,Retail,United Kingdom,SMB
CU011517,Account 011517,2025-07-31,Professional Services,Australia,SMB
CU011518,Account 011518,2022-02-24,Education,Australia,SMB
CU011519,Account 011519,2023-04-14,Education,Germany,SMB
CU011520,Account 011520,2022-11-12,Healthcare,Singapore,Mid-Market
CU011521,Account 011521,2026-03-24,Professional Services,United States,SMB
CU011522,Account 011522,2025-10-19,Healthcare,Canada,SMB
CU011523,Account 011523,2025-12-31,Retail,Germany,Mid-Market
CU011524,Account 011524,2024-05-04,Healthcare,Canada,SMB
CU011525,Account 011525,2024-06-09,Healthcare,United Kingdom,Mid-Market
CU011526,Account 011526,2023-09-14,Professional Services,Germany,Enterprise
CU011527,Account 011527,2025-01-27,Manufacturing,United States,Mid-Market
CU011528,Account 011528,2025-02-11,Professional Services,Australia,Enterprise
CU011529,Account 011529,2022-06-11,Finance,Australia,Enterprise
CU011530,Account 011530,2024-12-15,Retail,United Kingdom,Enterprise
CU011531,Account 011531,2023-08-27,Finance,Australia,Enterprise
CU011532,Account 011532,2023-04-03,Software,Canada,Mid-Market
CU011533,Account 011533,2026-04-26,Finance,Singapore,Mid-Market
CU011534,Account 011534,2022-05-19,Software,Australia,Enterprise
CU011535,Account 011535,2024-09-09,Software,Germany,Mid-Market
CU011536,Account 011536,2024-05-25,Finance,United States,Mid-Market
CU011537,Account 011537,2022-05-26,Retail,Germany,Mid-Market
CU011538,Account 011538,2024-03-26,Finance,Singapore,Enterprise
CU011539,Account 011539,2024-01-20,Retail,Australia,Mid-Market
CU011540,Account 011540,2025-01-24,Manufacturing,Germany,Mid-Market
CU011541,Account 011541,2022-03-01,Education,Canada,Mid-Market
CU011542,Account 011542,2026-06-17,Professional Services,Australia,SMB
CU011543,Account 011543,2025-11-26,Healthcare,United States,SMB
CU011544,Account 011544,2022-07-12,Manufacturing,Singapore,SMB
CU011545,Account 011545,2026-05-09,Healthcare,Germany,Mid-Market
CU011546,Account 011546,2026-04-06,Education,Canada,Enterprise
CU011547,Account 011547,2024-12-01,Software,Canada,Enterprise
CU011548,Account 011548,2025-08-22,Healthcare,Germany,Enterprise
CU011549,Account 011549,2022-12-27,Manufacturing,Germany,SMB
CU011550,Account 011550,2023-11-07,Healthcare,United States,Mid-Market
CU011551,Account 011551,2023-09-20,Retail,Germany,Enterprise
CU011552,Account 011552,2023-06-02,Retail,Germany,SMB
CU011553,Account 011553,2024-08-18,Retail,Australia,SMB
CU011554,Account 011554,2023-03-09,Software,Canada,Enterprise
CU011555,Account 011555,2022-01-19,Retail,Canada,Mid-Market
CU011556,Account 011556,2023-01-10,Education,Canada,Mid-Market
CU011557,Account 011557,2024-02-12,Retail,United States,SMB
CU011558,Account 011558,2026-04-14,Education,Canada,Mid-Market
CU011559,Account 011559,2025-11-11,Healthcare,Singapore,Enterprise
CU011560,Account 011560,2026-06-10,Manufacturing,United Kingdom,SMB
CU011561,Account 011561,2025-05-16,Finance,Australia,SMB
CU011562,Account 011562,2023-05-19,Finance,Singapore,SMB
CU011563,Account 011563,2024-11-01,Professional Services,United States,SMB
CU011564,Account 011564,2022-01-23,Software,United Kingdom,Mid-Market
CU011565,Account 011565,2022-08-25,Finance,Canada,Enterprise
CU011566,Account 011566,2026-03-27,Retail,Australia,SMB
CU011567,Account 011567,2024-03-07,Healthcare,Canada,Mid-Market
CU011568,Account 011568,2025-06-30,Manufacturing,Australia,Mid-Market
CU011569,Account 011569,2025-02-27,Manufacturing,Singapore,SMB
CU011570,Account 011570,2024-07-13,Education,Germany,Mid-Market
CU011571,Account 011571,2023-10-24,Healthcare,United Kingdom,Enterprise
CU011572,Account 011572,2024-03-20,Healthcare,Canada,SMB
CU011573,Account 011573,2023-07-25,Software,Canada,SMB
CU011574,Account 011574,2023-06-18,Software,United States,Enterprise
CU011575,Account 011575,2026-04-26,Finance,Australia,SMB
CU011576,Account 011576,2026-06-28,Professional Services,United States,Mid-Market
CU011577,Account 011577,2023-07-23,Software,United Kingdom,SMB
CU011578,Account 011578,2026-06-11,Professional Services,United Kingdom,Enterprise
CU011579,Account 011579,2025-02-02,Retail,Australia,Enterprise
CU011580,Account 011580,2024-08-12,Retail,Singapore,Enterprise
CU011581,Account 011581,2025-03-20,Software,Singapore,Enterprise
CU011582,Account 011582,2022-02-15,Healthcare,United Kingdom,SMB
CU011583,Account 011583,2026-05-06,Software,Germany,Enterprise
CU011584,Account 011584,2022-06-16,Healthcare,Canada,Mid-Market
CU011585,Account 011585,2022-09-11,Manufacturing,Singapore,Mid-Market
CU011586,Account 011586,2026-01-29,Manufacturing,United States,Mid-Market
CU011587,Account 011587,2023-01-02,Education,Germany,Mid-Market
CU011588,Account 011588,2023-04-29,Healthcare,Canada,SMB
CU011589,Account 011589,2026-01-17,Education,Canada,SMB
CU011590,Account 011590,2025-04-26,Manufacturing,United States,Mid-Market
CU011591,Account 011591,2025-07-31,Retail,United Kingdom,SMB
CU011592,Account 011592,2025-06-14,Manufacturing,United Kingdom,Enterprise
CU011593,Account 011593,2024-04-10,Healthcare,Singapore,SMB
CU011594,Account 011594,2025-08-01,Education,United Kingdom,Enterprise
CU011595,Account 011595,2022-09-27,Finance,Australia,Enterprise
CU011596,Account 011596,2023-01-15,Healthcare,United Kingdom,Enterprise
CU011597,Account 011597,2025-08-20,Healthcare,Canada,Mid-Market
CU011598,Account 011598,2022-04-07,Healthcare,Singapore,Enterprise
CU011599,Account 011599,2023-05-22,Software,Canada,Enterprise
CU011600,Account 011600,2022-08-03,Healthcare,Canada,Mid-Market
CU011601,Account 011601,2025-05-23,Retail,United States,Mid-Market
CU011602,Account 011602,2023-11-21,Finance,Australia,Mid-Market
CU011603,Account 011603,2024-09-03,Finance,Australia,Mid-Market
CU011604,Account 011604,2022-11-18,Healthcare,Australia,Enterprise
CU011605,Account 011605,2023-03-07,Manufacturing,United Kingdom,Enterprise
CU011606,Account 011606,2023-05-28,Healthcare,United States,Mid-Market
CU011607,Account 011607,2026-03-10,Software,Australia,Enterprise
CU011608,Account 011608,2025-05-15,Software,Singapore,Mid-Market
CU011609,Account 011609,2024-10-29,Manufacturing,Singapore,Mid-Market
CU011610,Account 011610,2023-01-02,Finance,Germany,SMB
CU011611,Account 011611,2022-05-03,Healthcare,United Kingdom,Mid-Market
CU011612,Account 011612,2026-03-11,Manufacturing,United States,Enterprise
CU011613,Account 011613,2023-08-01,Manufacturing,Singapore,Mid-Market
CU011614,Account 011614,2024-11-30,Professional Services,United States,Mid-Market
CU011615,Account 011615,2026-06-25,Finance,United States,Mid-Market
CU011616,Account 011616,2026-03-08,Manufacturing,Germany,Mid-Market
CU011617,Account 011617,2024-09-25,Retail,Canada,Enterprise
CU011618,Account 011618,2022-03-06,Retail,United States,SMB
CU011619,Account 011619,2024-07-28,Healthcare,Germany,Mid-Market
CU011620,Account 011620,2024-11-08,Healthcare,Singapore,Enterprise
CU011621,Account 011621,2026-03-29,Retail,Singapore,Mid-Market
CU011622,Account 011622,2026-01-15,Manufacturing,Australia,Enterprise
CU011623,Account 011623,2024-04-01,Healthcare,United States,SMB
CU011624,Account 011624,2026-03-17,Finance,United States,Mid-Market
CU011625,Account 011625,2023-10-13,Finance,Canada,Enterprise
CU011626,Account 011626,2024-12-01,Retail,United States,Mid-Market
CU011627,Account 011627,2024-09-05,Education,United Kingdom,SMB
CU011628,Account 011628,2026-06-01,Healthcare,United Kingdom,Mid-Market
CU011629,Account 011629,2022-09-22,Healthcare,United States,SMB
CU011630,Account 011630,2024-11-19,Healthcare,Germany,SMB
CU011631,Account 011631,2023-09-08,Finance,United States,Enterprise
CU011632,Account 011632,2026-03-07,Manufacturing,Canada,Mid-Market
CU011633,Account 011633,2022-03-30,Education,United States,Mid-Market
CU011634,Account 011634,2024-08-30,Software,Canada,Mid-Market
CU011635,Account 011635,2023-10-30,Finance,United States,Mid-Market
CU011636,Account 011636,2022-12-10,Finance,United Kingdom,Enterprise
CU011637,Account 011637,2022-01-18,Education,Australia,Mid-Market
CU011638,Account 011638,2022-06-08,Healthcare,United States,SMB
CU011639,Account 011639,2023-08-08,Professional Services,Australia,Enterprise
CU011640,Account 011640,2023-12-28,Education,Germany,Enterprise
CU011641,Account 011641,2022-05-29,Finance,Germany,Mid-Market
CU011642,Account 011642,2023-07-14,Retail,Germany,Enterprise
CU011643,Account 011643,2025-12-17,Professional Services,Canada,Enterprise
CU011644,Account 011644,2025-09-20,Software,Canada,SMB
CU011645,Account 011645,2025-02-18,Manufacturing,United States,SMB
CU011646,Account 011646,2025-02-26,Healthcare,Singapore,Enterprise
CU011647,Account 011647,2024-06-06,Retail,United Kingdom,SMB
CU011648,Account 011648,2025-11-08,Software,Germany,SMB
CU011649,Account 011649,2023-07-15,Finance,United States,Mid-Market
CU011650,Account 011650,2023-09-13,Finance,United States,SMB
CU011651,Account 011651,2023-08-20,Professional Services,Canada,Mid-Market
CU011652,Account 011652,2026-04-18,Retail,United Kingdom,Mid-Market
CU011653,Account 011653,2024-07-16,Finance,Canada,Mid-Market
CU011654,Account 011654,2023-05-23,Manufacturing,United Kingdom,Enterprise
CU011655,Account 011655,2025-06-05,Retail,Canada,Mid-Market
CU011656,Account 011656,2025-11-24,Retail,United Kingdom,SMB
CU011657,Account 011657,2022-01-10,Education,Canada,SMB
CU011658,Account 011658,2026-01-20,Software,United Kingdom,Enterprise
CU011659,Account 011659,2022-10-28,Education,United States,Enterprise
CU011660,Account 011660,2026-03-08,Education,United States,Mid-Market
CU011661,Account 011661,2022-10-28,Finance,United Kingdom,SMB
CU011662,Account 011662,2025-01-16,Professional Services,United States,Enterprise
CU011663,Account 011663,2023-06-28,Software,Canada,Mid-Market
CU011664,Account 011664,2024-04-21,Retail,Germany,Mid-Market
CU011665,Account 011665,2024-07-30,Software,Singapore,Mid-Market
CU011666,Account 011666,2025-12-30,Professional Services,Singapore,Enterprise
CU011667,Account 011667,2023-10-28,Manufacturing,Germany,Enterprise
CU011668,Account 011668,2024-05-13,Education,United Kingdom,SMB
CU011669,Account 011669,2024-10-21,Finance,United States,Enterprise
CU011670,Account 011670,2025-12-16,Healthcare,United States,Mid-Market
CU011671,Account 011671,2022-08-30,Education,Australia,Enterprise
CU011672,Account 011672,2023-03-19,Manufacturing,Singapore,Mid-Market
CU011673,Account 011673,2023-02-26,Manufacturing,United Kingdom,SMB
CU011674,Account 011674,2024-09-22,Retail,United States,SMB
CU011675,Account 011675,2022-09-19,Healthcare,Germany,Mid-Market
CU011676,Account 011676,2023-10-21,Professional Services,Singapore,SMB
CU011677,Account 011677,2025-04-20,Education,United Kingdom,SMB
CU011678,Account 011678,2023-02-01,Software,Canada,SMB
CU011679,Account 011679,2025-04-06,Software,United Kingdom,Enterprise
CU011680,Account 011680,2023-09-13,Professional Services,Germany,SMB
CU011681,Account 011681,2024-12-29,Professional Services,Australia,Enterprise
CU011682,Account 011682,2025-02-22,Education,Australia,SMB
CU011683,Account 011683,2024-04-10,Finance,Australia,SMB
CU011684,Account 011684,2025-10-27,Education,Australia,Mid-Market
CU011685,Account 011685,2025-03-15,Education,Singapore,Mid-Market
CU011686,Account 011686,2025-08-23,Retail,Germany,Enterprise
CU011687,Account 011687,2024-06-10,Finance,Australia,Enterprise
CU011688,Account 011688,2024-05-29,Retail,United Kingdom,SMB
CU011689,Account 011689,2024-05-15,Professional Services,Singapore,SMB
CU011690,Account 011690,2025-07-19,Education,Singapore,SMB
CU011691,Account 011691,2025-09-20,Professional Services,Germany,SMB
CU011692,Account 011692,2025-12-02,Professional Services,Australia,Mid-Market
CU011693,Account 011693,2026-02-25,Software,United Kingdom,Enterprise
CU011694,Account 011694,2025-01-21,Healthcare,Singapore,SMB
CU011695,Account 011695,2022-10-06,Retail,Germany,SMB
CU011696,Account 011696,2023-04-21,Healthcare,United Kingdom,SMB
CU011697,Account 011697,2023-07-05,Healthcare,Canada,Enterprise
CU011698,Account 011698,2024-09-05,Retail,Singapore,Enterprise
CU011699,Account 011699,2025-01-10,Finance,Canada,SMB
CU011700,Account 011700,2022-05-04,Professional Services,Australia,Enterprise
CU011701,Account 011701,2023-01-28,Healthcare,Germany,Enterprise
CU011702,Account 011702,2023-10-24,Software,Australia,Enterprise
CU011703,Account 011703,2022-01-03,Manufacturing,Canada,SMB
CU011704,Account 011704,2025-05-19,Healthcare,Germany,SMB
CU011705,Account 011705,2025-02-27,Manufacturing,Germany,Enterprise
CU011706,Account 011706,2025-12-16,Professional Services,United States,SMB
CU011707,Account 011707,2024-05-05,Education,Singapore,Enterprise
CU011708,Account 011708,2024-07-25,Education,United Kingdom,SMB
CU011709,Account 011709,2024-04-15,Healthcare,Canada,Enterprise
CU011710,Account 011710,2025-05-23,Professional Services,Australia,SMB
CU011711,Account 011711,2023-10-15,Finance,Singapore,Mid-Market
CU011712,Account 011712,2025-04-26,Healthcare,Singapore,Enterprise
CU011713,Account 011713,2023-06-10,Healthcare,Singapore,Mid-Market
CU011714,Account 011714,2025-08-16,Education,United States,SMB
CU011715,Account 011715,2025-08-11,Professional Services,Australia,SMB
CU011716,Account 011716,2025-03-21,Manufacturing,Singapore,Enterprise
CU011717,Account 011717,2022-09-19,Education,Singapore,Mid-Market
CU011718,Account 011718,2022-04-29,Professional Services,Australia,Mid-Market
CU011719,Account 011719,2024-05-20,Healthcare,Canada,Mid-Market
CU011720,Account 011720,2025-03-28,Healthcare,Canada,Mid-Market
CU011721,Account 011721,2024-11-28,Education,Australia,Mid-Market
CU011722,Account 011722,2024-09-16,Healthcare,Canada,Enterprise
CU011723,Account 011723,2022-05-30,Professional Services,Germany,Enterprise
CU011724,Account 011724,2023-03-22,Retail,Germany,Enterprise
CU011725,Account 011725,2024-05-01,Manufacturing,Singapore,SMB
CU011726,Account 011726,2022-01-18,Finance,United Kingdom,Enterprise
CU011727,Account 011727,2025-06-28,Manufacturing,United Kingdom,Mid-Market
CU011728,Account 011728,2022-12-02,Education,Canada,SMB
CU011729,Account 011729,2025-10-13,Finance,United States,SMB
CU011730,Account 011730,2025-05-31,Manufacturing,Australia,Enterprise
CU011731,Account 011731,2024-03-23,Education,United States,SMB
CU011732,Account 011732,2025-07-29,Education,Germany,Mid-Market
CU011733,Account 011733,2025-05-14,Professional Services,Singapore,Mid-Market
CU011734,Account 011734,2025-07-14,Retail,United States,Mid-Market
CU011735,Account 011735,2024-07-16,Manufacturing,Canada,Enterprise
CU011736,Account 011736,2023-11-10,Finance,Canada,Enterprise
CU011737,Account 011737,2022-03-13,Finance,Canada,SMB
CU011738,Account 011738,2023-06-20,Healthcare,Canada,Mid-Market
CU011739,Account 011739,2025-01-06,Manufacturing,United States,Enterprise
CU011740,Account 011740,2023-11-14,Finance,United Kingdom,Mid-Market
CU011741,Account 011741,2024-12-21,Healthcare,United Kingdom,Enterprise
CU011742,Account 011742,2022-06-26,Education,Singapore,SMB
CU011743,Account 011743,2025-04-20,Retail,United Kingdom,Mid-Market
CU011744,Account 011744,2023-10-24,Professional Services,Singapore,Enterprise
CU011745,Account 011745,2025-05-09,Professional Services,Canada,SMB
CU011746,Account 011746,2026-04-06,Healthcare,United Kingdom,SMB
CU011747,Account 011747,2026-02-27,Finance,United Kingdom,Mid-Market
CU011748,Account 011748,2025-08-04,Professional Services,Canada,Mid-Market
CU011749,Account 011749,2025-01-13,Retail,Germany,Mid-Market
CU011750,Account 011750,2022-02-17,Finance,Singapore,Mid-Market
CU011751,Account 011751,2024-03-08,Healthcare,United Kingdom,SMB
CU011752,Account 011752,2023-02-15,Healthcare,Singapore,SMB
CU011753,Account 011753,2025-02-06,Manufacturing,United States,Mid-Market
CU011754,Account 011754,2023-11-10,Healthcare,Singapore,Mid-Market
CU011755,Account 011755,2024-07-18,Finance,Canada,Mid-Market
CU011756,Account 011756,2026-05-07,Education,United States,Enterprise
CU011757,Account 011757,2026-04-06,Finance,Singapore,SMB
CU011758,Account 011758,2025-02-24,Retail,Germany,SMB
CU011759,Account 011759,2025-08-30,Finance,Singapore,Enterprise
CU011760,Account 011760,2023-03-22,Finance,United States,Enterprise
CU011761,Account 011761,2022-12-26,Manufacturing,United States,SMB
CU011762,Account 011762,2022-07-07,Retail,United States,SMB
CU011763,Account 011763,2023-04-12,Finance,United States,Enterprise
CU011764,Account 011764,2025-03-14,Education,United States,Enterprise
CU011765,Account 011765,2023-11-17,Finance,Australia,Enterprise
CU011766,Account 011766,2025-03-09,Manufacturing,Germany,Enterprise
CU011767,Account 011767,2024-11-08,Professional Services,Germany,Enterprise
CU011768,Account 011768,2022-02-13,Software,Canada,Mid-Market
CU011769,Account 011769,2024-07-16,Education,Singapore,SMB
CU011770,Account 011770,2023-06-15,Professional Services,Singapore,Mid-Market
CU011771,Account 011771,2025-12-03,Healthcare,Australia,Mid-Market
CU011772,Account 011772,2022-05-25,Education,United Kingdom,Enterprise
CU011773,Account 011773,2022-09-20,Healthcare,United States,SMB
CU011774,Account 011774,2025-07-29,Healthcare,United Kingdom,Mid-Market
CU011775,Account 011775,2023-10-17,Manufacturing,United Kingdom,SMB
CU011776,Account 011776,2025-12-09,Finance,Germany,SMB
CU011777,Account 011777,2025-12-29,Professional Services,Canada,SMB
CU011778,Account 011778,2023-12-14,Professional Services,United States,Mid-Market
CU011779,Account 011779,2024-07-02,Education,Canada,SMB
CU011780,Account 011780,2024-04-18,Manufacturing,Germany,SMB
CU011781,Account 011781,2023-01-01,Finance,Germany,SMB
CU011782,Account 011782,2024-08-15,Finance,Australia,Enterprise
CU011783,Account 011783,2026-03-13,Software,United States,Enterprise
CU011784,Account 011784,2025-05-23,Finance,United States,Mid-Market
CU011785,Account 011785,2025-12-20,Retail,Australia,SMB
CU011786,Account 011786,2022-02-07,Finance,Canada,Mid-Market
CU011787,Account 011787,2023-01-23,Professional Services,Singapore,SMB
CU011788,Account 011788,2022-09-06,Professional Services,Canada,Enterprise
CU011789,Account 011789,2024-08-31,Software,Canada,Enterprise
CU011790,Account 011790,2022-08-30,Manufacturing,Canada,SMB
CU011791,Account 011791,2023-11-29,Finance,United Kingdom,Enterprise
CU011792,Account 011792,2026-03-26,Manufacturing,United States,SMB
CU011793,Account 011793,2025-01-02,Retail,Germany,Enterprise
CU011794,Account 011794,2022-03-02,Healthcare,United States,Mid-Market
CU011795,Account 011795,2023-08-06,Software,Germany,Enterprise
CU011796,Account 011796,2024-08-01,Retail,Singapore,SMB
CU011797,Account 011797,2024-05-11,Finance,United Kingdom,Enterprise
CU011798,Account 011798,2024-04-05,Finance,United States,SMB
CU011799,Account 011799,2025-08-17,Education,United Kingdom,Mid-Market
CU011800,Account 011800,2025-07-27,Healthcare,Canada,SMB
CU011801,Account 011801,2026-02-01,Retail,Germany,Mid-Market
CU011802,Account 011802,2022-12-23,Professional Services,United Kingdom,SMB
CU011803,Account 011803,2025-07-09,Professional Services,Australia,SMB
CU011804,Account 011804,2025-02-25,Retail,Germany,Enterprise
CU011805,Account 011805,2023-11-13,Software,United Kingdom,Mid-Market
CU011806,Account 011806,2022-10-01,Professional Services,Canada,SMB
CU011807,Account 011807,2022-08-18,Software,United States,Enterprise
CU011808,Account 011808,2026-06-01,Professional Services,Australia,SMB
CU011809,Account 011809,2023-09-03,Retail,United States,SMB
CU011810,Account 011810,2022-09-27,Finance,Canada,Enterprise
CU011811,Account 011811,2026-03-09,Retail,Australia,Enterprise
CU011812,Account 011812,2026-01-02,Education,United States,Mid-Market
CU011813,Account 011813,2024-08-08,Finance,United States,Mid-Market
CU011814,Account 011814,2023-03-09,Software,United Kingdom,Mid-Market
CU011815,Account 011815,2024-11-27,Software,Australia,Mid-Market
CU011816,Account 011816,2025-01-18,Professional Services,Germany,Mid-Market
CU011817,Account 011817,2025-12-19,Retail,Germany,Enterprise
CU011818,Account 011818,2024-06-27,Retail,Canada,Enterprise
CU011819,Account 011819,2025-04-10,Education,Australia,Mid-Market
CU011820,Account 011820,2024-06-08,Retail,United Kingdom,Enterprise
CU011821,Account 011821,2022-03-12,Retail,Australia,Enterprise
CU011822,Account 011822,2022-05-01,Education,Germany,Mid-Market
CU011823,Account 011823,2026-04-28,Healthcare,United Kingdom,SMB
CU011824,Account 011824,2022-05-07,Manufacturing,United States,SMB
CU011825,Account 011825,2022-05-30,Software,Singapore,SMB
CU011826,Account 011826,2025-12-13,Finance,United States,Mid-Market
CU011827,Account 011827,2025-05-26,Retail,Australia,SMB
CU011828,Account 011828,2026-03-25,Finance,Germany,Mid-Market
CU011829,Account 011829,2024-03-20,Healthcare,Australia,Enterprise
CU011830,Account 011830,2022-10-09,Education,Canada,Mid-Market
CU011831,Account 011831,2023-08-23,Finance,Australia,Mid-Market
CU011832,Account 011832,2023-10-25,Finance,Singapore,Mid-Market
CU011833,Account 011833,2025-03-23,Education,Germany,SMB
CU011834,Account 011834,2023-07-23,Retail,United States,Mid-Market
CU011835,Account 011835,2024-06-22,Education,Singapore,Mid-Market
CU011836,Account 011836,2024-08-15,Finance,United States,SMB
CU011837,Account 011837,2022-11-24,Manufacturing,Canada,Mid-Market
CU011838,Account 011838,2022-04-15,Finance,United Kingdom,Enterprise
CU011839,Account 011839,2026-02-26,Healthcare,Singapore,Mid-Market
CU011840,Account 011840,2024-05-23,Education,Germany,Enterprise
CU011841,Account 011841,2026-02-03,Healthcare,Singapore,Enterprise
CU011842,Account 011842,2025-07-27,Education,Singapore,SMB
CU011843,Account 011843,2023-11-06,Healthcare,Australia,Mid-Market
CU011844,Account 011844,2025-10-02,Finance,Germany,Mid-Market
CU011845,Account 011845,2024-02-13,Retail,Germany,SMB
CU011846,Account 011846,2023-07-03,Finance,United States,Mid-Market
CU011847,Account 011847,2024-03-12,Professional Services,Germany,Enterprise
CU011848,Account 011848,2026-04-27,Professional Services,Singapore,Mid-Market
CU011849,Account 011849,2023-05-06,Healthcare,Singapore,SMB
CU011850,Account 011850,2023-05-20,Finance,United Kingdom,Enterprise
CU011851,Account 011851,2023-12-20,Retail,United Kingdom,Mid-Market
CU011852,Account 011852,2025-10-10,Software,United States,Enterprise
CU011853,Account 011853,2022-08-23,Healthcare,Singapore,Mid-Market
CU011854,Account 011854,2025-03-09,Retail,Canada,Mid-Market
CU011855,Account 011855,2022-02-13,Healthcare,Singapore,Mid-Market
CU011856,Account 011856,2022-11-19,Manufacturing,Singapore,SMB
CU011857,Account 011857,2023-03-08,Professional Services,Canada,Mid-Market
CU011858,Account 011858,2026-01-11,Finance,Australia,SMB
CU011859,Account 011859,2026-01-09,Manufacturing,Singapore,Mid-Market
CU011860,Account 011860,2024-10-13,Manufacturing,United States,SMB
CU011861,Account 011861,2023-05-21,Finance,Australia,SMB
CU011862,Account 011862,2024-02-25,Healthcare,United States,Enterprise
CU011863,Account 011863,2024-08-12,Manufacturing,Germany,SMB
CU011864,Account 011864,2022-10-19,Software,United States,Enterprise
CU011865,Account 011865,2025-12-15,Finance,United Kingdom,Enterprise
CU011866,Account 011866,2022-03-20,Professional Services,Singapore,Enterprise
CU011867,Account 011867,2025-08-26,Education,Australia,Mid-Market
CU011868,Account 011868,2024-06-06,Professional Services,United Kingdom,Mid-Market
CU011869,Account 011869,2025-10-16,Finance,Singapore,Enterprise
CU011870,Account 011870,2022-10-26,Manufacturing,Australia,Enterprise
CU011871,Account 011871,2026-03-20,Software,United States,SMB
CU011872,Account 011872,2023-02-08,Education,Canada,SMB
CU011873,Account 011873,2022-07-04,Education,Australia,Mid-Market
CU011874,Account 011874,2026-03-14,Healthcare,Australia,Mid-Market
CU011875,Account 011875,2025-07-31,Finance,United Kingdom,SMB
CU011876,Account 011876,2022-12-28,Finance,Singapore,SMB
CU011877,Account 011877,2024-07-25,Manufacturing,Canada,Mid-Market
CU011878,Account 011878,2025-09-12,Education,United States,SMB
CU011879,Account 011879,2025-08-31,Manufacturing,Australia,SMB
CU011880,Account 011880,2024-11-23,Retail,Germany,Mid-Market
CU011881,Account 011881,2023-09-18,Retail,Singapore,SMB
CU011882,Account 011882,2026-04-06,Retail,Canada,Enterprise
CU011883,Account 011883,2025-07-17,Education,United States,Enterprise
CU011884,Account 011884,2026-03-18,Healthcare,Singapore,Enterprise
CU011885,Account 011885,2022-04-08,Manufacturing,Germany,Mid-Market
CU011886,Account 011886,2024-02-08,Finance,Canada,SMB
CU011887,Account 011887,2026-04-16,Retail,United Kingdom,SMB
CU011888,Account 011888,2023-11-11,Healthcare,Canada,SMB
CU011889,Account 011889,2023-11-16,Education,United Kingdom,SMB
CU011890,Account 011890,2024-08-27,Software,Australia,Mid-Market
CU011891,Account 011891,2022-07-19,Finance,Germany,SMB
CU011892,Account 011892,2023-08-02,Retail,United States,SMB
CU011893,Account 011893,2023-06-09,Retail,Canada,Mid-Market
CU011894,Account 011894,2025-04-28,Healthcare,Australia,SMB
CU011895,Account 011895,2023-11-20,Retail,Singapore,SMB
CU011896,Account 011896,2022-11-17,Professional Services,Singapore,Enterprise
CU011897,Account 011897,2022-02-28,Healthcare,Singapore,SMB
CU011898,Account 011898,2026-01-15,Retail,United Kingdom,SMB
CU011899,Account 011899,2025-10-13,Manufacturing,Singapore,Enterprise
CU011900,Account 011900,2024-03-09,Manufacturing,Germany,Enterprise
CU011901,Account 011901,2025-08-13,Software,Germany,Mid-Market
CU011902,Account 011902,2023-06-16,Finance,United Kingdom,Enterprise
CU011903,Account 011903,2023-04-06,Healthcare,Australia,Enterprise
CU011904,Account 011904,2026-04-05,Healthcare,Germany,Mid-Market
CU011905,Account 011905,2023-09-13,Healthcare,Canada,SMB
CU011906,Account 011906,2024-04-29,Education,Germany,Enterprise
CU011907,Account 011907,2026-03-04,Healthcare,United Kingdom,Enterprise
CU011908,Account 011908,2022-05-04,Manufacturing,United Kingdom,Mid-Market
CU011909,Account 011909,2022-06-04,Retail,Germany,SMB
CU011910,Account 011910,2022-01-10,Healthcare,Germany,Enterprise
CU011911,Account 011911,2023-07-17,Retail,Australia,Mid-Market
CU011912,Account 011912,2025-08-21,Healthcare,United Kingdom,Enterprise
CU011913,Account 011913,2024-12-10,Retail,United Kingdom,Enterprise
CU011914,Account 011914,2023-06-11,Professional Services,Singapore,Mid-Market
CU011915,Account 011915,2022-03-02,Retail,Canada,Enterprise
CU011916,Account 011916,2022-07-01,Software,Canada,Mid-Market
CU011917,Account 011917,2022-10-05,Software,Singapore,Mid-Market
CU011918,Account 011918,2025-11-26,Education,Singapore,Mid-Market
CU011919,Account 011919,2022-06-28,Software,Australia,Mid-Market
CU011920,Account 011920,2024-06-06,Professional Services,Singapore,Enterprise
CU011921,Account 011921,2024-05-04,Education,Australia,Mid-Market
CU011922,Account 011922,2023-04-27,Retail,Singapore,Mid-Market
CU011923,Account 011923,2024-04-29,Manufacturing,United States,Mid-Market
CU011924,Account 011924,2026-05-25,Manufacturing,Germany,Enterprise
CU011925,Account 011925,2024-09-17,Manufacturing,Australia,Mid-Market
CU011926,Account 011926,2024-11-01,Retail,United States,Mid-Market
CU011927,Account 011927,2024-05-15,Professional Services,Germany,SMB
CU011928,Account 011928,2024-09-20,Education,United Kingdom,SMB
CU011929,Account 011929,2024-06-16,Retail,United States,Mid-Market
CU011930,Account 011930,2023-02-21,Education,Germany,Enterprise
CU011931,Account 011931,2025-02-02,Finance,Singapore,Enterprise
CU011932,Account 011932,2022-05-23,Software,United States,Enterprise
CU011933,Account 011933,2025-06-28,Manufacturing,Germany,SMB
CU011934,Account 011934,2023-04-05,Finance,United Kingdom,Mid-Market
CU011935,Account 011935,2024-05-19,Professional Services,Canada,SMB
CU011936,Account 011936,2023-11-21,Retail,United Kingdom,Enterprise
CU011937,Account 011937,2022-09-22,Healthcare,Canada,Enterprise
CU011938,Account 011938,2023-03-03,Retail,Germany,SMB
CU011939,Account 011939,2022-05-27,Professional Services,Germany,SMB
CU011940,Account 011940,2025-02-19,Manufacturing,United States,Enterprise
CU011941,Account 011941,2024-04-22,Professional Services,United States,Enterprise
CU011942,Account 011942,2026-01-15,Professional Services,Singapore,SMB
CU011943,Account 011943,2025-04-11,Software,Australia,SMB
CU011944,Account 011944,2022-05-17,Healthcare,Canada,SMB
CU011945,Account 011945,2023-07-28,Finance,Canada,Enterprise
CU011946,Account 011946,2025-07-14,Healthcare,Singapore,Mid-Market
CU011947,Account 011947,2023-10-08,Software,United Kingdom,Mid-Market
CU011948,Account 011948,2022-05-28,Professional Services,Germany,SMB
CU011949,Account 011949,2022-03-08,Retail,Germany,Mid-Market
CU011950,Account 011950,2025-04-03,Retail,Australia,SMB
CU011951,Account 011951,2023-01-19,Healthcare,Australia,SMB
CU011952,Account 011952,2024-02-03,Manufacturing,Germany,Enterprise
CU011953,Account 011953,2026-05-20,Finance,Singapore,Enterprise
CU011954,Account 011954,2023-03-12,Professional Services,Australia,Mid-Market
CU011955,Account 011955,2022-09-29,Healthcare,Canada,Enterprise
CU011956,Account 011956,2022-11-30,Retail,Canada,Enterprise
CU011957,Account 011957,2025-03-29,Professional Services,United Kingdom,Mid-Market
CU011958,Account 011958,2022-05-11,Software,United States,Enterprise
CU011959,Account 011959,2022-01-25,Education,Singapore,Enterprise
CU011960,Account 011960,2023-10-11,Education,Australia,SMB
CU011961,Account 011961,2022-04-19,Software,United States,Enterprise
CU011962,Account 011962,2023-10-16,Software,Singapore,Mid-Market
CU011963,Account 011963,2024-08-14,Retail,Canada,Mid-Market
CU011964,Account 011964,2025-09-10,Professional Services,Singapore,Mid-Market
CU011965,Account 011965,2022-03-02,Healthcare,Singapore,SMB
CU011966,Account 011966,2023-01-09,Manufacturing,Australia,SMB
CU011967,Account 011967,2024-04-14,Software,Singapore,SMB
CU011968,Account 011968,2022-03-31,Finance,Singapore,SMB
CU011969,Account 011969,2023-03-09,Healthcare,Australia,SMB
CU011970,Account 011970,2023-07-19,Manufacturing,Canada,Mid-Market
CU011971,Account 011971,2023-01-10,Healthcare,United States,Mid-Market
CU011972,Account 011972,2022-06-12,Education,Singapore,SMB
CU011973,Account 011973,2023-01-13,Education,Australia,Mid-Market
CU011974,Account 011974,2022-01-23,Retail,Singapore,Mid-Market
CU011975,Account 011975,2024-12-14,Manufacturing,United States,Enterprise
CU011976,Account 011976,2025-12-31,Education,United Kingdom,Enterprise
CU011977,Account 011977,2026-01-31,Finance,Australia,Mid-Market
CU011978,Account 011978,2023-03-28,Retail,Canada,Enterprise
CU011979,Account 011979,2025-07-02,Healthcare,Canada,Enterprise
CU011980,Account 011980,2025-03-13,Software,Canada,SMB
CU011981,Account 011981,2025-11-22,Manufacturing,United States,Enterprise
CU011982,Account 011982,2026-06-21,Education,Singapore,SMB
CU011983,Account 011983,2022-10-15,Education,Singapore,Enterprise
CU011984,Account 011984,2026-02-07,Software,Germany,Mid-Market
CU011985,Account 011985,2026-02-10,Retail,Germany,SMB
CU011986,Account 011986,2024-08-30,Finance,Canada,Enterprise
CU011987,Account 011987,2024-08-25,Software,Singapore,Mid-Market
CU011988,Account 011988,2022-03-28,Finance,Australia,Enterprise
CU011989,Account 011989,2024-06-05,Finance,Germany,Mid-Market
CU011990,Account 011990,2026-03-21,Finance,United Kingdom,Enterprise
CU011991,Account 011991,2024-12-31,Manufacturing,United Kingdom,Mid-Market
CU011992,Account 011992,2023-01-21,Software,United Kingdom,SMB
CU011993,Account 011993,2023-05-15,Finance,Germany,Mid-Market
CU011994,Account 011994,2025-03-13,Finance,Australia,SMB
CU011995,Account 011995,2023-04-09,Finance,United States,SMB
CU011996,Account 011996,2024-05-14,Healthcare,Singapore,Mid-Market
CU011997,Account 011997,2022-05-10,Finance,Australia,Mid-Market
CU011998,Account 011998,2025-06-07,Manufacturing,Singapore,SMB
CU011999,Account 011999,2025-07-18,Finance,United States,Mid-Market
CU012000,Account 012000,2022-12-01,Manufacturing,Germany,Mid-Market
