CustomerID,AcquisitionSource,AcquisitionCost,AttributionType
CU000001,Partner,4596.55,Multi-Touch
CU000002,LinkedIn Ads,515.6,Multi-Touch
CU000003,Referral,132.13,First Touch
CU000004,Event,133.08,Multi-Touch
CU000005,Google Ads,4466.28,Multi-Touch
CU000006,Outbound,1588.75,Multi-Touch
CU000007,LinkedIn Ads,353.1,Last Touch
CU000008,Organic Search,4448.45,First Touch
CU000009,Referral,1666.15,Multi-Touch
CU000010,Referral,811.1,Multi-Touch
CU000011,LinkedIn Ads,208.55,Multi-Touch
CU000012,Google Ads,237.98,Last Touch
CU000013,Outbound,185.51,Multi-Touch
CU000014,LinkedIn Ads,4714.6,First Touch
CU000015,LinkedIn Ads,4255.77,Last Touch
CU000016,Organic Search,4647.12,Last Touch
CU000017,Outbound,1261.22,Last Touch
CU000018,Google Ads,463.86,First Touch
CU000019,Outbound,4820.27,Multi-Touch
CU000020,Event,4364.02,First Touch
CU000021,LinkedIn Ads,1202.21,Last Touch
CU000022,Google Ads,1382.93,Last Touch
CU000023,Outbound,203.82,Last Touch
CU000024,Referral,4250.41,Multi-Touch
CU000025,Outbound,641.57,Last Touch
CU000026,Outbound,1137.61,Last Touch
CU000027,Google Ads,4456.47,Multi-Touch
CU000028,Google Ads,1256.63,Multi-Touch
CU000029,Google Ads,618.4,Last Touch
CU000030,Partner,1398.33,Last Touch
CU000031,Outbound,624.35,First Touch
CU000032,Partner,392.54,Last Touch
CU000033,Event,51.38,Last Touch
CU000034,Event,4447.94,Last Touch
CU000035,LinkedIn Ads,4306.23,Multi-Touch
CU000036,Google Ads,421.31,Last Touch
CU000037,Outbound,956.78,First Touch
CU000038,LinkedIn Ads,4754.83,Last Touch
CU000039,Google Ads,886.55,Last Touch
CU000040,LinkedIn Ads,4449.11,Multi-Touch
CU000041,Organic Search,958.71,Multi-Touch
CU000042,Organic Search,1181.03,First Touch
CU000043,Outbound,1036.81,Last Touch
CU000044,Referral,232.53,First Touch
CU000045,Referral,779.42,First Touch
CU000046,LinkedIn Ads,153.12,First Touch
CU000047,Referral,4754.69,Multi-Touch
CU000048,Event,961.33,Multi-Touch
CU000049,LinkedIn Ads,4686.05,Last Touch
CU000050,Referral,412.5,First Touch
CU000051,Organic Search,1295.45,Last Touch
CU000052,Referral,244.76,Last Touch
CU000053,Partner,1279.91,First Touch
CU000054,Organic Search,49.26,Multi-Touch
CU000055,Google Ads,4633.73,First Touch
CU000056,Partner,1284.04,Multi-Touch
CU000057,Referral,939.24,Multi-Touch
CU000058,Outbound,434.7,First Touch
CU000059,LinkedIn Ads,398.62,Multi-Touch
CU000060,Partner,1051.9,Multi-Touch
CU000061,Event,413.04,First Touch
CU000062,Referral,4522.99,Multi-Touch
CU000063,Organic Search,1302.77,First Touch
CU000064,Google Ads,4433.95,Multi-Touch
CU000065,Organic Search,266.78,Multi-Touch
CU000066,Referral,683.53,Multi-Touch
CU000067,Event,217.99,Multi-Touch
CU000068,Outbound,4699.82,Multi-Touch
CU000069,Referral,965.71,Multi-Touch
CU000070,Partner,4477.12,Multi-Touch
CU000071,Google Ads,596.46,Multi-Touch
CU000072,Outbound,498.79,Last Touch
CU000073,Organic Search,4704.6,First Touch
CU000074,Google Ads,1265.74,Last Touch
CU000075,Outbound,1352.18,Last Touch
CU000076,Partner,1052.58,Multi-Touch
CU000077,Google Ads,4475.93,First Touch
CU000078,Partner,1443.48,First Touch
CU000079,Google Ads,4840.89,First Touch
CU000080,Organic Search,1233.76,Last Touch
CU000081,Organic Search,394.26,First Touch
CU000082,Partner,4520.65,First Touch
CU000083,Referral,652.38,Last Touch
CU000084,Google Ads,1218.29,First Touch
CU000085,Referral,381.56,Last Touch
CU000086,LinkedIn Ads,1157.95,First Touch
CU000087,Outbound,1442.06,Last Touch
CU000088,Google Ads,327.13,Multi-Touch
CU000089,Event,414.15,Last Touch
CU000090,LinkedIn Ads,1475.66,First Touch
CU000091,Partner,4956.27,Multi-Touch
CU000092,LinkedIn Ads,495.72,Last Touch
CU000093,Referral,1082.59,Multi-Touch
CU000094,Organic Search,961.99,Multi-Touch
CU000095,Outbound,1220.34,Multi-Touch
CU000096,Referral,414.69,Last Touch
CU000097,Event,4528.72,Last Touch
CU000098,LinkedIn Ads,1250.62,First Touch
CU000099,Partner,542.9,First Touch
CU000100,Referral,143.71,Last Touch
CU000101,Referral,260.79,Multi-Touch
CU000102,Referral,1149.37,Multi-Touch
CU000103,Organic Search,4656.75,Last Touch
CU000104,Outbound,4203.11,First Touch
CU000105,Outbound,175.33,Last Touch
CU000106,Event,1284.44,Multi-Touch
CU000107,Outbound,822.64,Last Touch
CU000108,Event,1056.44,Multi-Touch
CU000109,Event,21.47,Last Touch
CU000110,Partner,1173.94,Multi-Touch
CU000111,Referral,5089.28,First Touch
CU000112,Google Ads,4653.24,Multi-Touch
CU000113,LinkedIn Ads,4365.89,Multi-Touch
CU000114,Event,4336.87,Last Touch
CU000115,Organic Search,4454.34,Last Touch
CU000116,Outbound,376.13,Last Touch
CU000117,Referral,1455.79,Last Touch
CU000118,LinkedIn Ads,143.07,Multi-Touch
CU000119,Organic Search,713.64,Last Touch
CU000120,Outbound,4424.07,First Touch
CU000121,LinkedIn Ads,400.04,Multi-Touch
CU000122,Partner,4635.73,Multi-Touch
CU000123,Referral,4548.39,Multi-Touch
CU000124,Outbound,4468.01,First Touch
CU000125,Organic Search,4633.85,Last Touch
CU000126,Outbound,1017.05,Last Touch
CU000127,LinkedIn Ads,4153.91,First Touch
CU000128,Partner,246.8,First Touch
CU000129,Referral,4445.78,First Touch
CU000130,Referral,394.45,First Touch
CU000131,Google Ads,270.16,Multi-Touch
CU000132,Event,4507.05,Last Touch
CU000133,Partner,4458.36,Last Touch
CU000134,Google Ads,1143.39,First Touch
CU000135,Google Ads,306.96,First Touch
CU000136,Outbound,4597.34,First Touch
CU000137,Google Ads,184.56,Multi-Touch
CU000138,Organic Search,83.48,First Touch
CU000139,Outbound,371.46,Multi-Touch
CU000140,Outbound,1401.81,Last Touch
CU000141,Outbound,1146.55,Multi-Touch
CU000142,Organic Search,803.78,Multi-Touch
CU000143,Referral,1158.58,First Touch
CU000144,Outbound,4418.17,Multi-Touch
CU000145,Outbound,185.93,Multi-Touch
CU000146,Organic Search,239.03,Last Touch
CU000147,Referral,4846.8,Multi-Touch
CU000148,Partner,4441.53,Multi-Touch
CU000149,Organic Search,1406.25,Last Touch
CU000150,Event,1176.45,Multi-Touch
CU000151,Referral,4417.46,Multi-Touch
CU000152,Event,1350.19,First Touch
CU000153,Outbound,1342.08,Last Touch
CU000154,Event,4803.26,Multi-Touch
CU000155,Referral,4780.76,Last Touch
CU000156,Outbound,951.17,First Touch
CU000157,Event,1236.08,Multi-Touch
CU000158,Organic Search,4374.2,Last Touch
CU000159,Outbound,4605.43,Last Touch
CU000160,Google Ads,4710.44,Multi-Touch
CU000161,Referral,965.71,First Touch
CU000162,Event,996.79,First Touch
CU000163,Organic Search,459.65,First Touch
CU000164,Event,464.38,First Touch
CU000165,LinkedIn Ads,114.65,First Touch
CU000166,LinkedIn Ads,569.39,Multi-Touch
CU000167,Referral,661.0,Last Touch
CU000168,Outbound,369.85,Last Touch
CU000169,LinkedIn Ads,4473.24,Multi-Touch
CU000170,Referral,1196.85,Multi-Touch
CU000171,Event,343.75,Last Touch
CU000172,Google Ads,397.65,Multi-Touch
CU000173,Outbound,4453.68,Multi-Touch
CU000174,Partner,160.44,Multi-Touch
CU000175,Partner,4693.01,First Touch
CU000176,Outbound,1436.88,Multi-Touch
CU000177,Google Ads,4529.09,First Touch
CU000178,Outbound,4603.71,Last Touch
CU000179,Event,4495.22,Multi-Touch
CU000180,Outbound,1263.97,Multi-Touch
CU000181,Organic Search,1258.34,First Touch
CU000182,Outbound,374.17,Multi-Touch
CU000183,Outbound,1110.73,Last Touch
CU000184,LinkedIn Ads,1243.65,Multi-Touch
CU000185,Google Ads,1200.96,Last Touch
CU000186,Outbound,1118.54,First Touch
CU000187,Partner,1181.59,Multi-Touch
CU000188,Google Ads,317.5,Multi-Touch
CU000189,Outbound,4701.04,First Touch
CU000190,LinkedIn Ads,379.43,Last Touch
CU000191,Referral,1622.14,Multi-Touch
CU000192,Organic Search,4331.72,Multi-Touch
CU000193,Partner,1332.13,First Touch
CU000194,Partner,487.35,First Touch
CU000195,Google Ads,4325.98,Last Touch
CU000196,Referral,4378.07,Multi-Touch
CU000197,Outbound,1267.21,First Touch
CU000198,Event,501.96,First Touch
CU000199,Event,516.01,Multi-Touch
CU000200,Event,1360.31,Multi-Touch
CU000201,Outbound,331.43,Multi-Touch
CU000202,Event,4437.47,Multi-Touch
CU000203,Referral,1355.91,Last Touch
CU000204,Event,320.52,Multi-Touch
CU000205,Google Ads,4565.84,First Touch
CU000206,Google Ads,467.64,Multi-Touch
CU000207,Google Ads,4803.48,Last Touch
CU000208,Outbound,61.63,Last Touch
CU000209,Organic Search,341.91,Multi-Touch
CU000210,Outbound,531.6,Last Touch
CU000211,Organic Search,4414.27,Last Touch
CU000212,Google Ads,4475.8,Last Touch
CU000213,Event,4581.33,Last Touch
CU000214,Organic Search,157.61,Multi-Touch
CU000215,Partner,344.53,First Touch
CU000216,LinkedIn Ads,1173.56,First Touch
CU000217,Organic Search,4629.55,First Touch
CU000218,Google Ads,1032.94,First Touch
CU000219,Google Ads,54.32,Last Touch
CU000220,Referral,1276.55,Last Touch
CU000221,Event,1304.97,Multi-Touch
CU000222,Referral,4312.06,Multi-Touch
CU000223,Referral,346.36,Multi-Touch
CU000224,Organic Search,4300.92,First Touch
CU000225,Organic Search,4299.46,Multi-Touch
CU000226,Outbound,482.5,Last Touch
CU000227,Google Ads,184.94,Last Touch
CU000228,Partner,247.19,Last Touch
CU000229,Referral,102.68,Last Touch
CU000230,Event,4414.01,Multi-Touch
CU000231,Google Ads,301.23,Last Touch
CU000232,Referral,375.79,First Touch
CU000233,Partner,4382.75,First Touch
CU000234,Outbound,86.17,Multi-Touch
CU000235,Event,4335.99,Multi-Touch
CU000236,Google Ads,1094.0,Last Touch
CU000237,LinkedIn Ads,4652.52,Multi-Touch
CU000238,Referral,4852.6,First Touch
CU000239,LinkedIn Ads,4495.91,Multi-Touch
CU000240,LinkedIn Ads,1413.6,Last Touch
CU000241,Outbound,4705.59,Last Touch
CU000242,Referral,4625.03,First Touch
CU000243,Organic Search,587.31,Multi-Touch
CU000244,Google Ads,428.08,Multi-Touch
CU000245,Partner,997.84,First Touch
CU000246,Partner,649.54,Multi-Touch
CU000247,Organic Search,4352.15,First Touch
CU000248,Event,1160.75,First Touch
CU000249,Outbound,226.93,Multi-Touch
CU000250,Event,1231.16,First Touch
CU000251,Outbound,140.68,Last Touch
CU000252,Google Ads,975.48,First Touch
CU000253,LinkedIn Ads,1201.76,Last Touch
CU000254,Event,4499.65,Last Touch
CU000255,Partner,223.97,First Touch
CU000256,Organic Search,1327.34,First Touch
CU000257,Outbound,4491.98,Last Touch
CU000258,Referral,1076.2,First Touch
CU000259,LinkedIn Ads,628.22,First Touch
CU000260,Google Ads,4563.17,First Touch
CU000261,LinkedIn Ads,1388.2,Multi-Touch
CU000262,Partner,177.89,Last Touch
CU000263,Organic Search,1532.65,Last Touch
CU000264,Google Ads,4552.04,Multi-Touch
CU000265,Event,381.58,Multi-Touch
CU000266,Outbound,4954.55,First Touch
CU000267,Organic Search,152.23,Last Touch
CU000268,Organic Search,1059.68,Multi-Touch
CU000269,Google Ads,324.66,First Touch
CU000270,Event,4544.82,First Touch
CU000271,LinkedIn Ads,4664.67,First Touch
CU000272,Referral,1171.96,First Touch
CU000273,Partner,482.97,Multi-Touch
CU000274,Referral,4484.21,Last Touch
CU000275,LinkedIn Ads,539.94,First Touch
CU000276,Partner,87.81,Multi-Touch
CU000277,Google Ads,290.9,Last Touch
CU000278,Event,4428.87,Multi-Touch
CU000279,Google Ads,67.68,First Touch
CU000280,Outbound,4734.79,Multi-Touch
CU000281,Event,88.98,First Touch
CU000282,Google Ads,1364.22,First Touch
CU000283,Google Ads,1154.12,Last Touch
CU000284,Referral,4517.01,Last Touch
CU000285,Event,1271.23,Last Touch
CU000286,Referral,4686.59,Multi-Touch
CU000287,Referral,50.26,Multi-Touch
CU000288,Partner,4739.43,Multi-Touch
CU000289,Partner,1426.94,Multi-Touch
CU000290,Organic Search,428.1,First Touch
CU000291,Google Ads,423.36,First Touch
CU000292,Outbound,379.6,First Touch
CU000293,LinkedIn Ads,372.87,First Touch
CU000294,Partner,1030.06,Multi-Touch
CU000295,Referral,1084.59,Multi-Touch
CU000296,Referral,1234.93,First Touch
CU000297,Partner,3998.9,Multi-Touch
CU000298,Partner,280.27,Last Touch
CU000299,Event,4594.49,First Touch
CU000300,Referral,320.98,First Touch
CU000301,Outbound,660.93,Last Touch
CU000302,Event,4436.49,Multi-Touch
CU000303,Referral,136.98,Last Touch
CU000304,Organic Search,3973.41,First Touch
CU000305,LinkedIn Ads,53.03,Last Touch
CU000306,Organic Search,360.11,Last Touch
CU000307,Referral,459.67,First Touch
CU000308,LinkedIn Ads,1538.97,Last Touch
CU000309,Partner,275.21,First Touch
CU000310,Google Ads,455.31,First Touch
CU000311,Organic Search,345.02,Multi-Touch
CU000312,Event,1009.83,Last Touch
CU000313,Google Ads,1045.06,First Touch
CU000314,Outbound,436.95,First Touch
CU000315,Referral,507.58,Multi-Touch
CU000316,Outbound,1024.28,Multi-Touch
CU000317,Organic Search,224.12,Last Touch
CU000318,Referral,286.31,Multi-Touch
CU000319,Referral,647.98,First Touch
CU000320,Referral,996.2,First Touch
CU000321,Outbound,4433.88,Last Touch
CU000322,Partner,368.47,Last Touch
CU000323,Organic Search,4379.8,Multi-Touch
CU000324,LinkedIn Ads,1305.55,Last Touch
CU000325,Outbound,138.87,Multi-Touch
CU000326,Event,82.02,Multi-Touch
CU000327,LinkedIn Ads,482.87,Last Touch
CU000328,Organic Search,1408.88,Last Touch
CU000329,Google Ads,1340.17,Multi-Touch
CU000330,Google Ads,4528.83,Multi-Touch
CU000331,Google Ads,4685.72,First Touch
CU000332,Partner,4460.79,Last Touch
CU000333,Event,4532.96,Multi-Touch
CU000334,LinkedIn Ads,235.82,Last Touch
CU000335,Google Ads,1220.5,Last Touch
CU000336,Event,538.4,Multi-Touch
CU000337,Event,464.64,Multi-Touch
CU000338,Organic Search,4342.28,Multi-Touch
CU000339,Referral,165.7,Last Touch
CU000340,Event,376.37,Last Touch
CU000341,Outbound,4604.97,Multi-Touch
CU000342,Outbound,4504.17,First Touch
CU000343,Google Ads,4528.97,First Touch
CU000344,Partner,976.55,Multi-Touch
CU000345,Outbound,1409.64,Last Touch
CU000346,Google Ads,315.83,Multi-Touch
CU000347,Partner,1080.73,Last Touch
CU000348,Google Ads,1235.04,First Touch
CU000349,Organic Search,101.58,Multi-Touch
CU000350,Google Ads,271.67,Multi-Touch
CU000351,Organic Search,224.37,First Touch
CU000352,Organic Search,807.78,Last Touch
CU000353,Partner,233.31,Multi-Touch
CU000354,Partner,4499.17,First Touch
CU000355,Organic Search,1281.71,Last Touch
CU000356,Event,447.97,Last Touch
CU000357,Event,193.8,Multi-Touch
CU000358,Referral,4550.52,Last Touch
CU000359,Event,982.16,Multi-Touch
CU000360,Organic Search,1216.31,Last Touch
CU000361,Organic Search,1523.05,Last Touch
CU000362,Outbound,1506.59,Last Touch
CU000363,Organic Search,258.86,Multi-Touch
CU000364,Outbound,4873.27,Multi-Touch
CU000365,LinkedIn Ads,4657.15,First Touch
CU000366,Event,4634.6,First Touch
CU000367,Referral,1167.36,Multi-Touch
CU000368,LinkedIn Ads,1122.98,Multi-Touch
CU000369,Partner,1030.87,Multi-Touch
CU000370,Event,701.51,Last Touch
CU000371,Event,1464.14,First Touch
CU000372,Outbound,4331.54,First Touch
CU000373,Referral,1011.55,Multi-Touch
CU000374,Google Ads,1275.94,Multi-Touch
CU000375,LinkedIn Ads,1103.0,Multi-Touch
CU000376,Event,4493.47,Last Touch
CU000377,Organic Search,4331.34,First Touch
CU000378,Organic Search,1153.1,First Touch
CU000379,Partner,369.78,First Touch
CU000380,Referral,444.22,Multi-Touch
CU000381,Google Ads,323.5,First Touch
CU000382,Partner,955.91,Multi-Touch
CU000383,Organic Search,1545.47,Multi-Touch
CU000384,LinkedIn Ads,1015.25,Last Touch
CU000385,Referral,4495.65,Last Touch
CU000386,Outbound,982.7,First Touch
CU000387,Event,228.53,Last Touch
CU000388,Outbound,236.61,First Touch
CU000389,Google Ads,37.45,Multi-Touch
CU000390,Outbound,892.72,Last Touch
CU000391,Google Ads,4648.0,Last Touch
CU000392,Outbound,1010.55,Last Touch
CU000393,Partner,198.52,First Touch
CU000394,Event,187.83,Last Touch
CU000395,Referral,1304.84,First Touch
CU000396,Referral,478.09,First Touch
CU000397,Outbound,49.7,Last Touch
CU000398,Outbound,4420.97,First Touch
CU000399,LinkedIn Ads,116.34,First Touch
CU000400,Referral,524.67,Multi-Touch
CU000401,Organic Search,293.82,First Touch
CU000402,Organic Search,4418.84,First Touch
CU000403,Google Ads,568.39,First Touch
CU000404,Referral,4457.13,First Touch
CU000405,Referral,4339.66,Multi-Touch
CU000406,LinkedIn Ads,4472.68,Multi-Touch
CU000407,LinkedIn Ads,204.11,Multi-Touch
CU000408,Outbound,4533.23,First Touch
CU000409,Outbound,404.37,Multi-Touch
CU000410,Event,1076.34,Multi-Touch
CU000411,Organic Search,1485.17,Multi-Touch
CU000412,Google Ads,1003.33,Last Touch
CU000413,Event,1269.12,Multi-Touch
CU000414,LinkedIn Ads,1359.45,Last Touch
CU000415,Outbound,1276.3,First Touch
CU000416,Organic Search,4382.55,Multi-Touch
CU000417,Referral,1557.62,Multi-Touch
CU000418,Organic Search,1486.45,Multi-Touch
CU000419,LinkedIn Ads,4140.39,Multi-Touch
CU000420,Partner,329.45,Last Touch
CU000421,Google Ads,477.73,First Touch
CU000422,Event,4526.73,Multi-Touch
CU000423,Organic Search,4576.39,First Touch
CU000424,Partner,757.09,First Touch
CU000425,Google Ads,4305.6,Last Touch
CU000426,Event,1204.92,Last Touch
CU000427,Google Ads,4482.81,Last Touch
CU000428,Outbound,4662.18,Last Touch
CU000429,Partner,1357.11,Last Touch
CU000430,Organic Search,1123.93,First Touch
CU000431,LinkedIn Ads,375.82,Last Touch
CU000432,Outbound,1226.41,First Touch
CU000433,Organic Search,140.52,First Touch
CU000434,Google Ads,322.91,Last Touch
CU000435,Referral,1245.56,Multi-Touch
CU000436,Referral,59.76,Multi-Touch
CU000437,Event,1322.65,Multi-Touch
CU000438,Event,4135.01,Last Touch
CU000439,Outbound,362.22,First Touch
CU000440,Organic Search,1032.56,Multi-Touch
CU000441,Partner,4520.64,Last Touch
CU000442,Google Ads,4337.48,Multi-Touch
CU000443,Event,1108.95,Multi-Touch
CU000444,Event,376.73,Multi-Touch
CU000445,Event,225.76,Multi-Touch
CU000446,LinkedIn Ads,361.53,Last Touch
CU000447,Referral,4791.73,Last Touch
CU000448,Event,1216.5,First Touch
CU000449,Organic Search,417.4,Multi-Touch
CU000450,Referral,936.97,Last Touch
CU000451,LinkedIn Ads,226.73,Multi-Touch
CU000452,Organic Search,4671.18,Multi-Touch
CU000453,Referral,409.33,Last Touch
CU000454,LinkedIn Ads,4261.48,Multi-Touch
CU000455,Google Ads,4678.82,Multi-Touch
CU000456,Event,160.83,First Touch
CU000457,Google Ads,1203.97,Last Touch
CU000458,Outbound,55.46,Multi-Touch
CU000459,Organic Search,4190.38,Last Touch
CU000460,LinkedIn Ads,4382.83,First Touch
CU000461,Event,472.12,First Touch
CU000462,Event,1488.32,First Touch
CU000463,Outbound,1198.77,First Touch
CU000464,Referral,4634.84,First Touch
CU000465,Referral,4250.74,Last Touch
CU000466,Event,1230.59,Multi-Touch
CU000467,Referral,521.02,Last Touch
CU000468,Outbound,981.87,Last Touch
CU000469,Organic Search,58.27,Last Touch
CU000470,Event,4632.07,First Touch
CU000471,Partner,51.68,Last Touch
CU000472,Partner,108.01,Last Touch
CU000473,Event,4516.43,Multi-Touch
CU000474,Organic Search,1289.05,Last Touch
CU000475,Google Ads,147.74,Multi-Touch
CU000476,Referral,444.6,Last Touch
CU000477,Referral,927.24,Last Touch
CU000478,Partner,1065.49,First Touch
CU000479,Partner,30.39,Last Touch
CU000480,Google Ads,4410.78,Last Touch
CU000481,Google Ads,1467.31,Multi-Touch
CU000482,Outbound,344.96,First Touch
CU000483,Partner,4423.99,Last Touch
CU000484,Partner,644.93,Multi-Touch
CU000485,Outbound,4267.72,Multi-Touch
CU000486,Organic Search,1251.65,First Touch
CU000487,Organic Search,4773.55,First Touch
CU000488,LinkedIn Ads,270.37,Last Touch
CU000489,Google Ads,4630.08,First Touch
CU000490,Google Ads,4383.91,Multi-Touch
CU000491,Partner,572.2,First Touch
CU000492,Partner,1386.49,Last Touch
CU000493,Referral,355.7,Last Touch
CU000494,Partner,4622.91,Last Touch
CU000495,Referral,1295.37,First Touch
CU000496,LinkedIn Ads,221.43,Multi-Touch
CU000497,Organic Search,1075.68,Last Touch
CU000498,Referral,442.63,Last Touch
CU000499,Organic Search,680.98,First Touch
CU000500,Outbound,1267.64,Multi-Touch
CU000501,Referral,472.74,Multi-Touch
CU000502,Partner,1262.89,Multi-Touch
CU000503,Outbound,741.66,First Touch
CU000504,Event,20.28,Last Touch
CU000505,Partner,1424.5,First Touch
CU000506,Event,1494.3,Multi-Touch
CU000507,Event,4641.11,First Touch
CU000508,Partner,1065.83,Last Touch
CU000509,Event,1021.27,Multi-Touch
CU000510,Outbound,527.33,Multi-Touch
CU000511,LinkedIn Ads,1078.33,Multi-Touch
CU000512,Event,433.44,Multi-Touch
CU000513,Organic Search,1559.59,Multi-Touch
CU000514,Referral,1179.17,Last Touch
CU000515,Event,340.45,Last Touch
CU000516,Organic Search,1484.6,Last Touch
CU000517,Partner,1260.73,Last Touch
CU000518,LinkedIn Ads,4815.48,First Touch
CU000519,Event,826.33,Last Touch
CU000520,Partner,190.63,Multi-Touch
CU000521,Google Ads,895.4,First Touch
CU000522,Referral,752.89,First Touch
CU000523,Referral,637.91,First Touch
CU000524,Referral,460.69,Last Touch
CU000525,LinkedIn Ads,1065.8,Multi-Touch
CU000526,LinkedIn Ads,864.59,First Touch
CU000527,Outbound,669.1,First Touch
CU000528,Referral,1237.94,First Touch
CU000529,Google Ads,1273.29,First Touch
CU000530,Organic Search,1196.73,Multi-Touch
CU000531,Outbound,1120.37,First Touch
CU000532,Outbound,342.51,First Touch
CU000533,Organic Search,4132.24,First Touch
CU000534,Event,4228.93,Multi-Touch
CU000535,LinkedIn Ads,4423.52,Last Touch
CU000536,LinkedIn Ads,4432.05,First Touch
CU000537,Referral,858.6,Multi-Touch
CU000538,Outbound,4250.47,Last Touch
CU000539,Outbound,21.01,First Touch
CU000540,Partner,1526.04,Last Touch
CU000541,Organic Search,190.3,First Touch
CU000542,Partner,386.38,Last Touch
CU000543,Referral,643.85,Multi-Touch
CU000544,Partner,1325.72,Multi-Touch
CU000545,Partner,430.54,Last Touch
CU000546,LinkedIn Ads,4332.52,First Touch
CU000547,Google Ads,1362.44,Multi-Touch
CU000548,Organic Search,1290.81,Last Touch
CU000549,Event,150.34,Multi-Touch
CU000550,Event,1189.85,Multi-Touch
CU000551,Referral,1192.74,Last Touch
CU000552,Outbound,220.16,First Touch
CU000553,LinkedIn Ads,135.66,Multi-Touch
CU000554,Event,4303.44,First Touch
CU000555,Google Ads,206.87,Last Touch
CU000556,Organic Search,1072.15,Multi-Touch
CU000557,LinkedIn Ads,81.23,Last Touch
CU000558,Referral,459.47,Multi-Touch
CU000559,Outbound,877.78,First Touch
CU000560,Referral,1105.5,First Touch
CU000561,Outbound,4571.62,First Touch
CU000562,LinkedIn Ads,185.81,Last Touch
CU000563,Organic Search,56.02,Last Touch
CU000564,Referral,4327.81,Multi-Touch
CU000565,Outbound,1188.95,First Touch
CU000566,Event,312.53,First Touch
CU000567,Organic Search,322.73,Multi-Touch
CU000568,LinkedIn Ads,4540.82,Last Touch
CU000569,Partner,241.35,Last Touch
CU000570,Referral,402.85,Last Touch
CU000571,Google Ads,328.97,First Touch
CU000572,Referral,1233.45,Multi-Touch
CU000573,Organic Search,1146.31,Multi-Touch
CU000574,Event,684.74,First Touch
CU000575,Outbound,1396.3,Multi-Touch
CU000576,Outbound,1295.64,Last Touch
CU000577,Referral,1298.85,Multi-Touch
CU000578,Google Ads,987.3,Multi-Touch
CU000579,Organic Search,4390.82,Last Touch
CU000580,Referral,4678.56,Last Touch
CU000581,Outbound,742.95,Last Touch
CU000582,Organic Search,440.13,Last Touch
CU000583,Referral,225.63,Multi-Touch
CU000584,Outbound,4840.18,Multi-Touch
CU000585,Event,4806.05,First Touch
CU000586,Referral,1108.68,First Touch
CU000587,Event,543.57,First Touch
CU000588,Organic Search,275.88,First Touch
CU000589,Partner,452.05,Multi-Touch
CU000590,LinkedIn Ads,1057.46,First Touch
CU000591,Event,3972.33,Last Touch
CU000592,LinkedIn Ads,229.8,First Touch
CU000593,Referral,1084.35,Multi-Touch
CU000594,Referral,4141.56,First Touch
CU000595,LinkedIn Ads,1271.48,Multi-Touch
CU000596,LinkedIn Ads,4381.75,Last Touch
CU000597,Referral,1573.22,Last Touch
CU000598,Google Ads,351.8,Last Touch
CU000599,Referral,4801.73,Last Touch
CU000600,Referral,514.99,First Touch
CU000601,Event,833.07,First Touch
CU000602,Event,4229.57,First Touch
CU000603,Outbound,89.02,First Touch
CU000604,Google Ads,976.97,Multi-Touch
CU000605,Event,4352.09,Last Touch
CU000606,Google Ads,4441.06,First Touch
CU000607,Organic Search,1033.41,Multi-Touch
CU000608,LinkedIn Ads,1147.51,Last Touch
CU000609,Organic Search,4379.84,First Touch
CU000610,Outbound,532.28,Last Touch
CU000611,Event,1013.04,First Touch
CU000612,Organic Search,4400.93,Last Touch
CU000613,Google Ads,4811.82,Last Touch
CU000614,Google Ads,4627.14,Last Touch
CU000615,Partner,564.86,Multi-Touch
CU000616,Event,90.83,First Touch
CU000617,Outbound,1365.53,Multi-Touch
CU000618,LinkedIn Ads,955.39,Last Touch
CU000619,Event,563.84,Last Touch
CU000620,LinkedIn Ads,1073.32,Multi-Touch
CU000621,Google Ads,4624.59,First Touch
CU000622,Referral,408.72,Multi-Touch
CU000623,Referral,479.67,Last Touch
CU000624,Organic Search,273.18,Multi-Touch
CU000625,LinkedIn Ads,4398.35,First Touch
CU000626,Event,809.61,Last Touch
CU000627,LinkedIn Ads,4581.31,Multi-Touch
CU000628,Referral,66.29,Last Touch
CU000629,Referral,1123.12,First Touch
CU000630,Organic Search,4069.68,Multi-Touch
CU000631,Outbound,4598.74,Last Touch
CU000632,Partner,1065.83,First Touch
CU000633,Referral,4332.96,Last Touch
CU000634,Event,4560.84,Multi-Touch
CU000635,Event,1185.39,Multi-Touch
CU000636,LinkedIn Ads,1448.71,First Touch
CU000637,Organic Search,4699.8,First Touch
CU000638,Google Ads,1025.94,First Touch
CU000639,Partner,1224.28,First Touch
CU000640,Referral,228.0,Last Touch
CU000641,Event,1098.71,Multi-Touch
CU000642,LinkedIn Ads,4705.2,Multi-Touch
CU000643,Partner,1139.36,First Touch
CU000644,Google Ads,1188.94,Multi-Touch
CU000645,Google Ads,439.92,Last Touch
CU000646,Partner,1127.91,First Touch
CU000647,Event,516.75,Last Touch
CU000648,Google Ads,4124.79,Multi-Touch
CU000649,Partner,840.95,Last Touch
CU000650,Organic Search,243.13,First Touch
CU000651,Outbound,50.02,First Touch
CU000652,Organic Search,4609.27,Last Touch
CU000653,Google Ads,242.57,Multi-Touch
CU000654,Outbound,1494.54,Last Touch
CU000655,Partner,282.71,Multi-Touch
CU000656,Organic Search,4730.8,Multi-Touch
CU000657,Outbound,4862.93,Multi-Touch
CU000658,Referral,1064.59,Multi-Touch
CU000659,Organic Search,1280.23,Last Touch
CU000660,Outbound,4626.36,Last Touch
CU000661,Event,4354.23,First Touch
CU000662,Event,4409.83,Multi-Touch
CU000663,Google Ads,411.36,First Touch
CU000664,Outbound,4696.03,Last Touch
CU000665,Google Ads,4286.58,Multi-Touch
CU000666,Outbound,4501.92,Last Touch
CU000667,Google Ads,1092.82,Multi-Touch
CU000668,Outbound,153.69,Last Touch
CU000669,Google Ads,316.86,First Touch
CU000670,Event,4439.86,First Touch
CU000671,Referral,1443.81,First Touch
CU000672,Outbound,1014.71,Multi-Touch
CU000673,Event,1248.93,Multi-Touch
CU000674,Google Ads,947.38,Multi-Touch
CU000675,Referral,343.14,Multi-Touch
CU000676,Referral,4163.88,Multi-Touch
CU000677,LinkedIn Ads,90.16,First Touch
CU000678,Event,437.06,First Touch
CU000679,Google Ads,717.49,Multi-Touch
CU000680,Partner,1279.28,First Touch
CU000681,Partner,234.89,First Touch
CU000682,LinkedIn Ads,1305.49,First Touch
CU000683,Event,4716.8,Multi-Touch
CU000684,LinkedIn Ads,214.85,First Touch
CU000685,Outbound,1219.26,Last Touch
CU000686,LinkedIn Ads,4418.5,Last Touch
CU000687,Outbound,4712.01,First Touch
CU000688,Organic Search,4610.47,Multi-Touch
CU000689,Referral,1331.31,Multi-Touch
CU000690,Referral,1040.53,Last Touch
CU000691,Referral,4462.44,Last Touch
CU000692,Event,1244.06,First Touch
CU000693,LinkedIn Ads,1198.22,Multi-Touch
CU000694,Referral,1148.37,First Touch
CU000695,Event,1359.18,First Touch
CU000696,Outbound,1152.89,Multi-Touch
CU000697,Referral,4807.26,First Touch
CU000698,Organic Search,1276.47,Multi-Touch
CU000699,Referral,387.43,Multi-Touch
CU000700,LinkedIn Ads,509.78,Multi-Touch
CU000701,Outbound,4264.59,Multi-Touch
CU000702,Partner,4604.58,First Touch
CU000703,Outbound,4467.2,First Touch
CU000704,Referral,4668.57,Last Touch
CU000705,LinkedIn Ads,226.92,Multi-Touch
CU000706,Partner,1382.96,First Touch
CU000707,Outbound,418.92,Multi-Touch
CU000708,Outbound,1542.41,First Touch
CU000709,Partner,1287.35,Multi-Touch
CU000710,Outbound,1181.74,Multi-Touch
CU000711,Partner,1435.47,First Touch
CU000712,Partner,1296.55,First Touch
CU000713,Google Ads,4507.2,First Touch
CU000714,Outbound,4489.05,First Touch
CU000715,Google Ads,1140.67,Multi-Touch
CU000716,Outbound,65.18,Last Touch
CU000717,Google Ads,4542.69,Multi-Touch
CU000718,LinkedIn Ads,534.02,Last Touch
CU000719,Google Ads,1275.95,Last Touch
CU000720,Outbound,4642.04,Multi-Touch
CU000721,Referral,4259.77,Multi-Touch
CU000722,Outbound,437.43,First Touch
CU000723,LinkedIn Ads,4524.53,Last Touch
CU000724,Partner,23.98,Multi-Touch
CU000725,Event,193.44,First Touch
CU000726,LinkedIn Ads,4455.24,Last Touch
CU000727,Organic Search,1307.02,First Touch
CU000728,Event,4345.02,First Touch
CU000729,LinkedIn Ads,4216.75,Multi-Touch
CU000730,Event,985.97,Last Touch
CU000731,Partner,458.66,First Touch
CU000732,Referral,355.64,Multi-Touch
CU000733,Partner,1475.08,Multi-Touch
CU000734,Event,955.54,Multi-Touch
CU000735,Outbound,173.32,Last Touch
CU000736,Partner,447.27,Last Touch
CU000737,LinkedIn Ads,1228.19,Multi-Touch
CU000738,Referral,4602.29,Last Touch
CU000739,Partner,422.04,Last Touch
CU000740,Event,913.72,First Touch
CU000741,Outbound,1531.97,Multi-Touch
CU000742,Organic Search,4429.61,First Touch
CU000743,Outbound,4954.19,First Touch
CU000744,LinkedIn Ads,323.44,First Touch
CU000745,Google Ads,4821.91,Last Touch
CU000746,Organic Search,4269.58,Multi-Touch
CU000747,Outbound,4534.47,First Touch
CU000748,Google Ads,449.14,Multi-Touch
CU000749,Outbound,1352.86,Last Touch
CU000750,Partner,1129.15,Last Touch
CU000751,Google Ads,4604.95,Last Touch
CU000752,Partner,383.58,First Touch
CU000753,LinkedIn Ads,88.28,Last Touch
CU000754,Outbound,36.31,Last Touch
CU000755,Outbound,203.11,Last Touch
CU000756,LinkedIn Ads,4315.11,First Touch
CU000757,Referral,4383.12,Last Touch
CU000758,Referral,4265.41,First Touch
CU000759,LinkedIn Ads,332.08,Multi-Touch
CU000760,Google Ads,4376.82,Last Touch
CU000761,Google Ads,1283.86,First Touch
CU000762,LinkedIn Ads,4615.24,Last Touch
CU000763,Referral,4577.58,First Touch
CU000764,Event,1186.65,First Touch
CU000765,Organic Search,1291.22,Last Touch
CU000766,Referral,1304.75,Last Touch
CU000767,LinkedIn Ads,457.52,Last Touch
CU000768,Event,4660.6,Last Touch
CU000769,Organic Search,4420.7,Multi-Touch
CU000770,Outbound,1316.83,Multi-Touch
CU000771,Organic Search,416.73,First Touch
CU000772,Partner,906.95,First Touch
CU000773,Partner,183.93,Last Touch
CU000774,Outbound,4495.6,First Touch
CU000775,Partner,923.06,Multi-Touch
CU000776,Outbound,68.37,Last Touch
CU000777,LinkedIn Ads,1190.91,Multi-Touch
CU000778,Partner,4220.94,First Touch
CU000779,Partner,1308.59,Multi-Touch
CU000780,LinkedIn Ads,4460.61,First Touch
CU000781,Event,1051.64,First Touch
CU000782,LinkedIn Ads,4223.49,First Touch
CU000783,Event,1163.57,Multi-Touch
CU000784,Event,1582.45,First Touch
CU000785,Partner,4371.15,Last Touch
CU000786,Referral,4716.19,Multi-Touch
CU000787,LinkedIn Ads,1085.94,Last Touch
CU000788,Organic Search,4467.71,Last Touch
CU000789,Referral,785.33,First Touch
CU000790,Partner,255.25,Multi-Touch
CU000791,Referral,1013.66,First Touch
CU000792,Partner,1173.9,Last Touch
CU000793,Partner,4676.44,Last Touch
CU000794,Referral,4267.5,Multi-Touch
CU000795,Referral,158.77,Last Touch
CU000796,Organic Search,1386.91,Multi-Touch
CU000797,Outbound,4341.74,First Touch
CU000798,Event,4246.21,Multi-Touch
CU000799,LinkedIn Ads,141.01,Last Touch
CU000800,Referral,4434.18,First Touch
CU000801,Organic Search,4695.21,Multi-Touch
CU000802,LinkedIn Ads,534.38,Last Touch
CU000803,Google Ads,4448.08,Multi-Touch
CU000804,Outbound,4549.37,First Touch
CU000805,Organic Search,628.12,First Touch
CU000806,Partner,221.66,Last Touch
CU000807,Referral,428.95,Last Touch
CU000808,LinkedIn Ads,4488.32,First Touch
CU000809,Partner,63.34,Multi-Touch
CU000810,Organic Search,1256.21,Multi-Touch
CU000811,LinkedIn Ads,373.99,Multi-Touch
CU000812,Partner,546.11,Last Touch
CU000813,Outbound,727.17,Multi-Touch
CU000814,Referral,1266.74,Multi-Touch
CU000815,Partner,757.52,Multi-Touch
CU000816,Organic Search,4332.52,Last Touch
CU000817,Event,985.39,Last Touch
CU000818,Organic Search,314.92,Multi-Touch
CU000819,LinkedIn Ads,1319.59,Last Touch
CU000820,Partner,4762.78,First Touch
CU000821,Google Ads,712.36,Last Touch
CU000822,LinkedIn Ads,390.92,Multi-Touch
CU000823,Referral,4633.79,Multi-Touch
CU000824,Outbound,4444.64,Multi-Touch
CU000825,Organic Search,877.52,Last Touch
CU000826,LinkedIn Ads,240.28,Last Touch
CU000827,LinkedIn Ads,95.4,Last Touch
CU000828,Google Ads,719.9,First Touch
CU000829,Outbound,924.42,First Touch
CU000830,Event,4492.04,Multi-Touch
CU000831,Event,1455.33,Last Touch
CU000832,LinkedIn Ads,1317.32,First Touch
CU000833,Referral,1542.95,Last Touch
CU000834,Event,1312.18,Multi-Touch
CU000835,Referral,4677.63,First Touch
CU000836,Google Ads,300.73,First Touch
CU000837,LinkedIn Ads,89.54,First Touch
CU000838,Organic Search,4707.72,Last Touch
CU000839,Referral,1068.68,Multi-Touch
CU000840,Partner,259.12,Last Touch
CU000841,Outbound,473.91,Multi-Touch
CU000842,LinkedIn Ads,754.48,First Touch
CU000843,Outbound,1171.33,Multi-Touch
CU000844,Partner,4743.02,Last Touch
CU000845,Event,215.02,Multi-Touch
CU000846,Referral,4243.58,First Touch
CU000847,Outbound,835.02,Multi-Touch
CU000848,Outbound,1299.66,Last Touch
CU000849,Partner,903.84,Last Touch
CU000850,LinkedIn Ads,4714.23,Last Touch
CU000851,Google Ads,744.97,Last Touch
CU000852,LinkedIn Ads,113.46,Multi-Touch
CU000853,Google Ads,4428.04,Multi-Touch
CU000854,LinkedIn Ads,1198.07,First Touch
CU000855,Partner,415.45,First Touch
CU000856,Event,4656.5,Last Touch
CU000857,Outbound,1354.98,Last Touch
CU000858,Google Ads,408.37,First Touch
CU000859,Event,4962.05,First Touch
CU000860,Partner,1176.03,Multi-Touch
CU000861,Partner,974.1,First Touch
CU000862,Referral,421.46,Multi-Touch
CU000863,Outbound,1223.5,Multi-Touch
CU000864,LinkedIn Ads,4611.73,Last Touch
CU000865,Google Ads,91.74,Multi-Touch
CU000866,LinkedIn Ads,4453.94,Multi-Touch
CU000867,Event,384.0,Last Touch
CU000868,Google Ads,4538.76,Multi-Touch
CU000869,Organic Search,1095.04,Multi-Touch
CU000870,Event,81.76,Multi-Touch
CU000871,LinkedIn Ads,139.89,Multi-Touch
CU000872,Partner,4552.06,First Touch
CU000873,Referral,4736.19,Multi-Touch
CU000874,Partner,1290.27,First Touch
CU000875,Referral,131.26,Multi-Touch
CU000876,Organic Search,4378.9,Last Touch
CU000877,Google Ads,1188.0,Multi-Touch
CU000878,Google Ads,4473.54,Multi-Touch
CU000879,Partner,518.29,Last Touch
CU000880,Referral,4697.61,First Touch
CU000881,Google Ads,4530.92,Last Touch
CU000882,Referral,345.58,Multi-Touch
CU000883,Organic Search,4407.24,Last Touch
CU000884,Outbound,4221.48,Last Touch
CU000885,Google Ads,653.04,Multi-Touch
CU000886,Partner,4340.31,First Touch
CU000887,Google Ads,4037.44,Last Touch
CU000888,Organic Search,4755.04,Multi-Touch
CU000889,Referral,429.88,Last Touch
CU000890,Partner,1059.15,Last Touch
CU000891,Partner,217.43,Last Touch
CU000892,LinkedIn Ads,4442.53,Multi-Touch
CU000893,Google Ads,4518.97,Multi-Touch
CU000894,LinkedIn Ads,334.91,First Touch
CU000895,Partner,4436.56,Multi-Touch
CU000896,Referral,4641.73,Last Touch
CU000897,Google Ads,4668.93,Multi-Touch
CU000898,LinkedIn Ads,897.62,Last Touch
CU000899,LinkedIn Ads,4351.15,Last Touch
CU000900,Referral,4664.93,Multi-Touch
CU000901,Partner,845.67,First Touch
CU000902,Google Ads,4535.65,First Touch
CU000903,Outbound,1315.4,Multi-Touch
CU000904,LinkedIn Ads,5143.03,First Touch
CU000905,Referral,1028.02,Multi-Touch
CU000906,Event,1345.81,Last Touch
CU000907,Referral,1296.17,Multi-Touch
CU000908,Outbound,462.48,Last Touch
CU000909,LinkedIn Ads,4409.85,First Touch
CU000910,Organic Search,4645.87,Last Touch
CU000911,Partner,43.16,Multi-Touch
CU000912,Referral,448.81,First Touch
CU000913,Google Ads,896.83,First Touch
CU000914,Organic Search,699.16,First Touch
CU000915,Event,499.1,First Touch
CU000916,Partner,203.31,Multi-Touch
CU000917,Google Ads,4419.7,First Touch
CU000918,Google Ads,333.87,Multi-Touch
CU000919,Referral,4036.76,First Touch
CU000920,Partner,4543.45,Last Touch
CU000921,Organic Search,1314.27,Last Touch
CU000922,Outbound,66.44,Last Touch
CU000923,Referral,509.8,Last Touch
CU000924,Event,768.06,First Touch
CU000925,Referral,38.21,Last Touch
CU000926,Event,476.77,Multi-Touch
CU000927,Organic Search,1456.13,Multi-Touch
CU000928,Partner,4201.0,First Touch
CU000929,Organic Search,153.71,Last Touch
CU000930,Event,1138.6,Multi-Touch
CU000931,Referral,1293.45,First Touch
CU000932,Outbound,1157.05,Multi-Touch
CU000933,Google Ads,688.09,Multi-Touch
CU000934,Google Ads,4633.06,Multi-Touch
CU000935,LinkedIn Ads,4402.39,Multi-Touch
CU000936,Organic Search,1236.04,Multi-Touch
CU000937,Referral,475.45,First Touch
CU000938,Google Ads,589.76,Multi-Touch
CU000939,LinkedIn Ads,199.15,Last Touch
CU000940,LinkedIn Ads,4516.65,First Touch
CU000941,Event,1247.39,Last Touch
CU000942,Referral,614.72,Last Touch
CU000943,Referral,1255.84,First Touch
CU000944,LinkedIn Ads,4725.82,First Touch
CU000945,Event,4358.01,Multi-Touch
CU000946,Partner,1398.78,Multi-Touch
CU000947,LinkedIn Ads,461.89,Multi-Touch
CU000948,Outbound,1665.77,Last Touch
CU000949,Google Ads,184.22,First Touch
CU000950,Organic Search,1345.32,First Touch
CU000951,Event,1067.92,Last Touch
CU000952,Google Ads,4622.24,Last Touch
CU000953,Partner,4590.19,Last Touch
CU000954,Event,1182.63,First Touch
CU000955,Organic Search,1032.47,First Touch
CU000956,Organic Search,100.83,Last Touch
CU000957,Outbound,4541.78,First Touch
CU000958,Organic Search,349.11,First Touch
CU000959,Organic Search,1366.99,First Touch
CU000960,Event,4297.23,Last Touch
CU000961,Partner,1356.36,Multi-Touch
CU000962,Google Ads,1616.47,Multi-Touch
CU000963,Organic Search,4834.46,Last Touch
CU000964,Google Ads,4548.07,Last Touch
CU000965,Event,233.93,Last Touch
CU000966,Event,166.07,Multi-Touch
CU000967,Google Ads,4740.83,Last Touch
CU000968,Referral,286.68,Multi-Touch
CU000969,Referral,465.02,Last Touch
CU000970,Partner,4866.58,Multi-Touch
CU000971,Organic Search,1342.53,First Touch
CU000972,Google Ads,717.06,First Touch
CU000973,Google Ads,4492.22,Last Touch
CU000974,Organic Search,1198.25,First Touch
CU000975,Google Ads,507.18,First Touch
CU000976,Organic Search,391.61,First Touch
CU000977,Google Ads,1158.57,Last Touch
CU000978,Partner,4284.15,Last Touch
CU000979,Organic Search,438.47,Last Touch
CU000980,Event,281.61,First Touch
CU000981,LinkedIn Ads,1135.32,Multi-Touch
CU000982,Referral,1131.11,Last Touch
CU000983,Event,933.14,Last Touch
CU000984,Google Ads,1408.4,Last Touch
CU000985,Google Ads,1023.69,First Touch
CU000986,Organic Search,1383.43,Multi-Touch
CU000987,Event,442.71,Multi-Touch
CU000988,Referral,884.0,Multi-Touch
CU000989,Referral,1300.77,Multi-Touch
CU000990,Organic Search,491.02,First Touch
CU000991,Organic Search,413.07,First Touch
CU000992,Outbound,1070.58,First Touch
CU000993,Referral,349.4,Multi-Touch
CU000994,Partner,296.01,First Touch
CU000995,Partner,1194.8,Last Touch
CU000996,Partner,4285.11,Multi-Touch
CU000997,Referral,1575.35,First Touch
CU000998,Partner,1263.9,First Touch
CU000999,Partner,4356.79,First Touch
CU001000,Partner,4595.43,Multi-Touch
CU001001,Outbound,4363.29,First Touch
CU001002,LinkedIn Ads,4328.85,Multi-Touch
CU001003,Outbound,4743.44,Last Touch
CU001004,Google Ads,1129.11,Last Touch
CU001005,Organic Search,1437.44,Last Touch
CU001006,Partner,283.47,Multi-Touch
CU001007,Event,4267.57,Multi-Touch
CU001008,Event,1051.64,Last Touch
CU001009,Referral,151.61,Last Touch
CU001010,Google Ads,189.79,Last Touch
CU001011,LinkedIn Ads,459.62,Last Touch
CU001012,Google Ads,80.55,First Touch
CU001013,Event,1168.12,Last Touch
CU001014,Organic Search,234.51,Multi-Touch
CU001015,Outbound,1057.31,Multi-Touch
CU001016,LinkedIn Ads,1167.56,Multi-Touch
CU001017,Google Ads,1147.71,Last Touch
CU001018,Outbound,4603.62,First Touch
CU001019,Google Ads,4179.47,Last Touch
CU001020,Partner,631.26,Last Touch
CU001021,Referral,403.74,Last Touch
CU001022,Outbound,406.61,First Touch
CU001023,LinkedIn Ads,402.16,Last Touch
CU001024,Organic Search,1154.46,Last Touch
CU001025,Organic Search,697.05,Multi-Touch
CU001026,Partner,4556.35,Multi-Touch
CU001027,LinkedIn Ads,4684.41,First Touch
CU001028,Referral,349.4,Last Touch
CU001029,Google Ads,4511.0,First Touch
CU001030,LinkedIn Ads,1135.85,Last Touch
CU001031,LinkedIn Ads,4539.1,Multi-Touch
CU001032,Organic Search,20.89,Last Touch
CU001033,Partner,4320.45,Multi-Touch
CU001034,Google Ads,4685.65,Multi-Touch
CU001035,Partner,336.74,Last Touch
CU001036,Partner,4385.59,First Touch
CU001037,Google Ads,1191.85,Last Touch
CU001038,Partner,1048.17,Multi-Touch
CU001039,Partner,565.19,First Touch
CU001040,Referral,4519.87,Last Touch
CU001041,Google Ads,173.83,Last Touch
CU001042,Organic Search,1562.02,First Touch
CU001043,Outbound,360.38,Multi-Touch
CU001044,Event,1287.01,Multi-Touch
CU001045,Event,4606.36,First Touch
CU001046,Referral,1041.38,First Touch
CU001047,Referral,1282.25,Multi-Touch
CU001048,Partner,832.17,Last Touch
CU001049,Organic Search,41.84,Multi-Touch
CU001050,Referral,901.28,Multi-Touch
CU001051,Partner,604.19,Multi-Touch
CU001052,Outbound,4443.53,First Touch
CU001053,Outbound,927.59,Multi-Touch
CU001054,Event,533.91,Last Touch
CU001055,Google Ads,4525.26,Last Touch
CU001056,Event,1006.35,Multi-Touch
CU001057,Referral,422.95,Last Touch
CU001058,Google Ads,4644.68,First Touch
CU001059,Organic Search,1172.53,Last Touch
CU001060,Partner,1074.34,First Touch
CU001061,Organic Search,550.76,Last Touch
CU001062,Outbound,369.14,Last Touch
CU001063,Organic Search,905.62,Multi-Touch
CU001064,Partner,448.67,Multi-Touch
CU001065,LinkedIn Ads,5076.72,First Touch
CU001066,Google Ads,1022.95,Multi-Touch
CU001067,Event,4559.28,First Touch
CU001068,Partner,1416.57,Last Touch
CU001069,Referral,4741.67,Last Touch
CU001070,Event,1336.96,Multi-Touch
CU001071,Event,556.28,Last Touch
CU001072,Event,1432.07,Multi-Touch
CU001073,Google Ads,4465.71,Last Touch
CU001074,Outbound,1265.67,First Touch
CU001075,Referral,4543.32,First Touch
CU001076,Event,116.13,First Touch
CU001077,Organic Search,1064.89,Last Touch
CU001078,Organic Search,184.09,Multi-Touch
CU001079,Google Ads,4242.52,Last Touch
CU001080,Event,4505.38,Multi-Touch
CU001081,Outbound,1216.26,First Touch
CU001082,Outbound,871.88,Last Touch
CU001083,Referral,4988.8,Last Touch
CU001084,Partner,4323.35,First Touch
CU001085,Event,4543.77,Multi-Touch
CU001086,Google Ads,1157.32,Multi-Touch
CU001087,Partner,180.1,Last Touch
CU001088,Organic Search,1586.86,First Touch
CU001089,LinkedIn Ads,4245.43,Multi-Touch
CU001090,LinkedIn Ads,492.1,Multi-Touch
CU001091,Event,416.3,First Touch
CU001092,Google Ads,465.12,Multi-Touch
CU001093,Outbound,4265.51,Last Touch
CU001094,Referral,4684.43,Last Touch
CU001095,Google Ads,287.75,Multi-Touch
CU001096,Event,337.92,First Touch
CU001097,Google Ads,227.25,First Touch
CU001098,Google Ads,1429.21,Multi-Touch
CU001099,LinkedIn Ads,4548.97,Last Touch
CU001100,LinkedIn Ads,210.34,First Touch
CU001101,Google Ads,266.45,Last Touch
CU001102,Event,4468.43,First Touch
CU001103,Google Ads,1306.74,Multi-Touch
CU001104,Outbound,26.06,Last Touch
CU001105,Organic Search,422.24,First Touch
CU001106,Outbound,4509.97,First Touch
CU001107,Google Ads,198.84,First Touch
CU001108,Referral,341.71,Last Touch
CU001109,LinkedIn Ads,190.03,First Touch
CU001110,Partner,4697.57,First Touch
CU001111,LinkedIn Ads,4467.59,Multi-Touch
CU001112,Partner,663.71,First Touch
CU001113,Organic Search,1332.78,Last Touch
CU001114,Outbound,1432.96,Last Touch
CU001115,LinkedIn Ads,4664.28,First Touch
CU001116,Event,395.17,Multi-Touch
CU001117,Referral,274.01,Multi-Touch
CU001118,Organic Search,1020.84,First Touch
CU001119,LinkedIn Ads,4591.45,First Touch
CU001120,Referral,154.68,Multi-Touch
CU001121,Partner,1273.43,Last Touch
CU001122,Event,42.14,Multi-Touch
CU001123,Organic Search,820.17,Last Touch
CU001124,Outbound,4426.34,First Touch
CU001125,Google Ads,4575.6,Last Touch
CU001126,Partner,4253.04,First Touch
CU001127,Partner,4497.08,Multi-Touch
CU001128,Event,240.32,First Touch
CU001129,Event,4464.1,Last Touch
CU001130,Organic Search,4511.18,Last Touch
CU001131,Referral,4485.01,First Touch
CU001132,LinkedIn Ads,1310.33,First Touch
CU001133,Organic Search,314.41,First Touch
CU001134,Event,528.59,First Touch
CU001135,Google Ads,166.04,Multi-Touch
CU001136,Event,155.98,Multi-Touch
CU001137,Outbound,4635.71,First Touch
CU001138,Outbound,4610.75,Last Touch
CU001139,Event,3917.04,First Touch
CU001140,Outbound,296.79,Last Touch
CU001141,Partner,4538.31,Multi-Touch
CU001142,Outbound,1034.43,Multi-Touch
CU001143,Google Ads,60.72,Last Touch
CU001144,Google Ads,542.98,Multi-Touch
CU001145,Organic Search,4653.76,Multi-Touch
CU001146,Outbound,4516.63,First Touch
CU001147,Event,4410.11,First Touch
CU001148,Organic Search,1252.85,First Touch
CU001149,Event,1090.87,Last Touch
CU001150,Outbound,567.57,Last Touch
CU001151,Referral,724.97,Multi-Touch
CU001152,Google Ads,1391.22,Last Touch
CU001153,Event,4441.7,Last Touch
CU001154,Outbound,465.0,First Touch
CU001155,Outbound,4446.01,Last Touch
CU001156,Google Ads,1097.28,First Touch
CU001157,Google Ads,359.33,Last Touch
CU001158,Event,112.5,Last Touch
CU001159,Event,1311.47,First Touch
CU001160,Partner,152.3,First Touch
CU001161,LinkedIn Ads,4455.51,Multi-Touch
CU001162,Event,4476.08,Last Touch
CU001163,Event,4602.21,Last Touch
CU001164,Organic Search,155.0,First Touch
CU001165,Referral,204.0,Multi-Touch
CU001166,Partner,137.47,Multi-Touch
CU001167,Referral,405.78,Last Touch
CU001168,Google Ads,4528.99,Multi-Touch
CU001169,Partner,4709.89,Multi-Touch
CU001170,Partner,4537.38,Last Touch
CU001171,Outbound,414.71,First Touch
CU001172,Google Ads,415.82,Multi-Touch
CU001173,Partner,4857.81,Last Touch
CU001174,Organic Search,369.29,Multi-Touch
CU001175,Event,799.89,Multi-Touch
CU001176,LinkedIn Ads,1188.06,First Touch
CU001177,Event,598.14,First Touch
CU001178,Event,938.99,Multi-Touch
CU001179,Event,1246.12,Multi-Touch
CU001180,Organic Search,130.35,First Touch
CU001181,Outbound,190.03,First Touch
CU001182,LinkedIn Ads,4293.25,First Touch
CU001183,Referral,1222.8,Multi-Touch
CU001184,Organic Search,1233.27,Multi-Touch
CU001185,Google Ads,1510.59,Last Touch
CU001186,Google Ads,508.27,Multi-Touch
CU001187,Event,55.42,First Touch
CU001188,Google Ads,1241.24,First Touch
CU001189,Referral,300.32,Multi-Touch
CU001190,Event,1230.08,Last Touch
CU001191,LinkedIn Ads,353.6,First Touch
CU001192,Event,4434.4,First Touch
CU001193,LinkedIn Ads,4686.01,First Touch
CU001194,Organic Search,664.81,Last Touch
CU001195,Organic Search,4038.33,Last Touch
CU001196,Outbound,1296.33,Multi-Touch
CU001197,Google Ads,1178.17,Last Touch
CU001198,LinkedIn Ads,4514.53,First Touch
CU001199,Google Ads,150.23,First Touch
CU001200,Outbound,1249.38,Multi-Touch
CU001201,Referral,4674.97,First Touch
CU001202,Referral,757.76,Multi-Touch
CU001203,Referral,1036.52,Last Touch
CU001204,Partner,551.28,First Touch
CU001205,Referral,572.11,Multi-Touch
CU001206,Partner,31.22,Last Touch
CU001207,LinkedIn Ads,4544.74,Last Touch
CU001208,LinkedIn Ads,4542.36,First Touch
CU001209,Referral,1223.87,First Touch
CU001210,Referral,4510.98,Last Touch
CU001211,Google Ads,247.29,First Touch
CU001212,Event,4923.35,Multi-Touch
CU001213,Organic Search,67.0,Last Touch
CU001214,Google Ads,176.59,Multi-Touch
CU001215,Referral,4667.89,Multi-Touch
CU001216,Outbound,4586.31,First Touch
CU001217,Google Ads,1259.99,First Touch
CU001218,Referral,159.42,Multi-Touch
CU001219,Google Ads,386.04,Multi-Touch
CU001220,Google Ads,1777.19,Last Touch
CU001221,Organic Search,4548.1,First Touch
CU001222,LinkedIn Ads,4448.92,First Touch
CU001223,Organic Search,505.6,First Touch
CU001224,Event,1273.86,First Touch
CU001225,Organic Search,4845.89,Last Touch
CU001226,Outbound,4528.03,Multi-Touch
CU001227,Partner,4590.01,Multi-Touch
CU001228,Referral,619.75,Multi-Touch
CU001229,Google Ads,765.58,First Touch
CU001230,Google Ads,5109.73,Multi-Touch
CU001231,Outbound,1493.86,First Touch
CU001232,LinkedIn Ads,529.87,Multi-Touch
CU001233,Event,30.57,First Touch
CU001234,Google Ads,1080.04,Multi-Touch
CU001235,Outbound,4563.13,Multi-Touch
CU001236,Referral,562.98,First Touch
CU001237,Google Ads,304.48,Multi-Touch
CU001238,Organic Search,4667.51,Last Touch
CU001239,LinkedIn Ads,4619.77,Multi-Touch
CU001240,Referral,1247.94,Multi-Touch
CU001241,Referral,4895.13,First Touch
CU001242,Outbound,1365.11,First Touch
CU001243,Partner,4540.26,First Touch
CU001244,Referral,43.94,Multi-Touch
CU001245,Google Ads,4465.4,First Touch
CU001246,Outbound,4543.94,First Touch
CU001247,Partner,1351.72,First Touch
CU001248,Organic Search,1389.99,Last Touch
CU001249,LinkedIn Ads,626.65,Last Touch
CU001250,Google Ads,1558.06,Multi-Touch
CU001251,Event,1084.89,First Touch
CU001252,Event,4368.86,Multi-Touch
CU001253,Partner,4655.19,First Touch
CU001254,Outbound,358.47,First Touch
CU001255,Partner,4326.26,First Touch
CU001256,Event,4907.98,First Touch
CU001257,Google Ads,1201.63,Multi-Touch
CU001258,Referral,4550.42,Last Touch
CU001259,Google Ads,845.52,Last Touch
CU001260,Event,859.85,First Touch
CU001261,LinkedIn Ads,4249.95,First Touch
CU001262,LinkedIn Ads,1793.29,Multi-Touch
CU001263,Referral,4718.77,Multi-Touch
CU001264,Outbound,251.88,Last Touch
CU001265,Google Ads,1258.07,First Touch
CU001266,Organic Search,4497.74,Last Touch
CU001267,Outbound,4596.51,Multi-Touch
CU001268,Outbound,4600.47,Multi-Touch
CU001269,Organic Search,4363.16,Last Touch
CU001270,Outbound,4896.38,First Touch
CU001271,Outbound,106.65,Last Touch
CU001272,Event,460.8,First Touch
CU001273,Outbound,4433.8,Multi-Touch
CU001274,LinkedIn Ads,1181.3,Multi-Touch
CU001275,Google Ads,4417.86,Multi-Touch
CU001276,Referral,468.77,First Touch
CU001277,Partner,914.96,First Touch
CU001278,Partner,466.55,First Touch
CU001279,Event,724.91,First Touch
CU001280,Organic Search,960.75,Multi-Touch
CU001281,Organic Search,1304.3,Multi-Touch
CU001282,Organic Search,1301.74,Multi-Touch
CU001283,Outbound,4654.2,Last Touch
CU001284,Referral,3.02,Multi-Touch
CU001285,Referral,1747.0,Multi-Touch
CU001286,Outbound,377.15,Last Touch
CU001287,Google Ads,333.97,First Touch
CU001288,Referral,456.5,First Touch
CU001289,Organic Search,4470.96,Last Touch
CU001290,Partner,1270.63,First Touch
CU001291,Event,4629.75,Last Touch
CU001292,Partner,4420.64,Last Touch
CU001293,LinkedIn Ads,300.6,Multi-Touch
CU001294,Partner,1329.57,First Touch
CU001295,Google Ads,750.32,Multi-Touch
CU001296,Outbound,4237.39,First Touch
CU001297,Organic Search,265.2,First Touch
CU001298,Event,4560.66,First Touch
CU001299,Organic Search,4750.37,Multi-Touch
CU001300,LinkedIn Ads,4278.79,Multi-Touch
CU001301,Outbound,822.76,First Touch
CU001302,Partner,4453.88,Multi-Touch
CU001303,Organic Search,1083.17,Last Touch
CU001304,Partner,1379.31,Multi-Touch
CU001305,Referral,569.29,Multi-Touch
CU001306,Referral,4498.34,First Touch
CU001307,LinkedIn Ads,4622.22,Last Touch
CU001308,Event,1167.59,Last Touch
CU001309,Referral,1539.72,Multi-Touch
CU001310,Referral,4459.76,First Touch
CU001311,Event,4662.22,Multi-Touch
CU001312,LinkedIn Ads,4317.91,Last Touch
CU001313,Referral,4382.15,Last Touch
CU001314,Referral,1279.66,Last Touch
CU001315,Google Ads,201.18,Multi-Touch
CU001316,Partner,541.32,Multi-Touch
CU001317,Event,1408.59,Multi-Touch
CU001318,Outbound,1251.71,First Touch
CU001319,Organic Search,4281.17,First Touch
CU001320,Google Ads,257.55,Multi-Touch
CU001321,Organic Search,4729.64,Last Touch
CU001322,Referral,153.04,Multi-Touch
CU001323,LinkedIn Ads,4601.76,Last Touch
CU001324,LinkedIn Ads,1056.07,Last Touch
CU001325,Outbound,1187.17,First Touch
CU001326,Partner,4637.67,Multi-Touch
CU001327,Organic Search,1147.99,First Touch
CU001328,LinkedIn Ads,1181.46,Multi-Touch
CU001329,Event,1194.01,First Touch
CU001330,Outbound,4651.82,First Touch
CU001331,Outbound,4700.59,Multi-Touch
CU001332,Organic Search,4093.52,Multi-Touch
CU001333,Outbound,4564.81,Last Touch
CU001334,Event,4572.84,Multi-Touch
CU001335,Event,4430.95,Multi-Touch
CU001336,Partner,823.21,First Touch
CU001337,Google Ads,4887.17,Last Touch
CU001338,Outbound,1331.61,Multi-Touch
CU001339,Event,4307.17,First Touch
CU001340,Outbound,1402.67,Last Touch
CU001341,Google Ads,4692.1,First Touch
CU001342,Google Ads,367.58,Last Touch
CU001343,Organic Search,1091.07,Last Touch
CU001344,Event,1104.3,Last Touch
CU001345,Outbound,4849.79,Multi-Touch
CU001346,Event,262.33,First Touch
CU001347,LinkedIn Ads,451.62,Multi-Touch
CU001348,Partner,110.97,First Touch
CU001349,Partner,4452.92,First Touch
CU001350,Referral,4957.65,Last Touch
CU001351,LinkedIn Ads,4338.55,Last Touch
CU001352,LinkedIn Ads,1102.2,Multi-Touch
CU001353,Organic Search,1160.01,Multi-Touch
CU001354,Event,1079.32,Last Touch
CU001355,Outbound,4310.4,Multi-Touch
CU001356,Partner,1034.2,First Touch
CU001357,Referral,511.17,First Touch
CU001358,Outbound,963.25,First Touch
CU001359,Referral,4695.45,Multi-Touch
CU001360,Referral,4688.62,Multi-Touch
CU001361,Partner,321.87,First Touch
CU001362,Event,4309.03,First Touch
CU001363,Referral,320.33,Last Touch
CU001364,Google Ads,4502.3,Last Touch
CU001365,Google Ads,1122.71,First Touch
CU001366,Organic Search,4539.19,First Touch
CU001367,LinkedIn Ads,4334.29,First Touch
CU001368,Partner,4222.55,First Touch
CU001369,Referral,555.95,First Touch
CU001370,Organic Search,1220.64,Multi-Touch
CU001371,Referral,4295.82,Last Touch
CU001372,LinkedIn Ads,314.43,Last Touch
CU001373,LinkedIn Ads,4393.07,First Touch
CU001374,Outbound,362.91,Multi-Touch
CU001375,Google Ads,112.21,First Touch
CU001376,Event,551.12,First Touch
CU001377,Outbound,4577.2,First Touch
CU001378,Google Ads,548.42,First Touch
CU001379,Partner,4611.36,Multi-Touch
CU001380,Partner,1358.96,Multi-Touch
CU001381,Referral,338.84,Last Touch
CU001382,Event,710.63,Multi-Touch
CU001383,LinkedIn Ads,239.96,Multi-Touch
CU001384,Google Ads,4624.94,Multi-Touch
CU001385,Partner,4478.2,Multi-Touch
CU001386,Organic Search,1283.69,First Touch
CU001387,Partner,933.32,Last Touch
CU001388,Organic Search,604.64,Last Touch
CU001389,Google Ads,4387.25,Last Touch
CU001390,Outbound,16.57,Last Touch
CU001391,LinkedIn Ads,1518.63,Last Touch
CU001392,Referral,218.14,Multi-Touch
CU001393,Partner,96.2,First Touch
CU001394,LinkedIn Ads,4374.15,Multi-Touch
CU001395,LinkedIn Ads,1248.29,Multi-Touch
CU001396,Referral,512.96,Multi-Touch
CU001397,Event,4448.23,Last Touch
CU001398,Partner,708.55,First Touch
CU001399,Organic Search,4311.45,Multi-Touch
CU001400,Google Ads,4431.83,Last Touch
CU001401,Referral,4427.99,Last Touch
CU001402,Referral,4246.95,Last Touch
CU001403,Outbound,233.62,Multi-Touch
CU001404,Referral,209.09,Multi-Touch
CU001405,Google Ads,1343.42,Multi-Touch
CU001406,Google Ads,4139.75,First Touch
CU001407,LinkedIn Ads,1335.54,Multi-Touch
CU001408,Event,4713.64,Multi-Touch
CU001409,Referral,59.96,Multi-Touch
CU001410,Google Ads,571.5,First Touch
CU001411,Google Ads,1356.38,First Touch
CU001412,Referral,1168.9,Multi-Touch
CU001413,Partner,4331.39,Last Touch
CU001414,LinkedIn Ads,469.91,Last Touch
CU001415,Referral,341.04,First Touch
CU001416,Partner,787.88,First Touch
CU001417,Referral,4390.17,Last Touch
CU001418,LinkedIn Ads,60.84,Last Touch
CU001419,Organic Search,1355.62,Last Touch
CU001420,Referral,549.38,First Touch
CU001421,Outbound,322.48,Last Touch
CU001422,Organic Search,528.7,First Touch
CU001423,Referral,4349.32,Last Touch
CU001424,Google Ads,4929.01,Multi-Touch
CU001425,Partner,1637.55,Last Touch
CU001426,Referral,4246.1,Multi-Touch
CU001427,Referral,4151.72,Multi-Touch
CU001428,Referral,4196.29,Multi-Touch
CU001429,Google Ads,4390.89,Multi-Touch
CU001430,Partner,4264.14,Multi-Touch
CU001431,Referral,1424.96,First Touch
CU001432,LinkedIn Ads,1265.56,First Touch
CU001433,Organic Search,295.26,First Touch
CU001434,Partner,581.32,First Touch
CU001435,LinkedIn Ads,586.68,First Touch
CU001436,Partner,157.01,Multi-Touch
CU001437,Partner,332.07,First Touch
CU001438,Event,166.46,Last Touch
CU001439,Event,243.06,First Touch
CU001440,Outbound,38.35,First Touch
CU001441,Referral,4338.29,Multi-Touch
CU001442,Outbound,527.64,Multi-Touch
CU001443,LinkedIn Ads,4612.0,Multi-Touch
CU001444,LinkedIn Ads,4379.51,Last Touch
CU001445,Referral,1160.61,Last Touch
CU001446,Organic Search,268.26,Multi-Touch
CU001447,Google Ads,4152.37,First Touch
CU001448,Outbound,674.82,Last Touch
CU001449,LinkedIn Ads,4663.63,Last Touch
CU001450,Partner,737.92,First Touch
CU001451,Partner,1485.79,Multi-Touch
CU001452,LinkedIn Ads,616.99,Last Touch
CU001453,Organic Search,468.8,Last Touch
CU001454,Event,477.21,Last Touch
CU001455,Partner,4647.3,First Touch
CU001456,Partner,517.7,Multi-Touch
CU001457,Outbound,82.92,Multi-Touch
CU001458,Google Ads,1599.81,First Touch
CU001459,Referral,260.85,First Touch
CU001460,Partner,1105.12,Last Touch
CU001461,Organic Search,4404.4,Last Touch
CU001462,LinkedIn Ads,135.39,First Touch
CU001463,Outbound,435.21,Last Touch
CU001464,Google Ads,1480.11,Last Touch
CU001465,Google Ads,4217.08,Last Touch
CU001466,Event,802.9,Last Touch
CU001467,Event,50.53,First Touch
CU001468,Partner,1190.37,Last Touch
CU001469,Organic Search,4658.61,Multi-Touch
CU001470,Partner,1319.31,Last Touch
CU001471,Organic Search,4539.49,Multi-Touch
CU001472,Referral,4473.3,First Touch
CU001473,Referral,1189.36,Last Touch
CU001474,Organic Search,4235.07,First Touch
CU001475,LinkedIn Ads,4536.98,Last Touch
CU001476,Google Ads,957.27,Last Touch
CU001477,Partner,1149.59,Last Touch
CU001478,Outbound,946.28,First Touch
CU001479,Outbound,303.4,First Touch
CU001480,Google Ads,4698.13,Multi-Touch
CU001481,Organic Search,794.0,Multi-Touch
CU001482,Event,5037.34,Multi-Touch
CU001483,Event,4431.29,Multi-Touch
CU001484,Organic Search,416.16,Last Touch
CU001485,Organic Search,123.18,Multi-Touch
CU001486,Outbound,4042.0,Last Touch
CU001487,LinkedIn Ads,1036.99,Last Touch
CU001488,Referral,1523.94,Multi-Touch
CU001489,Google Ads,117.27,Last Touch
CU001490,Outbound,1351.14,Last Touch
CU001491,Google Ads,1232.51,Multi-Touch
CU001492,LinkedIn Ads,235.34,First Touch
CU001493,Event,1037.57,First Touch
CU001494,Organic Search,4067.32,Last Touch
CU001495,Referral,4465.75,Multi-Touch
CU001496,Event,4614.19,Multi-Touch
CU001497,Organic Search,307.0,First Touch
CU001498,Event,207.81,Multi-Touch
CU001499,LinkedIn Ads,4285.51,Multi-Touch
CU001500,Google Ads,851.94,Last Touch
CU001501,Organic Search,727.24,First Touch
CU001502,Partner,455.29,First Touch
CU001503,LinkedIn Ads,289.91,First Touch
CU001504,Event,4866.46,Last Touch
CU001505,Partner,1020.4,Last Touch
CU001506,Outbound,4507.33,Last Touch
CU001507,Outbound,1232.41,First Touch
CU001508,Google Ads,390.73,Multi-Touch
CU001509,Organic Search,1571.83,Multi-Touch
CU001510,Referral,438.96,Multi-Touch
CU001511,Referral,1095.17,Last Touch
CU001512,Google Ads,706.06,First Touch
CU001513,Partner,4822.11,First Touch
CU001514,Organic Search,935.32,Last Touch
CU001515,LinkedIn Ads,1089.63,Last Touch
CU001516,Referral,1554.46,Multi-Touch
CU001517,Outbound,404.11,First Touch
CU001518,Outbound,4491.35,Last Touch
CU001519,Google Ads,1091.68,First Touch
CU001520,LinkedIn Ads,736.55,Last Touch
CU001521,Partner,1129.55,Last Touch
CU001522,Partner,522.07,First Touch
CU001523,LinkedIn Ads,1094.26,Last Touch
CU001524,Referral,100.25,Multi-Touch
CU001525,LinkedIn Ads,4622.57,First Touch
CU001526,Referral,1110.43,Multi-Touch
CU001527,LinkedIn Ads,4254.35,Last Touch
CU001528,LinkedIn Ads,4099.33,Last Touch
CU001529,Referral,4406.97,Last Touch
CU001530,LinkedIn Ads,1163.17,Multi-Touch
CU001531,Google Ads,254.96,Last Touch
CU001532,Referral,298.85,First Touch
CU001533,Organic Search,104.13,Multi-Touch
CU001534,Partner,4257.63,Last Touch
CU001535,Referral,4475.22,Multi-Touch
CU001536,Google Ads,488.19,First Touch
CU001537,Outbound,1245.59,Multi-Touch
CU001538,Organic Search,4677.3,First Touch
CU001539,LinkedIn Ads,1431.57,Multi-Touch
CU001540,Organic Search,1268.98,Last Touch
CU001541,Outbound,4541.77,Last Touch
CU001542,Outbound,19.49,Last Touch
CU001543,Google Ads,363.21,Last Touch
CU001544,Outbound,4669.08,First Touch
CU001545,LinkedIn Ads,4400.17,First Touch
CU001546,Organic Search,682.78,Multi-Touch
CU001547,Outbound,1356.29,Multi-Touch
CU001548,LinkedIn Ads,1528.32,Multi-Touch
CU001549,Event,157.06,First Touch
CU001550,Partner,4623.08,First Touch
CU001551,LinkedIn Ads,125.86,Last Touch
CU001552,Event,397.83,Multi-Touch
CU001553,Google Ads,338.3,Last Touch
CU001554,Event,155.8,Last Touch
CU001555,Outbound,651.44,Last Touch
CU001556,LinkedIn Ads,213.03,Last Touch
CU001557,Referral,389.35,Last Touch
CU001558,Google Ads,732.66,Multi-Touch
CU001559,Partner,4754.88,First Touch
CU001560,Event,1598.04,First Touch
CU001561,Organic Search,1229.22,Multi-Touch
CU001562,Referral,942.2,First Touch
CU001563,Outbound,729.89,First Touch
CU001564,Organic Search,619.15,Multi-Touch
CU001565,Event,273.56,Last Touch
CU001566,Organic Search,459.06,Last Touch
CU001567,Partner,4709.44,Multi-Touch
CU001568,Organic Search,4416.28,First Touch
CU001569,Referral,1456.72,Multi-Touch
CU001570,Referral,1283.33,Last Touch
CU001571,Outbound,173.82,First Touch
CU001572,Organic Search,633.78,First Touch
CU001573,Google Ads,1165.52,Last Touch
CU001574,Outbound,1217.44,First Touch
CU001575,LinkedIn Ads,4385.11,First Touch
CU001576,Organic Search,1071.56,Multi-Touch
CU001577,Google Ads,1180.02,First Touch
CU001578,Organic Search,554.38,Last Touch
CU001579,Event,135.18,Last Touch
CU001580,LinkedIn Ads,426.9,Multi-Touch
CU001581,Google Ads,1123.86,First Touch
CU001582,LinkedIn Ads,169.32,Last Touch
CU001583,Partner,1239.2,Last Touch
CU001584,Outbound,1067.33,First Touch
CU001585,Outbound,917.57,Last Touch
CU001586,Partner,1047.79,Multi-Touch
CU001587,Referral,389.0,Multi-Touch
CU001588,Organic Search,149.23,Last Touch
CU001589,Partner,4285.5,Last Touch
CU001590,Google Ads,522.17,Last Touch
CU001591,Outbound,993.25,Last Touch
CU001592,Partner,1269.35,First Touch
CU001593,Organic Search,494.57,Multi-Touch
CU001594,Event,69.34,Multi-Touch
CU001595,Organic Search,4539.36,First Touch
CU001596,Outbound,4330.84,First Touch
CU001597,LinkedIn Ads,1068.97,First Touch
CU001598,Partner,1081.04,Multi-Touch
CU001599,Partner,4605.03,Multi-Touch
CU001600,Organic Search,4586.98,Multi-Touch
CU001601,Google Ads,1253.25,Multi-Touch
CU001602,Organic Search,4323.9,First Touch
CU001603,Event,133.41,Last Touch
CU001604,Event,386.73,First Touch
CU001605,Outbound,1231.27,First Touch
CU001606,LinkedIn Ads,4206.02,Multi-Touch
CU001607,Organic Search,4550.77,First Touch
CU001608,Partner,1054.29,Last Touch
CU001609,Referral,4386.77,Last Touch
CU001610,Partner,1281.58,Multi-Touch
CU001611,Google Ads,4566.85,Last Touch
CU001612,Organic Search,681.87,Multi-Touch
CU001613,Organic Search,353.87,First Touch
CU001614,Outbound,1088.98,First Touch
CU001615,Event,1184.6,Multi-Touch
CU001616,Google Ads,521.35,First Touch
CU001617,Partner,411.65,First Touch
CU001618,Organic Search,1054.33,First Touch
CU001619,Outbound,4951.58,Last Touch
CU001620,Organic Search,4456.69,Multi-Touch
CU001621,Google Ads,529.88,Last Touch
CU001622,Partner,1122.28,First Touch
CU001623,LinkedIn Ads,1253.95,First Touch
CU001624,Outbound,1070.54,Multi-Touch
CU001625,Organic Search,1201.56,Multi-Touch
CU001626,Outbound,1292.24,First Touch
CU001627,LinkedIn Ads,326.56,First Touch
CU001628,Referral,333.13,Multi-Touch
CU001629,Referral,1227.06,First Touch
CU001630,Organic Search,4453.69,Multi-Touch
CU001631,LinkedIn Ads,4284.85,Last Touch
CU001632,Referral,1433.96,Last Touch
CU001633,Outbound,4809.02,Multi-Touch
CU001634,Google Ads,473.78,First Touch
CU001635,Referral,620.79,Multi-Touch
CU001636,LinkedIn Ads,217.99,Multi-Touch
CU001637,Event,1253.67,Multi-Touch
CU001638,Partner,1139.39,Multi-Touch
CU001639,Organic Search,419.35,First Touch
CU001640,LinkedIn Ads,644.12,First Touch
CU001641,Organic Search,185.58,Last Touch
CU001642,Event,4392.12,Last Touch
CU001643,Outbound,4486.74,Last Touch
CU001644,Partner,337.82,First Touch
CU001645,Outbound,207.01,Multi-Touch
CU001646,Event,4344.11,First Touch
CU001647,LinkedIn Ads,1212.96,Multi-Touch
CU001648,Referral,1361.44,Multi-Touch
CU001649,Google Ads,1011.44,Last Touch
CU001650,LinkedIn Ads,1128.47,Last Touch
CU001651,Referral,192.15,First Touch
CU001652,LinkedIn Ads,1136.8,Last Touch
CU001653,Referral,388.02,First Touch
CU001654,Google Ads,24.17,Last Touch
CU001655,Partner,1079.54,Multi-Touch
CU001656,Organic Search,645.24,Last Touch
CU001657,LinkedIn Ads,4661.4,Multi-Touch
CU001658,Outbound,4482.99,First Touch
CU001659,Event,4810.63,Multi-Touch
CU001660,Referral,1573.06,Last Touch
CU001661,Organic Search,310.33,First Touch
CU001662,Organic Search,445.82,Last Touch
CU001663,LinkedIn Ads,4488.39,Last Touch
CU001664,Referral,459.41,Last Touch
CU001665,Organic Search,1357.1,Multi-Touch
CU001666,Outbound,1507.12,First Touch
CU001667,Event,4699.86,First Touch
CU001668,Event,1040.38,First Touch
CU001669,Partner,318.0,Last Touch
CU001670,Event,452.76,Multi-Touch
CU001671,Event,1300.16,First Touch
CU001672,Google Ads,450.77,Multi-Touch
CU001673,Partner,1113.06,Last Touch
CU001674,Google Ads,4587.17,Multi-Touch
CU001675,Event,1114.43,First Touch
CU001676,Partner,305.25,First Touch
CU001677,Referral,624.63,Last Touch
CU001678,Organic Search,4307.37,Last Touch
CU001679,Event,1218.25,Last Touch
CU001680,Organic Search,4326.7,Multi-Touch
CU001681,Referral,4449.98,Last Touch
CU001682,Referral,4185.45,First Touch
CU001683,Partner,4748.81,Multi-Touch
CU001684,Partner,4578.22,Multi-Touch
CU001685,Event,4772.18,Multi-Touch
CU001686,Partner,525.91,Last Touch
CU001687,Referral,4207.96,Last Touch
CU001688,Organic Search,4513.64,Last Touch
CU001689,Google Ads,705.05,Last Touch
CU001690,Event,1410.53,First Touch
CU001691,Google Ads,513.55,Multi-Touch
CU001692,Referral,64.27,Multi-Touch
CU001693,Event,4157.25,First Touch
CU001694,Partner,4434.04,Multi-Touch
CU001695,LinkedIn Ads,4607.25,Multi-Touch
CU001696,LinkedIn Ads,406.01,First Touch
CU001697,Partner,116.82,Last Touch
CU001698,Event,82.06,Last Touch
CU001699,Google Ads,1390.64,Last Touch
CU001700,LinkedIn Ads,4662.99,Multi-Touch
CU001701,Event,1180.5,Last Touch
CU001702,Outbound,4315.17,Last Touch
CU001703,Outbound,697.93,Last Touch
CU001704,Google Ads,4799.56,Last Touch
CU001705,Partner,476.52,Last Touch
CU001706,Partner,1034.31,Last Touch
CU001707,Outbound,4555.3,First Touch
CU001708,Referral,949.78,Multi-Touch
CU001709,Referral,635.68,Last Touch
CU001710,LinkedIn Ads,1450.21,Last Touch
CU001711,Event,977.02,Last Touch
CU001712,LinkedIn Ads,4419.07,Last Touch
CU001713,Organic Search,1184.41,Multi-Touch
CU001714,LinkedIn Ads,454.3,Last Touch
CU001715,Partner,4315.15,Multi-Touch
CU001716,Partner,1160.67,Last Touch
CU001717,Referral,4709.37,Multi-Touch
CU001718,Event,801.6,Multi-Touch
CU001719,Outbound,1325.43,Last Touch
CU001720,Organic Search,1151.05,Last Touch
CU001721,Outbound,22.0,First Touch
CU001722,Organic Search,1191.53,First Touch
CU001723,Referral,1025.1,Last Touch
CU001724,LinkedIn Ads,1150.76,Last Touch
CU001725,Outbound,135.77,Last Touch
CU001726,Outbound,1337.17,Multi-Touch
CU001727,Event,1234.84,First Touch
CU001728,LinkedIn Ads,1340.32,Last Touch
CU001729,Google Ads,1051.6,Last Touch
CU001730,Organic Search,1036.32,Last Touch
CU001731,Partner,1110.64,First Touch
CU001732,LinkedIn Ads,4322.55,Multi-Touch
CU001733,Google Ads,4446.84,Multi-Touch
CU001734,Partner,4661.09,Last Touch
CU001735,Organic Search,4413.14,Multi-Touch
CU001736,Organic Search,4306.32,Multi-Touch
CU001737,Event,4005.44,Last Touch
CU001738,Google Ads,4640.77,Multi-Touch
CU001739,Referral,1207.25,Last Touch
CU001740,Partner,1087.23,Last Touch
CU001741,Organic Search,502.18,Last Touch
CU001742,LinkedIn Ads,934.41,First Touch
CU001743,Organic Search,127.87,Multi-Touch
CU001744,LinkedIn Ads,241.25,Multi-Touch
CU001745,Event,246.73,Last Touch
CU001746,Referral,267.71,First Touch
CU001747,Referral,1058.29,Multi-Touch
CU001748,LinkedIn Ads,1456.05,First Touch
CU001749,Partner,1477.84,Last Touch
CU001750,Referral,1518.45,Last Touch
CU001751,Google Ads,4917.55,Multi-Touch
CU001752,Google Ads,4776.15,Last Touch
CU001753,Google Ads,931.35,First Touch
CU001754,Event,4466.7,Multi-Touch
CU001755,Google Ads,1079.16,Multi-Touch
CU001756,Partner,144.4,First Touch
CU001757,Referral,4250.42,Multi-Touch
CU001758,Partner,468.13,Multi-Touch
CU001759,Google Ads,4933.08,First Touch
CU001760,Event,471.15,Multi-Touch
CU001761,Organic Search,1472.79,Last Touch
CU001762,Google Ads,1437.51,Multi-Touch
CU001763,Google Ads,4802.73,First Touch
CU001764,Organic Search,262.1,Multi-Touch
CU001765,LinkedIn Ads,957.9,First Touch
CU001766,Outbound,357.0,Last Touch
CU001767,LinkedIn Ads,1296.8,First Touch
CU001768,Outbound,1302.28,Multi-Touch
CU001769,Referral,1525.7,First Touch
CU001770,Referral,536.82,Last Touch
CU001771,Event,4210.91,Multi-Touch
CU001772,Event,4466.91,Last Touch
CU001773,LinkedIn Ads,169.72,Multi-Touch
CU001774,Event,639.39,First Touch
CU001775,Google Ads,1176.57,Last Touch
CU001776,Google Ads,457.62,First Touch
CU001777,Partner,1286.39,First Touch
CU001778,Partner,303.44,Last Touch
CU001779,Referral,302.45,First Touch
CU001780,LinkedIn Ads,579.37,Multi-Touch
CU001781,Referral,4459.99,First Touch
CU001782,Organic Search,4299.37,Last Touch
CU001783,Partner,1279.95,Last Touch
CU001784,Partner,984.15,Last Touch
CU001785,Organic Search,123.35,Multi-Touch
CU001786,Organic Search,1152.67,Last Touch
CU001787,Organic Search,4600.06,Multi-Touch
CU001788,Partner,4633.67,First Touch
CU001789,LinkedIn Ads,4643.17,Multi-Touch
CU001790,Google Ads,1390.34,First Touch
CU001791,Outbound,4606.74,Multi-Touch
CU001792,Organic Search,4869.69,First Touch
CU001793,Referral,4313.11,Last Touch
CU001794,Event,290.69,Last Touch
CU001795,Outbound,1131.6,Multi-Touch
CU001796,Google Ads,1082.63,Multi-Touch
CU001797,Google Ads,1094.09,First Touch
CU001798,Google Ads,4572.69,First Touch
CU001799,Partner,325.23,Multi-Touch
CU001800,Event,600.68,First Touch
CU001801,Outbound,524.13,Last Touch
CU001802,Outbound,1227.79,Multi-Touch
CU001803,Referral,1447.15,First Touch
CU001804,Google Ads,4518.97,Last Touch
CU001805,Google Ads,79.94,Multi-Touch
CU001806,Partner,407.04,Multi-Touch
CU001807,Event,4468.82,Last Touch
CU001808,Outbound,496.58,First Touch
CU001809,Partner,4478.09,Multi-Touch
CU001810,Partner,349.24,Multi-Touch
CU001811,LinkedIn Ads,582.19,First Touch
CU001812,Google Ads,1255.93,Multi-Touch
CU001813,Google Ads,4282.17,Multi-Touch
CU001814,LinkedIn Ads,1640.77,First Touch
CU001815,Partner,1070.64,First Touch
CU001816,Partner,4527.07,First Touch
CU001817,Event,352.62,Last Touch
CU001818,Organic Search,941.8,Multi-Touch
CU001819,Outbound,4244.41,Multi-Touch
CU001820,Referral,4215.77,First Touch
CU001821,Outbound,4553.53,Multi-Touch
CU001822,Partner,460.95,Multi-Touch
CU001823,Organic Search,1431.42,Last Touch
CU001824,Organic Search,397.36,Multi-Touch
CU001825,Organic Search,1208.96,Last Touch
CU001826,Google Ads,4566.22,Last Touch
CU001827,Outbound,1079.1,First Touch
CU001828,Referral,527.03,Multi-Touch
CU001829,Outbound,4940.77,Last Touch
CU001830,Outbound,103.38,First Touch
CU001831,Outbound,4594.77,First Touch
CU001832,Organic Search,362.08,Multi-Touch
CU001833,Outbound,4055.34,First Touch
CU001834,Referral,353.92,Multi-Touch
CU001835,Outbound,4452.69,Multi-Touch
CU001836,Referral,168.05,First Touch
CU001837,Outbound,4650.13,Last Touch
CU001838,LinkedIn Ads,4052.97,Last Touch
CU001839,Outbound,4389.79,First Touch
CU001840,Organic Search,404.33,First Touch
CU001841,Organic Search,4586.95,Multi-Touch
CU001842,Outbound,4508.58,First Touch
CU001843,Referral,268.01,First Touch
CU001844,Referral,1193.67,Last Touch
CU001845,Referral,4262.22,Last Touch
CU001846,Event,4429.26,Multi-Touch
CU001847,Event,533.83,Multi-Touch
CU001848,Event,1175.92,Last Touch
CU001849,Outbound,4694.79,First Touch
CU001850,Partner,8.08,Last Touch
CU001851,Referral,4808.31,Last Touch
CU001852,LinkedIn Ads,663.45,Last Touch
CU001853,Partner,559.89,First Touch
CU001854,Partner,5041.49,First Touch
CU001855,LinkedIn Ads,4295.39,Last Touch
CU001856,Outbound,733.22,Last Touch
CU001857,Outbound,1189.54,First Touch
CU001858,Google Ads,204.62,Last Touch
CU001859,LinkedIn Ads,4795.1,Multi-Touch
CU001860,Partner,187.58,First Touch
CU001861,Organic Search,1231.81,First Touch
CU001862,Partner,550.9,First Touch
CU001863,Event,1464.69,Multi-Touch
CU001864,LinkedIn Ads,1251.81,Last Touch
CU001865,Partner,1430.01,First Touch
CU001866,Event,355.41,Last Touch
CU001867,LinkedIn Ads,353.0,Multi-Touch
CU001868,Partner,1217.23,Last Touch
CU001869,Outbound,333.58,First Touch
CU001870,Referral,1523.22,Multi-Touch
CU001871,Partner,163.32,Last Touch
CU001872,Partner,327.7,Last Touch
CU001873,Organic Search,693.46,Last Touch
CU001874,Organic Search,1430.32,Multi-Touch
CU001875,Event,234.65,First Touch
CU001876,Outbound,4234.57,First Touch
CU001877,Event,4263.95,Last Touch
CU001878,Referral,599.96,First Touch
CU001879,Referral,1365.64,Multi-Touch
CU001880,LinkedIn Ads,463.41,Multi-Touch
CU001881,Google Ads,4953.98,First Touch
CU001882,Partner,478.42,Last Touch
CU001883,Outbound,323.95,First Touch
CU001884,Partner,350.3,First Touch
CU001885,Outbound,796.09,First Touch
CU001886,Referral,4196.55,Multi-Touch
CU001887,Event,1236.72,First Touch
CU001888,Outbound,4936.71,First Touch
CU001889,Organic Search,917.21,Multi-Touch
CU001890,Outbound,442.22,Multi-Touch
CU001891,Organic Search,1217.63,Last Touch
CU001892,Google Ads,467.32,Last Touch
CU001893,Partner,4327.82,Multi-Touch
CU001894,Outbound,434.66,Last Touch
CU001895,Event,1237.18,First Touch
CU001896,Partner,4502.67,First Touch
CU001897,Google Ads,239.64,First Touch
CU001898,LinkedIn Ads,131.79,Last Touch
CU001899,Event,254.26,Multi-Touch
CU001900,Outbound,1028.42,Last Touch
CU001901,Outbound,376.71,Last Touch
CU001902,Outbound,25.26,Multi-Touch
CU001903,Referral,930.95,Last Touch
CU001904,Outbound,4266.51,Last Touch
CU001905,Organic Search,1135.73,Multi-Touch
CU001906,Event,15.46,Multi-Touch
CU001907,LinkedIn Ads,4383.99,Multi-Touch
CU001908,Google Ads,1510.98,Multi-Touch
CU001909,LinkedIn Ads,582.4,First Touch
CU001910,Outbound,1302.26,First Touch
CU001911,Partner,190.83,Last Touch
CU001912,LinkedIn Ads,4292.0,First Touch
CU001913,Event,274.52,Last Touch
CU001914,Organic Search,4401.29,Multi-Touch
CU001915,Outbound,4229.43,Last Touch
CU001916,LinkedIn Ads,476.75,First Touch
CU001917,Referral,1176.13,First Touch
CU001918,Google Ads,1283.82,Last Touch
CU001919,Referral,4663.11,First Touch
CU001920,Google Ads,4486.47,Multi-Touch
CU001921,Outbound,4162.29,First Touch
CU001922,LinkedIn Ads,1683.95,Multi-Touch
CU001923,Organic Search,714.37,Last Touch
CU001924,Event,1089.54,Last Touch
CU001925,Event,966.08,Multi-Touch
CU001926,Event,4754.32,Multi-Touch
CU001927,Outbound,4556.79,Multi-Touch
CU001928,Referral,4366.22,Multi-Touch
CU001929,Event,389.78,First Touch
CU001930,Event,26.2,First Touch
CU001931,Google Ads,514.88,Last Touch
CU001932,Outbound,4604.46,First Touch
CU001933,Outbound,4448.22,Multi-Touch
CU001934,Referral,988.38,First Touch
CU001935,LinkedIn Ads,4269.42,First Touch
CU001936,Referral,1459.8,Last Touch
CU001937,LinkedIn Ads,525.77,Multi-Touch
CU001938,Organic Search,1077.88,Multi-Touch
CU001939,Referral,1546.6,Last Touch
CU001940,Outbound,340.84,First Touch
CU001941,Event,1140.63,Last Touch
CU001942,Event,231.95,Multi-Touch
CU001943,Partner,4453.66,Multi-Touch
CU001944,Google Ads,266.95,First Touch
CU001945,LinkedIn Ads,1472.47,Last Touch
CU001946,LinkedIn Ads,1291.62,Last Touch
CU001947,Outbound,4464.58,Last Touch
CU001948,Referral,279.86,First Touch
CU001949,Event,1272.63,Last Touch
CU001950,Organic Search,1145.4,Last Touch
CU001951,Google Ads,490.05,Multi-Touch
CU001952,Google Ads,4701.28,Multi-Touch
CU001953,LinkedIn Ads,4432.28,Multi-Touch
CU001954,Referral,1207.79,Multi-Touch
CU001955,Event,692.36,Last Touch
CU001956,Referral,309.14,Multi-Touch
CU001957,Partner,1051.18,Multi-Touch
CU001958,Organic Search,1326.37,Multi-Touch
CU001959,Event,53.0,Last Touch
CU001960,Partner,1268.13,Last Touch
CU001961,Organic Search,1528.9,First Touch
CU001962,Organic Search,1300.1,Last Touch
CU001963,Partner,4345.32,First Touch
CU001964,LinkedIn Ads,461.21,Last Touch
CU001965,Event,4170.45,Multi-Touch
CU001966,LinkedIn Ads,963.27,Last Touch
CU001967,LinkedIn Ads,467.01,First Touch
CU001968,Organic Search,1324.4,Multi-Touch
CU001969,Partner,4434.98,Last Touch
CU001970,Outbound,4712.96,First Touch
CU001971,Referral,1178.21,Multi-Touch
CU001972,Organic Search,4358.06,First Touch
CU001973,Referral,4457.93,Multi-Touch
CU001974,Outbound,403.02,Multi-Touch
CU001975,Partner,1115.03,Last Touch
CU001976,Organic Search,461.71,Last Touch
CU001977,Referral,4728.07,Multi-Touch
CU001978,Referral,512.83,Multi-Touch
CU001979,Outbound,1134.1,Last Touch
CU001980,Partner,4522.49,Multi-Touch
CU001981,LinkedIn Ads,511.28,Multi-Touch
CU001982,Partner,421.36,First Touch
CU001983,Event,1202.62,Multi-Touch
CU001984,LinkedIn Ads,1378.4,First Touch
CU001985,LinkedIn Ads,1166.68,Multi-Touch
CU001986,Outbound,4524.77,First Touch
CU001987,Event,1109.42,Multi-Touch
CU001988,Organic Search,4083.0,Multi-Touch
CU001989,LinkedIn Ads,809.2,Multi-Touch
CU001990,Referral,1275.29,Multi-Touch
CU001991,Partner,292.47,Multi-Touch
CU001992,Organic Search,477.97,Multi-Touch
CU001993,Google Ads,545.48,Multi-Touch
CU001994,Partner,351.97,Multi-Touch
CU001995,Event,4301.76,Last Touch
CU001996,Referral,4429.0,First Touch
CU001997,Partner,1555.65,Multi-Touch
CU001998,Partner,1185.13,Last Touch
CU001999,Partner,15.93,Multi-Touch
CU002000,Organic Search,1047.01,Multi-Touch
CU002001,Organic Search,435.94,First Touch
CU002002,Referral,1.67,First Touch
CU002003,Google Ads,1204.44,Last Touch
CU002004,Google Ads,1009.91,Multi-Touch
CU002005,Organic Search,4460.59,Last Touch
CU002006,Organic Search,1484.62,Last Touch
CU002007,Partner,4149.43,Multi-Touch
CU002008,Referral,1083.94,First Touch
CU002009,Event,992.06,First Touch
CU002010,Google Ads,343.6,Last Touch
CU002011,Partner,1195.1,Last Touch
CU002012,Google Ads,4218.61,Last Touch
CU002013,Referral,95.29,First Touch
CU002014,Google Ads,450.83,First Touch
CU002015,LinkedIn Ads,289.59,Multi-Touch
CU002016,Partner,4007.51,First Touch
CU002017,Event,4327.14,Last Touch
CU002018,Partner,4846.16,First Touch
CU002019,Referral,1026.19,Last Touch
CU002020,Google Ads,4218.79,Last Touch
CU002021,Partner,4362.33,First Touch
CU002022,Partner,371.49,Last Touch
CU002023,Referral,394.86,Last Touch
CU002024,Outbound,56.77,Last Touch
CU002025,LinkedIn Ads,322.17,Last Touch
CU002026,LinkedIn Ads,4442.76,First Touch
CU002027,Outbound,1310.26,Multi-Touch
CU002028,Outbound,632.6,Last Touch
CU002029,Referral,4541.67,First Touch
CU002030,Google Ads,396.18,First Touch
CU002031,Partner,1400.03,Last Touch
CU002032,Event,573.14,Last Touch
CU002033,Event,378.1,Multi-Touch
CU002034,Organic Search,4562.35,First Touch
CU002035,Referral,451.93,Multi-Touch
CU002036,Event,1080.56,First Touch
CU002037,LinkedIn Ads,4377.14,Last Touch
CU002038,LinkedIn Ads,4578.23,Multi-Touch
CU002039,Referral,332.92,Last Touch
CU002040,Event,4585.93,First Touch
CU002041,Outbound,483.05,First Touch
CU002042,Outbound,407.37,Last Touch
CU002043,Outbound,4348.24,First Touch
CU002044,Event,298.23,Last Touch
CU002045,Google Ads,476.32,Last Touch
CU002046,Google Ads,255.5,Multi-Touch
CU002047,Partner,946.74,Multi-Touch
CU002048,Outbound,201.5,Multi-Touch
CU002049,Google Ads,534.97,First Touch
CU002050,Organic Search,1024.94,Last Touch
CU002051,Outbound,4617.04,Last Touch
CU002052,Partner,4546.6,First Touch
CU002053,Google Ads,1075.75,First Touch
CU002054,Google Ads,645.7,First Touch
CU002055,Outbound,418.61,First Touch
CU002056,Outbound,1398.46,Last Touch
CU002057,Organic Search,4692.32,Last Touch
CU002058,Event,1265.31,Multi-Touch
CU002059,Referral,4666.74,Multi-Touch
CU002060,Partner,4123.27,First Touch
CU002061,Event,1043.9,Last Touch
CU002062,Google Ads,1436.35,Last Touch
CU002063,Google Ads,4581.98,Multi-Touch
CU002064,Referral,203.52,Multi-Touch
CU002065,LinkedIn Ads,379.36,First Touch
CU002066,Event,4570.59,First Touch
CU002067,Google Ads,4397.95,First Touch
CU002068,Partner,4351.06,First Touch
CU002069,Organic Search,56.3,First Touch
CU002070,Event,4322.52,Multi-Touch
CU002071,Outbound,4724.46,Multi-Touch
CU002072,Referral,1103.07,Multi-Touch
CU002073,Referral,163.01,Last Touch
CU002074,Partner,1171.72,First Touch
CU002075,Organic Search,4413.71,Multi-Touch
CU002076,Event,1219.07,Last Touch
CU002077,Event,1224.65,First Touch
CU002078,LinkedIn Ads,4471.07,Multi-Touch
CU002079,Organic Search,4612.81,Last Touch
CU002080,Organic Search,551.49,Last Touch
CU002081,Event,1224.56,Last Touch
CU002082,Organic Search,5076.07,Last Touch
CU002083,Google Ads,4472.1,Last Touch
CU002084,Outbound,369.11,First Touch
CU002085,Partner,1465.71,Multi-Touch
CU002086,Google Ads,397.43,Last Touch
CU002087,Organic Search,4664.94,First Touch
CU002088,Organic Search,334.46,Multi-Touch
CU002089,Partner,1408.66,Last Touch
CU002090,Outbound,4241.49,Multi-Touch
CU002091,Partner,1090.32,Last Touch
CU002092,Referral,217.89,Last Touch
CU002093,Google Ads,1404.51,Last Touch
CU002094,Google Ads,1104.35,Multi-Touch
CU002095,LinkedIn Ads,159.94,Last Touch
CU002096,Outbound,4121.77,Multi-Touch
CU002097,Outbound,220.04,Last Touch
CU002098,Referral,453.46,First Touch
CU002099,Partner,523.9,Multi-Touch
CU002100,Event,1499.52,Multi-Touch
CU002101,Organic Search,293.58,Last Touch
CU002102,Organic Search,98.95,First Touch
CU002103,Organic Search,4407.03,Last Touch
CU002104,Referral,5042.61,First Touch
CU002105,Google Ads,1243.67,Multi-Touch
CU002106,Google Ads,4252.39,Multi-Touch
CU002107,Google Ads,4469.32,Multi-Touch
CU002108,Outbound,573.98,First Touch
CU002109,Referral,4864.85,First Touch
CU002110,Outbound,4554.62,Multi-Touch
CU002111,Referral,1086.64,Last Touch
CU002112,Organic Search,4104.02,First Touch
CU002113,LinkedIn Ads,56.75,Last Touch
CU002114,LinkedIn Ads,4393.32,Multi-Touch
CU002115,Event,421.66,Last Touch
CU002116,Partner,4896.12,Last Touch
CU002117,Partner,416.5,First Touch
CU002118,Google Ads,1484.47,First Touch
CU002119,Partner,189.52,Last Touch
CU002120,Organic Search,1189.22,Last Touch
CU002121,Organic Search,4592.66,Multi-Touch
CU002122,Google Ads,1321.38,Multi-Touch
CU002123,Referral,1221.84,Multi-Touch
CU002124,Partner,4453.73,First Touch
CU002125,Referral,624.84,Multi-Touch
CU002126,Google Ads,834.51,Last Touch
CU002127,Event,4557.06,Last Touch
CU002128,Partner,4454.07,Last Touch
CU002129,Event,634.23,Multi-Touch
CU002130,LinkedIn Ads,165.4,Last Touch
CU002131,Outbound,1275.93,First Touch
CU002132,LinkedIn Ads,4402.42,Multi-Touch
CU002133,Referral,1141.34,Multi-Touch
CU002134,Outbound,147.43,Multi-Touch
CU002135,Organic Search,608.56,Last Touch
CU002136,Partner,1113.48,First Touch
CU002137,Google Ads,1298.23,First Touch
CU002138,Event,1151.43,First Touch
CU002139,Organic Search,1406.19,Multi-Touch
CU002140,Referral,4364.71,Multi-Touch
CU002141,Event,4701.8,Multi-Touch
CU002142,Event,33.48,Multi-Touch
CU002143,Referral,4359.32,Multi-Touch
CU002144,Google Ads,594.53,First Touch
CU002145,Google Ads,4634.73,Multi-Touch
CU002146,Partner,349.04,First Touch
CU002147,Referral,4480.45,Last Touch
CU002148,Partner,1268.42,Last Touch
CU002149,Google Ads,1076.95,First Touch
CU002150,Event,4649.23,First Touch
CU002151,Google Ads,359.0,Last Touch
CU002152,Organic Search,4269.74,First Touch
CU002153,Referral,286.48,Multi-Touch
CU002154,Partner,426.97,Last Touch
CU002155,LinkedIn Ads,4365.87,Multi-Touch
CU002156,Event,1635.81,Multi-Touch
CU002157,Google Ads,1240.21,First Touch
CU002158,Outbound,1434.59,Last Touch
CU002159,Organic Search,1428.97,Last Touch
CU002160,Google Ads,1163.97,First Touch
CU002161,Google Ads,1286.69,First Touch
CU002162,LinkedIn Ads,375.67,First Touch
CU002163,Event,249.09,First Touch
CU002164,Event,1009.4,First Touch
CU002165,Referral,1155.44,Multi-Touch
CU002166,Event,714.07,Multi-Touch
CU002167,Referral,1268.06,First Touch
CU002168,Google Ads,361.62,Last Touch
CU002169,Partner,1166.35,Multi-Touch
CU002170,Referral,4510.24,Last Touch
CU002171,Google Ads,1061.53,First Touch
CU002172,Outbound,949.96,Last Touch
CU002173,LinkedIn Ads,4527.48,Multi-Touch
CU002174,Partner,1423.96,Multi-Touch
CU002175,Referral,155.45,Last Touch
CU002176,Partner,974.84,Multi-Touch
CU002177,LinkedIn Ads,279.11,Multi-Touch
CU002178,Event,4534.09,Last Touch
CU002179,LinkedIn Ads,4690.47,Last Touch
CU002180,Outbound,1249.06,First Touch
CU002181,Partner,369.91,First Touch
CU002182,Organic Search,978.23,Multi-Touch
CU002183,LinkedIn Ads,4676.78,First Touch
CU002184,Outbound,450.46,First Touch
CU002185,Event,588.73,Last Touch
CU002186,Organic Search,4342.0,Multi-Touch
CU002187,Event,308.59,First Touch
CU002188,Partner,4305.8,First Touch
CU002189,Organic Search,436.48,Multi-Touch
CU002190,Referral,1443.89,First Touch
CU002191,Referral,12.1,Last Touch
CU002192,Organic Search,4366.24,Multi-Touch
CU002193,LinkedIn Ads,4391.85,First Touch
CU002194,LinkedIn Ads,23.68,Last Touch
CU002195,Partner,19.61,First Touch
CU002196,Referral,4586.84,Multi-Touch
CU002197,LinkedIn Ads,252.24,Multi-Touch
CU002198,Outbound,194.34,Last Touch
CU002199,Partner,1275.15,First Touch
CU002200,Partner,1498.7,First Touch
CU002201,Google Ads,1276.15,Multi-Touch
CU002202,Event,1328.34,Multi-Touch
CU002203,Referral,4152.46,Last Touch
CU002204,Outbound,4618.14,First Touch
CU002205,Event,4511.72,Last Touch
CU002206,Organic Search,225.8,Multi-Touch
CU002207,Outbound,932.42,Multi-Touch
CU002208,Partner,1155.29,First Touch
CU002209,Organic Search,4595.97,First Touch
CU002210,LinkedIn Ads,970.59,First Touch
CU002211,LinkedIn Ads,987.81,Last Touch
CU002212,Partner,363.4,First Touch
CU002213,Event,906.3,Multi-Touch
CU002214,Organic Search,207.41,Last Touch
CU002215,Google Ads,4632.87,Last Touch
CU002216,LinkedIn Ads,708.65,Multi-Touch
CU002217,Partner,878.08,First Touch
CU002218,Referral,105.23,Last Touch
CU002219,Partner,4624.77,Last Touch
CU002220,Event,477.34,Multi-Touch
CU002221,Event,369.05,Last Touch
CU002222,Partner,1313.23,Last Touch
CU002223,Partner,1337.4,Multi-Touch
CU002224,Google Ads,4721.97,First Touch
CU002225,Partner,721.27,First Touch
CU002226,Partner,339.08,Last Touch
CU002227,LinkedIn Ads,1226.31,First Touch
CU002228,Outbound,1216.4,Multi-Touch
CU002229,Google Ads,380.88,Last Touch
CU002230,Organic Search,4587.93,First Touch
CU002231,Google Ads,1272.74,First Touch
CU002232,Event,4070.0,First Touch
CU002233,Partner,1150.67,First Touch
CU002234,Event,1202.5,Multi-Touch
CU002235,Event,775.44,Multi-Touch
CU002236,Partner,4431.96,Multi-Touch
CU002237,LinkedIn Ads,4597.76,Last Touch
CU002238,Referral,538.5,Last Touch
CU002239,Outbound,1033.12,Last Touch
CU002240,Partner,4665.92,First Touch
CU002241,Partner,266.26,Multi-Touch
CU002242,LinkedIn Ads,201.38,First Touch
CU002243,Organic Search,5122.56,First Touch
CU002244,Outbound,252.77,First Touch
CU002245,Partner,1348.56,Last Touch
CU002246,LinkedIn Ads,4486.32,First Touch
CU002247,Event,225.92,First Touch
CU002248,Google Ads,1199.47,Last Touch
CU002249,Event,1185.68,Multi-Touch
CU002250,Organic Search,4260.21,Multi-Touch
CU002251,Google Ads,336.89,Multi-Touch
CU002252,Referral,4526.21,Last Touch
CU002253,Google Ads,4357.64,Last Touch
CU002254,Outbound,4590.7,Last Touch
CU002255,Outbound,1033.81,Last Touch
CU002256,Referral,4285.27,Last Touch
CU002257,Google Ads,4446.82,First Touch
CU002258,Event,997.55,Multi-Touch
CU002259,Event,318.51,Multi-Touch
CU002260,LinkedIn Ads,4178.48,First Touch
CU002261,Organic Search,1281.79,Multi-Touch
CU002262,Referral,750.92,Last Touch
CU002263,Referral,201.08,First Touch
CU002264,Event,4536.06,Multi-Touch
CU002265,Google Ads,4584.9,First Touch
CU002266,Google Ads,4631.3,First Touch
CU002267,Google Ads,1172.67,First Touch
CU002268,Outbound,4962.87,Last Touch
CU002269,Organic Search,507.28,Multi-Touch
CU002270,Event,4586.74,Multi-Touch
CU002271,Organic Search,4439.01,Multi-Touch
CU002272,LinkedIn Ads,1205.28,First Touch
CU002273,Partner,4313.87,First Touch
CU002274,Event,1268.81,Multi-Touch
CU002275,Event,409.89,Last Touch
CU002276,Organic Search,1179.16,First Touch
CU002277,Outbound,1232.42,Multi-Touch
CU002278,Google Ads,4740.37,Last Touch
CU002279,Google Ads,1281.94,Multi-Touch
CU002280,Google Ads,4245.85,Last Touch
CU002281,Organic Search,4485.59,Last Touch
CU002282,LinkedIn Ads,1414.91,Last Touch
CU002283,Google Ads,684.88,First Touch
CU002284,Organic Search,824.73,Last Touch
CU002285,Event,4211.39,Last Touch
CU002286,Event,1054.57,Last Touch
CU002287,Event,364.81,Last Touch
CU002288,Event,511.85,Last Touch
CU002289,Google Ads,1230.4,Multi-Touch
CU002290,Event,969.46,Multi-Touch
CU002291,Event,472.99,Multi-Touch
CU002292,Referral,4371.06,First Touch
CU002293,LinkedIn Ads,1084.83,First Touch
CU002294,Event,1325.85,Multi-Touch
CU002295,Event,4846.24,Multi-Touch
CU002296,Event,1153.25,Last Touch
CU002297,Google Ads,225.0,Multi-Touch
CU002298,Google Ads,4539.49,Multi-Touch
CU002299,LinkedIn Ads,4514.63,Last Touch
CU002300,Referral,272.78,First Touch
CU002301,LinkedIn Ads,4444.62,Multi-Touch
CU002302,Google Ads,1312.6,First Touch
CU002303,Outbound,190.98,Last Touch
CU002304,Referral,4163.76,First Touch
CU002305,LinkedIn Ads,1484.21,Multi-Touch
CU002306,Event,4501.75,First Touch
CU002307,LinkedIn Ads,4847.59,First Touch
CU002308,LinkedIn Ads,483.97,Multi-Touch
CU002309,Event,1124.18,First Touch
CU002310,Organic Search,91.23,First Touch
CU002311,Organic Search,1257.97,Multi-Touch
CU002312,LinkedIn Ads,4532.11,Multi-Touch
CU002313,LinkedIn Ads,587.07,Last Touch
CU002314,Event,222.65,Multi-Touch
CU002315,Event,4537.25,First Touch
CU002316,Event,718.5,Last Touch
CU002317,Organic Search,384.92,Multi-Touch
CU002318,Organic Search,269.74,Multi-Touch
CU002319,Outbound,1274.52,Last Touch
CU002320,Organic Search,4640.94,Last Touch
CU002321,Referral,583.83,Multi-Touch
CU002322,LinkedIn Ads,4823.55,Multi-Touch
CU002323,Partner,1501.99,Multi-Touch
CU002324,Partner,1232.4,Multi-Touch
CU002325,LinkedIn Ads,375.76,Multi-Touch
CU002326,Referral,91.5,Multi-Touch
CU002327,Organic Search,1294.45,Last Touch
CU002328,LinkedIn Ads,553.02,Multi-Touch
CU002329,Organic Search,1363.82,Last Touch
CU002330,Google Ads,601.1,Multi-Touch
CU002331,Outbound,470.79,Multi-Touch
CU002332,Organic Search,462.41,Last Touch
CU002333,Outbound,4365.27,Last Touch
CU002334,Outbound,519.76,Last Touch
CU002335,Organic Search,222.78,Last Touch
CU002336,Event,1045.73,Multi-Touch
CU002337,Event,262.23,Last Touch
CU002338,Referral,4447.44,First Touch
CU002339,Referral,409.0,First Touch
CU002340,Partner,1409.61,First Touch
CU002341,Organic Search,1171.69,Multi-Touch
CU002342,Partner,4669.41,Multi-Touch
CU002343,Event,1258.76,First Touch
CU002344,Event,4273.17,Multi-Touch
CU002345,Outbound,4510.31,First Touch
CU002346,Event,4530.75,Multi-Touch
CU002347,Google Ads,62.24,First Touch
CU002348,Partner,1233.43,Last Touch
CU002349,Outbound,4477.26,Last Touch
CU002350,Outbound,498.39,First Touch
CU002351,Event,750.57,First Touch
CU002352,Event,1349.24,First Touch
CU002353,Outbound,1219.7,First Touch
CU002354,Event,4507.91,First Touch
CU002355,Google Ads,1109.34,Multi-Touch
CU002356,Outbound,867.38,Last Touch
CU002357,Outbound,384.66,Last Touch
CU002358,LinkedIn Ads,913.14,Last Touch
CU002359,Partner,637.23,Multi-Touch
CU002360,Referral,4855.06,Multi-Touch
CU002361,LinkedIn Ads,4303.83,Multi-Touch
CU002362,Organic Search,4591.61,Last Touch
CU002363,Google Ads,1042.55,Multi-Touch
CU002364,Organic Search,4560.22,Multi-Touch
CU002365,Referral,154.44,First Touch
CU002366,Event,4282.52,Multi-Touch
CU002367,Google Ads,577.15,First Touch
CU002368,Event,115.45,First Touch
CU002369,Outbound,4620.78,First Touch
CU002370,Organic Search,71.86,First Touch
CU002371,Event,1417.98,Multi-Touch
CU002372,Google Ads,777.41,First Touch
CU002373,Outbound,1391.72,Last Touch
CU002374,Event,191.3,Last Touch
CU002375,Organic Search,258.14,First Touch
CU002376,LinkedIn Ads,1175.93,Multi-Touch
CU002377,Organic Search,1074.68,Last Touch
CU002378,LinkedIn Ads,511.2,Multi-Touch
CU002379,Google Ads,1400.3,Last Touch
CU002380,LinkedIn Ads,51.77,Multi-Touch
CU002381,Partner,4755.42,Last Touch
CU002382,LinkedIn Ads,540.16,First Touch
CU002383,Organic Search,480.75,First Touch
CU002384,Partner,4435.6,First Touch
CU002385,Google Ads,273.22,First Touch
CU002386,Organic Search,4835.55,Last Touch
CU002387,Partner,4459.49,First Touch
CU002388,Partner,4298.2,Last Touch
CU002389,Event,243.49,Last Touch
CU002390,Google Ads,207.03,Multi-Touch
CU002391,Google Ads,392.07,First Touch
CU002392,Organic Search,1617.46,First Touch
CU002393,Google Ads,949.4,Last Touch
CU002394,Google Ads,1181.22,Last Touch
CU002395,Outbound,365.54,Last Touch
CU002396,LinkedIn Ads,380.49,Last Touch
CU002397,Referral,27.76,Last Touch
CU002398,Organic Search,4349.06,First Touch
CU002399,Event,1070.94,Last Touch
CU002400,LinkedIn Ads,1351.43,Last Touch
CU002401,Referral,171.56,Multi-Touch
CU002402,Google Ads,1424.82,Multi-Touch
CU002403,Event,349.52,First Touch
CU002404,Outbound,299.43,Multi-Touch
CU002405,Event,1318.21,First Touch
CU002406,Google Ads,1624.24,Multi-Touch
CU002407,LinkedIn Ads,35.26,Multi-Touch
CU002408,LinkedIn Ads,4448.3,Multi-Touch
CU002409,Event,285.17,First Touch
CU002410,Partner,964.46,Last Touch
CU002411,Event,1020.86,Last Touch
CU002412,LinkedIn Ads,0.33,First Touch
CU002413,Organic Search,4389.18,Last Touch
CU002414,Organic Search,250.78,Multi-Touch
CU002415,Referral,4988.27,Multi-Touch
CU002416,Referral,1460.54,First Touch
CU002417,Referral,266.51,Last Touch
CU002418,Organic Search,4545.75,Last Touch
CU002419,LinkedIn Ads,511.89,Multi-Touch
CU002420,Partner,1457.07,First Touch
CU002421,Partner,1174.54,Multi-Touch
CU002422,LinkedIn Ads,1404.8,First Touch
CU002423,Event,4577.77,First Touch
CU002424,Outbound,1332.98,Multi-Touch
CU002425,Partner,4639.99,Multi-Touch
CU002426,Event,337.32,Last Touch
CU002427,Event,4363.43,Multi-Touch
CU002428,Partner,199.99,Multi-Touch
CU002429,LinkedIn Ads,375.12,Multi-Touch
CU002430,Partner,4708.11,Multi-Touch
CU002431,LinkedIn Ads,511.86,Last Touch
CU002432,LinkedIn Ads,1138.26,Last Touch
CU002433,Google Ads,5051.18,Last Touch
CU002434,Organic Search,4638.91,Last Touch
CU002435,LinkedIn Ads,4173.12,Last Touch
CU002436,Google Ads,1268.15,Last Touch
CU002437,Referral,263.32,First Touch
CU002438,Organic Search,569.05,First Touch
CU002439,Partner,4315.14,First Touch
CU002440,LinkedIn Ads,4552.39,Last Touch
CU002441,Organic Search,1529.21,Multi-Touch
CU002442,Partner,31.03,Multi-Touch
CU002443,Organic Search,4449.87,Last Touch
CU002444,Event,576.01,Last Touch
CU002445,Google Ads,4752.91,First Touch
CU002446,Google Ads,4547.94,Last Touch
CU002447,Organic Search,4604.47,Last Touch
CU002448,LinkedIn Ads,404.76,Multi-Touch
CU002449,Referral,1294.06,Last Touch
CU002450,LinkedIn Ads,4315.61,Multi-Touch
CU002451,LinkedIn Ads,1481.22,First Touch
CU002452,LinkedIn Ads,4844.3,Last Touch
CU002453,Referral,438.4,Multi-Touch
CU002454,Organic Search,4648.71,Multi-Touch
CU002455,Outbound,4766.06,Multi-Touch
CU002456,Partner,4562.98,Multi-Touch
CU002457,Outbound,4832.67,Last Touch
CU002458,LinkedIn Ads,4623.98,Last Touch
CU002459,LinkedIn Ads,4522.08,Last Touch
CU002460,Organic Search,339.2,First Touch
CU002461,Referral,1013.28,Multi-Touch
CU002462,Organic Search,507.01,Multi-Touch
CU002463,Partner,251.24,First Touch
CU002464,LinkedIn Ads,4114.18,Last Touch
CU002465,Google Ads,1378.85,First Touch
CU002466,Event,4610.08,Last Touch
CU002467,Referral,1302.73,Multi-Touch
CU002468,LinkedIn Ads,4421.1,Last Touch
CU002469,Referral,1651.92,Last Touch
CU002470,Outbound,4447.63,First Touch
CU002471,LinkedIn Ads,347.05,First Touch
CU002472,Referral,139.93,Last Touch
CU002473,Event,308.19,Multi-Touch
CU002474,Referral,4143.67,First Touch
CU002475,Event,1385.24,Multi-Touch
CU002476,Referral,1079.24,First Touch
CU002477,Google Ads,784.66,Last Touch
CU002478,Outbound,4011.2,Multi-Touch
CU002479,Google Ads,668.65,Multi-Touch
CU002480,Organic Search,1292.39,First Touch
CU002481,Outbound,1252.54,Multi-Touch
CU002482,LinkedIn Ads,796.89,First Touch
CU002483,Partner,294.63,Multi-Touch
CU002484,Outbound,823.63,Last Touch
CU002485,Outbound,1162.34,Multi-Touch
CU002486,LinkedIn Ads,787.49,First Touch
CU002487,Outbound,442.31,Multi-Touch
CU002488,Google Ads,1236.75,Last Touch
CU002489,Organic Search,4356.41,Last Touch
CU002490,Event,4312.48,Last Touch
CU002491,Outbound,963.44,Multi-Touch
CU002492,LinkedIn Ads,4421.32,First Touch
CU002493,Organic Search,486.98,First Touch
CU002494,Referral,1327.66,Multi-Touch
CU002495,Referral,1269.55,Multi-Touch
CU002496,Google Ads,4445.32,Multi-Touch
CU002497,LinkedIn Ads,28.57,First Touch
CU002498,Event,1018.09,First Touch
CU002499,Outbound,4310.13,Multi-Touch
CU002500,Google Ads,400.58,Last Touch
CU002501,Event,177.71,Multi-Touch
CU002502,Referral,4298.8,Last Touch
CU002503,Event,1290.66,Multi-Touch
CU002504,Google Ads,4421.77,Multi-Touch
CU002505,Outbound,1151.5,Multi-Touch
CU002506,Google Ads,4633.31,Last Touch
CU002507,LinkedIn Ads,4666.49,Multi-Touch
CU002508,Organic Search,487.12,Last Touch
CU002509,Partner,1416.22,Last Touch
CU002510,Partner,4318.83,First Touch
CU002511,Referral,1415.44,Multi-Touch
CU002512,Event,278.01,Multi-Touch
CU002513,Referral,990.53,First Touch
CU002514,Outbound,266.43,Multi-Touch
CU002515,Google Ads,4698.79,First Touch
CU002516,Partner,1259.15,Last Touch
CU002517,LinkedIn Ads,328.99,Last Touch
CU002518,Organic Search,131.77,Multi-Touch
CU002519,Event,634.75,Last Touch
CU002520,Organic Search,1348.25,First Touch
CU002521,Partner,1044.96,First Touch
CU002522,Event,1163.95,First Touch
CU002523,LinkedIn Ads,688.0,First Touch
CU002524,Event,4472.52,Multi-Touch
CU002525,Organic Search,339.96,First Touch
CU002526,Organic Search,4449.18,First Touch
CU002527,Referral,4285.17,First Touch
CU002528,Event,499.13,Last Touch
CU002529,Organic Search,887.71,Last Touch
CU002530,Organic Search,427.31,First Touch
CU002531,Event,272.51,Multi-Touch
CU002532,Partner,1440.09,Last Touch
CU002533,Google Ads,468.31,Multi-Touch
CU002534,LinkedIn Ads,809.47,Multi-Touch
CU002535,Outbound,144.25,First Touch
CU002536,Outbound,1069.73,Multi-Touch
CU002537,LinkedIn Ads,4565.76,Multi-Touch
CU002538,Partner,4464.47,First Touch
CU002539,Event,510.48,Multi-Touch
CU002540,Organic Search,1298.97,Multi-Touch
CU002541,Event,4718.63,First Touch
CU002542,Referral,4489.43,Last Touch
CU002543,Google Ads,4433.9,First Touch
CU002544,LinkedIn Ads,621.44,Multi-Touch
CU002545,Outbound,514.89,Multi-Touch
CU002546,Google Ads,255.1,Last Touch
CU002547,Referral,4639.54,Last Touch
CU002548,Referral,4222.88,Multi-Touch
CU002549,Partner,449.04,Multi-Touch
CU002550,Google Ads,4754.37,Last Touch
CU002551,LinkedIn Ads,399.83,Multi-Touch
CU002552,Outbound,4410.13,Multi-Touch
CU002553,Partner,4508.16,First Touch
CU002554,Event,4457.37,Multi-Touch
CU002555,Referral,92.9,Multi-Touch
CU002556,LinkedIn Ads,1160.56,Last Touch
CU002557,Google Ads,1108.68,First Touch
CU002558,Google Ads,503.07,Multi-Touch
CU002559,Referral,4194.59,Multi-Touch
CU002560,LinkedIn Ads,4447.71,First Touch
CU002561,Google Ads,1050.74,First Touch
CU002562,Outbound,4774.48,Last Touch
CU002563,Outbound,277.1,Last Touch
CU002564,Partner,121.06,Multi-Touch
CU002565,Referral,4393.18,Multi-Touch
CU002566,Organic Search,1281.54,Last Touch
CU002567,LinkedIn Ads,4514.48,Last Touch
CU002568,Referral,98.44,Last Touch
CU002569,Partner,1056.53,Last Touch
CU002570,Google Ads,4479.89,First Touch
CU002571,Referral,1212.04,Multi-Touch
CU002572,Referral,4270.22,First Touch
CU002573,Organic Search,1114.7,Last Touch
CU002574,Outbound,1225.09,Multi-Touch
CU002575,Referral,4280.08,Last Touch
CU002576,Organic Search,1336.85,Last Touch
CU002577,Outbound,1084.45,Multi-Touch
CU002578,LinkedIn Ads,4375.15,First Touch
CU002579,Partner,1054.62,Last Touch
CU002580,Referral,885.79,Last Touch
CU002581,Outbound,1321.93,Last Touch
CU002582,Referral,1196.73,Multi-Touch
CU002583,LinkedIn Ads,400.31,Last Touch
CU002584,Partner,4329.45,Last Touch
CU002585,Event,225.59,Last Touch
CU002586,Organic Search,1412.5,Multi-Touch
CU002587,Partner,508.58,First Touch
CU002588,Event,4467.73,Multi-Touch
CU002589,Organic Search,4804.58,First Touch
CU002590,LinkedIn Ads,1340.06,Multi-Touch
CU002591,LinkedIn Ads,4460.38,First Touch
CU002592,Referral,4464.94,First Touch
CU002593,Event,1126.6,Multi-Touch
CU002594,Organic Search,4373.91,Multi-Touch
CU002595,LinkedIn Ads,4356.49,Last Touch
CU002596,LinkedIn Ads,459.68,First Touch
CU002597,Outbound,1388.43,First Touch
CU002598,Organic Search,4502.82,Multi-Touch
CU002599,Referral,985.97,Last Touch
CU002600,Referral,4366.68,Last Touch
CU002601,Referral,569.46,First Touch
CU002602,LinkedIn Ads,188.22,Last Touch
CU002603,Outbound,4266.26,First Touch
CU002604,LinkedIn Ads,349.21,Last Touch
CU002605,Referral,1018.88,Last Touch
CU002606,LinkedIn Ads,201.64,Multi-Touch
CU002607,Event,50.8,Last Touch
CU002608,Google Ads,527.87,Last Touch
CU002609,Partner,1239.92,Last Touch
CU002610,Organic Search,1370.66,Multi-Touch
CU002611,Outbound,4437.22,Last Touch
CU002612,Outbound,254.22,Multi-Touch
CU002613,Google Ads,535.75,Last Touch
CU002614,LinkedIn Ads,1058.76,Last Touch
CU002615,Google Ads,4170.86,Multi-Touch
CU002616,LinkedIn Ads,1265.25,First Touch
CU002617,Event,1275.47,Multi-Touch
CU002618,Referral,1202.24,Multi-Touch
CU002619,Partner,4734.46,Last Touch
CU002620,Event,1385.65,Multi-Touch
CU002621,Referral,4408.33,First Touch
CU002622,Referral,1043.83,Last Touch
CU002623,Outbound,4676.43,First Touch
CU002624,Google Ads,1500.9,Last Touch
CU002625,LinkedIn Ads,136.67,First Touch
CU002626,LinkedIn Ads,4214.39,Multi-Touch
CU002627,Partner,1322.45,Last Touch
CU002628,Partner,1230.37,Last Touch
CU002629,Event,4366.56,First Touch
CU002630,Google Ads,4246.08,First Touch
CU002631,Organic Search,4518.3,First Touch
CU002632,Event,4705.58,First Touch
CU002633,Referral,994.14,Multi-Touch
CU002634,Outbound,4902.81,First Touch
CU002635,Referral,1373.02,First Touch
CU002636,Referral,649.42,Last Touch
CU002637,Outbound,1203.34,Last Touch
CU002638,Organic Search,4386.37,Last Touch
CU002639,Google Ads,699.87,Multi-Touch
CU002640,Organic Search,1636.65,Multi-Touch
CU002641,Outbound,4420.45,Last Touch
CU002642,Outbound,1003.15,Multi-Touch
CU002643,Event,1250.53,Last Touch
CU002644,LinkedIn Ads,153.52,First Touch
CU002645,Partner,953.83,Last Touch
CU002646,Organic Search,4382.28,Last Touch
CU002647,Organic Search,1197.44,Last Touch
CU002648,Event,4425.93,Last Touch
CU002649,LinkedIn Ads,454.54,Last Touch
CU002650,Organic Search,704.42,Last Touch
CU002651,LinkedIn Ads,4572.83,Last Touch
CU002652,Event,1175.54,Multi-Touch
CU002653,Google Ads,1165.58,Multi-Touch
CU002654,Outbound,745.41,Multi-Touch
CU002655,Organic Search,4619.58,Multi-Touch
CU002656,Partner,996.12,First Touch
CU002657,Organic Search,1254.51,First Touch
CU002658,LinkedIn Ads,856.64,Last Touch
CU002659,Partner,4591.38,First Touch
CU002660,Organic Search,321.27,First Touch
CU002661,Organic Search,857.8,Multi-Touch
CU002662,Outbound,4452.63,Multi-Touch
CU002663,Google Ads,1377.62,First Touch
CU002664,Outbound,1547.76,Multi-Touch
CU002665,Referral,4349.38,Multi-Touch
CU002666,Referral,459.0,First Touch
CU002667,Referral,4443.39,First Touch
CU002668,Partner,1082.4,Last Touch
CU002669,Google Ads,4814.32,First Touch
CU002670,Outbound,1103.57,Last Touch
CU002671,Event,1296.22,First Touch
CU002672,Organic Search,1165.98,Last Touch
CU002673,Outbound,750.88,Multi-Touch
CU002674,Organic Search,1163.68,First Touch
CU002675,Outbound,137.86,Multi-Touch
CU002676,Organic Search,336.27,Multi-Touch
CU002677,Referral,1406.59,Multi-Touch
CU002678,LinkedIn Ads,1094.82,First Touch
CU002679,Partner,4545.02,Multi-Touch
CU002680,Google Ads,991.05,Multi-Touch
CU002681,LinkedIn Ads,319.81,First Touch
CU002682,Partner,4486.87,Multi-Touch
CU002683,Event,704.53,First Touch
CU002684,Google Ads,4223.87,Last Touch
CU002685,Partner,988.33,Last Touch
CU002686,Partner,4338.82,Multi-Touch
CU002687,Partner,4341.98,Last Touch
CU002688,LinkedIn Ads,1433.97,Last Touch
CU002689,Partner,1115.19,Last Touch
CU002690,Outbound,659.62,Multi-Touch
CU002691,Event,1113.01,Multi-Touch
CU002692,Outbound,4618.81,First Touch
CU002693,Event,422.3,Last Touch
CU002694,Google Ads,4671.28,Last Touch
CU002695,Event,4620.72,First Touch
CU002696,LinkedIn Ads,4303.44,First Touch
CU002697,Organic Search,1408.98,Last Touch
CU002698,Outbound,1410.31,Last Touch
CU002699,Event,671.99,Multi-Touch
CU002700,Outbound,636.4,First Touch
CU002701,Outbound,620.89,Multi-Touch
CU002702,Referral,290.22,Last Touch
CU002703,Partner,446.92,Multi-Touch
CU002704,Referral,1651.31,First Touch
CU002705,Organic Search,4919.53,First Touch
CU002706,Referral,4507.72,Last Touch
CU002707,Partner,4613.09,First Touch
CU002708,Event,281.81,Multi-Touch
CU002709,Partner,4479.42,Multi-Touch
CU002710,Outbound,4297.2,First Touch
CU002711,Organic Search,1280.01,First Touch
CU002712,Referral,1399.77,Last Touch
CU002713,Outbound,4567.81,Last Touch
CU002714,Outbound,4095.35,Last Touch
CU002715,Referral,396.91,Multi-Touch
CU002716,Referral,4901.22,First Touch
CU002717,Google Ads,4609.71,Last Touch
CU002718,LinkedIn Ads,421.54,Multi-Touch
CU002719,LinkedIn Ads,4363.51,Multi-Touch
CU002720,Google Ads,4599.31,Last Touch
CU002721,Partner,4246.32,Multi-Touch
CU002722,Event,4781.83,Last Touch
CU002723,Google Ads,4532.51,First Touch
CU002724,Organic Search,586.6,Last Touch
CU002725,Event,1252.38,Multi-Touch
CU002726,Event,1192.0,Last Touch
CU002727,Google Ads,1117.51,Last Touch
CU002728,Partner,1432.16,First Touch
CU002729,Organic Search,609.36,First Touch
CU002730,Outbound,1105.37,Last Touch
CU002731,LinkedIn Ads,608.43,Multi-Touch
CU002732,Partner,4441.0,Last Touch
CU002733,Outbound,4516.98,First Touch
CU002734,Google Ads,470.24,Last Touch
CU002735,Google Ads,1433.07,First Touch
CU002736,Partner,4705.36,First Touch
CU002737,Partner,207.19,Last Touch
CU002738,Partner,1266.0,First Touch
CU002739,LinkedIn Ads,4431.37,Multi-Touch
CU002740,Event,4570.56,First Touch
CU002741,LinkedIn Ads,4766.69,First Touch
CU002742,Outbound,4882.17,Multi-Touch
CU002743,Outbound,1233.5,Multi-Touch
CU002744,Outbound,4285.43,Last Touch
CU002745,Organic Search,51.94,First Touch
CU002746,Google Ads,876.26,Last Touch
CU002747,Google Ads,392.87,First Touch
CU002748,Outbound,961.81,Last Touch
CU002749,Outbound,331.06,First Touch
CU002750,LinkedIn Ads,4262.74,Multi-Touch
CU002751,Partner,356.17,Last Touch
CU002752,Organic Search,379.65,Multi-Touch
CU002753,Google Ads,4634.53,First Touch
CU002754,Outbound,322.37,Multi-Touch
CU002755,Google Ads,1220.06,Last Touch
CU002756,Referral,4469.99,First Touch
CU002757,LinkedIn Ads,152.95,First Touch
CU002758,Outbound,625.86,Last Touch
CU002759,Outbound,1576.3,Multi-Touch
CU002760,Event,1247.13,Last Touch
CU002761,Organic Search,1245.7,Multi-Touch
CU002762,Partner,556.18,Last Touch
CU002763,Google Ads,4834.73,First Touch
CU002764,Outbound,417.32,Multi-Touch
CU002765,LinkedIn Ads,1375.93,Multi-Touch
CU002766,Outbound,514.18,First Touch
CU002767,Outbound,1258.83,First Touch
CU002768,Partner,934.26,First Touch
CU002769,Partner,1079.42,First Touch
CU002770,Organic Search,1207.44,Multi-Touch
CU002771,Event,168.31,First Touch
CU002772,Organic Search,4795.24,Multi-Touch
CU002773,Google Ads,4799.46,Multi-Touch
CU002774,Google Ads,4606.79,Multi-Touch
CU002775,Outbound,1053.66,First Touch
CU002776,Event,370.48,Last Touch
CU002777,Event,108.62,Last Touch
CU002778,Referral,4211.04,Last Touch
CU002779,Referral,4688.08,Last Touch
CU002780,Partner,4747.53,First Touch
CU002781,Referral,1046.76,First Touch
CU002782,Referral,1467.91,Last Touch
CU002783,Event,476.07,Multi-Touch
CU002784,Partner,1193.48,Last Touch
CU002785,Organic Search,4356.41,Last Touch
CU002786,LinkedIn Ads,5030.06,First Touch
CU002787,Event,4573.54,First Touch
CU002788,LinkedIn Ads,310.81,Multi-Touch
CU002789,Partner,1365.85,Last Touch
CU002790,Partner,95.1,Last Touch
CU002791,Outbound,1423.85,First Touch
CU002792,Partner,4518.16,Last Touch
CU002793,Google Ads,1388.29,First Touch
CU002794,Organic Search,391.27,Multi-Touch
CU002795,Event,4525.73,First Touch
CU002796,Event,4667.77,First Touch
CU002797,Outbound,657.08,First Touch
CU002798,Referral,4614.26,Last Touch
CU002799,Outbound,386.56,Multi-Touch
CU002800,LinkedIn Ads,1309.08,Multi-Touch
CU002801,Organic Search,259.09,First Touch
CU002802,LinkedIn Ads,1187.66,Last Touch
CU002803,Partner,590.79,First Touch
CU002804,Google Ads,4591.37,First Touch
CU002805,Partner,1619.59,Last Touch
CU002806,Organic Search,4220.94,Last Touch
CU002807,Google Ads,281.94,Multi-Touch
CU002808,Referral,4657.54,Multi-Touch
CU002809,Partner,1362.83,Last Touch
CU002810,LinkedIn Ads,211.4,Multi-Touch
CU002811,Organic Search,396.0,First Touch
CU002812,LinkedIn Ads,372.19,Last Touch
CU002813,Organic Search,4816.65,First Touch
CU002814,Referral,1121.09,First Touch
CU002815,Referral,394.91,Last Touch
CU002816,Partner,678.2,First Touch
CU002817,Event,4420.47,First Touch
CU002818,Organic Search,1159.45,Multi-Touch
CU002819,Google Ads,1148.98,First Touch
CU002820,Partner,289.78,Last Touch
CU002821,Referral,4477.93,Multi-Touch
CU002822,LinkedIn Ads,145.06,Last Touch
CU002823,Partner,1462.17,Last Touch
CU002824,Partner,1124.24,First Touch
CU002825,Outbound,1163.98,Last Touch
CU002826,Outbound,1180.63,Multi-Touch
CU002827,Organic Search,4558.14,Last Touch
CU002828,LinkedIn Ads,224.64,First Touch
CU002829,Google Ads,384.58,First Touch
CU002830,Outbound,1435.2,Last Touch
CU002831,Outbound,4425.28,First Touch
CU002832,Organic Search,307.3,First Touch
CU002833,Partner,166.71,First Touch
CU002834,LinkedIn Ads,4492.19,Multi-Touch
CU002835,Google Ads,1335.74,First Touch
CU002836,Partner,146.36,Last Touch
CU002837,Outbound,731.44,Multi-Touch
CU002838,LinkedIn Ads,1240.99,Last Touch
CU002839,Organic Search,1169.9,First Touch
CU002840,Organic Search,1405.96,Last Touch
CU002841,Outbound,4474.18,Multi-Touch
CU002842,Event,390.73,Last Touch
CU002843,Partner,4691.27,Last Touch
CU002844,Organic Search,1026.78,First Touch
CU002845,Event,1627.85,First Touch
CU002846,Google Ads,543.6,First Touch
CU002847,Event,4298.64,Last Touch
CU002848,Partner,855.76,Multi-Touch
CU002849,Event,963.02,First Touch
CU002850,Google Ads,424.56,Last Touch
CU002851,Partner,33.94,Multi-Touch
CU002852,Outbound,4653.35,Multi-Touch
CU002853,Google Ads,4410.89,First Touch
CU002854,Google Ads,4290.22,Multi-Touch
CU002855,Organic Search,213.75,First Touch
CU002856,Referral,1551.39,First Touch
CU002857,Event,1174.95,Multi-Touch
CU002858,LinkedIn Ads,1448.58,Last Touch
CU002859,Event,1409.53,Multi-Touch
CU002860,Google Ads,461.72,Last Touch
CU002861,Google Ads,4755.59,First Touch
CU002862,Referral,4866.68,Multi-Touch
CU002863,Partner,62.44,Multi-Touch
CU002864,Referral,303.0,Last Touch
CU002865,Organic Search,4491.35,Last Touch
CU002866,Organic Search,1133.61,Multi-Touch
CU002867,Partner,765.41,Last Touch
CU002868,Event,4757.26,First Touch
CU002869,Referral,4457.11,Multi-Touch
CU002870,Outbound,954.21,First Touch
CU002871,Outbound,236.65,First Touch
CU002872,LinkedIn Ads,301.15,First Touch
CU002873,LinkedIn Ads,307.95,Multi-Touch
CU002874,LinkedIn Ads,4415.63,Last Touch
CU002875,Outbound,890.72,First Touch
CU002876,Referral,1288.85,First Touch
CU002877,Referral,59.98,First Touch
CU002878,Organic Search,1273.21,First Touch
CU002879,Referral,1371.68,First Touch
CU002880,Organic Search,1259.22,Last Touch
CU002881,Partner,82.73,First Touch
CU002882,Partner,410.13,Last Touch
CU002883,Outbound,4729.65,First Touch
CU002884,Event,4579.24,First Touch
CU002885,LinkedIn Ads,4910.81,Multi-Touch
CU002886,Google Ads,370.48,Multi-Touch
CU002887,Event,1280.17,First Touch
CU002888,Event,928.45,Multi-Touch
CU002889,Outbound,4266.92,Multi-Touch
CU002890,Referral,1122.43,Last Touch
CU002891,LinkedIn Ads,345.75,Last Touch
CU002892,Partner,679.43,Multi-Touch
CU002893,LinkedIn Ads,4111.03,First Touch
CU002894,Organic Search,4706.01,Last Touch
CU002895,Referral,4792.59,Multi-Touch
CU002896,Google Ads,1198.32,Last Touch
CU002897,Referral,4427.72,First Touch
CU002898,Organic Search,96.93,Multi-Touch
CU002899,Organic Search,1170.69,First Touch
CU002900,Event,4387.17,Multi-Touch
CU002901,Organic Search,4643.36,Last Touch
CU002902,Event,491.56,Last Touch
CU002903,Event,842.75,Multi-Touch
CU002904,Outbound,4308.1,Last Touch
CU002905,Google Ads,309.05,First Touch
CU002906,Outbound,4494.17,First Touch
CU002907,LinkedIn Ads,909.62,Last Touch
CU002908,Referral,439.04,First Touch
CU002909,Event,1319.79,Last Touch
CU002910,Outbound,4798.62,Last Touch
CU002911,Partner,4705.67,Last Touch
CU002912,Partner,4484.51,First Touch
CU002913,Organic Search,1320.86,Last Touch
CU002914,Partner,1065.59,Multi-Touch
CU002915,Organic Search,1391.64,Multi-Touch
CU002916,Outbound,4524.53,Last Touch
CU002917,Partner,125.08,Multi-Touch
CU002918,Partner,4183.51,Last Touch
CU002919,Partner,405.11,Last Touch
CU002920,LinkedIn Ads,495.0,Multi-Touch
CU002921,Organic Search,229.73,First Touch
CU002922,Event,331.63,Last Touch
CU002923,Referral,786.62,Multi-Touch
CU002924,Referral,4454.66,First Touch
CU002925,Referral,4322.55,First Touch
CU002926,Referral,317.59,Multi-Touch
CU002927,Partner,6.53,Last Touch
CU002928,Partner,964.48,First Touch
CU002929,Partner,4431.88,Last Touch
CU002930,Organic Search,1267.78,Last Touch
CU002931,Partner,4598.61,Multi-Touch
CU002932,Referral,1430.07,First Touch
CU002933,Outbound,1139.85,Multi-Touch
CU002934,Outbound,4610.65,Last Touch
CU002935,Referral,4759.91,Multi-Touch
CU002936,Outbound,205.55,First Touch
CU002937,Partner,327.66,Last Touch
CU002938,Outbound,1008.39,Multi-Touch
CU002939,Referral,797.51,Last Touch
CU002940,Google Ads,1062.18,First Touch
CU002941,Outbound,752.35,Last Touch
CU002942,Event,587.45,First Touch
CU002943,LinkedIn Ads,967.84,Last Touch
CU002944,LinkedIn Ads,1005.94,Last Touch
CU002945,LinkedIn Ads,477.51,Multi-Touch
CU002946,Google Ads,378.0,First Touch
CU002947,LinkedIn Ads,1481.29,Multi-Touch
CU002948,Referral,4598.51,Multi-Touch
CU002949,Event,4359.84,First Touch
CU002950,LinkedIn Ads,327.32,First Touch
CU002951,Partner,327.94,Last Touch
CU002952,Organic Search,1075.46,First Touch
CU002953,Event,537.17,Multi-Touch
CU002954,LinkedIn Ads,4735.64,Multi-Touch
CU002955,Event,4529.83,Last Touch
CU002956,Outbound,232.36,Last Touch
CU002957,Partner,1004.61,Last Touch
CU002958,LinkedIn Ads,908.81,First Touch
CU002959,Organic Search,4050.58,First Touch
CU002960,Organic Search,4219.83,Last Touch
CU002961,Outbound,958.38,First Touch
CU002962,Google Ads,210.37,Last Touch
CU002963,Referral,1136.4,Last Touch
CU002964,Outbound,480.14,Last Touch
CU002965,Outbound,388.92,Multi-Touch
CU002966,Organic Search,4351.13,Multi-Touch
CU002967,Organic Search,1325.83,Multi-Touch
CU002968,LinkedIn Ads,1636.43,Last Touch
CU002969,Outbound,1018.7,Multi-Touch
CU002970,Partner,1419.27,Last Touch
CU002971,LinkedIn Ads,494.75,First Touch
CU002972,Organic Search,1075.39,Multi-Touch
CU002973,Event,1200.79,Multi-Touch
CU002974,Partner,4590.73,Last Touch
CU002975,Outbound,4617.08,Multi-Touch
CU002976,Referral,1215.02,Last Touch
CU002977,Partner,386.86,First Touch
CU002978,Google Ads,1210.93,Last Touch
CU002979,Outbound,4385.28,Last Touch
CU002980,Google Ads,259.98,Last Touch
CU002981,Partner,50.49,First Touch
CU002982,Organic Search,1244.29,First Touch
CU002983,Outbound,331.01,First Touch
CU002984,Referral,1227.7,First Touch
CU002985,Outbound,566.93,Last Touch
CU002986,Organic Search,12.09,Last Touch
CU002987,Organic Search,4040.37,First Touch
CU002988,Event,285.17,Last Touch
CU002989,Outbound,295.0,Multi-Touch
CU002990,Referral,976.17,Multi-Touch
CU002991,Referral,4519.71,Multi-Touch
CU002992,Event,4464.09,First Touch
CU002993,Partner,361.48,Multi-Touch
CU002994,Referral,448.86,Multi-Touch
CU002995,Organic Search,1338.81,Last Touch
CU002996,Outbound,1350.21,Multi-Touch
CU002997,Organic Search,501.18,First Touch
CU002998,LinkedIn Ads,1244.13,Last Touch
CU002999,Partner,127.28,Multi-Touch
CU003000,Referral,4442.99,Multi-Touch
CU003001,Referral,4646.51,First Touch
CU003002,Organic Search,328.79,Last Touch
CU003003,Google Ads,567.51,First Touch
CU003004,Event,362.56,Last Touch
CU003005,Partner,534.79,Multi-Touch
CU003006,Organic Search,4618.59,First Touch
CU003007,Partner,440.83,First Touch
CU003008,Event,425.36,Multi-Touch
CU003009,Partner,1252.83,First Touch
CU003010,Outbound,1393.66,First Touch
CU003011,Event,65.05,First Touch
CU003012,LinkedIn Ads,4540.78,First Touch
CU003013,LinkedIn Ads,4583.09,First Touch
CU003014,Referral,40.43,First Touch
CU003015,Outbound,404.33,Multi-Touch
CU003016,Partner,958.48,Last Touch
CU003017,Event,253.71,Multi-Touch
CU003018,Referral,388.16,Multi-Touch
CU003019,Outbound,1307.88,Last Touch
CU003020,Event,4267.95,First Touch
CU003021,LinkedIn Ads,369.21,Multi-Touch
CU003022,Organic Search,364.62,Multi-Touch
CU003023,Outbound,980.5,Last Touch
CU003024,Outbound,564.63,Multi-Touch
CU003025,Referral,1042.62,Multi-Touch
CU003026,Partner,238.38,Last Touch
CU003027,Event,970.23,Multi-Touch
CU003028,Event,592.28,Last Touch
CU003029,Organic Search,4259.4,Last Touch
CU003030,Google Ads,4399.2,First Touch
CU003031,Organic Search,1195.9,First Touch
CU003032,Organic Search,292.71,First Touch
CU003033,Referral,1406.17,Multi-Touch
CU003034,Outbound,1161.8,Last Touch
CU003035,Referral,227.74,Last Touch
CU003036,LinkedIn Ads,4147.39,Multi-Touch
CU003037,Google Ads,4743.9,First Touch
CU003038,Google Ads,4849.86,Last Touch
CU003039,Event,962.08,Last Touch
CU003040,Event,4665.16,First Touch
CU003041,Organic Search,683.83,Last Touch
CU003042,Partner,4348.21,Multi-Touch
CU003043,Event,1313.31,First Touch
CU003044,Google Ads,239.27,First Touch
CU003045,Partner,1124.87,Last Touch
CU003046,LinkedIn Ads,318.61,First Touch
CU003047,Event,604.67,Multi-Touch
CU003048,Event,4507.02,First Touch
CU003049,Referral,1513.13,Last Touch
CU003050,Referral,1192.49,Last Touch
CU003051,Referral,544.02,First Touch
CU003052,Partner,485.79,First Touch
CU003053,LinkedIn Ads,4303.96,Multi-Touch
CU003054,Outbound,695.61,First Touch
CU003055,Organic Search,359.88,Multi-Touch
CU003056,Referral,1254.77,Last Touch
CU003057,Referral,1271.76,Multi-Touch
CU003058,Referral,4500.81,Multi-Touch
CU003059,Event,1063.97,First Touch
CU003060,LinkedIn Ads,4865.31,Multi-Touch
CU003061,Outbound,311.34,Multi-Touch
CU003062,LinkedIn Ads,1209.85,Last Touch
CU003063,Event,198.14,First Touch
CU003064,Referral,1321.62,First Touch
CU003065,Event,1085.4,Last Touch
CU003066,Referral,4886.97,Last Touch
CU003067,Referral,4317.44,First Touch
CU003068,LinkedIn Ads,1237.93,First Touch
CU003069,Organic Search,1023.99,First Touch
CU003070,Outbound,1142.76,First Touch
CU003071,Organic Search,256.34,Last Touch
CU003072,Organic Search,789.5,Last Touch
CU003073,Event,438.57,Multi-Touch
CU003074,Organic Search,4687.22,Last Touch
CU003075,Google Ads,4593.2,Last Touch
CU003076,Google Ads,1059.27,Multi-Touch
CU003077,Outbound,4600.34,Multi-Touch
CU003078,Organic Search,483.21,Multi-Touch
CU003079,Outbound,4573.5,Last Touch
CU003080,Outbound,1576.72,Multi-Touch
CU003081,Outbound,389.0,First Touch
CU003082,Google Ads,4517.94,Multi-Touch
CU003083,Organic Search,4764.33,Multi-Touch
CU003084,Google Ads,215.9,First Touch
CU003085,Event,302.34,Multi-Touch
CU003086,Partner,4765.77,Last Touch
CU003087,Outbound,1145.95,Last Touch
CU003088,Outbound,4533.06,First Touch
CU003089,Outbound,727.02,Last Touch
CU003090,Outbound,1189.32,Last Touch
CU003091,Partner,92.49,Multi-Touch
CU003092,Event,1369.44,Last Touch
CU003093,Google Ads,1148.32,First Touch
CU003094,LinkedIn Ads,4551.52,Multi-Touch
CU003095,LinkedIn Ads,1361.43,First Touch
CU003096,Partner,4504.82,Multi-Touch
CU003097,Event,1173.99,First Touch
CU003098,Organic Search,1251.54,Last Touch
CU003099,Google Ads,4047.08,Multi-Touch
CU003100,LinkedIn Ads,1168.28,Multi-Touch
CU003101,Referral,1368.36,First Touch
CU003102,Referral,4716.56,First Touch
CU003103,Event,4383.51,Multi-Touch
CU003104,Google Ads,4723.25,Multi-Touch
CU003105,Event,650.05,Last Touch
CU003106,Event,306.12,Last Touch
CU003107,LinkedIn Ads,4043.27,First Touch
CU003108,Partner,525.5,First Touch
CU003109,Organic Search,4598.5,Multi-Touch
CU003110,Partner,62.61,First Touch
CU003111,Partner,1261.16,Last Touch
CU003112,Referral,4952.55,Last Touch
CU003113,Event,4464.47,First Touch
CU003114,Partner,1180.59,Last Touch
CU003115,Outbound,489.7,Last Touch
CU003116,Event,766.19,Multi-Touch
CU003117,Organic Search,1003.86,Last Touch
CU003118,Referral,4458.2,Multi-Touch
CU003119,LinkedIn Ads,184.91,Last Touch
CU003120,LinkedIn Ads,1356.02,Last Touch
CU003121,LinkedIn Ads,4416.21,Multi-Touch
CU003122,Event,4559.44,Last Touch
CU003123,Organic Search,4652.9,Multi-Touch
CU003124,Event,669.01,Last Touch
CU003125,Organic Search,137.36,Last Touch
CU003126,Referral,221.24,Multi-Touch
CU003127,Google Ads,4630.18,Multi-Touch
CU003128,LinkedIn Ads,91.47,First Touch
CU003129,Organic Search,31.79,First Touch
CU003130,Google Ads,4662.27,First Touch
CU003131,Referral,4741.32,First Touch
CU003132,Event,642.89,Multi-Touch
CU003133,LinkedIn Ads,82.03,First Touch
CU003134,Event,620.5,First Touch
CU003135,Referral,1251.42,Multi-Touch
CU003136,Google Ads,234.03,First Touch
CU003137,Google Ads,1111.36,Last Touch
CU003138,Event,1389.16,Multi-Touch
CU003139,LinkedIn Ads,458.36,First Touch
CU003140,LinkedIn Ads,1266.94,Last Touch
CU003141,Organic Search,4538.08,First Touch
CU003142,LinkedIn Ads,1389.16,Multi-Touch
CU003143,Partner,167.82,Multi-Touch
CU003144,Google Ads,296.73,Last Touch
CU003145,Referral,4561.99,Last Touch
CU003146,Event,1190.43,Last Touch
CU003147,Organic Search,962.23,Multi-Touch
CU003148,Referral,4525.42,First Touch
CU003149,Partner,4498.14,Multi-Touch
CU003150,Event,1087.76,First Touch
CU003151,Google Ads,4599.86,Multi-Touch
CU003152,Organic Search,4364.84,Last Touch
CU003153,Referral,1273.56,Multi-Touch
CU003154,Referral,4682.63,First Touch
CU003155,Outbound,4607.26,Multi-Touch
CU003156,Event,1198.55,Last Touch
CU003157,Referral,1135.37,Multi-Touch
CU003158,Event,362.96,First Touch
CU003159,Google Ads,1451.07,Last Touch
CU003160,Partner,218.55,Last Touch
CU003161,Referral,314.33,Last Touch
CU003162,Partner,4336.02,First Touch
CU003163,Outbound,1598.94,Last Touch
CU003164,Organic Search,572.31,Multi-Touch
CU003165,LinkedIn Ads,475.97,Multi-Touch
CU003166,Partner,4377.92,Multi-Touch
CU003167,LinkedIn Ads,4558.42,Last Touch
CU003168,LinkedIn Ads,307.42,First Touch
CU003169,Referral,1210.72,Last Touch
CU003170,Partner,1380.62,First Touch
CU003171,Referral,1288.71,Multi-Touch
CU003172,Organic Search,1297.42,Multi-Touch
CU003173,Outbound,4008.58,Last Touch
CU003174,Event,360.08,Multi-Touch
CU003175,Partner,1243.4,Multi-Touch
CU003176,Organic Search,219.88,Last Touch
CU003177,Partner,225.2,Multi-Touch
CU003178,Outbound,1368.09,Multi-Touch
CU003179,Google Ads,930.11,Last Touch
CU003180,Outbound,4499.23,First Touch
CU003181,Partner,361.32,First Touch
CU003182,Outbound,405.56,Last Touch
CU003183,Referral,906.96,First Touch
CU003184,Referral,4472.59,Last Touch
CU003185,Partner,1358.67,Multi-Touch
CU003186,Referral,525.75,Last Touch
CU003187,Google Ads,1691.71,Multi-Touch
CU003188,Partner,4576.58,First Touch
CU003189,Google Ads,429.35,First Touch
CU003190,Event,4289.93,Last Touch
CU003191,Partner,1156.75,Last Touch
CU003192,Organic Search,552.18,Multi-Touch
CU003193,LinkedIn Ads,1406.08,First Touch
CU003194,Referral,1128.03,Last Touch
CU003195,Partner,1130.19,First Touch
CU003196,Partner,4420.35,Multi-Touch
CU003197,Partner,1701.69,Last Touch
CU003198,Google Ads,362.55,Last Touch
CU003199,LinkedIn Ads,266.25,First Touch
CU003200,Referral,161.96,Last Touch
CU003201,Event,515.88,Last Touch
CU003202,Organic Search,4234.37,First Touch
CU003203,Event,4332.53,Multi-Touch
CU003204,LinkedIn Ads,196.89,First Touch
CU003205,Google Ads,4762.37,Multi-Touch
CU003206,Event,848.73,Multi-Touch
CU003207,Partner,4442.81,Multi-Touch
CU003208,Organic Search,825.68,First Touch
CU003209,Google Ads,536.16,First Touch
CU003210,Outbound,1221.39,Last Touch
CU003211,Referral,1538.92,Multi-Touch
CU003212,Organic Search,4613.28,First Touch
CU003213,Event,417.2,Last Touch
CU003214,Outbound,1417.9,First Touch
CU003215,Organic Search,4895.08,Multi-Touch
CU003216,Organic Search,4208.97,First Touch
CU003217,Event,1560.83,Last Touch
CU003218,LinkedIn Ads,67.02,First Touch
CU003219,Google Ads,4410.5,First Touch
CU003220,Partner,4543.08,Multi-Touch
CU003221,Organic Search,4376.1,Multi-Touch
CU003222,Outbound,4997.29,First Touch
CU003223,LinkedIn Ads,1384.11,First Touch
CU003224,LinkedIn Ads,4442.73,Multi-Touch
CU003225,Outbound,4813.85,Last Touch
CU003226,LinkedIn Ads,1152.93,First Touch
CU003227,Event,262.01,Multi-Touch
CU003228,LinkedIn Ads,256.61,Last Touch
CU003229,Partner,256.21,First Touch
CU003230,LinkedIn Ads,4200.37,First Touch
CU003231,LinkedIn Ads,4509.25,Last Touch
CU003232,Event,1065.36,First Touch
CU003233,Organic Search,4432.3,First Touch
CU003234,Referral,1269.39,Last Touch
CU003235,Event,4559.51,Multi-Touch
CU003236,Partner,1234.15,Last Touch
CU003237,Event,343.83,Multi-Touch
CU003238,Partner,79.42,Last Touch
CU003239,Google Ads,321.45,Multi-Touch
CU003240,Organic Search,394.8,First Touch
CU003241,LinkedIn Ads,4521.62,First Touch
CU003242,Outbound,4345.54,Last Touch
CU003243,Referral,4466.76,Last Touch
CU003244,LinkedIn Ads,1282.88,Last Touch
CU003245,Google Ads,4244.97,Last Touch
CU003246,Organic Search,4375.85,First Touch
CU003247,LinkedIn Ads,243.62,Multi-Touch
CU003248,Organic Search,377.59,Last Touch
CU003249,LinkedIn Ads,4430.94,Multi-Touch
CU003250,Partner,1027.35,First Touch
CU003251,Partner,1198.72,Multi-Touch
CU003252,Outbound,4483.71,Multi-Touch
CU003253,LinkedIn Ads,1187.17,Multi-Touch
CU003254,LinkedIn Ads,1307.08,Multi-Touch
CU003255,Event,1119.66,Multi-Touch
CU003256,Event,1029.26,Multi-Touch
CU003257,Google Ads,364.29,Multi-Touch
CU003258,Partner,4523.12,First Touch
CU003259,Event,1760.93,Multi-Touch
CU003260,Event,4486.85,Multi-Touch
CU003261,Referral,173.3,Last Touch
CU003262,LinkedIn Ads,392.39,Multi-Touch
CU003263,Google Ads,229.65,Last Touch
CU003264,Outbound,4196.28,First Touch
CU003265,LinkedIn Ads,906.01,Last Touch
CU003266,Organic Search,4297.43,Last Touch
CU003267,LinkedIn Ads,155.64,First Touch
CU003268,Google Ads,180.96,Multi-Touch
CU003269,Event,623.5,First Touch
CU003270,LinkedIn Ads,1470.82,Multi-Touch
CU003271,Event,305.89,Multi-Touch
CU003272,Google Ads,1120.23,Multi-Touch
CU003273,LinkedIn Ads,696.49,Multi-Touch
CU003274,Partner,343.16,Multi-Touch
CU003275,Event,4786.37,Multi-Touch
CU003276,Event,1462.61,Multi-Touch
CU003277,Partner,1558.92,Multi-Touch
CU003278,Referral,1166.96,First Touch
CU003279,Event,4237.47,First Touch
CU003280,Google Ads,4465.09,Last Touch
CU003281,Referral,1382.38,Multi-Touch
CU003282,Referral,1114.09,Multi-Touch
CU003283,LinkedIn Ads,151.99,Last Touch
CU003284,Event,829.25,First Touch
CU003285,Event,4379.4,First Touch
CU003286,Outbound,4701.1,Last Touch
CU003287,Event,295.01,First Touch
CU003288,LinkedIn Ads,350.38,Multi-Touch
CU003289,Referral,1634.28,Multi-Touch
CU003290,Google Ads,4189.54,Multi-Touch
CU003291,Organic Search,689.41,First Touch
CU003292,Referral,4618.59,Last Touch
CU003293,Event,1145.57,Multi-Touch
CU003294,LinkedIn Ads,4687.95,First Touch
CU003295,Outbound,325.76,Multi-Touch
CU003296,Organic Search,1098.84,Last Touch
CU003297,Event,4510.37,First Touch
CU003298,Partner,980.03,First Touch
CU003299,Referral,266.11,Last Touch
CU003300,LinkedIn Ads,550.22,First Touch
CU003301,Outbound,398.05,Last Touch
CU003302,Referral,295.86,Multi-Touch
CU003303,Referral,312.56,Last Touch
CU003304,LinkedIn Ads,177.34,First Touch
CU003305,LinkedIn Ads,1379.19,Multi-Touch
CU003306,Outbound,1595.46,Multi-Touch
CU003307,Google Ads,1173.78,First Touch
CU003308,Google Ads,4694.87,First Touch
CU003309,Referral,1263.97,First Touch
CU003310,LinkedIn Ads,562.94,First Touch
CU003311,Partner,54.99,Last Touch
CU003312,Partner,1051.51,Last Touch
CU003313,Organic Search,153.02,First Touch
CU003314,Referral,1022.39,First Touch
CU003315,Outbound,4501.81,Last Touch
CU003316,Organic Search,4577.63,Multi-Touch
CU003317,Organic Search,1076.45,Last Touch
CU003318,Outbound,4397.22,Multi-Touch
CU003319,Outbound,4505.54,Multi-Touch
CU003320,Partner,671.36,First Touch
CU003321,Outbound,385.97,Multi-Touch
CU003322,Outbound,653.22,Multi-Touch
CU003323,Event,1103.88,First Touch
CU003324,Outbound,275.59,Last Touch
CU003325,Google Ads,293.69,Multi-Touch
CU003326,Outbound,4638.79,First Touch
CU003327,Event,4483.52,First Touch
CU003328,Google Ads,566.07,First Touch
CU003329,LinkedIn Ads,187.66,Last Touch
CU003330,Organic Search,138.39,Last Touch
CU003331,Organic Search,214.78,Multi-Touch
CU003332,Referral,996.36,Last Touch
CU003333,Organic Search,1380.81,First Touch
CU003334,Outbound,4128.9,First Touch
CU003335,Referral,4129.58,Last Touch
CU003336,Event,504.33,Multi-Touch
CU003337,Partner,4788.24,Last Touch
CU003338,Google Ads,4470.96,Multi-Touch
CU003339,LinkedIn Ads,380.89,First Touch
CU003340,LinkedIn Ads,405.15,Multi-Touch
CU003341,LinkedIn Ads,4290.63,Multi-Touch
CU003342,Google Ads,797.26,Multi-Touch
CU003343,Outbound,4654.49,First Touch
CU003344,Organic Search,1179.75,First Touch
CU003345,Outbound,1211.65,Last Touch
CU003346,Referral,1317.62,First Touch
CU003347,Outbound,4816.69,Last Touch
CU003348,Organic Search,1081.52,Multi-Touch
CU003349,Partner,4751.82,Last Touch
CU003350,Event,131.17,Multi-Touch
CU003351,LinkedIn Ads,423.04,Last Touch
CU003352,Referral,146.25,Multi-Touch
CU003353,Partner,400.59,Last Touch
CU003354,Partner,525.69,First Touch
CU003355,Referral,1021.87,Multi-Touch
CU003356,Google Ads,4576.98,First Touch
CU003357,Outbound,177.76,Last Touch
CU003358,Outbound,1272.76,Multi-Touch
CU003359,Organic Search,422.46,First Touch
CU003360,Outbound,231.05,First Touch
CU003361,LinkedIn Ads,4478.61,Multi-Touch
CU003362,Event,1408.18,Multi-Touch
CU003363,Organic Search,638.87,First Touch
CU003364,Organic Search,705.57,Multi-Touch
CU003365,LinkedIn Ads,4370.77,Last Touch
CU003366,Partner,4653.68,Multi-Touch
CU003367,Referral,1478.7,First Touch
CU003368,Partner,4762.63,First Touch
CU003369,Event,4541.77,First Touch
CU003370,Outbound,534.86,Last Touch
CU003371,Event,1316.99,First Touch
CU003372,Organic Search,315.12,Last Touch
CU003373,Outbound,4531.12,Multi-Touch
CU003374,Referral,1306.2,Multi-Touch
CU003375,Organic Search,28.83,Multi-Touch
CU003376,Organic Search,4341.72,Last Touch
CU003377,Outbound,219.62,Multi-Touch
CU003378,Partner,809.66,Multi-Touch
CU003379,Event,40.23,Last Touch
CU003380,Outbound,963.05,First Touch
CU003381,Outbound,139.17,First Touch
CU003382,LinkedIn Ads,4664.6,First Touch
CU003383,Partner,741.27,First Touch
CU003384,Organic Search,4676.21,Multi-Touch
CU003385,Outbound,4674.82,First Touch
CU003386,Event,1099.73,Last Touch
CU003387,Partner,964.41,Multi-Touch
CU003388,LinkedIn Ads,551.81,First Touch
CU003389,Outbound,4189.78,First Touch
CU003390,Event,1220.86,Last Touch
CU003391,Partner,309.9,Last Touch
CU003392,Partner,4488.77,Last Touch
CU003393,Event,366.9,First Touch
CU003394,Referral,4469.65,Last Touch
CU003395,Google Ads,4596.3,Last Touch
CU003396,LinkedIn Ads,4366.3,Multi-Touch
CU003397,LinkedIn Ads,4724.65,Multi-Touch
CU003398,Organic Search,1494.44,Multi-Touch
CU003399,Google Ads,4566.58,Multi-Touch
CU003400,Google Ads,401.24,First Touch
CU003401,Referral,1416.37,Last Touch
CU003402,Referral,4464.29,Last Touch
CU003403,Referral,4441.72,First Touch
CU003404,Referral,1386.19,Multi-Touch
CU003405,Google Ads,1218.87,Multi-Touch
CU003406,Outbound,817.51,Multi-Touch
CU003407,Outbound,4517.12,First Touch
CU003408,LinkedIn Ads,393.49,Last Touch
CU003409,Outbound,694.46,Multi-Touch
CU003410,Event,484.02,Multi-Touch
CU003411,Event,4653.38,Last Touch
CU003412,Event,1145.58,First Touch
CU003413,Partner,389.95,Multi-Touch
CU003414,Referral,1372.76,First Touch
CU003415,Partner,490.34,Last Touch
CU003416,LinkedIn Ads,1118.02,Last Touch
CU003417,Outbound,529.7,First Touch
CU003418,Organic Search,334.59,First Touch
CU003419,Partner,943.98,Multi-Touch
CU003420,Google Ads,929.94,First Touch
CU003421,Event,1566.97,First Touch
CU003422,Referral,914.75,First Touch
CU003423,Organic Search,464.55,First Touch
CU003424,LinkedIn Ads,1205.88,Multi-Touch
CU003425,LinkedIn Ads,1304.7,Last Touch
CU003426,Referral,1088.53,Multi-Touch
CU003427,Event,1622.14,First Touch
CU003428,Outbound,1302.83,Last Touch
CU003429,Referral,1012.8,Last Touch
CU003430,Google Ads,1160.27,First Touch
CU003431,Outbound,1558.47,First Touch
CU003432,LinkedIn Ads,43.26,Last Touch
CU003433,Event,4199.8,Multi-Touch
CU003434,Outbound,1121.52,Last Touch
CU003435,Event,1016.2,First Touch
CU003436,Event,4310.77,Last Touch
CU003437,LinkedIn Ads,84.01,First Touch
CU003438,LinkedIn Ads,348.41,First Touch
CU003439,Referral,4550.53,First Touch
CU003440,Partner,4421.83,Last Touch
CU003441,Organic Search,4980.06,First Touch
CU003442,Organic Search,4350.4,Last Touch
CU003443,Partner,4445.09,First Touch
CU003444,Outbound,136.37,Last Touch
CU003445,Outbound,927.0,First Touch
CU003446,Partner,4678.57,First Touch
CU003447,LinkedIn Ads,466.27,Last Touch
CU003448,Outbound,1117.96,Multi-Touch
CU003449,Organic Search,1116.48,Multi-Touch
CU003450,Organic Search,1333.56,First Touch
CU003451,Outbound,202.1,First Touch
CU003452,Outbound,19.18,Last Touch
CU003453,Google Ads,1147.56,First Touch
CU003454,LinkedIn Ads,4776.41,Last Touch
CU003455,Google Ads,100.95,Last Touch
CU003456,Event,4346.81,Multi-Touch
CU003457,Event,4465.7,Multi-Touch
CU003458,Event,1361.88,Multi-Touch
CU003459,Google Ads,4448.0,Multi-Touch
CU003460,Outbound,53.34,Last Touch
CU003461,Outbound,4489.75,First Touch
CU003462,Partner,432.24,First Touch
CU003463,LinkedIn Ads,1212.57,Last Touch
CU003464,Outbound,880.56,First Touch
CU003465,Referral,1398.11,First Touch
CU003466,Google Ads,4112.03,Last Touch
CU003467,Google Ads,212.67,Last Touch
CU003468,Outbound,1070.48,Multi-Touch
CU003469,Event,4340.22,Last Touch
CU003470,Partner,815.2,Last Touch
CU003471,Google Ads,4333.29,Multi-Touch
CU003472,Event,593.5,Multi-Touch
CU003473,Google Ads,979.84,First Touch
CU003474,Referral,4817.6,First Touch
CU003475,Google Ads,4500.26,First Touch
CU003476,Partner,1132.36,Last Touch
CU003477,Partner,1233.1,First Touch
CU003478,Event,601.41,First Touch
CU003479,LinkedIn Ads,415.87,Multi-Touch
CU003480,Partner,1566.56,Last Touch
CU003481,Outbound,1501.0,First Touch
CU003482,Google Ads,4364.17,Last Touch
CU003483,Google Ads,4799.53,First Touch
CU003484,Organic Search,4522.04,First Touch
CU003485,Partner,4224.58,Last Touch
CU003486,Referral,4487.77,Last Touch
CU003487,Partner,475.87,Multi-Touch
CU003488,Partner,1199.04,First Touch
CU003489,Google Ads,1102.18,First Touch
CU003490,Event,4515.12,Multi-Touch
CU003491,LinkedIn Ads,1133.8,Last Touch
CU003492,Partner,1431.17,Multi-Touch
CU003493,Referral,439.32,First Touch
CU003494,Organic Search,4285.13,Multi-Touch
CU003495,Partner,4308.2,First Touch
CU003496,Organic Search,4507.6,Multi-Touch
CU003497,LinkedIn Ads,107.39,Multi-Touch
CU003498,Partner,514.96,Multi-Touch
CU003499,Google Ads,4295.64,Last Touch
CU003500,LinkedIn Ads,897.96,Last Touch
CU003501,Google Ads,1394.55,Multi-Touch
CU003502,Partner,4569.11,Multi-Touch
CU003503,Organic Search,1129.13,Last Touch
CU003504,Organic Search,1279.24,First Touch
CU003505,Organic Search,4504.36,Multi-Touch
CU003506,Event,1318.43,First Touch
CU003507,Organic Search,148.8,First Touch
CU003508,Referral,1287.27,Last Touch
CU003509,Google Ads,4671.65,Multi-Touch
CU003510,Referral,1102.85,Multi-Touch
CU003511,LinkedIn Ads,53.85,Last Touch
CU003512,Organic Search,4590.48,First Touch
CU003513,LinkedIn Ads,501.94,Last Touch
CU003514,Outbound,4799.07,Multi-Touch
CU003515,Partner,346.4,First Touch
CU003516,Organic Search,1266.48,First Touch
CU003517,Organic Search,66.38,Multi-Touch
CU003518,Referral,4343.97,Multi-Touch
CU003519,Event,1011.41,Multi-Touch
CU003520,Referral,316.65,Multi-Touch
CU003521,Partner,1085.63,Multi-Touch
CU003522,Partner,4432.44,First Touch
CU003523,Google Ads,4412.0,Multi-Touch
CU003524,Outbound,283.77,Multi-Touch
CU003525,Organic Search,1097.9,Multi-Touch
CU003526,Google Ads,1582.45,Multi-Touch
CU003527,LinkedIn Ads,4314.34,Last Touch
CU003528,Outbound,4573.85,First Touch
CU003529,Referral,4559.41,Multi-Touch
CU003530,Referral,998.42,First Touch
CU003531,Event,1539.89,First Touch
CU003532,Google Ads,4536.54,First Touch
CU003533,LinkedIn Ads,91.24,Last Touch
CU003534,Google Ads,89.14,Last Touch
CU003535,Event,4815.42,Multi-Touch
CU003536,Google Ads,989.65,Last Touch
CU003537,Referral,1229.66,First Touch
CU003538,LinkedIn Ads,4560.82,Multi-Touch
CU003539,Outbound,4341.46,First Touch
CU003540,Event,4479.33,Multi-Touch
CU003541,Outbound,4276.8,First Touch
CU003542,Google Ads,1097.55,Multi-Touch
CU003543,Partner,4538.81,Last Touch
CU003544,Partner,4328.96,First Touch
CU003545,Event,1439.53,First Touch
CU003546,Partner,4641.62,Last Touch
CU003547,Google Ads,4480.02,First Touch
CU003548,Referral,1325.2,Multi-Touch
CU003549,Outbound,1591.02,Multi-Touch
CU003550,LinkedIn Ads,190.25,First Touch
CU003551,LinkedIn Ads,4520.48,Multi-Touch
CU003552,Organic Search,459.48,Multi-Touch
CU003553,Referral,981.19,Last Touch
CU003554,Google Ads,1357.31,Multi-Touch
CU003555,Referral,4488.16,First Touch
CU003556,LinkedIn Ads,507.52,Last Touch
CU003557,LinkedIn Ads,4593.15,Multi-Touch
CU003558,LinkedIn Ads,1464.24,Last Touch
CU003559,Partner,1368.18,Multi-Touch
CU003560,Partner,1011.47,Multi-Touch
CU003561,LinkedIn Ads,280.21,First Touch
CU003562,Event,1010.51,First Touch
CU003563,Referral,447.62,Multi-Touch
CU003564,Partner,297.88,Last Touch
CU003565,Outbound,4396.57,Last Touch
CU003566,Referral,801.17,Multi-Touch
CU003567,Organic Search,1396.94,Last Touch
CU003568,Partner,209.14,Multi-Touch
CU003569,Referral,246.88,First Touch
CU003570,LinkedIn Ads,4407.55,Last Touch
CU003571,Organic Search,4208.95,First Touch
CU003572,Referral,4245.84,First Touch
CU003573,Partner,4658.32,Multi-Touch
CU003574,Partner,817.95,First Touch
CU003575,Outbound,4660.61,Multi-Touch
CU003576,Partner,140.88,Last Touch
CU003577,Google Ads,879.48,Multi-Touch
CU003578,Partner,360.45,First Touch
CU003579,Google Ads,623.33,Multi-Touch
CU003580,Organic Search,1198.9,First Touch
CU003581,LinkedIn Ads,466.37,First Touch
CU003582,Referral,505.77,Last Touch
CU003583,Outbound,148.36,Last Touch
CU003584,LinkedIn Ads,4536.69,First Touch
CU003585,Organic Search,784.63,First Touch
CU003586,Referral,1206.54,Multi-Touch
CU003587,Outbound,4285.5,Last Touch
CU003588,Google Ads,1196.31,Multi-Touch
CU003589,Organic Search,982.76,Multi-Touch
CU003590,LinkedIn Ads,1016.84,Multi-Touch
CU003591,LinkedIn Ads,1074.02,Multi-Touch
CU003592,Partner,1011.36,Multi-Touch
CU003593,LinkedIn Ads,15.88,Multi-Touch
CU003594,Organic Search,4136.88,First Touch
CU003595,Referral,812.87,Last Touch
CU003596,Referral,4344.13,Last Touch
CU003597,Event,1420.79,Last Touch
CU003598,Outbound,1150.2,Multi-Touch
CU003599,Referral,370.77,Last Touch
CU003600,Outbound,4485.51,First Touch
CU003601,Referral,1269.74,First Touch
CU003602,Partner,1146.33,Last Touch
CU003603,Event,1003.45,Last Touch
CU003604,Organic Search,4385.4,Last Touch
CU003605,Referral,4203.41,First Touch
CU003606,Event,393.99,Multi-Touch
CU003607,Partner,1033.17,Multi-Touch
CU003608,Partner,4526.04,Multi-Touch
CU003609,Referral,4650.02,Multi-Touch
CU003610,Partner,549.23,Multi-Touch
CU003611,Referral,4403.12,Multi-Touch
CU003612,Event,4450.32,First Touch
CU003613,Event,4086.03,Last Touch
CU003614,LinkedIn Ads,357.85,First Touch
CU003615,Outbound,1490.19,First Touch
CU003616,LinkedIn Ads,873.61,First Touch
CU003617,LinkedIn Ads,1376.31,Last Touch
CU003618,Outbound,1148.25,First Touch
CU003619,Organic Search,4561.36,Multi-Touch
CU003620,Referral,854.79,Multi-Touch
CU003621,LinkedIn Ads,425.6,First Touch
CU003622,Referral,4346.97,Multi-Touch
CU003623,Event,1320.82,Last Touch
CU003624,LinkedIn Ads,4397.61,Multi-Touch
CU003625,Outbound,317.71,Last Touch
CU003626,Referral,1497.33,First Touch
CU003627,Organic Search,1462.01,Multi-Touch
CU003628,Referral,539.03,Last Touch
CU003629,Event,641.81,Last Touch
CU003630,Organic Search,116.64,Last Touch
CU003631,Outbound,506.1,First Touch
CU003632,LinkedIn Ads,960.1,Multi-Touch
CU003633,Google Ads,158.51,Last Touch
CU003634,Partner,62.36,Last Touch
CU003635,Referral,907.01,Last Touch
CU003636,Referral,4694.69,First Touch
CU003637,Google Ads,4649.42,Multi-Touch
CU003638,Event,1315.55,Last Touch
CU003639,LinkedIn Ads,4207.37,Last Touch
CU003640,Organic Search,59.52,Multi-Touch
CU003641,Google Ads,1135.03,Multi-Touch
CU003642,LinkedIn Ads,4291.39,Last Touch
CU003643,Partner,224.15,First Touch
CU003644,Referral,1600.18,First Touch
CU003645,Outbound,929.73,Last Touch
CU003646,LinkedIn Ads,1015.7,First Touch
CU003647,Event,1399.82,Last Touch
CU003648,LinkedIn Ads,4223.66,Last Touch
CU003649,Google Ads,335.94,First Touch
CU003650,LinkedIn Ads,148.68,Multi-Touch
CU003651,Organic Search,1185.82,First Touch
CU003652,Outbound,1101.46,First Touch
CU003653,Google Ads,58.85,Multi-Touch
CU003654,Outbound,617.29,Last Touch
CU003655,Organic Search,4832.6,Last Touch
CU003656,LinkedIn Ads,299.77,Last Touch
CU003657,Partner,340.93,First Touch
CU003658,Outbound,1011.89,First Touch
CU003659,Google Ads,1460.02,Multi-Touch
CU003660,Referral,4672.89,Last Touch
CU003661,Event,4492.24,First Touch
CU003662,Partner,4609.03,Last Touch
CU003663,Outbound,1210.85,Last Touch
CU003664,Google Ads,1118.32,Multi-Touch
CU003665,Organic Search,1144.93,Multi-Touch
CU003666,LinkedIn Ads,4394.12,First Touch
CU003667,Event,357.12,First Touch
CU003668,Partner,1352.23,First Touch
CU003669,Organic Search,1355.67,Last Touch
CU003670,Event,4248.98,Last Touch
CU003671,LinkedIn Ads,4799.44,Multi-Touch
CU003672,Organic Search,4345.61,First Touch
CU003673,LinkedIn Ads,1272.01,Last Touch
CU003674,Google Ads,466.78,Last Touch
CU003675,Outbound,550.65,First Touch
CU003676,Event,1149.3,Last Touch
CU003677,Event,932.1,Last Touch
CU003678,Outbound,1362.3,Last Touch
CU003679,Organic Search,4549.17,Last Touch
CU003680,LinkedIn Ads,1465.29,First Touch
CU003681,Event,239.88,Multi-Touch
CU003682,LinkedIn Ads,4405.46,Multi-Touch
CU003683,Event,4600.34,First Touch
CU003684,Google Ads,4916.07,Multi-Touch
CU003685,LinkedIn Ads,428.54,Last Touch
CU003686,Referral,4657.09,Last Touch
CU003687,Outbound,4715.47,First Touch
CU003688,Outbound,1320.41,Multi-Touch
CU003689,Event,502.32,Multi-Touch
CU003690,Google Ads,1286.19,First Touch
CU003691,Google Ads,4893.06,Last Touch
CU003692,LinkedIn Ads,997.72,Last Touch
CU003693,Outbound,1294.02,Multi-Touch
CU003694,Google Ads,4442.23,Multi-Touch
CU003695,Google Ads,4888.0,First Touch
CU003696,LinkedIn Ads,481.08,First Touch
CU003697,LinkedIn Ads,1303.2,First Touch
CU003698,Referral,1093.91,First Touch
CU003699,Referral,139.62,Last Touch
CU003700,Partner,398.72,Last Touch
CU003701,Google Ads,145.84,Multi-Touch
CU003702,Google Ads,4265.75,Multi-Touch
CU003703,Event,1362.72,First Touch
CU003704,Outbound,253.66,Last Touch
CU003705,Google Ads,4299.13,First Touch
CU003706,Event,12.77,First Touch
CU003707,Partner,619.34,First Touch
CU003708,Partner,4320.58,Multi-Touch
CU003709,Organic Search,4392.38,First Touch
CU003710,Outbound,463.58,First Touch
CU003711,Organic Search,1027.72,Multi-Touch
CU003712,Organic Search,4136.37,Last Touch
CU003713,Referral,1689.26,Last Touch
CU003714,Event,4333.84,First Touch
CU003715,Event,1296.2,Multi-Touch
CU003716,Google Ads,449.19,Multi-Touch
CU003717,Organic Search,383.56,First Touch
CU003718,LinkedIn Ads,1107.21,First Touch
CU003719,Partner,4569.81,Last Touch
CU003720,Outbound,164.05,Last Touch
CU003721,Partner,4575.15,Multi-Touch
CU003722,Partner,875.22,Last Touch
CU003723,Organic Search,4506.0,Last Touch
CU003724,Google Ads,1095.15,Multi-Touch
CU003725,LinkedIn Ads,346.51,Multi-Touch
CU003726,Outbound,1405.48,First Touch
CU003727,Outbound,175.93,Multi-Touch
CU003728,Event,1136.91,Last Touch
CU003729,Partner,420.19,Last Touch
CU003730,LinkedIn Ads,165.87,Last Touch
CU003731,Referral,4403.4,Multi-Touch
CU003732,Outbound,1405.98,Last Touch
CU003733,Organic Search,473.09,Multi-Touch
CU003734,Google Ads,4577.06,Last Touch
CU003735,Google Ads,415.03,First Touch
CU003736,Event,4488.38,First Touch
CU003737,Organic Search,1057.15,Multi-Touch
CU003738,Event,4881.33,Last Touch
CU003739,LinkedIn Ads,371.42,Multi-Touch
CU003740,Referral,701.43,Last Touch
CU003741,Referral,4765.79,First Touch
CU003742,Organic Search,811.72,Multi-Touch
CU003743,Referral,4538.33,First Touch
CU003744,Referral,1167.39,Multi-Touch
CU003745,Event,137.21,Multi-Touch
CU003746,Google Ads,333.62,Last Touch
CU003747,Partner,1238.63,Multi-Touch
CU003748,Outbound,1234.92,First Touch
CU003749,Outbound,690.87,Last Touch
CU003750,Google Ads,4368.19,First Touch
CU003751,Outbound,4763.06,Multi-Touch
CU003752,Google Ads,417.59,Last Touch
CU003753,Referral,805.69,Last Touch
CU003754,Organic Search,282.79,First Touch
CU003755,Google Ads,1562.31,First Touch
CU003756,Referral,847.09,First Touch
CU003757,Outbound,351.31,Last Touch
CU003758,Event,1360.26,Multi-Touch
CU003759,Partner,1019.35,Last Touch
CU003760,Referral,895.76,First Touch
CU003761,Partner,707.05,Multi-Touch
CU003762,Event,132.08,First Touch
CU003763,Google Ads,4508.91,First Touch
CU003764,LinkedIn Ads,96.43,Multi-Touch
CU003765,Referral,156.46,First Touch
CU003766,Organic Search,4393.21,First Touch
CU003767,Outbound,4347.94,First Touch
CU003768,Event,853.57,Multi-Touch
CU003769,Organic Search,879.17,First Touch
CU003770,Referral,1701.88,Multi-Touch
CU003771,Organic Search,250.37,Last Touch
CU003772,Event,379.69,First Touch
CU003773,LinkedIn Ads,953.25,Last Touch
CU003774,Outbound,1275.16,Last Touch
CU003775,Google Ads,4496.9,First Touch
CU003776,Organic Search,1190.04,Last Touch
CU003777,Partner,4088.59,Last Touch
CU003778,Outbound,99.37,Last Touch
CU003779,Referral,692.12,Multi-Touch
CU003780,Google Ads,376.72,First Touch
CU003781,Google Ads,560.51,Last Touch
CU003782,Outbound,328.48,Multi-Touch
CU003783,Organic Search,95.9,First Touch
CU003784,LinkedIn Ads,145.26,Last Touch
CU003785,Google Ads,4438.99,Multi-Touch
CU003786,LinkedIn Ads,4589.9,Last Touch
CU003787,Partner,489.17,Multi-Touch
CU003788,Partner,4493.67,Multi-Touch
CU003789,Referral,4644.17,Last Touch
CU003790,Referral,30.84,First Touch
CU003791,Google Ads,495.59,Multi-Touch
CU003792,Partner,4655.77,Last Touch
CU003793,LinkedIn Ads,124.13,Last Touch
CU003794,LinkedIn Ads,303.32,First Touch
CU003795,Partner,745.05,Multi-Touch
CU003796,Referral,1021.97,Multi-Touch
CU003797,Outbound,175.66,First Touch
CU003798,Outbound,1455.79,First Touch
CU003799,Organic Search,1465.8,Last Touch
CU003800,Referral,1321.3,Multi-Touch
CU003801,Outbound,4425.16,Multi-Touch
CU003802,Partner,719.32,First Touch
CU003803,LinkedIn Ads,4302.88,Multi-Touch
CU003804,LinkedIn Ads,1281.62,Last Touch
CU003805,LinkedIn Ads,4613.41,Multi-Touch
CU003806,Google Ads,4168.03,Last Touch
CU003807,Referral,4801.28,First Touch
CU003808,Google Ads,4596.12,First Touch
CU003809,LinkedIn Ads,1579.4,Multi-Touch
CU003810,Partner,998.71,Last Touch
CU003811,Event,4732.43,Last Touch
CU003812,LinkedIn Ads,398.47,Last Touch
CU003813,Google Ads,4494.55,Multi-Touch
CU003814,Outbound,484.95,Multi-Touch
CU003815,Google Ads,1264.68,First Touch
CU003816,Partner,4458.41,Multi-Touch
CU003817,Partner,4206.65,First Touch
CU003818,Google Ads,1010.86,Multi-Touch
CU003819,Partner,1208.81,First Touch
CU003820,Organic Search,4810.05,Multi-Touch
CU003821,Google Ads,4566.63,Multi-Touch
CU003822,Outbound,1018.39,First Touch
CU003823,Referral,1140.51,First Touch
CU003824,Partner,595.46,Multi-Touch
CU003825,Partner,205.48,Multi-Touch
CU003826,Outbound,644.08,Multi-Touch
CU003827,Organic Search,4625.45,Last Touch
CU003828,Google Ads,4636.05,First Touch
CU003829,Partner,284.44,Multi-Touch
CU003830,Organic Search,4231.03,First Touch
CU003831,Referral,9.13,First Touch
CU003832,Google Ads,4190.39,Last Touch
CU003833,Outbound,4721.7,Last Touch
CU003834,LinkedIn Ads,364.87,Last Touch
CU003835,Event,4297.23,Last Touch
CU003836,Outbound,172.91,Multi-Touch
CU003837,Google Ads,1482.85,First Touch
CU003838,Referral,1025.83,First Touch
CU003839,Event,4487.22,Multi-Touch
CU003840,Outbound,3995.94,First Touch
CU003841,Referral,4463.5,First Touch
CU003842,Google Ads,295.77,First Touch
CU003843,Partner,1267.85,First Touch
CU003844,Outbound,4297.01,Multi-Touch
CU003845,Organic Search,4585.62,Multi-Touch
CU003846,Organic Search,1514.11,Multi-Touch
CU003847,LinkedIn Ads,4309.85,Last Touch
CU003848,Organic Search,4501.26,First Touch
CU003849,Outbound,190.04,Multi-Touch
CU003850,Organic Search,32.29,Multi-Touch
CU003851,LinkedIn Ads,1182.15,Multi-Touch
CU003852,Partner,1174.54,First Touch
CU003853,Google Ads,1213.27,Multi-Touch
CU003854,Partner,1033.64,First Touch
CU003855,Organic Search,4389.34,Last Touch
CU003856,Event,1112.75,Multi-Touch
CU003857,Google Ads,187.63,Last Touch
CU003858,Referral,139.6,First Touch
CU003859,LinkedIn Ads,4693.78,Multi-Touch
CU003860,Google Ads,1287.6,Multi-Touch
CU003861,Partner,314.09,First Touch
CU003862,Google Ads,368.55,First Touch
CU003863,Partner,1401.55,Multi-Touch
CU003864,Event,1352.2,Multi-Touch
CU003865,Google Ads,190.14,Last Touch
CU003866,Referral,1188.68,Last Touch
CU003867,Partner,620.58,Multi-Touch
CU003868,Google Ads,233.89,Multi-Touch
CU003869,Referral,589.71,Last Touch
CU003870,Partner,4600.48,Last Touch
CU003871,Event,570.51,Multi-Touch
CU003872,Outbound,1518.88,Last Touch
CU003873,Referral,1025.94,Multi-Touch
CU003874,Outbound,102.94,Last Touch
CU003875,Organic Search,4445.4,First Touch
CU003876,Organic Search,1173.3,Last Touch
CU003877,Outbound,351.18,Multi-Touch
CU003878,LinkedIn Ads,4388.86,Multi-Touch
CU003879,Google Ads,356.45,Multi-Touch
CU003880,Referral,4543.35,Last Touch
CU003881,LinkedIn Ads,1444.4,Last Touch
CU003882,Referral,494.27,First Touch
CU003883,Outbound,480.06,Multi-Touch
CU003884,Outbound,482.48,Multi-Touch
CU003885,Event,1402.16,Last Touch
CU003886,LinkedIn Ads,497.33,Last Touch
CU003887,Event,484.46,Last Touch
CU003888,Google Ads,4263.52,Last Touch
CU003889,Event,4463.34,Multi-Touch
CU003890,Referral,1270.8,Multi-Touch
CU003891,Referral,1035.73,Multi-Touch
CU003892,Partner,99.55,Multi-Touch
CU003893,Partner,4596.55,Last Touch
CU003894,Event,1255.68,Last Touch
CU003895,Organic Search,4608.02,First Touch
CU003896,Referral,4592.25,First Touch
CU003897,Event,348.37,Last Touch
CU003898,Google Ads,4799.72,Last Touch
CU003899,Google Ads,1191.88,Multi-Touch
CU003900,Organic Search,62.72,First Touch
CU003901,Partner,4709.3,First Touch
CU003902,Organic Search,280.25,Multi-Touch
CU003903,Organic Search,320.16,First Touch
CU003904,Referral,1353.56,First Touch
CU003905,Event,1402.71,Multi-Touch
CU003906,Referral,4173.75,Multi-Touch
CU003907,Outbound,495.79,Multi-Touch
CU003908,Referral,4295.93,Last Touch
CU003909,Google Ads,1299.21,Last Touch
CU003910,Google Ads,4295.14,Multi-Touch
CU003911,Partner,1349.64,Last Touch
CU003912,LinkedIn Ads,4248.13,Multi-Touch
CU003913,Organic Search,4353.24,Multi-Touch
CU003914,Organic Search,1039.16,Multi-Touch
CU003915,Partner,459.94,First Touch
CU003916,LinkedIn Ads,94.08,Multi-Touch
CU003917,Outbound,277.76,Multi-Touch
CU003918,LinkedIn Ads,1151.68,First Touch
CU003919,LinkedIn Ads,4311.16,First Touch
CU003920,LinkedIn Ads,4290.98,Multi-Touch
CU003921,LinkedIn Ads,1122.51,Last Touch
CU003922,Event,1139.93,Multi-Touch
CU003923,Event,502.58,Last Touch
CU003924,Organic Search,4452.06,First Touch
CU003925,Referral,307.96,Last Touch
CU003926,Google Ads,307.98,First Touch
CU003927,Organic Search,1140.35,Last Touch
CU003928,Partner,290.98,Multi-Touch
CU003929,Organic Search,502.29,First Touch
CU003930,LinkedIn Ads,1406.27,Last Touch
CU003931,Google Ads,1281.47,Last Touch
CU003932,Organic Search,4432.97,Multi-Touch
CU003933,Partner,420.57,Multi-Touch
CU003934,LinkedIn Ads,113.51,First Touch
CU003935,LinkedIn Ads,808.45,First Touch
CU003936,Organic Search,980.34,Multi-Touch
CU003937,Google Ads,1354.12,Last Touch
CU003938,Referral,1156.24,First Touch
CU003939,Google Ads,317.95,Multi-Touch
CU003940,LinkedIn Ads,1046.06,First Touch
CU003941,Event,185.66,Multi-Touch
CU003942,Event,1150.08,Multi-Touch
CU003943,Event,4367.91,Last Touch
CU003944,Event,250.58,First Touch
CU003945,Organic Search,1220.91,First Touch
CU003946,LinkedIn Ads,4225.36,Multi-Touch
CU003947,Referral,4506.24,First Touch
CU003948,Referral,1264.2,First Touch
CU003949,Outbound,4822.63,Multi-Touch
CU003950,LinkedIn Ads,4631.75,First Touch
CU003951,Organic Search,4463.3,Multi-Touch
CU003952,Google Ads,1393.9,First Touch
CU003953,Google Ads,1178.65,Last Touch
CU003954,Partner,1137.3,Last Touch
CU003955,Partner,299.96,First Touch
CU003956,Google Ads,87.17,First Touch
CU003957,Organic Search,178.58,Last Touch
CU003958,Partner,596.6,First Touch
CU003959,Google Ads,1642.57,Multi-Touch
CU003960,Referral,449.75,Last Touch
CU003961,Partner,4668.14,Multi-Touch
CU003962,Event,1217.07,Multi-Touch
CU003963,LinkedIn Ads,613.45,First Touch
CU003964,Organic Search,646.69,First Touch
CU003965,LinkedIn Ads,3976.08,Last Touch
CU003966,Google Ads,98.13,Multi-Touch
CU003967,Partner,1131.0,First Touch
CU003968,LinkedIn Ads,275.19,Last Touch
CU003969,Google Ads,4642.11,First Touch
CU003970,Partner,484.62,Last Touch
CU003971,Referral,1073.97,Multi-Touch
CU003972,Organic Search,4531.16,Last Touch
CU003973,Outbound,4262.01,Multi-Touch
CU003974,Partner,169.26,First Touch
CU003975,LinkedIn Ads,4521.43,First Touch
CU003976,LinkedIn Ads,642.07,Multi-Touch
CU003977,Partner,196.57,Multi-Touch
CU003978,Organic Search,1475.42,Multi-Touch
CU003979,LinkedIn Ads,1140.8,Last Touch
CU003980,Outbound,4076.58,First Touch
CU003981,Partner,333.21,Multi-Touch
CU003982,Event,1293.88,First Touch
CU003983,Outbound,1303.07,First Touch
CU003984,Partner,558.16,Multi-Touch
CU003985,LinkedIn Ads,762.25,First Touch
CU003986,Outbound,4376.93,Last Touch
CU003987,Partner,370.32,Multi-Touch
CU003988,Event,35.52,Last Touch
CU003989,Event,1315.43,Last Touch
CU003990,Partner,580.61,Multi-Touch
CU003991,Partner,260.52,First Touch
CU003992,Google Ads,363.17,First Touch
CU003993,LinkedIn Ads,4399.8,Last Touch
CU003994,Google Ads,875.31,Last Touch
CU003995,Google Ads,4023.6,First Touch
CU003996,Google Ads,4394.87,First Touch
CU003997,LinkedIn Ads,4318.89,Last Touch
CU003998,Partner,4279.2,Multi-Touch
CU003999,Partner,4618.7,Multi-Touch
CU004000,Partner,1380.12,Last Touch
CU004001,LinkedIn Ads,36.83,Last Touch
CU004002,Referral,4315.84,Multi-Touch
CU004003,Google Ads,4477.27,First Touch
CU004004,Outbound,1315.58,Last Touch
CU004005,Event,1512.51,Multi-Touch
CU004006,Event,4429.65,Multi-Touch
CU004007,Event,4378.57,First Touch
CU004008,Outbound,1068.28,Last Touch
CU004009,Event,1018.62,Multi-Touch
CU004010,Organic Search,331.69,First Touch
CU004011,Google Ads,4654.66,First Touch
CU004012,Outbound,1388.23,First Touch
CU004013,Event,1215.15,First Touch
CU004014,LinkedIn Ads,4373.91,First Touch
CU004015,Event,293.58,Multi-Touch
CU004016,Google Ads,1364.89,Multi-Touch
CU004017,Partner,110.67,Multi-Touch
CU004018,Referral,4398.09,Last Touch
CU004019,Organic Search,938.11,First Touch
CU004020,Google Ads,570.49,Last Touch
CU004021,Referral,282.39,Multi-Touch
CU004022,Outbound,591.34,Multi-Touch
CU004023,Google Ads,4267.34,First Touch
CU004024,Partner,22.19,Multi-Touch
CU004025,LinkedIn Ads,4684.92,Multi-Touch
CU004026,Organic Search,1298.12,Last Touch
CU004027,Referral,1452.45,First Touch
CU004028,Google Ads,262.92,First Touch
CU004029,LinkedIn Ads,4467.42,Last Touch
CU004030,LinkedIn Ads,1245.8,Last Touch
CU004031,Partner,952.52,Last Touch
CU004032,LinkedIn Ads,4622.0,Multi-Touch
CU004033,Partner,264.04,Multi-Touch
CU004034,Partner,470.8,First Touch
CU004035,Google Ads,4669.85,Multi-Touch
CU004036,Event,4358.71,Multi-Touch
CU004037,LinkedIn Ads,1093.52,First Touch
CU004038,Event,186.4,First Touch
CU004039,Partner,4540.87,First Touch
CU004040,Outbound,1124.91,Last Touch
CU004041,Outbound,1191.65,Multi-Touch
CU004042,Outbound,4506.71,Last Touch
CU004043,Event,667.15,Last Touch
CU004044,Referral,1223.08,First Touch
CU004045,Google Ads,442.44,Last Touch
CU004046,Organic Search,472.37,Last Touch
CU004047,Referral,1190.52,Multi-Touch
CU004048,Referral,320.08,Multi-Touch
CU004049,Google Ads,1206.67,First Touch
CU004050,Event,4163.95,Last Touch
CU004051,Google Ads,441.73,Multi-Touch
CU004052,Outbound,1475.23,Last Touch
CU004053,Event,1420.45,Last Touch
CU004054,Referral,4659.19,Multi-Touch
CU004055,Organic Search,4748.85,First Touch
CU004056,Outbound,468.39,First Touch
CU004057,Organic Search,804.05,Multi-Touch
CU004058,Partner,1348.21,First Touch
CU004059,Referral,1166.86,Multi-Touch
CU004060,Referral,4475.63,Multi-Touch
CU004061,Organic Search,276.03,First Touch
CU004062,Google Ads,201.25,First Touch
CU004063,Partner,4661.49,Last Touch
CU004064,Event,1020.98,Multi-Touch
CU004065,Partner,192.83,Multi-Touch
CU004066,Outbound,25.41,First Touch
CU004067,Partner,223.41,First Touch
CU004068,LinkedIn Ads,1201.9,Multi-Touch
CU004069,Partner,1042.15,Last Touch
CU004070,Google Ads,4486.45,Last Touch
CU004071,Partner,1202.27,First Touch
CU004072,Partner,397.72,Last Touch
CU004073,Partner,4071.25,Last Touch
CU004074,Partner,578.89,Last Touch
CU004075,Google Ads,4374.08,First Touch
CU004076,LinkedIn Ads,379.35,Last Touch
CU004077,Outbound,1239.01,Multi-Touch
CU004078,Organic Search,1324.23,Multi-Touch
CU004079,Partner,258.15,Multi-Touch
CU004080,Outbound,4733.16,First Touch
CU004081,Partner,1372.42,First Touch
CU004082,Referral,4749.83,Multi-Touch
CU004083,Organic Search,4157.9,Last Touch
CU004084,Outbound,569.43,First Touch
CU004085,Outbound,1058.2,Last Touch
CU004086,Google Ads,4768.65,Multi-Touch
CU004087,Event,435.1,Multi-Touch
CU004088,Google Ads,1543.43,Last Touch
CU004089,LinkedIn Ads,4424.57,First Touch
CU004090,Event,4391.76,Last Touch
CU004091,Partner,1324.79,Multi-Touch
CU004092,Outbound,1299.95,First Touch
CU004093,Organic Search,4256.27,First Touch
CU004094,Referral,1515.49,First Touch
CU004095,Outbound,4445.53,First Touch
CU004096,Google Ads,182.48,Multi-Touch
CU004097,Referral,393.25,Multi-Touch
CU004098,Google Ads,1339.18,First Touch
CU004099,LinkedIn Ads,1125.08,Last Touch
CU004100,Google Ads,906.23,Last Touch
CU004101,Outbound,1226.08,First Touch
CU004102,LinkedIn Ads,4250.2,Last Touch
CU004103,Organic Search,1073.37,Last Touch
CU004104,Event,168.69,Last Touch
CU004105,Organic Search,4824.79,Last Touch
CU004106,Organic Search,304.09,First Touch
CU004107,Referral,4636.91,Last Touch
CU004108,Partner,1429.71,First Touch
CU004109,Partner,1219.24,First Touch
CU004110,LinkedIn Ads,603.09,Multi-Touch
CU004111,LinkedIn Ads,1328.1,Last Touch
CU004112,LinkedIn Ads,1306.3,Last Touch
CU004113,Event,1346.73,Last Touch
CU004114,Outbound,1137.86,Multi-Touch
CU004115,Organic Search,287.91,Multi-Touch
CU004116,LinkedIn Ads,1025.86,First Touch
CU004117,Organic Search,4718.4,Last Touch
CU004118,LinkedIn Ads,434.52,First Touch
CU004119,Event,4692.78,First Touch
CU004120,Referral,422.12,Multi-Touch
CU004121,Outbound,4429.54,Multi-Touch
CU004122,Event,457.84,First Touch
CU004123,Organic Search,4187.24,Last Touch
CU004124,Outbound,4548.79,Last Touch
CU004125,LinkedIn Ads,4596.57,First Touch
CU004126,Referral,320.59,Last Touch
CU004127,Google Ads,1184.71,First Touch
CU004128,Partner,353.13,Multi-Touch
CU004129,Partner,248.35,Multi-Touch
CU004130,Organic Search,4000.42,Multi-Touch
CU004131,LinkedIn Ads,4798.96,First Touch
CU004132,LinkedIn Ads,4327.57,Last Touch
CU004133,Partner,4525.71,First Touch
CU004134,LinkedIn Ads,4774.73,Multi-Touch
CU004135,Referral,4300.51,Last Touch
CU004136,Partner,4275.11,Last Touch
CU004137,Outbound,1113.33,First Touch
CU004138,Referral,257.7,Last Touch
CU004139,Partner,4577.03,Multi-Touch
CU004140,Organic Search,952.99,Multi-Touch
CU004141,LinkedIn Ads,222.45,Last Touch
CU004142,Partner,137.58,Multi-Touch
CU004143,LinkedIn Ads,1551.79,First Touch
CU004144,LinkedIn Ads,935.47,First Touch
CU004145,Google Ads,405.93,Last Touch
CU004146,Referral,1241.94,Multi-Touch
CU004147,LinkedIn Ads,991.42,Multi-Touch
CU004148,LinkedIn Ads,1151.72,Last Touch
CU004149,LinkedIn Ads,1155.17,First Touch
CU004150,Partner,1650.45,First Touch
CU004151,Referral,1167.78,Last Touch
CU004152,Referral,4366.83,Last Touch
CU004153,Google Ads,1142.87,First Touch
CU004154,LinkedIn Ads,1461.36,Last Touch
CU004155,Organic Search,4685.66,First Touch
CU004156,Event,477.44,First Touch
CU004157,Outbound,1092.35,Multi-Touch
CU004158,Partner,438.68,First Touch
CU004159,Partner,59.82,First Touch
CU004160,Referral,331.32,Last Touch
CU004161,Organic Search,188.99,First Touch
CU004162,Event,4415.27,First Touch
CU004163,LinkedIn Ads,486.47,First Touch
CU004164,LinkedIn Ads,4447.04,Multi-Touch
CU004165,LinkedIn Ads,4890.51,Last Touch
CU004166,Partner,4579.16,Multi-Touch
CU004167,Google Ads,1372.55,First Touch
CU004168,Google Ads,619.15,First Touch
CU004169,Organic Search,4764.7,Last Touch
CU004170,Outbound,4523.63,Last Touch
CU004171,Partner,343.37,First Touch
CU004172,Event,630.52,Last Touch
CU004173,Partner,364.16,Last Touch
CU004174,Google Ads,1407.32,Last Touch
CU004175,Event,4511.1,Multi-Touch
CU004176,Outbound,227.64,Multi-Touch
CU004177,Outbound,310.83,Last Touch
CU004178,Outbound,295.61,Last Touch
CU004179,Event,1147.74,Multi-Touch
CU004180,LinkedIn Ads,357.79,Last Touch
CU004181,Outbound,905.48,Last Touch
CU004182,Event,449.84,First Touch
CU004183,Event,84.72,First Touch
CU004184,Referral,4675.15,Multi-Touch
CU004185,Partner,111.06,Last Touch
CU004186,Google Ads,4603.63,Last Touch
CU004187,LinkedIn Ads,979.87,Last Touch
CU004188,Event,4534.22,Last Touch
CU004189,Referral,4804.02,First Touch
CU004190,Google Ads,1353.97,First Touch
CU004191,Outbound,4323.51,Last Touch
CU004192,Referral,1185.92,Last Touch
CU004193,Outbound,4330.12,First Touch
CU004194,LinkedIn Ads,1023.04,Last Touch
CU004195,Partner,4987.27,Last Touch
CU004196,Google Ads,1354.87,First Touch
CU004197,LinkedIn Ads,1046.58,Multi-Touch
CU004198,LinkedIn Ads,4297.76,Multi-Touch
CU004199,Referral,907.81,Multi-Touch
CU004200,Google Ads,1168.79,Multi-Touch
CU004201,Organic Search,4165.27,First Touch
CU004202,Referral,4299.84,First Touch
CU004203,Google Ads,354.18,Last Touch
CU004204,Organic Search,1169.15,Last Touch
CU004205,Outbound,4393.85,First Touch
CU004206,Google Ads,404.47,First Touch
CU004207,Referral,4416.95,Multi-Touch
CU004208,Referral,1027.41,First Touch
CU004209,Outbound,251.48,Last Touch
CU004210,Referral,4582.85,Multi-Touch
CU004211,Partner,998.42,First Touch
CU004212,Organic Search,1475.41,Multi-Touch
CU004213,Google Ads,1469.98,Last Touch
CU004214,Partner,1176.26,Multi-Touch
CU004215,Outbound,1291.89,First Touch
CU004216,Referral,348.2,Multi-Touch
CU004217,Referral,870.07,First Touch
CU004218,LinkedIn Ads,120.96,First Touch
CU004219,Organic Search,552.14,First Touch
CU004220,LinkedIn Ads,324.26,Last Touch
CU004221,LinkedIn Ads,1273.77,Last Touch
CU004222,Outbound,917.72,Last Touch
CU004223,LinkedIn Ads,3962.14,First Touch
CU004224,Event,1149.39,Multi-Touch
CU004225,Referral,15.49,Multi-Touch
CU004226,Event,4589.58,Last Touch
CU004227,Google Ads,28.29,Multi-Touch
CU004228,Organic Search,4616.47,Last Touch
CU004229,Organic Search,4430.98,Multi-Touch
CU004230,Partner,429.97,Last Touch
CU004231,Partner,822.1,Last Touch
CU004232,Event,40.03,First Touch
CU004233,Event,4297.02,First Touch
CU004234,LinkedIn Ads,57.8,Last Touch
CU004235,LinkedIn Ads,936.21,First Touch
CU004236,Google Ads,645.69,First Touch
CU004237,Google Ads,368.86,Last Touch
CU004238,Event,4571.22,Multi-Touch
CU004239,Google Ads,4334.39,First Touch
CU004240,Referral,4509.8,Multi-Touch
CU004241,Partner,95.19,First Touch
CU004242,Referral,931.25,Last Touch
CU004243,Referral,974.5,First Touch
CU004244,Referral,4425.58,Multi-Touch
CU004245,LinkedIn Ads,4642.3,Multi-Touch
CU004246,LinkedIn Ads,517.95,First Touch
CU004247,Google Ads,4259.1,Multi-Touch
CU004248,Event,4.92,Multi-Touch
CU004249,LinkedIn Ads,403.57,Last Touch
CU004250,Referral,4544.48,Last Touch
CU004251,Google Ads,1226.98,Multi-Touch
CU004252,LinkedIn Ads,62.24,First Touch
CU004253,Outbound,4341.47,Multi-Touch
CU004254,Google Ads,1226.54,Last Touch
CU004255,Event,4410.19,Multi-Touch
CU004256,Organic Search,4073.44,Last Touch
CU004257,Referral,1117.15,Last Touch
CU004258,Organic Search,712.17,Last Touch
CU004259,Google Ads,1403.55,Last Touch
CU004260,Google Ads,4580.23,Last Touch
CU004261,Partner,4390.13,Last Touch
CU004262,Outbound,1134.24,Multi-Touch
CU004263,LinkedIn Ads,180.66,Last Touch
CU004264,Partner,77.23,Multi-Touch
CU004265,Referral,918.07,Last Touch
CU004266,Event,455.41,First Touch
CU004267,LinkedIn Ads,4374.29,Multi-Touch
CU004268,Event,66.34,Last Touch
CU004269,Event,133.31,First Touch
CU004270,Event,4321.84,Last Touch
CU004271,Outbound,448.27,Multi-Touch
CU004272,Google Ads,1523.93,Multi-Touch
CU004273,Outbound,996.57,First Touch
CU004274,Google Ads,4493.89,First Touch
CU004275,Event,1155.88,First Touch
CU004276,Organic Search,412.83,Last Touch
CU004277,Google Ads,236.53,Multi-Touch
CU004278,Partner,1413.01,Last Touch
CU004279,Google Ads,4577.25,Multi-Touch
CU004280,Referral,1294.85,Multi-Touch
CU004281,Google Ads,4060.77,First Touch
CU004282,LinkedIn Ads,4640.78,Last Touch
CU004283,Referral,4822.07,Multi-Touch
CU004284,Google Ads,1296.49,Last Touch
CU004285,Referral,4376.61,Last Touch
CU004286,Partner,522.33,First Touch
CU004287,LinkedIn Ads,268.18,Last Touch
CU004288,Outbound,1329.95,Last Touch
CU004289,LinkedIn Ads,1271.51,Last Touch
CU004290,Partner,945.34,First Touch
CU004291,Outbound,200.74,First Touch
CU004292,Partner,139.5,Multi-Touch
CU004293,Event,834.57,Last Touch
CU004294,Partner,344.24,Last Touch
CU004295,Partner,4441.1,Multi-Touch
CU004296,Referral,4446.69,First Touch
CU004297,LinkedIn Ads,449.7,First Touch
CU004298,Event,4516.81,Multi-Touch
CU004299,Outbound,4427.06,Last Touch
CU004300,Referral,1083.88,Last Touch
CU004301,LinkedIn Ads,605.72,Multi-Touch
CU004302,Organic Search,4597.88,Last Touch
CU004303,Organic Search,4695.96,First Touch
CU004304,LinkedIn Ads,535.76,First Touch
CU004305,LinkedIn Ads,4614.31,First Touch
CU004306,LinkedIn Ads,499.02,Last Touch
CU004307,Organic Search,325.73,Last Touch
CU004308,Referral,1221.57,Multi-Touch
CU004309,LinkedIn Ads,1101.03,First Touch
CU004310,Event,162.46,Last Touch
CU004311,Organic Search,231.69,First Touch
CU004312,Organic Search,4525.88,First Touch
CU004313,Google Ads,1067.91,Last Touch
CU004314,Outbound,335.0,Last Touch
CU004315,Google Ads,112.19,Multi-Touch
CU004316,Organic Search,1222.92,Last Touch
CU004317,Outbound,35.81,First Touch
CU004318,Organic Search,1460.22,Last Touch
CU004319,Outbound,4604.87,Last Touch
CU004320,LinkedIn Ads,540.92,First Touch
CU004321,Event,209.83,Multi-Touch
CU004322,Organic Search,1105.17,Multi-Touch
CU004323,Referral,906.4,Last Touch
CU004324,LinkedIn Ads,1098.07,Multi-Touch
CU004325,Event,454.37,Multi-Touch
CU004326,LinkedIn Ads,4601.08,Last Touch
CU004327,Referral,4501.07,Last Touch
CU004328,Event,399.87,Multi-Touch
CU004329,Referral,344.34,First Touch
CU004330,Google Ads,756.45,Last Touch
CU004331,Google Ads,4728.05,First Touch
CU004332,Outbound,989.74,Multi-Touch
CU004333,Event,264.53,Multi-Touch
CU004334,Referral,4303.47,First Touch
CU004335,Referral,1422.65,Multi-Touch
CU004336,Referral,1603.79,Multi-Touch
CU004337,Outbound,4812.21,First Touch
CU004338,Organic Search,4906.47,First Touch
CU004339,Partner,4346.68,Last Touch
CU004340,Partner,1114.37,Last Touch
CU004341,Outbound,1151.51,Multi-Touch
CU004342,Organic Search,4855.47,Multi-Touch
CU004343,LinkedIn Ads,1176.59,Multi-Touch
CU004344,Outbound,1129.69,Multi-Touch
CU004345,LinkedIn Ads,4940.48,First Touch
CU004346,Google Ads,4498.49,Multi-Touch
CU004347,LinkedIn Ads,4458.67,First Touch
CU004348,Organic Search,1120.71,First Touch
CU004349,Google Ads,318.63,First Touch
CU004350,LinkedIn Ads,4402.79,Multi-Touch
CU004351,LinkedIn Ads,276.86,Multi-Touch
CU004352,Google Ads,906.15,First Touch
CU004353,Outbound,860.96,Multi-Touch
CU004354,Event,4673.94,Multi-Touch
CU004355,Partner,4577.5,Last Touch
CU004356,Outbound,4500.25,First Touch
CU004357,Event,4131.24,First Touch
CU004358,Outbound,4519.35,Last Touch
CU004359,Organic Search,4247.39,Multi-Touch
CU004360,Outbound,449.01,First Touch
CU004361,Partner,645.52,Multi-Touch
CU004362,Outbound,1277.03,Last Touch
CU004363,Outbound,1308.6,Last Touch
CU004364,Referral,935.16,Last Touch
CU004365,Partner,1099.09,Last Touch
CU004366,Partner,441.71,Multi-Touch
CU004367,LinkedIn Ads,4647.79,Last Touch
CU004368,Google Ads,1084.77,Last Touch
CU004369,Organic Search,770.13,First Touch
CU004370,Outbound,4204.74,Last Touch
CU004371,LinkedIn Ads,437.34,Multi-Touch
CU004372,LinkedIn Ads,4930.6,First Touch
CU004373,Organic Search,986.65,Multi-Touch
CU004374,Outbound,4357.82,Multi-Touch
CU004375,Referral,11.09,Last Touch
CU004376,Referral,1011.34,Multi-Touch
CU004377,Outbound,1098.13,Last Touch
CU004378,Partner,344.94,Last Touch
CU004379,Referral,168.27,Multi-Touch
CU004380,Referral,4382.99,First Touch
CU004381,Referral,1040.03,Multi-Touch
CU004382,Organic Search,267.8,First Touch
CU004383,Partner,4457.57,Last Touch
CU004384,Outbound,430.86,Multi-Touch
CU004385,Google Ads,4323.82,Last Touch
CU004386,Partner,135.93,First Touch
CU004387,LinkedIn Ads,4358.79,Multi-Touch
CU004388,Partner,4232.74,Multi-Touch
CU004389,Event,676.23,Multi-Touch
CU004390,Organic Search,237.77,First Touch
CU004391,Outbound,4549.41,Last Touch
CU004392,Event,4698.55,First Touch
CU004393,Outbound,1381.63,First Touch
CU004394,Partner,205.56,Last Touch
CU004395,LinkedIn Ads,1284.18,Last Touch
CU004396,Organic Search,4443.36,First Touch
CU004397,LinkedIn Ads,4282.73,Multi-Touch
CU004398,LinkedIn Ads,5021.06,First Touch
CU004399,Event,1186.45,Multi-Touch
CU004400,Referral,995.66,Multi-Touch
CU004401,Event,990.63,Last Touch
CU004402,Event,499.83,First Touch
CU004403,Outbound,777.28,First Touch
CU004404,Referral,1175.14,Multi-Touch
CU004405,Partner,4470.73,First Touch
CU004406,Organic Search,564.11,First Touch
CU004407,Outbound,1307.05,Multi-Touch
CU004408,Organic Search,4296.92,Last Touch
CU004409,Partner,4517.25,First Touch
CU004410,Google Ads,4543.98,Multi-Touch
CU004411,Google Ads,311.84,Last Touch
CU004412,Partner,1458.3,Multi-Touch
CU004413,Organic Search,1371.75,Last Touch
CU004414,Event,4509.61,First Touch
CU004415,Referral,875.04,First Touch
CU004416,Google Ads,1315.87,First Touch
CU004417,Referral,1514.46,First Touch
CU004418,LinkedIn Ads,4249.32,Multi-Touch
CU004419,Google Ads,4185.31,Last Touch
CU004420,Organic Search,375.73,First Touch
CU004421,LinkedIn Ads,4858.53,Multi-Touch
CU004422,Event,4035.84,Last Touch
CU004423,Organic Search,681.76,Last Touch
CU004424,Partner,1045.01,Multi-Touch
CU004425,Organic Search,969.39,Multi-Touch
CU004426,Outbound,1117.0,First Touch
CU004427,LinkedIn Ads,594.07,Last Touch
CU004428,Partner,425.85,First Touch
CU004429,Google Ads,966.83,First Touch
CU004430,Partner,439.44,Multi-Touch
CU004431,Google Ads,673.37,First Touch
CU004432,Google Ads,616.27,First Touch
CU004433,Outbound,122.41,First Touch
CU004434,Google Ads,1188.2,Multi-Touch
CU004435,Organic Search,1573.54,Last Touch
CU004436,Partner,1530.55,Last Touch
CU004437,LinkedIn Ads,1097.09,Last Touch
CU004438,Referral,735.74,Last Touch
CU004439,Organic Search,4510.85,First Touch
CU004440,Referral,4345.3,Last Touch
CU004441,Event,1021.43,Multi-Touch
CU004442,Outbound,713.23,First Touch
CU004443,Referral,891.84,Multi-Touch
CU004444,Partner,4788.5,Multi-Touch
CU004445,Organic Search,272.16,Last Touch
CU004446,LinkedIn Ads,1352.81,Last Touch
CU004447,Outbound,4602.67,Last Touch
CU004448,Outbound,4602.56,Last Touch
CU004449,LinkedIn Ads,404.37,Multi-Touch
CU004450,Partner,386.14,First Touch
CU004451,Google Ads,1400.45,First Touch
CU004452,Referral,4590.05,Multi-Touch
CU004453,Partner,674.48,Last Touch
CU004454,Partner,268.48,First Touch
CU004455,LinkedIn Ads,520.04,First Touch
CU004456,Referral,389.99,Multi-Touch
CU004457,Event,4581.49,Last Touch
CU004458,Outbound,1188.78,First Touch
CU004459,Partner,4446.6,Last Touch
CU004460,Referral,1000.99,First Touch
CU004461,Google Ads,1277.41,Last Touch
CU004462,Partner,601.97,Multi-Touch
CU004463,Google Ads,4666.71,Multi-Touch
CU004464,Google Ads,928.86,Multi-Touch
CU004465,Partner,1185.22,Last Touch
CU004466,Referral,4312.66,Last Touch
CU004467,Google Ads,1220.79,Multi-Touch
CU004468,Google Ads,4651.67,Multi-Touch
CU004469,Google Ads,4309.31,First Touch
CU004470,Event,4073.94,Last Touch
CU004471,Organic Search,4737.89,Multi-Touch
CU004472,Organic Search,413.28,Last Touch
CU004473,Event,4429.26,Last Touch
CU004474,Google Ads,266.18,Multi-Touch
CU004475,Event,4572.48,Last Touch
CU004476,Referral,1307.98,Multi-Touch
CU004477,Outbound,1098.59,Multi-Touch
CU004478,Google Ads,1462.73,Multi-Touch
CU004479,Referral,997.99,First Touch
CU004480,LinkedIn Ads,900.07,Multi-Touch
CU004481,Event,1195.96,Last Touch
CU004482,Outbound,1395.3,Multi-Touch
CU004483,Referral,164.71,Last Touch
CU004484,Event,981.18,First Touch
CU004485,Outbound,4930.45,First Touch
CU004486,LinkedIn Ads,1142.17,First Touch
CU004487,Partner,698.87,First Touch
CU004488,LinkedIn Ads,320.29,Last Touch
CU004489,Google Ads,4518.42,Last Touch
CU004490,Google Ads,199.1,First Touch
CU004491,Google Ads,1273.21,Last Touch
CU004492,LinkedIn Ads,400.42,Multi-Touch
CU004493,Referral,376.24,First Touch
CU004494,Outbound,560.88,First Touch
CU004495,Event,4568.33,Last Touch
CU004496,Partner,418.3,Last Touch
CU004497,Outbound,300.42,Last Touch
CU004498,Event,1362.64,Multi-Touch
CU004499,Referral,4451.22,Last Touch
CU004500,Organic Search,4524.93,First Touch
CU004501,Event,17.55,Last Touch
CU004502,Partner,402.57,First Touch
CU004503,Event,1144.09,First Touch
CU004504,Outbound,4617.82,First Touch
CU004505,Organic Search,708.96,Multi-Touch
CU004506,Organic Search,1520.98,Multi-Touch
CU004507,Referral,1196.48,Multi-Touch
CU004508,Organic Search,936.21,First Touch
CU004509,LinkedIn Ads,1015.72,Multi-Touch
CU004510,Event,4676.38,First Touch
CU004511,Organic Search,594.11,Multi-Touch
CU004512,Organic Search,4485.41,First Touch
CU004513,Event,449.99,First Touch
CU004514,Partner,4957.1,First Touch
CU004515,Google Ads,767.56,First Touch
CU004516,Google Ads,4343.44,Multi-Touch
CU004517,LinkedIn Ads,464.43,First Touch
CU004518,Google Ads,4413.15,First Touch
CU004519,Event,1686.52,Multi-Touch
CU004520,LinkedIn Ads,4607.88,First Touch
CU004521,Event,4708.85,Multi-Touch
CU004522,Referral,555.94,Last Touch
CU004523,Organic Search,1371.45,Multi-Touch
CU004524,Google Ads,4579.8,First Touch
CU004525,Organic Search,1401.86,Last Touch
CU004526,LinkedIn Ads,4462.45,Last Touch
CU004527,Referral,1231.59,Multi-Touch
CU004528,Organic Search,1046.52,Last Touch
CU004529,Organic Search,4260.01,First Touch
CU004530,Referral,1102.57,Multi-Touch
CU004531,Partner,1010.17,Multi-Touch
CU004532,Outbound,1300.01,Multi-Touch
CU004533,Event,145.31,Multi-Touch
CU004534,Partner,420.67,First Touch
CU004535,Outbound,489.61,Last Touch
CU004536,Referral,1344.46,First Touch
CU004537,Google Ads,214.97,Multi-Touch
CU004538,Event,4595.94,Last Touch
CU004539,Partner,664.26,Multi-Touch
CU004540,Organic Search,942.56,Last Touch
CU004541,LinkedIn Ads,399.04,Multi-Touch
CU004542,Google Ads,1118.54,Last Touch
CU004543,LinkedIn Ads,1219.66,First Touch
CU004544,Google Ads,4718.98,Multi-Touch
CU004545,Referral,1069.86,Multi-Touch
CU004546,Event,263.57,Multi-Touch
CU004547,Google Ads,4326.79,Multi-Touch
CU004548,Event,630.24,First Touch
CU004549,LinkedIn Ads,442.46,First Touch
CU004550,Outbound,4479.64,Last Touch
CU004551,Organic Search,217.49,Multi-Touch
CU004552,Google Ads,458.03,Multi-Touch
CU004553,Google Ads,603.94,Multi-Touch
CU004554,Referral,4405.18,Multi-Touch
CU004555,Event,366.93,First Touch
CU004556,Outbound,4348.72,Multi-Touch
CU004557,Event,1548.43,Multi-Touch
CU004558,Event,1565.74,First Touch
CU004559,Outbound,1131.5,Multi-Touch
CU004560,Partner,1089.58,Multi-Touch
CU004561,Referral,5016.97,Multi-Touch
CU004562,LinkedIn Ads,4592.16,Multi-Touch
CU004563,Referral,224.97,Multi-Touch
CU004564,Event,4367.87,Last Touch
CU004565,LinkedIn Ads,131.87,Last Touch
CU004566,Google Ads,703.62,Last Touch
CU004567,Google Ads,559.32,First Touch
CU004568,Google Ads,1064.38,First Touch
CU004569,Event,4442.84,First Touch
CU004570,LinkedIn Ads,1382.13,Last Touch
CU004571,Google Ads,4501.41,Last Touch
CU004572,Referral,4511.1,First Touch
CU004573,Event,1111.59,First Touch
CU004574,LinkedIn Ads,4205.23,First Touch
CU004575,Referral,4472.54,Multi-Touch
CU004576,Partner,580.51,Multi-Touch
CU004577,Organic Search,4423.79,First Touch
CU004578,Partner,209.67,First Touch
CU004579,Referral,4163.46,First Touch
CU004580,Referral,4301.7,First Touch
CU004581,Partner,4448.24,Multi-Touch
CU004582,LinkedIn Ads,1390.08,Last Touch
CU004583,Organic Search,397.16,First Touch
CU004584,Partner,4550.06,Multi-Touch
CU004585,Outbound,1121.46,Last Touch
CU004586,LinkedIn Ads,80.5,Multi-Touch
CU004587,Partner,4182.39,First Touch
CU004588,Partner,859.47,First Touch
CU004589,Event,674.34,Last Touch
CU004590,LinkedIn Ads,64.17,Multi-Touch
CU004591,Google Ads,278.62,Last Touch
CU004592,Outbound,4468.24,Multi-Touch
CU004593,Referral,117.89,Last Touch
CU004594,Outbound,258.42,Last Touch
CU004595,Referral,4553.39,Last Touch
CU004596,Organic Search,432.17,First Touch
CU004597,Outbound,1536.24,First Touch
CU004598,Google Ads,719.96,First Touch
CU004599,Google Ads,513.59,Last Touch
CU004600,Partner,303.04,Multi-Touch
CU004601,Partner,1272.22,First Touch
CU004602,Referral,283.78,Last Touch
CU004603,Outbound,959.0,Multi-Touch
CU004604,Event,4361.72,First Touch
CU004605,Outbound,3883.9,Last Touch
CU004606,Organic Search,468.9,Multi-Touch
CU004607,LinkedIn Ads,1206.34,Last Touch
CU004608,Partner,4397.92,First Touch
CU004609,Organic Search,487.11,Multi-Touch
CU004610,Partner,172.79,Multi-Touch
CU004611,Event,1127.94,First Touch
CU004612,Organic Search,4502.12,Multi-Touch
CU004613,Partner,14.16,Multi-Touch
CU004614,LinkedIn Ads,4812.31,First Touch
CU004615,Google Ads,1380.45,Multi-Touch
CU004616,Google Ads,1395.5,Last Touch
CU004617,LinkedIn Ads,1383.79,Last Touch
CU004618,LinkedIn Ads,196.66,Multi-Touch
CU004619,LinkedIn Ads,4419.68,Last Touch
CU004620,Partner,576.49,Multi-Touch
CU004621,Partner,4564.83,First Touch
CU004622,Event,286.5,Multi-Touch
CU004623,Event,1097.25,Last Touch
CU004624,Organic Search,4512.42,First Touch
CU004625,LinkedIn Ads,548.34,Multi-Touch
CU004626,LinkedIn Ads,1509.53,First Touch
CU004627,LinkedIn Ads,219.02,First Touch
CU004628,Referral,4635.57,First Touch
CU004629,Organic Search,223.15,Multi-Touch
CU004630,Google Ads,1396.53,Last Touch
CU004631,LinkedIn Ads,4447.61,Multi-Touch
CU004632,LinkedIn Ads,1431.4,Multi-Touch
CU004633,Outbound,1072.08,First Touch
CU004634,Outbound,249.01,Multi-Touch
CU004635,Outbound,1026.38,Multi-Touch
CU004636,Organic Search,330.3,First Touch
CU004637,Referral,1269.9,Last Touch
CU004638,Outbound,4343.77,Last Touch
CU004639,Organic Search,901.37,Last Touch
CU004640,Organic Search,4804.76,First Touch
CU004641,Google Ads,196.38,Last Touch
CU004642,Outbound,276.65,First Touch
CU004643,Referral,182.45,First Touch
CU004644,Event,126.47,First Touch
CU004645,Google Ads,4623.17,Last Touch
CU004646,Event,4336.48,Multi-Touch
CU004647,Event,1109.93,First Touch
CU004648,Organic Search,1154.83,First Touch
CU004649,Google Ads,513.25,Multi-Touch
CU004650,Outbound,4571.78,Last Touch
CU004651,Outbound,4724.19,Last Touch
CU004652,Google Ads,645.58,Multi-Touch
CU004653,Organic Search,821.4,Last Touch
CU004654,Google Ads,4550.36,Multi-Touch
CU004655,Partner,1497.33,Multi-Touch
CU004656,LinkedIn Ads,4001.25,Last Touch
CU004657,Google Ads,4342.3,First Touch
CU004658,Outbound,1220.59,First Touch
CU004659,Partner,625.11,Last Touch
CU004660,Organic Search,1141.73,Multi-Touch
CU004661,Outbound,867.03,Multi-Touch
CU004662,Referral,4497.79,Last Touch
CU004663,Google Ads,4437.12,First Touch
CU004664,Google Ads,1191.44,Multi-Touch
CU004665,Event,41.14,Multi-Touch
CU004666,Google Ads,504.2,Last Touch
CU004667,LinkedIn Ads,360.72,First Touch
CU004668,Google Ads,1019.77,First Touch
CU004669,Event,383.02,Multi-Touch
CU004670,Event,376.15,First Touch
CU004671,LinkedIn Ads,4560.65,Last Touch
CU004672,LinkedIn Ads,4334.44,Last Touch
CU004673,Organic Search,503.28,First Touch
CU004674,LinkedIn Ads,1138.26,Multi-Touch
CU004675,Partner,4253.07,First Touch
CU004676,Google Ads,1216.35,First Touch
CU004677,Google Ads,547.48,Multi-Touch
CU004678,Partner,230.11,First Touch
CU004679,Google Ads,86.39,Last Touch
CU004680,Organic Search,4657.41,First Touch
CU004681,Event,1200.36,Multi-Touch
CU004682,Event,32.35,Last Touch
CU004683,Event,4305.01,First Touch
CU004684,Referral,52.48,Last Touch
CU004685,Event,4759.66,Multi-Touch
CU004686,Referral,4521.44,Last Touch
CU004687,Referral,34.58,Multi-Touch
CU004688,Google Ads,1006.36,First Touch
CU004689,Organic Search,4461.02,Multi-Touch
CU004690,Partner,410.18,Last Touch
CU004691,Partner,4583.43,First Touch
CU004692,Referral,1319.73,First Touch
CU004693,Referral,1049.96,First Touch
CU004694,Event,481.47,Multi-Touch
CU004695,Organic Search,4431.35,Last Touch
CU004696,Google Ads,168.63,First Touch
CU004697,LinkedIn Ads,4347.22,Last Touch
CU004698,Outbound,690.81,Last Touch
CU004699,Outbound,4550.73,Last Touch
CU004700,Outbound,1133.21,Last Touch
CU004701,Partner,4496.08,Last Touch
CU004702,LinkedIn Ads,4645.99,First Touch
CU004703,Partner,382.98,Last Touch
CU004704,Organic Search,186.57,First Touch
CU004705,Outbound,502.68,First Touch
CU004706,Referral,365.37,Multi-Touch
CU004707,LinkedIn Ads,878.64,First Touch
CU004708,Referral,276.68,First Touch
CU004709,Referral,4405.6,Last Touch
CU004710,Google Ads,1231.73,First Touch
CU004711,Outbound,113.12,Multi-Touch
CU004712,Google Ads,155.67,Multi-Touch
CU004713,Google Ads,429.99,First Touch
CU004714,Outbound,4320.48,Multi-Touch
CU004715,Partner,4533.45,Last Touch
CU004716,Organic Search,1.1,First Touch
CU004717,Event,371.47,Last Touch
CU004718,Referral,1242.89,Multi-Touch
CU004719,Referral,4403.31,Last Touch
CU004720,Referral,4211.97,Multi-Touch
CU004721,Outbound,382.02,Last Touch
CU004722,Organic Search,1013.36,Last Touch
CU004723,Referral,4621.22,First Touch
CU004724,Partner,429.23,First Touch
CU004725,Organic Search,977.76,Last Touch
CU004726,LinkedIn Ads,447.13,First Touch
CU004727,Google Ads,510.36,Last Touch
CU004728,LinkedIn Ads,950.8,Multi-Touch
CU004729,Partner,1027.82,Last Touch
CU004730,Outbound,747.59,Last Touch
CU004731,Event,1002.97,Last Touch
CU004732,Outbound,1236.3,Multi-Touch
CU004733,Referral,109.68,Last Touch
CU004734,LinkedIn Ads,1232.0,Last Touch
CU004735,Event,366.67,Multi-Touch
CU004736,Outbound,959.43,Last Touch
CU004737,Referral,4495.53,Last Touch
CU004738,LinkedIn Ads,4284.57,Last Touch
CU004739,Referral,395.78,First Touch
CU004740,Outbound,1362.36,Last Touch
CU004741,Event,643.49,Last Touch
CU004742,Organic Search,4127.83,Last Touch
CU004743,Event,940.93,Last Touch
CU004744,Event,4450.95,First Touch
CU004745,Google Ads,4587.72,Multi-Touch
CU004746,Event,504.34,Multi-Touch
CU004747,Referral,428.04,Last Touch
CU004748,Organic Search,976.16,First Touch
CU004749,Outbound,4388.81,Multi-Touch
CU004750,Event,4633.58,Multi-Touch
CU004751,Google Ads,4525.21,Multi-Touch
CU004752,Outbound,146.45,First Touch
CU004753,Referral,736.6,First Touch
CU004754,Event,19.51,Multi-Touch
CU004755,Partner,4442.27,Last Touch
CU004756,Referral,128.11,Last Touch
CU004757,Organic Search,4555.22,Multi-Touch
CU004758,Referral,1148.85,Last Touch
CU004759,LinkedIn Ads,4396.98,Multi-Touch
CU004760,Partner,1336.57,Multi-Touch
CU004761,Event,1570.87,Last Touch
CU004762,Outbound,1409.4,Last Touch
CU004763,Google Ads,4657.81,First Touch
CU004764,Organic Search,984.17,Last Touch
CU004765,Event,1488.31,Last Touch
CU004766,Google Ads,4546.13,Last Touch
CU004767,LinkedIn Ads,1428.83,Multi-Touch
CU004768,Outbound,1374.54,Multi-Touch
CU004769,Outbound,1333.67,First Touch
CU004770,Partner,4567.23,Last Touch
CU004771,Event,4632.55,First Touch
CU004772,Event,284.84,First Touch
CU004773,Organic Search,1388.17,First Touch
CU004774,Outbound,1360.28,Multi-Touch
CU004775,Organic Search,4693.31,Multi-Touch
CU004776,Google Ads,126.96,Multi-Touch
CU004777,Outbound,597.12,Multi-Touch
CU004778,Outbound,4367.48,Last Touch
CU004779,Partner,1217.27,First Touch
CU004780,LinkedIn Ads,4787.35,Last Touch
CU004781,Event,4726.4,First Touch
CU004782,Outbound,1228.98,Multi-Touch
CU004783,Organic Search,4495.55,Multi-Touch
CU004784,Referral,471.43,First Touch
CU004785,Organic Search,4434.2,First Touch
CU004786,Event,4441.4,Last Touch
CU004787,Partner,291.71,Last Touch
CU004788,Google Ads,1490.11,First Touch
CU004789,Outbound,1412.89,Multi-Touch
CU004790,Referral,683.7,Multi-Touch
CU004791,LinkedIn Ads,487.2,Multi-Touch
CU004792,Partner,920.04,First Touch
CU004793,Outbound,1394.3,Last Touch
CU004794,Outbound,424.79,First Touch
CU004795,Partner,958.49,First Touch
CU004796,Google Ads,4604.84,Last Touch
CU004797,Event,1342.74,Multi-Touch
CU004798,Referral,4390.14,Last Touch
CU004799,Google Ads,909.16,Last Touch
CU004800,Outbound,1429.86,Multi-Touch
CU004801,Outbound,701.57,Multi-Touch
CU004802,Organic Search,4382.83,Multi-Touch
CU004803,Referral,4607.2,Last Touch
CU004804,Outbound,180.77,Multi-Touch
CU004805,Google Ads,1385.72,First Touch
CU004806,Google Ads,4865.8,Multi-Touch
CU004807,Event,4523.38,Multi-Touch
CU004808,Event,4516.14,Last Touch
CU004809,Event,4501.98,Last Touch
CU004810,Google Ads,1147.12,First Touch
CU004811,Google Ads,34.06,Multi-Touch
CU004812,LinkedIn Ads,1288.91,First Touch
CU004813,Referral,94.64,Last Touch
CU004814,Outbound,420.08,First Touch
CU004815,LinkedIn Ads,113.06,Multi-Touch
CU004816,Event,578.82,Last Touch
CU004817,Referral,4894.59,Multi-Touch
CU004818,Organic Search,590.96,Multi-Touch
CU004819,Google Ads,213.44,First Touch
CU004820,Google Ads,4526.21,Multi-Touch
CU004821,Referral,429.93,First Touch
CU004822,Outbound,324.51,Multi-Touch
CU004823,Google Ads,4525.26,Last Touch
CU004824,Event,823.92,Multi-Touch
CU004825,Google Ads,843.89,First Touch
CU004826,Event,4601.89,First Touch
CU004827,Partner,533.58,Last Touch
CU004828,Partner,1034.74,First Touch
CU004829,Outbound,1060.24,Multi-Touch
CU004830,Google Ads,4611.42,Last Touch
CU004831,Google Ads,1340.89,First Touch
CU004832,Partner,1443.1,Last Touch
CU004833,Google Ads,950.72,Last Touch
CU004834,Organic Search,1406.18,Last Touch
CU004835,LinkedIn Ads,1091.52,Last Touch
CU004836,Referral,1402.61,Multi-Touch
CU004837,Referral,1430.45,First Touch
CU004838,Google Ads,491.64,Multi-Touch
CU004839,Organic Search,945.18,Multi-Touch
CU004840,Organic Search,4647.78,Multi-Touch
CU004841,Google Ads,178.31,Last Touch
CU004842,Referral,1210.57,First Touch
CU004843,Referral,4617.28,Multi-Touch
CU004844,Referral,4703.66,First Touch
CU004845,Organic Search,4346.36,Last Touch
CU004846,Partner,340.48,Last Touch
CU004847,Referral,4801.67,First Touch
CU004848,Partner,641.4,Last Touch
CU004849,Google Ads,4241.76,First Touch
CU004850,Partner,88.88,Last Touch
CU004851,Google Ads,4411.35,First Touch
CU004852,LinkedIn Ads,273.53,Last Touch
CU004853,Referral,4089.85,Multi-Touch
CU004854,Organic Search,690.37,Last Touch
CU004855,Event,1184.05,Last Touch
CU004856,Event,1192.72,Last Touch
CU004857,Outbound,4626.18,Last Touch
CU004858,Referral,1274.82,Multi-Touch
CU004859,Referral,24.55,First Touch
CU004860,Outbound,4651.76,First Touch
CU004861,LinkedIn Ads,841.05,First Touch
CU004862,Partner,4116.09,First Touch
CU004863,Google Ads,4636.08,Last Touch
CU004864,Partner,4206.66,Multi-Touch
CU004865,Event,4310.26,First Touch
CU004866,Outbound,1126.37,First Touch
CU004867,LinkedIn Ads,1643.9,Last Touch
CU004868,Organic Search,4291.84,First Touch
CU004869,Google Ads,141.53,Last Touch
CU004870,Event,440.91,Multi-Touch
CU004871,Organic Search,1272.14,Multi-Touch
CU004872,Outbound,231.45,First Touch
CU004873,Partner,68.41,Multi-Touch
CU004874,Referral,4743.84,First Touch
CU004875,LinkedIn Ads,4732.63,Multi-Touch
CU004876,Outbound,441.26,Multi-Touch
CU004877,Organic Search,1219.0,First Touch
CU004878,LinkedIn Ads,4194.0,Multi-Touch
CU004879,Organic Search,328.31,Last Touch
CU004880,Event,1358.7,Last Touch
CU004881,Referral,4471.75,First Touch
CU004882,Outbound,1149.31,First Touch
CU004883,Organic Search,4389.44,First Touch
CU004884,Referral,385.45,First Touch
CU004885,Referral,4358.14,First Touch
CU004886,Outbound,1176.54,Multi-Touch
CU004887,Organic Search,429.77,First Touch
CU004888,LinkedIn Ads,4553.98,First Touch
CU004889,Partner,4347.53,First Touch
CU004890,Organic Search,1125.54,Last Touch
CU004891,Outbound,4464.28,Multi-Touch
CU004892,Event,337.93,Multi-Touch
CU004893,LinkedIn Ads,4517.51,First Touch
CU004894,Organic Search,461.39,First Touch
CU004895,Event,1163.1,Multi-Touch
CU004896,Referral,1263.61,First Touch
CU004897,Referral,4443.2,Multi-Touch
CU004898,Google Ads,4691.6,First Touch
CU004899,LinkedIn Ads,4531.27,First Touch
CU004900,Referral,387.02,First Touch
CU004901,Event,303.02,Multi-Touch
CU004902,Google Ads,305.65,Multi-Touch
CU004903,LinkedIn Ads,4206.99,Last Touch
CU004904,Google Ads,1309.57,Last Touch
CU004905,Partner,956.75,Multi-Touch
CU004906,Referral,114.09,Last Touch
CU004907,Event,622.41,Multi-Touch
CU004908,LinkedIn Ads,4263.83,First Touch
CU004909,Google Ads,4462.47,First Touch
CU004910,Outbound,329.28,First Touch
CU004911,Event,120.98,Last Touch
CU004912,Referral,263.92,Last Touch
CU004913,Google Ads,4365.64,Multi-Touch
CU004914,Event,831.11,Multi-Touch
CU004915,Referral,4684.14,First Touch
CU004916,Referral,4167.52,Last Touch
CU004917,Partner,1303.18,Last Touch
CU004918,Organic Search,4359.44,Multi-Touch
CU004919,Event,4579.74,Multi-Touch
CU004920,LinkedIn Ads,4351.95,Multi-Touch
CU004921,Outbound,4279.92,Last Touch
CU004922,Event,4619.76,First Touch
CU004923,Google Ads,220.42,Last Touch
CU004924,LinkedIn Ads,1249.05,First Touch
CU004925,Google Ads,4480.53,Last Touch
CU004926,Partner,1313.21,Last Touch
CU004927,Partner,4734.67,First Touch
CU004928,Event,4579.98,Multi-Touch
CU004929,Partner,4791.18,First Touch
CU004930,Partner,408.54,Last Touch
CU004931,LinkedIn Ads,1362.75,First Touch
CU004932,Referral,1175.51,Last Touch
CU004933,LinkedIn Ads,901.19,First Touch
CU004934,Referral,204.71,Multi-Touch
CU004935,Referral,4494.9,Multi-Touch
CU004936,Organic Search,594.35,First Touch
CU004937,LinkedIn Ads,1303.99,Last Touch
CU004938,Referral,4173.18,Multi-Touch
CU004939,Partner,1113.24,Multi-Touch
CU004940,LinkedIn Ads,4688.6,Multi-Touch
CU004941,Event,4272.02,First Touch
CU004942,LinkedIn Ads,1463.47,Multi-Touch
CU004943,Partner,884.78,Multi-Touch
CU004944,LinkedIn Ads,407.89,Last Touch
CU004945,Organic Search,4737.42,Last Touch
CU004946,LinkedIn Ads,408.01,Last Touch
CU004947,Organic Search,4511.87,First Touch
CU004948,Referral,404.13,First Touch
CU004949,Event,1020.04,Last Touch
CU004950,Referral,721.97,First Touch
CU004951,Partner,4861.65,Last Touch
CU004952,Outbound,529.43,Multi-Touch
CU004953,Organic Search,4380.57,Multi-Touch
CU004954,Referral,496.34,Multi-Touch
CU004955,LinkedIn Ads,4545.42,First Touch
CU004956,Event,4305.11,Multi-Touch
CU004957,LinkedIn Ads,163.89,Multi-Touch
CU004958,Event,4252.78,First Touch
CU004959,LinkedIn Ads,1332.63,First Touch
CU004960,Referral,1194.29,Multi-Touch
CU004961,Outbound,4551.88,Multi-Touch
CU004962,Google Ads,4565.42,Multi-Touch
CU004963,Outbound,532.26,Last Touch
CU004964,Referral,4716.06,First Touch
CU004965,Partner,4376.69,First Touch
CU004966,Google Ads,949.91,First Touch
CU004967,Partner,89.39,Multi-Touch
CU004968,Outbound,1641.53,Multi-Touch
CU004969,Organic Search,4184.39,Multi-Touch
CU004970,LinkedIn Ads,576.95,Multi-Touch
CU004971,Partner,124.68,First Touch
CU004972,Outbound,4506.42,Multi-Touch
CU004973,Organic Search,4076.64,First Touch
CU004974,LinkedIn Ads,4688.52,First Touch
CU004975,Event,443.14,First Touch
CU004976,Referral,1152.37,Multi-Touch
CU004977,Partner,4752.47,Last Touch
CU004978,Google Ads,4539.96,First Touch
CU004979,Outbound,4705.82,Last Touch
CU004980,Organic Search,4816.53,Last Touch
CU004981,Partner,996.66,Last Touch
CU004982,Outbound,4576.86,First Touch
CU004983,Outbound,4416.93,Last Touch
CU004984,Event,743.16,First Touch
CU004985,Google Ads,1352.75,First Touch
CU004986,Partner,1180.26,First Touch
CU004987,Google Ads,411.69,First Touch
CU004988,Referral,712.6,Last Touch
CU004989,Outbound,4626.02,Multi-Touch
CU004990,Referral,1104.75,Multi-Touch
CU004991,Partner,1304.52,First Touch
CU004992,Partner,157.8,Multi-Touch
CU004993,Outbound,4137.21,Last Touch
CU004994,Partner,200.21,Last Touch
CU004995,Google Ads,4348.88,Multi-Touch
CU004996,Partner,358.47,Multi-Touch
CU004997,Outbound,4452.64,Last Touch
CU004998,Referral,414.13,Last Touch
CU004999,Referral,759.53,Last Touch
CU005000,Event,1103.31,First Touch
CU005001,Partner,4264.81,Last Touch
CU005002,LinkedIn Ads,1197.69,First Touch
CU005003,Partner,4766.52,Last Touch
CU005004,Partner,916.82,Last Touch
CU005005,Outbound,4389.91,Multi-Touch
CU005006,Google Ads,1340.04,Last Touch
CU005007,LinkedIn Ads,321.29,Multi-Touch
CU005008,Organic Search,1202.09,Last Touch
CU005009,LinkedIn Ads,4466.17,First Touch
CU005010,Partner,1111.96,First Touch
CU005011,Referral,51.13,First Touch
CU005012,Google Ads,373.86,Multi-Touch
CU005013,Outbound,484.72,First Touch
CU005014,Referral,812.88,Last Touch
CU005015,Google Ads,275.45,Last Touch
CU005016,Referral,4559.54,Multi-Touch
CU005017,LinkedIn Ads,36.02,First Touch
CU005018,Referral,4403.37,Multi-Touch
CU005019,Outbound,4392.95,First Touch
CU005020,Referral,1295.44,First Touch
CU005021,Event,4234.44,First Touch
CU005022,Organic Search,1201.0,Last Touch
CU005023,LinkedIn Ads,1543.03,First Touch
CU005024,Google Ads,278.25,Multi-Touch
CU005025,Event,4607.22,Last Touch
CU005026,LinkedIn Ads,924.21,Multi-Touch
CU005027,Partner,243.27,First Touch
CU005028,Partner,4729.66,First Touch
CU005029,Organic Search,835.69,First Touch
CU005030,Google Ads,1228.12,First Touch
CU005031,Event,4526.6,First Touch
CU005032,Organic Search,1311.9,Last Touch
CU005033,Organic Search,1086.16,Multi-Touch
CU005034,Organic Search,4316.08,Last Touch
CU005035,Partner,1360.67,Multi-Touch
CU005036,Referral,1389.34,Last Touch
CU005037,Partner,1217.12,First Touch
CU005038,Referral,4163.52,Multi-Touch
CU005039,LinkedIn Ads,1414.15,Last Touch
CU005040,Outbound,4375.27,Multi-Touch
CU005041,Partner,484.24,Multi-Touch
CU005042,Referral,23.72,Last Touch
CU005043,Google Ads,4399.9,Multi-Touch
CU005044,Organic Search,336.87,Last Touch
CU005045,Event,4571.48,Last Touch
CU005046,Event,1180.35,Multi-Touch
CU005047,Organic Search,4566.13,First Touch
CU005048,Google Ads,258.87,Multi-Touch
CU005049,Organic Search,4495.3,First Touch
CU005050,Referral,458.85,First Touch
CU005051,Event,4412.0,Last Touch
CU005052,Outbound,1245.85,Multi-Touch
CU005053,LinkedIn Ads,1002.86,Multi-Touch
CU005054,LinkedIn Ads,4757.13,Last Touch
CU005055,LinkedIn Ads,4585.08,Last Touch
CU005056,Partner,4350.03,Multi-Touch
CU005057,Referral,1251.7,Multi-Touch
CU005058,Referral,4529.74,First Touch
CU005059,Google Ads,1421.97,Multi-Touch
CU005060,Partner,1039.45,Last Touch
CU005061,LinkedIn Ads,371.92,Multi-Touch
CU005062,Event,669.73,First Touch
CU005063,Google Ads,725.52,Multi-Touch
CU005064,LinkedIn Ads,1123.4,Last Touch
CU005065,Outbound,159.56,Last Touch
CU005066,Outbound,216.68,First Touch
CU005067,LinkedIn Ads,4375.15,Last Touch
CU005068,Event,939.85,Last Touch
CU005069,LinkedIn Ads,4163.04,Multi-Touch
CU005070,Event,468.6,First Touch
CU005071,Event,4828.54,Last Touch
CU005072,LinkedIn Ads,4139.07,Multi-Touch
CU005073,Outbound,530.53,First Touch
CU005074,Organic Search,32.08,First Touch
CU005075,LinkedIn Ads,408.07,First Touch
CU005076,Google Ads,1384.22,First Touch
CU005077,Google Ads,461.64,First Touch
CU005078,Event,1005.52,First Touch
CU005079,Outbound,149.49,First Touch
CU005080,Partner,514.23,First Touch
CU005081,Referral,4447.81,Multi-Touch
CU005082,Google Ads,115.3,First Touch
CU005083,Outbound,609.6,Multi-Touch
CU005084,Partner,1423.16,Multi-Touch
CU005085,Outbound,220.96,Multi-Touch
CU005086,Referral,345.67,First Touch
CU005087,LinkedIn Ads,164.82,Multi-Touch
CU005088,Referral,1275.84,Multi-Touch
CU005089,Outbound,4640.43,First Touch
CU005090,Outbound,3986.21,Last Touch
CU005091,Google Ads,150.05,First Touch
CU005092,Organic Search,1105.93,First Touch
CU005093,Organic Search,1301.63,Multi-Touch
CU005094,Organic Search,4752.33,Last Touch
CU005095,Event,1258.25,Last Touch
CU005096,Organic Search,1673.33,First Touch
CU005097,Outbound,1335.0,First Touch
CU005098,LinkedIn Ads,251.16,First Touch
CU005099,Outbound,1036.36,Last Touch
CU005100,Outbound,280.36,Multi-Touch
CU005101,Outbound,1187.83,Multi-Touch
CU005102,Partner,4399.56,First Touch
CU005103,LinkedIn Ads,4635.66,First Touch
CU005104,Partner,4325.54,Last Touch
CU005105,LinkedIn Ads,1102.04,First Touch
CU005106,Organic Search,549.95,Last Touch
CU005107,Organic Search,866.45,Multi-Touch
CU005108,Organic Search,256.17,Multi-Touch
CU005109,Organic Search,4225.59,Last Touch
CU005110,Outbound,4241.47,Last Touch
CU005111,Partner,433.91,Last Touch
CU005112,LinkedIn Ads,390.47,Multi-Touch
CU005113,Google Ads,1212.54,Multi-Touch
CU005114,Organic Search,212.5,Multi-Touch
CU005115,LinkedIn Ads,4167.01,Multi-Touch
CU005116,LinkedIn Ads,4462.23,Multi-Touch
CU005117,Event,203.68,Multi-Touch
CU005118,Event,1300.74,Multi-Touch
CU005119,LinkedIn Ads,1204.94,Multi-Touch
CU005120,Referral,537.31,First Touch
CU005121,Referral,155.76,Multi-Touch
CU005122,LinkedIn Ads,828.17,Multi-Touch
CU005123,Referral,27.15,Last Touch
CU005124,LinkedIn Ads,576.96,Multi-Touch
CU005125,Partner,1314.33,Last Touch
CU005126,Google Ads,4335.95,Multi-Touch
CU005127,Organic Search,1195.01,Multi-Touch
CU005128,Google Ads,4373.11,Last Touch
CU005129,Referral,517.73,Last Touch
CU005130,Organic Search,394.45,Last Touch
CU005131,Outbound,489.6,First Touch
CU005132,Google Ads,504.22,First Touch
CU005133,Organic Search,396.31,Multi-Touch
CU005134,Referral,967.97,First Touch
CU005135,Partner,242.59,Last Touch
CU005136,Partner,4282.1,First Touch
CU005137,LinkedIn Ads,1152.26,Last Touch
CU005138,Partner,4153.28,Multi-Touch
CU005139,Referral,613.31,Multi-Touch
CU005140,Organic Search,1395.17,Last Touch
CU005141,Organic Search,646.19,First Touch
CU005142,LinkedIn Ads,1307.03,First Touch
CU005143,Google Ads,364.62,Last Touch
CU005144,Organic Search,1467.92,Last Touch
CU005145,Partner,4393.98,First Touch
CU005146,LinkedIn Ads,1281.29,Last Touch
CU005147,Event,4532.01,First Touch
CU005148,Google Ads,297.5,Last Touch
CU005149,Google Ads,368.84,Last Touch
CU005150,LinkedIn Ads,4228.92,Last Touch
CU005151,Outbound,4525.32,Last Touch
CU005152,Organic Search,1416.74,First Touch
CU005153,Referral,1517.82,Multi-Touch
CU005154,Event,71.52,Last Touch
CU005155,LinkedIn Ads,4228.61,Last Touch
CU005156,Google Ads,775.51,First Touch
CU005157,Organic Search,4525.11,Last Touch
CU005158,LinkedIn Ads,1223.13,Last Touch
CU005159,LinkedIn Ads,436.39,First Touch
CU005160,Organic Search,1201.53,First Touch
CU005161,Referral,4343.03,Multi-Touch
CU005162,Event,101.67,Last Touch
CU005163,Referral,586.25,Last Touch
CU005164,Outbound,4724.1,First Touch
CU005165,Referral,1282.21,First Touch
CU005166,Referral,1426.28,Multi-Touch
CU005167,Referral,1517.32,Last Touch
CU005168,Organic Search,4658.68,Multi-Touch
CU005169,Referral,665.87,First Touch
CU005170,Google Ads,4035.69,Multi-Touch
CU005171,Outbound,1368.74,Multi-Touch
CU005172,Outbound,1267.42,First Touch
CU005173,Google Ads,135.05,Last Touch
CU005174,Organic Search,4558.96,First Touch
CU005175,Partner,4669.22,Multi-Touch
CU005176,Referral,443.69,First Touch
CU005177,Referral,260.39,Last Touch
CU005178,Event,4403.77,Last Touch
CU005179,Outbound,609.19,Multi-Touch
CU005180,Google Ads,4513.43,Last Touch
CU005181,Outbound,1146.43,Multi-Touch
CU005182,Organic Search,4616.31,Last Touch
CU005183,Event,4407.0,Multi-Touch
CU005184,Outbound,1499.68,Last Touch
CU005185,Organic Search,1019.83,First Touch
CU005186,LinkedIn Ads,1162.19,Multi-Touch
CU005187,Outbound,431.67,First Touch
CU005188,Partner,4881.16,First Touch
CU005189,Referral,552.53,Multi-Touch
CU005190,Referral,1446.74,Multi-Touch
CU005191,LinkedIn Ads,1207.94,First Touch
CU005192,LinkedIn Ads,307.22,Multi-Touch
CU005193,Outbound,4033.55,Multi-Touch
CU005194,Outbound,1267.42,Last Touch
CU005195,Event,4263.36,Multi-Touch
CU005196,Google Ads,496.77,First Touch
CU005197,Organic Search,4555.74,Multi-Touch
CU005198,Outbound,105.52,First Touch
CU005199,Google Ads,382.49,Last Touch
CU005200,Partner,1285.77,Last Touch
CU005201,Event,1411.49,Multi-Touch
CU005202,Outbound,4721.23,Last Touch
CU005203,Google Ads,1085.62,First Touch
CU005204,Google Ads,129.57,Last Touch
CU005205,LinkedIn Ads,152.75,Multi-Touch
CU005206,Event,492.27,Multi-Touch
CU005207,Organic Search,4785.3,Last Touch
CU005208,Referral,455.09,First Touch
CU005209,Referral,4797.21,First Touch
CU005210,Organic Search,4595.21,Multi-Touch
CU005211,Google Ads,4356.41,First Touch
CU005212,Outbound,4475.06,Multi-Touch
CU005213,Event,223.97,First Touch
CU005214,Referral,4449.11,Last Touch
CU005215,Event,820.78,First Touch
CU005216,Referral,4742.96,Last Touch
CU005217,LinkedIn Ads,182.87,Last Touch
CU005218,Referral,1502.43,First Touch
CU005219,Referral,445.86,First Touch
CU005220,Organic Search,459.56,Multi-Touch
CU005221,Outbound,4617.69,First Touch
CU005222,LinkedIn Ads,4795.88,Last Touch
CU005223,Event,1065.59,Multi-Touch
CU005224,Outbound,458.61,Last Touch
CU005225,Event,973.04,Multi-Touch
CU005226,LinkedIn Ads,1224.02,Last Touch
CU005227,Organic Search,1266.25,Multi-Touch
CU005228,Google Ads,381.98,Last Touch
CU005229,Outbound,447.16,Last Touch
CU005230,Partner,4352.83,First Touch
CU005231,Outbound,529.74,Multi-Touch
CU005232,LinkedIn Ads,1291.94,Last Touch
CU005233,Outbound,4361.99,Multi-Touch
CU005234,Google Ads,605.92,First Touch
CU005235,Partner,898.43,Last Touch
CU005236,Google Ads,1403.82,First Touch
CU005237,Google Ads,1466.71,Last Touch
CU005238,LinkedIn Ads,1058.21,First Touch
CU005239,LinkedIn Ads,272.47,Multi-Touch
CU005240,Referral,1457.87,First Touch
CU005241,LinkedIn Ads,1328.09,Last Touch
CU005242,Outbound,1431.92,Multi-Touch
CU005243,Organic Search,4147.77,First Touch
CU005244,Google Ads,1129.1,First Touch
CU005245,Event,691.34,Multi-Touch
CU005246,Outbound,327.02,Multi-Touch
CU005247,LinkedIn Ads,919.13,First Touch
CU005248,Partner,357.88,Multi-Touch
CU005249,Outbound,60.07,First Touch
CU005250,LinkedIn Ads,264.3,Multi-Touch
CU005251,Referral,4539.73,Multi-Touch
CU005252,Referral,1198.95,Last Touch
CU005253,Partner,1016.93,Last Touch
CU005254,LinkedIn Ads,4460.09,First Touch
CU005255,Partner,202.1,Multi-Touch
CU005256,Organic Search,1397.55,Last Touch
CU005257,Referral,1013.92,Last Touch
CU005258,Partner,4223.58,Last Touch
CU005259,Google Ads,4157.57,Multi-Touch
CU005260,Outbound,1012.84,First Touch
CU005261,Partner,545.12,Multi-Touch
CU005262,Organic Search,514.95,First Touch
CU005263,LinkedIn Ads,1342.93,First Touch
CU005264,Event,1024.01,Last Touch
CU005265,Partner,307.81,First Touch
CU005266,Referral,226.16,First Touch
CU005267,Referral,270.61,Last Touch
CU005268,Organic Search,1388.94,First Touch
CU005269,Event,1151.93,First Touch
CU005270,Google Ads,4627.12,Last Touch
CU005271,LinkedIn Ads,4728.76,Multi-Touch
CU005272,Referral,116.48,First Touch
CU005273,Referral,411.65,First Touch
CU005274,Partner,4491.07,First Touch
CU005275,LinkedIn Ads,1216.99,First Touch
CU005276,LinkedIn Ads,4338.38,Last Touch
CU005277,Organic Search,264.54,First Touch
CU005278,Google Ads,4691.37,Last Touch
CU005279,Google Ads,635.75,Multi-Touch
CU005280,Partner,4470.15,Last Touch
CU005281,Outbound,265.98,Last Touch
CU005282,Outbound,1340.55,First Touch
CU005283,Referral,430.44,First Touch
CU005284,Outbound,1217.38,First Touch
CU005285,Referral,264.51,Last Touch
CU005286,Referral,4578.93,Last Touch
CU005287,Outbound,261.53,Multi-Touch
CU005288,Referral,4628.02,First Touch
CU005289,Google Ads,1200.76,Last Touch
CU005290,Organic Search,4632.54,Multi-Touch
CU005291,Referral,4710.98,Last Touch
CU005292,Google Ads,29.67,Multi-Touch
CU005293,Outbound,1252.64,Multi-Touch
CU005294,LinkedIn Ads,4371.7,Last Touch
CU005295,Google Ads,163.89,Last Touch
CU005296,Referral,1160.13,First Touch
CU005297,Outbound,387.84,Last Touch
CU005298,LinkedIn Ads,4430.54,First Touch
CU005299,Organic Search,4309.15,Last Touch
CU005300,Google Ads,319.57,First Touch
CU005301,Outbound,1166.26,First Touch
CU005302,Partner,97.14,Last Touch
CU005303,Event,313.62,Multi-Touch
CU005304,Partner,1248.5,First Touch
CU005305,Event,1652.93,Last Touch
CU005306,Google Ads,1296.94,Last Touch
CU005307,Google Ads,172.52,Last Touch
CU005308,Partner,4001.14,Last Touch
CU005309,Outbound,1176.47,Multi-Touch
CU005310,Event,4626.55,Last Touch
CU005311,LinkedIn Ads,4375.28,Last Touch
CU005312,LinkedIn Ads,4503.15,First Touch
CU005313,Outbound,4605.78,Multi-Touch
CU005314,Partner,1300.83,Multi-Touch
CU005315,Google Ads,397.38,Multi-Touch
CU005316,Google Ads,343.75,First Touch
CU005317,Event,902.58,First Touch
CU005318,Outbound,1094.26,First Touch
CU005319,Google Ads,4931.52,First Touch
CU005320,Google Ads,499.67,Multi-Touch
CU005321,Referral,4322.4,First Touch
CU005322,Partner,125.88,Multi-Touch
CU005323,Google Ads,1248.04,Multi-Touch
CU005324,Referral,4540.84,Last Touch
CU005325,Referral,534.78,Multi-Touch
CU005326,Organic Search,4681.97,First Touch
CU005327,Event,4464.9,Last Touch
CU005328,Google Ads,683.68,Last Touch
CU005329,Referral,459.98,Last Touch
CU005330,Referral,1300.3,Last Touch
CU005331,LinkedIn Ads,481.55,Multi-Touch
CU005332,LinkedIn Ads,1091.55,Last Touch
CU005333,LinkedIn Ads,4638.83,First Touch
CU005334,Referral,1397.59,First Touch
CU005335,LinkedIn Ads,547.07,First Touch
CU005336,LinkedIn Ads,202.49,First Touch
CU005337,Google Ads,446.79,Last Touch
CU005338,Outbound,590.68,Multi-Touch
CU005339,Outbound,1085.61,First Touch
CU005340,Partner,1353.85,Multi-Touch
CU005341,Referral,1240.32,First Touch
CU005342,Organic Search,4472.75,Multi-Touch
CU005343,Partner,1231.71,Last Touch
CU005344,Outbound,4367.12,First Touch
CU005345,Referral,842.05,Multi-Touch
CU005346,Organic Search,1047.69,Multi-Touch
CU005347,Google Ads,1248.18,Last Touch
CU005348,Event,4593.23,First Touch
CU005349,LinkedIn Ads,449.54,First Touch
CU005350,LinkedIn Ads,1375.79,Last Touch
CU005351,Referral,1195.45,Last Touch
CU005352,Referral,4281.29,First Touch
CU005353,Referral,244.37,Multi-Touch
CU005354,LinkedIn Ads,4625.46,Multi-Touch
CU005355,Referral,1106.61,Multi-Touch
CU005356,Organic Search,1335.12,Multi-Touch
CU005357,Outbound,4705.2,Last Touch
CU005358,Google Ads,51.35,Multi-Touch
CU005359,Google Ads,1511.35,Last Touch
CU005360,Referral,1297.64,Multi-Touch
CU005361,Referral,1328.41,Multi-Touch
CU005362,LinkedIn Ads,4832.23,First Touch
CU005363,Partner,695.0,First Touch
CU005364,Outbound,4415.63,Multi-Touch
CU005365,Referral,1236.25,Last Touch
CU005366,Organic Search,4459.04,Last Touch
CU005367,LinkedIn Ads,4763.15,Last Touch
CU005368,Organic Search,4600.68,First Touch
CU005369,Event,1060.82,Multi-Touch
CU005370,Outbound,889.61,Last Touch
CU005371,LinkedIn Ads,829.46,Last Touch
CU005372,LinkedIn Ads,4562.08,First Touch
CU005373,Event,620.52,Last Touch
CU005374,Partner,4307.64,Multi-Touch
CU005375,LinkedIn Ads,45.83,Multi-Touch
CU005376,Event,372.96,Last Touch
CU005377,LinkedIn Ads,4210.22,Multi-Touch
CU005378,Referral,4669.41,First Touch
CU005379,LinkedIn Ads,1285.45,Last Touch
CU005380,Partner,4559.91,First Touch
CU005381,Partner,4543.75,Last Touch
CU005382,Outbound,4483.24,First Touch
CU005383,Partner,780.21,Multi-Touch
CU005384,Organic Search,4215.65,Multi-Touch
CU005385,Outbound,4718.56,Multi-Touch
CU005386,Outbound,1197.64,Multi-Touch
CU005387,Partner,660.46,Multi-Touch
CU005388,Partner,143.92,Last Touch
CU005389,Partner,4404.45,Last Touch
CU005390,Partner,1248.07,First Touch
CU005391,Referral,4430.03,Last Touch
CU005392,Partner,782.06,First Touch
CU005393,LinkedIn Ads,1793.63,Multi-Touch
CU005394,Google Ads,4495.13,Last Touch
CU005395,Google Ads,1314.33,Multi-Touch
CU005396,Organic Search,1307.6,Multi-Touch
CU005397,Partner,1319.44,First Touch
CU005398,Organic Search,618.39,Multi-Touch
CU005399,Partner,1326.34,Multi-Touch
CU005400,Organic Search,4508.51,Multi-Touch
CU005401,Organic Search,1310.88,First Touch
CU005402,LinkedIn Ads,1318.2,Last Touch
CU005403,Outbound,1034.61,First Touch
CU005404,Outbound,1047.19,First Touch
CU005405,Event,1727.25,First Touch
CU005406,Organic Search,1055.29,Last Touch
CU005407,Outbound,391.99,First Touch
CU005408,Referral,4734.64,First Touch
CU005409,Event,966.82,Multi-Touch
CU005410,Google Ads,4539.76,Last Touch
CU005411,Referral,228.29,Last Touch
CU005412,Partner,1079.36,Multi-Touch
CU005413,Partner,64.23,Last Touch
CU005414,Google Ads,4433.6,First Touch
CU005415,Partner,4549.08,First Touch
CU005416,Event,1109.78,Last Touch
CU005417,Google Ads,1381.23,Multi-Touch
CU005418,Partner,4939.56,Multi-Touch
CU005419,Referral,4306.29,Multi-Touch
CU005420,Outbound,972.95,Last Touch
CU005421,Google Ads,342.14,First Touch
CU005422,Google Ads,208.72,First Touch
CU005423,Partner,301.44,First Touch
CU005424,Referral,4362.97,Multi-Touch
CU005425,Google Ads,4805.75,First Touch
CU005426,Organic Search,4284.75,Multi-Touch
CU005427,Organic Search,4288.08,Multi-Touch
CU005428,Partner,1212.1,First Touch
CU005429,Organic Search,356.83,Multi-Touch
CU005430,Organic Search,4115.48,Last Touch
CU005431,Referral,4511.37,Last Touch
CU005432,LinkedIn Ads,4573.54,Multi-Touch
CU005433,Organic Search,4434.24,Multi-Touch
CU005434,Google Ads,1286.58,Last Touch
CU005435,Organic Search,4562.15,First Touch
CU005436,Organic Search,4580.22,First Touch
CU005437,Outbound,119.91,Multi-Touch
CU005438,Partner,125.49,Multi-Touch
CU005439,Organic Search,4541.52,Last Touch
CU005440,Event,485.9,Last Touch
CU005441,Outbound,1294.65,First Touch
CU005442,Referral,4268.38,First Touch
CU005443,Referral,1043.41,Multi-Touch
CU005444,Google Ads,982.07,Multi-Touch
CU005445,LinkedIn Ads,1449.23,Last Touch
CU005446,Partner,4547.92,Multi-Touch
CU005447,Organic Search,4815.22,Multi-Touch
CU005448,Event,949.8,Last Touch
CU005449,Organic Search,1530.72,Last Touch
CU005450,Google Ads,4305.65,Multi-Touch
CU005451,Google Ads,183.72,Last Touch
CU005452,Partner,4421.37,Multi-Touch
CU005453,Referral,4384.43,Multi-Touch
CU005454,Referral,1221.21,Last Touch
CU005455,Outbound,230.85,Multi-Touch
CU005456,LinkedIn Ads,508.85,Multi-Touch
CU005457,Referral,326.07,Last Touch
CU005458,Referral,1030.62,Multi-Touch
CU005459,Organic Search,775.39,First Touch
CU005460,Partner,276.28,Multi-Touch
CU005461,Event,772.07,First Touch
CU005462,Referral,1079.39,Multi-Touch
CU005463,Event,1233.39,Last Touch
CU005464,Referral,4487.35,Multi-Touch
CU005465,LinkedIn Ads,1406.85,First Touch
CU005466,Google Ads,4377.49,First Touch
CU005467,Outbound,367.56,Multi-Touch
CU005468,Outbound,312.75,First Touch
CU005469,LinkedIn Ads,275.42,First Touch
CU005470,Outbound,188.08,Last Touch
CU005471,Referral,1022.03,Last Touch
CU005472,Event,1338.54,Last Touch
CU005473,Partner,4244.09,Multi-Touch
CU005474,Partner,1030.16,Last Touch
CU005475,Outbound,1206.42,Multi-Touch
CU005476,Referral,4435.43,Last Touch
CU005477,Partner,356.59,Multi-Touch
CU005478,Referral,1323.06,First Touch
CU005479,Referral,1073.0,First Touch
CU005480,Referral,2.46,Last Touch
CU005481,Referral,4804.47,Multi-Touch
CU005482,Partner,495.83,First Touch
CU005483,Outbound,4537.43,Last Touch
CU005484,Organic Search,1143.98,Multi-Touch
CU005485,Organic Search,226.09,Last Touch
CU005486,LinkedIn Ads,429.11,First Touch
CU005487,Outbound,1467.33,Last Touch
CU005488,Event,4319.13,Last Touch
CU005489,Organic Search,651.08,Last Touch
CU005490,Organic Search,235.03,Last Touch
CU005491,LinkedIn Ads,1084.98,First Touch
CU005492,Partner,1289.96,First Touch
CU005493,LinkedIn Ads,257.66,Last Touch
CU005494,Outbound,1304.36,First Touch
CU005495,LinkedIn Ads,611.46,Multi-Touch
CU005496,Event,4127.91,Last Touch
CU005497,Event,1374.72,Multi-Touch
CU005498,Organic Search,316.35,First Touch
CU005499,Partner,4484.96,First Touch
CU005500,Google Ads,4710.43,Multi-Touch
CU005501,Event,4387.69,First Touch
CU005502,Google Ads,336.14,First Touch
CU005503,Google Ads,4434.87,Multi-Touch
CU005504,Google Ads,4566.76,Multi-Touch
CU005505,Event,377.66,First Touch
CU005506,Google Ads,1071.33,First Touch
CU005507,Google Ads,137.58,Multi-Touch
CU005508,Event,777.82,Last Touch
CU005509,Outbound,347.79,First Touch
CU005510,Organic Search,1403.1,Multi-Touch
CU005511,Partner,275.84,First Touch
CU005512,Event,1117.35,Last Touch
CU005513,Google Ads,139.84,First Touch
CU005514,Organic Search,1415.97,First Touch
CU005515,LinkedIn Ads,576.67,Multi-Touch
CU005516,LinkedIn Ads,622.79,Last Touch
CU005517,Google Ads,465.7,Multi-Touch
CU005518,Organic Search,4392.39,Last Touch
CU005519,Event,551.37,Multi-Touch
CU005520,Partner,408.27,Multi-Touch
CU005521,Referral,174.39,Multi-Touch
CU005522,Google Ads,252.56,First Touch
CU005523,Partner,4632.95,Last Touch
CU005524,LinkedIn Ads,427.3,Multi-Touch
CU005525,Organic Search,813.5,Last Touch
CU005526,LinkedIn Ads,1374.06,Multi-Touch
CU005527,Outbound,1162.07,First Touch
CU005528,Google Ads,84.98,Multi-Touch
CU005529,Event,4306.65,Multi-Touch
CU005530,Organic Search,721.6,First Touch
CU005531,Organic Search,4511.58,Last Touch
CU005532,Partner,4461.92,Multi-Touch
CU005533,Organic Search,382.24,Multi-Touch
CU005534,LinkedIn Ads,4330.04,First Touch
CU005535,Outbound,4586.59,First Touch
CU005536,Organic Search,4460.3,Multi-Touch
CU005537,Partner,1156.04,Last Touch
CU005538,Google Ads,406.25,First Touch
CU005539,Referral,4471.56,Last Touch
CU005540,Event,4078.96,Last Touch
CU005541,LinkedIn Ads,4689.7,First Touch
CU005542,Referral,4331.96,Multi-Touch
CU005543,Outbound,4278.05,Multi-Touch
CU005544,LinkedIn Ads,738.28,Multi-Touch
CU005545,Partner,292.22,Multi-Touch
CU005546,LinkedIn Ads,394.54,Multi-Touch
CU005547,Partner,699.08,Last Touch
CU005548,Referral,4575.96,First Touch
CU005549,Organic Search,1351.18,Last Touch
CU005550,Partner,888.37,First Touch
CU005551,Google Ads,219.75,Multi-Touch
CU005552,Partner,1180.85,Multi-Touch
CU005553,Outbound,277.92,Last Touch
CU005554,Partner,1099.51,Multi-Touch
CU005555,LinkedIn Ads,3976.61,First Touch
CU005556,Outbound,4577.75,Last Touch
CU005557,Outbound,526.86,Last Touch
CU005558,Organic Search,658.15,Multi-Touch
CU005559,Organic Search,4549.66,First Touch
CU005560,Referral,335.19,First Touch
CU005561,Referral,480.01,Multi-Touch
CU005562,Organic Search,1007.36,Multi-Touch
CU005563,Event,4571.14,First Touch
CU005564,Organic Search,480.67,First Touch
CU005565,Outbound,1114.04,Last Touch
CU005566,Referral,106.04,Multi-Touch
CU005567,LinkedIn Ads,4463.13,Last Touch
CU005568,LinkedIn Ads,27.37,First Touch
CU005569,Partner,447.84,Last Touch
CU005570,Event,1302.5,First Touch
CU005571,LinkedIn Ads,4865.73,Multi-Touch
CU005572,Event,1484.99,First Touch
CU005573,Partner,160.01,Last Touch
CU005574,Partner,1209.09,Multi-Touch
CU005575,Partner,710.74,First Touch
CU005576,Organic Search,1263.3,First Touch
CU005577,LinkedIn Ads,1313.42,Last Touch
CU005578,Organic Search,320.62,Multi-Touch
CU005579,Partner,987.36,Last Touch
CU005580,Event,4223.88,First Touch
CU005581,Google Ads,1183.12,Multi-Touch
CU005582,Google Ads,393.34,Multi-Touch
CU005583,Outbound,1014.04,Multi-Touch
CU005584,Referral,1207.77,First Touch
CU005585,Event,594.11,First Touch
CU005586,LinkedIn Ads,443.76,Last Touch
CU005587,Organic Search,4280.67,Last Touch
CU005588,Referral,4001.04,Multi-Touch
CU005589,Partner,688.42,First Touch
CU005590,Organic Search,225.28,Multi-Touch
CU005591,Organic Search,951.45,Multi-Touch
CU005592,Referral,1449.9,First Touch
CU005593,Event,851.54,Multi-Touch
CU005594,LinkedIn Ads,1010.11,Multi-Touch
CU005595,Event,54.98,Multi-Touch
CU005596,Partner,1305.79,Multi-Touch
CU005597,Outbound,1384.32,Last Touch
CU005598,Partner,4627.05,First Touch
CU005599,Referral,1238.21,First Touch
CU005600,LinkedIn Ads,4911.1,Multi-Touch
CU005601,Outbound,4517.24,First Touch
CU005602,Google Ads,4440.35,Last Touch
CU005603,Event,4355.92,First Touch
CU005604,LinkedIn Ads,315.74,Last Touch
CU005605,Organic Search,4533.61,First Touch
CU005606,Google Ads,109.0,First Touch
CU005607,Partner,4621.88,Multi-Touch
CU005608,LinkedIn Ads,1076.1,Multi-Touch
CU005609,Organic Search,1250.95,Last Touch
CU005610,Event,4585.4,Multi-Touch
CU005611,Referral,42.78,Multi-Touch
CU005612,Event,420.6,Multi-Touch
CU005613,Outbound,987.25,First Touch
CU005614,LinkedIn Ads,649.03,First Touch
CU005615,Google Ads,4195.68,Multi-Touch
CU005616,Partner,1064.61,Multi-Touch
CU005617,Google Ads,4433.84,Multi-Touch
CU005618,Organic Search,4318.2,Multi-Touch
CU005619,Referral,1117.77,First Touch
CU005620,Referral,1027.1,Multi-Touch
CU005621,Event,4815.54,First Touch
CU005622,Google Ads,3881.7,Multi-Touch
CU005623,Event,285.23,Multi-Touch
CU005624,Event,4580.23,Multi-Touch
CU005625,Outbound,1540.56,First Touch
CU005626,Referral,177.59,First Touch
CU005627,Outbound,335.95,Last Touch
CU005628,Outbound,1809.52,Multi-Touch
CU005629,LinkedIn Ads,922.59,Multi-Touch
CU005630,Google Ads,4711.85,Last Touch
CU005631,Google Ads,64.14,Last Touch
CU005632,LinkedIn Ads,297.55,First Touch
CU005633,Event,4378.38,First Touch
CU005634,Outbound,344.73,Last Touch
CU005635,Outbound,389.88,Multi-Touch
CU005636,Organic Search,1020.73,First Touch
CU005637,Organic Search,1229.49,First Touch
CU005638,Google Ads,1009.44,Last Touch
CU005639,LinkedIn Ads,4611.04,Multi-Touch
CU005640,Event,1395.96,First Touch
CU005641,LinkedIn Ads,4714.38,Last Touch
CU005642,Referral,4610.48,First Touch
CU005643,Outbound,1213.66,Multi-Touch
CU005644,Outbound,298.8,Last Touch
CU005645,Organic Search,383.11,First Touch
CU005646,Outbound,4411.11,Last Touch
CU005647,Outbound,4785.41,First Touch
CU005648,Outbound,1145.38,First Touch
CU005649,Event,1085.54,First Touch
CU005650,Outbound,4740.99,Multi-Touch
CU005651,Outbound,4537.92,Last Touch
CU005652,Partner,327.37,Last Touch
CU005653,Outbound,836.43,Last Touch
CU005654,Referral,4503.63,Last Touch
CU005655,Google Ads,593.95,Multi-Touch
CU005656,Referral,4452.38,First Touch
CU005657,Event,427.37,Last Touch
CU005658,Google Ads,4192.67,Last Touch
CU005659,LinkedIn Ads,4447.84,Last Touch
CU005660,Organic Search,474.78,First Touch
CU005661,LinkedIn Ads,4674.78,First Touch
CU005662,Partner,656.68,Last Touch
CU005663,Google Ads,4505.58,Multi-Touch
CU005664,Google Ads,33.64,First Touch
CU005665,Outbound,1341.48,Last Touch
CU005666,Event,917.49,First Touch
CU005667,Partner,222.15,First Touch
CU005668,Outbound,1013.51,First Touch
CU005669,Google Ads,498.3,First Touch
CU005670,Event,442.05,Last Touch
CU005671,LinkedIn Ads,1225.1,Multi-Touch
CU005672,LinkedIn Ads,4433.41,First Touch
CU005673,Referral,244.94,First Touch
CU005674,Referral,373.54,First Touch
CU005675,Outbound,91.34,Multi-Touch
CU005676,Referral,1036.91,Last Touch
CU005677,Event,359.87,Last Touch
CU005678,Referral,208.15,First Touch
CU005679,Outbound,1483.37,Multi-Touch
CU005680,Referral,4927.47,Last Touch
CU005681,Event,913.94,Multi-Touch
CU005682,Referral,1355.48,Last Touch
CU005683,Partner,389.18,Last Touch
CU005684,Event,4482.82,First Touch
CU005685,LinkedIn Ads,4642.19,Last Touch
CU005686,Google Ads,4653.74,First Touch
CU005687,Partner,4692.51,First Touch
CU005688,Referral,1508.34,Last Touch
CU005689,Event,4670.58,First Touch
CU005690,Organic Search,1197.19,Last Touch
CU005691,Google Ads,311.48,First Touch
CU005692,Google Ads,4221.63,First Touch
CU005693,LinkedIn Ads,4371.94,Last Touch
CU005694,Event,244.73,First Touch
CU005695,Google Ads,1391.65,Last Touch
CU005696,Partner,4359.3,Last Touch
CU005697,Outbound,983.31,Multi-Touch
CU005698,Organic Search,1116.18,Last Touch
CU005699,Organic Search,117.81,Last Touch
CU005700,LinkedIn Ads,462.92,Multi-Touch
CU005701,LinkedIn Ads,1290.39,First Touch
CU005702,Event,268.74,Last Touch
CU005703,Outbound,338.59,Multi-Touch
CU005704,Organic Search,199.14,First Touch
CU005705,Referral,109.39,First Touch
CU005706,LinkedIn Ads,219.0,Multi-Touch
CU005707,Event,4820.33,Last Touch
CU005708,Outbound,1286.13,Multi-Touch
CU005709,Outbound,4457.16,First Touch
CU005710,Referral,4377.18,First Touch
CU005711,Event,4356.13,First Touch
CU005712,Organic Search,970.75,Last Touch
CU005713,Outbound,903.27,Last Touch
CU005714,Google Ads,4619.01,Last Touch
CU005715,Event,964.12,Multi-Touch
CU005716,LinkedIn Ads,4406.04,Last Touch
CU005717,LinkedIn Ads,962.71,Last Touch
CU005718,Google Ads,4453.75,Multi-Touch
CU005719,Event,1231.43,Last Touch
CU005720,Event,4539.78,Multi-Touch
CU005721,Organic Search,36.06,First Touch
CU005722,Organic Search,4444.89,Multi-Touch
CU005723,Outbound,1220.46,Last Touch
CU005724,Organic Search,462.79,First Touch
CU005725,Google Ads,4301.32,Last Touch
CU005726,Outbound,310.69,First Touch
CU005727,Partner,1215.88,Last Touch
CU005728,Google Ads,4550.86,Multi-Touch
CU005729,Google Ads,1033.49,First Touch
CU005730,LinkedIn Ads,441.53,Multi-Touch
CU005731,Outbound,1220.98,Last Touch
CU005732,Outbound,4530.98,Last Touch
CU005733,Referral,866.53,Multi-Touch
CU005734,Organic Search,265.57,First Touch
CU005735,Event,1270.58,Last Touch
CU005736,Partner,1196.99,Last Touch
CU005737,Organic Search,1309.8,Multi-Touch
CU005738,Outbound,1175.32,Multi-Touch
CU005739,Partner,1219.43,Multi-Touch
CU005740,Partner,805.85,First Touch
CU005741,Event,532.47,Multi-Touch
CU005742,Event,4816.43,Multi-Touch
CU005743,Google Ads,299.71,First Touch
CU005744,Organic Search,561.62,Last Touch
CU005745,Partner,215.82,Last Touch
CU005746,Partner,4528.11,Last Touch
CU005747,Google Ads,1214.43,First Touch
CU005748,Referral,4699.24,Last Touch
CU005749,Partner,4614.78,First Touch
CU005750,Partner,1275.69,Multi-Touch
CU005751,Google Ads,4201.92,First Touch
CU005752,Partner,1279.67,First Touch
CU005753,LinkedIn Ads,1232.79,Multi-Touch
CU005754,Outbound,519.01,Last Touch
CU005755,Event,4624.51,First Touch
CU005756,Referral,5040.11,Last Touch
CU005757,Outbound,4711.92,Last Touch
CU005758,Google Ads,1369.93,Last Touch
CU005759,Outbound,846.15,First Touch
CU005760,Organic Search,240.04,First Touch
CU005761,Outbound,4844.74,First Touch
CU005762,Google Ads,4729.69,First Touch
CU005763,Event,1441.92,First Touch
CU005764,Organic Search,1226.83,First Touch
CU005765,Organic Search,1314.83,Last Touch
CU005766,Event,828.86,First Touch
CU005767,Google Ads,811.37,Multi-Touch
CU005768,Organic Search,1046.75,First Touch
CU005769,Partner,468.73,Multi-Touch
CU005770,Google Ads,4458.04,Multi-Touch
CU005771,Outbound,4423.76,Multi-Touch
CU005772,Event,1168.81,Multi-Touch
CU005773,Organic Search,4404.16,First Touch
CU005774,Partner,4403.83,Multi-Touch
CU005775,Partner,378.98,Multi-Touch
CU005776,Event,394.92,Last Touch
CU005777,Referral,1031.42,Multi-Touch
CU005778,Event,397.67,First Touch
CU005779,Partner,4514.27,First Touch
CU005780,LinkedIn Ads,4212.88,First Touch
CU005781,Outbound,397.46,First Touch
CU005782,Organic Search,4333.54,Last Touch
CU005783,Google Ads,1437.55,First Touch
CU005784,LinkedIn Ads,89.2,Last Touch
CU005785,Outbound,4332.5,Last Touch
CU005786,Google Ads,1381.54,Last Touch
CU005787,LinkedIn Ads,4597.04,Multi-Touch
CU005788,Referral,1222.19,First Touch
CU005789,Referral,4553.27,First Touch
CU005790,Google Ads,1229.17,Last Touch
CU005791,LinkedIn Ads,1158.55,Multi-Touch
CU005792,Outbound,439.94,Last Touch
CU005793,Partner,354.6,Multi-Touch
CU005794,Organic Search,1242.78,Multi-Touch
CU005795,Event,74.14,Last Touch
CU005796,Partner,1289.65,First Touch
CU005797,Event,981.18,Multi-Touch
CU005798,Event,5074.64,Multi-Touch
CU005799,Event,1183.66,Multi-Touch
CU005800,Event,1472.88,Last Touch
CU005801,Google Ads,149.22,First Touch
CU005802,Google Ads,4743.76,Last Touch
CU005803,Event,4333.54,Multi-Touch
CU005804,Organic Search,1526.24,First Touch
CU005805,Referral,4553.46,First Touch
CU005806,Outbound,1339.03,Last Touch
CU005807,LinkedIn Ads,1765.82,Multi-Touch
CU005808,Partner,1544.58,First Touch
CU005809,Event,485.99,Multi-Touch
CU005810,Organic Search,4604.8,First Touch
CU005811,Referral,661.69,First Touch
CU005812,Outbound,1435.5,Multi-Touch
CU005813,Google Ads,1233.24,First Touch
CU005814,Partner,296.89,Last Touch
CU005815,LinkedIn Ads,576.0,Multi-Touch
CU005816,Event,1361.29,Last Touch
CU005817,Outbound,525.76,First Touch
CU005818,Organic Search,372.24,Multi-Touch
CU005819,LinkedIn Ads,4584.23,Multi-Touch
CU005820,Outbound,844.84,Multi-Touch
CU005821,Google Ads,315.64,Multi-Touch
CU005822,Partner,1171.84,Last Touch
CU005823,Referral,1332.94,Last Touch
CU005824,Referral,1235.78,Last Touch
CU005825,Partner,4664.65,First Touch
CU005826,Referral,1175.69,Last Touch
CU005827,Outbound,1421.22,First Touch
CU005828,LinkedIn Ads,488.43,Multi-Touch
CU005829,Google Ads,807.94,Multi-Touch
CU005830,LinkedIn Ads,1067.41,First Touch
CU005831,Organic Search,358.92,First Touch
CU005832,Organic Search,656.35,Multi-Touch
CU005833,Google Ads,270.88,Multi-Touch
CU005834,Google Ads,4508.56,Last Touch
CU005835,LinkedIn Ads,4414.74,Last Touch
CU005836,Partner,480.06,Last Touch
CU005837,Organic Search,604.11,Multi-Touch
CU005838,Organic Search,1228.75,Multi-Touch
CU005839,Outbound,147.62,Last Touch
CU005840,LinkedIn Ads,4689.54,Last Touch
CU005841,Partner,1292.08,First Touch
CU005842,Organic Search,240.36,Multi-Touch
CU005843,Google Ads,452.21,Multi-Touch
CU005844,Referral,4592.8,Multi-Touch
CU005845,Organic Search,266.85,Last Touch
CU005846,Outbound,1228.05,Last Touch
CU005847,Event,1098.06,Multi-Touch
CU005848,LinkedIn Ads,4771.05,Multi-Touch
CU005849,Outbound,4427.88,Last Touch
CU005850,Outbound,1381.96,First Touch
CU005851,Outbound,1115.12,First Touch
CU005852,Partner,4674.77,First Touch
CU005853,Partner,330.92,Multi-Touch
CU005854,Outbound,333.09,Last Touch
CU005855,Event,1312.78,Last Touch
CU005856,Organic Search,746.11,Multi-Touch
CU005857,Google Ads,1271.14,Multi-Touch
CU005858,Google Ads,1278.33,Multi-Touch
CU005859,Outbound,563.16,Multi-Touch
CU005860,Event,42.11,First Touch
CU005861,Event,1340.4,Multi-Touch
CU005862,Google Ads,642.74,Last Touch
CU005863,Organic Search,309.14,First Touch
CU005864,Event,1495.46,First Touch
CU005865,Google Ads,4605.86,First Touch
CU005866,Organic Search,194.57,Last Touch
CU005867,Event,1072.42,Last Touch
CU005868,Outbound,524.52,Multi-Touch
CU005869,Google Ads,1248.39,Last Touch
CU005870,Organic Search,4357.77,Multi-Touch
CU005871,Referral,1231.38,First Touch
CU005872,Organic Search,1392.34,Last Touch
CU005873,Event,946.76,First Touch
CU005874,LinkedIn Ads,1171.21,First Touch
CU005875,Google Ads,297.04,Multi-Touch
CU005876,Event,4373.2,First Touch
CU005877,Outbound,4674.63,Last Touch
CU005878,Outbound,436.91,Multi-Touch
CU005879,LinkedIn Ads,524.2,Last Touch
CU005880,Organic Search,261.95,Last Touch
CU005881,Organic Search,568.4,Multi-Touch
CU005882,LinkedIn Ads,416.71,Last Touch
CU005883,LinkedIn Ads,1240.79,Multi-Touch
CU005884,Organic Search,181.83,Multi-Touch
CU005885,Event,441.36,First Touch
CU005886,Google Ads,1178.9,First Touch
CU005887,Event,4515.26,First Touch
CU005888,Referral,289.63,Multi-Touch
CU005889,Organic Search,4318.43,Last Touch
CU005890,Organic Search,355.02,Last Touch
CU005891,Referral,392.6,Last Touch
CU005892,Event,186.88,Last Touch
CU005893,Google Ads,1284.77,Last Touch
CU005894,Google Ads,4353.29,Multi-Touch
CU005895,LinkedIn Ads,4464.4,Multi-Touch
CU005896,Referral,4196.59,First Touch
CU005897,Referral,234.14,Last Touch
CU005898,LinkedIn Ads,4648.41,First Touch
CU005899,Outbound,1201.02,Last Touch
CU005900,Google Ads,1478.0,First Touch
CU005901,Partner,4506.29,First Touch
CU005902,LinkedIn Ads,468.79,First Touch
CU005903,Referral,346.8,Last Touch
CU005904,Outbound,157.6,Multi-Touch
CU005905,Event,4143.79,Multi-Touch
CU005906,Event,4327.78,Multi-Touch
CU005907,Outbound,4452.46,First Touch
CU005908,Event,1236.95,Multi-Touch
CU005909,Referral,32.23,First Touch
CU005910,Outbound,1128.49,Last Touch
CU005911,Google Ads,1211.81,Multi-Touch
CU005912,Event,4295.27,Last Touch
CU005913,Organic Search,706.23,Multi-Touch
CU005914,Google Ads,926.02,Multi-Touch
CU005915,LinkedIn Ads,1151.42,Multi-Touch
CU005916,Partner,1149.98,First Touch
CU005917,LinkedIn Ads,1213.97,Last Touch
CU005918,Partner,935.07,First Touch
CU005919,Outbound,4592.43,Last Touch
CU005920,Outbound,1577.18,First Touch
CU005921,Partner,956.61,Last Touch
CU005922,Outbound,626.17,First Touch
CU005923,Organic Search,4611.75,Multi-Touch
CU005924,Event,4200.74,Last Touch
CU005925,Outbound,363.47,Last Touch
CU005926,Google Ads,4381.6,Multi-Touch
CU005927,Google Ads,4673.17,Multi-Touch
CU005928,Outbound,501.61,Multi-Touch
CU005929,Partner,485.48,Multi-Touch
CU005930,Event,4782.64,First Touch
CU005931,Event,1232.14,Multi-Touch
CU005932,Event,25.82,Last Touch
CU005933,Event,1174.45,Multi-Touch
CU005934,Organic Search,4274.76,Multi-Touch
CU005935,Event,4366.02,Multi-Touch
CU005936,LinkedIn Ads,1235.3,Multi-Touch
CU005937,LinkedIn Ads,4520.38,Multi-Touch
CU005938,Partner,417.8,First Touch
CU005939,Google Ads,1134.65,Last Touch
CU005940,Outbound,4560.64,Multi-Touch
CU005941,Outbound,1055.15,Last Touch
CU005942,LinkedIn Ads,4823.23,Last Touch
CU005943,Event,1265.41,First Touch
CU005944,Outbound,4821.25,First Touch
CU005945,Partner,446.9,First Touch
CU005946,Google Ads,4413.25,Last Touch
CU005947,Outbound,113.42,First Touch
CU005948,Organic Search,440.11,Multi-Touch
CU005949,Google Ads,4508.43,Last Touch
CU005950,Referral,4509.53,First Touch
CU005951,LinkedIn Ads,299.12,Last Touch
CU005952,Event,4515.14,First Touch
CU005953,Outbound,784.27,First Touch
CU005954,Organic Search,397.97,First Touch
CU005955,Partner,1183.72,First Touch
CU005956,Google Ads,1149.1,Multi-Touch
CU005957,Referral,4186.8,Multi-Touch
CU005958,Outbound,372.88,Multi-Touch
CU005959,Partner,4579.09,Multi-Touch
CU005960,Google Ads,1615.64,Multi-Touch
CU005961,Google Ads,224.69,Multi-Touch
CU005962,Referral,476.44,Multi-Touch
CU005963,LinkedIn Ads,4668.48,Last Touch
CU005964,Organic Search,4682.6,Multi-Touch
CU005965,Referral,4463.94,Multi-Touch
CU005966,Event,4572.11,First Touch
CU005967,Referral,1236.57,First Touch
CU005968,LinkedIn Ads,4621.29,Last Touch
CU005969,Organic Search,1201.9,Last Touch
CU005970,Organic Search,4698.95,First Touch
CU005971,Partner,1447.06,Last Touch
CU005972,Organic Search,4401.56,Multi-Touch
CU005973,Outbound,1009.78,First Touch
CU005974,LinkedIn Ads,470.23,Last Touch
CU005975,Outbound,1241.14,Last Touch
CU005976,Referral,280.91,Last Touch
CU005977,Organic Search,4745.73,Multi-Touch
CU005978,Partner,4507.41,First Touch
CU005979,Organic Search,1653.67,Last Touch
CU005980,Partner,4267.08,Multi-Touch
CU005981,Google Ads,4240.65,Last Touch
CU005982,Organic Search,1214.8,Last Touch
CU005983,Outbound,961.51,Multi-Touch
CU005984,Google Ads,4892.28,Multi-Touch
CU005985,Partner,988.16,Multi-Touch
CU005986,LinkedIn Ads,1326.54,Multi-Touch
CU005987,Google Ads,908.62,Multi-Touch
CU005988,Event,231.73,First Touch
CU005989,Event,903.96,First Touch
CU005990,Google Ads,4509.63,Last Touch
CU005991,Outbound,4601.92,First Touch
CU005992,Organic Search,4314.93,First Touch
CU005993,Google Ads,1298.4,First Touch
CU005994,Organic Search,456.72,Last Touch
CU005995,LinkedIn Ads,4494.12,Multi-Touch
CU005996,Organic Search,262.44,First Touch
CU005997,Google Ads,840.65,Multi-Touch
CU005998,Outbound,531.83,Last Touch
CU005999,Referral,4132.52,First Touch
CU006000,Partner,261.09,First Touch
CU006001,Google Ads,4227.22,Last Touch
CU006002,Outbound,341.52,First Touch
CU006003,Referral,4254.44,Last Touch
CU006004,Organic Search,1366.16,First Touch
CU006005,Google Ads,1078.25,First Touch
CU006006,Referral,1352.62,First Touch
CU006007,Partner,258.47,Last Touch
CU006008,Outbound,4790.76,Last Touch
CU006009,Outbound,1165.31,First Touch
CU006010,Partner,319.09,First Touch
CU006011,Organic Search,425.21,Multi-Touch
CU006012,Referral,4564.47,Multi-Touch
CU006013,Event,993.61,First Touch
CU006014,Event,1455.79,Multi-Touch
CU006015,Organic Search,1123.97,Last Touch
CU006016,Event,4327.81,First Touch
CU006017,Event,4352.45,Last Touch
CU006018,Event,461.3,Multi-Touch
CU006019,Event,263.86,First Touch
CU006020,Outbound,457.59,Last Touch
CU006021,Google Ads,237.07,Multi-Touch
CU006022,Referral,1017.9,Multi-Touch
CU006023,Partner,4465.24,Last Touch
CU006024,Google Ads,4503.95,Last Touch
CU006025,Partner,298.35,Last Touch
CU006026,Outbound,4704.82,First Touch
CU006027,Event,4288.14,First Touch
CU006028,Outbound,4447.13,Last Touch
CU006029,Outbound,1494.87,Multi-Touch
CU006030,LinkedIn Ads,4534.84,First Touch
CU006031,Outbound,64.42,Last Touch
CU006032,Google Ads,763.67,Last Touch
CU006033,LinkedIn Ads,1165.15,First Touch
CU006034,Outbound,4478.16,First Touch
CU006035,Organic Search,478.01,Last Touch
CU006036,Organic Search,4435.32,First Touch
CU006037,Partner,1123.5,Multi-Touch
CU006038,Outbound,751.4,Last Touch
CU006039,Organic Search,4352.2,Multi-Touch
CU006040,Event,214.09,First Touch
CU006041,Referral,322.12,Multi-Touch
CU006042,Event,885.41,Last Touch
CU006043,Partner,3938.15,Last Touch
CU006044,Event,4592.25,First Touch
CU006045,Organic Search,3946.17,Multi-Touch
CU006046,Referral,654.42,Last Touch
CU006047,Organic Search,508.91,First Touch
CU006048,LinkedIn Ads,1073.39,Last Touch
CU006049,Partner,298.87,First Touch
CU006050,Partner,931.0,Last Touch
CU006051,Outbound,4624.65,Multi-Touch
CU006052,LinkedIn Ads,4685.71,First Touch
CU006053,Event,1330.6,Multi-Touch
CU006054,Organic Search,1140.51,Multi-Touch
CU006055,Organic Search,422.74,Last Touch
CU006056,Organic Search,552.63,Last Touch
CU006057,LinkedIn Ads,4577.43,Multi-Touch
CU006058,Partner,4483.36,Multi-Touch
CU006059,LinkedIn Ads,4606.76,Last Touch
CU006060,LinkedIn Ads,4492.61,Multi-Touch
CU006061,Event,4800.44,First Touch
CU006062,Referral,4895.31,Last Touch
CU006063,Outbound,1343.9,First Touch
CU006064,Event,342.57,Last Touch
CU006065,Event,302.32,First Touch
CU006066,Event,329.12,First Touch
CU006067,Organic Search,4398.29,First Touch
CU006068,Event,4667.13,First Touch
CU006069,Organic Search,290.57,Last Touch
CU006070,LinkedIn Ads,4570.13,Last Touch
CU006071,Partner,161.39,First Touch
CU006072,Event,4614.58,Multi-Touch
CU006073,Outbound,702.06,First Touch
CU006074,Google Ads,4456.72,Multi-Touch
CU006075,Google Ads,276.83,Multi-Touch
CU006076,Partner,4350.38,First Touch
CU006077,LinkedIn Ads,1135.29,Multi-Touch
CU006078,Event,1438.56,First Touch
CU006079,Event,1181.92,Multi-Touch
CU006080,Partner,778.7,Last Touch
CU006081,Partner,1097.58,Multi-Touch
CU006082,Partner,1000.02,Last Touch
CU006083,Google Ads,4129.04,First Touch
CU006084,Outbound,14.75,Last Touch
CU006085,Organic Search,1135.48,First Touch
CU006086,Referral,503.25,Last Touch
CU006087,Partner,1152.13,First Touch
CU006088,Referral,377.6,First Touch
CU006089,Outbound,1338.53,Last Touch
CU006090,Partner,624.55,Multi-Touch
CU006091,Partner,675.17,Multi-Touch
CU006092,LinkedIn Ads,1267.27,First Touch
CU006093,Partner,4223.04,Multi-Touch
CU006094,Google Ads,286.45,Multi-Touch
CU006095,Partner,4397.05,Multi-Touch
CU006096,Partner,366.37,Last Touch
CU006097,LinkedIn Ads,4532.16,First Touch
CU006098,Partner,1263.34,Multi-Touch
CU006099,Google Ads,1307.92,First Touch
CU006100,Outbound,93.24,Last Touch
CU006101,LinkedIn Ads,375.45,Multi-Touch
CU006102,Partner,1305.0,Multi-Touch
CU006103,Partner,4483.18,Multi-Touch
CU006104,Referral,396.44,First Touch
CU006105,Partner,1240.83,Multi-Touch
CU006106,Outbound,1138.15,First Touch
CU006107,Organic Search,4316.57,Multi-Touch
CU006108,Partner,4576.45,First Touch
CU006109,Outbound,1269.33,First Touch
CU006110,Google Ads,4594.64,Last Touch
CU006111,Partner,4298.68,First Touch
CU006112,Outbound,4318.5,First Touch
CU006113,LinkedIn Ads,4901.26,Last Touch
CU006114,Google Ads,428.02,Last Touch
CU006115,Partner,4527.49,First Touch
CU006116,LinkedIn Ads,4456.15,Last Touch
CU006117,Outbound,4392.39,Multi-Touch
CU006118,Google Ads,484.41,Multi-Touch
CU006119,Partner,248.67,Last Touch
CU006120,Event,1342.01,First Touch
CU006121,Google Ads,990.31,First Touch
CU006122,Event,4522.34,Multi-Touch
CU006123,Partner,1069.18,First Touch
CU006124,Partner,431.42,First Touch
CU006125,Partner,4742.87,Multi-Touch
CU006126,Outbound,98.79,Last Touch
CU006127,Organic Search,200.06,Multi-Touch
CU006128,Outbound,364.11,Last Touch
CU006129,Event,235.34,Multi-Touch
CU006130,Organic Search,377.4,Last Touch
CU006131,Partner,307.98,Last Touch
CU006132,Partner,4376.13,Multi-Touch
CU006133,LinkedIn Ads,4599.64,First Touch
CU006134,Event,484.02,Last Touch
CU006135,Event,974.16,Last Touch
CU006136,Google Ads,4229.07,Multi-Touch
CU006137,Organic Search,1020.24,First Touch
CU006138,Organic Search,1347.9,Last Touch
CU006139,Outbound,31.05,First Touch
CU006140,LinkedIn Ads,486.94,Multi-Touch
CU006141,Google Ads,534.56,Multi-Touch
CU006142,Google Ads,4492.72,First Touch
CU006143,Partner,1360.79,Last Touch
CU006144,LinkedIn Ads,256.02,Last Touch
CU006145,Referral,1477.6,First Touch
CU006146,LinkedIn Ads,27.82,First Touch
CU006147,LinkedIn Ads,141.97,Last Touch
CU006148,Partner,997.72,Last Touch
CU006149,Event,1208.15,Multi-Touch
CU006150,Event,1021.56,Last Touch
CU006151,Event,311.17,Multi-Touch
CU006152,Referral,1211.0,Last Touch
CU006153,Partner,1015.16,Multi-Touch
CU006154,Referral,473.93,Multi-Touch
CU006155,LinkedIn Ads,1465.51,Multi-Touch
CU006156,Organic Search,286.81,Last Touch
CU006157,Event,4648.15,Multi-Touch
CU006158,LinkedIn Ads,4848.73,First Touch
CU006159,Event,388.63,Multi-Touch
CU006160,Organic Search,583.36,Last Touch
CU006161,Google Ads,295.38,Last Touch
CU006162,Outbound,4474.32,First Touch
CU006163,Referral,4484.22,Last Touch
CU006164,Partner,1304.2,Last Touch
CU006165,LinkedIn Ads,1511.67,Multi-Touch
CU006166,Event,4556.21,First Touch
CU006167,Outbound,59.48,Last Touch
CU006168,Event,1067.57,Multi-Touch
CU006169,Referral,4397.51,Last Touch
CU006170,Outbound,1371.87,Last Touch
CU006171,Organic Search,4596.57,Last Touch
CU006172,Referral,538.86,Multi-Touch
CU006173,Partner,621.42,First Touch
CU006174,Event,547.3,Multi-Touch
CU006175,Organic Search,1162.23,Last Touch
CU006176,Referral,1249.62,Last Touch
CU006177,Event,7.71,Multi-Touch
CU006178,Organic Search,4158.18,First Touch
CU006179,Organic Search,40.9,First Touch
CU006180,Google Ads,1167.7,Last Touch
CU006181,Organic Search,1054.54,Multi-Touch
CU006182,Organic Search,4185.46,Last Touch
CU006183,Event,4677.37,First Touch
CU006184,Partner,182.71,Multi-Touch
CU006185,Outbound,1323.18,First Touch
CU006186,Event,467.94,Multi-Touch
CU006187,Referral,4576.32,First Touch
CU006188,Partner,1333.17,First Touch
CU006189,Referral,4721.83,Multi-Touch
CU006190,Outbound,1203.02,Last Touch
CU006191,Partner,161.55,Last Touch
CU006192,Event,4419.75,First Touch
CU006193,LinkedIn Ads,1469.82,Last Touch
CU006194,Google Ads,681.02,First Touch
CU006195,Organic Search,4939.21,Multi-Touch
CU006196,LinkedIn Ads,4549.24,Last Touch
CU006197,Google Ads,822.61,First Touch
CU006198,Partner,952.82,Last Touch
CU006199,Partner,1151.14,Multi-Touch
CU006200,Event,773.96,First Touch
CU006201,Outbound,4577.55,First Touch
CU006202,Google Ads,1188.68,Multi-Touch
CU006203,Partner,353.11,Last Touch
CU006204,Event,4834.22,Multi-Touch
CU006205,Outbound,341.17,First Touch
CU006206,Event,1284.99,First Touch
CU006207,Google Ads,1400.86,Last Touch
CU006208,Organic Search,1087.36,First Touch
CU006209,Organic Search,1015.49,First Touch
CU006210,Google Ads,95.58,Multi-Touch
CU006211,Referral,1554.27,First Touch
CU006212,Event,4670.42,Last Touch
CU006213,Partner,428.52,Multi-Touch
CU006214,Referral,4419.29,Multi-Touch
CU006215,Outbound,407.12,Multi-Touch
CU006216,Partner,138.36,Multi-Touch
CU006217,Outbound,4233.13,Multi-Touch
CU006218,Google Ads,4320.5,Multi-Touch
CU006219,Google Ads,4637.8,First Touch
CU006220,Partner,4530.54,Multi-Touch
CU006221,Organic Search,4433.88,Multi-Touch
CU006222,Partner,588.56,Multi-Touch
CU006223,Event,386.35,Multi-Touch
CU006224,Organic Search,87.98,Multi-Touch
CU006225,Organic Search,1234.17,Last Touch
CU006226,Referral,1479.98,First Touch
CU006227,LinkedIn Ads,4268.7,First Touch
CU006228,Referral,1345.75,Last Touch
CU006229,Partner,1005.81,Last Touch
CU006230,Referral,1290.33,First Touch
CU006231,Organic Search,4203.96,Last Touch
CU006232,Referral,521.93,Last Touch
CU006233,Event,4383.7,Multi-Touch
CU006234,Organic Search,4680.68,First Touch
CU006235,Google Ads,4607.6,First Touch
CU006236,Google Ads,1452.88,Multi-Touch
CU006237,Outbound,170.42,First Touch
CU006238,Organic Search,4352.04,Last Touch
CU006239,Referral,1034.05,First Touch
CU006240,Referral,1083.98,First Touch
CU006241,LinkedIn Ads,1217.25,Multi-Touch
CU006242,Organic Search,4608.31,Last Touch
CU006243,LinkedIn Ads,243.73,Last Touch
CU006244,Google Ads,1274.84,Last Touch
CU006245,LinkedIn Ads,4365.1,Last Touch
CU006246,LinkedIn Ads,1415.48,First Touch
CU006247,Event,4487.77,Last Touch
CU006248,Google Ads,1172.98,First Touch
CU006249,Referral,597.77,Multi-Touch
CU006250,Outbound,1246.76,First Touch
CU006251,Organic Search,585.95,Last Touch
CU006252,Organic Search,1361.47,First Touch
CU006253,LinkedIn Ads,4723.7,Multi-Touch
CU006254,Google Ads,361.63,Last Touch
CU006255,Event,4881.5,Last Touch
CU006256,Partner,2.61,First Touch
CU006257,Event,464.7,First Touch
CU006258,Event,969.05,Last Touch
CU006259,LinkedIn Ads,1150.76,Last Touch
CU006260,Referral,1270.37,Last Touch
CU006261,Outbound,4725.68,First Touch
CU006262,Event,4756.37,Multi-Touch
CU006263,Referral,214.75,First Touch
CU006264,Google Ads,4579.73,Multi-Touch
CU006265,Outbound,1208.29,Last Touch
CU006266,Outbound,4331.86,Last Touch
CU006267,LinkedIn Ads,4786.69,First Touch
CU006268,Google Ads,432.33,Multi-Touch
CU006269,LinkedIn Ads,1546.95,Last Touch
CU006270,Organic Search,1366.73,First Touch
CU006271,Partner,1258.75,Last Touch
CU006272,Event,394.27,Last Touch
CU006273,Outbound,4392.42,First Touch
CU006274,Event,1361.4,Multi-Touch
CU006275,Referral,4347.0,Last Touch
CU006276,Partner,991.51,First Touch
CU006277,Partner,4442.98,Last Touch
CU006278,Referral,1382.3,Last Touch
CU006279,LinkedIn Ads,1233.93,First Touch
CU006280,Organic Search,4463.85,Multi-Touch
CU006281,Referral,1416.17,Multi-Touch
CU006282,LinkedIn Ads,494.13,Multi-Touch
CU006283,Organic Search,287.59,Last Touch
CU006284,Google Ads,1147.63,Multi-Touch
CU006285,Event,4226.95,Multi-Touch
CU006286,Referral,4551.18,First Touch
CU006287,Referral,1185.48,Last Touch
CU006288,Event,303.74,First Touch
CU006289,Organic Search,932.41,Multi-Touch
CU006290,Google Ads,4785.26,First Touch
CU006291,LinkedIn Ads,643.89,Multi-Touch
CU006292,Referral,1058.16,Multi-Touch
CU006293,Referral,1045.36,First Touch
CU006294,Outbound,223.0,First Touch
CU006295,Partner,1065.21,Last Touch
CU006296,Partner,4721.82,Last Touch
CU006297,Referral,4236.16,Multi-Touch
CU006298,Partner,1052.16,Last Touch
CU006299,Outbound,4434.46,First Touch
CU006300,Referral,4140.69,Last Touch
CU006301,Organic Search,1187.36,Last Touch
CU006302,Google Ads,988.94,Last Touch
CU006303,Partner,559.75,Multi-Touch
CU006304,Organic Search,4229.84,Last Touch
CU006305,Google Ads,821.32,First Touch
CU006306,Outbound,4474.03,Multi-Touch
CU006307,Organic Search,1273.67,Multi-Touch
CU006308,Google Ads,4390.49,First Touch
CU006309,Outbound,4703.43,Last Touch
CU006310,LinkedIn Ads,4259.96,Last Touch
CU006311,Organic Search,115.38,Multi-Touch
CU006312,Partner,4476.37,Multi-Touch
CU006313,Outbound,4912.66,First Touch
CU006314,Event,1265.32,First Touch
CU006315,Outbound,4608.41,First Touch
CU006316,Organic Search,4300.89,First Touch
CU006317,Referral,4360.93,First Touch
CU006318,Organic Search,1498.75,First Touch
CU006319,Organic Search,1084.6,Multi-Touch
CU006320,Event,899.34,Last Touch
CU006321,Partner,4557.84,Last Touch
CU006322,Organic Search,436.24,First Touch
CU006323,Outbound,882.85,Last Touch
CU006324,LinkedIn Ads,427.74,First Touch
CU006325,Organic Search,4460.69,Multi-Touch
CU006326,Google Ads,4768.4,Multi-Touch
CU006327,Organic Search,906.96,Last Touch
CU006328,Event,289.63,First Touch
CU006329,Google Ads,1139.66,Last Touch
CU006330,LinkedIn Ads,224.73,First Touch
CU006331,Google Ads,361.58,First Touch
CU006332,Referral,4303.67,Last Touch
CU006333,Google Ads,1057.49,First Touch
CU006334,Referral,1508.81,Multi-Touch
CU006335,LinkedIn Ads,1679.22,Last Touch
CU006336,Referral,991.58,Multi-Touch
CU006337,Partner,413.77,Multi-Touch
CU006338,Outbound,4340.49,Multi-Touch
CU006339,Event,582.25,First Touch
CU006340,Partner,679.38,First Touch
CU006341,Referral,305.34,First Touch
CU006342,LinkedIn Ads,967.21,Multi-Touch
CU006343,LinkedIn Ads,968.13,Multi-Touch
CU006344,Outbound,1087.18,Last Touch
CU006345,Partner,1077.0,Multi-Touch
CU006346,LinkedIn Ads,4733.49,First Touch
CU006347,Google Ads,4580.13,Last Touch
CU006348,LinkedIn Ads,572.44,Last Touch
CU006349,Referral,4276.34,Last Touch
CU006350,Referral,876.3,Last Touch
CU006351,Referral,4476.2,Last Touch
CU006352,Event,1437.17,First Touch
CU006353,Partner,4212.81,Last Touch
CU006354,LinkedIn Ads,144.21,Last Touch
CU006355,Google Ads,994.88,Last Touch
CU006356,Outbound,4467.72,First Touch
CU006357,Outbound,499.26,First Touch
CU006358,Referral,4437.09,Multi-Touch
CU006359,LinkedIn Ads,1378.96,Last Touch
CU006360,Partner,169.42,Multi-Touch
CU006361,Event,4843.55,Multi-Touch
CU006362,Google Ads,1246.39,Multi-Touch
CU006363,Event,4464.08,Last Touch
CU006364,Organic Search,369.11,First Touch
CU006365,Outbound,4569.7,Multi-Touch
CU006366,Outbound,4492.23,First Touch
CU006367,Referral,1842.25,Multi-Touch
CU006368,Partner,1098.96,First Touch
CU006369,Outbound,370.09,Multi-Touch
CU006370,Google Ads,4677.96,Multi-Touch
CU006371,Partner,449.87,Multi-Touch
CU006372,Google Ads,1110.92,Multi-Touch
CU006373,Event,624.28,Last Touch
CU006374,Organic Search,182.69,Multi-Touch
CU006375,Organic Search,183.4,Last Touch
CU006376,LinkedIn Ads,295.83,Last Touch
CU006377,Referral,1043.51,Last Touch
CU006378,Referral,827.97,Last Touch
CU006379,Organic Search,1083.89,First Touch
CU006380,Partner,439.75,Last Touch
CU006381,Event,332.92,Last Touch
CU006382,Referral,4427.04,Last Touch
CU006383,Organic Search,1205.51,Multi-Touch
CU006384,Partner,1745.25,Last Touch
CU006385,LinkedIn Ads,1247.09,First Touch
CU006386,Outbound,1114.53,Last Touch
CU006387,Google Ads,1398.45,Last Touch
CU006388,Event,4750.71,First Touch
CU006389,LinkedIn Ads,914.91,First Touch
CU006390,Referral,1057.66,First Touch
CU006391,Referral,4402.67,First Touch
CU006392,Partner,4413.7,First Touch
CU006393,Outbound,12.67,Last Touch
CU006394,Outbound,4673.38,Multi-Touch
CU006395,Google Ads,1008.08,First Touch
CU006396,Event,1001.9,Multi-Touch
CU006397,LinkedIn Ads,423.38,Multi-Touch
CU006398,Organic Search,1162.32,Multi-Touch
CU006399,Event,653.0,Last Touch
CU006400,LinkedIn Ads,322.93,First Touch
CU006401,Referral,4475.32,Multi-Touch
CU006402,Outbound,1161.6,First Touch
CU006403,Outbound,4366.45,Last Touch
CU006404,Google Ads,85.45,First Touch
CU006405,LinkedIn Ads,4298.55,Multi-Touch
CU006406,Organic Search,4203.33,Multi-Touch
CU006407,Google Ads,1152.59,Multi-Touch
CU006408,LinkedIn Ads,1028.21,Multi-Touch
CU006409,LinkedIn Ads,206.89,Last Touch
CU006410,Outbound,4775.96,Last Touch
CU006411,Outbound,400.06,Multi-Touch
CU006412,Google Ads,935.58,Last Touch
CU006413,Partner,1185.37,Multi-Touch
CU006414,LinkedIn Ads,555.01,First Touch
CU006415,Event,1140.14,First Touch
CU006416,Organic Search,1312.98,Multi-Touch
CU006417,Referral,4314.94,Multi-Touch
CU006418,LinkedIn Ads,420.66,Multi-Touch
CU006419,Organic Search,4380.02,First Touch
CU006420,Outbound,1428.98,Multi-Touch
CU006421,LinkedIn Ads,938.57,Last Touch
CU006422,Partner,4509.36,Last Touch
CU006423,Google Ads,4533.91,Last Touch
CU006424,Partner,1293.99,Last Touch
CU006425,Event,4309.92,Multi-Touch
CU006426,Referral,1299.47,Multi-Touch
CU006427,Outbound,479.51,First Touch
CU006428,Partner,262.27,First Touch
CU006429,Event,4465.07,First Touch
CU006430,LinkedIn Ads,1399.47,Multi-Touch
CU006431,Outbound,301.46,Last Touch
CU006432,Organic Search,380.26,Multi-Touch
CU006433,Outbound,1286.64,First Touch
CU006434,Google Ads,1363.86,Last Touch
CU006435,Outbound,4326.36,First Touch
CU006436,Partner,573.82,First Touch
CU006437,Event,1414.58,Multi-Touch
CU006438,Partner,943.78,Last Touch
CU006439,Organic Search,4401.34,Last Touch
CU006440,LinkedIn Ads,1472.1,Last Touch
CU006441,Google Ads,142.6,Multi-Touch
CU006442,Outbound,4866.27,Last Touch
CU006443,LinkedIn Ads,1301.32,First Touch
CU006444,Organic Search,4820.1,First Touch
CU006445,LinkedIn Ads,4402.09,Multi-Touch
CU006446,Organic Search,1317.04,Last Touch
CU006447,Referral,886.1,First Touch
CU006448,Event,244.06,First Touch
CU006449,Outbound,4549.79,Last Touch
CU006450,LinkedIn Ads,1183.18,Multi-Touch
CU006451,Google Ads,4920.11,Multi-Touch
CU006452,Referral,4476.88,Multi-Touch
CU006453,Organic Search,1219.72,Multi-Touch
CU006454,Google Ads,4605.92,First Touch
CU006455,Partner,4358.03,Multi-Touch
CU006456,Event,4504.91,First Touch
CU006457,Outbound,377.71,First Touch
CU006458,Organic Search,1191.49,Last Touch
CU006459,Event,4001.57,Last Touch
CU006460,Organic Search,532.7,First Touch
CU006461,Partner,356.63,Multi-Touch
CU006462,Referral,1010.06,Multi-Touch
CU006463,Referral,4183.02,Multi-Touch
CU006464,Referral,335.97,Multi-Touch
CU006465,Referral,1693.03,Last Touch
CU006466,Google Ads,4932.49,First Touch
CU006467,LinkedIn Ads,4538.96,Multi-Touch
CU006468,LinkedIn Ads,4906.24,Last Touch
CU006469,Partner,1247.39,First Touch
CU006470,Outbound,313.06,First Touch
CU006471,Partner,3866.42,Multi-Touch
CU006472,Partner,4666.16,Last Touch
CU006473,LinkedIn Ads,1026.85,First Touch
CU006474,Google Ads,1489.73,Last Touch
CU006475,Partner,4840.71,First Touch
CU006476,Organic Search,671.4,First Touch
CU006477,Organic Search,132.47,First Touch
CU006478,Google Ads,887.0,Multi-Touch
CU006479,Referral,1241.71,First Touch
CU006480,Outbound,4653.04,First Touch
CU006481,Referral,4560.62,First Touch
CU006482,Partner,1069.55,Multi-Touch
CU006483,LinkedIn Ads,763.46,Last Touch
CU006484,Google Ads,322.01,First Touch
CU006485,Partner,4676.76,First Touch
CU006486,Event,291.14,First Touch
CU006487,Referral,220.36,Multi-Touch
CU006488,Google Ads,1448.59,Last Touch
CU006489,Event,499.02,First Touch
CU006490,Organic Search,1349.11,Multi-Touch
CU006491,Google Ads,4717.19,Last Touch
CU006492,Google Ads,1319.42,Last Touch
CU006493,Partner,4202.8,Multi-Touch
CU006494,Partner,4249.66,Multi-Touch
CU006495,Partner,4318.05,First Touch
CU006496,Google Ads,665.74,First Touch
CU006497,Partner,1090.63,Multi-Touch
CU006498,Organic Search,1076.71,First Touch
CU006499,Google Ads,364.92,First Touch
CU006500,Referral,4718.39,First Touch
CU006501,Organic Search,4850.27,Multi-Touch
CU006502,Organic Search,1041.07,First Touch
CU006503,Google Ads,1581.38,Last Touch
CU006504,Google Ads,579.62,Multi-Touch
CU006505,Partner,247.02,First Touch
CU006506,Outbound,1028.97,Last Touch
CU006507,Partner,363.11,First Touch
CU006508,LinkedIn Ads,380.91,First Touch
CU006509,Event,420.9,First Touch
CU006510,LinkedIn Ads,242.14,Last Touch
CU006511,LinkedIn Ads,977.05,First Touch
CU006512,LinkedIn Ads,4418.21,Multi-Touch
CU006513,Event,10.1,Multi-Touch
CU006514,Event,225.2,Multi-Touch
CU006515,Google Ads,4759.92,Last Touch
CU006516,Organic Search,131.87,Multi-Touch
CU006517,Outbound,4485.02,Multi-Touch
CU006518,Partner,4319.06,Multi-Touch
CU006519,Organic Search,323.05,First Touch
CU006520,Organic Search,616.82,First Touch
CU006521,Google Ads,1261.28,Multi-Touch
CU006522,Referral,4747.63,Last Touch
CU006523,Outbound,711.36,Multi-Touch
CU006524,Event,1015.44,Multi-Touch
CU006525,Outbound,23.8,First Touch
CU006526,Partner,4617.0,Multi-Touch
CU006527,Outbound,4468.58,Last Touch
CU006528,Organic Search,289.73,Multi-Touch
CU006529,Organic Search,464.92,Last Touch
CU006530,Google Ads,1164.91,Multi-Touch
CU006531,Event,486.74,Multi-Touch
CU006532,Organic Search,253.43,First Touch
CU006533,Outbound,4310.04,Multi-Touch
CU006534,Google Ads,250.27,Last Touch
CU006535,Organic Search,1232.24,Last Touch
CU006536,Partner,1171.58,Multi-Touch
CU006537,Outbound,199.21,Last Touch
CU006538,Event,537.29,First Touch
CU006539,Referral,1142.03,Last Touch
CU006540,Referral,1433.74,First Touch
CU006541,Outbound,1255.02,Last Touch
CU006542,Outbound,203.58,Last Touch
CU006543,Outbound,1108.62,Last Touch
CU006544,Partner,557.22,First Touch
CU006545,Organic Search,1515.51,Multi-Touch
CU006546,Event,206.7,Last Touch
CU006547,Outbound,293.34,Last Touch
CU006548,LinkedIn Ads,4456.75,First Touch
CU006549,Event,261.26,Last Touch
CU006550,Referral,89.93,Last Touch
CU006551,Outbound,1225.45,First Touch
CU006552,Referral,1354.08,First Touch
CU006553,Google Ads,4559.2,Multi-Touch
CU006554,LinkedIn Ads,1275.95,Multi-Touch
CU006555,Event,1313.59,Multi-Touch
CU006556,Organic Search,4608.62,Last Touch
CU006557,Partner,4461.56,Last Touch
CU006558,Outbound,492.69,Last Touch
CU006559,Partner,4341.22,Last Touch
CU006560,Organic Search,579.03,Last Touch
CU006561,Outbound,372.45,First Touch
CU006562,Referral,1210.97,Multi-Touch
CU006563,Google Ads,1079.36,First Touch
CU006564,Google Ads,4551.45,Multi-Touch
CU006565,LinkedIn Ads,1402.77,Multi-Touch
CU006566,Outbound,4666.01,Last Touch
CU006567,LinkedIn Ads,6.61,First Touch
CU006568,Partner,1012.91,First Touch
CU006569,Google Ads,582.79,Multi-Touch
CU006570,Event,545.91,First Touch
CU006571,Google Ads,1681.68,First Touch
CU006572,Referral,4729.71,Multi-Touch
CU006573,LinkedIn Ads,1626.86,Multi-Touch
CU006574,Event,1213.17,Multi-Touch
CU006575,Referral,4774.52,First Touch
CU006576,Outbound,711.46,First Touch
CU006577,Event,1279.4,Multi-Touch
CU006578,Google Ads,4656.73,Multi-Touch
CU006579,Event,4767.72,Multi-Touch
CU006580,Referral,246.73,Last Touch
CU006581,Referral,592.54,First Touch
CU006582,Outbound,452.76,Last Touch
CU006583,Outbound,4607.78,Multi-Touch
CU006584,Google Ads,4312.48,First Touch
CU006585,Organic Search,394.14,Last Touch
CU006586,LinkedIn Ads,425.49,Last Touch
CU006587,LinkedIn Ads,4377.24,First Touch
CU006588,Organic Search,1104.89,First Touch
CU006589,LinkedIn Ads,4612.2,Last Touch
CU006590,LinkedIn Ads,552.6,Multi-Touch
CU006591,Event,10.88,Last Touch
CU006592,Partner,165.33,First Touch
CU006593,Google Ads,1039.65,First Touch
CU006594,Google Ads,4819.3,First Touch
CU006595,Google Ads,1032.04,First Touch
CU006596,Partner,548.65,First Touch
CU006597,Referral,232.17,Last Touch
CU006598,Event,4430.41,Multi-Touch
CU006599,Google Ads,339.72,Last Touch
CU006600,Event,1481.39,Multi-Touch
CU006601,Google Ads,4176.63,Multi-Touch
CU006602,Referral,1372.54,Last Touch
CU006603,Google Ads,152.74,Last Touch
CU006604,Outbound,4037.78,Last Touch
CU006605,LinkedIn Ads,4984.69,First Touch
CU006606,Referral,1459.85,Last Touch
CU006607,Google Ads,4382.98,First Touch
CU006608,Partner,940.45,Multi-Touch
CU006609,LinkedIn Ads,1366.05,Last Touch
CU006610,Organic Search,1246.53,First Touch
CU006611,Partner,4371.66,Multi-Touch
CU006612,Event,4174.52,Last Touch
CU006613,Event,4475.61,First Touch
CU006614,Organic Search,336.17,Last Touch
CU006615,Referral,4777.48,Multi-Touch
CU006616,Organic Search,4889.57,Last Touch
CU006617,LinkedIn Ads,1107.44,Multi-Touch
CU006618,Referral,1194.4,First Touch
CU006619,Organic Search,4820.74,Last Touch
CU006620,Referral,1270.9,Last Touch
CU006621,Outbound,225.96,Last Touch
CU006622,Partner,450.17,First Touch
CU006623,Partner,990.9,Multi-Touch
CU006624,Google Ads,536.74,Last Touch
CU006625,Partner,1303.98,Multi-Touch
CU006626,LinkedIn Ads,189.23,First Touch
CU006627,Referral,491.47,First Touch
CU006628,Partner,1330.07,First Touch
CU006629,Organic Search,1193.02,First Touch
CU006630,Organic Search,203.02,First Touch
CU006631,LinkedIn Ads,417.68,First Touch
CU006632,Google Ads,502.37,First Touch
CU006633,Organic Search,4417.0,First Touch
CU006634,Outbound,378.8,Last Touch
CU006635,Partner,1316.5,Last Touch
CU006636,LinkedIn Ads,952.95,Multi-Touch
CU006637,Organic Search,442.53,Last Touch
CU006638,Google Ads,1219.11,First Touch
CU006639,Event,1078.67,Last Touch
CU006640,LinkedIn Ads,495.35,Last Touch
CU006641,Outbound,4079.2,Last Touch
CU006642,Referral,607.09,Multi-Touch
CU006643,Referral,1235.29,Multi-Touch
CU006644,Referral,474.38,Multi-Touch
CU006645,Google Ads,1590.92,Multi-Touch
CU006646,LinkedIn Ads,999.19,Last Touch
CU006647,Google Ads,1283.74,Last Touch
CU006648,Event,433.06,First Touch
CU006649,Referral,28.44,First Touch
CU006650,Organic Search,1534.88,First Touch
CU006651,LinkedIn Ads,87.08,First Touch
CU006652,Google Ads,3979.65,Last Touch
CU006653,Organic Search,4604.8,Multi-Touch
CU006654,LinkedIn Ads,1171.63,Last Touch
CU006655,Organic Search,1430.66,Last Touch
CU006656,LinkedIn Ads,329.78,Last Touch
CU006657,Organic Search,5048.91,Last Touch
CU006658,Outbound,624.48,Last Touch
CU006659,Event,1093.7,Last Touch
CU006660,Organic Search,219.74,Last Touch
CU006661,Organic Search,171.93,First Touch
CU006662,Referral,477.9,First Touch
CU006663,Partner,4240.4,Multi-Touch
CU006664,Outbound,847.99,Multi-Touch
CU006665,Partner,1266.04,Multi-Touch
CU006666,Organic Search,1084.58,Last Touch
CU006667,Outbound,1003.25,Multi-Touch
CU006668,LinkedIn Ads,1642.57,Last Touch
CU006669,Event,4666.32,Multi-Touch
CU006670,Referral,1117.69,First Touch
CU006671,Referral,4457.32,First Touch
CU006672,LinkedIn Ads,1183.23,Multi-Touch
CU006673,LinkedIn Ads,4580.87,Multi-Touch
CU006674,Outbound,1214.14,Multi-Touch
CU006675,Partner,1030.47,Last Touch
CU006676,Google Ads,491.39,Last Touch
CU006677,Partner,518.54,Last Touch
CU006678,Outbound,1376.87,Multi-Touch
CU006679,Partner,1268.97,Last Touch
CU006680,Referral,4483.36,Last Touch
CU006681,Event,1059.45,Multi-Touch
CU006682,Outbound,4736.55,First Touch
CU006683,Organic Search,1327.76,Last Touch
CU006684,Google Ads,999.84,Multi-Touch
CU006685,LinkedIn Ads,533.8,Last Touch
CU006686,Referral,4192.67,Multi-Touch
CU006687,Event,1065.87,First Touch
CU006688,Google Ads,4364.29,Last Touch
CU006689,Referral,455.98,Multi-Touch
CU006690,Referral,1460.77,Multi-Touch
CU006691,LinkedIn Ads,1120.88,Last Touch
CU006692,LinkedIn Ads,4488.91,Last Touch
CU006693,Referral,1162.69,Last Touch
CU006694,Organic Search,1572.01,Multi-Touch
CU006695,Organic Search,4609.61,Multi-Touch
CU006696,Referral,497.26,First Touch
CU006697,Event,4356.12,Multi-Touch
CU006698,Event,318.09,First Touch
CU006699,LinkedIn Ads,1165.67,Multi-Touch
CU006700,Organic Search,1362.79,Last Touch
CU006701,Partner,1160.91,First Touch
CU006702,Event,515.55,Last Touch
CU006703,Event,63.4,Multi-Touch
CU006704,Event,1353.86,Multi-Touch
CU006705,LinkedIn Ads,503.63,First Touch
CU006706,Google Ads,4147.38,Last Touch
CU006707,Organic Search,1071.62,Multi-Touch
CU006708,Organic Search,1287.27,Multi-Touch
CU006709,Organic Search,4549.7,Last Touch
CU006710,Referral,868.24,Multi-Touch
CU006711,LinkedIn Ads,1602.75,Last Touch
CU006712,Outbound,1109.41,Multi-Touch
CU006713,LinkedIn Ads,408.39,Multi-Touch
CU006714,Partner,339.46,Multi-Touch
CU006715,Partner,1462.37,First Touch
CU006716,Organic Search,387.61,Last Touch
CU006717,Outbound,128.9,Last Touch
CU006718,LinkedIn Ads,4588.65,Last Touch
CU006719,Referral,1279.35,Last Touch
CU006720,Event,1230.77,Multi-Touch
CU006721,Organic Search,1766.28,First Touch
CU006722,Organic Search,1441.06,Last Touch
CU006723,Referral,1301.59,First Touch
CU006724,Partner,759.13,Last Touch
CU006725,Referral,4571.54,Multi-Touch
CU006726,Event,289.18,First Touch
CU006727,Outbound,1190.58,First Touch
CU006728,Google Ads,552.03,First Touch
CU006729,LinkedIn Ads,4384.66,Multi-Touch
CU006730,Partner,4919.28,Multi-Touch
CU006731,Organic Search,437.84,Last Touch
CU006732,Referral,1059.65,Last Touch
CU006733,Partner,438.46,Last Touch
CU006734,Referral,4617.73,First Touch
CU006735,Google Ads,4547.82,Multi-Touch
CU006736,Organic Search,4676.86,Multi-Touch
CU006737,Partner,4518.61,First Touch
CU006738,Partner,1197.4,Last Touch
CU006739,Partner,1266.41,Multi-Touch
CU006740,Referral,4744.26,First Touch
CU006741,Organic Search,1561.11,Multi-Touch
CU006742,Outbound,198.24,First Touch
CU006743,Partner,4519.47,Multi-Touch
CU006744,Outbound,1144.55,Multi-Touch
CU006745,Event,1143.82,First Touch
CU006746,Outbound,1062.71,Last Touch
CU006747,Partner,363.28,Last Touch
CU006748,Partner,728.64,Last Touch
CU006749,Organic Search,1298.49,Last Touch
CU006750,Event,4294.04,First Touch
CU006751,Partner,295.98,Last Touch
CU006752,Outbound,1108.39,Last Touch
CU006753,Outbound,353.27,First Touch
CU006754,Google Ads,152.77,Last Touch
CU006755,Event,1078.69,Multi-Touch
CU006756,Outbound,4042.3,Multi-Touch
CU006757,Outbound,64.48,First Touch
CU006758,Event,428.38,Multi-Touch
CU006759,Organic Search,443.33,First Touch
CU006760,LinkedIn Ads,1336.08,Multi-Touch
CU006761,Organic Search,4290.81,First Touch
CU006762,LinkedIn Ads,4543.08,First Touch
CU006763,Outbound,1412.99,Last Touch
CU006764,Google Ads,4497.5,Multi-Touch
CU006765,LinkedIn Ads,4155.82,Last Touch
CU006766,Event,963.8,Multi-Touch
CU006767,Referral,361.71,Last Touch
CU006768,Event,1218.46,Last Touch
CU006769,Referral,978.69,First Touch
CU006770,LinkedIn Ads,1387.35,Last Touch
CU006771,LinkedIn Ads,206.11,Multi-Touch
CU006772,Partner,1253.61,Last Touch
CU006773,Google Ads,4614.45,Multi-Touch
CU006774,Referral,1310.24,First Touch
CU006775,Organic Search,4869.48,Last Touch
CU006776,Google Ads,600.36,Last Touch
CU006777,Outbound,513.6,Last Touch
CU006778,Outbound,1172.33,Last Touch
CU006779,LinkedIn Ads,99.48,First Touch
CU006780,Partner,1271.3,Last Touch
CU006781,Google Ads,4477.05,Multi-Touch
CU006782,Google Ads,4416.82,First Touch
CU006783,Referral,1488.02,Last Touch
CU006784,Event,1036.7,First Touch
CU006785,LinkedIn Ads,1047.3,First Touch
CU006786,Organic Search,143.01,Multi-Touch
CU006787,Event,170.59,First Touch
CU006788,Outbound,394.89,Last Touch
CU006789,Google Ads,930.42,Multi-Touch
CU006790,LinkedIn Ads,4568.2,First Touch
CU006791,Partner,1071.82,Last Touch
CU006792,Google Ads,465.83,Last Touch
CU006793,Referral,1069.18,Last Touch
CU006794,LinkedIn Ads,234.17,First Touch
CU006795,LinkedIn Ads,4362.99,Multi-Touch
CU006796,Event,1334.65,First Touch
CU006797,Event,135.48,First Touch
CU006798,Google Ads,571.34,First Touch
CU006799,Referral,1095.53,Last Touch
CU006800,Referral,4236.15,First Touch
CU006801,Event,1560.76,First Touch
CU006802,Partner,1310.22,Multi-Touch
CU006803,Event,4545.18,First Touch
CU006804,LinkedIn Ads,1105.37,Last Touch
CU006805,LinkedIn Ads,1261.14,Last Touch
CU006806,Outbound,598.17,First Touch
CU006807,Organic Search,4542.62,Last Touch
CU006808,Google Ads,1436.32,Multi-Touch
CU006809,Partner,304.19,Last Touch
CU006810,Partner,135.6,First Touch
CU006811,Partner,1348.19,First Touch
CU006812,Organic Search,234.07,Multi-Touch
CU006813,Referral,351.43,First Touch
CU006814,Google Ads,267.92,Multi-Touch
CU006815,Outbound,4436.66,Multi-Touch
CU006816,Event,444.32,Multi-Touch
CU006817,Event,1432.11,Last Touch
CU006818,Partner,4728.02,First Touch
CU006819,LinkedIn Ads,133.84,Multi-Touch
CU006820,Event,4521.95,First Touch
CU006821,Event,576.38,Last Touch
CU006822,Referral,4235.22,Last Touch
CU006823,Partner,4610.45,First Touch
CU006824,Event,4888.83,First Touch
CU006825,Google Ads,666.36,First Touch
CU006826,Organic Search,581.57,Last Touch
CU006827,Organic Search,558.03,Multi-Touch
CU006828,LinkedIn Ads,4343.7,First Touch
CU006829,Referral,1510.27,Multi-Touch
CU006830,Organic Search,47.65,Last Touch
CU006831,Outbound,1010.29,Multi-Touch
CU006832,Google Ads,4748.74,Last Touch
CU006833,Referral,371.73,First Touch
CU006834,Organic Search,432.94,Last Touch
CU006835,Referral,296.18,First Touch
CU006836,Organic Search,4434.85,First Touch
CU006837,Partner,1051.89,Multi-Touch
CU006838,Organic Search,4237.22,Last Touch
CU006839,Event,4266.55,Last Touch
CU006840,LinkedIn Ads,504.52,Last Touch
CU006841,Event,498.88,Multi-Touch
CU006842,Organic Search,1286.9,Multi-Touch
CU006843,Referral,245.18,Last Touch
CU006844,Partner,1292.01,Last Touch
CU006845,Outbound,1417.34,Multi-Touch
CU006846,Event,39.03,Last Touch
CU006847,Outbound,409.63,First Touch
CU006848,LinkedIn Ads,4563.97,First Touch
CU006849,Organic Search,4672.66,Multi-Touch
CU006850,LinkedIn Ads,1405.18,Multi-Touch
CU006851,Outbound,179.85,Last Touch
CU006852,Outbound,1110.47,Last Touch
CU006853,Google Ads,309.81,Last Touch
CU006854,LinkedIn Ads,480.73,Multi-Touch
CU006855,LinkedIn Ads,4716.0,Last Touch
CU006856,Referral,4426.66,First Touch
CU006857,Event,4665.58,First Touch
CU006858,Organic Search,322.7,Multi-Touch
CU006859,Outbound,363.5,Last Touch
CU006860,LinkedIn Ads,1233.67,First Touch
CU006861,Google Ads,699.8,First Touch
CU006862,Partner,89.14,Last Touch
CU006863,Google Ads,1285.84,Last Touch
CU006864,Organic Search,284.81,Last Touch
CU006865,LinkedIn Ads,1450.04,Last Touch
CU006866,Google Ads,4656.77,Multi-Touch
CU006867,Outbound,1578.73,First Touch
CU006868,Google Ads,4776.48,First Touch
CU006869,Outbound,4431.33,First Touch
CU006870,LinkedIn Ads,4633.16,First Touch
CU006871,LinkedIn Ads,1118.79,Last Touch
CU006872,Event,4336.69,Last Touch
CU006873,Event,4530.15,Last Touch
CU006874,Partner,926.3,First Touch
CU006875,Organic Search,1348.16,Multi-Touch
CU006876,Outbound,4552.93,Last Touch
CU006877,Referral,1447.19,Multi-Touch
CU006878,LinkedIn Ads,4693.61,First Touch
CU006879,Outbound,1364.07,Last Touch
CU006880,Partner,1043.69,Last Touch
CU006881,Partner,1134.69,Multi-Touch
CU006882,Google Ads,4418.5,First Touch
CU006883,Organic Search,4719.8,Last Touch
CU006884,Event,4861.38,Last Touch
CU006885,Referral,190.3,Last Touch
CU006886,Partner,4619.08,Multi-Touch
CU006887,Event,958.04,First Touch
CU006888,Partner,1483.71,Multi-Touch
CU006889,Outbound,1097.62,First Touch
CU006890,LinkedIn Ads,482.95,First Touch
CU006891,LinkedIn Ads,324.88,First Touch
CU006892,Event,582.4,Multi-Touch
CU006893,Referral,354.4,Multi-Touch
CU006894,Event,239.06,Last Touch
CU006895,Google Ads,1288.13,Multi-Touch
CU006896,Google Ads,4495.51,Multi-Touch
CU006897,Partner,1209.88,First Touch
CU006898,Referral,4389.38,First Touch
CU006899,LinkedIn Ads,4725.17,Multi-Touch
CU006900,Organic Search,244.58,Multi-Touch
CU006901,Referral,4658.21,First Touch
CU006902,Google Ads,165.97,First Touch
CU006903,LinkedIn Ads,8.64,First Touch
CU006904,Partner,127.05,Multi-Touch
CU006905,Event,379.67,Multi-Touch
CU006906,Event,1251.88,Multi-Touch
CU006907,Partner,1303.77,Last Touch
CU006908,Outbound,4518.2,Last Touch
CU006909,Google Ads,1473.3,First Touch
CU006910,Referral,4345.95,First Touch
CU006911,Organic Search,67.84,Last Touch
CU006912,Organic Search,1071.4,First Touch
CU006913,Referral,1202.89,Last Touch
CU006914,Event,101.71,First Touch
CU006915,Google Ads,445.27,First Touch
CU006916,LinkedIn Ads,1060.23,First Touch
CU006917,Referral,1087.79,Last Touch
CU006918,Referral,317.11,Last Touch
CU006919,LinkedIn Ads,4632.15,First Touch
CU006920,Partner,1480.23,Multi-Touch
CU006921,LinkedIn Ads,474.07,First Touch
CU006922,Partner,166.83,First Touch
CU006923,Organic Search,4658.39,Multi-Touch
CU006924,Partner,4751.88,Multi-Touch
CU006925,Referral,4662.86,Last Touch
CU006926,Event,222.14,First Touch
CU006927,Partner,550.27,First Touch
CU006928,Referral,88.97,Multi-Touch
CU006929,Organic Search,260.27,Last Touch
CU006930,Google Ads,4661.86,Last Touch
CU006931,Referral,1213.84,First Touch
CU006932,Google Ads,4250.7,Last Touch
CU006933,Outbound,1133.12,First Touch
CU006934,Organic Search,424.85,First Touch
CU006935,Outbound,356.76,Last Touch
CU006936,Google Ads,1449.64,Last Touch
CU006937,LinkedIn Ads,360.37,First Touch
CU006938,Referral,405.01,Multi-Touch
CU006939,LinkedIn Ads,1200.49,Last Touch
CU006940,Google Ads,201.28,Multi-Touch
CU006941,Partner,70.86,First Touch
CU006942,Organic Search,4575.36,Multi-Touch
CU006943,Google Ads,245.66,Last Touch
CU006944,Outbound,4649.22,Last Touch
CU006945,LinkedIn Ads,4261.28,Last Touch
CU006946,Event,4384.47,First Touch
CU006947,LinkedIn Ads,841.96,First Touch
CU006948,Organic Search,519.27,First Touch
CU006949,Referral,467.69,Multi-Touch
CU006950,Referral,4440.66,First Touch
CU006951,Outbound,531.01,First Touch
CU006952,Partner,381.39,Last Touch
CU006953,LinkedIn Ads,1146.85,Multi-Touch
CU006954,LinkedIn Ads,4632.48,Last Touch
CU006955,Google Ads,4622.82,Multi-Touch
CU006956,Referral,4764.69,Last Touch
CU006957,Referral,372.24,Multi-Touch
CU006958,Partner,217.75,Multi-Touch
CU006959,Organic Search,4481.41,Multi-Touch
CU006960,Referral,912.35,First Touch
CU006961,Event,4298.57,Multi-Touch
CU006962,Referral,4550.57,First Touch
CU006963,LinkedIn Ads,4626.96,Multi-Touch
CU006964,Google Ads,4717.31,Multi-Touch
CU006965,Partner,72.96,First Touch
CU006966,LinkedIn Ads,4458.25,Multi-Touch
CU006967,Event,396.52,First Touch
CU006968,Google Ads,4545.46,Last Touch
CU006969,Partner,462.62,First Touch
CU006970,Partner,1241.87,Last Touch
CU006971,Partner,1360.93,Multi-Touch
CU006972,Google Ads,4258.27,Last Touch
CU006973,Partner,4366.33,First Touch
CU006974,Google Ads,564.45,Multi-Touch
CU006975,Event,1312.31,Last Touch
CU006976,Outbound,747.11,Last Touch
CU006977,Partner,212.05,First Touch
CU006978,Organic Search,964.98,Multi-Touch
CU006979,Event,761.21,Last Touch
CU006980,Google Ads,4385.53,Last Touch
CU006981,Google Ads,4439.66,Multi-Touch
CU006982,LinkedIn Ads,4543.75,Last Touch
CU006983,Referral,4520.4,Last Touch
CU006984,LinkedIn Ads,151.62,First Touch
CU006985,LinkedIn Ads,618.25,Last Touch
CU006986,LinkedIn Ads,1168.52,Multi-Touch
CU006987,Partner,583.41,Multi-Touch
CU006988,Partner,1240.82,Multi-Touch
CU006989,Google Ads,303.68,Multi-Touch
CU006990,Google Ads,4410.34,First Touch
CU006991,Partner,1325.72,Multi-Touch
CU006992,Outbound,565.68,First Touch
CU006993,LinkedIn Ads,336.58,Last Touch
CU006994,Organic Search,1213.05,Last Touch
CU006995,Organic Search,202.78,Multi-Touch
CU006996,Partner,779.94,Last Touch
CU006997,LinkedIn Ads,4673.21,Multi-Touch
CU006998,Referral,1020.67,Multi-Touch
CU006999,Event,3966.82,First Touch
CU007000,Partner,1105.24,First Touch
CU007001,Outbound,257.37,Multi-Touch
CU007002,Referral,4395.6,First Touch
CU007003,Outbound,434.54,Last Touch
CU007004,Event,4508.69,First Touch
CU007005,Google Ads,106.95,Last Touch
CU007006,Referral,1217.62,First Touch
CU007007,Outbound,1547.69,First Touch
CU007008,Outbound,253.54,First Touch
CU007009,Referral,1262.1,First Touch
CU007010,Partner,4397.47,First Touch
CU007011,Outbound,4516.6,Last Touch
CU007012,Event,525.85,Multi-Touch
CU007013,Outbound,4559.35,First Touch
CU007014,Google Ads,4278.42,Multi-Touch
CU007015,Organic Search,1148.35,Multi-Touch
CU007016,Organic Search,1169.66,First Touch
CU007017,Referral,4247.81,Multi-Touch
CU007018,Referral,1244.74,Multi-Touch
CU007019,Event,4366.45,Multi-Touch
CU007020,Referral,4466.05,First Touch
CU007021,LinkedIn Ads,916.94,First Touch
CU007022,Outbound,4266.24,First Touch
CU007023,LinkedIn Ads,39.0,First Touch
CU007024,Google Ads,257.4,Multi-Touch
CU007025,Organic Search,668.01,Multi-Touch
CU007026,Partner,87.05,Multi-Touch
CU007027,Referral,439.63,First Touch
CU007028,Outbound,1401.76,First Touch
CU007029,Referral,4835.75,Multi-Touch
CU007030,Event,1074.09,First Touch
CU007031,Outbound,1121.26,First Touch
CU007032,Outbound,1330.15,Multi-Touch
CU007033,Google Ads,4300.16,Multi-Touch
CU007034,Partner,4557.7,Multi-Touch
CU007035,Organic Search,1173.51,Last Touch
CU007036,Partner,4939.43,Last Touch
CU007037,LinkedIn Ads,4613.95,Last Touch
CU007038,Referral,1112.66,First Touch
CU007039,Event,303.36,Last Touch
CU007040,Outbound,1223.32,Multi-Touch
CU007041,Google Ads,529.65,First Touch
CU007042,Organic Search,125.74,Multi-Touch
CU007043,Partner,4612.05,Multi-Touch
CU007044,Google Ads,4408.16,Last Touch
CU007045,Referral,1242.02,Multi-Touch
CU007046,Organic Search,1274.75,Multi-Touch
CU007047,Event,1305.73,First Touch
CU007048,Referral,619.74,Last Touch
CU007049,Referral,4202.07,First Touch
CU007050,Partner,4449.06,Multi-Touch
CU007051,LinkedIn Ads,347.92,First Touch
CU007052,Google Ads,1397.44,First Touch
CU007053,Organic Search,4644.43,Multi-Touch
CU007054,Outbound,1175.24,First Touch
CU007055,LinkedIn Ads,4845.74,First Touch
CU007056,LinkedIn Ads,1134.0,Multi-Touch
CU007057,Outbound,1149.89,First Touch
CU007058,LinkedIn Ads,382.11,Last Touch
CU007059,Outbound,506.34,Last Touch
CU007060,Referral,324.49,Multi-Touch
CU007061,Partner,1241.18,First Touch
CU007062,Partner,315.87,Multi-Touch
CU007063,LinkedIn Ads,1188.34,Multi-Touch
CU007064,Event,4758.3,First Touch
CU007065,Event,138.23,Last Touch
CU007066,Outbound,923.13,Multi-Touch
CU007067,Google Ads,475.98,Multi-Touch
CU007068,LinkedIn Ads,547.98,Last Touch
CU007069,LinkedIn Ads,785.9,Last Touch
CU007070,Google Ads,164.56,Multi-Touch
CU007071,Organic Search,1202.25,Multi-Touch
CU007072,Organic Search,4695.33,Multi-Touch
CU007073,Referral,4654.64,Last Touch
CU007074,Referral,88.73,Last Touch
CU007075,LinkedIn Ads,153.55,Multi-Touch
CU007076,Google Ads,157.02,Last Touch
CU007077,LinkedIn Ads,4201.61,First Touch
CU007078,Organic Search,430.27,Multi-Touch
CU007079,Google Ads,4538.82,Multi-Touch
CU007080,Partner,546.01,Last Touch
CU007081,Referral,4466.48,Last Touch
CU007082,Referral,1236.32,Last Touch
CU007083,Referral,575.01,First Touch
CU007084,Referral,920.63,Last Touch
CU007085,Partner,115.81,First Touch
CU007086,Event,5034.55,Last Touch
CU007087,Event,1853.42,First Touch
CU007088,Organic Search,1401.39,Multi-Touch
CU007089,Organic Search,1059.12,Last Touch
CU007090,Referral,940.71,First Touch
CU007091,Organic Search,1009.34,Multi-Touch
CU007092,Event,426.13,First Touch
CU007093,Partner,4571.22,Multi-Touch
CU007094,Google Ads,4366.39,Multi-Touch
CU007095,Event,4244.25,Multi-Touch
CU007096,Google Ads,4396.48,First Touch
CU007097,Outbound,4508.31,Multi-Touch
CU007098,Google Ads,1202.54,First Touch
CU007099,Organic Search,973.85,Multi-Touch
CU007100,Google Ads,4524.14,First Touch
CU007101,Outbound,4453.02,First Touch
CU007102,LinkedIn Ads,1247.42,Last Touch
CU007103,Outbound,3894.11,First Touch
CU007104,Referral,259.93,First Touch
CU007105,LinkedIn Ads,156.97,Multi-Touch
CU007106,Referral,4555.78,Last Touch
CU007107,Outbound,249.26,First Touch
CU007108,Outbound,4488.54,Multi-Touch
CU007109,Partner,1463.47,First Touch
CU007110,Partner,4657.63,First Touch
CU007111,LinkedIn Ads,630.33,Last Touch
CU007112,Event,4602.29,First Touch
CU007113,Referral,1651.75,First Touch
CU007114,Outbound,330.48,Multi-Touch
CU007115,Organic Search,4402.33,Multi-Touch
CU007116,Outbound,257.15,Multi-Touch
CU007117,Google Ads,4187.28,Last Touch
CU007118,Referral,4400.86,First Touch
CU007119,Outbound,1338.96,First Touch
CU007120,Event,4354.99,Last Touch
CU007121,LinkedIn Ads,119.73,Last Touch
CU007122,Referral,1279.65,Multi-Touch
CU007123,Organic Search,249.27,Last Touch
CU007124,Outbound,210.81,Multi-Touch
CU007125,Event,960.26,First Touch
CU007126,Outbound,1365.06,First Touch
CU007127,Google Ads,4459.85,Last Touch
CU007128,Organic Search,1223.23,Multi-Touch
CU007129,Event,486.02,Last Touch
CU007130,Google Ads,4671.55,First Touch
CU007131,Outbound,545.41,First Touch
CU007132,Organic Search,324.67,Last Touch
CU007133,Organic Search,1146.41,Last Touch
CU007134,Organic Search,1271.52,Multi-Touch
CU007135,Google Ads,1196.86,First Touch
CU007136,Google Ads,198.78,First Touch
CU007137,Google Ads,4590.85,Last Touch
CU007138,Partner,4525.26,Last Touch
CU007139,LinkedIn Ads,4058.42,First Touch
CU007140,LinkedIn Ads,526.76,First Touch
CU007141,Outbound,4414.5,Last Touch
CU007142,Partner,4617.16,Multi-Touch
CU007143,Referral,4445.48,Multi-Touch
CU007144,Organic Search,511.82,Multi-Touch
CU007145,Outbound,781.47,First Touch
CU007146,Organic Search,161.71,Multi-Touch
CU007147,Referral,888.66,First Touch
CU007148,Outbound,4552.7,First Touch
CU007149,Partner,64.69,Multi-Touch
CU007150,LinkedIn Ads,4505.06,Multi-Touch
CU007151,Referral,4457.56,Last Touch
CU007152,Google Ads,108.68,Last Touch
CU007153,Referral,4995.13,First Touch
CU007154,Event,4313.26,First Touch
CU007155,Partner,4652.58,First Touch
CU007156,Organic Search,4630.94,First Touch
CU007157,Event,4389.09,Multi-Touch
CU007158,Referral,4268.88,Multi-Touch
CU007159,Referral,4448.62,Last Touch
CU007160,Organic Search,193.45,Last Touch
CU007161,Organic Search,350.67,First Touch
CU007162,Partner,501.7,Multi-Touch
CU007163,Event,43.84,Last Touch
CU007164,Referral,467.62,Multi-Touch
CU007165,Partner,4337.56,Last Touch
CU007166,Google Ads,1062.39,Last Touch
CU007167,Partner,1210.27,Multi-Touch
CU007168,Partner,106.46,Multi-Touch
CU007169,Event,4511.71,Multi-Touch
CU007170,Outbound,4201.06,Last Touch
CU007171,Event,4732.36,Last Touch
CU007172,Outbound,1006.97,First Touch
CU007173,Organic Search,1025.23,Multi-Touch
CU007174,Organic Search,1578.34,Multi-Touch
CU007175,Organic Search,4510.83,Multi-Touch
CU007176,Event,1368.45,Multi-Touch
CU007177,Organic Search,4034.64,First Touch
CU007178,Event,978.18,Multi-Touch
CU007179,Referral,1048.52,Multi-Touch
CU007180,Referral,598.13,First Touch
CU007181,Partner,4493.98,Multi-Touch
CU007182,Referral,4633.31,Last Touch
CU007183,LinkedIn Ads,1420.84,First Touch
CU007184,Google Ads,1083.96,Multi-Touch
CU007185,Partner,725.23,First Touch
CU007186,Partner,1109.22,Multi-Touch
CU007187,Partner,1274.33,Multi-Touch
CU007188,Organic Search,1012.21,First Touch
CU007189,Partner,4746.53,Multi-Touch
CU007190,Referral,383.93,First Touch
CU007191,LinkedIn Ads,3.45,Last Touch
CU007192,Google Ads,1309.34,Multi-Touch
CU007193,Outbound,574.88,Multi-Touch
CU007194,Organic Search,4529.0,Multi-Touch
CU007195,LinkedIn Ads,1111.39,First Touch
CU007196,Organic Search,4670.8,Multi-Touch
CU007197,Outbound,541.1,Last Touch
CU007198,Event,4362.4,First Touch
CU007199,Google Ads,521.14,First Touch
CU007200,Partner,4385.57,Multi-Touch
CU007201,Google Ads,1190.24,First Touch
CU007202,LinkedIn Ads,4644.4,Last Touch
CU007203,LinkedIn Ads,4712.5,First Touch
CU007204,Organic Search,106.23,Last Touch
CU007205,Event,4402.97,First Touch
CU007206,Referral,1053.83,Multi-Touch
CU007207,Outbound,4454.18,Multi-Touch
CU007208,LinkedIn Ads,4790.22,First Touch
CU007209,Partner,357.8,Multi-Touch
CU007210,LinkedIn Ads,1304.35,Multi-Touch
CU007211,Event,372.44,Last Touch
CU007212,Event,20.27,First Touch
CU007213,Partner,303.45,First Touch
CU007214,Event,361.55,Multi-Touch
CU007215,Event,324.99,First Touch
CU007216,Event,4445.82,Multi-Touch
CU007217,Referral,4314.53,Last Touch
CU007218,Event,4419.77,Last Touch
CU007219,Outbound,1430.46,Last Touch
CU007220,LinkedIn Ads,4851.2,Last Touch
CU007221,Organic Search,4172.25,Multi-Touch
CU007222,Event,381.19,Multi-Touch
CU007223,Outbound,4564.77,Multi-Touch
CU007224,Referral,967.53,Multi-Touch
CU007225,Google Ads,4562.94,First Touch
CU007226,Event,4568.78,First Touch
CU007227,Event,4571.93,Last Touch
CU007228,Organic Search,4885.13,First Touch
CU007229,Referral,4406.74,Multi-Touch
CU007230,Google Ads,4553.13,First Touch
CU007231,Partner,153.28,Last Touch
CU007232,Event,1308.33,First Touch
CU007233,Google Ads,4493.84,Multi-Touch
CU007234,Referral,472.46,Multi-Touch
CU007235,Organic Search,1578.5,Multi-Touch
CU007236,Partner,4453.96,Last Touch
CU007237,Outbound,325.65,Last Touch
CU007238,Google Ads,361.78,Last Touch
CU007239,Partner,1039.63,Last Touch
CU007240,Partner,1177.43,First Touch
CU007241,Partner,1300.34,Last Touch
CU007242,LinkedIn Ads,4471.53,Multi-Touch
CU007243,Referral,770.64,Last Touch
CU007244,Partner,4573.0,First Touch
CU007245,Event,1665.6,First Touch
CU007246,Google Ads,4693.22,Multi-Touch
CU007247,Organic Search,1539.99,First Touch
CU007248,Event,1104.31,Last Touch
CU007249,Google Ads,1292.63,Last Touch
CU007250,Event,4626.02,Multi-Touch
CU007251,Google Ads,959.33,First Touch
CU007252,LinkedIn Ads,4697.14,First Touch
CU007253,Organic Search,4525.26,First Touch
CU007254,Google Ads,1240.0,First Touch
CU007255,Event,1118.06,Multi-Touch
CU007256,Event,312.55,Multi-Touch
CU007257,Organic Search,310.59,First Touch
CU007258,Outbound,4579.96,First Touch
CU007259,Google Ads,4411.45,Last Touch
CU007260,Outbound,207.54,First Touch
CU007261,Partner,4809.37,First Touch
CU007262,LinkedIn Ads,1252.12,Last Touch
CU007263,Organic Search,1391.37,Multi-Touch
CU007264,LinkedIn Ads,891.65,Last Touch
CU007265,Referral,4624.55,Last Touch
CU007266,Event,516.41,Last Touch
CU007267,Event,86.5,First Touch
CU007268,Event,364.62,Multi-Touch
CU007269,Partner,216.31,Last Touch
CU007270,LinkedIn Ads,1449.92,First Touch
CU007271,Outbound,564.68,First Touch
CU007272,Referral,4419.9,Multi-Touch
CU007273,Partner,1269.74,First Touch
CU007274,Google Ads,66.06,First Touch
CU007275,Partner,4272.54,Last Touch
CU007276,Referral,1237.63,First Touch
CU007277,Outbound,115.21,Multi-Touch
CU007278,Google Ads,293.61,First Touch
CU007279,Event,4523.73,Multi-Touch
CU007280,Event,4444.27,First Touch
CU007281,Google Ads,4491.88,Last Touch
CU007282,Google Ads,206.49,First Touch
CU007283,Referral,1178.36,Last Touch
CU007284,Google Ads,378.99,Last Touch
CU007285,Partner,1011.71,Last Touch
CU007286,Partner,1090.02,Last Touch
CU007287,Partner,4533.39,Multi-Touch
CU007288,Partner,4613.11,Multi-Touch
CU007289,Outbound,81.99,First Touch
CU007290,Organic Search,955.78,Multi-Touch
CU007291,Partner,281.12,First Touch
CU007292,Google Ads,4643.35,First Touch
CU007293,Event,1191.25,First Touch
CU007294,Partner,1355.98,Last Touch
CU007295,Outbound,4598.23,Multi-Touch
CU007296,Event,1164.91,Last Touch
CU007297,Organic Search,395.94,First Touch
CU007298,LinkedIn Ads,4465.93,Last Touch
CU007299,Referral,4220.68,Multi-Touch
CU007300,Partner,4713.82,Last Touch
CU007301,Partner,1487.53,Last Touch
CU007302,Partner,4421.56,Last Touch
CU007303,Partner,1362.62,Multi-Touch
CU007304,Outbound,4319.2,Last Touch
CU007305,Google Ads,213.73,Last Touch
CU007306,Partner,4657.53,Multi-Touch
CU007307,LinkedIn Ads,556.89,First Touch
CU007308,Google Ads,1477.83,Multi-Touch
CU007309,LinkedIn Ads,4433.82,First Touch
CU007310,Event,200.98,Multi-Touch
CU007311,Referral,1253.97,First Touch
CU007312,Referral,4525.2,Last Touch
CU007313,Google Ads,351.11,First Touch
CU007314,Organic Search,252.69,First Touch
CU007315,Event,1396.94,Last Touch
CU007316,Partner,518.18,First Touch
CU007317,Outbound,4408.13,Last Touch
CU007318,Event,1238.24,Multi-Touch
CU007319,Referral,1173.66,Last Touch
CU007320,Google Ads,1329.65,Multi-Touch
CU007321,Event,4777.29,Last Touch
CU007322,Google Ads,341.49,Last Touch
CU007323,Google Ads,1335.49,First Touch
CU007324,Referral,1363.02,Last Touch
CU007325,Partner,1133.13,Last Touch
CU007326,Referral,254.03,Multi-Touch
CU007327,Outbound,4413.59,First Touch
CU007328,Organic Search,4554.98,Last Touch
CU007329,Organic Search,4584.43,Last Touch
CU007330,Referral,380.12,Last Touch
CU007331,LinkedIn Ads,1320.44,Multi-Touch
CU007332,Event,1218.27,Last Touch
CU007333,Referral,4600.56,Last Touch
CU007334,LinkedIn Ads,1425.86,First Touch
CU007335,Organic Search,4407.95,First Touch
CU007336,Partner,822.52,Last Touch
CU007337,Partner,4502.81,First Touch
CU007338,Outbound,1049.16,Last Touch
CU007339,Outbound,4688.33,Multi-Touch
CU007340,Event,4491.6,Multi-Touch
CU007341,Referral,437.85,Multi-Touch
CU007342,Outbound,4634.47,Multi-Touch
CU007343,Referral,4370.45,First Touch
CU007344,Referral,291.64,First Touch
CU007345,LinkedIn Ads,4623.61,First Touch
CU007346,Outbound,1120.75,Multi-Touch
CU007347,LinkedIn Ads,1169.23,Multi-Touch
CU007348,Referral,4439.78,Multi-Touch
CU007349,Event,190.86,First Touch
CU007350,Google Ads,4193.03,First Touch
CU007351,LinkedIn Ads,1050.07,Last Touch
CU007352,Organic Search,885.12,First Touch
CU007353,Event,4447.98,First Touch
CU007354,Event,419.66,First Touch
CU007355,Outbound,1111.27,Last Touch
CU007356,LinkedIn Ads,4437.25,First Touch
CU007357,Referral,519.57,Last Touch
CU007358,Partner,910.92,First Touch
CU007359,Event,4318.84,Multi-Touch
CU007360,LinkedIn Ads,384.78,Multi-Touch
CU007361,Google Ads,963.85,Multi-Touch
CU007362,LinkedIn Ads,4477.7,Multi-Touch
CU007363,Partner,508.58,Multi-Touch
CU007364,Event,372.8,Last Touch
CU007365,LinkedIn Ads,1494.79,Last Touch
CU007366,Outbound,1211.88,First Touch
CU007367,Event,3952.16,First Touch
CU007368,Referral,4421.91,First Touch
CU007369,Event,1033.47,First Touch
CU007370,LinkedIn Ads,318.79,Last Touch
CU007371,Organic Search,341.06,First Touch
CU007372,LinkedIn Ads,301.76,Multi-Touch
CU007373,Outbound,996.28,Multi-Touch
CU007374,LinkedIn Ads,666.56,Multi-Touch
CU007375,Referral,4266.34,First Touch
CU007376,Google Ads,4567.29,Multi-Touch
CU007377,Referral,303.52,Last Touch
CU007378,Partner,4424.51,First Touch
CU007379,LinkedIn Ads,4713.5,First Touch
CU007380,Event,474.33,First Touch
CU007381,Google Ads,1297.84,Multi-Touch
CU007382,Referral,4391.54,Multi-Touch
CU007383,Organic Search,1044.72,Last Touch
CU007384,Partner,4676.42,Multi-Touch
CU007385,Event,1521.17,Last Touch
CU007386,Event,4478.35,Multi-Touch
CU007387,Outbound,4701.28,Last Touch
CU007388,LinkedIn Ads,4189.94,Multi-Touch
CU007389,Google Ads,4269.11,First Touch
CU007390,Google Ads,4581.02,Last Touch
CU007391,Event,4318.52,First Touch
CU007392,Partner,6.86,Last Touch
CU007393,Event,64.51,Multi-Touch
CU007394,Partner,1371.79,First Touch
CU007395,Event,479.4,Multi-Touch
CU007396,Google Ads,165.56,First Touch
CU007397,Referral,1053.06,Multi-Touch
CU007398,Event,4459.81,First Touch
CU007399,Referral,881.9,First Touch
CU007400,LinkedIn Ads,162.52,First Touch
CU007401,Partner,1164.81,Last Touch
CU007402,Partner,4013.64,Last Touch
CU007403,Outbound,4678.28,Multi-Touch
CU007404,LinkedIn Ads,643.14,Last Touch
CU007405,Google Ads,1170.34,Multi-Touch
CU007406,LinkedIn Ads,415.81,Multi-Touch
CU007407,Google Ads,4416.59,First Touch
CU007408,Event,594.66,Multi-Touch
CU007409,LinkedIn Ads,86.06,Multi-Touch
CU007410,Event,4585.83,First Touch
CU007411,Organic Search,4209.34,Multi-Touch
CU007412,Event,1054.37,First Touch
CU007413,LinkedIn Ads,470.65,Multi-Touch
CU007414,Google Ads,462.83,Last Touch
CU007415,Event,234.25,First Touch
CU007416,Event,324.41,First Touch
CU007417,Google Ads,4608.21,Multi-Touch
CU007418,Outbound,4544.66,Last Touch
CU007419,Google Ads,334.79,Last Touch
CU007420,LinkedIn Ads,671.12,Last Touch
CU007421,Event,360.99,First Touch
CU007422,Event,366.22,First Touch
CU007423,LinkedIn Ads,4759.71,Last Touch
CU007424,Organic Search,1485.15,Last Touch
CU007425,Google Ads,968.03,Last Touch
CU007426,Organic Search,878.3,First Touch
CU007427,Google Ads,1403.09,Last Touch
CU007428,Google Ads,4412.77,Last Touch
CU007429,Referral,4526.59,First Touch
CU007430,Event,4555.48,Multi-Touch
CU007431,Google Ads,4427.17,Multi-Touch
CU007432,Organic Search,630.95,Multi-Touch
CU007433,Google Ads,139.13,Multi-Touch
CU007434,Referral,280.68,Last Touch
CU007435,Referral,1274.12,Multi-Touch
CU007436,LinkedIn Ads,1439.09,Last Touch
CU007437,Partner,1338.83,First Touch
CU007438,LinkedIn Ads,927.53,First Touch
CU007439,LinkedIn Ads,550.74,Multi-Touch
CU007440,LinkedIn Ads,1039.12,Last Touch
CU007441,Outbound,399.89,Multi-Touch
CU007442,Partner,5231.61,Last Touch
CU007443,Outbound,4230.17,Multi-Touch
CU007444,Event,4526.63,Last Touch
CU007445,Event,4065.3,Last Touch
CU007446,Organic Search,59.92,Last Touch
CU007447,Organic Search,1384.81,Last Touch
CU007448,Partner,608.04,Last Touch
CU007449,Partner,420.38,Multi-Touch
CU007450,Outbound,1031.42,Last Touch
CU007451,LinkedIn Ads,1339.49,Multi-Touch
CU007452,LinkedIn Ads,1276.98,Last Touch
CU007453,Referral,4506.77,First Touch
CU007454,Referral,248.33,First Touch
CU007455,Event,4734.77,Multi-Touch
CU007456,Referral,4137.46,Multi-Touch
CU007457,Event,1337.01,Multi-Touch
CU007458,Organic Search,1309.23,Multi-Touch
CU007459,Outbound,422.6,Last Touch
CU007460,Event,999.32,First Touch
CU007461,Google Ads,1414.45,Multi-Touch
CU007462,Referral,4836.24,Multi-Touch
CU007463,Event,908.98,Last Touch
CU007464,Google Ads,505.41,Multi-Touch
CU007465,Outbound,180.95,Last Touch
CU007466,Organic Search,1508.38,Multi-Touch
CU007467,Google Ads,306.82,Multi-Touch
CU007468,Google Ads,4487.86,Multi-Touch
CU007469,Outbound,215.83,Multi-Touch
CU007470,Partner,385.76,Last Touch
CU007471,Google Ads,435.22,Last Touch
CU007472,Outbound,135.7,First Touch
CU007473,LinkedIn Ads,4431.8,First Touch
CU007474,Referral,4231.46,Multi-Touch
CU007475,Google Ads,1092.05,Multi-Touch
CU007476,Event,4206.02,Last Touch
CU007477,LinkedIn Ads,4307.7,Multi-Touch
CU007478,Partner,4623.31,First Touch
CU007479,Organic Search,659.96,Last Touch
CU007480,Outbound,1042.94,Last Touch
CU007481,Event,4511.93,Multi-Touch
CU007482,Partner,4345.11,First Touch
CU007483,Google Ads,459.09,First Touch
CU007484,Outbound,350.58,Multi-Touch
CU007485,Outbound,4199.36,Last Touch
CU007486,LinkedIn Ads,1252.41,First Touch
CU007487,Event,4431.66,First Touch
CU007488,Organic Search,1071.6,Multi-Touch
CU007489,Outbound,601.82,Multi-Touch
CU007490,Event,517.0,Multi-Touch
CU007491,Outbound,4539.09,Last Touch
CU007492,Event,462.1,First Touch
CU007493,Google Ads,1480.33,Last Touch
CU007494,LinkedIn Ads,232.57,First Touch
CU007495,Organic Search,1237.84,First Touch
CU007496,Event,1524.17,First Touch
CU007497,LinkedIn Ads,4385.16,Multi-Touch
CU007498,Organic Search,585.83,Last Touch
CU007499,Outbound,1502.0,Last Touch
CU007500,Partner,4637.64,Multi-Touch
CU007501,Organic Search,154.21,Multi-Touch
CU007502,LinkedIn Ads,943.66,Last Touch
CU007503,Organic Search,4681.77,First Touch
CU007504,Event,253.08,First Touch
CU007505,Referral,365.76,Last Touch
CU007506,Google Ads,4418.96,Last Touch
CU007507,Referral,4917.81,First Touch
CU007508,Event,4610.93,First Touch
CU007509,Referral,4453.84,First Touch
CU007510,Partner,60.51,Last Touch
CU007511,Event,566.59,First Touch
CU007512,LinkedIn Ads,834.32,First Touch
CU007513,Referral,229.91,First Touch
CU007514,Google Ads,386.11,First Touch
CU007515,Referral,364.44,First Touch
CU007516,Referral,142.77,First Touch
CU007517,Organic Search,1163.26,First Touch
CU007518,Google Ads,1534.52,First Touch
CU007519,Referral,4598.7,First Touch
CU007520,Google Ads,954.94,First Touch
CU007521,Google Ads,4612.5,Multi-Touch
CU007522,Outbound,186.67,Multi-Touch
CU007523,Organic Search,1248.36,Multi-Touch
CU007524,Event,1174.71,First Touch
CU007525,Event,112.29,First Touch
CU007526,LinkedIn Ads,4671.67,Last Touch
CU007527,Event,4136.23,Multi-Touch
CU007528,Outbound,5.22,First Touch
CU007529,Referral,1160.05,Multi-Touch
CU007530,Referral,4283.64,Last Touch
CU007531,Referral,354.47,First Touch
CU007532,Partner,170.85,Last Touch
CU007533,Organic Search,4510.74,First Touch
CU007534,Outbound,4393.4,First Touch
CU007535,Organic Search,728.87,Last Touch
CU007536,Referral,1380.28,Multi-Touch
CU007537,Google Ads,4588.6,Last Touch
CU007538,Organic Search,4040.42,First Touch
CU007539,Event,4454.79,First Touch
CU007540,Google Ads,4369.35,Multi-Touch
CU007541,Event,213.0,Multi-Touch
CU007542,Organic Search,1052.28,Last Touch
CU007543,Event,233.72,First Touch
CU007544,LinkedIn Ads,367.64,First Touch
CU007545,Google Ads,4281.63,Multi-Touch
CU007546,Event,981.94,First Touch
CU007547,Outbound,4184.18,Multi-Touch
CU007548,Referral,4965.28,Multi-Touch
CU007549,Event,4698.31,First Touch
CU007550,Event,1071.22,First Touch
CU007551,Organic Search,945.78,Multi-Touch
CU007552,Google Ads,4522.21,Multi-Touch
CU007553,Outbound,211.75,Multi-Touch
CU007554,Google Ads,530.29,Last Touch
CU007555,Partner,4471.41,Multi-Touch
CU007556,LinkedIn Ads,4286.05,First Touch
CU007557,LinkedIn Ads,306.49,Multi-Touch
CU007558,Event,382.19,Multi-Touch
CU007559,LinkedIn Ads,4571.2,Multi-Touch
CU007560,Referral,133.48,First Touch
CU007561,Referral,1374.49,Multi-Touch
CU007562,Organic Search,4338.99,First Touch
CU007563,Google Ads,4429.09,First Touch
CU007564,Outbound,4810.6,First Touch
CU007565,Outbound,693.37,First Touch
CU007566,Organic Search,4373.1,Last Touch
CU007567,Google Ads,1027.37,First Touch
CU007568,Event,201.67,Multi-Touch
CU007569,Google Ads,1161.6,Multi-Touch
CU007570,Partner,4653.01,First Touch
CU007571,LinkedIn Ads,463.29,First Touch
CU007572,Organic Search,4742.26,Last Touch
CU007573,Organic Search,1561.05,First Touch
CU007574,LinkedIn Ads,1095.39,First Touch
CU007575,Google Ads,4389.44,First Touch
CU007576,Referral,4752.21,First Touch
CU007577,Referral,247.91,Multi-Touch
CU007578,Partner,4280.25,Last Touch
CU007579,Referral,696.24,First Touch
CU007580,Referral,4668.88,Multi-Touch
CU007581,Event,1364.48,First Touch
CU007582,Organic Search,4555.06,First Touch
CU007583,LinkedIn Ads,4746.02,First Touch
CU007584,Outbound,417.85,Last Touch
CU007585,Outbound,4744.42,First Touch
CU007586,Google Ads,193.54,Last Touch
CU007587,Google Ads,92.32,First Touch
CU007588,Google Ads,777.71,Multi-Touch
CU007589,Partner,189.91,First Touch
CU007590,Partner,357.89,First Touch
CU007591,Outbound,1313.14,Last Touch
CU007592,Organic Search,4323.93,First Touch
CU007593,Partner,1390.53,Last Touch
CU007594,LinkedIn Ads,1069.86,Multi-Touch
CU007595,Referral,58.29,Last Touch
CU007596,Google Ads,4428.08,First Touch
CU007597,Google Ads,1234.26,Multi-Touch
CU007598,Referral,296.02,Last Touch
CU007599,Organic Search,102.42,First Touch
CU007600,Organic Search,1077.91,Last Touch
CU007601,Outbound,4648.07,First Touch
CU007602,Referral,1065.29,Last Touch
CU007603,Organic Search,1307.14,Multi-Touch
CU007604,Referral,562.93,First Touch
CU007605,Referral,613.53,Multi-Touch
CU007606,Event,849.36,Last Touch
CU007607,Outbound,526.84,Last Touch
CU007608,Organic Search,4644.29,Multi-Touch
CU007609,Event,266.66,Last Touch
CU007610,Outbound,4368.41,Multi-Touch
CU007611,Organic Search,4158.57,Last Touch
CU007612,LinkedIn Ads,1266.99,Last Touch
CU007613,Partner,1336.95,Multi-Touch
CU007614,LinkedIn Ads,650.53,Last Touch
CU007615,Event,1127.7,Last Touch
CU007616,Partner,792.44,Multi-Touch
CU007617,Outbound,4521.08,First Touch
CU007618,Partner,4725.3,Multi-Touch
CU007619,Event,339.04,Last Touch
CU007620,Outbound,1237.52,Last Touch
CU007621,Organic Search,244.03,Last Touch
CU007622,Google Ads,496.39,First Touch
CU007623,Google Ads,4563.3,Multi-Touch
CU007624,Referral,286.33,First Touch
CU007625,Google Ads,405.17,Last Touch
CU007626,Referral,4303.28,Last Touch
CU007627,LinkedIn Ads,4600.53,First Touch
CU007628,Partner,610.95,Multi-Touch
CU007629,Organic Search,4552.49,First Touch
CU007630,Organic Search,1292.68,Multi-Touch
CU007631,Organic Search,4357.53,Last Touch
CU007632,Referral,296.8,Multi-Touch
CU007633,Referral,4501.83,Last Touch
CU007634,Referral,1305.09,Multi-Touch
CU007635,Outbound,862.27,Last Touch
CU007636,Organic Search,266.59,First Touch
CU007637,Partner,1241.94,First Touch
CU007638,LinkedIn Ads,718.02,Last Touch
CU007639,Event,4475.49,Multi-Touch
CU007640,Referral,4436.33,First Touch
CU007641,LinkedIn Ads,408.43,Last Touch
CU007642,LinkedIn Ads,324.17,Multi-Touch
CU007643,Google Ads,4409.83,Last Touch
CU007644,Google Ads,233.72,First Touch
CU007645,Outbound,4357.13,Multi-Touch
CU007646,Google Ads,4364.87,Last Touch
CU007647,Google Ads,4663.22,Last Touch
CU007648,Event,4529.52,First Touch
CU007649,Partner,324.7,Multi-Touch
CU007650,LinkedIn Ads,1421.55,Multi-Touch
CU007651,Referral,164.01,Multi-Touch
CU007652,Referral,451.61,Multi-Touch
CU007653,Partner,4638.94,Multi-Touch
CU007654,Partner,1489.48,First Touch
CU007655,Event,1027.02,Multi-Touch
CU007656,Event,1327.07,Last Touch
CU007657,Organic Search,4627.68,First Touch
CU007658,Organic Search,484.35,First Touch
CU007659,Organic Search,1064.68,First Touch
CU007660,Organic Search,4954.52,Last Touch
CU007661,Event,1539.9,First Touch
CU007662,Outbound,4436.49,Last Touch
CU007663,Referral,1357.15,First Touch
CU007664,Outbound,462.99,First Touch
CU007665,Outbound,121.47,Last Touch
CU007666,Event,1395.01,First Touch
CU007667,Partner,4844.48,First Touch
CU007668,Partner,226.97,Multi-Touch
CU007669,LinkedIn Ads,4354.11,Last Touch
CU007670,LinkedIn Ads,502.49,Last Touch
CU007671,Google Ads,4284.97,First Touch
CU007672,Event,1463.59,Last Touch
CU007673,LinkedIn Ads,4143.42,Last Touch
CU007674,Google Ads,1118.82,First Touch
CU007675,Referral,974.64,Last Touch
CU007676,Partner,4668.96,Multi-Touch
CU007677,Google Ads,4419.72,Multi-Touch
CU007678,Referral,529.81,First Touch
CU007679,LinkedIn Ads,327.59,First Touch
CU007680,Organic Search,1061.9,Last Touch
CU007681,Referral,4179.25,Multi-Touch
CU007682,LinkedIn Ads,577.34,First Touch
CU007683,Referral,4636.32,Last Touch
CU007684,Event,1307.26,First Touch
CU007685,Partner,4667.76,First Touch
CU007686,Google Ads,1027.4,Multi-Touch
CU007687,Referral,115.29,Last Touch
CU007688,LinkedIn Ads,4811.74,Last Touch
CU007689,Outbound,4654.48,Last Touch
CU007690,Organic Search,963.74,Last Touch
CU007691,Referral,1191.33,Last Touch
CU007692,Google Ads,521.33,First Touch
CU007693,Google Ads,1063.04,First Touch
CU007694,Outbound,579.01,First Touch
CU007695,Referral,477.46,First Touch
CU007696,LinkedIn Ads,1524.24,Last Touch
CU007697,Event,4538.15,Last Touch
CU007698,Referral,324.33,First Touch
CU007699,Organic Search,1465.96,Last Touch
CU007700,Outbound,1387.14,Multi-Touch
CU007701,Outbound,1196.34,First Touch
CU007702,Google Ads,4461.66,Multi-Touch
CU007703,Outbound,4156.41,Multi-Touch
CU007704,Event,167.19,First Touch
CU007705,Google Ads,4433.59,Last Touch
CU007706,LinkedIn Ads,4815.76,First Touch
CU007707,Outbound,4396.69,First Touch
CU007708,LinkedIn Ads,4616.61,Last Touch
CU007709,Organic Search,374.68,First Touch
CU007710,Referral,4774.57,First Touch
CU007711,Partner,4306.84,Last Touch
CU007712,Referral,1406.66,Multi-Touch
CU007713,LinkedIn Ads,4307.54,First Touch
CU007714,LinkedIn Ads,317.43,First Touch
CU007715,Organic Search,4365.95,Last Touch
CU007716,Organic Search,1075.37,First Touch
CU007717,Google Ads,1366.16,First Touch
CU007718,Google Ads,1013.54,First Touch
CU007719,Outbound,4540.04,First Touch
CU007720,Google Ads,373.41,First Touch
CU007721,Google Ads,956.13,Multi-Touch
CU007722,LinkedIn Ads,401.06,First Touch
CU007723,Outbound,278.02,Multi-Touch
CU007724,Partner,1185.61,First Touch
CU007725,Event,464.23,Last Touch
CU007726,LinkedIn Ads,4292.89,First Touch
CU007727,Event,1192.8,Multi-Touch
CU007728,Event,4251.88,Multi-Touch
CU007729,Event,4287.85,Multi-Touch
CU007730,Event,4584.51,Last Touch
CU007731,Event,4214.16,Last Touch
CU007732,Referral,4094.01,Last Touch
CU007733,Referral,1101.37,Multi-Touch
CU007734,Google Ads,1417.08,First Touch
CU007735,Event,805.83,Multi-Touch
CU007736,Event,4478.12,Last Touch
CU007737,Event,488.82,Last Touch
CU007738,Event,559.47,Multi-Touch
CU007739,Partner,23.94,Last Touch
CU007740,Google Ads,1366.88,Multi-Touch
CU007741,Organic Search,262.89,Multi-Touch
CU007742,Partner,506.65,Last Touch
CU007743,Referral,1490.0,Multi-Touch
CU007744,Referral,1207.76,Last Touch
CU007745,Organic Search,230.17,Last Touch
CU007746,Referral,223.58,First Touch
CU007747,LinkedIn Ads,1364.92,Multi-Touch
CU007748,Event,1145.26,Multi-Touch
CU007749,Outbound,152.58,Multi-Touch
CU007750,LinkedIn Ads,431.88,Last Touch
CU007751,Partner,1506.99,Multi-Touch
CU007752,Google Ads,1360.35,First Touch
CU007753,Google Ads,1245.46,Last Touch
CU007754,Event,385.71,Multi-Touch
CU007755,Google Ads,1410.32,Last Touch
CU007756,Event,435.85,Multi-Touch
CU007757,Outbound,4819.87,First Touch
CU007758,Google Ads,712.5,Multi-Touch
CU007759,Partner,1098.47,First Touch
CU007760,Partner,4605.02,Multi-Touch
CU007761,LinkedIn Ads,4716.37,Multi-Touch
CU007762,LinkedIn Ads,1369.41,Multi-Touch
CU007763,Referral,4478.3,Last Touch
CU007764,LinkedIn Ads,4936.88,First Touch
CU007765,Partner,4491.23,Multi-Touch
CU007766,Outbound,1050.48,First Touch
CU007767,Event,4550.98,Multi-Touch
CU007768,Google Ads,616.1,First Touch
CU007769,Organic Search,7.47,Last Touch
CU007770,Outbound,1344.81,Multi-Touch
CU007771,Outbound,4428.88,First Touch
CU007772,Organic Search,1021.01,Last Touch
CU007773,Google Ads,4594.4,First Touch
CU007774,Partner,688.36,Last Touch
CU007775,Organic Search,1150.49,Multi-Touch
CU007776,Google Ads,4917.18,First Touch
CU007777,Outbound,1183.47,Last Touch
CU007778,Outbound,4498.12,First Touch
CU007779,Event,540.34,Multi-Touch
CU007780,Organic Search,4339.22,First Touch
CU007781,LinkedIn Ads,4722.42,Multi-Touch
CU007782,Partner,1223.08,First Touch
CU007783,LinkedIn Ads,1448.9,First Touch
CU007784,Outbound,4512.85,Last Touch
CU007785,LinkedIn Ads,1326.81,First Touch
CU007786,Referral,4554.0,First Touch
CU007787,Referral,1070.98,First Touch
CU007788,Referral,576.04,Multi-Touch
CU007789,Organic Search,4502.78,First Touch
CU007790,Partner,997.38,First Touch
CU007791,LinkedIn Ads,933.82,First Touch
CU007792,Event,39.77,Last Touch
CU007793,Partner,148.81,First Touch
CU007794,Outbound,1382.89,Multi-Touch
CU007795,Event,683.18,Multi-Touch
CU007796,Organic Search,4382.17,Multi-Touch
CU007797,Google Ads,734.4,First Touch
CU007798,Organic Search,4652.55,Last Touch
CU007799,LinkedIn Ads,4428.16,Multi-Touch
CU007800,Outbound,4584.61,First Touch
CU007801,Partner,4348.93,First Touch
CU007802,Partner,925.42,Multi-Touch
CU007803,Outbound,4732.04,Multi-Touch
CU007804,Event,4212.08,First Touch
CU007805,Event,1073.96,Last Touch
CU007806,Outbound,426.52,Multi-Touch
CU007807,Google Ads,4643.1,First Touch
CU007808,Outbound,4308.1,Last Touch
CU007809,Google Ads,227.5,Multi-Touch
CU007810,Referral,474.52,First Touch
CU007811,Google Ads,1024.36,First Touch
CU007812,Outbound,4765.06,Last Touch
CU007813,Outbound,1509.06,First Touch
CU007814,Referral,4419.01,Multi-Touch
CU007815,Partner,1252.75,Last Touch
CU007816,Event,4826.82,Last Touch
CU007817,Google Ads,4337.87,Multi-Touch
CU007818,Event,4430.81,Multi-Touch
CU007819,Outbound,96.76,First Touch
CU007820,Outbound,4148.24,Multi-Touch
CU007821,Partner,122.3,Multi-Touch
CU007822,Event,997.87,Last Touch
CU007823,Referral,610.76,Last Touch
CU007824,Referral,541.81,Last Touch
CU007825,Partner,1442.76,First Touch
CU007826,Outbound,1294.78,First Touch
CU007827,LinkedIn Ads,4085.22,Last Touch
CU007828,LinkedIn Ads,38.68,Multi-Touch
CU007829,Event,1352.0,First Touch
CU007830,Partner,4285.9,First Touch
CU007831,Event,1285.22,Last Touch
CU007832,Event,1287.58,Last Touch
CU007833,Organic Search,910.26,Last Touch
CU007834,Outbound,4196.32,Multi-Touch
CU007835,Organic Search,4392.35,Last Touch
CU007836,Outbound,1213.38,Last Touch
CU007837,LinkedIn Ads,227.65,Multi-Touch
CU007838,Partner,787.05,Last Touch
CU007839,Event,4602.82,First Touch
CU007840,Outbound,4854.44,Last Touch
CU007841,Partner,1077.82,Last Touch
CU007842,LinkedIn Ads,4860.6,First Touch
CU007843,LinkedIn Ads,1163.07,Last Touch
CU007844,Referral,4432.65,First Touch
CU007845,LinkedIn Ads,492.18,Last Touch
CU007846,Google Ads,4607.38,Multi-Touch
CU007847,Outbound,4367.32,First Touch
CU007848,Event,370.96,First Touch
CU007849,Partner,1347.31,First Touch
CU007850,Event,4647.5,First Touch
CU007851,Organic Search,4327.46,Multi-Touch
CU007852,Organic Search,4705.39,Last Touch
CU007853,Google Ads,1166.69,Last Touch
CU007854,Referral,264.69,Multi-Touch
CU007855,LinkedIn Ads,1391.26,Last Touch
CU007856,LinkedIn Ads,1256.79,First Touch
CU007857,Referral,422.49,Multi-Touch
CU007858,Partner,1236.92,Last Touch
CU007859,Partner,4190.86,Last Touch
CU007860,Organic Search,4316.35,Last Touch
CU007861,Event,1062.04,Last Touch
CU007862,Referral,980.85,Multi-Touch
CU007863,Event,4472.17,Multi-Touch
CU007864,Google Ads,1045.07,First Touch
CU007865,Referral,1295.72,Multi-Touch
CU007866,Referral,1290.65,Last Touch
CU007867,Partner,232.16,First Touch
CU007868,Partner,726.38,Last Touch
CU007869,Google Ads,1127.28,First Touch
CU007870,Partner,4751.54,Last Touch
CU007871,Referral,920.08,First Touch
CU007872,Event,199.77,Multi-Touch
CU007873,LinkedIn Ads,1270.14,First Touch
CU007874,Referral,4208.26,First Touch
CU007875,Organic Search,4180.87,First Touch
CU007876,Google Ads,204.99,First Touch
CU007877,LinkedIn Ads,1279.98,First Touch
CU007878,Referral,4753.89,Last Touch
CU007879,LinkedIn Ads,4407.5,First Touch
CU007880,Outbound,4317.45,First Touch
CU007881,LinkedIn Ads,4529.49,Multi-Touch
CU007882,Google Ads,329.79,First Touch
CU007883,Partner,336.03,First Touch
CU007884,Event,923.13,Multi-Touch
CU007885,LinkedIn Ads,1307.69,Last Touch
CU007886,Outbound,642.59,Last Touch
CU007887,Outbound,1133.1,First Touch
CU007888,LinkedIn Ads,100.09,Last Touch
CU007889,Organic Search,4524.87,Last Touch
CU007890,Referral,346.88,Last Touch
CU007891,Google Ads,4362.11,First Touch
CU007892,Partner,4842.83,First Touch
CU007893,Organic Search,498.05,Last Touch
CU007894,LinkedIn Ads,89.79,First Touch
CU007895,LinkedIn Ads,1058.18,Last Touch
CU007896,Outbound,1200.76,Last Touch
CU007897,Event,1131.45,First Touch
CU007898,Outbound,711.34,Last Touch
CU007899,Partner,1430.09,First Touch
CU007900,Organic Search,935.17,Last Touch
CU007901,LinkedIn Ads,4496.79,Last Touch
CU007902,Referral,1042.68,Multi-Touch
CU007903,Outbound,522.61,Multi-Touch
CU007904,Event,249.16,Multi-Touch
CU007905,Google Ads,311.46,Multi-Touch
CU007906,Referral,4521.93,First Touch
CU007907,Partner,254.54,First Touch
CU007908,LinkedIn Ads,1461.37,Multi-Touch
CU007909,Google Ads,165.58,Multi-Touch
CU007910,Event,4440.15,Multi-Touch
CU007911,Organic Search,1385.66,First Touch
CU007912,Partner,1112.05,Last Touch
CU007913,Event,4370.99,Multi-Touch
CU007914,Organic Search,191.98,First Touch
CU007915,Outbound,1370.73,First Touch
CU007916,Organic Search,4524.47,First Touch
CU007917,Outbound,1260.4,Last Touch
CU007918,Referral,4823.46,First Touch
CU007919,Outbound,350.44,First Touch
CU007920,Outbound,4301.22,Multi-Touch
CU007921,Partner,1218.38,Multi-Touch
CU007922,Organic Search,3911.16,First Touch
CU007923,Partner,455.45,Last Touch
CU007924,Outbound,1213.4,First Touch
CU007925,Organic Search,1299.54,Multi-Touch
CU007926,Organic Search,4430.56,Last Touch
CU007927,Referral,1040.89,Multi-Touch
CU007928,Organic Search,1210.79,First Touch
CU007929,Referral,4329.76,First Touch
CU007930,Partner,4557.87,Last Touch
CU007931,Event,462.05,Last Touch
CU007932,Outbound,1206.9,First Touch
CU007933,Organic Search,170.1,First Touch
CU007934,Organic Search,556.79,First Touch
CU007935,LinkedIn Ads,1335.26,Multi-Touch
CU007936,Event,4914.18,Last Touch
CU007937,Organic Search,537.73,Multi-Touch
CU007938,LinkedIn Ads,4355.87,Multi-Touch
CU007939,Google Ads,346.65,First Touch
CU007940,Partner,1526.97,Multi-Touch
CU007941,Referral,7.81,First Touch
CU007942,Organic Search,1296.88,Multi-Touch
CU007943,Partner,922.41,First Touch
CU007944,Google Ads,1598.51,First Touch
CU007945,Event,1245.07,Multi-Touch
CU007946,Outbound,1237.49,First Touch
CU007947,LinkedIn Ads,909.65,Multi-Touch
CU007948,Partner,4149.52,Multi-Touch
CU007949,Google Ads,1194.29,Last Touch
CU007950,Partner,875.25,Multi-Touch
CU007951,Event,487.64,First Touch
CU007952,Outbound,4660.58,First Touch
CU007953,Google Ads,4523.14,Multi-Touch
CU007954,Google Ads,4491.37,Last Touch
CU007955,Partner,4319.35,First Touch
CU007956,Organic Search,368.02,Multi-Touch
CU007957,Event,1117.88,First Touch
CU007958,Partner,308.75,Multi-Touch
CU007959,Outbound,349.66,Last Touch
CU007960,Outbound,1266.35,First Touch
CU007961,Partner,1441.42,First Touch
CU007962,Partner,405.24,Last Touch
CU007963,Outbound,1360.67,Multi-Touch
CU007964,Organic Search,4629.75,Last Touch
CU007965,Google Ads,94.04,Last Touch
CU007966,Referral,4617.3,Last Touch
CU007967,Partner,4567.52,Last Touch
CU007968,Organic Search,273.86,First Touch
CU007969,Google Ads,1455.18,Last Touch
CU007970,Organic Search,1310.01,First Touch
CU007971,Event,1169.97,Last Touch
CU007972,Outbound,1312.67,Multi-Touch
CU007973,LinkedIn Ads,1354.95,Multi-Touch
CU007974,LinkedIn Ads,4254.62,Last Touch
CU007975,Outbound,4591.11,First Touch
CU007976,LinkedIn Ads,4785.25,First Touch
CU007977,Organic Search,1135.06,First Touch
CU007978,Partner,1025.69,First Touch
CU007979,Partner,256.72,Multi-Touch
CU007980,Event,967.03,First Touch
CU007981,Outbound,4590.08,Multi-Touch
CU007982,Organic Search,1282.23,First Touch
CU007983,LinkedIn Ads,4096.1,Multi-Touch
CU007984,Google Ads,405.57,Multi-Touch
CU007985,Outbound,1452.93,Multi-Touch
CU007986,Organic Search,1069.53,First Touch
CU007987,Organic Search,449.35,First Touch
CU007988,Organic Search,1163.94,Multi-Touch
CU007989,Referral,468.2,Last Touch
CU007990,Outbound,412.14,Last Touch
CU007991,Event,4433.33,Multi-Touch
CU007992,Outbound,1318.87,First Touch
CU007993,Google Ads,4428.37,Multi-Touch
CU007994,Organic Search,1004.13,First Touch
CU007995,Referral,258.96,First Touch
CU007996,Referral,4546.15,Last Touch
CU007997,Event,4743.28,Last Touch
CU007998,Partner,1480.94,Multi-Touch
CU007999,Event,4193.0,First Touch
CU008000,Event,4582.45,First Touch
CU008001,Google Ads,322.13,Last Touch
CU008002,Partner,1374.07,Last Touch
CU008003,Event,127.58,First Touch
CU008004,Referral,4423.93,First Touch
CU008005,LinkedIn Ads,4600.76,Multi-Touch
CU008006,Event,1349.51,Multi-Touch
CU008007,Referral,4511.15,First Touch
CU008008,Partner,1337.15,First Touch
CU008009,Partner,4424.73,Last Touch
CU008010,Partner,1218.13,Multi-Touch
CU008011,LinkedIn Ads,421.05,Last Touch
CU008012,Outbound,444.5,Multi-Touch
CU008013,Organic Search,582.41,First Touch
CU008014,Outbound,4767.71,First Touch
CU008015,Event,4498.26,First Touch
CU008016,Event,1330.36,Multi-Touch
CU008017,Event,1359.02,First Touch
CU008018,Google Ads,4589.72,First Touch
CU008019,Event,4436.76,First Touch
CU008020,LinkedIn Ads,313.96,Multi-Touch
CU008021,Google Ads,4447.11,Last Touch
CU008022,Outbound,105.24,Multi-Touch
CU008023,Referral,1148.06,Multi-Touch
CU008024,Event,1242.58,Multi-Touch
CU008025,Organic Search,1451.25,First Touch
CU008026,LinkedIn Ads,65.46,Last Touch
CU008027,Referral,4414.2,First Touch
CU008028,Referral,622.75,Multi-Touch
CU008029,LinkedIn Ads,4799.76,First Touch
CU008030,Partner,4383.73,Multi-Touch
CU008031,Partner,276.24,Multi-Touch
CU008032,Partner,945.56,First Touch
CU008033,Partner,766.6,First Touch
CU008034,LinkedIn Ads,4226.04,Last Touch
CU008035,Organic Search,4765.16,Last Touch
CU008036,Partner,1272.07,Last Touch
CU008037,Outbound,4457.62,First Touch
CU008038,LinkedIn Ads,4584.33,Multi-Touch
CU008039,Organic Search,4689.22,Multi-Touch
CU008040,Partner,1211.81,First Touch
CU008041,Organic Search,1377.34,First Touch
CU008042,Referral,1373.3,First Touch
CU008043,Partner,495.2,Last Touch
CU008044,Organic Search,1227.73,First Touch
CU008045,Event,1238.93,First Touch
CU008046,Event,4670.33,First Touch
CU008047,LinkedIn Ads,4327.65,Multi-Touch
CU008048,Google Ads,596.82,First Touch
CU008049,Outbound,1182.72,Multi-Touch
CU008050,Organic Search,390.37,First Touch
CU008051,Event,417.84,First Touch
CU008052,Outbound,262.2,First Touch
CU008053,Partner,0.84,Last Touch
CU008054,Outbound,1502.71,Last Touch
CU008055,Outbound,4772.04,Multi-Touch
CU008056,Google Ads,378.91,First Touch
CU008057,Organic Search,1150.67,Multi-Touch
CU008058,Event,228.23,First Touch
CU008059,Organic Search,4806.21,First Touch
CU008060,LinkedIn Ads,987.04,First Touch
CU008061,LinkedIn Ads,4448.54,Last Touch
CU008062,Google Ads,2.79,Last Touch
CU008063,Event,4556.31,First Touch
CU008064,Referral,1237.32,First Touch
CU008065,LinkedIn Ads,159.52,First Touch
CU008066,LinkedIn Ads,4643.28,First Touch
CU008067,Partner,4028.78,Multi-Touch
CU008068,Event,1325.11,First Touch
CU008069,Partner,4254.8,First Touch
CU008070,Partner,565.31,Last Touch
CU008071,LinkedIn Ads,4844.43,Last Touch
CU008072,Event,138.37,First Touch
CU008073,Organic Search,497.36,Multi-Touch
CU008074,Outbound,4551.14,Multi-Touch
CU008075,Referral,631.09,Last Touch
CU008076,LinkedIn Ads,764.68,Multi-Touch
CU008077,Event,4310.37,Last Touch
CU008078,Partner,511.61,Last Touch
CU008079,Google Ads,4378.78,Last Touch
CU008080,Referral,4504.69,First Touch
CU008081,Google Ads,15.99,Multi-Touch
CU008082,Event,1582.7,Multi-Touch
CU008083,Partner,12.69,First Touch
CU008084,Partner,1341.97,Multi-Touch
CU008085,Google Ads,1199.8,Multi-Touch
CU008086,LinkedIn Ads,654.41,First Touch
CU008087,Organic Search,4229.6,Last Touch
CU008088,Outbound,4880.36,Last Touch
CU008089,Event,1016.43,Multi-Touch
CU008090,Organic Search,4681.96,Multi-Touch
CU008091,Event,1129.09,Last Touch
CU008092,Partner,4737.53,First Touch
CU008093,Event,1339.19,First Touch
CU008094,Organic Search,1238.1,Multi-Touch
CU008095,Organic Search,4614.03,Multi-Touch
CU008096,Google Ads,4125.68,Last Touch
CU008097,LinkedIn Ads,1522.78,First Touch
CU008098,Event,1500.74,Multi-Touch
CU008099,Referral,103.62,Last Touch
CU008100,Event,684.86,Last Touch
CU008101,Event,1313.29,Multi-Touch
CU008102,Outbound,443.78,Multi-Touch
CU008103,Google Ads,1247.91,Multi-Touch
CU008104,Google Ads,4328.85,First Touch
CU008105,Outbound,1028.97,First Touch
CU008106,Referral,11.71,Last Touch
CU008107,Organic Search,1507.14,First Touch
CU008108,Partner,37.22,First Touch
CU008109,Outbound,4741.99,Multi-Touch
CU008110,Google Ads,125.92,Multi-Touch
CU008111,LinkedIn Ads,1672.17,First Touch
CU008112,Referral,4514.82,Multi-Touch
CU008113,Google Ads,1214.42,First Touch
CU008114,Outbound,272.14,First Touch
CU008115,Outbound,1546.74,First Touch
CU008116,Partner,4810.71,Multi-Touch
CU008117,Referral,1392.19,Multi-Touch
CU008118,Google Ads,932.32,Multi-Touch
CU008119,Partner,1482.55,First Touch
CU008120,LinkedIn Ads,1071.4,First Touch
CU008121,Event,1116.37,First Touch
CU008122,Google Ads,4394.3,First Touch
CU008123,LinkedIn Ads,4341.22,Last Touch
CU008124,Organic Search,760.56,First Touch
CU008125,Google Ads,452.04,First Touch
CU008126,Outbound,4671.83,First Touch
CU008127,Partner,975.57,Multi-Touch
CU008128,Organic Search,4185.35,Multi-Touch
CU008129,LinkedIn Ads,4221.74,Multi-Touch
CU008130,Outbound,4802.87,Multi-Touch
CU008131,Event,95.52,Multi-Touch
CU008132,LinkedIn Ads,273.7,Multi-Touch
CU008133,Google Ads,587.27,Last Touch
CU008134,Outbound,4750.72,Multi-Touch
CU008135,Partner,1481.39,First Touch
CU008136,LinkedIn Ads,263.21,Last Touch
CU008137,Partner,4416.02,Multi-Touch
CU008138,Outbound,4043.52,Last Touch
CU008139,Google Ads,587.0,First Touch
CU008140,Google Ads,4591.48,Last Touch
CU008141,LinkedIn Ads,1231.33,Last Touch
CU008142,Outbound,1088.59,First Touch
CU008143,Organic Search,4306.35,First Touch
CU008144,Event,1292.3,Multi-Touch
CU008145,Partner,1271.42,Multi-Touch
CU008146,LinkedIn Ads,1399.68,Multi-Touch
CU008147,Referral,49.28,Multi-Touch
CU008148,Organic Search,499.61,Last Touch
CU008149,Referral,4605.65,First Touch
CU008150,Event,4820.42,Multi-Touch
CU008151,Event,1081.28,Multi-Touch
CU008152,Event,1068.54,Last Touch
CU008153,Partner,1222.71,First Touch
CU008154,LinkedIn Ads,757.83,Multi-Touch
CU008155,LinkedIn Ads,691.68,Last Touch
CU008156,Event,4447.89,Last Touch
CU008157,Event,488.29,Multi-Touch
CU008158,LinkedIn Ads,4427.54,Multi-Touch
CU008159,LinkedIn Ads,1221.25,First Touch
CU008160,Google Ads,603.02,Last Touch
CU008161,Referral,4462.46,Multi-Touch
CU008162,Event,4838.77,Last Touch
CU008163,Partner,4481.78,First Touch
CU008164,Outbound,390.34,First Touch
CU008165,Outbound,4259.97,Multi-Touch
CU008166,Outbound,4503.66,First Touch
CU008167,Outbound,589.9,Last Touch
CU008168,LinkedIn Ads,4458.22,Multi-Touch
CU008169,Google Ads,737.4,Multi-Touch
CU008170,Event,4472.8,Multi-Touch
CU008171,Organic Search,4584.75,Multi-Touch
CU008172,LinkedIn Ads,4590.26,Last Touch
CU008173,Event,4785.95,Last Touch
CU008174,Outbound,4502.69,Multi-Touch
CU008175,Outbound,1287.17,First Touch
CU008176,Google Ads,667.03,Last Touch
CU008177,Referral,1358.75,Multi-Touch
CU008178,Referral,4148.7,Multi-Touch
CU008179,LinkedIn Ads,218.74,Multi-Touch
CU008180,Referral,382.82,Last Touch
CU008181,LinkedIn Ads,4571.14,Last Touch
CU008182,Event,4307.47,Multi-Touch
CU008183,Organic Search,4507.81,Multi-Touch
CU008184,Referral,1531.95,Last Touch
CU008185,Google Ads,1021.97,Multi-Touch
CU008186,LinkedIn Ads,108.74,Multi-Touch
CU008187,Organic Search,4608.71,Last Touch
CU008188,Partner,4458.9,Last Touch
CU008189,Organic Search,718.73,Multi-Touch
CU008190,Google Ads,467.51,Multi-Touch
CU008191,Referral,196.76,First Touch
CU008192,Outbound,4278.3,First Touch
CU008193,Partner,4635.85,Last Touch
CU008194,Google Ads,1131.19,Last Touch
CU008195,Google Ads,426.71,Multi-Touch
CU008196,Referral,1063.39,Multi-Touch
CU008197,Google Ads,1081.99,First Touch
CU008198,Event,4779.42,First Touch
CU008199,LinkedIn Ads,1364.09,Multi-Touch
CU008200,Event,1255.91,Last Touch
CU008201,Organic Search,1557.62,Last Touch
CU008202,Google Ads,1333.92,Last Touch
CU008203,Organic Search,4774.36,Multi-Touch
CU008204,Partner,1224.31,Last Touch
CU008205,Outbound,4526.78,First Touch
CU008206,Google Ads,1001.23,First Touch
CU008207,Google Ads,3982.06,Last Touch
CU008208,LinkedIn Ads,542.45,First Touch
CU008209,Google Ads,1409.6,Multi-Touch
CU008210,Outbound,407.55,Last Touch
CU008211,Google Ads,1468.71,Multi-Touch
CU008212,Referral,4380.94,Last Touch
CU008213,Organic Search,4112.8,Last Touch
CU008214,LinkedIn Ads,1232.66,First Touch
CU008215,Google Ads,4067.93,Last Touch
CU008216,LinkedIn Ads,1519.42,First Touch
CU008217,LinkedIn Ads,785.19,Multi-Touch
CU008218,Google Ads,4381.12,Last Touch
CU008219,Partner,1194.92,First Touch
CU008220,Referral,1053.04,Last Touch
CU008221,LinkedIn Ads,4261.83,Last Touch
CU008222,Referral,1201.63,First Touch
CU008223,Partner,1139.34,Multi-Touch
CU008224,Referral,215.41,Last Touch
CU008225,Partner,4617.15,Last Touch
CU008226,Referral,114.59,Last Touch
CU008227,Partner,557.3,Multi-Touch
CU008228,Referral,349.84,Last Touch
CU008229,Event,65.12,Multi-Touch
CU008230,Outbound,407.12,Last Touch
CU008231,Event,4193.07,First Touch
CU008232,Event,1130.95,First Touch
CU008233,Organic Search,328.44,First Touch
CU008234,Partner,4077.05,First Touch
CU008235,Outbound,1240.69,First Touch
CU008236,Event,932.8,Last Touch
CU008237,Event,504.25,First Touch
CU008238,Organic Search,4459.31,Last Touch
CU008239,Referral,807.88,Multi-Touch
CU008240,Event,170.49,Multi-Touch
CU008241,Event,455.84,Last Touch
CU008242,Outbound,710.12,First Touch
CU008243,Organic Search,243.15,First Touch
CU008244,LinkedIn Ads,4266.51,Last Touch
CU008245,Organic Search,117.01,Last Touch
CU008246,Partner,348.87,Last Touch
CU008247,Organic Search,1184.61,Multi-Touch
CU008248,Outbound,549.11,Multi-Touch
CU008249,Organic Search,642.13,Multi-Touch
CU008250,LinkedIn Ads,4760.5,Multi-Touch
CU008251,LinkedIn Ads,4541.36,First Touch
CU008252,Organic Search,1324.07,Multi-Touch
CU008253,Outbound,1058.45,Multi-Touch
CU008254,Event,982.15,Last Touch
CU008255,Google Ads,571.41,Last Touch
CU008256,Referral,4591.22,Multi-Touch
CU008257,Google Ads,1308.79,Multi-Touch
CU008258,Google Ads,905.71,Last Touch
CU008259,Referral,1093.36,First Touch
CU008260,Event,613.94,Last Touch
CU008261,Google Ads,472.57,Last Touch
CU008262,Event,1042.7,Last Touch
CU008263,Google Ads,1099.32,Multi-Touch
CU008264,Google Ads,125.79,Last Touch
CU008265,Partner,1688.28,First Touch
CU008266,Google Ads,4376.05,Last Touch
CU008267,LinkedIn Ads,1184.0,Multi-Touch
CU008268,LinkedIn Ads,4129.49,Last Touch
CU008269,LinkedIn Ads,371.23,Multi-Touch
CU008270,LinkedIn Ads,1342.88,First Touch
CU008271,Google Ads,192.36,First Touch
CU008272,Outbound,870.19,Multi-Touch
CU008273,LinkedIn Ads,4838.65,Last Touch
CU008274,Partner,943.57,First Touch
CU008275,Google Ads,960.11,Multi-Touch
CU008276,Outbound,300.2,Multi-Touch
CU008277,LinkedIn Ads,1244.68,Last Touch
CU008278,Partner,1259.89,Last Touch
CU008279,Google Ads,259.58,Multi-Touch
CU008280,Event,4481.56,Multi-Touch
CU008281,Event,4647.25,First Touch
CU008282,Partner,1169.7,Last Touch
CU008283,Event,620.94,Multi-Touch
CU008284,Event,4179.42,First Touch
CU008285,LinkedIn Ads,1268.23,First Touch
CU008286,Event,379.11,Last Touch
CU008287,LinkedIn Ads,1208.75,First Touch
CU008288,Referral,1622.81,Multi-Touch
CU008289,Outbound,209.09,Last Touch
CU008290,Organic Search,1582.67,First Touch
CU008291,Google Ads,409.24,First Touch
CU008292,LinkedIn Ads,484.58,Last Touch
CU008293,Google Ads,4788.74,First Touch
CU008294,Outbound,161.04,Last Touch
CU008295,LinkedIn Ads,4689.53,Multi-Touch
CU008296,Referral,437.87,First Touch
CU008297,Google Ads,4703.59,Multi-Touch
CU008298,Outbound,1207.51,Multi-Touch
CU008299,Organic Search,527.82,Multi-Touch
CU008300,Organic Search,1148.72,Multi-Touch
CU008301,Outbound,342.0,First Touch
CU008302,LinkedIn Ads,296.78,Multi-Touch
CU008303,Outbound,4747.12,Last Touch
CU008304,Google Ads,1359.71,First Touch
CU008305,Organic Search,1104.28,Last Touch
CU008306,Event,1280.51,Multi-Touch
CU008307,Referral,276.69,Multi-Touch
CU008308,Partner,385.1,Multi-Touch
CU008309,Outbound,4516.12,First Touch
CU008310,Referral,4236.02,Last Touch
CU008311,Partner,93.35,Last Touch
CU008312,Partner,4643.73,Last Touch
CU008313,Partner,4457.58,Last Touch
CU008314,Organic Search,246.83,Last Touch
CU008315,Partner,989.69,Last Touch
CU008316,Organic Search,1129.71,Last Touch
CU008317,Google Ads,4370.28,Multi-Touch
CU008318,Google Ads,4350.08,Last Touch
CU008319,Event,4543.22,Multi-Touch
CU008320,Partner,971.94,First Touch
CU008321,Outbound,113.02,First Touch
CU008322,Referral,4459.04,First Touch
CU008323,Partner,4436.92,First Touch
CU008324,Google Ads,4404.05,First Touch
CU008325,Event,317.9,First Touch
CU008326,Partner,4339.57,Last Touch
CU008327,Organic Search,1186.99,First Touch
CU008328,Partner,1056.32,Last Touch
CU008329,Outbound,1431.11,Last Touch
CU008330,Event,468.77,First Touch
CU008331,Referral,14.2,First Touch
CU008332,LinkedIn Ads,1215.55,Multi-Touch
CU008333,Organic Search,303.63,Last Touch
CU008334,Partner,268.37,Multi-Touch
CU008335,Google Ads,1134.26,Multi-Touch
CU008336,Organic Search,616.16,Multi-Touch
CU008337,Outbound,738.35,Last Touch
CU008338,Event,4785.06,Last Touch
CU008339,Outbound,420.42,Multi-Touch
CU008340,Outbound,4301.65,Last Touch
CU008341,Event,1086.85,Multi-Touch
CU008342,Partner,1293.23,Multi-Touch
CU008343,Google Ads,1368.3,First Touch
CU008344,Google Ads,230.2,Last Touch
CU008345,Partner,4485.62,Multi-Touch
CU008346,Partner,335.06,Last Touch
CU008347,Partner,330.02,Multi-Touch
CU008348,Event,1054.46,Multi-Touch
CU008349,Event,979.48,Last Touch
CU008350,Organic Search,1111.0,Multi-Touch
CU008351,Google Ads,4561.73,Multi-Touch
CU008352,LinkedIn Ads,1254.94,First Touch
CU008353,Referral,574.11,Multi-Touch
CU008354,Event,96.09,Multi-Touch
CU008355,Partner,373.12,Last Touch
CU008356,Organic Search,1367.09,First Touch
CU008357,LinkedIn Ads,467.63,Last Touch
CU008358,Google Ads,4515.07,Multi-Touch
CU008359,Referral,269.42,Multi-Touch
CU008360,Google Ads,197.26,Multi-Touch
CU008361,Partner,419.32,Multi-Touch
CU008362,LinkedIn Ads,1224.99,Last Touch
CU008363,Google Ads,618.04,Multi-Touch
CU008364,Event,4125.18,Multi-Touch
CU008365,Partner,121.62,First Touch
CU008366,Event,491.93,First Touch
CU008367,Referral,882.51,First Touch
CU008368,Referral,1374.03,Last Touch
CU008369,Google Ads,618.69,Multi-Touch
CU008370,Referral,1299.59,Last Touch
CU008371,Partner,554.67,First Touch
CU008372,LinkedIn Ads,1565.69,Multi-Touch
CU008373,Organic Search,4820.86,Last Touch
CU008374,Referral,4330.97,First Touch
CU008375,Outbound,314.69,Last Touch
CU008376,Google Ads,1474.94,First Touch
CU008377,Referral,227.75,Last Touch
CU008378,Event,1098.25,Last Touch
CU008379,Partner,157.9,Last Touch
CU008380,LinkedIn Ads,542.49,Multi-Touch
CU008381,Outbound,4532.26,Multi-Touch
CU008382,Google Ads,4857.43,Last Touch
CU008383,Partner,1300.03,Last Touch
CU008384,Referral,4583.36,First Touch
CU008385,Organic Search,1087.74,Last Touch
CU008386,Event,1306.29,Multi-Touch
CU008387,Partner,1291.99,First Touch
CU008388,Referral,127.73,First Touch
CU008389,Partner,4896.63,Last Touch
CU008390,Referral,298.4,Last Touch
CU008391,Organic Search,4561.65,Multi-Touch
CU008392,Organic Search,1315.29,First Touch
CU008393,Referral,4524.42,Multi-Touch
CU008394,Partner,599.24,First Touch
CU008395,Referral,625.96,Multi-Touch
CU008396,Referral,4594.7,First Touch
CU008397,Organic Search,4627.69,Last Touch
CU008398,Outbound,1135.33,Multi-Touch
CU008399,LinkedIn Ads,4670.47,Multi-Touch
CU008400,Google Ads,1321.98,Multi-Touch
CU008401,LinkedIn Ads,1256.61,First Touch
CU008402,Google Ads,4382.63,Last Touch
CU008403,Organic Search,1111.74,Last Touch
CU008404,Google Ads,445.05,Multi-Touch
CU008405,Referral,1565.7,Last Touch
CU008406,Organic Search,440.03,First Touch
CU008407,LinkedIn Ads,1415.33,Last Touch
CU008408,LinkedIn Ads,1011.11,Multi-Touch
CU008409,Google Ads,1339.17,Multi-Touch
CU008410,Google Ads,406.79,Last Touch
CU008411,Google Ads,1335.98,Multi-Touch
CU008412,Outbound,364.24,Last Touch
CU008413,Outbound,4443.13,Last Touch
CU008414,Outbound,4308.67,First Touch
CU008415,Event,276.56,Last Touch
CU008416,Partner,444.25,Multi-Touch
CU008417,Partner,4439.2,Last Touch
CU008418,Outbound,4032.55,Multi-Touch
CU008419,Referral,4715.61,Last Touch
CU008420,Google Ads,208.12,Multi-Touch
CU008421,Event,806.54,Multi-Touch
CU008422,Referral,1197.97,First Touch
CU008423,Referral,4509.89,First Touch
CU008424,Partner,4580.46,First Touch
CU008425,Event,282.63,Multi-Touch
CU008426,Event,950.58,Last Touch
CU008427,Google Ads,4049.68,First Touch
CU008428,Outbound,362.18,Multi-Touch
CU008429,Outbound,346.01,Multi-Touch
CU008430,Google Ads,554.01,Multi-Touch
CU008431,Event,1279.15,Last Touch
CU008432,Google Ads,990.22,First Touch
CU008433,Partner,435.6,Last Touch
CU008434,LinkedIn Ads,4163.76,Multi-Touch
CU008435,Event,4791.79,Last Touch
CU008436,Event,567.65,Last Touch
CU008437,Referral,4278.29,Last Touch
CU008438,Referral,4741.34,Last Touch
CU008439,Referral,657.44,Last Touch
CU008440,LinkedIn Ads,993.24,Last Touch
CU008441,Partner,1229.86,First Touch
CU008442,Google Ads,362.78,Last Touch
CU008443,Referral,4376.82,Multi-Touch
CU008444,Event,1320.19,Multi-Touch
CU008445,Organic Search,4458.07,First Touch
CU008446,Event,4441.16,Multi-Touch
CU008447,Event,4878.58,Last Touch
CU008448,Referral,4521.44,Last Touch
CU008449,Referral,63.33,Multi-Touch
CU008450,Referral,4457.41,First Touch
CU008451,Google Ads,4751.88,Last Touch
CU008452,Google Ads,377.61,First Touch
CU008453,Google Ads,572.24,Last Touch
CU008454,Organic Search,4422.81,Last Touch
CU008455,Organic Search,1096.94,Last Touch
CU008456,Event,4528.04,Last Touch
CU008457,Google Ads,4113.02,Last Touch
CU008458,Event,404.7,First Touch
CU008459,Organic Search,1432.76,Multi-Touch
CU008460,Partner,1157.76,First Touch
CU008461,Event,4701.43,Multi-Touch
CU008462,LinkedIn Ads,197.39,Multi-Touch
CU008463,Partner,948.68,First Touch
CU008464,Outbound,4490.6,Multi-Touch
CU008465,Referral,4635.91,Multi-Touch
CU008466,Partner,4363.74,First Touch
CU008467,Partner,4331.29,First Touch
CU008468,Organic Search,272.46,First Touch
CU008469,LinkedIn Ads,178.52,Last Touch
CU008470,LinkedIn Ads,457.0,Multi-Touch
CU008471,Partner,4608.63,Last Touch
CU008472,Event,1023.88,First Touch
CU008473,LinkedIn Ads,4678.5,First Touch
CU008474,Organic Search,374.7,Multi-Touch
CU008475,Outbound,1313.19,First Touch
CU008476,Organic Search,299.18,First Touch
CU008477,Outbound,174.21,First Touch
CU008478,Event,581.65,Last Touch
CU008479,Partner,105.74,First Touch
CU008480,Partner,1032.72,First Touch
CU008481,Organic Search,4454.05,First Touch
CU008482,LinkedIn Ads,4213.44,Multi-Touch
CU008483,Google Ads,4741.8,First Touch
CU008484,LinkedIn Ads,155.61,First Touch
CU008485,LinkedIn Ads,1230.68,Last Touch
CU008486,Referral,1123.8,Last Touch
CU008487,LinkedIn Ads,1311.99,Multi-Touch
CU008488,Referral,205.76,First Touch
CU008489,Referral,43.96,Last Touch
CU008490,Referral,4664.46,First Touch
CU008491,Google Ads,4466.3,Multi-Touch
CU008492,Organic Search,4540.52,Last Touch
CU008493,Google Ads,1118.22,Multi-Touch
CU008494,Google Ads,4772.32,Last Touch
CU008495,Outbound,4350.14,Multi-Touch
CU008496,Referral,363.24,Multi-Touch
CU008497,Event,4686.61,Multi-Touch
CU008498,Event,10.3,First Touch
CU008499,Organic Search,1078.71,Multi-Touch
CU008500,Google Ads,4401.65,Last Touch
CU008501,Google Ads,1003.6,First Touch
CU008502,LinkedIn Ads,182.41,First Touch
CU008503,Outbound,1206.45,First Touch
CU008504,LinkedIn Ads,989.18,Multi-Touch
CU008505,Event,467.37,Multi-Touch
CU008506,Organic Search,238.61,First Touch
CU008507,Referral,4893.41,Multi-Touch
CU008508,Referral,205.73,Multi-Touch
CU008509,Event,1237.25,Last Touch
CU008510,Referral,4298.33,First Touch
CU008511,Referral,1516.6,Multi-Touch
CU008512,Referral,4517.89,Multi-Touch
CU008513,Google Ads,149.14,First Touch
CU008514,Outbound,4406.97,First Touch
CU008515,Outbound,4508.87,First Touch
CU008516,Event,130.85,First Touch
CU008517,Organic Search,4100.2,Last Touch
CU008518,Referral,272.52,Multi-Touch
CU008519,Event,4580.52,First Touch
CU008520,Google Ads,324.4,First Touch
CU008521,Event,981.36,First Touch
CU008522,Referral,1195.61,First Touch
CU008523,Outbound,1296.25,First Touch
CU008524,Partner,4430.09,First Touch
CU008525,Partner,4431.22,Last Touch
CU008526,Referral,162.51,First Touch
CU008527,Event,4561.38,First Touch
CU008528,Partner,124.68,Multi-Touch
CU008529,LinkedIn Ads,433.14,Last Touch
CU008530,Organic Search,1389.87,Last Touch
CU008531,LinkedIn Ads,610.41,Multi-Touch
CU008532,Google Ads,4403.99,Last Touch
CU008533,Outbound,262.5,First Touch
CU008534,Partner,314.63,Last Touch
CU008535,Partner,4217.01,Multi-Touch
CU008536,Partner,4341.06,First Touch
CU008537,LinkedIn Ads,181.84,Multi-Touch
CU008538,LinkedIn Ads,4770.73,First Touch
CU008539,Google Ads,4403.46,Multi-Touch
CU008540,Partner,1163.05,Last Touch
CU008541,LinkedIn Ads,551.21,Multi-Touch
CU008542,Partner,387.25,First Touch
CU008543,Referral,1214.87,Last Touch
CU008544,Partner,474.21,Last Touch
CU008545,Event,1092.48,Multi-Touch
CU008546,Referral,949.97,Multi-Touch
CU008547,LinkedIn Ads,4468.29,Last Touch
CU008548,Outbound,1011.79,Multi-Touch
CU008549,LinkedIn Ads,4478.94,First Touch
CU008550,Event,4519.91,Multi-Touch
CU008551,LinkedIn Ads,4119.69,Last Touch
CU008552,Event,4613.9,Last Touch
CU008553,Outbound,1236.04,Last Touch
CU008554,Google Ads,1105.08,Last Touch
CU008555,Referral,486.92,Last Touch
CU008556,Event,4487.15,First Touch
CU008557,Google Ads,1184.54,Last Touch
CU008558,LinkedIn Ads,4249.66,Last Touch
CU008559,LinkedIn Ads,1162.2,Multi-Touch
CU008560,Organic Search,4748.64,First Touch
CU008561,Referral,198.95,Multi-Touch
CU008562,Outbound,1230.94,Last Touch
CU008563,Google Ads,1168.8,Multi-Touch
CU008564,Referral,421.43,Multi-Touch
CU008565,LinkedIn Ads,569.55,First Touch
CU008566,Event,390.55,Last Touch
CU008567,Organic Search,1012.13,Last Touch
CU008568,Organic Search,1509.17,First Touch
CU008569,Google Ads,1199.91,Last Touch
CU008570,Google Ads,1001.76,Multi-Touch
CU008571,Google Ads,100.8,First Touch
CU008572,LinkedIn Ads,1195.79,Last Touch
CU008573,Referral,4532.48,Multi-Touch
CU008574,Outbound,4676.31,Multi-Touch
CU008575,Organic Search,1111.77,First Touch
CU008576,Partner,104.08,Multi-Touch
CU008577,LinkedIn Ads,181.26,Last Touch
CU008578,Organic Search,4550.67,Multi-Touch
CU008579,Organic Search,1297.86,Multi-Touch
CU008580,Partner,403.19,Multi-Touch
CU008581,Organic Search,332.36,Multi-Touch
CU008582,Organic Search,1358.61,Multi-Touch
CU008583,LinkedIn Ads,1142.99,Last Touch
CU008584,Google Ads,1383.26,Multi-Touch
CU008585,Partner,1298.18,Last Touch
CU008586,LinkedIn Ads,1406.09,First Touch
CU008587,Referral,4743.67,Multi-Touch
CU008588,Partner,6.89,First Touch
CU008589,Outbound,1154.45,Multi-Touch
CU008590,Event,1070.64,Last Touch
CU008591,Referral,497.61,First Touch
CU008592,Outbound,498.51,Multi-Touch
CU008593,Partner,921.97,Multi-Touch
CU008594,Event,1038.11,First Touch
CU008595,Organic Search,4618.04,Last Touch
CU008596,Event,1186.61,Multi-Touch
CU008597,Outbound,1325.73,Multi-Touch
CU008598,Event,1427.64,First Touch
CU008599,Organic Search,4178.73,First Touch
CU008600,Referral,4695.78,Multi-Touch
CU008601,Referral,207.96,First Touch
CU008602,Partner,251.79,Last Touch
CU008603,LinkedIn Ads,500.52,Last Touch
CU008604,Partner,447.51,First Touch
CU008605,Referral,4092.0,Multi-Touch
CU008606,Referral,544.52,Multi-Touch
CU008607,Event,126.06,Last Touch
CU008608,Google Ads,4435.0,Last Touch
CU008609,Outbound,1078.19,Last Touch
CU008610,Partner,4584.0,Multi-Touch
CU008611,Google Ads,4370.78,First Touch
CU008612,Partner,1575.14,First Touch
CU008613,Organic Search,4611.4,Last Touch
CU008614,Google Ads,418.73,First Touch
CU008615,Partner,4616.99,First Touch
CU008616,Event,326.15,First Touch
CU008617,Referral,1128.28,Multi-Touch
CU008618,Event,4706.58,Multi-Touch
CU008619,Partner,1156.79,Multi-Touch
CU008620,Referral,4532.54,First Touch
CU008621,Google Ads,972.49,Multi-Touch
CU008622,Referral,4733.13,Multi-Touch
CU008623,Outbound,1063.26,Last Touch
CU008624,Partner,1084.41,Multi-Touch
CU008625,Outbound,4516.91,First Touch
CU008626,Referral,1276.66,Last Touch
CU008627,Partner,190.31,Last Touch
CU008628,Organic Search,4615.62,Multi-Touch
CU008629,Google Ads,292.58,First Touch
CU008630,Google Ads,1110.98,Multi-Touch
CU008631,Organic Search,484.07,First Touch
CU008632,Event,1064.22,First Touch
CU008633,Outbound,4314.34,First Touch
CU008634,Outbound,4420.2,First Touch
CU008635,LinkedIn Ads,1082.29,Multi-Touch
CU008636,Partner,364.07,Last Touch
CU008637,Event,1475.33,Multi-Touch
CU008638,LinkedIn Ads,639.81,Last Touch
CU008639,Google Ads,278.28,Last Touch
CU008640,Organic Search,131.22,Last Touch
CU008641,Partner,4149.92,Multi-Touch
CU008642,Partner,5070.33,Multi-Touch
CU008643,Organic Search,443.77,First Touch
CU008644,Google Ads,4647.25,Last Touch
CU008645,Referral,1453.15,Last Touch
CU008646,Referral,4751.38,Multi-Touch
CU008647,Event,1547.13,First Touch
CU008648,Outbound,1022.09,Multi-Touch
CU008649,Partner,4456.95,Last Touch
CU008650,Google Ads,4518.0,First Touch
CU008651,Organic Search,643.09,Last Touch
CU008652,Organic Search,4306.05,First Touch
CU008653,Google Ads,4710.86,Last Touch
CU008654,Referral,149.59,Multi-Touch
CU008655,Event,401.52,Last Touch
CU008656,LinkedIn Ads,435.25,Last Touch
CU008657,Referral,4829.1,Last Touch
CU008658,Google Ads,1148.45,First Touch
CU008659,Event,337.66,Last Touch
CU008660,Event,323.64,Last Touch
CU008661,Referral,80.26,Last Touch
CU008662,Event,1310.93,Last Touch
CU008663,Event,4776.01,Last Touch
CU008664,Partner,4372.09,First Touch
CU008665,Event,4834.18,Last Touch
CU008666,Referral,477.74,Multi-Touch
CU008667,Google Ads,4093.49,First Touch
CU008668,Outbound,1259.05,Multi-Touch
CU008669,Event,1091.09,Last Touch
CU008670,Outbound,4463.68,First Touch
CU008671,Referral,1534.27,First Touch
CU008672,Referral,1085.42,First Touch
CU008673,Outbound,1491.8,Multi-Touch
CU008674,Outbound,233.78,Multi-Touch
CU008675,LinkedIn Ads,1317.05,Last Touch
CU008676,LinkedIn Ads,1025.34,Multi-Touch
CU008677,Outbound,1036.9,Multi-Touch
CU008678,LinkedIn Ads,1343.57,Multi-Touch
CU008679,Google Ads,952.1,Last Touch
CU008680,Google Ads,4230.26,Multi-Touch
CU008681,Outbound,478.46,Last Touch
CU008682,Outbound,132.12,Last Touch
CU008683,Event,4195.85,First Touch
CU008684,Event,1141.17,Last Touch
CU008685,LinkedIn Ads,4284.01,First Touch
CU008686,Outbound,452.94,First Touch
CU008687,Google Ads,1152.12,First Touch
CU008688,Google Ads,472.19,Last Touch
CU008689,Organic Search,136.97,Multi-Touch
CU008690,Outbound,1460.25,Multi-Touch
CU008691,Event,1129.81,First Touch
CU008692,LinkedIn Ads,4755.93,Last Touch
CU008693,Outbound,102.08,First Touch
CU008694,Partner,1400.25,Multi-Touch
CU008695,Organic Search,1121.48,First Touch
CU008696,LinkedIn Ads,4562.3,Last Touch
CU008697,Outbound,364.79,First Touch
CU008698,Google Ads,4348.97,Multi-Touch
CU008699,Partner,4500.54,First Touch
CU008700,Outbound,316.35,First Touch
CU008701,Outbound,626.54,First Touch
CU008702,Organic Search,4188.13,Multi-Touch
CU008703,Event,1163.29,Last Touch
CU008704,Organic Search,290.2,Last Touch
CU008705,LinkedIn Ads,1370.29,Last Touch
CU008706,Referral,80.99,Last Touch
CU008707,Event,428.11,Last Touch
CU008708,LinkedIn Ads,1335.84,Multi-Touch
CU008709,Outbound,1211.98,First Touch
CU008710,Event,411.71,Last Touch
CU008711,Event,471.16,First Touch
CU008712,Event,4447.13,Last Touch
CU008713,Google Ads,897.72,Multi-Touch
CU008714,Referral,217.34,Multi-Touch
CU008715,Partner,1282.82,Multi-Touch
CU008716,Referral,4205.91,Multi-Touch
CU008717,Google Ads,4801.59,Multi-Touch
CU008718,LinkedIn Ads,1198.84,Last Touch
CU008719,Event,9.6,Multi-Touch
CU008720,Outbound,366.14,Last Touch
CU008721,Google Ads,461.87,First Touch
CU008722,Outbound,1299.56,Last Touch
CU008723,LinkedIn Ads,565.57,Multi-Touch
CU008724,Event,4889.25,First Touch
CU008725,Referral,4632.8,First Touch
CU008726,Outbound,1304.95,Multi-Touch
CU008727,LinkedIn Ads,319.59,First Touch
CU008728,Referral,568.46,Last Touch
CU008729,Outbound,4867.11,First Touch
CU008730,Partner,448.49,Multi-Touch
CU008731,Referral,1481.1,Multi-Touch
CU008732,Partner,829.99,First Touch
CU008733,Partner,4376.65,Multi-Touch
CU008734,Event,1147.73,Last Touch
CU008735,Partner,4461.22,Multi-Touch
CU008736,LinkedIn Ads,4310.0,First Touch
CU008737,Event,1026.46,Multi-Touch
CU008738,Organic Search,4583.93,First Touch
CU008739,Google Ads,1200.65,Multi-Touch
CU008740,Outbound,1300.05,Multi-Touch
CU008741,Outbound,4493.06,Multi-Touch
CU008742,Google Ads,343.16,First Touch
CU008743,Outbound,483.92,Multi-Touch
CU008744,Referral,1260.07,First Touch
CU008745,Outbound,302.48,Multi-Touch
CU008746,Partner,4199.47,Last Touch
CU008747,Google Ads,967.51,Last Touch
CU008748,LinkedIn Ads,377.88,Multi-Touch
CU008749,LinkedIn Ads,199.17,Last Touch
CU008750,Referral,1004.34,First Touch
CU008751,Google Ads,1513.48,First Touch
CU008752,Outbound,4638.02,Last Touch
CU008753,Google Ads,1309.62,Multi-Touch
CU008754,Google Ads,373.04,Multi-Touch
CU008755,Organic Search,245.75,Multi-Touch
CU008756,LinkedIn Ads,500.05,First Touch
CU008757,Outbound,1259.64,Multi-Touch
CU008758,Event,4791.72,First Touch
CU008759,LinkedIn Ads,306.95,Multi-Touch
CU008760,Referral,4718.67,Last Touch
CU008761,Partner,469.52,First Touch
CU008762,Organic Search,431.12,First Touch
CU008763,Event,4772.0,First Touch
CU008764,Google Ads,1186.41,First Touch
CU008765,Referral,4408.63,Multi-Touch
CU008766,Event,385.43,Multi-Touch
CU008767,Organic Search,1187.69,Multi-Touch
CU008768,Organic Search,411.12,Last Touch
CU008769,LinkedIn Ads,1293.0,Last Touch
CU008770,Organic Search,4320.73,First Touch
CU008771,Google Ads,4599.46,Multi-Touch
CU008772,Event,1127.92,Multi-Touch
CU008773,Partner,429.87,First Touch
CU008774,Referral,263.06,Last Touch
CU008775,Partner,331.77,Last Touch
CU008776,Partner,4563.28,Multi-Touch
CU008777,LinkedIn Ads,1245.24,Multi-Touch
CU008778,LinkedIn Ads,98.04,First Touch
CU008779,LinkedIn Ads,4382.42,Multi-Touch
CU008780,Organic Search,4551.72,Last Touch
CU008781,Outbound,4791.59,First Touch
CU008782,Organic Search,1551.38,First Touch
CU008783,Organic Search,188.61,Last Touch
CU008784,Referral,1002.59,Last Touch
CU008785,Outbound,987.51,Multi-Touch
CU008786,Outbound,4831.2,Last Touch
CU008787,Event,1194.92,Multi-Touch
CU008788,Referral,4355.44,Last Touch
CU008789,Partner,1369.58,Last Touch
CU008790,Referral,366.95,Last Touch
CU008791,Outbound,1092.3,Multi-Touch
CU008792,Event,4325.11,Last Touch
CU008793,Event,1222.58,Last Touch
CU008794,LinkedIn Ads,1320.85,Last Touch
CU008795,Partner,4446.06,Multi-Touch
CU008796,Organic Search,1375.5,First Touch
CU008797,LinkedIn Ads,1083.1,First Touch
CU008798,Event,83.6,Last Touch
CU008799,Organic Search,332.91,Last Touch
CU008800,Referral,4323.47,Multi-Touch
CU008801,LinkedIn Ads,4686.74,Last Touch
CU008802,Event,1455.14,Multi-Touch
CU008803,Partner,4644.42,First Touch
CU008804,Organic Search,1383.1,First Touch
CU008805,Outbound,177.99,First Touch
CU008806,Google Ads,4233.07,Last Touch
CU008807,Partner,111.33,First Touch
CU008808,Partner,152.64,First Touch
CU008809,Outbound,4337.22,Multi-Touch
CU008810,Outbound,105.76,Multi-Touch
CU008811,Google Ads,1175.46,First Touch
CU008812,LinkedIn Ads,132.93,First Touch
CU008813,LinkedIn Ads,611.93,First Touch
CU008814,Google Ads,1211.98,Last Touch
CU008815,Organic Search,1189.91,Last Touch
CU008816,Event,4562.6,Multi-Touch
CU008817,Referral,72.83,Last Touch
CU008818,Organic Search,1250.87,Multi-Touch
CU008819,Partner,4604.13,First Touch
CU008820,Google Ads,4461.7,Multi-Touch
CU008821,Event,1326.13,Multi-Touch
CU008822,Google Ads,4347.66,First Touch
CU008823,Referral,244.32,Last Touch
CU008824,Google Ads,1179.07,First Touch
CU008825,Organic Search,249.73,Multi-Touch
CU008826,Partner,1342.74,First Touch
CU008827,Google Ads,4627.05,Last Touch
CU008828,Event,896.72,Last Touch
CU008829,Outbound,347.22,First Touch
CU008830,Outbound,4455.97,Last Touch
CU008831,LinkedIn Ads,4744.91,First Touch
CU008832,Event,4423.32,First Touch
CU008833,Organic Search,4345.64,Multi-Touch
CU008834,LinkedIn Ads,270.84,Multi-Touch
CU008835,LinkedIn Ads,4617.2,Multi-Touch
CU008836,Partner,4572.62,Multi-Touch
CU008837,Event,363.8,First Touch
CU008838,Organic Search,1051.0,Last Touch
CU008839,Partner,1259.19,Last Touch
CU008840,Event,437.66,Last Touch
CU008841,Google Ads,1622.29,Multi-Touch
CU008842,LinkedIn Ads,686.4,Multi-Touch
CU008843,LinkedIn Ads,352.31,First Touch
CU008844,Referral,4447.52,First Touch
CU008845,Event,720.92,Last Touch
CU008846,LinkedIn Ads,4446.86,First Touch
CU008847,Referral,1189.91,Multi-Touch
CU008848,Partner,433.0,Last Touch
CU008849,Organic Search,4314.07,Last Touch
CU008850,Google Ads,4364.67,First Touch
CU008851,Organic Search,116.05,Last Touch
CU008852,Referral,4496.48,First Touch
CU008853,Partner,1241.97,First Touch
CU008854,Google Ads,1469.28,Multi-Touch
CU008855,Google Ads,630.61,Multi-Touch
CU008856,Google Ads,310.2,First Touch
CU008857,Organic Search,4552.0,First Touch
CU008858,Referral,1468.44,Multi-Touch
CU008859,Organic Search,4399.67,First Touch
CU008860,Referral,1337.29,Multi-Touch
CU008861,LinkedIn Ads,224.94,Multi-Touch
CU008862,Referral,864.44,Last Touch
CU008863,Google Ads,4703.05,Last Touch
CU008864,Referral,381.76,Multi-Touch
CU008865,Partner,341.47,Multi-Touch
CU008866,Organic Search,1099.28,Multi-Touch
CU008867,Google Ads,1407.07,First Touch
CU008868,Organic Search,4145.14,Multi-Touch
CU008869,Outbound,1261.56,Last Touch
CU008870,Organic Search,239.14,First Touch
CU008871,Partner,4677.1,First Touch
CU008872,Google Ads,4423.78,Last Touch
CU008873,Organic Search,210.72,Multi-Touch
CU008874,Organic Search,146.26,Last Touch
CU008875,Event,1111.21,Multi-Touch
CU008876,Google Ads,4185.95,Multi-Touch
CU008877,LinkedIn Ads,326.83,Multi-Touch
CU008878,Outbound,4307.05,First Touch
CU008879,Partner,461.72,Multi-Touch
CU008880,LinkedIn Ads,31.73,Last Touch
CU008881,Organic Search,306.44,Multi-Touch
CU008882,Referral,60.95,Multi-Touch
CU008883,Google Ads,1158.48,Last Touch
CU008884,Referral,264.75,Multi-Touch
CU008885,Referral,1465.15,Last Touch
CU008886,Event,240.34,First Touch
CU008887,Partner,297.59,Last Touch
CU008888,Google Ads,533.82,Multi-Touch
CU008889,Partner,1351.95,First Touch
CU008890,LinkedIn Ads,1281.67,First Touch
CU008891,Google Ads,4800.53,Multi-Touch
CU008892,Referral,4561.62,First Touch
CU008893,Partner,965.37,Last Touch
CU008894,LinkedIn Ads,396.48,Multi-Touch
CU008895,Partner,213.73,Last Touch
CU008896,Referral,486.0,First Touch
CU008897,LinkedIn Ads,965.41,First Touch
CU008898,Referral,4960.85,Last Touch
CU008899,Partner,4196.83,First Touch
CU008900,LinkedIn Ads,251.62,Last Touch
CU008901,Outbound,971.43,First Touch
CU008902,Google Ads,4807.58,First Touch
CU008903,Outbound,496.67,Last Touch
CU008904,Partner,1099.6,First Touch
CU008905,Referral,1206.02,Last Touch
CU008906,Organic Search,445.32,Multi-Touch
CU008907,Referral,280.0,Multi-Touch
CU008908,Event,384.18,First Touch
CU008909,LinkedIn Ads,1619.57,Last Touch
CU008910,Event,4605.01,First Touch
CU008911,Event,224.46,First Touch
CU008912,Partner,1009.11,Last Touch
CU008913,Google Ads,255.11,First Touch
CU008914,Organic Search,1430.99,Multi-Touch
CU008915,Organic Search,1244.17,Last Touch
CU008916,Event,4591.95,Last Touch
CU008917,Referral,288.84,Last Touch
CU008918,Google Ads,320.52,Last Touch
CU008919,Google Ads,4553.67,Last Touch
CU008920,Referral,4494.87,First Touch
CU008921,Organic Search,4219.07,First Touch
CU008922,Outbound,466.57,Last Touch
CU008923,Event,424.62,Last Touch
CU008924,LinkedIn Ads,960.15,Multi-Touch
CU008925,Outbound,336.64,First Touch
CU008926,Referral,4344.37,Last Touch
CU008927,LinkedIn Ads,4474.56,Multi-Touch
CU008928,Google Ads,4481.32,First Touch
CU008929,Organic Search,1513.81,Multi-Touch
CU008930,LinkedIn Ads,4155.52,Multi-Touch
CU008931,Event,153.54,Last Touch
CU008932,LinkedIn Ads,870.01,Multi-Touch
CU008933,Organic Search,4514.66,Multi-Touch
CU008934,Google Ads,4669.07,First Touch
CU008935,Outbound,1524.49,Multi-Touch
CU008936,LinkedIn Ads,1164.77,First Touch
CU008937,Referral,4513.48,Multi-Touch
CU008938,Google Ads,4327.19,Multi-Touch
CU008939,Outbound,4432.19,Multi-Touch
CU008940,Event,141.35,Last Touch
CU008941,Referral,1146.64,First Touch
CU008942,Outbound,4330.58,Last Touch
CU008943,LinkedIn Ads,568.98,First Touch
CU008944,Organic Search,361.6,First Touch
CU008945,Partner,1249.29,Multi-Touch
CU008946,Referral,4627.19,Multi-Touch
CU008947,Outbound,87.18,First Touch
CU008948,LinkedIn Ads,1122.55,First Touch
CU008949,Partner,1167.2,Multi-Touch
CU008950,Organic Search,110.71,First Touch
CU008951,LinkedIn Ads,1222.15,Last Touch
CU008952,Google Ads,372.84,First Touch
CU008953,Referral,4185.47,Last Touch
CU008954,LinkedIn Ads,152.51,Last Touch
CU008955,Referral,645.18,First Touch
CU008956,Partner,4596.45,Last Touch
CU008957,Event,4372.12,Last Touch
CU008958,Event,4493.84,Last Touch
CU008959,Referral,775.61,Last Touch
CU008960,Organic Search,4809.05,Last Touch
CU008961,Outbound,4827.41,Multi-Touch
CU008962,Event,221.15,First Touch
CU008963,Event,4287.72,Last Touch
CU008964,LinkedIn Ads,24.73,Multi-Touch
CU008965,Organic Search,1652.35,Multi-Touch
CU008966,Outbound,4529.49,First Touch
CU008967,LinkedIn Ads,263.65,Last Touch
CU008968,Outbound,171.43,Last Touch
CU008969,Referral,4460.87,First Touch
CU008970,Event,311.72,First Touch
CU008971,Organic Search,4411.07,First Touch
CU008972,LinkedIn Ads,973.13,First Touch
CU008973,LinkedIn Ads,885.9,Last Touch
CU008974,Partner,1441.92,Multi-Touch
CU008975,Referral,4202.83,First Touch
CU008976,Outbound,1103.49,Multi-Touch
CU008977,Outbound,4582.18,First Touch
CU008978,Google Ads,4385.76,First Touch
CU008979,Google Ads,379.87,First Touch
CU008980,Referral,175.26,First Touch
CU008981,Partner,870.88,Multi-Touch
CU008982,Referral,1271.48,Last Touch
CU008983,Partner,1279.78,Multi-Touch
CU008984,Referral,556.51,Multi-Touch
CU008985,Organic Search,4776.94,Last Touch
CU008986,Partner,341.54,First Touch
CU008987,Partner,4426.88,Multi-Touch
CU008988,Partner,241.42,Multi-Touch
CU008989,Referral,17.98,Last Touch
CU008990,Outbound,4780.87,Last Touch
CU008991,Partner,4630.82,Last Touch
CU008992,Organic Search,1275.18,Multi-Touch
CU008993,Outbound,4459.27,First Touch
CU008994,Outbound,1165.35,First Touch
CU008995,Google Ads,4213.16,Last Touch
CU008996,LinkedIn Ads,624.09,Multi-Touch
CU008997,Organic Search,286.04,First Touch
CU008998,Google Ads,4680.77,Multi-Touch
CU008999,Event,4477.02,Last Touch
CU009000,Referral,1435.15,Last Touch
CU009001,Referral,4722.06,Multi-Touch
CU009002,Outbound,510.3,Last Touch
CU009003,Referral,4459.72,Multi-Touch
CU009004,Event,1176.24,First Touch
CU009005,Organic Search,4726.93,Multi-Touch
CU009006,Event,1271.67,Multi-Touch
CU009007,Outbound,1068.42,Last Touch
CU009008,Event,939.97,Last Touch
CU009009,Outbound,4583.16,Multi-Touch
CU009010,Organic Search,304.56,Last Touch
CU009011,Outbound,4661.85,Last Touch
CU009012,Partner,236.08,Multi-Touch
CU009013,Outbound,606.09,Last Touch
CU009014,Google Ads,152.61,Last Touch
CU009015,Referral,1522.56,First Touch
CU009016,LinkedIn Ads,419.13,Multi-Touch
CU009017,Event,1168.38,First Touch
CU009018,Outbound,1317.5,Last Touch
CU009019,LinkedIn Ads,387.69,Last Touch
CU009020,Partner,254.08,Multi-Touch
CU009021,Outbound,1161.08,Multi-Touch
CU009022,Partner,4393.56,Multi-Touch
CU009023,Google Ads,755.93,First Touch
CU009024,LinkedIn Ads,1350.1,Last Touch
CU009025,Partner,4330.01,First Touch
CU009026,Partner,532.15,Multi-Touch
CU009027,Partner,4366.96,Last Touch
CU009028,Google Ads,433.28,Multi-Touch
CU009029,Referral,4481.77,First Touch
CU009030,Outbound,1118.04,Last Touch
CU009031,Organic Search,4225.83,Last Touch
CU009032,Google Ads,1347.85,Last Touch
CU009033,Organic Search,946.42,Last Touch
CU009034,Google Ads,698.98,Last Touch
CU009035,Organic Search,364.57,Multi-Touch
CU009036,Google Ads,407.84,Last Touch
CU009037,Google Ads,425.73,Multi-Touch
CU009038,Referral,412.88,First Touch
CU009039,LinkedIn Ads,4587.26,First Touch
CU009040,Google Ads,605.27,First Touch
CU009041,Referral,1103.32,First Touch
CU009042,Event,209.21,Multi-Touch
CU009043,Outbound,592.9,Last Touch
CU009044,Outbound,1052.06,First Touch
CU009045,Organic Search,540.33,First Touch
CU009046,Outbound,1216.87,Last Touch
CU009047,Outbound,4432.59,Multi-Touch
CU009048,Event,153.8,First Touch
CU009049,LinkedIn Ads,385.35,First Touch
CU009050,Google Ads,1385.23,Last Touch
CU009051,Event,345.37,First Touch
CU009052,Referral,1029.74,Multi-Touch
CU009053,Referral,4410.1,First Touch
CU009054,Event,1160.48,Multi-Touch
CU009055,Organic Search,4316.77,First Touch
CU009056,Partner,4548.65,Multi-Touch
CU009057,Outbound,4380.69,First Touch
CU009058,Event,475.29,Multi-Touch
CU009059,Organic Search,4593.43,Last Touch
CU009060,Referral,4714.94,Last Touch
CU009061,Outbound,4362.43,First Touch
CU009062,Partner,512.39,Multi-Touch
CU009063,Referral,1196.49,First Touch
CU009064,Referral,4473.63,Last Touch
CU009065,Partner,269.33,First Touch
CU009066,Google Ads,4687.42,Last Touch
CU009067,LinkedIn Ads,1248.69,Last Touch
CU009068,Event,1025.05,First Touch
CU009069,Partner,4676.71,Multi-Touch
CU009070,Event,1288.41,Last Touch
CU009071,LinkedIn Ads,675.8,First Touch
CU009072,Partner,227.04,First Touch
CU009073,Google Ads,1287.09,Multi-Touch
CU009074,Partner,1403.21,First Touch
CU009075,Organic Search,250.13,Multi-Touch
CU009076,LinkedIn Ads,4466.68,Multi-Touch
CU009077,LinkedIn Ads,4367.9,Last Touch
CU009078,Outbound,4738.24,Last Touch
CU009079,Outbound,389.98,First Touch
CU009080,Event,4616.34,Multi-Touch
CU009081,Google Ads,348.96,First Touch
CU009082,Organic Search,4162.29,First Touch
CU009083,Outbound,1091.87,Last Touch
CU009084,LinkedIn Ads,1309.58,Last Touch
CU009085,Referral,1416.42,Multi-Touch
CU009086,Google Ads,781.41,First Touch
CU009087,Partner,1011.97,First Touch
CU009088,Google Ads,4477.71,Last Touch
CU009089,LinkedIn Ads,4659.73,Multi-Touch
CU009090,Partner,1276.69,First Touch
CU009091,Partner,4470.39,Last Touch
CU009092,Google Ads,4915.29,Multi-Touch
CU009093,Google Ads,350.92,First Touch
CU009094,LinkedIn Ads,821.8,Multi-Touch
CU009095,LinkedIn Ads,163.26,Multi-Touch
CU009096,Partner,212.89,Last Touch
CU009097,Event,63.0,Multi-Touch
CU009098,Organic Search,1029.56,Last Touch
CU009099,Partner,4065.25,Multi-Touch
CU009100,Referral,4356.13,Last Touch
CU009101,Referral,234.04,Last Touch
CU009102,Referral,4211.88,Last Touch
CU009103,Google Ads,957.11,Last Touch
CU009104,Event,1434.93,Last Touch
CU009105,Event,918.17,Last Touch
CU009106,Referral,4664.5,First Touch
CU009107,Partner,1306.63,Last Touch
CU009108,Partner,1101.92,Last Touch
CU009109,LinkedIn Ads,4426.47,Last Touch
CU009110,Event,4535.24,Last Touch
CU009111,LinkedIn Ads,592.38,Multi-Touch
CU009112,Referral,1188.36,First Touch
CU009113,Outbound,801.09,First Touch
CU009114,Event,718.38,First Touch
CU009115,Google Ads,1414.67,First Touch
CU009116,Outbound,307.26,Last Touch
CU009117,Event,957.51,First Touch
CU009118,LinkedIn Ads,4825.87,Multi-Touch
CU009119,LinkedIn Ads,252.31,Last Touch
CU009120,Outbound,4437.75,Multi-Touch
CU009121,Organic Search,4386.81,First Touch
CU009122,LinkedIn Ads,4431.31,Multi-Touch
CU009123,Event,1317.51,Multi-Touch
CU009124,Event,699.07,Multi-Touch
CU009125,Outbound,4130.02,Last Touch
CU009126,Outbound,4431.33,Multi-Touch
CU009127,Google Ads,525.11,Multi-Touch
CU009128,Organic Search,4602.76,First Touch
CU009129,Outbound,521.44,Multi-Touch
CU009130,Outbound,4335.86,Last Touch
CU009131,Organic Search,4812.3,Last Touch
CU009132,Google Ads,4571.1,Last Touch
CU009133,Outbound,4249.81,Last Touch
CU009134,Partner,260.86,Multi-Touch
CU009135,Referral,4639.64,Last Touch
CU009136,Outbound,1353.49,Last Touch
CU009137,LinkedIn Ads,294.31,First Touch
CU009138,Organic Search,288.04,Last Touch
CU009139,Partner,1243.38,Last Touch
CU009140,Organic Search,1007.99,Multi-Touch
CU009141,Referral,501.35,Last Touch
CU009142,Event,4557.8,Multi-Touch
CU009143,Outbound,1402.63,Last Touch
CU009144,Organic Search,633.64,Last Touch
CU009145,Organic Search,432.01,Multi-Touch
CU009146,Partner,1472.08,Last Touch
CU009147,Event,1299.78,Multi-Touch
CU009148,Partner,4428.49,Multi-Touch
CU009149,Google Ads,1186.07,Multi-Touch
CU009150,LinkedIn Ads,308.96,Last Touch
CU009151,Organic Search,275.76,First Touch
CU009152,Google Ads,1415.98,Last Touch
CU009153,Outbound,4730.13,Last Touch
CU009154,Event,4370.67,Multi-Touch
CU009155,Event,4753.33,Last Touch
CU009156,Google Ads,1329.81,First Touch
CU009157,Google Ads,953.25,First Touch
CU009158,Referral,480.22,Multi-Touch
CU009159,Organic Search,740.03,Last Touch
CU009160,Partner,1321.89,Last Touch
CU009161,Referral,606.19,Last Touch
CU009162,Google Ads,1097.29,First Touch
CU009163,LinkedIn Ads,1603.97,Last Touch
CU009164,Outbound,1405.88,Last Touch
CU009165,Event,4410.91,Last Touch
CU009166,LinkedIn Ads,371.64,Last Touch
CU009167,Event,414.8,Last Touch
CU009168,Google Ads,439.22,Last Touch
CU009169,Event,461.78,Multi-Touch
CU009170,Event,4500.2,Last Touch
CU009171,Outbound,4577.68,Last Touch
CU009172,Outbound,1229.4,Last Touch
CU009173,Organic Search,764.34,First Touch
CU009174,Referral,296.02,Multi-Touch
CU009175,Event,1071.14,Last Touch
CU009176,Outbound,461.67,Multi-Touch
CU009177,Google Ads,1288.69,First Touch
CU009178,LinkedIn Ads,394.17,Multi-Touch
CU009179,Organic Search,4211.26,Last Touch
CU009180,Google Ads,508.73,Last Touch
CU009181,Google Ads,1526.05,Last Touch
CU009182,Google Ads,422.27,Last Touch
CU009183,LinkedIn Ads,4456.12,First Touch
CU009184,Organic Search,134.57,Last Touch
CU009185,Referral,4675.97,First Touch
CU009186,Google Ads,317.34,First Touch
CU009187,Google Ads,1115.19,Last Touch
CU009188,Partner,557.55,Multi-Touch
CU009189,Google Ads,381.78,First Touch
CU009190,Event,878.4,Last Touch
CU009191,LinkedIn Ads,570.22,First Touch
CU009192,Partner,4592.96,First Touch
CU009193,Outbound,4430.53,Multi-Touch
CU009194,Referral,1226.32,Last Touch
CU009195,Outbound,25.34,Last Touch
CU009196,Google Ads,4464.54,Multi-Touch
CU009197,Outbound,1195.25,First Touch
CU009198,LinkedIn Ads,4105.99,Multi-Touch
CU009199,Partner,550.89,Last Touch
CU009200,Organic Search,505.83,First Touch
CU009201,Organic Search,4459.89,Last Touch
CU009202,Outbound,4391.56,Last Touch
CU009203,Outbound,4800.69,Multi-Touch
CU009204,Referral,1110.66,First Touch
CU009205,Event,4373.12,First Touch
CU009206,LinkedIn Ads,446.79,Multi-Touch
CU009207,Event,1104.94,First Touch
CU009208,LinkedIn Ads,4439.11,First Touch
CU009209,Outbound,4482.75,First Touch
CU009210,Google Ads,204.27,Last Touch
CU009211,Referral,1087.3,First Touch
CU009212,Google Ads,4262.58,First Touch
CU009213,Event,388.9,Last Touch
CU009214,Google Ads,1127.83,First Touch
CU009215,Outbound,4059.1,Multi-Touch
CU009216,Outbound,890.73,First Touch
CU009217,LinkedIn Ads,1155.01,Last Touch
CU009218,Referral,1217.61,Last Touch
CU009219,Referral,1267.6,Multi-Touch
CU009220,Partner,4841.27,Multi-Touch
CU009221,Referral,1248.37,First Touch
CU009222,LinkedIn Ads,434.09,Multi-Touch
CU009223,Partner,4171.79,Multi-Touch
CU009224,Outbound,794.31,Multi-Touch
CU009225,Event,4445.1,Last Touch
CU009226,Google Ads,518.71,Last Touch
CU009227,Outbound,1044.27,First Touch
CU009228,Organic Search,6.77,First Touch
CU009229,Partner,1345.01,Multi-Touch
CU009230,LinkedIn Ads,378.78,Multi-Touch
CU009231,Google Ads,1360.22,First Touch
CU009232,Event,711.33,First Touch
CU009233,Outbound,898.17,Multi-Touch
CU009234,LinkedIn Ads,1143.67,First Touch
CU009235,Outbound,1576.88,First Touch
CU009236,Partner,1058.41,First Touch
CU009237,Partner,4474.32,Multi-Touch
CU009238,Referral,1437.62,Multi-Touch
CU009239,Organic Search,1417.58,Multi-Touch
CU009240,Google Ads,1542.83,Last Touch
CU009241,Outbound,1491.5,Multi-Touch
CU009242,Partner,4529.75,Last Touch
CU009243,LinkedIn Ads,1089.31,First Touch
CU009244,Referral,1105.71,Multi-Touch
CU009245,Partner,4663.88,Multi-Touch
CU009246,Google Ads,1284.82,Last Touch
CU009247,Outbound,200.27,Multi-Touch
CU009248,Google Ads,4483.41,Last Touch
CU009249,Organic Search,1239.89,Last Touch
CU009250,Partner,1266.22,Last Touch
CU009251,Partner,1085.57,First Touch
CU009252,Event,1250.78,Multi-Touch
CU009253,Google Ads,1291.36,First Touch
CU009254,Outbound,386.91,Last Touch
CU009255,Partner,4602.65,Last Touch
CU009256,Outbound,1198.65,Last Touch
CU009257,LinkedIn Ads,320.65,Last Touch
CU009258,Outbound,11.11,Multi-Touch
CU009259,Google Ads,4215.29,Last Touch
CU009260,Organic Search,344.71,Last Touch
CU009261,Partner,4536.21,Last Touch
CU009262,Outbound,564.94,First Touch
CU009263,Partner,275.79,Last Touch
CU009264,Partner,966.65,Multi-Touch
CU009265,Google Ads,43.1,First Touch
CU009266,Referral,1391.9,First Touch
CU009267,Organic Search,490.04,Last Touch
CU009268,Google Ads,993.76,Last Touch
CU009269,Referral,1157.03,Last Touch
CU009270,Event,4325.99,First Touch
CU009271,Partner,539.15,First Touch
CU009272,Partner,142.19,First Touch
CU009273,Google Ads,970.26,Multi-Touch
CU009274,Event,4380.56,First Touch
CU009275,Referral,4763.84,Multi-Touch
CU009276,Referral,1570.78,First Touch
CU009277,Google Ads,1216.66,Multi-Touch
CU009278,Partner,4430.72,First Touch
CU009279,Outbound,4181.05,First Touch
CU009280,Referral,4661.57,Multi-Touch
CU009281,Event,534.86,Multi-Touch
CU009282,Outbound,4188.79,Last Touch
CU009283,Organic Search,1310.64,Last Touch
CU009284,LinkedIn Ads,1216.01,Multi-Touch
CU009285,Google Ads,460.12,First Touch
CU009286,Google Ads,471.57,Multi-Touch
CU009287,Event,332.96,First Touch
CU009288,LinkedIn Ads,4665.26,Last Touch
CU009289,Partner,138.46,Last Touch
CU009290,Outbound,332.41,Last Touch
CU009291,Google Ads,760.66,First Touch
CU009292,Referral,425.89,Multi-Touch
CU009293,LinkedIn Ads,1082.89,First Touch
CU009294,Event,4431.84,Last Touch
CU009295,LinkedIn Ads,4760.71,Last Touch
CU009296,Event,4467.13,Last Touch
CU009297,Referral,4674.17,Last Touch
CU009298,Referral,4440.2,Last Touch
CU009299,Google Ads,4350.85,Multi-Touch
CU009300,Outbound,197.51,Last Touch
CU009301,Outbound,4729.3,Last Touch
CU009302,Organic Search,261.92,Multi-Touch
CU009303,Partner,1076.22,First Touch
CU009304,Partner,4749.49,First Touch
CU009305,LinkedIn Ads,582.45,First Touch
CU009306,Event,4221.6,Last Touch
CU009307,Google Ads,1121.99,First Touch
CU009308,Google Ads,4630.21,Multi-Touch
CU009309,Referral,4358.43,First Touch
CU009310,Google Ads,4611.12,First Touch
CU009311,LinkedIn Ads,351.6,Last Touch
CU009312,Event,16.42,First Touch
CU009313,Event,1158.17,Multi-Touch
CU009314,Partner,489.16,Multi-Touch
CU009315,Organic Search,1322.99,First Touch
CU009316,LinkedIn Ads,795.38,Last Touch
CU009317,LinkedIn Ads,1080.95,Last Touch
CU009318,LinkedIn Ads,4512.73,Last Touch
CU009319,Partner,1071.86,First Touch
CU009320,Outbound,613.11,Last Touch
CU009321,Organic Search,4172.47,Last Touch
CU009322,Event,1376.77,Multi-Touch
CU009323,Partner,4493.2,First Touch
CU009324,Partner,488.51,First Touch
CU009325,Organic Search,82.74,Last Touch
CU009326,Partner,4377.61,Last Touch
CU009327,Event,695.89,Multi-Touch
CU009328,Organic Search,573.34,First Touch
CU009329,LinkedIn Ads,4386.49,Last Touch
CU009330,Partner,38.07,Last Touch
CU009331,Outbound,134.44,First Touch
CU009332,Partner,156.82,Last Touch
CU009333,Google Ads,987.34,Last Touch
CU009334,Partner,509.73,First Touch
CU009335,Partner,4539.63,First Touch
CU009336,Event,17.95,Multi-Touch
CU009337,Event,4469.74,Last Touch
CU009338,Referral,958.75,Last Touch
CU009339,LinkedIn Ads,1342.13,Multi-Touch
CU009340,Referral,1039.42,Last Touch
CU009341,LinkedIn Ads,603.49,Multi-Touch
CU009342,Outbound,669.89,Last Touch
CU009343,Organic Search,73.47,First Touch
CU009344,Referral,4534.12,Multi-Touch
CU009345,Google Ads,1071.66,Last Touch
CU009346,Organic Search,989.2,Last Touch
CU009347,Google Ads,298.46,Multi-Touch
CU009348,Outbound,148.01,First Touch
CU009349,Partner,834.37,First Touch
CU009350,Google Ads,4132.7,Multi-Touch
CU009351,Partner,4409.5,Multi-Touch
CU009352,Outbound,4729.23,First Touch
CU009353,Outbound,249.42,Last Touch
CU009354,Outbound,529.03,First Touch
CU009355,Organic Search,1058.02,Multi-Touch
CU009356,LinkedIn Ads,4373.81,Last Touch
CU009357,Referral,4681.94,Multi-Touch
CU009358,Partner,400.25,Multi-Touch
CU009359,Google Ads,1090.58,Multi-Touch
CU009360,LinkedIn Ads,263.99,Last Touch
CU009361,Google Ads,478.65,Multi-Touch
CU009362,LinkedIn Ads,586.29,First Touch
CU009363,Outbound,825.43,Last Touch
CU009364,LinkedIn Ads,4740.22,Multi-Touch
CU009365,LinkedIn Ads,4603.52,Multi-Touch
CU009366,Referral,258.19,Multi-Touch
CU009367,Referral,4456.35,Multi-Touch
CU009368,Referral,1059.32,First Touch
CU009369,Partner,4129.73,Last Touch
CU009370,Partner,4627.76,First Touch
CU009371,Referral,196.29,Last Touch
CU009372,Referral,4655.12,Last Touch
CU009373,Organic Search,105.65,First Touch
CU009374,Google Ads,4638.62,Multi-Touch
CU009375,LinkedIn Ads,4428.33,Last Touch
CU009376,Event,1218.2,Last Touch
CU009377,LinkedIn Ads,4230.49,Multi-Touch
CU009378,Google Ads,1365.09,Last Touch
CU009379,Organic Search,297.15,Last Touch
CU009380,Event,365.17,Last Touch
CU009381,Organic Search,4577.83,Last Touch
CU009382,Event,969.17,Last Touch
CU009383,LinkedIn Ads,1076.06,Last Touch
CU009384,Outbound,4545.16,First Touch
CU009385,Google Ads,1286.36,Multi-Touch
CU009386,Outbound,4587.9,Multi-Touch
CU009387,Partner,4124.16,Last Touch
CU009388,Organic Search,177.87,Multi-Touch
CU009389,Partner,1341.29,Last Touch
CU009390,Partner,1277.74,Last Touch
CU009391,Outbound,1109.11,First Touch
CU009392,LinkedIn Ads,4752.61,Last Touch
CU009393,Event,1288.09,Last Touch
CU009394,Event,234.95,Last Touch
CU009395,Google Ads,4230.88,Multi-Touch
CU009396,Partner,1027.71,Last Touch
CU009397,Referral,4703.66,Multi-Touch
CU009398,LinkedIn Ads,4555.25,Multi-Touch
CU009399,Organic Search,32.16,Multi-Touch
CU009400,Event,1108.23,First Touch
CU009401,Organic Search,1249.87,Multi-Touch
CU009402,Referral,4341.84,First Touch
CU009403,LinkedIn Ads,1114.18,First Touch
CU009404,Referral,334.22,Multi-Touch
CU009405,Google Ads,4428.49,First Touch
CU009406,Google Ads,4470.09,Last Touch
CU009407,Referral,19.28,First Touch
CU009408,Outbound,1393.44,First Touch
CU009409,LinkedIn Ads,1017.35,Last Touch
CU009410,Google Ads,1045.83,Multi-Touch
CU009411,Referral,420.32,First Touch
CU009412,LinkedIn Ads,4339.76,Multi-Touch
CU009413,Outbound,4367.42,Last Touch
CU009414,Event,485.5,Multi-Touch
CU009415,Outbound,4492.66,First Touch
CU009416,Organic Search,297.42,Multi-Touch
CU009417,Outbound,1249.84,First Touch
CU009418,Event,408.86,First Touch
CU009419,Partner,4663.23,Last Touch
CU009420,Event,1038.69,Multi-Touch
CU009421,Google Ads,1355.72,Last Touch
CU009422,Organic Search,4406.39,First Touch
CU009423,Outbound,1408.36,First Touch
CU009424,Event,860.21,Multi-Touch
CU009425,Event,1241.33,Last Touch
CU009426,LinkedIn Ads,1779.0,Last Touch
CU009427,Event,302.49,First Touch
CU009428,Organic Search,4841.63,First Touch
CU009429,Outbound,1133.51,Multi-Touch
CU009430,Partner,4439.9,Multi-Touch
CU009431,Outbound,4728.14,First Touch
CU009432,Outbound,4190.63,First Touch
CU009433,Event,182.81,Last Touch
CU009434,Event,4747.94,Multi-Touch
CU009435,Referral,475.62,Multi-Touch
CU009436,Outbound,4499.23,Multi-Touch
CU009437,Partner,1093.43,Multi-Touch
CU009438,Outbound,4403.96,Last Touch
CU009439,Google Ads,1179.32,Last Touch
CU009440,Referral,1328.15,Multi-Touch
CU009441,Google Ads,1333.57,Last Touch
CU009442,Partner,4527.8,First Touch
CU009443,Partner,1383.31,Last Touch
CU009444,Outbound,1197.02,First Touch
CU009445,Event,4712.93,First Touch
CU009446,Event,4769.49,First Touch
CU009447,Outbound,1277.07,Multi-Touch
CU009448,LinkedIn Ads,334.2,Last Touch
CU009449,Partner,210.89,First Touch
CU009450,Partner,4275.51,Last Touch
CU009451,Partner,1340.95,First Touch
CU009452,Referral,267.61,Multi-Touch
CU009453,Organic Search,756.01,Multi-Touch
CU009454,Referral,91.12,Multi-Touch
CU009455,Referral,942.6,Multi-Touch
CU009456,Partner,4313.91,First Touch
CU009457,Google Ads,325.7,First Touch
CU009458,LinkedIn Ads,1338.31,Multi-Touch
CU009459,LinkedIn Ads,74.99,First Touch
CU009460,Google Ads,4095.79,First Touch
CU009461,Organic Search,4639.34,Multi-Touch
CU009462,Organic Search,1503.1,Multi-Touch
CU009463,LinkedIn Ads,1106.98,Last Touch
CU009464,Google Ads,1201.91,First Touch
CU009465,Google Ads,268.04,Last Touch
CU009466,Event,4439.01,Multi-Touch
CU009467,LinkedIn Ads,1078.79,First Touch
CU009468,Event,130.34,Last Touch
CU009469,Google Ads,1347.8,First Touch
CU009470,Organic Search,4223.75,Last Touch
CU009471,Partner,1254.88,Last Touch
CU009472,Outbound,4433.81,Multi-Touch
CU009473,Google Ads,1355.08,Last Touch
CU009474,Event,448.87,First Touch
CU009475,Partner,4541.08,First Touch
CU009476,Organic Search,20.87,Multi-Touch
CU009477,Event,4461.16,Last Touch
CU009478,Partner,1240.44,First Touch
CU009479,Event,583.85,Last Touch
CU009480,Event,402.42,Multi-Touch
CU009481,Google Ads,4527.62,Last Touch
CU009482,Referral,4590.34,Last Touch
CU009483,Event,967.78,Last Touch
CU009484,Organic Search,4297.16,First Touch
CU009485,Referral,4855.64,Last Touch
CU009486,Google Ads,376.71,Multi-Touch
CU009487,Google Ads,94.79,Multi-Touch
CU009488,Partner,1464.18,Multi-Touch
CU009489,Google Ads,1036.09,Multi-Touch
CU009490,Event,266.74,Multi-Touch
CU009491,Organic Search,448.41,First Touch
CU009492,LinkedIn Ads,1142.61,Multi-Touch
CU009493,Outbound,4216.37,Last Touch
CU009494,Event,287.66,Last Touch
CU009495,LinkedIn Ads,412.53,Multi-Touch
CU009496,Partner,56.89,First Touch
CU009497,Outbound,4619.77,First Touch
CU009498,Outbound,4586.86,Multi-Touch
CU009499,Google Ads,243.38,Last Touch
CU009500,Referral,4440.13,Multi-Touch
CU009501,Google Ads,472.45,Last Touch
CU009502,Organic Search,156.26,First Touch
CU009503,Partner,883.42,First Touch
CU009504,Event,1302.97,Multi-Touch
CU009505,Google Ads,1175.41,Last Touch
CU009506,Partner,1336.06,First Touch
CU009507,Event,202.93,Last Touch
CU009508,Referral,4654.16,First Touch
CU009509,Outbound,4253.76,First Touch
CU009510,Outbound,4837.98,First Touch
CU009511,Organic Search,4593.22,Multi-Touch
CU009512,Referral,4302.36,First Touch
CU009513,LinkedIn Ads,4341.19,First Touch
CU009514,Organic Search,772.99,First Touch
CU009515,Partner,325.51,First Touch
CU009516,Partner,4816.93,Last Touch
CU009517,Event,1341.82,Multi-Touch
CU009518,Referral,1201.16,First Touch
CU009519,LinkedIn Ads,1277.4,Multi-Touch
CU009520,Organic Search,1090.88,First Touch
CU009521,Organic Search,4493.15,Last Touch
CU009522,Google Ads,4556.85,Last Touch
CU009523,Event,289.97,Last Touch
CU009524,Partner,4788.0,First Touch
CU009525,Organic Search,1058.05,Multi-Touch
CU009526,Outbound,1203.46,Last Touch
CU009527,Referral,636.8,First Touch
CU009528,Partner,836.54,First Touch
CU009529,Google Ads,186.76,Last Touch
CU009530,LinkedIn Ads,407.3,Last Touch
CU009531,Google Ads,480.3,Last Touch
CU009532,LinkedIn Ads,4544.71,Last Touch
CU009533,Event,665.48,Multi-Touch
CU009534,Referral,4881.15,First Touch
CU009535,Google Ads,116.28,First Touch
CU009536,Event,1151.09,Multi-Touch
CU009537,Outbound,4567.49,Multi-Touch
CU009538,Referral,372.93,First Touch
CU009539,LinkedIn Ads,581.73,Multi-Touch
CU009540,Partner,4624.87,Last Touch
CU009541,Organic Search,4562.23,Last Touch
CU009542,Organic Search,993.17,First Touch
CU009543,Outbound,376.92,Last Touch
CU009544,Outbound,4055.7,Multi-Touch
CU009545,Event,4389.2,Multi-Touch
CU009546,Outbound,631.42,First Touch
CU009547,Referral,144.57,Multi-Touch
CU009548,Outbound,4345.09,First Touch
CU009549,LinkedIn Ads,1412.49,Last Touch
CU009550,Google Ads,4213.88,First Touch
CU009551,Organic Search,4579.37,Multi-Touch
CU009552,Event,675.81,Last Touch
CU009553,Google Ads,4673.4,Multi-Touch
CU009554,Google Ads,4278.38,Multi-Touch
CU009555,Referral,1410.2,Multi-Touch
CU009556,Organic Search,4888.56,Multi-Touch
CU009557,Outbound,4448.15,Multi-Touch
CU009558,Partner,4633.92,First Touch
CU009559,Outbound,759.66,Last Touch
CU009560,Google Ads,4619.38,Multi-Touch
CU009561,Referral,221.34,First Touch
CU009562,Referral,4445.68,First Touch
CU009563,Google Ads,4819.01,Last Touch
CU009564,Outbound,604.49,Multi-Touch
CU009565,Referral,477.21,Last Touch
CU009566,Event,975.19,Last Touch
CU009567,Google Ads,4687.31,Last Touch
CU009568,Referral,1449.05,Multi-Touch
CU009569,Outbound,249.68,Last Touch
CU009570,Event,4824.2,Last Touch
CU009571,Organic Search,84.93,First Touch
CU009572,Organic Search,433.25,Last Touch
CU009573,Partner,238.83,First Touch
CU009574,LinkedIn Ads,1434.25,Last Touch
CU009575,LinkedIn Ads,4714.78,Multi-Touch
CU009576,Partner,1191.58,First Touch
CU009577,Outbound,4896.38,First Touch
CU009578,LinkedIn Ads,1092.25,First Touch
CU009579,Organic Search,1177.39,Multi-Touch
CU009580,Partner,467.47,Multi-Touch
CU009581,Organic Search,761.31,Multi-Touch
CU009582,Google Ads,287.35,Multi-Touch
CU009583,Organic Search,4537.59,First Touch
CU009584,Google Ads,289.6,Last Touch
CU009585,Partner,4590.67,First Touch
CU009586,LinkedIn Ads,1332.86,Multi-Touch
CU009587,Event,4578.81,First Touch
CU009588,Partner,4227.73,First Touch
CU009589,Organic Search,853.92,Multi-Touch
CU009590,Partner,4542.29,Last Touch
CU009591,Organic Search,4450.34,Last Touch
CU009592,Outbound,122.18,Multi-Touch
CU009593,Outbound,4473.38,Last Touch
CU009594,Organic Search,1727.47,Multi-Touch
CU009595,Organic Search,408.2,Last Touch
CU009596,Event,138.75,Multi-Touch
CU009597,Outbound,4531.67,Multi-Touch
CU009598,Google Ads,474.86,First Touch
CU009599,Google Ads,832.99,First Touch
CU009600,LinkedIn Ads,485.07,Multi-Touch
CU009601,Event,1534.01,First Touch
CU009602,Event,1174.54,Multi-Touch
CU009603,LinkedIn Ads,319.56,Last Touch
CU009604,Outbound,659.18,Multi-Touch
CU009605,LinkedIn Ads,4301.38,Multi-Touch
CU009606,Referral,1317.55,Last Touch
CU009607,Referral,483.66,Last Touch
CU009608,Partner,1798.38,Multi-Touch
CU009609,LinkedIn Ads,194.32,Last Touch
CU009610,Google Ads,1358.49,Last Touch
CU009611,Event,840.26,Multi-Touch
CU009612,Google Ads,437.36,Multi-Touch
CU009613,Organic Search,4540.44,Multi-Touch
CU009614,Referral,1062.36,First Touch
CU009615,Referral,421.77,Multi-Touch
CU009616,Google Ads,873.33,Multi-Touch
CU009617,Event,1386.84,First Touch
CU009618,Referral,4286.75,Multi-Touch
CU009619,Google Ads,4542.73,First Touch
CU009620,Outbound,889.71,Last Touch
CU009621,Event,229.7,Multi-Touch
CU009622,Organic Search,4487.36,Last Touch
CU009623,Google Ads,79.18,Last Touch
CU009624,Partner,4778.32,First Touch
CU009625,Google Ads,4464.19,Multi-Touch
CU009626,LinkedIn Ads,485.21,First Touch
CU009627,Organic Search,4752.08,Multi-Touch
CU009628,LinkedIn Ads,878.99,Multi-Touch
CU009629,Organic Search,4956.62,Last Touch
CU009630,Outbound,4724.76,Multi-Touch
CU009631,Event,977.55,First Touch
CU009632,Partner,1058.18,Last Touch
CU009633,Partner,4790.92,Last Touch
CU009634,Event,4359.57,Multi-Touch
CU009635,Referral,4350.62,First Touch
CU009636,Event,4336.76,First Touch
CU009637,Outbound,4813.72,First Touch
CU009638,Organic Search,1311.45,Multi-Touch
CU009639,Event,4533.38,Last Touch
CU009640,Event,48.45,Last Touch
CU009641,Referral,4498.19,Last Touch
CU009642,Partner,4513.36,Last Touch
CU009643,Event,4517.28,First Touch
CU009644,Event,1417.35,Last Touch
CU009645,LinkedIn Ads,56.36,Last Touch
CU009646,Partner,38.86,Multi-Touch
CU009647,Google Ads,1610.69,Last Touch
CU009648,Partner,4677.05,First Touch
CU009649,Referral,322.94,Multi-Touch
CU009650,LinkedIn Ads,132.19,First Touch
CU009651,Event,4408.62,Multi-Touch
CU009652,Event,1180.04,Last Touch
CU009653,LinkedIn Ads,137.5,Multi-Touch
CU009654,LinkedIn Ads,1079.96,Multi-Touch
CU009655,Organic Search,1117.72,Multi-Touch
CU009656,Partner,346.91,Multi-Touch
CU009657,Outbound,560.39,Last Touch
CU009658,LinkedIn Ads,483.47,Last Touch
CU009659,LinkedIn Ads,71.67,Last Touch
CU009660,Organic Search,456.94,First Touch
CU009661,LinkedIn Ads,4350.84,First Touch
CU009662,Referral,4614.55,Last Touch
CU009663,LinkedIn Ads,4470.89,Last Touch
CU009664,Referral,619.7,Last Touch
CU009665,Event,349.98,First Touch
CU009666,Google Ads,535.44,First Touch
CU009667,Partner,278.18,Last Touch
CU009668,Organic Search,1032.88,Last Touch
CU009669,Organic Search,1324.32,First Touch
CU009670,Partner,1457.59,Multi-Touch
CU009671,Outbound,1121.04,Last Touch
CU009672,Outbound,4335.77,First Touch
CU009673,Outbound,4267.35,Multi-Touch
CU009674,Partner,4164.76,Last Touch
CU009675,Outbound,529.24,Last Touch
CU009676,Outbound,4377.09,First Touch
CU009677,LinkedIn Ads,4472.71,Multi-Touch
CU009678,Event,4462.11,Last Touch
CU009679,Organic Search,4531.47,Last Touch
CU009680,Partner,95.97,First Touch
CU009681,Event,1239.83,Last Touch
CU009682,Google Ads,4399.62,First Touch
CU009683,Referral,4492.81,Last Touch
CU009684,Partner,4494.11,Multi-Touch
CU009685,Outbound,4580.76,First Touch
CU009686,Partner,1193.97,First Touch
CU009687,Outbound,689.55,First Touch
CU009688,Google Ads,295.3,Last Touch
CU009689,Organic Search,1562.72,Last Touch
CU009690,Referral,4710.1,First Touch
CU009691,Outbound,1050.63,Last Touch
CU009692,Outbound,911.71,Last Touch
CU009693,LinkedIn Ads,455.98,Last Touch
CU009694,Partner,1054.36,Multi-Touch
CU009695,LinkedIn Ads,97.97,First Touch
CU009696,Partner,880.79,Last Touch
CU009697,LinkedIn Ads,1244.8,First Touch
CU009698,Organic Search,4622.44,Last Touch
CU009699,Event,4226.74,Last Touch
CU009700,LinkedIn Ads,4966.41,Last Touch
CU009701,Organic Search,325.66,Multi-Touch
CU009702,Outbound,1374.75,Last Touch
CU009703,Organic Search,4408.74,Last Touch
CU009704,Referral,4446.45,Last Touch
CU009705,LinkedIn Ads,25.2,Multi-Touch
CU009706,LinkedIn Ads,1104.38,First Touch
CU009707,Event,4451.04,First Touch
CU009708,LinkedIn Ads,875.16,Multi-Touch
CU009709,Partner,399.03,Last Touch
CU009710,Organic Search,1243.86,First Touch
CU009711,Partner,762.87,Last Touch
CU009712,LinkedIn Ads,236.55,Multi-Touch
CU009713,Organic Search,642.16,First Touch
CU009714,Referral,4541.94,Last Touch
CU009715,Partner,941.89,Last Touch
CU009716,Referral,4403.51,Last Touch
CU009717,Referral,508.15,Multi-Touch
CU009718,Google Ads,966.6,Last Touch
CU009719,Google Ads,369.53,Last Touch
CU009720,LinkedIn Ads,167.28,Multi-Touch
CU009721,Google Ads,4362.41,First Touch
CU009722,Partner,1105.2,Last Touch
CU009723,Google Ads,456.49,Last Touch
CU009724,Event,4934.76,Multi-Touch
CU009725,Event,4906.82,First Touch
CU009726,Partner,473.41,First Touch
CU009727,Partner,337.88,Last Touch
CU009728,Google Ads,4336.35,Multi-Touch
CU009729,LinkedIn Ads,1628.99,Multi-Touch
CU009730,Referral,328.11,First Touch
CU009731,Partner,628.76,Multi-Touch
CU009732,Organic Search,1205.47,First Touch
CU009733,LinkedIn Ads,449.16,First Touch
CU009734,Referral,993.52,Multi-Touch
CU009735,Outbound,4956.28,Last Touch
CU009736,Event,1336.52,Last Touch
CU009737,LinkedIn Ads,4340.15,Last Touch
CU009738,Referral,1209.78,First Touch
CU009739,LinkedIn Ads,1117.8,Last Touch
CU009740,Referral,156.63,Last Touch
CU009741,Event,4444.1,Last Touch
CU009742,Referral,4324.18,Last Touch
CU009743,Event,4320.96,Last Touch
CU009744,Partner,1048.82,Multi-Touch
CU009745,Event,349.12,First Touch
CU009746,Referral,4282.79,First Touch
CU009747,Partner,1070.6,First Touch
CU009748,Partner,383.14,First Touch
CU009749,Google Ads,1315.46,Multi-Touch
CU009750,Google Ads,71.56,Multi-Touch
CU009751,Google Ads,1263.45,Multi-Touch
CU009752,Organic Search,1145.11,First Touch
CU009753,Event,4398.73,Last Touch
CU009754,Event,287.72,Last Touch
CU009755,Partner,4662.47,Multi-Touch
CU009756,Outbound,390.25,Multi-Touch
CU009757,Event,560.28,Last Touch
CU009758,Organic Search,4285.23,Multi-Touch
CU009759,Google Ads,556.66,Multi-Touch
CU009760,Partner,491.12,First Touch
CU009761,Partner,1420.67,Last Touch
CU009762,Event,4268.11,Multi-Touch
CU009763,LinkedIn Ads,4551.52,First Touch
CU009764,Event,333.4,Last Touch
CU009765,Referral,678.02,Multi-Touch
CU009766,LinkedIn Ads,4761.05,Last Touch
CU009767,Referral,1415.19,First Touch
CU009768,Partner,4331.87,Last Touch
CU009769,Outbound,1028.35,Multi-Touch
CU009770,LinkedIn Ads,4486.91,Last Touch
CU009771,Event,4387.54,Last Touch
CU009772,Partner,802.66,Multi-Touch
CU009773,Partner,250.27,Last Touch
CU009774,LinkedIn Ads,1598.04,First Touch
CU009775,Organic Search,1510.41,First Touch
CU009776,LinkedIn Ads,4566.14,Last Touch
CU009777,LinkedIn Ads,1313.19,Multi-Touch
CU009778,Organic Search,969.48,Last Touch
CU009779,LinkedIn Ads,4603.19,First Touch
CU009780,Referral,1501.88,First Touch
CU009781,Event,419.35,Last Touch
CU009782,Referral,4430.41,Multi-Touch
CU009783,LinkedIn Ads,4390.56,Last Touch
CU009784,Google Ads,373.82,Multi-Touch
CU009785,Partner,29.28,Last Touch
CU009786,Referral,832.25,Last Touch
CU009787,Google Ads,709.11,First Touch
CU009788,Partner,1170.99,First Touch
CU009789,Partner,994.72,Last Touch
CU009790,Organic Search,310.41,First Touch
CU009791,Referral,1294.39,Last Touch
CU009792,Referral,1403.02,Multi-Touch
CU009793,Partner,4608.6,First Touch
CU009794,Google Ads,524.16,First Touch
CU009795,Organic Search,4648.54,Multi-Touch
CU009796,Outbound,4260.78,First Touch
CU009797,Event,4597.96,Multi-Touch
CU009798,Referral,4534.8,Multi-Touch
CU009799,Outbound,60.21,First Touch
CU009800,Event,232.78,First Touch
CU009801,Outbound,4263.62,Multi-Touch
CU009802,Organic Search,164.45,Multi-Touch
CU009803,Event,408.35,First Touch
CU009804,Partner,400.67,Last Touch
CU009805,Event,782.78,First Touch
CU009806,Outbound,1265.96,Last Touch
CU009807,LinkedIn Ads,1246.96,Multi-Touch
CU009808,LinkedIn Ads,1380.59,First Touch
CU009809,Outbound,3969.96,First Touch
CU009810,Outbound,1129.75,Last Touch
CU009811,Partner,7.29,Multi-Touch
CU009812,Event,391.83,Multi-Touch
CU009813,Organic Search,4358.63,First Touch
CU009814,Referral,4220.18,Last Touch
CU009815,Event,1370.22,Multi-Touch
CU009816,Google Ads,4299.84,First Touch
CU009817,Google Ads,4341.46,Last Touch
CU009818,Google Ads,4659.62,First Touch
CU009819,LinkedIn Ads,4375.16,First Touch
CU009820,Referral,4581.64,Last Touch
CU009821,Referral,1280.99,First Touch
CU009822,Event,529.72,First Touch
CU009823,Organic Search,319.81,Multi-Touch
CU009824,Referral,1283.12,Last Touch
CU009825,Partner,1639.67,Multi-Touch
CU009826,Event,267.56,First Touch
CU009827,Referral,292.58,Multi-Touch
CU009828,Event,4488.56,Last Touch
CU009829,LinkedIn Ads,4459.71,Multi-Touch
CU009830,Outbound,4131.29,Last Touch
CU009831,Event,4556.08,Last Touch
CU009832,Event,4323.37,First Touch
CU009833,Organic Search,1218.8,Multi-Touch
CU009834,Referral,4613.04,First Touch
CU009835,Outbound,928.72,Last Touch
CU009836,LinkedIn Ads,4287.99,First Touch
CU009837,Organic Search,918.1,Multi-Touch
CU009838,LinkedIn Ads,485.73,Last Touch
CU009839,Organic Search,4292.51,Last Touch
CU009840,Google Ads,634.76,First Touch
CU009841,Google Ads,4495.89,Last Touch
CU009842,Organic Search,5.44,Last Touch
CU009843,Outbound,282.63,First Touch
CU009844,LinkedIn Ads,208.95,First Touch
CU009845,LinkedIn Ads,99.46,First Touch
CU009846,Event,386.51,First Touch
CU009847,Event,458.62,First Touch
CU009848,Partner,4432.62,Multi-Touch
CU009849,Organic Search,1235.54,Multi-Touch
CU009850,LinkedIn Ads,1077.14,First Touch
CU009851,LinkedIn Ads,130.61,Last Touch
CU009852,Partner,1417.81,Multi-Touch
CU009853,LinkedIn Ads,450.38,First Touch
CU009854,LinkedIn Ads,299.65,Multi-Touch
CU009855,Google Ads,4433.82,Multi-Touch
CU009856,Event,291.07,Multi-Touch
CU009857,Outbound,4208.32,First Touch
CU009858,Google Ads,852.9,Multi-Touch
CU009859,Referral,551.66,Multi-Touch
CU009860,LinkedIn Ads,4946.02,First Touch
CU009861,Organic Search,1345.18,Multi-Touch
CU009862,Event,1230.51,First Touch
CU009863,Outbound,4363.78,First Touch
CU009864,LinkedIn Ads,888.34,Multi-Touch
CU009865,LinkedIn Ads,4434.79,Multi-Touch
CU009866,Google Ads,434.76,Multi-Touch
CU009867,Organic Search,4604.12,Multi-Touch
CU009868,Outbound,435.02,Last Touch
CU009869,Partner,1109.21,Last Touch
CU009870,Event,995.89,First Touch
CU009871,LinkedIn Ads,441.27,Last Touch
CU009872,Partner,224.28,Last Touch
CU009873,LinkedIn Ads,1124.6,Multi-Touch
CU009874,Referral,4131.22,Multi-Touch
CU009875,LinkedIn Ads,405.29,First Touch
CU009876,LinkedIn Ads,4417.38,Multi-Touch
CU009877,Outbound,4425.58,Multi-Touch
CU009878,Google Ads,4513.47,Multi-Touch
CU009879,LinkedIn Ads,820.15,Multi-Touch
CU009880,Partner,155.09,Last Touch
CU009881,Partner,4169.88,Multi-Touch
CU009882,Referral,4911.77,First Touch
CU009883,Google Ads,1151.37,Multi-Touch
CU009884,Referral,1368.61,Multi-Touch
CU009885,LinkedIn Ads,4482.72,Last Touch
CU009886,Event,201.41,Last Touch
CU009887,Referral,296.45,Multi-Touch
CU009888,LinkedIn Ads,78.76,Last Touch
CU009889,Outbound,4416.92,First Touch
CU009890,LinkedIn Ads,295.83,First Touch
CU009891,Event,315.84,Last Touch
CU009892,Google Ads,4747.31,Multi-Touch
CU009893,Referral,1513.11,First Touch
CU009894,Partner,474.81,First Touch
CU009895,LinkedIn Ads,4400.63,Last Touch
CU009896,LinkedIn Ads,259.53,Last Touch
CU009897,Partner,1248.28,First Touch
CU009898,Partner,1219.24,Last Touch
CU009899,LinkedIn Ads,4428.71,First Touch
CU009900,Organic Search,4373.62,Last Touch
CU009901,Google Ads,4426.66,First Touch
CU009902,Referral,4633.57,First Touch
CU009903,Referral,4407.18,First Touch
CU009904,Google Ads,209.66,Last Touch
CU009905,Partner,1161.29,Last Touch
CU009906,Partner,4434.07,First Touch
CU009907,Partner,4245.52,First Touch
CU009908,LinkedIn Ads,512.83,First Touch
CU009909,Outbound,1017.2,Last Touch
CU009910,Partner,4697.09,Multi-Touch
CU009911,Partner,4627.88,Last Touch
CU009912,Organic Search,4203.49,Multi-Touch
CU009913,Outbound,4651.66,Multi-Touch
CU009914,Outbound,4381.08,First Touch
CU009915,Event,297.92,Last Touch
CU009916,Event,190.67,First Touch
CU009917,Google Ads,996.37,Multi-Touch
CU009918,Outbound,1383.39,Last Touch
CU009919,Outbound,4426.8,Last Touch
CU009920,Event,437.61,First Touch
CU009921,Google Ads,1105.63,Multi-Touch
CU009922,Event,638.96,First Touch
CU009923,Organic Search,1245.87,Last Touch
CU009924,Partner,4813.52,Last Touch
CU009925,Google Ads,762.43,First Touch
CU009926,Partner,1268.0,Multi-Touch
CU009927,Partner,1448.25,Multi-Touch
CU009928,Referral,4637.29,Last Touch
CU009929,Partner,971.19,Last Touch
CU009930,Outbound,1102.1,Last Touch
CU009931,Google Ads,4627.87,Last Touch
CU009932,Event,1285.63,First Touch
CU009933,Organic Search,4558.18,Last Touch
CU009934,Outbound,122.25,Last Touch
CU009935,Google Ads,449.38,Multi-Touch
CU009936,Event,1205.74,Multi-Touch
CU009937,Event,429.28,Last Touch
CU009938,LinkedIn Ads,4130.17,Multi-Touch
CU009939,LinkedIn Ads,4387.35,Last Touch
CU009940,Google Ads,1348.17,Multi-Touch
CU009941,LinkedIn Ads,14.87,Multi-Touch
CU009942,Google Ads,4952.29,Multi-Touch
CU009943,Referral,1232.89,Multi-Touch
CU009944,Partner,343.85,Last Touch
CU009945,Partner,1076.78,First Touch
CU009946,Event,1586.41,Multi-Touch
CU009947,Google Ads,1119.75,Last Touch
CU009948,Outbound,1049.99,First Touch
CU009949,Partner,4522.59,First Touch
CU009950,LinkedIn Ads,987.42,First Touch
CU009951,Event,476.46,Multi-Touch
CU009952,Partner,4331.34,Last Touch
CU009953,Outbound,1052.03,Last Touch
CU009954,Partner,376.38,Last Touch
CU009955,Outbound,4591.35,First Touch
CU009956,Event,10.64,Last Touch
CU009957,Google Ads,1124.86,Multi-Touch
CU009958,Organic Search,1188.51,Multi-Touch
CU009959,Referral,4422.58,First Touch
CU009960,Event,1264.12,Last Touch
CU009961,Referral,106.52,First Touch
CU009962,Referral,16.07,First Touch
CU009963,Referral,162.76,Last Touch
CU009964,Google Ads,932.62,Last Touch
CU009965,Partner,541.94,Last Touch
CU009966,Outbound,973.72,Multi-Touch
CU009967,Event,4294.55,Multi-Touch
CU009968,Referral,4896.14,Last Touch
CU009969,LinkedIn Ads,1409.69,Multi-Touch
CU009970,Event,424.27,Multi-Touch
CU009971,Event,669.1,First Touch
CU009972,Organic Search,4341.99,Multi-Touch
CU009973,Outbound,422.66,Multi-Touch
CU009974,Google Ads,4629.18,Last Touch
CU009975,Event,1253.51,Last Touch
CU009976,Organic Search,408.58,First Touch
CU009977,Referral,4504.22,Multi-Touch
CU009978,Referral,350.56,Multi-Touch
CU009979,Referral,538.73,Multi-Touch
CU009980,Organic Search,1118.25,First Touch
CU009981,Organic Search,4760.18,Multi-Touch
CU009982,Google Ads,4303.72,First Touch
CU009983,Referral,1001.83,Last Touch
CU009984,Organic Search,4264.1,Multi-Touch
CU009985,Google Ads,4707.3,Multi-Touch
CU009986,Partner,653.67,First Touch
CU009987,LinkedIn Ads,4513.84,Multi-Touch
CU009988,Event,1099.86,Last Touch
CU009989,Referral,4433.9,First Touch
CU009990,Event,781.95,Multi-Touch
CU009991,LinkedIn Ads,225.25,Multi-Touch
CU009992,Referral,495.18,Multi-Touch
CU009993,Partner,4481.72,Multi-Touch
CU009994,Referral,1289.79,Last Touch
CU009995,LinkedIn Ads,947.95,Multi-Touch
CU009996,Outbound,1261.61,First Touch
CU009997,Event,1138.91,Multi-Touch
CU009998,Referral,1481.13,First Touch
CU009999,Partner,450.79,Multi-Touch
CU010000,LinkedIn Ads,4652.26,First Touch
CU010001,Referral,377.6,First Touch
CU010002,Event,1341.77,Last Touch
CU010003,Partner,1400.12,Last Touch
CU010004,Google Ads,258.85,First Touch
CU010005,Partner,510.21,First Touch
CU010006,Partner,527.78,Last Touch
CU010007,LinkedIn Ads,4525.75,Multi-Touch
CU010008,Event,4580.69,Last Touch
CU010009,LinkedIn Ads,4374.24,Multi-Touch
CU010010,Referral,98.26,Multi-Touch
CU010011,Organic Search,4472.87,First Touch
CU010012,Outbound,4544.28,First Touch
CU010013,Outbound,4650.75,Last Touch
CU010014,Google Ads,472.8,Multi-Touch
CU010015,Organic Search,742.52,Last Touch
CU010016,Event,4579.57,First Touch
CU010017,Outbound,388.77,Last Touch
CU010018,Event,4467.28,Multi-Touch
CU010019,LinkedIn Ads,528.51,Multi-Touch
CU010020,Event,4526.0,Multi-Touch
CU010021,Organic Search,1574.43,Last Touch
CU010022,Partner,1557.0,Last Touch
CU010023,Organic Search,1210.53,First Touch
CU010024,Referral,1187.62,First Touch
CU010025,Outbound,1388.92,Last Touch
CU010026,Outbound,937.07,Last Touch
CU010027,Partner,502.96,Last Touch
CU010028,Event,1191.89,Last Touch
CU010029,Event,1166.44,Last Touch
CU010030,Outbound,4347.24,First Touch
CU010031,Event,378.09,First Touch
CU010032,Google Ads,4588.14,Multi-Touch
CU010033,Partner,1258.07,Last Touch
CU010034,Event,4833.64,First Touch
CU010035,Event,643.62,Multi-Touch
CU010036,Organic Search,4632.3,Last Touch
CU010037,Organic Search,649.42,First Touch
CU010038,LinkedIn Ads,107.06,Last Touch
CU010039,Event,901.96,First Touch
CU010040,Google Ads,1282.92,Last Touch
CU010041,Partner,709.33,Multi-Touch
CU010042,Referral,356.86,First Touch
CU010043,Referral,259.05,Last Touch
CU010044,Google Ads,1367.96,First Touch
CU010045,Event,1155.85,First Touch
CU010046,Google Ads,4357.73,Last Touch
CU010047,Outbound,4277.61,First Touch
CU010048,LinkedIn Ads,870.32,Multi-Touch
CU010049,Outbound,4653.08,Last Touch
CU010050,Partner,4424.43,First Touch
CU010051,Referral,218.68,Multi-Touch
CU010052,Outbound,4723.71,Last Touch
CU010053,Organic Search,4430.17,First Touch
CU010054,Outbound,864.5,Last Touch
CU010055,Outbound,614.23,Last Touch
CU010056,Event,4429.67,Last Touch
CU010057,Google Ads,4452.23,First Touch
CU010058,Outbound,1076.06,Last Touch
CU010059,Event,1331.44,Last Touch
CU010060,Referral,1194.96,Multi-Touch
CU010061,Referral,838.77,First Touch
CU010062,Partner,4549.93,Last Touch
CU010063,Partner,4181.99,First Touch
CU010064,Organic Search,1306.46,Multi-Touch
CU010065,Google Ads,4649.32,Multi-Touch
CU010066,Referral,373.3,Last Touch
CU010067,Referral,326.87,Multi-Touch
CU010068,Google Ads,4180.64,Multi-Touch
CU010069,Outbound,4594.01,Last Touch
CU010070,LinkedIn Ads,4511.29,Multi-Touch
CU010071,Partner,1186.58,First Touch
CU010072,Partner,4551.84,Multi-Touch
CU010073,Organic Search,351.7,Last Touch
CU010074,Outbound,4543.25,Last Touch
CU010075,Referral,1147.46,First Touch
CU010076,Google Ads,4258.11,Last Touch
CU010077,Outbound,243.74,Last Touch
CU010078,Outbound,1208.82,Last Touch
CU010079,Outbound,822.62,First Touch
CU010080,LinkedIn Ads,4402.68,First Touch
CU010081,LinkedIn Ads,257.28,First Touch
CU010082,Partner,4649.21,First Touch
CU010083,Partner,520.25,Last Touch
CU010084,Google Ads,4306.61,First Touch
CU010085,Referral,1167.31,First Touch
CU010086,Organic Search,483.29,Multi-Touch
CU010087,Organic Search,258.07,Last Touch
CU010088,Organic Search,4354.07,Multi-Touch
CU010089,Referral,4530.16,Multi-Touch
CU010090,Organic Search,639.5,Last Touch
CU010091,Referral,4644.53,Multi-Touch
CU010092,Google Ads,1026.43,Last Touch
CU010093,LinkedIn Ads,4207.02,Last Touch
CU010094,Referral,1419.46,Multi-Touch
CU010095,Google Ads,4685.19,Multi-Touch
CU010096,Partner,4265.27,First Touch
CU010097,Partner,251.82,Multi-Touch
CU010098,Organic Search,4302.82,First Touch
CU010099,Partner,4560.76,Last Touch
CU010100,Organic Search,4559.18,Last Touch
CU010101,Organic Search,1379.61,Multi-Touch
CU010102,Partner,4494.73,Last Touch
CU010103,Organic Search,1327.53,First Touch
CU010104,Organic Search,4583.55,Last Touch
CU010105,Event,1022.6,First Touch
CU010106,Outbound,1343.41,Last Touch
CU010107,Partner,646.88,First Touch
CU010108,Referral,1551.69,Last Touch
CU010109,Partner,1297.5,Multi-Touch
CU010110,Partner,308.6,Multi-Touch
CU010111,Outbound,4671.19,First Touch
CU010112,Outbound,4231.44,Multi-Touch
CU010113,LinkedIn Ads,4281.63,Last Touch
CU010114,Organic Search,15.66,First Touch
CU010115,Referral,4486.37,First Touch
CU010116,Organic Search,1144.8,First Touch
CU010117,Outbound,476.53,Multi-Touch
CU010118,LinkedIn Ads,512.16,First Touch
CU010119,Partner,1467.39,First Touch
CU010120,Organic Search,1042.63,Last Touch
CU010121,Outbound,4210.16,Last Touch
CU010122,Referral,1361.85,Multi-Touch
CU010123,Partner,4708.96,Last Touch
CU010124,Referral,4261.09,Last Touch
CU010125,Referral,558.2,Multi-Touch
CU010126,Google Ads,1294.95,Multi-Touch
CU010127,Google Ads,1635.59,Multi-Touch
CU010128,Organic Search,1026.51,Multi-Touch
CU010129,Organic Search,4804.0,Multi-Touch
CU010130,Organic Search,21.07,First Touch
CU010131,Partner,528.35,Last Touch
CU010132,Event,245.83,First Touch
CU010133,Event,4268.46,Multi-Touch
CU010134,Outbound,259.41,First Touch
CU010135,Event,591.25,First Touch
CU010136,LinkedIn Ads,1462.61,Multi-Touch
CU010137,LinkedIn Ads,1150.78,Multi-Touch
CU010138,LinkedIn Ads,450.54,Last Touch
CU010139,Google Ads,967.01,Multi-Touch
CU010140,Partner,4518.6,First Touch
CU010141,Outbound,507.63,Multi-Touch
CU010142,Outbound,1017.39,Multi-Touch
CU010143,Outbound,4552.07,First Touch
CU010144,Partner,4423.93,Multi-Touch
CU010145,Partner,4715.61,Last Touch
CU010146,LinkedIn Ads,1250.2,First Touch
CU010147,Partner,4462.94,First Touch
CU010148,Referral,4484.0,First Touch
CU010149,LinkedIn Ads,1552.73,Multi-Touch
CU010150,Organic Search,4189.71,Last Touch
CU010151,Partner,4269.36,Last Touch
CU010152,Google Ads,1069.15,Last Touch
CU010153,Referral,1159.97,First Touch
CU010154,Referral,1046.11,Multi-Touch
CU010155,Google Ads,1309.83,First Touch
CU010156,Referral,1094.27,Multi-Touch
CU010157,Partner,542.56,First Touch
CU010158,Google Ads,292.66,Last Touch
CU010159,Event,530.06,Last Touch
CU010160,Referral,855.0,First Touch
CU010161,Outbound,189.26,Multi-Touch
CU010162,Google Ads,159.13,Last Touch
CU010163,Outbound,1122.4,First Touch
CU010164,Outbound,306.19,First Touch
CU010165,Organic Search,4315.57,Last Touch
CU010166,Outbound,1217.52,Last Touch
CU010167,Outbound,1271.05,Last Touch
CU010168,Event,386.5,Multi-Touch
CU010169,Referral,1242.72,First Touch
CU010170,Partner,4275.82,Last Touch
CU010171,Event,251.48,First Touch
CU010172,Outbound,110.94,Multi-Touch
CU010173,Outbound,1685.95,First Touch
CU010174,Organic Search,4592.52,First Touch
CU010175,Outbound,4622.87,Last Touch
CU010176,Outbound,1282.31,First Touch
CU010177,Google Ads,4428.88,Last Touch
CU010178,Event,4508.59,First Touch
CU010179,Event,4455.95,Multi-Touch
CU010180,Google Ads,1009.49,First Touch
CU010181,Organic Search,1083.95,Multi-Touch
CU010182,Outbound,12.99,Last Touch
CU010183,Event,856.9,Multi-Touch
CU010184,Referral,1319.9,Multi-Touch
CU010185,LinkedIn Ads,1395.81,Multi-Touch
CU010186,Referral,4868.96,First Touch
CU010187,Google Ads,4980.69,Last Touch
CU010188,Referral,1346.92,Last Touch
CU010189,LinkedIn Ads,4415.57,First Touch
CU010190,Partner,4296.45,Last Touch
CU010191,Event,4485.25,Multi-Touch
CU010192,Partner,4557.09,Last Touch
CU010193,LinkedIn Ads,350.77,Multi-Touch
CU010194,Partner,441.06,First Touch
CU010195,Referral,417.48,Last Touch
CU010196,Partner,706.44,First Touch
CU010197,Event,73.65,First Touch
CU010198,Referral,1550.28,Last Touch
CU010199,Organic Search,1297.04,Last Touch
CU010200,Outbound,1162.22,Last Touch
CU010201,Event,1104.81,First Touch
CU010202,Outbound,907.9,First Touch
CU010203,Event,108.41,Multi-Touch
CU010204,Outbound,4466.14,First Touch
CU010205,Partner,293.69,Multi-Touch
CU010206,Referral,1538.73,First Touch
CU010207,Referral,4288.9,Last Touch
CU010208,Referral,1448.34,Last Touch
CU010209,Referral,1654.82,Multi-Touch
CU010210,Event,1292.94,Multi-Touch
CU010211,Outbound,1054.68,Multi-Touch
CU010212,LinkedIn Ads,4672.8,Multi-Touch
CU010213,Event,1366.71,Last Touch
CU010214,Partner,181.11,Last Touch
CU010215,Outbound,4336.49,Multi-Touch
CU010216,Google Ads,4717.89,First Touch
CU010217,Organic Search,198.26,Last Touch
CU010218,LinkedIn Ads,4630.83,First Touch
CU010219,Outbound,1052.28,First Touch
CU010220,Referral,1090.42,First Touch
CU010221,LinkedIn Ads,1342.31,Last Touch
CU010222,LinkedIn Ads,369.41,Multi-Touch
CU010223,Event,840.35,First Touch
CU010224,Organic Search,4487.04,Multi-Touch
CU010225,Outbound,293.73,Last Touch
CU010226,Outbound,269.18,First Touch
CU010227,Outbound,657.21,First Touch
CU010228,Event,1131.16,Last Touch
CU010229,Organic Search,4324.44,Multi-Touch
CU010230,Outbound,4242.3,Multi-Touch
CU010231,Outbound,4199.41,Last Touch
CU010232,Referral,4348.6,Last Touch
CU010233,Event,1251.11,Multi-Touch
CU010234,Outbound,1296.24,Multi-Touch
CU010235,Partner,1332.44,Last Touch
CU010236,Google Ads,353.12,Last Touch
CU010237,Referral,1236.23,Multi-Touch
CU010238,Organic Search,4507.08,Last Touch
CU010239,Referral,1239.17,Last Touch
CU010240,Outbound,245.68,Last Touch
CU010241,Event,326.38,First Touch
CU010242,Google Ads,241.33,Multi-Touch
CU010243,Referral,393.07,Last Touch
CU010244,Organic Search,111.32,First Touch
CU010245,Outbound,622.57,First Touch
CU010246,Referral,1112.38,Multi-Touch
CU010247,Partner,356.29,Last Touch
CU010248,LinkedIn Ads,548.83,Multi-Touch
CU010249,Google Ads,1499.82,First Touch
CU010250,Organic Search,1145.26,Last Touch
CU010251,Organic Search,224.52,First Touch
CU010252,Event,1383.54,Last Touch
CU010253,Outbound,403.47,Multi-Touch
CU010254,Google Ads,4917.65,Multi-Touch
CU010255,Organic Search,4506.92,Multi-Touch
CU010256,Partner,29.94,Last Touch
CU010257,Organic Search,4664.01,Last Touch
CU010258,Partner,4516.6,Last Touch
CU010259,Referral,316.01,Last Touch
CU010260,Event,1173.38,First Touch
CU010261,Referral,4983.63,First Touch
CU010262,Partner,541.91,Last Touch
CU010263,Google Ads,678.37,Multi-Touch
CU010264,Event,4556.53,Last Touch
CU010265,Partner,1161.64,First Touch
CU010266,Referral,4493.65,Multi-Touch
CU010267,Outbound,4342.25,Multi-Touch
CU010268,Google Ads,4769.96,Multi-Touch
CU010269,Event,4539.28,Multi-Touch
CU010270,Event,903.75,Multi-Touch
CU010271,Event,1158.8,Multi-Touch
CU010272,Google Ads,172.58,Last Touch
CU010273,Event,1130.13,Multi-Touch
CU010274,Event,330.05,Last Touch
CU010275,Event,4.5,Last Touch
CU010276,Outbound,267.88,Multi-Touch
CU010277,Organic Search,4401.25,Multi-Touch
CU010278,Partner,4653.69,First Touch
CU010279,Google Ads,266.03,Last Touch
CU010280,Event,4482.72,Multi-Touch
CU010281,Organic Search,1166.54,First Touch
CU010282,Partner,1306.99,First Touch
CU010283,Organic Search,4287.47,Last Touch
CU010284,Organic Search,172.38,Multi-Touch
CU010285,Google Ads,935.29,First Touch
CU010286,Partner,4392.1,First Touch
CU010287,Organic Search,177.89,First Touch
CU010288,LinkedIn Ads,1195.91,First Touch
CU010289,LinkedIn Ads,564.43,Last Touch
CU010290,Outbound,4197.76,Last Touch
CU010291,Outbound,442.93,Multi-Touch
CU010292,Partner,4960.86,Last Touch
CU010293,Partner,323.11,Last Touch
CU010294,Organic Search,527.74,Last Touch
CU010295,Organic Search,451.38,Multi-Touch
CU010296,Referral,4379.86,First Touch
CU010297,Event,1419.6,Last Touch
CU010298,Referral,17.53,First Touch
CU010299,Event,1029.78,Multi-Touch
CU010300,Outbound,280.19,Multi-Touch
CU010301,Referral,1281.96,First Touch
CU010302,Google Ads,4847.27,Last Touch
CU010303,Referral,4629.72,Last Touch
CU010304,Outbound,4407.15,Multi-Touch
CU010305,Organic Search,465.84,First Touch
CU010306,Google Ads,97.84,Multi-Touch
CU010307,Organic Search,495.8,Last Touch
CU010308,Event,4386.72,Last Touch
CU010309,Google Ads,4259.42,Last Touch
CU010310,Google Ads,4523.76,Last Touch
CU010311,Referral,1294.22,First Touch
CU010312,LinkedIn Ads,236.65,Multi-Touch
CU010313,Partner,4192.68,Last Touch
CU010314,Outbound,368.74,First Touch
CU010315,LinkedIn Ads,1056.07,First Touch
CU010316,Outbound,4575.02,First Touch
CU010317,LinkedIn Ads,4622.24,First Touch
CU010318,Outbound,1424.87,First Touch
CU010319,Referral,381.55,First Touch
CU010320,Organic Search,4439.1,Last Touch
CU010321,Referral,1480.88,First Touch
CU010322,Partner,4679.18,First Touch
CU010323,LinkedIn Ads,4134.06,First Touch
CU010324,Outbound,4362.29,Multi-Touch
CU010325,Partner,4920.25,Last Touch
CU010326,Google Ads,4296.31,Multi-Touch
CU010327,Event,186.75,Multi-Touch
CU010328,Referral,645.79,First Touch
CU010329,Referral,1219.9,First Touch
CU010330,LinkedIn Ads,4530.79,Last Touch
CU010331,Referral,4254.23,Multi-Touch
CU010332,Referral,1013.18,Last Touch
CU010333,LinkedIn Ads,198.06,Multi-Touch
CU010334,Organic Search,4572.41,Last Touch
CU010335,LinkedIn Ads,4397.82,Multi-Touch
CU010336,Google Ads,103.66,Multi-Touch
CU010337,Organic Search,4349.36,First Touch
CU010338,Referral,331.62,Last Touch
CU010339,Event,130.32,First Touch
CU010340,Organic Search,1293.9,Multi-Touch
CU010341,LinkedIn Ads,1027.05,First Touch
CU010342,Partner,372.13,Multi-Touch
CU010343,Google Ads,339.89,Multi-Touch
CU010344,Referral,1245.72,Last Touch
CU010345,Partner,4363.25,First Touch
CU010346,Event,4560.96,First Touch
CU010347,LinkedIn Ads,1319.42,Last Touch
CU010348,Outbound,331.37,Multi-Touch
CU010349,LinkedIn Ads,4499.57,Multi-Touch
CU010350,Google Ads,4635.14,First Touch
CU010351,Referral,464.92,First Touch
CU010352,Outbound,1146.98,Multi-Touch
CU010353,Event,4465.23,Multi-Touch
CU010354,Google Ads,710.33,Multi-Touch
CU010355,Event,4555.23,First Touch
CU010356,Event,4734.09,Last Touch
CU010357,Event,108.93,Multi-Touch
CU010358,Partner,659.95,Last Touch
CU010359,Partner,1040.5,Last Touch
CU010360,Event,4341.25,Last Touch
CU010361,Organic Search,4696.75,Last Touch
CU010362,Outbound,4948.94,First Touch
CU010363,Google Ads,588.35,Multi-Touch
CU010364,Organic Search,876.5,Multi-Touch
CU010365,Referral,617.19,Last Touch
CU010366,Event,1183.83,Multi-Touch
CU010367,Partner,778.08,First Touch
CU010368,Google Ads,262.67,Last Touch
CU010369,Partner,369.25,Last Touch
CU010370,Event,496.16,Multi-Touch
CU010371,Event,4568.11,Multi-Touch
CU010372,LinkedIn Ads,4263.45,Multi-Touch
CU010373,Event,134.4,First Touch
CU010374,Google Ads,4255.63,First Touch
CU010375,Google Ads,4676.41,Multi-Touch
CU010376,Google Ads,352.28,Multi-Touch
CU010377,Referral,1018.7,Last Touch
CU010378,Partner,474.81,First Touch
CU010379,Organic Search,325.25,First Touch
CU010380,LinkedIn Ads,4367.36,First Touch
CU010381,Referral,4747.88,Last Touch
CU010382,Outbound,1089.66,Last Touch
CU010383,LinkedIn Ads,4526.04,First Touch
CU010384,Organic Search,79.96,First Touch
CU010385,Organic Search,1283.8,Last Touch
CU010386,LinkedIn Ads,4187.03,Multi-Touch
CU010387,Event,1327.05,Multi-Touch
CU010388,Referral,785.17,First Touch
CU010389,Outbound,4601.66,Multi-Touch
CU010390,Organic Search,4536.0,Last Touch
CU010391,Partner,1220.99,Multi-Touch
CU010392,Organic Search,461.03,Last Touch
CU010393,Google Ads,312.08,Last Touch
CU010394,Event,4582.77,Last Touch
CU010395,Outbound,1334.28,First Touch
CU010396,Google Ads,201.42,Last Touch
CU010397,Outbound,174.15,Last Touch
CU010398,LinkedIn Ads,1529.45,First Touch
CU010399,Partner,1447.78,Last Touch
CU010400,Organic Search,266.48,Multi-Touch
CU010401,Organic Search,1263.36,Multi-Touch
CU010402,Organic Search,326.91,First Touch
CU010403,Google Ads,228.51,Multi-Touch
CU010404,LinkedIn Ads,359.15,Last Touch
CU010405,LinkedIn Ads,304.54,First Touch
CU010406,Outbound,4890.18,Last Touch
CU010407,Organic Search,4723.84,Multi-Touch
CU010408,LinkedIn Ads,547.9,Last Touch
CU010409,LinkedIn Ads,663.02,First Touch
CU010410,LinkedIn Ads,377.21,Multi-Touch
CU010411,Partner,1009.71,Last Touch
CU010412,Partner,1022.81,First Touch
CU010413,Outbound,4730.95,First Touch
CU010414,Event,633.54,First Touch
CU010415,Partner,944.75,First Touch
CU010416,Organic Search,1305.29,Last Touch
CU010417,LinkedIn Ads,1340.33,Multi-Touch
CU010418,LinkedIn Ads,1316.58,Multi-Touch
CU010419,Partner,1180.71,Multi-Touch
CU010420,Referral,4368.97,Multi-Touch
CU010421,Event,508.02,Last Touch
CU010422,LinkedIn Ads,4541.12,Multi-Touch
CU010423,Referral,4303.69,Last Touch
CU010424,Organic Search,420.87,First Touch
CU010425,Google Ads,1499.96,Last Touch
CU010426,LinkedIn Ads,4706.01,Multi-Touch
CU010427,Google Ads,233.68,First Touch
CU010428,Event,1271.22,Last Touch
CU010429,Event,302.33,Last Touch
CU010430,Referral,4581.66,Multi-Touch
CU010431,Google Ads,651.86,Multi-Touch
CU010432,Outbound,468.41,Last Touch
CU010433,Event,4627.15,Last Touch
CU010434,Partner,72.93,Last Touch
CU010435,Google Ads,4278.97,Multi-Touch
CU010436,Event,1718.93,Last Touch
CU010437,Event,4305.56,Multi-Touch
CU010438,Referral,837.08,Last Touch
CU010439,Google Ads,4722.35,Multi-Touch
CU010440,Outbound,4515.31,First Touch
CU010441,Organic Search,4382.78,Multi-Touch
CU010442,LinkedIn Ads,1199.6,Last Touch
CU010443,LinkedIn Ads,990.47,Multi-Touch
CU010444,Event,410.87,Last Touch
CU010445,Google Ads,363.64,Last Touch
CU010446,Partner,175.88,Last Touch
CU010447,Partner,1035.99,Multi-Touch
CU010448,LinkedIn Ads,4790.74,Multi-Touch
CU010449,Google Ads,4515.03,Last Touch
CU010450,Organic Search,4343.46,First Touch
CU010451,Event,1402.98,Multi-Touch
CU010452,Event,1245.9,Multi-Touch
CU010453,Partner,652.0,Multi-Touch
CU010454,Organic Search,1330.18,Multi-Touch
CU010455,Event,237.72,First Touch
CU010456,Referral,410.88,Last Touch
CU010457,Outbound,4740.84,Multi-Touch
CU010458,Event,4653.09,Last Touch
CU010459,LinkedIn Ads,1126.15,Multi-Touch
CU010460,Google Ads,440.27,First Touch
CU010461,Event,1216.45,Last Touch
CU010462,Organic Search,4720.06,Last Touch
CU010463,Event,1308.53,Multi-Touch
CU010464,Outbound,246.95,Multi-Touch
CU010465,Organic Search,1465.66,Multi-Touch
CU010466,LinkedIn Ads,4568.1,Last Touch
CU010467,Referral,1209.5,First Touch
CU010468,Referral,978.33,Multi-Touch
CU010469,LinkedIn Ads,4468.02,Last Touch
CU010470,Event,4467.76,Multi-Touch
CU010471,Partner,917.26,Multi-Touch
CU010472,Partner,597.36,Last Touch
CU010473,Outbound,1122.01,First Touch
CU010474,Google Ads,408.43,Last Touch
CU010475,Referral,4335.04,Last Touch
CU010476,Referral,996.64,Last Touch
CU010477,LinkedIn Ads,4569.92,First Touch
CU010478,Organic Search,1043.53,Multi-Touch
CU010479,Google Ads,391.53,First Touch
CU010480,Outbound,4132.83,Last Touch
CU010481,Outbound,4167.67,Last Touch
CU010482,LinkedIn Ads,4492.02,Last Touch
CU010483,Organic Search,4484.32,First Touch
CU010484,Organic Search,4414.62,Last Touch
CU010485,Outbound,66.08,Multi-Touch
CU010486,Event,4839.57,Last Touch
CU010487,Google Ads,4508.6,Multi-Touch
CU010488,Referral,4788.43,Last Touch
CU010489,Event,1086.13,Last Touch
CU010490,Outbound,149.6,Last Touch
CU010491,Event,1245.31,First Touch
CU010492,Google Ads,833.84,Last Touch
CU010493,Referral,949.58,First Touch
CU010494,Partner,4319.11,First Touch
CU010495,Organic Search,297.7,First Touch
CU010496,Google Ads,1184.7,Multi-Touch
CU010497,Partner,1473.84,Multi-Touch
CU010498,Organic Search,1085.77,Multi-Touch
CU010499,Referral,4464.06,First Touch
CU010500,Referral,1122.92,First Touch
CU010501,LinkedIn Ads,796.98,Last Touch
CU010502,Referral,4137.38,Last Touch
CU010503,LinkedIn Ads,578.71,First Touch
CU010504,Event,4092.63,Multi-Touch
CU010505,Event,1052.49,Last Touch
CU010506,Organic Search,4284.09,First Touch
CU010507,Outbound,38.4,First Touch
CU010508,Outbound,545.33,Multi-Touch
CU010509,LinkedIn Ads,1011.86,Last Touch
CU010510,Event,4890.67,First Touch
CU010511,Google Ads,4251.91,Multi-Touch
CU010512,Google Ads,1418.31,Multi-Touch
CU010513,Event,1265.84,First Touch
CU010514,Event,4404.7,Last Touch
CU010515,LinkedIn Ads,424.97,First Touch
CU010516,Partner,1319.38,Last Touch
CU010517,Partner,581.81,Last Touch
CU010518,Event,319.25,Last Touch
CU010519,Outbound,4705.15,Multi-Touch
CU010520,Organic Search,58.38,Last Touch
CU010521,Organic Search,4361.97,Multi-Touch
CU010522,Event,4841.79,First Touch
CU010523,Organic Search,162.88,First Touch
CU010524,Event,177.23,Multi-Touch
CU010525,Organic Search,4200.42,First Touch
CU010526,Partner,1241.63,Multi-Touch
CU010527,Organic Search,4150.1,Last Touch
CU010528,Organic Search,4615.39,Multi-Touch
CU010529,Partner,4564.15,First Touch
CU010530,Outbound,347.44,Last Touch
CU010531,Outbound,151.41,Multi-Touch
CU010532,Google Ads,238.75,Multi-Touch
CU010533,Referral,595.99,Last Touch
CU010534,Organic Search,147.62,Multi-Touch
CU010535,Event,4675.98,Last Touch
CU010536,Google Ads,227.66,First Touch
CU010537,Google Ads,127.73,Multi-Touch
CU010538,Outbound,924.53,Last Touch
CU010539,Event,4218.97,Multi-Touch
CU010540,Organic Search,294.9,First Touch
CU010541,Outbound,1374.58,Last Touch
CU010542,Organic Search,4335.51,Multi-Touch
CU010543,LinkedIn Ads,4653.92,Multi-Touch
CU010544,Outbound,1346.53,Multi-Touch
CU010545,Google Ads,1111.37,First Touch
CU010546,LinkedIn Ads,4311.4,Multi-Touch
CU010547,Organic Search,728.49,First Touch
CU010548,Outbound,4458.65,First Touch
CU010549,LinkedIn Ads,1045.62,First Touch
CU010550,LinkedIn Ads,4370.35,First Touch
CU010551,Referral,1296.62,Multi-Touch
CU010552,Outbound,4244.44,First Touch
CU010553,LinkedIn Ads,202.53,First Touch
CU010554,Google Ads,4509.52,Last Touch
CU010555,Google Ads,4429.57,Last Touch
CU010556,Outbound,4643.03,First Touch
CU010557,Organic Search,236.6,Last Touch
CU010558,Partner,1184.45,Multi-Touch
CU010559,LinkedIn Ads,4745.81,Last Touch
CU010560,LinkedIn Ads,969.41,First Touch
CU010561,Referral,4415.46,Multi-Touch
CU010562,Google Ads,4707.41,First Touch
CU010563,Event,4333.38,Multi-Touch
CU010564,Event,217.77,Last Touch
CU010565,Organic Search,4648.61,First Touch
CU010566,Partner,4217.37,First Touch
CU010567,Outbound,4209.65,First Touch
CU010568,Referral,4376.14,Multi-Touch
CU010569,LinkedIn Ads,4983.94,First Touch
CU010570,Event,4385.1,Last Touch
CU010571,Referral,201.7,Last Touch
CU010572,Event,14.97,Multi-Touch
CU010573,Google Ads,4775.24,Last Touch
CU010574,Partner,1122.51,Last Touch
CU010575,Organic Search,1200.5,First Touch
CU010576,Outbound,4529.32,Multi-Touch
CU010577,LinkedIn Ads,4931.17,First Touch
CU010578,Google Ads,1223.2,First Touch
CU010579,Organic Search,4483.33,First Touch
CU010580,Event,712.67,Multi-Touch
CU010581,Partner,13.66,First Touch
CU010582,Outbound,1009.12,Last Touch
CU010583,Event,4457.86,First Touch
CU010584,Google Ads,984.9,First Touch
CU010585,LinkedIn Ads,209.33,First Touch
CU010586,Google Ads,1508.66,Last Touch
CU010587,Google Ads,4764.83,First Touch
CU010588,LinkedIn Ads,753.58,Last Touch
CU010589,Partner,1258.74,First Touch
CU010590,Referral,4158.51,Multi-Touch
CU010591,Referral,4800.64,Multi-Touch
CU010592,Referral,4278.82,First Touch
CU010593,Partner,22.4,Multi-Touch
CU010594,Event,241.1,Multi-Touch
CU010595,Partner,1256.63,First Touch
CU010596,Outbound,220.11,First Touch
CU010597,Organic Search,119.12,Last Touch
CU010598,LinkedIn Ads,1218.39,Multi-Touch
CU010599,LinkedIn Ads,1111.09,First Touch
CU010600,Event,375.56,Last Touch
CU010601,Partner,300.24,First Touch
CU010602,Event,427.43,First Touch
CU010603,Event,340.5,Last Touch
CU010604,Event,4365.21,Last Touch
CU010605,Outbound,459.66,Multi-Touch
CU010606,Partner,4848.23,Multi-Touch
CU010607,Referral,1128.23,First Touch
CU010608,LinkedIn Ads,535.04,Multi-Touch
CU010609,Partner,1520.05,Last Touch
CU010610,Outbound,427.07,Multi-Touch
CU010611,LinkedIn Ads,1092.37,First Touch
CU010612,LinkedIn Ads,309.18,Multi-Touch
CU010613,LinkedIn Ads,4602.99,Multi-Touch
CU010614,Organic Search,4545.98,Multi-Touch
CU010615,Event,1512.18,First Touch
CU010616,Referral,4425.1,Multi-Touch
CU010617,Google Ads,666.15,First Touch
CU010618,Event,195.32,Last Touch
CU010619,Event,1405.16,Last Touch
CU010620,Outbound,4592.19,Multi-Touch
CU010621,Organic Search,227.63,First Touch
CU010622,Outbound,1246.17,Last Touch
CU010623,Google Ads,4439.68,Last Touch
CU010624,Partner,4319.68,First Touch
CU010625,Outbound,4496.91,Last Touch
CU010626,Partner,4377.14,Multi-Touch
CU010627,Referral,305.89,First Touch
CU010628,Event,824.12,First Touch
CU010629,Referral,973.38,Last Touch
CU010630,Organic Search,4347.07,Multi-Touch
CU010631,Referral,1352.8,Multi-Touch
CU010632,Outbound,1185.34,Multi-Touch
CU010633,Partner,1139.01,Multi-Touch
CU010634,Referral,125.78,First Touch
CU010635,Google Ads,923.39,Multi-Touch
CU010636,Organic Search,397.26,Multi-Touch
CU010637,LinkedIn Ads,4654.38,Multi-Touch
CU010638,LinkedIn Ads,1299.9,First Touch
CU010639,Referral,4700.71,Multi-Touch
CU010640,Event,4531.94,Last Touch
CU010641,Outbound,4148.96,Multi-Touch
CU010642,Google Ads,1464.73,Last Touch
CU010643,Event,1215.35,First Touch
CU010644,Partner,1517.21,First Touch
CU010645,Event,988.65,Multi-Touch
CU010646,Outbound,756.49,Last Touch
CU010647,Referral,4945.25,Multi-Touch
CU010648,Event,4297.26,Multi-Touch
CU010649,Partner,4395.26,First Touch
CU010650,Organic Search,972.84,Last Touch
CU010651,Partner,1235.19,First Touch
CU010652,Outbound,400.51,Multi-Touch
CU010653,LinkedIn Ads,1439.99,Multi-Touch
CU010654,LinkedIn Ads,936.23,Last Touch
CU010655,Google Ads,4784.96,First Touch
CU010656,Organic Search,4113.76,Last Touch
CU010657,Partner,1110.66,Last Touch
CU010658,Referral,1231.77,First Touch
CU010659,Event,394.8,Multi-Touch
CU010660,Outbound,213.2,Multi-Touch
CU010661,LinkedIn Ads,1075.86,Last Touch
CU010662,Organic Search,83.17,First Touch
CU010663,Event,291.06,Last Touch
CU010664,Google Ads,1578.65,Last Touch
CU010665,Outbound,404.42,Last Touch
CU010666,Outbound,4636.43,Multi-Touch
CU010667,Organic Search,282.21,Multi-Touch
CU010668,Organic Search,1554.48,Multi-Touch
CU010669,Event,4643.63,First Touch
CU010670,Outbound,458.23,Multi-Touch
CU010671,Outbound,4594.66,First Touch
CU010672,Outbound,4297.89,Last Touch
CU010673,Google Ads,4466.22,Last Touch
CU010674,Organic Search,1311.58,Last Touch
CU010675,LinkedIn Ads,83.41,Last Touch
CU010676,Partner,4838.08,First Touch
CU010677,Outbound,1355.52,First Touch
CU010678,Event,1418.48,Last Touch
CU010679,Referral,1296.65,First Touch
CU010680,Organic Search,4363.97,Last Touch
CU010681,LinkedIn Ads,1440.49,First Touch
CU010682,Outbound,1201.69,Multi-Touch
CU010683,Organic Search,292.66,First Touch
CU010684,LinkedIn Ads,1391.01,First Touch
CU010685,Referral,4637.75,Last Touch
CU010686,Google Ads,1186.08,Last Touch
CU010687,Organic Search,427.92,Last Touch
CU010688,Referral,1149.36,Multi-Touch
CU010689,LinkedIn Ads,1386.39,First Touch
CU010690,Referral,5011.77,Multi-Touch
CU010691,Organic Search,384.05,First Touch
CU010692,Event,503.08,First Touch
CU010693,Organic Search,1129.38,First Touch
CU010694,Organic Search,4522.69,Last Touch
CU010695,Referral,182.37,Multi-Touch
CU010696,Event,1155.43,Multi-Touch
CU010697,Referral,370.15,Last Touch
CU010698,Google Ads,1337.87,First Touch
CU010699,Outbound,1123.8,First Touch
CU010700,LinkedIn Ads,4548.01,Last Touch
CU010701,LinkedIn Ads,1239.56,First Touch
CU010702,Partner,4294.34,First Touch
CU010703,Referral,4508.8,Multi-Touch
CU010704,Partner,392.64,First Touch
CU010705,Partner,4171.77,First Touch
CU010706,Google Ads,484.78,Multi-Touch
CU010707,LinkedIn Ads,1500.34,First Touch
CU010708,Referral,1217.48,Last Touch
CU010709,Google Ads,4601.31,First Touch
CU010710,Partner,4193.89,First Touch
CU010711,Google Ads,4333.42,First Touch
CU010712,LinkedIn Ads,1236.62,First Touch
CU010713,Google Ads,722.95,Multi-Touch
CU010714,Google Ads,765.12,First Touch
CU010715,Partner,4830.66,First Touch
CU010716,Outbound,1119.75,First Touch
CU010717,Organic Search,270.09,Last Touch
CU010718,Outbound,601.65,Last Touch
CU010719,Outbound,4594.57,First Touch
CU010720,Referral,4409.9,First Touch
CU010721,Organic Search,1205.6,First Touch
CU010722,Partner,4790.85,First Touch
CU010723,Organic Search,1253.56,Multi-Touch
CU010724,Partner,1185.25,First Touch
CU010725,Partner,4489.21,First Touch
CU010726,Partner,506.4,First Touch
CU010727,Referral,1463.33,Multi-Touch
CU010728,Organic Search,4355.04,Multi-Touch
CU010729,Outbound,1240.77,Last Touch
CU010730,Google Ads,1136.33,Last Touch
CU010731,Google Ads,1237.27,Multi-Touch
CU010732,LinkedIn Ads,347.5,Last Touch
CU010733,Outbound,449.29,First Touch
CU010734,LinkedIn Ads,4815.5,First Touch
CU010735,Google Ads,4550.38,Last Touch
CU010736,Google Ads,1245.25,Multi-Touch
CU010737,Google Ads,393.6,Multi-Touch
CU010738,Outbound,4436.56,Multi-Touch
CU010739,Event,1193.57,First Touch
CU010740,Event,4497.68,Multi-Touch
CU010741,Organic Search,4697.18,Multi-Touch
CU010742,Event,1150.92,Multi-Touch
CU010743,Organic Search,4509.6,First Touch
CU010744,LinkedIn Ads,1076.56,Multi-Touch
CU010745,Event,200.38,Last Touch
CU010746,Outbound,4733.92,Last Touch
CU010747,LinkedIn Ads,568.32,Last Touch
CU010748,Referral,1581.57,First Touch
CU010749,Outbound,1092.82,Last Touch
CU010750,Organic Search,200.9,Multi-Touch
CU010751,Event,1254.88,Last Touch
CU010752,Partner,533.05,First Touch
CU010753,Partner,4667.32,Multi-Touch
CU010754,Referral,4726.82,Last Touch
CU010755,LinkedIn Ads,4902.53,First Touch
CU010756,Partner,259.56,First Touch
CU010757,Partner,411.29,Last Touch
CU010758,Referral,4536.54,Multi-Touch
CU010759,Outbound,1350.32,Multi-Touch
CU010760,LinkedIn Ads,1.28,Multi-Touch
CU010761,Referral,352.25,Last Touch
CU010762,Outbound,289.84,First Touch
CU010763,Partner,4233.76,Last Touch
CU010764,Referral,1341.84,First Touch
CU010765,Google Ads,341.91,First Touch
CU010766,Organic Search,1342.28,Multi-Touch
CU010767,Google Ads,122.45,Multi-Touch
CU010768,Organic Search,1070.68,Multi-Touch
CU010769,Organic Search,4644.23,First Touch
CU010770,LinkedIn Ads,111.02,Last Touch
CU010771,Event,1033.22,Multi-Touch
CU010772,LinkedIn Ads,24.36,First Touch
CU010773,Outbound,479.61,First Touch
CU010774,Organic Search,1036.13,Multi-Touch
CU010775,Organic Search,222.76,Multi-Touch
CU010776,Google Ads,4222.06,Multi-Touch
CU010777,LinkedIn Ads,287.98,First Touch
CU010778,Outbound,549.12,Last Touch
CU010779,Organic Search,502.47,First Touch
CU010780,Referral,641.26,Last Touch
CU010781,Organic Search,1305.62,First Touch
CU010782,LinkedIn Ads,1544.99,Last Touch
CU010783,Partner,494.75,Multi-Touch
CU010784,Referral,4587.32,Last Touch
CU010785,LinkedIn Ads,305.5,First Touch
CU010786,Google Ads,1602.59,Multi-Touch
CU010787,Outbound,4437.19,First Touch
CU010788,Partner,1144.72,Multi-Touch
CU010789,Referral,4725.25,Multi-Touch
CU010790,Google Ads,4607.87,Multi-Touch
CU010791,Google Ads,4335.68,Multi-Touch
CU010792,Referral,4645.43,Multi-Touch
CU010793,Outbound,1169.24,First Touch
CU010794,Organic Search,4429.87,First Touch
CU010795,Event,1448.85,Multi-Touch
CU010796,Partner,4435.94,Multi-Touch
CU010797,LinkedIn Ads,4280.32,Last Touch
CU010798,LinkedIn Ads,4308.22,Last Touch
CU010799,Organic Search,4463.04,First Touch
CU010800,Event,4478.27,Multi-Touch
CU010801,Partner,4274.5,First Touch
CU010802,Outbound,1275.88,Last Touch
CU010803,Referral,189.54,First Touch
CU010804,Outbound,550.83,Multi-Touch
CU010805,Organic Search,1419.35,First Touch
CU010806,Partner,4486.25,Last Touch
CU010807,Outbound,450.06,First Touch
CU010808,Event,38.25,Multi-Touch
CU010809,Referral,4381.04,Last Touch
CU010810,Partner,123.67,First Touch
CU010811,Organic Search,1002.22,Multi-Touch
CU010812,Google Ads,119.17,Multi-Touch
CU010813,LinkedIn Ads,1665.21,Multi-Touch
CU010814,Event,1299.16,Last Touch
CU010815,Event,1367.88,First Touch
CU010816,Referral,1066.23,First Touch
CU010817,Outbound,1215.01,Multi-Touch
CU010818,Partner,4323.5,First Touch
CU010819,Referral,4695.22,First Touch
CU010820,Referral,123.1,First Touch
CU010821,Referral,874.01,Last Touch
CU010822,LinkedIn Ads,342.87,Last Touch
CU010823,Referral,1035.29,First Touch
CU010824,Google Ads,943.57,First Touch
CU010825,Google Ads,266.51,Last Touch
CU010826,Google Ads,4207.06,Multi-Touch
CU010827,Outbound,1156.83,Multi-Touch
CU010828,Event,4363.59,Multi-Touch
CU010829,Outbound,1200.56,Last Touch
CU010830,Referral,134.0,Last Touch
CU010831,Outbound,122.65,First Touch
CU010832,LinkedIn Ads,1513.24,Multi-Touch
CU010833,LinkedIn Ads,4410.38,Multi-Touch
CU010834,LinkedIn Ads,4377.73,First Touch
CU010835,Outbound,457.01,Last Touch
CU010836,Event,554.44,First Touch
CU010837,Event,4625.89,First Touch
CU010838,LinkedIn Ads,4283.84,First Touch
CU010839,Outbound,120.05,First Touch
CU010840,Organic Search,4389.78,First Touch
CU010841,Outbound,902.7,First Touch
CU010842,Organic Search,1237.58,First Touch
CU010843,Event,4500.72,Last Touch
CU010844,Google Ads,1191.08,Multi-Touch
CU010845,Referral,360.71,Last Touch
CU010846,Event,649.35,Last Touch
CU010847,Event,213.1,Last Touch
CU010848,Referral,979.04,Last Touch
CU010849,LinkedIn Ads,1296.73,Last Touch
CU010850,Referral,1294.94,First Touch
CU010851,Google Ads,4528.59,First Touch
CU010852,Outbound,1130.3,Multi-Touch
CU010853,Outbound,585.27,First Touch
CU010854,Outbound,1200.02,Multi-Touch
CU010855,Outbound,4515.61,Multi-Touch
CU010856,Organic Search,1231.4,First Touch
CU010857,Partner,434.32,Multi-Touch
CU010858,Partner,4539.09,First Touch
CU010859,Google Ads,626.99,Multi-Touch
CU010860,Event,1081.03,Last Touch
CU010861,Outbound,983.78,Multi-Touch
CU010862,Outbound,4503.07,Multi-Touch
CU010863,Outbound,4705.71,First Touch
CU010864,LinkedIn Ads,4767.79,Last Touch
CU010865,Google Ads,1106.72,Last Touch
CU010866,Outbound,173.56,First Touch
CU010867,Organic Search,4659.03,First Touch
CU010868,Organic Search,904.84,First Touch
CU010869,Referral,4.99,Last Touch
CU010870,Organic Search,4334.63,Last Touch
CU010871,Event,792.55,First Touch
CU010872,Partner,1281.06,First Touch
CU010873,LinkedIn Ads,471.01,Multi-Touch
CU010874,LinkedIn Ads,345.61,First Touch
CU010875,Organic Search,403.37,Multi-Touch
CU010876,Outbound,440.09,Multi-Touch
CU010877,Organic Search,4326.55,Multi-Touch
CU010878,Google Ads,4891.84,Last Touch
CU010879,Outbound,1166.61,Last Touch
CU010880,Organic Search,518.87,Multi-Touch
CU010881,Partner,1685.85,Last Touch
CU010882,Referral,4395.23,Last Touch
CU010883,Outbound,4501.15,First Touch
CU010884,Referral,4632.15,Multi-Touch
CU010885,LinkedIn Ads,4249.74,First Touch
CU010886,Referral,1092.82,First Touch
CU010887,LinkedIn Ads,461.94,First Touch
CU010888,Outbound,686.26,Multi-Touch
CU010889,Organic Search,1119.9,Multi-Touch
CU010890,Organic Search,473.52,Last Touch
CU010891,Outbound,1302.54,Last Touch
CU010892,Partner,1302.98,Last Touch
CU010893,Partner,615.12,Multi-Touch
CU010894,Organic Search,4397.18,Last Touch
CU010895,LinkedIn Ads,429.05,Last Touch
CU010896,Event,877.92,Multi-Touch
CU010897,Organic Search,1560.63,First Touch
CU010898,Outbound,785.24,Last Touch
CU010899,Organic Search,4588.62,First Touch
CU010900,Outbound,1059.91,Multi-Touch
CU010901,Partner,4811.2,First Touch
CU010902,Outbound,312.17,Last Touch
CU010903,Event,628.73,First Touch
CU010904,Outbound,375.05,Multi-Touch
CU010905,Outbound,1529.4,First Touch
CU010906,Event,175.68,Last Touch
CU010907,Organic Search,4318.32,First Touch
CU010908,LinkedIn Ads,936.97,Last Touch
CU010909,Outbound,1315.36,Multi-Touch
CU010910,Referral,1440.4,Multi-Touch
CU010911,Partner,913.08,Multi-Touch
CU010912,Referral,14.85,Last Touch
CU010913,Organic Search,4236.55,Last Touch
CU010914,Partner,1183.61,Last Touch
CU010915,LinkedIn Ads,298.78,Last Touch
CU010916,Google Ads,1339.33,Last Touch
CU010917,LinkedIn Ads,605.16,Last Touch
CU010918,LinkedIn Ads,274.69,Last Touch
CU010919,Organic Search,990.8,Last Touch
CU010920,Referral,228.13,Last Touch
CU010921,Organic Search,4648.02,Last Touch
CU010922,LinkedIn Ads,51.36,Last Touch
CU010923,Event,54.7,Last Touch
CU010924,LinkedIn Ads,57.89,Last Touch
CU010925,Google Ads,1074.69,First Touch
CU010926,Outbound,1057.77,Multi-Touch
CU010927,Partner,4536.63,Multi-Touch
CU010928,LinkedIn Ads,240.11,Last Touch
CU010929,LinkedIn Ads,197.76,Last Touch
CU010930,Organic Search,1240.43,Last Touch
CU010931,Partner,1200.59,Last Touch
CU010932,Google Ads,4963.76,Multi-Touch
CU010933,Outbound,998.87,Multi-Touch
CU010934,Google Ads,1097.91,Last Touch
CU010935,Partner,4473.23,Last Touch
CU010936,LinkedIn Ads,269.92,First Touch
CU010937,Partner,1431.13,First Touch
CU010938,Outbound,1324.22,Last Touch
CU010939,Partner,4684.25,Multi-Touch
CU010940,Partner,238.21,First Touch
CU010941,LinkedIn Ads,315.09,Multi-Touch
CU010942,Organic Search,4385.56,Multi-Touch
CU010943,Google Ads,1197.64,First Touch
CU010944,Organic Search,428.38,First Touch
CU010945,Outbound,488.93,First Touch
CU010946,Partner,4685.74,Multi-Touch
CU010947,Outbound,1228.6,Multi-Touch
CU010948,Partner,1259.53,First Touch
CU010949,LinkedIn Ads,1184.1,First Touch
CU010950,Organic Search,936.36,Last Touch
CU010951,Partner,295.02,Last Touch
CU010952,Partner,1185.37,Multi-Touch
CU010953,Referral,1150.98,Last Touch
CU010954,Google Ads,4453.01,Last Touch
CU010955,LinkedIn Ads,4211.84,Last Touch
CU010956,Organic Search,4525.39,First Touch
CU010957,Event,143.37,Last Touch
CU010958,Partner,4465.5,First Touch
CU010959,Outbound,425.66,Last Touch
CU010960,Organic Search,136.26,First Touch
CU010961,Referral,4603.47,Last Touch
CU010962,Referral,1237.02,Last Touch
CU010963,Outbound,463.43,First Touch
CU010964,Organic Search,785.27,First Touch
CU010965,Outbound,4243.8,Multi-Touch
CU010966,Google Ads,4315.12,Last Touch
CU010967,Google Ads,770.83,Last Touch
CU010968,Organic Search,1017.61,First Touch
CU010969,LinkedIn Ads,1307.32,Last Touch
CU010970,Partner,331.73,Multi-Touch
CU010971,Google Ads,885.0,First Touch
CU010972,Outbound,276.21,Last Touch
CU010973,Outbound,194.76,Multi-Touch
CU010974,Referral,4508.88,First Touch
CU010975,Partner,4349.53,Last Touch
CU010976,Event,375.03,Multi-Touch
CU010977,Outbound,4113.48,Multi-Touch
CU010978,Event,359.2,Last Touch
CU010979,Partner,181.14,First Touch
CU010980,Event,4713.15,Last Touch
CU010981,Google Ads,1195.11,Last Touch
CU010982,Organic Search,4291.23,First Touch
CU010983,Event,1065.93,First Touch
CU010984,LinkedIn Ads,251.41,Last Touch
CU010985,Outbound,1231.46,Multi-Touch
CU010986,Partner,341.34,First Touch
CU010987,Organic Search,411.95,Multi-Touch
CU010988,Referral,541.01,First Touch
CU010989,LinkedIn Ads,330.82,First Touch
CU010990,Referral,4385.36,Last Touch
CU010991,LinkedIn Ads,1327.74,Last Touch
CU010992,Partner,475.8,Last Touch
CU010993,Organic Search,544.63,First Touch
CU010994,Partner,4540.09,Multi-Touch
CU010995,Outbound,4530.04,First Touch
CU010996,LinkedIn Ads,372.14,Multi-Touch
CU010997,Organic Search,4388.37,First Touch
CU010998,Google Ads,1434.56,Multi-Touch
CU010999,Event,4829.8,First Touch
CU011000,Outbound,486.42,Last Touch
CU011001,Referral,1078.65,First Touch
CU011002,Referral,4423.24,Last Touch
CU011003,Partner,918.01,Last Touch
CU011004,Partner,293.46,Last Touch
CU011005,Organic Search,967.38,Multi-Touch
CU011006,Partner,598.53,Multi-Touch
CU011007,Google Ads,4663.0,First Touch
CU011008,Organic Search,4886.96,Last Touch
CU011009,Google Ads,4049.71,Last Touch
CU011010,Outbound,1054.11,Last Touch
CU011011,Google Ads,1223.21,First Touch
CU011012,Organic Search,842.65,Multi-Touch
CU011013,Event,4715.53,First Touch
CU011014,Event,93.71,Multi-Touch
CU011015,Google Ads,1902.61,Last Touch
CU011016,Google Ads,1133.36,Multi-Touch
CU011017,Referral,416.67,Last Touch
CU011018,Referral,1459.68,Last Touch
CU011019,Google Ads,1350.23,First Touch
CU011020,Outbound,358.85,First Touch
CU011021,Referral,179.58,Multi-Touch
CU011022,Organic Search,356.62,First Touch
CU011023,Partner,318.58,Last Touch
CU011024,Event,966.27,Multi-Touch
CU011025,Google Ads,195.54,Multi-Touch
CU011026,Event,4588.6,Last Touch
CU011027,Event,4662.46,Last Touch
CU011028,Partner,4601.29,Last Touch
CU011029,Event,4448.02,First Touch
CU011030,Organic Search,371.05,First Touch
CU011031,Google Ads,407.2,Last Touch
CU011032,Partner,1290.02,Last Touch
CU011033,Organic Search,4151.72,Multi-Touch
CU011034,Organic Search,4314.86,Multi-Touch
CU011035,LinkedIn Ads,560.46,Last Touch
CU011036,LinkedIn Ads,1167.37,Last Touch
CU011037,Outbound,4624.17,Last Touch
CU011038,Referral,4696.39,Multi-Touch
CU011039,Google Ads,4651.1,First Touch
CU011040,Event,236.25,First Touch
CU011041,Organic Search,673.42,Last Touch
CU011042,Event,4355.66,First Touch
CU011043,LinkedIn Ads,4660.49,Multi-Touch
CU011044,Event,1130.27,Last Touch
CU011045,Event,4398.49,Multi-Touch
CU011046,Event,1250.32,First Touch
CU011047,Partner,327.76,First Touch
CU011048,Google Ads,4735.64,Last Touch
CU011049,Referral,109.51,Last Touch
CU011050,Google Ads,431.16,First Touch
CU011051,Outbound,132.11,Last Touch
CU011052,Google Ads,1187.45,First Touch
CU011053,Organic Search,342.31,Last Touch
CU011054,Event,326.81,Multi-Touch
CU011055,Referral,424.61,Multi-Touch
CU011056,Event,1323.09,Last Touch
CU011057,LinkedIn Ads,1045.13,First Touch
CU011058,Organic Search,1139.22,First Touch
CU011059,Partner,414.44,Last Touch
CU011060,LinkedIn Ads,225.24,Last Touch
CU011061,Google Ads,1561.14,First Touch
CU011062,Outbound,1051.35,Last Touch
CU011063,LinkedIn Ads,173.0,First Touch
CU011064,Organic Search,4538.32,Multi-Touch
CU011065,LinkedIn Ads,169.77,First Touch
CU011066,Outbound,195.92,Last Touch
CU011067,Google Ads,4057.96,First Touch
CU011068,Outbound,289.33,First Touch
CU011069,Organic Search,910.24,First Touch
CU011070,Google Ads,1618.73,Multi-Touch
CU011071,Referral,659.87,First Touch
CU011072,Google Ads,485.88,Last Touch
CU011073,LinkedIn Ads,394.61,Last Touch
CU011074,Organic Search,163.64,Multi-Touch
CU011075,Organic Search,1151.43,First Touch
CU011076,Organic Search,1344.83,Multi-Touch
CU011077,Outbound,1447.8,First Touch
CU011078,LinkedIn Ads,4793.89,Last Touch
CU011079,Organic Search,4484.61,First Touch
CU011080,Partner,4589.59,Last Touch
CU011081,LinkedIn Ads,590.67,First Touch
CU011082,Event,326.28,First Touch
CU011083,Partner,905.01,Last Touch
CU011084,Outbound,1054.47,Multi-Touch
CU011085,Outbound,376.61,Last Touch
CU011086,Referral,666.91,First Touch
CU011087,Google Ads,291.3,Multi-Touch
CU011088,Event,174.9,Last Touch
CU011089,LinkedIn Ads,1125.02,Multi-Touch
CU011090,Referral,1150.15,First Touch
CU011091,LinkedIn Ads,1043.88,First Touch
CU011092,Google Ads,1286.24,Multi-Touch
CU011093,Referral,983.7,Last Touch
CU011094,Outbound,1134.86,Last Touch
CU011095,Referral,35.16,Last Touch
CU011096,Outbound,1269.72,Last Touch
CU011097,Google Ads,4508.81,First Touch
CU011098,LinkedIn Ads,334.05,Last Touch
CU011099,Organic Search,4589.26,First Touch
CU011100,Referral,295.78,First Touch
CU011101,Google Ads,4535.86,Last Touch
CU011102,Outbound,4323.29,First Touch
CU011103,Outbound,4521.65,Last Touch
CU011104,LinkedIn Ads,1089.54,First Touch
CU011105,LinkedIn Ads,456.2,Multi-Touch
CU011106,Google Ads,4620.11,Last Touch
CU011107,Outbound,4546.7,Multi-Touch
CU011108,Event,158.04,Multi-Touch
CU011109,Google Ads,1081.3,Last Touch
CU011110,Organic Search,148.39,Multi-Touch
CU011111,LinkedIn Ads,173.5,Multi-Touch
CU011112,Partner,564.97,Multi-Touch
CU011113,Organic Search,4385.63,Last Touch
CU011114,LinkedIn Ads,4630.78,Multi-Touch
CU011115,Organic Search,1055.25,Multi-Touch
CU011116,LinkedIn Ads,4391.31,Multi-Touch
CU011117,Partner,658.24,First Touch
CU011118,LinkedIn Ads,1165.5,First Touch
CU011119,LinkedIn Ads,1390.1,Last Touch
CU011120,Organic Search,1266.08,First Touch
CU011121,Event,1111.88,Last Touch
CU011122,Google Ads,404.15,Multi-Touch
CU011123,Partner,4303.43,Last Touch
CU011124,Event,1146.88,Multi-Touch
CU011125,LinkedIn Ads,316.92,Multi-Touch
CU011126,Referral,613.32,First Touch
CU011127,Event,1111.36,Multi-Touch
CU011128,Google Ads,117.64,First Touch
CU011129,Outbound,1107.3,First Touch
CU011130,Google Ads,294.13,Multi-Touch
CU011131,LinkedIn Ads,897.56,Multi-Touch
CU011132,Event,1343.86,First Touch
CU011133,Google Ads,4729.73,Multi-Touch
CU011134,LinkedIn Ads,456.94,First Touch
CU011135,Organic Search,445.78,Last Touch
CU011136,Google Ads,4683.85,First Touch
CU011137,Referral,1626.34,Multi-Touch
CU011138,Google Ads,1177.75,Last Touch
CU011139,Organic Search,1494.23,Last Touch
CU011140,Partner,1640.28,First Touch
CU011141,LinkedIn Ads,4948.18,Last Touch
CU011142,Google Ads,4244.24,First Touch
CU011143,Event,671.79,Last Touch
CU011144,Organic Search,443.41,Multi-Touch
CU011145,Google Ads,1464.9,First Touch
CU011146,Referral,1335.75,Multi-Touch
CU011147,Partner,1225.03,Last Touch
CU011148,LinkedIn Ads,1526.0,Multi-Touch
CU011149,Organic Search,1176.75,Last Touch
CU011150,Organic Search,4201.59,First Touch
CU011151,Referral,4462.77,Multi-Touch
CU011152,Partner,1298.39,Last Touch
CU011153,Outbound,4655.27,First Touch
CU011154,LinkedIn Ads,1246.89,Last Touch
CU011155,Event,4569.69,First Touch
CU011156,Organic Search,541.41,Last Touch
CU011157,Event,1079.24,Last Touch
CU011158,LinkedIn Ads,3941.54,First Touch
CU011159,LinkedIn Ads,4466.22,Multi-Touch
CU011160,Referral,999.68,Multi-Touch
CU011161,Organic Search,1221.51,Last Touch
CU011162,LinkedIn Ads,401.37,Last Touch
CU011163,Organic Search,1251.42,Multi-Touch
CU011164,Organic Search,1698.83,Multi-Touch
CU011165,LinkedIn Ads,625.1,First Touch
CU011166,Organic Search,367.49,First Touch
CU011167,LinkedIn Ads,4432.13,Multi-Touch
CU011168,Google Ads,4394.61,Multi-Touch
CU011169,Outbound,1457.97,Last Touch
CU011170,Organic Search,18.4,First Touch
CU011171,Event,4396.22,Multi-Touch
CU011172,Partner,4404.03,Last Touch
CU011173,Referral,1103.46,Last Touch
CU011174,Partner,4553.88,First Touch
CU011175,Google Ads,383.92,Multi-Touch
CU011176,Organic Search,297.91,First Touch
CU011177,Partner,1142.09,Multi-Touch
CU011178,LinkedIn Ads,1202.49,First Touch
CU011179,Partner,279.44,First Touch
CU011180,Outbound,1020.02,Multi-Touch
CU011181,Event,623.8,Last Touch
CU011182,Partner,4412.55,Multi-Touch
CU011183,Referral,510.88,First Touch
CU011184,Outbound,4527.26,Multi-Touch
CU011185,Organic Search,4705.61,Last Touch
CU011186,Google Ads,1198.17,Multi-Touch
CU011187,Referral,4630.99,Last Touch
CU011188,Partner,469.44,Multi-Touch
CU011189,Organic Search,1331.31,Last Touch
CU011190,Event,4939.57,Multi-Touch
CU011191,Organic Search,505.78,Multi-Touch
CU011192,Event,1538.14,Multi-Touch
CU011193,Referral,4286.6,First Touch
CU011194,Outbound,95.64,Last Touch
CU011195,Referral,904.73,Last Touch
CU011196,Organic Search,722.67,First Touch
CU011197,Organic Search,49.62,Multi-Touch
CU011198,Event,622.95,Last Touch
CU011199,Outbound,1236.52,Multi-Touch
CU011200,Outbound,4771.17,Last Touch
CU011201,LinkedIn Ads,776.73,First Touch
CU011202,Event,1037.65,Multi-Touch
CU011203,Partner,4452.31,First Touch
CU011204,Referral,702.32,Last Touch
CU011205,Outbound,336.86,First Touch
CU011206,Partner,312.59,Multi-Touch
CU011207,LinkedIn Ads,4313.16,Multi-Touch
CU011208,Organic Search,1129.54,Multi-Touch
CU011209,Referral,134.87,Last Touch
CU011210,Referral,4911.78,Last Touch
CU011211,Organic Search,13.29,Last Touch
CU011212,Google Ads,1271.46,First Touch
CU011213,Organic Search,4201.43,Multi-Touch
CU011214,Referral,4554.35,Last Touch
CU011215,Outbound,145.17,Last Touch
CU011216,LinkedIn Ads,101.3,Multi-Touch
CU011217,Event,5.5,Multi-Touch
CU011218,Event,1294.64,First Touch
CU011219,Referral,776.95,Multi-Touch
CU011220,Outbound,1185.1,First Touch
CU011221,Organic Search,1132.65,First Touch
CU011222,Google Ads,278.6,First Touch
CU011223,LinkedIn Ads,4668.63,First Touch
CU011224,Partner,4393.07,Multi-Touch
CU011225,Organic Search,144.81,Last Touch
CU011226,Outbound,181.1,Multi-Touch
CU011227,Referral,61.95,Last Touch
CU011228,Event,4433.84,Last Touch
CU011229,Google Ads,295.04,Last Touch
CU011230,LinkedIn Ads,619.06,First Touch
CU011231,LinkedIn Ads,4525.27,Multi-Touch
CU011232,Partner,392.06,Last Touch
CU011233,Outbound,4598.77,First Touch
CU011234,LinkedIn Ads,1079.25,Multi-Touch
CU011235,Partner,344.09,First Touch
CU011236,LinkedIn Ads,488.17,Multi-Touch
CU011237,Outbound,1346.41,Last Touch
CU011238,Referral,1070.71,Multi-Touch
CU011239,LinkedIn Ads,257.33,Last Touch
CU011240,Referral,6.24,First Touch
CU011241,Outbound,94.2,Last Touch
CU011242,LinkedIn Ads,4524.39,Last Touch
CU011243,Partner,4148.9,Last Touch
CU011244,Event,1330.86,Multi-Touch
CU011245,Referral,4418.6,First Touch
CU011246,Outbound,4253.66,Multi-Touch
CU011247,Referral,1099.29,First Touch
CU011248,Google Ads,4599.28,Last Touch
CU011249,LinkedIn Ads,4358.38,First Touch
CU011250,Partner,458.03,Multi-Touch
CU011251,Google Ads,839.36,Multi-Touch
CU011252,Referral,145.87,First Touch
CU011253,Event,556.86,Last Touch
CU011254,LinkedIn Ads,1286.04,First Touch
CU011255,Outbound,1205.89,Multi-Touch
CU011256,Partner,39.3,Multi-Touch
CU011257,Organic Search,671.4,Last Touch
CU011258,Google Ads,4455.83,Last Touch
CU011259,Organic Search,832.16,First Touch
CU011260,Outbound,1022.72,First Touch
CU011261,Partner,4401.8,Multi-Touch
CU011262,Partner,605.0,Last Touch
CU011263,Referral,1204.08,First Touch
CU011264,Organic Search,1055.19,Multi-Touch
CU011265,Referral,306.79,Last Touch
CU011266,Outbound,4662.36,First Touch
CU011267,Organic Search,4232.47,Multi-Touch
CU011268,Event,1254.46,First Touch
CU011269,Organic Search,1189.6,Last Touch
CU011270,Referral,1231.43,First Touch
CU011271,Partner,1273.03,Last Touch
CU011272,Google Ads,924.39,First Touch
CU011273,Referral,535.28,First Touch
CU011274,Referral,4453.74,First Touch
CU011275,Referral,1084.65,Multi-Touch
CU011276,LinkedIn Ads,1226.0,Multi-Touch
CU011277,Referral,4436.3,First Touch
CU011278,Organic Search,537.06,Multi-Touch
CU011279,Referral,4411.22,Last Touch
CU011280,LinkedIn Ads,246.7,Multi-Touch
CU011281,LinkedIn Ads,154.19,Multi-Touch
CU011282,Referral,4339.74,First Touch
CU011283,Partner,274.66,Multi-Touch
CU011284,Organic Search,1087.2,Multi-Touch
CU011285,Outbound,991.39,First Touch
CU011286,Event,415.1,First Touch
CU011287,Referral,206.1,First Touch
CU011288,Referral,4504.13,First Touch
CU011289,LinkedIn Ads,69.84,First Touch
CU011290,Partner,4416.69,First Touch
CU011291,Organic Search,1069.55,First Touch
CU011292,Organic Search,1123.7,Multi-Touch
CU011293,Event,278.85,Multi-Touch
CU011294,Google Ads,28.47,Multi-Touch
CU011295,Referral,4568.49,First Touch
CU011296,LinkedIn Ads,57.46,First Touch
CU011297,Google Ads,270.64,Multi-Touch
CU011298,LinkedIn Ads,269.3,First Touch
CU011299,Event,4215.95,Multi-Touch
CU011300,LinkedIn Ads,1137.52,Multi-Touch
CU011301,Partner,4180.79,First Touch
CU011302,Partner,1191.77,First Touch
CU011303,Outbound,377.38,Multi-Touch
CU011304,Outbound,390.48,Multi-Touch
CU011305,Google Ads,1366.03,First Touch
CU011306,Partner,4472.79,First Touch
CU011307,Event,4419.41,First Touch
CU011308,Partner,1468.0,First Touch
CU011309,Event,4931.77,First Touch
CU011310,Organic Search,4481.76,Last Touch
CU011311,Google Ads,508.51,Last Touch
CU011312,Referral,841.55,Last Touch
CU011313,Organic Search,1542.23,Last Touch
CU011314,Referral,255.97,Last Touch
CU011315,Referral,419.73,Multi-Touch
CU011316,Organic Search,4774.79,First Touch
CU011317,LinkedIn Ads,1046.95,Last Touch
CU011318,LinkedIn Ads,116.45,Multi-Touch
CU011319,Partner,369.53,Multi-Touch
CU011320,LinkedIn Ads,1562.79,Multi-Touch
CU011321,Organic Search,270.91,Multi-Touch
CU011322,Organic Search,1248.26,First Touch
CU011323,Outbound,4673.37,First Touch
CU011324,Google Ads,4461.48,Multi-Touch
CU011325,Event,4884.99,First Touch
CU011326,LinkedIn Ads,822.84,Last Touch
CU011327,Partner,4470.99,Last Touch
CU011328,Event,4337.15,Last Touch
CU011329,Event,4305.11,Multi-Touch
CU011330,Google Ads,4891.47,First Touch
CU011331,Event,647.31,Multi-Touch
CU011332,Referral,1109.62,First Touch
CU011333,Google Ads,4235.47,Multi-Touch
CU011334,Organic Search,275.25,Multi-Touch
CU011335,Organic Search,1275.35,Last Touch
CU011336,Organic Search,290.71,First Touch
CU011337,Organic Search,1539.43,Last Touch
CU011338,LinkedIn Ads,1164.29,Last Touch
CU011339,Google Ads,1294.85,Last Touch
CU011340,Referral,1346.57,Multi-Touch
CU011341,Partner,1213.74,Multi-Touch
CU011342,LinkedIn Ads,4013.55,First Touch
CU011343,LinkedIn Ads,1129.28,Multi-Touch
CU011344,Google Ads,4716.92,First Touch
CU011345,Referral,4434.08,Last Touch
CU011346,Outbound,4498.34,Multi-Touch
CU011347,Google Ads,1253.79,Multi-Touch
CU011348,Google Ads,225.21,First Touch
CU011349,Referral,626.95,Multi-Touch
CU011350,Referral,1074.52,Multi-Touch
CU011351,Organic Search,1056.38,First Touch
CU011352,Google Ads,1092.95,Last Touch
CU011353,Google Ads,441.99,Last Touch
CU011354,Event,33.16,Last Touch
CU011355,LinkedIn Ads,1625.38,Last Touch
CU011356,Outbound,25.34,Multi-Touch
CU011357,Event,714.22,First Touch
CU011358,Organic Search,4358.65,First Touch
CU011359,Outbound,4415.55,First Touch
CU011360,Partner,1654.67,Multi-Touch
CU011361,Event,1245.13,Last Touch
CU011362,Event,4444.06,First Touch
CU011363,Referral,302.89,Multi-Touch
CU011364,Event,4598.81,Multi-Touch
CU011365,Referral,4328.22,Last Touch
CU011366,Outbound,4436.82,Last Touch
CU011367,Google Ads,4500.01,Multi-Touch
CU011368,Organic Search,1245.21,Last Touch
CU011369,Outbound,118.61,Multi-Touch
CU011370,Organic Search,4623.44,Last Touch
CU011371,Outbound,233.02,Multi-Touch
CU011372,LinkedIn Ads,538.28,Last Touch
CU011373,Outbound,1208.92,First Touch
CU011374,LinkedIn Ads,4765.32,Last Touch
CU011375,Event,1308.67,Last Touch
CU011376,Google Ads,1167.87,Multi-Touch
CU011377,Organic Search,1141.07,First Touch
CU011378,Event,1075.58,First Touch
CU011379,Outbound,1700.52,First Touch
CU011380,Google Ads,529.47,Multi-Touch
CU011381,Referral,242.63,Last Touch
CU011382,Partner,1235.12,Last Touch
CU011383,Referral,965.57,First Touch
CU011384,LinkedIn Ads,4.43,Last Touch
CU011385,Organic Search,550.83,Multi-Touch
CU011386,Organic Search,4077.45,First Touch
CU011387,Outbound,344.71,Multi-Touch
CU011388,Google Ads,1029.21,First Touch
CU011389,Event,1091.01,Multi-Touch
CU011390,Organic Search,5050.46,Multi-Touch
CU011391,Event,4599.97,Last Touch
CU011392,Referral,1198.52,Last Touch
CU011393,Google Ads,1268.34,Last Touch
CU011394,Partner,4644.83,Multi-Touch
CU011395,LinkedIn Ads,4442.04,Last Touch
CU011396,Partner,4681.06,First Touch
CU011397,Outbound,1056.19,Last Touch
CU011398,Referral,1175.54,First Touch
CU011399,Organic Search,4371.7,Multi-Touch
CU011400,Partner,4416.69,Last Touch
CU011401,Partner,321.69,Multi-Touch
CU011402,Organic Search,4741.03,Multi-Touch
CU011403,Referral,4466.07,Last Touch
CU011404,Partner,332.99,First Touch
CU011405,Organic Search,255.72,Multi-Touch
CU011406,Organic Search,275.34,First Touch
CU011407,LinkedIn Ads,4634.61,Last Touch
CU011408,Outbound,898.63,Last Touch
CU011409,Google Ads,1284.45,Last Touch
CU011410,Organic Search,4745.31,Multi-Touch
CU011411,Referral,4469.72,Last Touch
CU011412,Referral,1279.67,Last Touch
CU011413,Event,622.55,Multi-Touch
CU011414,Outbound,4500.77,Multi-Touch
CU011415,Partner,633.9,First Touch
CU011416,Event,947.86,Last Touch
CU011417,Organic Search,255.57,Multi-Touch
CU011418,Outbound,128.42,Last Touch
CU011419,Google Ads,358.95,Last Touch
CU011420,Outbound,1269.4,Multi-Touch
CU011421,Organic Search,333.35,Multi-Touch
CU011422,Outbound,4681.11,Last Touch
CU011423,Event,866.32,First Touch
CU011424,Event,4381.56,Last Touch
CU011425,LinkedIn Ads,280.04,Last Touch
CU011426,LinkedIn Ads,569.32,Last Touch
CU011427,Partner,4451.06,Last Touch
CU011428,Referral,934.83,Last Touch
CU011429,Google Ads,4705.11,Multi-Touch
CU011430,Partner,447.58,Multi-Touch
CU011431,Google Ads,4752.84,Last Touch
CU011432,Organic Search,4611.03,Multi-Touch
CU011433,Organic Search,4307.49,First Touch
CU011434,Referral,1158.39,First Touch
CU011435,Outbound,971.85,First Touch
CU011436,Referral,1289.02,First Touch
CU011437,LinkedIn Ads,83.65,Last Touch
CU011438,Google Ads,1081.76,First Touch
CU011439,LinkedIn Ads,1134.34,Last Touch
CU011440,Outbound,4385.0,First Touch
CU011441,Partner,262.15,Last Touch
CU011442,Organic Search,1410.73,First Touch
CU011443,Partner,488.73,Multi-Touch
CU011444,LinkedIn Ads,654.35,First Touch
CU011445,Google Ads,808.14,Multi-Touch
CU011446,Organic Search,1177.0,Last Touch
CU011447,LinkedIn Ads,4620.4,Last Touch
CU011448,LinkedIn Ads,261.23,First Touch
CU011449,Referral,4556.81,Multi-Touch
CU011450,Google Ads,716.46,Last Touch
CU011451,Google Ads,533.99,Multi-Touch
CU011452,Organic Search,4222.78,Last Touch
CU011453,Referral,665.67,First Touch
CU011454,LinkedIn Ads,109.97,Multi-Touch
CU011455,Event,1392.98,Last Touch
CU011456,Referral,1106.43,Last Touch
CU011457,Partner,4489.48,Last Touch
CU011458,Partner,4341.52,Multi-Touch
CU011459,LinkedIn Ads,550.32,Multi-Touch
CU011460,Organic Search,281.64,Multi-Touch
CU011461,Event,4148.48,First Touch
CU011462,Google Ads,964.44,Last Touch
CU011463,LinkedIn Ads,123.3,Last Touch
CU011464,Outbound,944.25,Multi-Touch
CU011465,Google Ads,828.96,First Touch
CU011466,Organic Search,1476.16,Multi-Touch
CU011467,Partner,69.02,Multi-Touch
CU011468,Referral,4650.09,Last Touch
CU011469,Partner,4530.44,Last Touch
CU011470,Outbound,4416.52,First Touch
CU011471,LinkedIn Ads,1391.39,First Touch
CU011472,Organic Search,1251.59,Multi-Touch
CU011473,Referral,52.29,Last Touch
CU011474,Outbound,594.26,First Touch
CU011475,Google Ads,4565.42,Last Touch
CU011476,Google Ads,1463.94,Last Touch
CU011477,Partner,193.63,First Touch
CU011478,Event,4331.86,Last Touch
CU011479,Organic Search,446.68,First Touch
CU011480,Referral,4662.48,First Touch
CU011481,LinkedIn Ads,1209.7,Last Touch
CU011482,Referral,297.59,Multi-Touch
CU011483,Outbound,233.95,Last Touch
CU011484,Referral,4322.61,First Touch
CU011485,Google Ads,887.89,First Touch
CU011486,Event,1523.08,Last Touch
CU011487,Referral,903.38,First Touch
CU011488,Partner,397.14,First Touch
CU011489,LinkedIn Ads,1371.85,First Touch
CU011490,LinkedIn Ads,1217.42,Last Touch
CU011491,Referral,410.93,Multi-Touch
CU011492,Partner,4712.2,Last Touch
CU011493,Outbound,1121.29,Multi-Touch
CU011494,Google Ads,1405.09,First Touch
CU011495,Google Ads,4914.48,First Touch
CU011496,Event,4424.89,Multi-Touch
CU011497,Partner,4347.34,Multi-Touch
CU011498,Event,1180.74,Multi-Touch
CU011499,LinkedIn Ads,4566.84,Multi-Touch
CU011500,Referral,1316.63,Multi-Touch
CU011501,Event,4329.27,Last Touch
CU011502,Referral,4814.03,Multi-Touch
CU011503,Outbound,4443.2,First Touch
CU011504,Outbound,4554.22,First Touch
CU011505,Referral,4386.27,First Touch
CU011506,Organic Search,570.54,First Touch
CU011507,Referral,343.99,Last Touch
CU011508,Outbound,4246.87,Multi-Touch
CU011509,Partner,1199.34,Last Touch
CU011510,Outbound,1641.51,Multi-Touch
CU011511,Partner,212.76,First Touch
CU011512,Organic Search,1246.88,Last Touch
CU011513,Event,454.37,First Touch
CU011514,Organic Search,962.69,Multi-Touch
CU011515,Outbound,1182.24,Last Touch
CU011516,Event,185.18,First Touch
CU011517,LinkedIn Ads,486.51,Last Touch
CU011518,Partner,310.76,Last Touch
CU011519,LinkedIn Ads,366.09,Last Touch
CU011520,LinkedIn Ads,1345.47,First Touch
CU011521,Referral,754.62,First Touch
CU011522,Organic Search,655.46,Multi-Touch
CU011523,Partner,1314.07,Multi-Touch
CU011524,Google Ads,140.97,Last Touch
CU011525,Event,1343.35,Last Touch
CU011526,Outbound,4420.54,Last Touch
CU011527,Event,1442.99,Multi-Touch
CU011528,Google Ads,4311.51,Last Touch
CU011529,LinkedIn Ads,4322.21,Multi-Touch
CU011530,Partner,4565.25,Multi-Touch
CU011531,LinkedIn Ads,4536.01,Last Touch
CU011532,Outbound,1290.86,Last Touch
CU011533,Referral,1571.23,First Touch
CU011534,Event,4718.01,Last Touch
CU011535,Referral,998.16,First Touch
CU011536,Organic Search,1334.9,Last Touch
CU011537,Referral,1046.48,First Touch
CU011538,Google Ads,4534.98,First Touch
CU011539,Event,1223.47,Last Touch
CU011540,Outbound,1135.33,Last Touch
CU011541,Partner,1307.08,Multi-Touch
CU011542,LinkedIn Ads,270.28,Last Touch
CU011543,LinkedIn Ads,703.98,First Touch
CU011544,Google Ads,506.09,Last Touch
CU011545,Event,1414.64,First Touch
CU011546,Partner,4543.8,Last Touch
CU011547,Referral,4699.45,First Touch
CU011548,Event,4442.53,Multi-Touch
CU011549,Referral,342.95,First Touch
CU011550,Event,959.77,Last Touch
CU011551,Referral,4351.27,Multi-Touch
CU011552,Referral,141.21,Last Touch
CU011553,LinkedIn Ads,493.17,Multi-Touch
CU011554,Partner,4507.38,Last Touch
CU011555,Outbound,954.35,Last Touch
CU011556,Partner,1120.65,First Touch
CU011557,LinkedIn Ads,578.17,Multi-Touch
CU011558,LinkedIn Ads,1256.0,Multi-Touch
CU011559,LinkedIn Ads,4641.79,Multi-Touch
CU011560,Partner,396.73,Last Touch
CU011561,LinkedIn Ads,339.21,First Touch
CU011562,Google Ads,488.49,Last Touch
CU011563,Outbound,307.68,Last Touch
CU011564,Outbound,1354.12,Multi-Touch
CU011565,Event,4667.58,Multi-Touch
CU011566,Organic Search,272.54,Last Touch
CU011567,Outbound,1092.12,First Touch
CU011568,Event,868.81,First Touch
CU011569,Referral,376.72,First Touch
CU011570,Referral,1195.58,First Touch
CU011571,Google Ads,4576.07,First Touch
CU011572,Organic Search,407.49,Last Touch
CU011573,Referral,517.06,First Touch
CU011574,Referral,4492.63,Last Touch
CU011575,Event,333.85,First Touch
CU011576,Organic Search,901.4,Last Touch
CU011577,Referral,173.86,First Touch
CU011578,Organic Search,4496.68,First Touch
CU011579,Partner,4395.59,Last Touch
CU011580,Organic Search,4357.28,First Touch
CU011581,Event,4575.89,First Touch
CU011582,Outbound,785.1,First Touch
CU011583,LinkedIn Ads,4141.19,First Touch
CU011584,Organic Search,1121.28,Multi-Touch
CU011585,LinkedIn Ads,817.77,Multi-Touch
CU011586,Partner,1222.01,Multi-Touch
CU011587,Google Ads,1202.21,First Touch
CU011588,LinkedIn Ads,265.83,Last Touch
CU011589,Event,500.41,First Touch
CU011590,Referral,1157.96,Multi-Touch
CU011591,Referral,143.98,Multi-Touch
CU011592,Event,4197.05,Multi-Touch
CU011593,Referral,403.4,Multi-Touch
CU011594,Partner,4605.79,Last Touch
CU011595,Partner,4426.1,Last Touch
CU011596,Outbound,4715.29,Last Touch
CU011597,Outbound,1182.3,First Touch
CU011598,Organic Search,4215.25,First Touch
CU011599,Google Ads,4440.18,First Touch
CU011600,LinkedIn Ads,1369.09,Last Touch
CU011601,Event,1369.16,First Touch
CU011602,Event,1332.17,Multi-Touch
CU011603,LinkedIn Ads,923.6,Last Touch
CU011604,LinkedIn Ads,4665.13,Last Touch
CU011605,Outbound,4443.34,First Touch
CU011606,Google Ads,1180.64,Multi-Touch
CU011607,Event,4562.65,Last Touch
CU011608,Referral,876.08,First Touch
CU011609,Outbound,1101.05,Multi-Touch
CU011610,Outbound,311.19,First Touch
CU011611,LinkedIn Ads,1426.7,Multi-Touch
CU011612,Partner,4709.59,Last Touch
CU011613,Partner,1308.56,First Touch
CU011614,Event,999.61,Last Touch
CU011615,Organic Search,1257.13,First Touch
CU011616,Event,1201.15,First Touch
CU011617,Referral,4436.18,Multi-Touch
CU011618,Event,203.37,Multi-Touch
CU011619,Event,1141.24,First Touch
CU011620,Event,4482.91,Multi-Touch
CU011621,Referral,1220.85,Multi-Touch
CU011622,Referral,4717.35,First Touch
CU011623,LinkedIn Ads,469.57,First Touch
CU011624,Partner,1335.62,Last Touch
CU011625,Outbound,4197.73,Multi-Touch
CU011626,Partner,785.59,Multi-Touch
CU011627,Event,15.89,Multi-Touch
CU011628,Outbound,878.85,Multi-Touch
CU011629,Google Ads,600.63,Multi-Touch
CU011630,Partner,328.47,Multi-Touch
CU011631,Referral,4163.58,First Touch
CU011632,Referral,1437.18,First Touch
CU011633,Referral,1329.81,Last Touch
CU011634,Partner,1385.74,First Touch
CU011635,LinkedIn Ads,1592.4,Last Touch
CU011636,Google Ads,4675.56,Last Touch
CU011637,Outbound,972.1,First Touch
CU011638,Event,512.44,First Touch
CU011639,Google Ads,4396.01,Multi-Touch
CU011640,Organic Search,4329.36,Multi-Touch
CU011641,Event,1267.57,First Touch
CU011642,Google Ads,4627.25,Last Touch
CU011643,Google Ads,4794.58,Multi-Touch
CU011644,Partner,74.82,Multi-Touch
CU011645,Outbound,114.69,First Touch
CU011646,Google Ads,4929.68,Multi-Touch
CU011647,Organic Search,498.58,First Touch
CU011648,LinkedIn Ads,44.72,Multi-Touch
CU011649,Google Ads,1273.66,Multi-Touch
CU011650,Referral,186.06,First Touch
CU011651,Partner,1396.35,Last Touch
CU011652,Outbound,1238.5,First Touch
CU011653,Organic Search,1138.58,First Touch
CU011654,Event,4599.21,Last Touch
CU011655,LinkedIn Ads,989.36,Last Touch
CU011656,Event,16.09,Multi-Touch
CU011657,Partner,152.17,First Touch
CU011658,Google Ads,4420.89,First Touch
CU011659,Referral,4831.09,Multi-Touch
CU011660,Partner,1324.86,Last Touch
CU011661,Google Ads,263.99,Multi-Touch
CU011662,Outbound,4815.62,Multi-Touch
CU011663,Event,931.29,Multi-Touch
CU011664,Partner,1254.17,Last Touch
CU011665,LinkedIn Ads,1181.65,Last Touch
CU011666,Google Ads,4681.6,First Touch
CU011667,Outbound,4421.46,First Touch
CU011668,Google Ads,164.44,Multi-Touch
CU011669,Organic Search,4115.91,Last Touch
CU011670,Referral,1046.16,Last Touch
CU011671,Referral,4397.99,First Touch
CU011672,Organic Search,834.81,First Touch
CU011673,LinkedIn Ads,598.73,First Touch
CU011674,Referral,131.67,Last Touch
CU011675,Partner,957.62,Last Touch
CU011676,Google Ads,107.49,First Touch
CU011677,Outbound,711.61,Multi-Touch
CU011678,LinkedIn Ads,378.43,Last Touch
CU011679,LinkedIn Ads,4415.0,First Touch
CU011680,Referral,397.58,Last Touch
CU011681,Partner,4872.98,Last Touch
CU011682,Google Ads,111.48,Multi-Touch
CU011683,Outbound,584.9,First Touch
CU011684,Partner,1178.63,Last Touch
CU011685,LinkedIn Ads,1469.69,Last Touch
CU011686,Outbound,4519.07,Multi-Touch
CU011687,Google Ads,4341.62,Last Touch
CU011688,LinkedIn Ads,681.43,Last Touch
CU011689,Organic Search,730.31,Multi-Touch
CU011690,Organic Search,147.01,First Touch
CU011691,Event,729.57,First Touch
CU011692,Outbound,1399.68,Last Touch
CU011693,Referral,3991.97,Multi-Touch
CU011694,Outbound,429.79,First Touch
CU011695,Google Ads,249.2,Last Touch
CU011696,Partner,541.45,Multi-Touch
CU011697,Google Ads,4228.96,First Touch
CU011698,Partner,4480.52,Last Touch
CU011699,Organic Search,573.9,Multi-Touch
CU011700,Partner,5125.91,Multi-Touch
CU011701,LinkedIn Ads,4520.15,Multi-Touch
CU011702,Google Ads,4611.05,Multi-Touch
CU011703,Partner,273.63,First Touch
CU011704,Outbound,57.14,Last Touch
CU011705,Organic Search,4567.08,Last Touch
CU011706,Partner,510.29,First Touch
CU011707,Referral,4703.85,Multi-Touch
CU011708,Organic Search,191.33,Last Touch
CU011709,Referral,4621.45,Multi-Touch
CU011710,Outbound,226.39,First Touch
CU011711,Event,1453.53,Last Touch
CU011712,Partner,4335.63,Last Touch
CU011713,LinkedIn Ads,1149.77,First Touch
CU011714,Organic Search,331.8,Multi-Touch
CU011715,Organic Search,359.34,Multi-Touch
CU011716,Event,4171.84,Multi-Touch
CU011717,Referral,1269.3,Last Touch
CU011718,Partner,1288.92,Multi-Touch
CU011719,Event,1481.16,First Touch
CU011720,LinkedIn Ads,1102.95,Multi-Touch
CU011721,Event,1270.68,Last Touch
CU011722,Partner,4235.1,Multi-Touch
CU011723,Event,4693.29,Last Touch
CU011724,Partner,4603.67,First Touch
CU011725,Event,143.27,Last Touch
CU011726,Outbound,4345.07,First Touch
CU011727,Partner,1258.97,First Touch
CU011728,Partner,490.54,Multi-Touch
CU011729,Organic Search,692.79,Multi-Touch
CU011730,Partner,4340.09,First Touch
CU011731,Outbound,381.26,Last Touch
CU011732,Google Ads,782.27,Multi-Touch
CU011733,LinkedIn Ads,1383.3,Multi-Touch
CU011734,Referral,1408.63,Multi-Touch
CU011735,Partner,4308.98,Last Touch
CU011736,Referral,4465.69,Last Touch
CU011737,Event,576.72,Multi-Touch
CU011738,Organic Search,1337.14,Multi-Touch
CU011739,Google Ads,4454.4,Last Touch
CU011740,Organic Search,1535.9,First Touch
CU011741,Referral,4537.92,First Touch
CU011742,Event,435.18,Multi-Touch
CU011743,Outbound,1623.11,First Touch
CU011744,Google Ads,4503.64,Multi-Touch
CU011745,Partner,541.84,First Touch
CU011746,LinkedIn Ads,391.87,Multi-Touch
CU011747,Event,1043.32,Multi-Touch
CU011748,LinkedIn Ads,1028.85,First Touch
CU011749,Partner,1260.88,Multi-Touch
CU011750,Event,1295.74,Multi-Touch
CU011751,Google Ads,777.61,Last Touch
CU011752,LinkedIn Ads,516.06,First Touch
CU011753,Outbound,1219.78,First Touch
CU011754,Organic Search,958.65,First Touch
CU011755,Partner,1483.34,Multi-Touch
CU011756,Referral,4123.53,Last Touch
CU011757,Event,11.96,Multi-Touch
CU011758,Outbound,368.06,First Touch
CU011759,Google Ads,4490.49,First Touch
CU011760,Organic Search,4653.45,Last Touch
CU011761,Event,662.79,First Touch
CU011762,Google Ads,204.73,Last Touch
CU011763,Partner,4653.16,First Touch
CU011764,LinkedIn Ads,4543.23,Last Touch
CU011765,Event,4504.84,First Touch
CU011766,Google Ads,4338.77,Multi-Touch
CU011767,Partner,4406.77,First Touch
CU011768,Referral,1364.57,First Touch
CU011769,Google Ads,592.59,Last Touch
CU011770,LinkedIn Ads,1016.33,Last Touch
CU011771,Outbound,1158.68,Multi-Touch
CU011772,Event,4544.09,Multi-Touch
CU011773,Referral,417.24,Last Touch
CU011774,Organic Search,1306.71,Last Touch
CU011775,Partner,212.71,Multi-Touch
CU011776,Organic Search,492.82,Multi-Touch
CU011777,Event,299.43,First Touch
CU011778,Outbound,1331.55,Multi-Touch
CU011779,Google Ads,458.69,Multi-Touch
CU011780,LinkedIn Ads,490.75,Multi-Touch
CU011781,Event,185.53,Last Touch
CU011782,Partner,4864.55,Multi-Touch
CU011783,Partner,4430.58,First Touch
CU011784,Event,1294.91,First Touch
CU011785,Partner,128.88,Multi-Touch
CU011786,Organic Search,1053.97,Last Touch
CU011787,Referral,300.2,Multi-Touch
CU011788,Partner,4615.57,Last Touch
CU011789,Outbound,4830.79,First Touch
CU011790,Event,362.74,Last Touch
CU011791,LinkedIn Ads,4510.87,Multi-Touch
CU011792,LinkedIn Ads,38.19,First Touch
CU011793,LinkedIn Ads,4449.19,Multi-Touch
CU011794,Partner,1222.27,Last Touch
CU011795,Google Ads,4247.89,Multi-Touch
CU011796,Partner,273.42,Multi-Touch
CU011797,Referral,4672.94,First Touch
CU011798,Outbound,337.67,Multi-Touch
CU011799,LinkedIn Ads,1134.94,First Touch
CU011800,Referral,477.94,First Touch
CU011801,Organic Search,1081.71,Multi-Touch
CU011802,Referral,325.3,Last Touch
CU011803,Outbound,360.24,First Touch
CU011804,Event,4635.32,Multi-Touch
CU011805,Outbound,1036.23,First Touch
CU011806,LinkedIn Ads,325.15,Last Touch
CU011807,Referral,4609.25,Multi-Touch
CU011808,Google Ads,235.38,Last Touch
CU011809,LinkedIn Ads,599.05,Multi-Touch
CU011810,Referral,4598.43,First Touch
CU011811,Organic Search,4567.69,First Touch
CU011812,LinkedIn Ads,1116.99,First Touch
CU011813,Organic Search,1223.28,First Touch
CU011814,Referral,907.64,Multi-Touch
CU011815,Organic Search,1167.41,Multi-Touch
CU011816,Google Ads,1443.85,First Touch
CU011817,Event,4643.48,Last Touch
CU011818,Partner,4567.02,First Touch
CU011819,Referral,1404.2,Multi-Touch
CU011820,Google Ads,4378.46,First Touch
CU011821,Organic Search,4304.74,First Touch
CU011822,Event,1270.11,Multi-Touch
CU011823,Google Ads,217.88,First Touch
CU011824,Partner,426.63,Multi-Touch
CU011825,LinkedIn Ads,18.35,Last Touch
CU011826,LinkedIn Ads,1300.72,Last Touch
CU011827,LinkedIn Ads,231.65,First Touch
CU011828,LinkedIn Ads,964.93,First Touch
CU011829,Event,4502.8,Multi-Touch
CU011830,LinkedIn Ads,1190.82,First Touch
CU011831,Organic Search,815.14,Multi-Touch
CU011832,LinkedIn Ads,1330.44,Last Touch
CU011833,Partner,483.47,Last Touch
CU011834,Outbound,1256.77,Last Touch
CU011835,LinkedIn Ads,1077.25,First Touch
CU011836,Organic Search,453.25,Multi-Touch
CU011837,Referral,1172.42,First Touch
CU011838,Referral,4260.83,Multi-Touch
CU011839,Referral,1131.04,Last Touch
CU011840,Referral,3927.56,Last Touch
CU011841,Organic Search,4589.11,First Touch
CU011842,Outbound,227.98,Last Touch
CU011843,Google Ads,1163.47,Last Touch
CU011844,Partner,1147.65,First Touch
CU011845,Event,131.77,Multi-Touch
CU011846,Organic Search,1378.58,Multi-Touch
CU011847,Google Ads,4840.56,First Touch
CU011848,Event,1073.16,Last Touch
CU011849,Outbound,621.22,Multi-Touch
CU011850,Outbound,4248.35,Last Touch
CU011851,Outbound,1197.86,Last Touch
CU011852,Event,4390.89,Last Touch
CU011853,Outbound,1287.71,First Touch
CU011854,LinkedIn Ads,1543.23,Last Touch
CU011855,LinkedIn Ads,1170.48,First Touch
CU011856,Google Ads,128.81,Last Touch
CU011857,Outbound,1333.42,Multi-Touch
CU011858,Event,419.13,Last Touch
CU011859,LinkedIn Ads,1383.0,Multi-Touch
CU011860,Outbound,210.05,Last Touch
CU011861,Event,569.12,Multi-Touch
CU011862,Organic Search,4528.0,First Touch
CU011863,Google Ads,273.32,First Touch
CU011864,LinkedIn Ads,4382.21,Multi-Touch
CU011865,Partner,4170.17,Multi-Touch
CU011866,LinkedIn Ads,4382.17,Multi-Touch
CU011867,Organic Search,1353.16,First Touch
CU011868,Google Ads,912.95,Multi-Touch
CU011869,Partner,4565.74,First Touch
CU011870,LinkedIn Ads,4131.09,Last Touch
CU011871,Event,234.77,Last Touch
CU011872,Outbound,771.63,Multi-Touch
CU011873,Referral,1080.21,Multi-Touch
CU011874,Google Ads,1369.06,Multi-Touch
CU011875,Organic Search,135.34,Last Touch
CU011876,Referral,534.72,Multi-Touch
CU011877,LinkedIn Ads,1038.64,First Touch
CU011878,Organic Search,109.6,Last Touch
CU011879,Google Ads,504.54,Last Touch
CU011880,Event,1699.86,Last Touch
CU011881,Organic Search,519.01,Multi-Touch
CU011882,Outbound,4623.95,Multi-Touch
CU011883,Event,4760.1,Multi-Touch
CU011884,Google Ads,4982.71,Multi-Touch
CU011885,Organic Search,1125.45,First Touch
CU011886,LinkedIn Ads,117.76,Multi-Touch
CU011887,LinkedIn Ads,49.5,Multi-Touch
CU011888,LinkedIn Ads,149.97,Last Touch
CU011889,Organic Search,663.65,Last Touch
CU011890,Event,1523.76,Last Touch
CU011891,Google Ads,410.22,Last Touch
CU011892,Organic Search,684.32,First Touch
CU011893,LinkedIn Ads,1480.59,First Touch
CU011894,Google Ads,308.83,Last Touch
CU011895,Outbound,434.73,Multi-Touch
CU011896,LinkedIn Ads,4519.35,Multi-Touch
CU011897,Organic Search,338.44,First Touch
CU011898,Outbound,19.16,Multi-Touch
CU011899,Partner,4707.73,Multi-Touch
CU011900,LinkedIn Ads,4675.74,Last Touch
CU011901,Organic Search,1288.86,First Touch
CU011902,Organic Search,4372.05,First Touch
CU011903,Google Ads,4353.34,Multi-Touch
CU011904,LinkedIn Ads,964.02,First Touch
CU011905,LinkedIn Ads,437.39,First Touch
CU011906,Organic Search,4340.99,First Touch
CU011907,Outbound,4480.38,First Touch
CU011908,Partner,1076.78,Last Touch
CU011909,Partner,60.32,First Touch
CU011910,Google Ads,4727.2,Multi-Touch
CU011911,Google Ads,1292.73,Multi-Touch
CU011912,Referral,4395.06,First Touch
CU011913,Event,4721.38,Last Touch
CU011914,LinkedIn Ads,1461.81,Last Touch
CU011915,Referral,4464.63,Multi-Touch
CU011916,Outbound,1344.96,Multi-Touch
CU011917,Outbound,1291.15,Multi-Touch
CU011918,Partner,996.34,First Touch
CU011919,Organic Search,991.92,Last Touch
CU011920,Organic Search,4914.57,First Touch
CU011921,Organic Search,1664.81,First Touch
CU011922,Partner,1093.44,Last Touch
CU011923,Event,1293.0,Last Touch
CU011924,Organic Search,4443.9,First Touch
CU011925,Organic Search,1553.22,Multi-Touch
CU011926,Outbound,1104.2,Last Touch
CU011927,Google Ads,717.07,First Touch
CU011928,Organic Search,87.72,Multi-Touch
CU011929,LinkedIn Ads,1006.67,First Touch
CU011930,Google Ads,4319.17,First Touch
CU011931,Event,4844.09,First Touch
CU011932,Event,4491.74,Multi-Touch
CU011933,Event,167.39,Multi-Touch
CU011934,Event,1201.94,First Touch
CU011935,Outbound,635.29,First Touch
CU011936,LinkedIn Ads,4243.57,Last Touch
CU011937,LinkedIn Ads,4598.01,Multi-Touch
CU011938,LinkedIn Ads,558.26,Multi-Touch
CU011939,Organic Search,300.0,First Touch
CU011940,Organic Search,4547.84,First Touch
CU011941,LinkedIn Ads,4594.22,Last Touch
CU011942,LinkedIn Ads,422.65,First Touch
CU011943,Partner,398.15,Multi-Touch
CU011944,Partner,486.55,First Touch
CU011945,LinkedIn Ads,4548.86,First Touch
CU011946,Referral,1082.2,First Touch
CU011947,Event,1448.52,Last Touch
CU011948,Event,480.07,Last Touch
CU011949,Google Ads,1468.21,Last Touch
CU011950,Outbound,457.54,First Touch
CU011951,Organic Search,414.05,First Touch
CU011952,Outbound,4802.13,Last Touch
CU011953,Partner,4612.3,Multi-Touch
CU011954,Event,1107.37,Last Touch
CU011955,Organic Search,4756.47,First Touch
CU011956,LinkedIn Ads,4588.54,First Touch
CU011957,Referral,1071.86,Multi-Touch
CU011958,Referral,4369.21,First Touch
CU011959,Partner,4529.48,Last Touch
CU011960,Referral,243.28,First Touch
CU011961,Event,4266.04,Last Touch
CU011962,Partner,1079.01,First Touch
CU011963,Event,1123.72,Last Touch
CU011964,Referral,917.49,Last Touch
CU011965,Referral,221.51,First Touch
CU011966,Referral,883.04,Last Touch
CU011967,Event,416.82,Multi-Touch
CU011968,Referral,272.92,First Touch
CU011969,Referral,743.47,Last Touch
CU011970,Referral,974.75,Multi-Touch
CU011971,Outbound,1218.34,Last Touch
CU011972,Referral,310.25,Multi-Touch
CU011973,LinkedIn Ads,915.53,Last Touch
CU011974,Google Ads,636.03,Multi-Touch
CU011975,Organic Search,4285.96,Multi-Touch
CU011976,Organic Search,4855.57,First Touch
CU011977,Outbound,1625.58,Multi-Touch
CU011978,Google Ads,4600.48,Multi-Touch
CU011979,Referral,4373.75,Last Touch
CU011980,Referral,421.71,Last Touch
CU011981,Event,4922.13,Last Touch
CU011982,Event,100.71,Multi-Touch
CU011983,Referral,4559.08,Last Touch
CU011984,Google Ads,1101.0,Last Touch
CU011985,LinkedIn Ads,121.97,Last Touch
CU011986,Partner,4417.52,Last Touch
CU011987,Partner,1274.93,Multi-Touch
CU011988,Google Ads,4943.69,Multi-Touch
CU011989,Partner,966.66,Last Touch
CU011990,Organic Search,4401.85,Last Touch
CU011991,Google Ads,1613.14,Last Touch
CU011992,Partner,396.17,Multi-Touch
CU011993,Partner,1395.91,First Touch
CU011994,Partner,501.44,Multi-Touch
CU011995,LinkedIn Ads,566.06,Multi-Touch
CU011996,LinkedIn Ads,1365.99,Multi-Touch
CU011997,LinkedIn Ads,1331.76,Multi-Touch
CU011998,Google Ads,370.78,Multi-Touch
CU011999,Google Ads,1062.42,First Touch
CU012000,Partner,973.03,First Touch
