SubscriptionID,CustomerID,PlanID,StartDate,EndDate,Status,MRR,BillingCycle
SUB000001,CU000001,PL03,2022-12-30,,Active,368.69,Annual
SUB000002,CU000002,PL01,2026-01-30,,Active,52.68,Annual
SUB000003,CU000003,PL03,2026-06-06,,Active,368.8,Monthly
SUB000004,CU000004,PL02,2024-11-02,2025-05-12,Churned,176.07,Monthly
SUB000005,CU000005,PL01,2025-12-12,,Active,43.6,Monthly
SUB000006,CU000006,PL02,2022-12-27,,Active,150.22,Monthly
SUB000007,CU000007,PL04,2022-01-24,,Active,1271.86,Annual
SUB000008,CU000008,PL02,2024-05-14,,Active,164.67,Monthly
SUB000009,CU000009,PL03,2023-12-16,,Active,433.13,Monthly
SUB000010,CU000010,PL01,2025-08-06,2026-02-05,Churned,55.8,Monthly
SUB000011,CU000011,PL04,2024-08-14,,Active,1436.5,Monthly
SUB000012,CU000012,PL02,2023-01-06,,Active,182.32,Monthly
SUB000013,CU000013,PL03,2023-05-07,,Active,428.62,Monthly
SUB000014,CU000014,PL02,2023-10-15,,Active,183.69,Annual
SUB000015,CU000015,PL02,2022-06-23,2024-03-31,Churned,186.02,Annual
SUB000016,CU000016,PL01,2024-10-30,,Active,41.77,Monthly
SUB000017,CU000017,PL01,2026-03-08,,Active,51.57,Annual
SUB000018,CU000018,PL02,2025-04-05,,Active,142.46,Monthly
SUB000019,CU000019,PL01,2025-10-03,,Active,41.84,Monthly
SUB000020,CU000020,PL03,2024-08-29,,Active,377.3,Monthly
SUB000021,CU000021,PL03,2023-12-28,2026-05-01,Churned,471.93,Monthly
SUB000022,CU000022,PL03,2022-02-05,,Active,471.84,Annual
SUB000023,CU000023,PL03,2022-02-22,2024-06-04,Churned,456.11,Annual
SUB000024,CU000024,PL03,2023-12-15,,Active,367.81,Annual
SUB000025,CU000025,PL03,2025-01-11,2026-03-06,Churned,390.86,Monthly
SUB000026,CU000026,PL01,2022-08-10,,Active,42.39,Monthly
SUB000027,CU000027,PL02,2024-01-20,,Active,150.38,Monthly
SUB000028,CU000028,PL02,2024-02-06,,Active,157.28,Annual
SUB000029,CU000029,PL03,2024-12-04,,Active,402.63,Monthly
SUB000030,CU000030,PL01,2024-11-07,,Active,54.79,Annual
SUB000031,CU000031,PL04,2023-01-30,,Active,1326.42,Annual
SUB000032,CU000032,PL02,2023-06-06,,Active,174.31,Monthly
SUB000033,CU000033,PL04,2024-02-19,2025-10-20,Churned,1479.47,Annual
SUB000034,CU000034,PL03,2022-10-21,,Active,416.96,Annual
SUB000035,CU000035,PL03,2024-11-18,,Active,393.67,Annual
SUB000036,CU000036,PL01,2025-04-01,2025-07-26,Churned,54.84,Annual
SUB000037,CU000037,PL01,2022-12-12,2026-07-02,Churned,58.74,Monthly
SUB000038,CU000038,PL02,2026-03-16,,Active,172.05,Annual
SUB000039,CU000039,PL04,2025-07-11,,Active,1068.37,Annual
SUB000040,CU000040,PL01,2022-11-17,,Active,45.3,Annual
SUB000041,CU000041,PL01,2025-10-20,,Active,58.81,Monthly
SUB000042,CU000042,PL01,2025-02-23,,Active,52.7,Monthly
SUB000043,CU000043,PL01,2025-08-11,2025-12-01,Churned,52.62,Annual
SUB000044,CU000044,PL01,2024-01-02,2024-10-01,Churned,45.03,Monthly
SUB000045,CU000045,PL02,2024-07-04,,Active,146.93,Monthly
SUB000046,CU000046,PL02,2023-02-12,,Active,185.99,Annual
SUB000047,CU000047,PL02,2023-05-01,2024-08-12,Churned,172.14,Annual
SUB000048,CU000048,PL02,2025-02-03,,Active,152.3,Annual
SUB000049,CU000049,PL02,2024-02-12,,Active,161.35,Annual
SUB000050,CU000050,PL02,2025-02-19,,Active,170.96,Annual
SUB000051,CU000051,PL01,2022-02-22,,Active,46.41,Annual
SUB000052,CU000052,PL01,2024-06-01,,Active,59.88,Monthly
SUB000053,CU000053,PL03,2024-10-14,2025-12-16,Churned,394.85,Monthly
SUB000054,CU000054,PL02,2023-08-20,,Active,164.16,Monthly
SUB000055,CU000055,PL03,2022-06-07,,Active,468.02,Monthly
SUB000056,CU000056,PL02,2024-11-28,,Active,168.95,Monthly
SUB000057,CU000057,PL02,2022-12-10,,Active,140.7,Monthly
SUB000058,CU000058,PL04,2026-04-05,,Active,1239.08,Annual
SUB000059,CU000059,PL01,2022-04-01,,Active,58.56,Monthly
SUB000060,CU000060,PL02,2025-09-30,2026-02-21,Churned,147.85,Monthly
SUB000061,CU000061,PL02,2024-12-17,2025-12-16,Churned,131.77,Monthly
SUB000062,CU000062,PL02,2024-02-02,,Active,150.09,Annual
SUB000063,CU000063,PL04,2025-09-01,,Active,1151.03,Monthly
SUB000064,CU000064,PL03,2024-10-16,,Active,370.91,Annual
SUB000065,CU000065,PL01,2023-08-31,,Active,54.96,Monthly
SUB000066,CU000066,PL02,2024-04-15,,Active,152.43,Annual
SUB000067,CU000067,PL02,2023-08-30,,Active,146.35,Annual
SUB000068,CU000068,PL03,2023-05-28,,Active,366.56,Annual
SUB000069,CU000069,PL03,2024-09-26,,Active,420.95,Monthly
SUB000070,CU000070,PL02,2022-04-22,,Active,143.44,Annual
SUB000071,CU000071,PL02,2022-11-23,,Active,151.87,Monthly
SUB000072,CU000072,PL02,2024-05-09,,Active,154.47,Annual
SUB000073,CU000073,PL02,2023-03-31,2024-09-10,Churned,161.05,Annual
SUB000074,CU000074,PL02,2024-05-21,,Active,131.74,Annual
SUB000075,CU000075,PL04,2026-05-11,,Active,1106.42,Monthly
SUB000076,CU000076,PL01,2023-05-30,,Active,45.15,Monthly
SUB000077,CU000077,PL02,2024-11-25,2025-09-13,Churned,185.73,Annual
SUB000078,CU000078,PL01,2022-08-03,,Active,52.28,Monthly
SUB000079,CU000079,PL02,2024-02-10,2024-09-03,Churned,130.93,Monthly
SUB000080,CU000080,PL02,2024-03-12,,Active,141.73,Monthly
SUB000081,CU000081,PL03,2026-06-04,,Active,364.11,Annual
SUB000082,CU000082,PL02,2023-06-02,,Active,126.71,Annual
SUB000083,CU000083,PL04,2023-07-28,,Active,1173.14,Annual
SUB000084,CU000084,PL03,2024-05-17,,Active,388.96,Annual
SUB000085,CU000085,PL02,2022-02-25,,Active,155.94,Annual
SUB000086,CU000086,PL03,2022-12-17,2025-05-12,Churned,392.9,Annual
SUB000087,CU000087,PL01,2022-06-01,,Active,42.7,Monthly
SUB000088,CU000088,PL03,2024-04-17,2026-04-03,Churned,422.15,Annual
SUB000089,CU000089,PL02,2025-11-17,,Active,147.65,Monthly
SUB000090,CU000090,PL04,2025-04-26,,Active,1111.98,Annual
SUB000091,CU000091,PL04,2023-09-26,,Active,1130.46,Annual
SUB000092,CU000092,PL02,2026-06-18,,Active,167.99,Annual
SUB000093,CU000093,PL01,2026-03-13,,Active,54.61,Monthly
SUB000094,CU000094,PL02,2022-02-23,,Active,155.08,Annual
SUB000095,CU000095,PL02,2026-01-14,,Active,180.42,Monthly
SUB000096,CU000096,PL04,2023-03-29,2026-05-11,Churned,1238.33,Annual
SUB000097,CU000097,PL03,2024-08-02,,Active,404.73,Annual
SUB000098,CU000098,PL01,2022-03-29,,Active,58.04,Monthly
SUB000099,CU000099,PL01,2023-05-09,,Active,45.64,Monthly
SUB000100,CU000100,PL04,2026-04-12,,Active,1378.12,Monthly
SUB000101,CU000101,PL01,2024-06-21,,Active,56.25,Monthly
SUB000102,CU000102,PL02,2024-02-22,,Active,154.66,Annual
SUB000103,CU000103,PL02,2023-08-10,,Active,165.9,Annual
SUB000104,CU000104,PL01,2022-01-24,,Active,59.44,Annual
SUB000105,CU000105,PL02,2024-11-10,,Active,153.96,Monthly
SUB000106,CU000106,PL02,2025-02-26,,Active,152.4,Monthly
SUB000107,CU000107,PL03,2025-09-28,,Active,486.98,Monthly
SUB000108,CU000108,PL01,2023-08-17,,Active,60.49,Monthly
SUB000109,CU000109,PL01,2026-01-30,,Active,45.89,Annual
SUB000110,CU000110,PL02,2022-01-09,,Active,164.98,Annual
SUB000111,CU000111,PL04,2022-11-28,,Active,1389.14,Annual
SUB000112,CU000112,PL02,2026-05-21,,Active,168.33,Monthly
SUB000113,CU000113,PL02,2024-03-22,,Active,167.74,Annual
SUB000114,CU000114,PL03,2025-11-30,2026-05-26,Churned,454.22,Annual
SUB000115,CU000115,PL02,2025-09-21,,Active,149.28,Monthly
SUB000116,CU000116,PL02,2025-03-28,,Active,178.85,Annual
SUB000117,CU000117,PL01,2026-04-02,,Active,54.35,Annual
SUB000118,CU000118,PL01,2024-08-02,,Active,49.21,Monthly
SUB000119,CU000119,PL02,2024-09-30,,Active,165.35,Annual
SUB000120,CU000120,PL01,2024-11-12,2026-08-10,Churned,46.78,Annual
SUB000121,CU000121,PL03,2023-03-17,2025-01-06,Churned,409.18,Annual
SUB000122,CU000122,PL02,2023-01-15,,Active,168.62,Monthly
SUB000123,CU000123,PL01,2024-01-23,,Active,48.73,Monthly
SUB000124,CU000124,PL01,2024-05-17,2025-10-29,Churned,56.88,Monthly
SUB000125,CU000125,PL02,2025-11-28,,Active,147.01,Annual
SUB000126,CU000126,PL01,2023-08-04,2025-03-22,Churned,60.11,Monthly
SUB000127,CU000127,PL01,2025-08-10,,Active,59.14,Monthly
SUB000128,CU000128,PL04,2022-05-31,,Active,1030.54,Monthly
SUB000129,CU000129,PL02,2023-03-27,,Active,142.16,Monthly
SUB000130,CU000130,PL02,2022-05-10,,Active,143.38,Annual
SUB000131,CU000131,PL02,2022-08-31,,Active,174.13,Monthly
SUB000132,CU000132,PL03,2024-06-25,,Active,362.84,Annual
SUB000133,CU000133,PL01,2022-11-26,,Active,51.32,Monthly
SUB000134,CU000134,PL03,2022-11-26,2025-09-11,Churned,451.41,Monthly
SUB000135,CU000135,PL02,2022-06-08,,Active,152.43,Annual
SUB000136,CU000136,PL01,2024-04-20,,Active,46.62,Monthly
SUB000137,CU000137,PL04,2023-10-20,,Active,1381.77,Annual
SUB000138,CU000138,PL04,2022-07-17,,Active,1241.94,Annual
SUB000139,CU000139,PL01,2022-04-30,,Active,55.42,Monthly
SUB000140,CU000140,PL03,2023-01-27,,Active,385.74,Monthly
SUB000141,CU000141,PL03,2023-03-11,,Active,449.34,Annual
SUB000142,CU000142,PL02,2025-03-16,2025-06-28,Churned,174.51,Monthly
SUB000143,CU000143,PL03,2022-10-26,,Active,446.15,Annual
SUB000144,CU000144,PL02,2024-10-07,,Active,142.9,Monthly
SUB000145,CU000145,PL03,2023-03-23,,Active,426.74,Annual
SUB000146,CU000146,PL03,2026-02-14,2026-07-07,Churned,384.57,Monthly
SUB000147,CU000147,PL02,2023-06-12,,Active,131.59,Annual
SUB000148,CU000148,PL03,2023-05-21,2026-06-14,Churned,372.95,Monthly
SUB000149,CU000149,PL03,2024-08-01,,Active,346.87,Annual
SUB000150,CU000150,PL02,2023-01-18,2024-11-08,Churned,132.92,Annual
SUB000151,CU000151,PL03,2022-11-22,,Active,410.18,Monthly
SUB000152,CU000152,PL02,2026-03-07,,Active,183.69,Annual
SUB000153,CU000153,PL04,2023-02-27,,Active,1469.97,Monthly
SUB000154,CU000154,PL04,2022-08-01,,Active,1332.47,Annual
SUB000155,CU000155,PL01,2023-04-10,2024-09-29,Churned,60.5,Annual
SUB000156,CU000156,PL03,2023-04-23,,Active,422.26,Monthly
SUB000157,CU000157,PL02,2022-08-19,2024-08-16,Churned,135.69,Annual
SUB000158,CU000158,PL01,2024-05-20,,Active,42.53,Annual
SUB000159,CU000159,PL01,2022-05-04,,Active,42.29,Annual
SUB000160,CU000160,PL01,2026-01-30,2026-07-15,Churned,56.06,Annual
SUB000161,CU000161,PL01,2025-11-10,,Active,50.9,Annual
SUB000162,CU000162,PL03,2024-11-03,2025-10-02,Churned,429.78,Annual
SUB000163,CU000163,PL03,2022-09-16,,Active,444.43,Annual
SUB000164,CU000164,PL02,2024-05-20,,Active,146.95,Annual
SUB000165,CU000165,PL01,2023-03-02,,Active,57.76,Annual
SUB000166,CU000166,PL02,2024-07-30,2024-10-30,Churned,143.29,Annual
SUB000167,CU000167,PL03,2025-06-14,,Active,436.01,Monthly
SUB000168,CU000168,PL02,2023-04-16,,Active,144.73,Monthly
SUB000169,CU000169,PL01,2023-03-25,2026-04-22,Churned,58.37,Annual
SUB000170,CU000170,PL02,2025-07-08,,Active,139.5,Monthly
SUB000171,CU000171,PL02,2025-05-31,,Active,144.81,Monthly
SUB000172,CU000172,PL03,2025-11-10,,Active,380.63,Monthly
SUB000173,CU000173,PL01,2022-06-30,,Active,59.65,Annual
SUB000174,CU000174,PL02,2025-01-14,,Active,151.18,Monthly
SUB000175,CU000175,PL03,2022-02-26,,Active,434.76,Monthly
SUB000176,CU000176,PL04,2022-04-13,,Active,1181.73,Annual
SUB000177,CU000177,PL02,2025-05-29,,Active,180.01,Annual
SUB000178,CU000178,PL03,2025-10-07,,Active,445.4,Monthly
SUB000179,CU000179,PL03,2026-04-10,,Active,426.29,Monthly
SUB000180,CU000180,PL01,2022-10-26,,Active,49.43,Annual
SUB000181,CU000181,PL02,2026-03-04,,Active,184.85,Annual
SUB000182,CU000182,PL02,2024-09-26,,Active,140.54,Annual
SUB000183,CU000183,PL02,2025-06-15,,Active,146.83,Annual
SUB000184,CU000184,PL01,2022-05-01,,Active,43.19,Annual
SUB000185,CU000185,PL01,2023-07-04,2024-08-03,Churned,56.17,Annual
SUB000186,CU000186,PL01,2024-08-20,2025-05-08,Churned,55.19,Monthly
SUB000187,CU000187,PL03,2022-01-10,,Active,460.29,Annual
SUB000188,CU000188,PL04,2025-08-09,2026-06-16,Churned,1185.9,Monthly
SUB000189,CU000189,PL01,2022-05-22,2023-06-02,Churned,58.55,Monthly
SUB000190,CU000190,PL01,2025-09-08,,Active,56.34,Annual
SUB000191,CU000191,PL02,2024-10-25,,Active,148.23,Annual
SUB000192,CU000192,PL02,2024-05-31,,Active,164.78,Monthly
SUB000193,CU000193,PL02,2023-09-12,,Active,184.69,Monthly
SUB000194,CU000194,PL01,2025-12-20,,Active,61.22,Monthly
SUB000195,CU000195,PL03,2023-07-26,2024-05-31,Churned,398.49,Annual
SUB000196,CU000196,PL02,2022-03-26,,Active,141.5,Annual
SUB000197,CU000197,PL01,2022-09-18,2024-06-07,Churned,42.2,Monthly
SUB000198,CU000198,PL03,2026-04-16,,Active,446.55,Annual
SUB000199,CU000199,PL01,2023-09-22,2026-03-09,Churned,52.08,Annual
SUB000200,CU000200,PL03,2022-05-21,,Active,358.2,Annual
SUB000201,CU000201,PL01,2022-11-15,,Active,55.97,Annual
SUB000202,CU000202,PL03,2023-11-22,,Active,477.2,Monthly
SUB000203,CU000203,PL01,2024-03-03,,Active,51.2,Monthly
SUB000204,CU000204,PL03,2024-09-17,,Active,445.84,Monthly
SUB000205,CU000205,PL03,2025-08-10,2026-04-17,Churned,391.65,Monthly
SUB000206,CU000206,PL02,2022-09-27,2026-03-08,Churned,173.63,Monthly
SUB000207,CU000207,PL04,2022-07-28,,Active,1466.87,Annual
SUB000208,CU000208,PL01,2023-03-03,2025-09-26,Churned,47.53,Annual
SUB000209,CU000209,PL03,2023-01-27,,Active,398.39,Annual
SUB000210,CU000210,PL01,2026-02-21,2026-07-02,Churned,57.31,Monthly
SUB000211,CU000211,PL02,2024-03-27,,Active,132.44,Monthly
SUB000212,CU000212,PL01,2024-03-30,,Active,48.23,Annual
SUB000213,CU000213,PL01,2022-11-25,2025-11-02,Churned,53.37,Monthly
SUB000214,CU000214,PL02,2024-12-12,,Active,158.2,Monthly
SUB000215,CU000215,PL03,2025-10-20,,Active,435.72,Monthly
SUB000216,CU000216,PL01,2023-04-27,,Active,52.86,Annual
SUB000217,CU000217,PL01,2025-07-10,,Active,49.19,Annual
SUB000218,CU000218,PL04,2023-09-01,,Active,1105.34,Monthly
SUB000219,CU000219,PL01,2023-07-02,2023-11-12,Churned,48.37,Monthly
SUB000220,CU000220,PL01,2022-02-02,,Active,57.68,Monthly
SUB000221,CU000221,PL01,2025-12-11,2026-07-02,Churned,43.76,Annual
SUB000222,CU000222,PL03,2026-03-24,,Active,353.66,Monthly
SUB000223,CU000223,PL03,2024-08-05,,Active,486.23,Monthly
SUB000224,CU000224,PL02,2023-01-04,,Active,144.07,Monthly
SUB000225,CU000225,PL01,2023-05-08,,Active,47.82,Monthly
SUB000226,CU000226,PL02,2026-03-24,,Active,126.97,Annual
SUB000227,CU000227,PL02,2025-12-15,,Active,142.59,Monthly
SUB000228,CU000228,PL01,2025-03-27,,Active,48.64,Monthly
SUB000229,CU000229,PL03,2026-03-15,,Active,469.82,Monthly
SUB000230,CU000230,PL02,2022-08-23,,Active,142.87,Monthly
SUB000231,CU000231,PL01,2022-03-17,2026-02-13,Churned,44.77,Monthly
SUB000232,CU000232,PL01,2024-07-21,2025-04-11,Churned,48.19,Monthly
SUB000233,CU000233,PL03,2023-08-12,,Active,349.32,Annual
SUB000234,CU000234,PL04,2024-03-24,,Active,1417.98,Annual
SUB000235,CU000235,PL02,2023-02-08,,Active,154.9,Monthly
SUB000236,CU000236,PL04,2025-05-08,,Active,1039.65,Monthly
SUB000237,CU000237,PL02,2025-03-27,,Active,151.27,Monthly
SUB000238,CU000238,PL03,2023-05-25,,Active,436.44,Monthly
SUB000239,CU000239,PL02,2022-02-18,,Active,178.8,Annual
SUB000240,CU000240,PL02,2025-10-06,,Active,166.26,Monthly
SUB000241,CU000241,PL01,2026-01-03,,Active,53.89,Monthly
SUB000242,CU000242,PL02,2025-09-01,,Active,142.63,Annual
SUB000243,CU000243,PL01,2026-03-18,,Active,49.9,Annual
SUB000244,CU000244,PL03,2022-01-05,,Active,463.82,Annual
SUB000245,CU000245,PL03,2024-10-17,,Active,384.46,Monthly
SUB000246,CU000246,PL02,2024-05-08,,Active,143.26,Annual
SUB000247,CU000247,PL04,2022-01-10,,Active,1041.4,Annual
SUB000248,CU000248,PL03,2024-03-10,,Active,380.38,Monthly
SUB000249,CU000249,PL01,2025-04-19,,Active,51.61,Monthly
SUB000250,CU000250,PL01,2024-06-01,,Active,42.62,Annual
SUB000251,CU000251,PL04,2022-06-27,,Active,1239.7,Annual
SUB000252,CU000252,PL03,2025-09-08,2026-02-11,Churned,348.79,Monthly
SUB000253,CU000253,PL02,2026-03-02,,Active,175.78,Monthly
SUB000254,CU000254,PL04,2025-05-18,,Active,1478.21,Annual
SUB000255,CU000255,PL02,2025-12-18,,Active,183.42,Annual
SUB000256,CU000256,PL01,2022-01-08,,Active,44.44,Monthly
SUB000257,CU000257,PL02,2026-01-26,,Active,164.39,Monthly
SUB000258,CU000258,PL01,2022-04-06,,Active,54.53,Annual
SUB000259,CU000259,PL02,2025-02-28,,Active,179.42,Monthly
SUB000260,CU000260,PL03,2025-06-15,,Active,348.7,Monthly
SUB000261,CU000261,PL03,2022-06-27,,Active,341.23,Annual
SUB000262,CU000262,PL02,2024-11-03,,Active,178.33,Annual
SUB000263,CU000263,PL03,2024-05-05,,Active,496.06,Monthly
SUB000264,CU000264,PL02,2022-03-20,,Active,141.43,Annual
SUB000265,CU000265,PL03,2025-06-20,,Active,403.5,Monthly
SUB000266,CU000266,PL01,2024-04-01,,Active,50.98,Monthly
SUB000267,CU000267,PL03,2022-03-15,,Active,393.92,Monthly
SUB000268,CU000268,PL01,2023-04-30,,Active,44.56,Annual
SUB000269,CU000269,PL02,2022-03-06,,Active,139.15,Monthly
SUB000270,CU000270,PL01,2025-01-06,2026-06-08,Churned,47.87,Monthly
SUB000271,CU000271,PL01,2024-06-21,,Active,42.81,Annual
SUB000272,CU000272,PL02,2026-03-04,,Active,164.21,Monthly
SUB000273,CU000273,PL01,2024-04-07,,Active,44.01,Monthly
SUB000274,CU000274,PL01,2025-06-08,,Active,48.4,Monthly
SUB000275,CU000275,PL01,2024-04-06,2026-02-13,Churned,41.94,Annual
SUB000276,CU000276,PL03,2024-01-15,,Active,397.81,Annual
SUB000277,CU000277,PL02,2024-09-03,,Active,127.73,Monthly
SUB000278,CU000278,PL01,2025-01-25,,Active,47.35,Annual
SUB000279,CU000279,PL02,2024-04-01,,Active,146.01,Annual
SUB000280,CU000280,PL01,2025-04-09,,Active,46.85,Monthly
SUB000281,CU000281,PL03,2025-02-09,,Active,439.35,Monthly
SUB000282,CU000282,PL01,2025-03-11,2026-04-26,Churned,47.74,Monthly
SUB000283,CU000283,PL01,2022-10-23,,Active,44.16,Annual
SUB000284,CU000284,PL01,2022-12-20,,Active,44.11,Monthly
SUB000285,CU000285,PL01,2024-04-30,,Active,46.37,Monthly
SUB000286,CU000286,PL04,2026-01-17,,Active,1386.73,Annual
SUB000287,CU000287,PL01,2023-11-12,,Active,53.13,Monthly
SUB000288,CU000288,PL01,2026-04-25,,Active,51.45,Monthly
SUB000289,CU000289,PL02,2024-04-23,,Active,161.81,Monthly
SUB000290,CU000290,PL03,2024-03-16,,Active,382.59,Monthly
SUB000291,CU000291,PL02,2022-02-13,,Active,132.76,Annual
SUB000292,CU000292,PL03,2024-06-24,,Active,339.88,Annual
SUB000293,CU000293,PL02,2023-05-26,,Active,158.04,Annual
SUB000294,CU000294,PL03,2025-01-24,,Active,441.84,Annual
SUB000295,CU000295,PL03,2023-10-28,,Active,459.38,Monthly
SUB000296,CU000296,PL01,2025-12-17,,Active,43.55,Monthly
SUB000297,CU000297,PL03,2026-03-21,,Active,469.11,Monthly
SUB000298,CU000298,PL01,2024-06-10,,Active,47.06,Monthly
SUB000299,CU000299,PL01,2025-04-03,,Active,51.07,Annual
SUB000300,CU000300,PL01,2024-11-26,,Active,49.62,Annual
SUB000301,CU000301,PL03,2023-04-14,,Active,455.64,Monthly
SUB000302,CU000302,PL03,2023-07-27,2025-11-15,Churned,472.54,Annual
SUB000303,CU000303,PL03,2023-05-13,,Active,419.84,Monthly
SUB000304,CU000304,PL03,2023-05-03,,Active,473.76,Monthly
SUB000305,CU000305,PL02,2024-11-12,,Active,167.75,Annual
SUB000306,CU000306,PL02,2023-08-16,,Active,155.66,Annual
SUB000307,CU000307,PL01,2022-01-10,,Active,41.69,Monthly
SUB000308,CU000308,PL03,2025-04-17,,Active,401.81,Annual
SUB000309,CU000309,PL02,2024-12-19,2025-11-21,Churned,175.72,Monthly
SUB000310,CU000310,PL01,2022-07-11,,Active,56.51,Monthly
SUB000311,CU000311,PL01,2025-11-17,,Active,48.2,Annual
SUB000312,CU000312,PL04,2023-01-09,,Active,1296.39,Monthly
SUB000313,CU000313,PL01,2024-07-02,2026-01-05,Churned,52.24,Monthly
SUB000314,CU000314,PL02,2026-02-26,,Active,156.78,Monthly
SUB000315,CU000315,PL01,2022-04-16,,Active,55.22,Annual
SUB000316,CU000316,PL04,2023-06-01,,Active,1255.02,Annual
SUB000317,CU000317,PL03,2025-11-18,2026-05-01,Churned,471.46,Monthly
SUB000318,CU000318,PL01,2023-01-26,,Active,47.17,Monthly
SUB000319,CU000319,PL02,2024-08-25,,Active,158.26,Annual
SUB000320,CU000320,PL03,2022-11-07,,Active,384.45,Monthly
SUB000321,CU000321,PL04,2024-12-20,,Active,1260.49,Monthly
SUB000322,CU000322,PL01,2025-05-03,,Active,48.67,Monthly
SUB000323,CU000323,PL02,2023-11-04,,Active,168.15,Monthly
SUB000324,CU000324,PL02,2022-10-03,,Active,139.74,Annual
SUB000325,CU000325,PL02,2023-12-29,,Active,138.0,Annual
SUB000326,CU000326,PL02,2023-10-25,,Active,159.53,Monthly
SUB000327,CU000327,PL02,2026-03-12,,Active,163.25,Monthly
SUB000328,CU000328,PL01,2022-04-09,,Active,47.58,Annual
SUB000329,CU000329,PL03,2024-05-25,,Active,438.49,Monthly
SUB000330,CU000330,PL02,2025-01-16,,Active,169.72,Annual
SUB000331,CU000331,PL02,2023-01-04,,Active,129.4,Monthly
SUB000332,CU000332,PL04,2025-04-22,,Active,1242.2,Annual
SUB000333,CU000333,PL03,2024-01-02,,Active,432.72,Annual
SUB000334,CU000334,PL04,2023-01-14,,Active,1288.1,Annual
SUB000335,CU000335,PL03,2023-03-03,2025-01-05,Churned,391.69,Monthly
SUB000336,CU000336,PL02,2026-02-18,2026-07-06,Churned,169.58,Monthly
SUB000337,CU000337,PL01,2024-04-16,2025-03-03,Churned,45.9,Monthly
SUB000338,CU000338,PL02,2026-05-21,,Active,149.35,Monthly
SUB000339,CU000339,PL01,2023-06-20,,Active,56.41,Monthly
SUB000340,CU000340,PL01,2022-03-05,2025-02-13,Churned,43.25,Monthly
SUB000341,CU000341,PL03,2022-08-15,,Active,417.22,Monthly
SUB000342,CU000342,PL02,2022-05-18,2022-10-30,Churned,175.59,Monthly
SUB000343,CU000343,PL01,2024-04-11,,Active,47.03,Monthly
SUB000344,CU000344,PL03,2022-12-02,2025-03-16,Churned,423.9,Monthly
SUB000345,CU000345,PL03,2025-05-08,,Active,446.28,Annual
SUB000346,CU000346,PL02,2022-09-16,,Active,140.75,Annual
SUB000347,CU000347,PL03,2024-02-17,,Active,350.28,Annual
SUB000348,CU000348,PL03,2024-11-26,,Active,422.51,Monthly
SUB000349,CU000349,PL03,2025-07-01,2026-05-29,Churned,380.73,Monthly
SUB000350,CU000350,PL01,2022-03-28,,Active,47.75,Annual
SUB000351,CU000351,PL03,2024-04-24,,Active,436.64,Annual
SUB000352,CU000352,PL02,2023-07-06,,Active,143.88,Annual
SUB000353,CU000353,PL04,2023-02-09,,Active,1480.19,Monthly
SUB000354,CU000354,PL01,2022-09-18,2025-01-20,Churned,53.81,Monthly
SUB000355,CU000355,PL01,2022-03-16,,Active,53.26,Annual
SUB000356,CU000356,PL01,2022-05-07,,Active,53.04,Monthly
SUB000357,CU000357,PL02,2026-04-13,,Active,175.95,Monthly
SUB000358,CU000358,PL01,2024-07-11,,Active,48.88,Monthly
SUB000359,CU000359,PL01,2025-08-04,,Active,48.94,Annual
SUB000360,CU000360,PL01,2022-05-18,2024-09-16,Churned,43.38,Monthly
SUB000361,CU000361,PL04,2022-09-11,,Active,1208.36,Annual
SUB000362,CU000362,PL02,2022-04-06,2023-04-04,Churned,138.61,Annual
SUB000363,CU000363,PL04,2023-07-16,,Active,1492.93,Annual
SUB000364,CU000364,PL01,2024-12-15,,Active,48.82,Annual
SUB000365,CU000365,PL03,2022-01-06,2022-07-25,Churned,400.32,Monthly
SUB000366,CU000366,PL01,2023-05-08,,Active,43.58,Annual
SUB000367,CU000367,PL02,2026-05-29,,Active,158.85,Monthly
SUB000368,CU000368,PL02,2025-09-21,,Active,177.97,Monthly
SUB000369,CU000369,PL02,2025-03-31,,Active,153.01,Monthly
SUB000370,CU000370,PL02,2024-08-12,,Active,140.96,Annual
SUB000371,CU000371,PL03,2026-01-14,,Active,375.09,Annual
SUB000372,CU000372,PL03,2024-08-28,,Active,370.59,Monthly
SUB000373,CU000373,PL02,2024-03-20,,Active,154.48,Monthly
SUB000374,CU000374,PL02,2025-03-17,,Active,150.26,Annual
SUB000375,CU000375,PL03,2024-12-08,,Active,424.56,Monthly
SUB000376,CU000376,PL04,2025-05-04,,Active,1171.59,Annual
SUB000377,CU000377,PL04,2023-09-10,,Active,1146.16,Monthly
SUB000378,CU000378,PL01,2022-03-22,,Active,48.67,Annual
SUB000379,CU000379,PL02,2026-01-09,,Active,161.29,Annual
SUB000380,CU000380,PL01,2025-03-07,,Active,49.03,Annual
SUB000381,CU000381,PL02,2026-01-21,,Active,173.15,Annual
SUB000382,CU000382,PL03,2023-11-13,,Active,411.12,Monthly
SUB000383,CU000383,PL01,2025-03-10,,Active,42.93,Annual
SUB000384,CU000384,PL02,2024-09-19,,Active,127.15,Monthly
SUB000385,CU000385,PL01,2024-06-27,,Active,57.59,Annual
SUB000386,CU000386,PL03,2024-06-04,,Active,351.88,Annual
SUB000387,CU000387,PL01,2024-08-02,,Active,51.43,Monthly
SUB000388,CU000388,PL01,2022-10-16,2026-06-22,Churned,53.25,Monthly
SUB000389,CU000389,PL01,2026-03-09,,Active,47.8,Monthly
SUB000390,CU000390,PL01,2025-11-10,,Active,51.05,Monthly
SUB000391,CU000391,PL01,2025-04-17,2026-01-11,Churned,55.23,Annual
SUB000392,CU000392,PL04,2026-02-26,,Active,1471.08,Annual
SUB000393,CU000393,PL01,2024-08-14,,Active,46.95,Annual
SUB000394,CU000394,PL04,2025-06-29,,Active,1327.77,Annual
SUB000395,CU000395,PL02,2023-01-19,,Active,132.71,Annual
SUB000396,CU000396,PL01,2022-12-14,,Active,44.68,Monthly
SUB000397,CU000397,PL01,2024-12-10,,Active,54.17,Annual
SUB000398,CU000398,PL02,2023-07-13,,Active,143.22,Annual
SUB000399,CU000399,PL02,2022-11-01,2025-03-01,Churned,147.78,Annual
SUB000400,CU000400,PL01,2022-09-21,,Active,52.89,Monthly
SUB000401,CU000401,PL02,2024-09-04,,Active,159.42,Monthly
SUB000402,CU000402,PL03,2023-10-01,,Active,371.24,Monthly
SUB000403,CU000403,PL02,2022-11-11,,Active,161.26,Monthly
SUB000404,CU000404,PL02,2022-08-02,2024-08-30,Churned,174.83,Annual
SUB000405,CU000405,PL01,2023-12-22,2025-02-23,Churned,56.41,Monthly
SUB000406,CU000406,PL02,2024-04-24,,Active,158.91,Monthly
SUB000407,CU000407,PL01,2026-05-27,,Active,46.59,Annual
SUB000408,CU000408,PL01,2025-06-03,,Active,49.16,Annual
SUB000409,CU000409,PL03,2025-07-06,,Active,439.31,Monthly
SUB000410,CU000410,PL02,2022-01-13,,Active,134.93,Monthly
SUB000411,CU000411,PL01,2023-02-14,,Active,56.55,Annual
SUB000412,CU000412,PL01,2026-01-08,,Active,44.02,Annual
SUB000413,CU000413,PL03,2025-09-07,,Active,469.92,Monthly
SUB000414,CU000414,PL02,2022-02-20,,Active,152.87,Monthly
SUB000415,CU000415,PL01,2023-10-25,,Active,43.96,Monthly
SUB000416,CU000416,PL04,2025-01-15,,Active,1416.21,Annual
SUB000417,CU000417,PL03,2024-11-10,,Active,366.22,Annual
SUB000418,CU000418,PL02,2025-10-18,2026-02-07,Churned,153.26,Annual
SUB000419,CU000419,PL01,2023-09-27,,Active,48.88,Annual
SUB000420,CU000420,PL02,2023-02-24,2025-06-02,Churned,154.42,Annual
SUB000421,CU000421,PL03,2025-12-29,2026-08-13,Churned,375.62,Annual
SUB000422,CU000422,PL02,2026-05-20,,Active,176.97,Annual
SUB000423,CU000423,PL03,2023-10-31,,Active,454.46,Annual
SUB000424,CU000424,PL02,2023-11-17,,Active,129.62,Monthly
SUB000425,CU000425,PL02,2022-03-23,,Active,140.31,Annual
SUB000426,CU000426,PL03,2022-03-18,,Active,409.44,Annual
SUB000427,CU000427,PL04,2026-02-04,,Active,1454.15,Annual
SUB000428,CU000428,PL02,2023-02-28,,Active,168.3,Annual
SUB000429,CU000429,PL01,2026-01-24,,Active,59.68,Annual
SUB000430,CU000430,PL03,2025-05-07,,Active,475.54,Monthly
SUB000431,CU000431,PL01,2024-05-03,,Active,42.55,Monthly
SUB000432,CU000432,PL01,2022-08-16,,Active,47.83,Monthly
SUB000433,CU000433,PL03,2024-09-13,,Active,471.63,Monthly
SUB000434,CU000434,PL01,2023-05-31,,Active,59.22,Annual
SUB000435,CU000435,PL02,2026-01-03,,Active,142.16,Monthly
SUB000436,CU000436,PL02,2023-09-13,,Active,172.66,Annual
SUB000437,CU000437,PL01,2025-02-03,2025-11-23,Churned,45.2,Monthly
SUB000438,CU000438,PL03,2023-11-27,,Active,492.97,Annual
SUB000439,CU000439,PL01,2022-01-26,,Active,46.32,Annual
SUB000440,CU000440,PL01,2022-01-04,,Active,52.52,Monthly
SUB000441,CU000441,PL01,2025-05-13,2026-02-02,Churned,46.58,Annual
SUB000442,CU000442,PL01,2026-01-11,2026-07-09,Churned,58.86,Monthly
SUB000443,CU000443,PL01,2026-03-22,,Active,48.07,Monthly
SUB000444,CU000444,PL01,2024-02-25,2025-06-27,Churned,59.34,Monthly
SUB000445,CU000445,PL04,2025-12-19,,Active,1055.97,Annual
SUB000446,CU000446,PL03,2022-04-15,,Active,435.87,Monthly
SUB000447,CU000447,PL02,2025-05-14,,Active,149.58,Annual
SUB000448,CU000448,PL02,2025-07-08,,Active,129.28,Monthly
SUB000449,CU000449,PL04,2022-12-05,,Active,1299.68,Monthly
SUB000450,CU000450,PL01,2023-06-22,2025-12-29,Churned,57.04,Annual
SUB000451,CU000451,PL01,2024-02-06,2024-06-30,Churned,52.65,Monthly
SUB000452,CU000452,PL01,2022-10-13,2023-02-26,Churned,58.62,Monthly
SUB000453,CU000453,PL01,2025-01-01,2025-10-06,Churned,46.91,Monthly
SUB000454,CU000454,PL04,2025-02-17,,Active,1236.29,Monthly
SUB000455,CU000455,PL03,2024-08-14,,Active,418.36,Monthly
SUB000456,CU000456,PL03,2022-01-28,,Active,481.31,Monthly
SUB000457,CU000457,PL01,2024-12-26,,Active,56.29,Annual
SUB000458,CU000458,PL03,2023-08-28,,Active,409.44,Monthly
SUB000459,CU000459,PL01,2023-06-22,,Active,53.12,Monthly
SUB000460,CU000460,PL01,2024-07-13,2024-12-21,Churned,45.69,Annual
SUB000461,CU000461,PL03,2024-12-17,,Active,418.15,Monthly
SUB000462,CU000462,PL03,2024-05-17,,Active,472.97,Monthly
SUB000463,CU000463,PL01,2024-01-09,,Active,49.61,Monthly
SUB000464,CU000464,PL01,2022-09-04,,Active,51.68,Monthly
SUB000465,CU000465,PL01,2024-08-30,2025-09-30,Churned,56.59,Monthly
SUB000466,CU000466,PL01,2022-04-15,,Active,46.32,Monthly
SUB000467,CU000467,PL01,2023-07-18,,Active,54.16,Annual
SUB000468,CU000468,PL03,2026-05-19,,Active,456.86,Monthly
SUB000469,CU000469,PL01,2022-04-25,,Active,58.59,Monthly
SUB000470,CU000470,PL03,2022-08-23,,Active,474.29,Annual
SUB000471,CU000471,PL03,2023-04-19,,Active,340.82,Monthly
SUB000472,CU000472,PL02,2025-12-31,2026-05-26,Churned,134.32,Monthly
SUB000473,CU000473,PL02,2025-02-16,,Active,173.14,Annual
SUB000474,CU000474,PL03,2025-01-09,,Active,344.11,Monthly
SUB000475,CU000475,PL01,2026-02-27,2026-07-14,Churned,54.55,Monthly
SUB000476,CU000476,PL02,2024-07-17,,Active,143.73,Monthly
SUB000477,CU000477,PL03,2025-12-08,,Active,373.72,Annual
SUB000478,CU000478,PL04,2022-09-14,,Active,1102.12,Annual
SUB000479,CU000479,PL02,2024-01-25,2026-08-06,Churned,164.68,Annual
SUB000480,CU000480,PL03,2023-06-26,,Active,389.58,Monthly
SUB000481,CU000481,PL03,2023-12-28,2026-07-03,Churned,435.13,Monthly
SUB000482,CU000482,PL02,2026-04-04,,Active,150.53,Monthly
SUB000483,CU000483,PL01,2024-04-09,,Active,57.7,Annual
SUB000484,CU000484,PL01,2024-12-20,2026-04-20,Churned,49.7,Annual
SUB000485,CU000485,PL02,2022-10-25,,Active,135.98,Annual
SUB000486,CU000486,PL03,2022-03-02,,Active,497.38,Monthly
SUB000487,CU000487,PL03,2024-03-24,,Active,446.16,Annual
SUB000488,CU000488,PL03,2025-04-07,,Active,418.77,Monthly
SUB000489,CU000489,PL01,2025-05-16,,Active,51.79,Annual
SUB000490,CU000490,PL01,2023-12-09,,Active,55.93,Annual
SUB000491,CU000491,PL03,2024-08-11,,Active,460.95,Monthly
SUB000492,CU000492,PL03,2026-01-29,,Active,497.82,Monthly
SUB000493,CU000493,PL02,2024-01-28,,Active,140.43,Annual
SUB000494,CU000494,PL02,2024-08-22,,Active,131.29,Annual
SUB000495,CU000495,PL03,2024-10-13,,Active,413.63,Annual
SUB000496,CU000496,PL03,2024-09-15,,Active,436.66,Annual
SUB000497,CU000497,PL01,2024-11-14,2025-10-13,Churned,60.14,Annual
SUB000498,CU000498,PL04,2022-06-10,,Active,1328.35,Monthly
SUB000499,CU000499,PL03,2023-05-25,,Active,430.6,Annual
SUB000500,CU000500,PL02,2025-08-25,2026-03-22,Churned,130.04,Monthly
SUB000501,CU000501,PL01,2025-08-19,2025-12-01,Churned,42.84,Monthly
SUB000502,CU000502,PL01,2026-03-10,,Active,48.72,Monthly
SUB000503,CU000503,PL02,2026-03-19,,Active,141.79,Monthly
SUB000504,CU000504,PL01,2024-09-13,2025-12-07,Churned,51.37,Monthly
SUB000505,CU000505,PL02,2023-12-25,,Active,147.48,Monthly
SUB000506,CU000506,PL03,2025-05-18,,Active,374.75,Monthly
SUB000507,CU000507,PL01,2024-02-21,,Active,49.62,Annual
SUB000508,CU000508,PL04,2023-06-06,,Active,1243.22,Annual
SUB000509,CU000509,PL03,2025-11-10,,Active,453.94,Annual
SUB000510,CU000510,PL01,2022-03-23,2024-06-29,Churned,42.36,Monthly
SUB000511,CU000511,PL02,2025-12-28,,Active,138.63,Monthly
SUB000512,CU000512,PL02,2024-09-21,,Active,173.73,Monthly
SUB000513,CU000513,PL02,2023-07-15,2024-06-07,Churned,149.3,Annual
SUB000514,CU000514,PL02,2024-10-21,,Active,176.71,Monthly
SUB000515,CU000515,PL02,2024-03-10,2024-12-17,Churned,173.03,Annual
SUB000516,CU000516,PL01,2025-06-06,2026-02-11,Churned,56.93,Monthly
SUB000517,CU000517,PL01,2024-01-11,,Active,61.08,Annual
SUB000518,CU000518,PL03,2026-01-25,,Active,382.07,Annual
SUB000519,CU000519,PL01,2024-11-16,,Active,54.85,Annual
SUB000520,CU000520,PL03,2022-08-30,,Active,367.06,Monthly
SUB000521,CU000521,PL02,2022-09-01,,Active,131.69,Monthly
SUB000522,CU000522,PL01,2023-11-19,,Active,48.2,Annual
SUB000523,CU000523,PL01,2024-01-03,,Active,50.92,Monthly
SUB000524,CU000524,PL01,2024-07-07,,Active,56.42,Annual
SUB000525,CU000525,PL02,2023-09-04,,Active,135.74,Annual
SUB000526,CU000526,PL01,2023-12-16,2025-11-03,Churned,53.99,Annual
SUB000527,CU000527,PL01,2025-11-18,2026-04-22,Churned,58.96,Annual
SUB000528,CU000528,PL01,2024-04-07,,Active,56.66,Monthly
SUB000529,CU000529,PL01,2025-03-09,,Active,57.75,Annual
SUB000530,CU000530,PL01,2022-06-13,2025-08-11,Churned,60.76,Annual
SUB000531,CU000531,PL03,2023-03-02,,Active,429.14,Monthly
SUB000532,CU000532,PL02,2022-03-12,,Active,169.79,Monthly
SUB000533,CU000533,PL02,2024-08-18,,Active,151.29,Monthly
SUB000534,CU000534,PL03,2025-12-19,,Active,469.99,Monthly
SUB000535,CU000535,PL01,2026-03-01,,Active,47.31,Monthly
SUB000536,CU000536,PL04,2025-04-28,,Active,1285.08,Annual
SUB000537,CU000537,PL01,2022-03-16,,Active,42.02,Annual
SUB000538,CU000538,PL02,2024-11-21,,Active,165.54,Annual
SUB000539,CU000539,PL02,2024-04-05,,Active,184.5,Monthly
SUB000540,CU000540,PL02,2023-07-09,,Active,145.12,Annual
SUB000541,CU000541,PL02,2023-08-03,2026-05-14,Churned,151.27,Annual
SUB000542,CU000542,PL01,2026-02-15,,Active,46.99,Annual
SUB000543,CU000543,PL01,2025-08-16,,Active,55.89,Monthly
SUB000544,CU000544,PL01,2022-06-20,,Active,59.12,Annual
SUB000545,CU000545,PL03,2026-02-26,,Active,391.53,Monthly
SUB000546,CU000546,PL03,2024-12-02,2025-09-30,Churned,498.4,Annual
SUB000547,CU000547,PL03,2024-07-03,,Active,408.23,Annual
SUB000548,CU000548,PL01,2025-05-07,2025-10-13,Churned,60.03,Annual
SUB000549,CU000549,PL04,2024-06-10,,Active,1075.87,Monthly
SUB000550,CU000550,PL02,2025-10-15,,Active,133.53,Annual
SUB000551,CU000551,PL03,2025-09-13,2026-05-27,Churned,492.05,Monthly
SUB000552,CU000552,PL03,2023-11-18,,Active,426.26,Annual
SUB000553,CU000553,PL02,2024-05-15,2025-03-12,Churned,169.31,Monthly
SUB000554,CU000554,PL02,2025-05-06,,Active,165.4,Monthly
SUB000555,CU000555,PL01,2024-06-18,,Active,51.12,Annual
SUB000556,CU000556,PL02,2026-01-16,,Active,135.31,Annual
SUB000557,CU000557,PL04,2025-12-16,,Active,1074.27,Annual
SUB000558,CU000558,PL01,2022-10-28,2025-10-14,Churned,56.82,Monthly
SUB000559,CU000559,PL03,2026-03-23,,Active,461.87,Annual
SUB000560,CU000560,PL01,2025-05-23,2026-01-02,Churned,48.32,Monthly
SUB000561,CU000561,PL04,2025-03-19,,Active,1340.59,Monthly
SUB000562,CU000562,PL02,2025-12-06,,Active,176.38,Monthly
SUB000563,CU000563,PL02,2026-04-01,,Active,148.36,Monthly
SUB000564,CU000564,PL01,2023-10-09,,Active,55.7,Monthly
SUB000565,CU000565,PL01,2024-04-13,,Active,48.29,Annual
SUB000566,CU000566,PL02,2025-08-27,,Active,165.03,Monthly
SUB000567,CU000567,PL02,2024-02-10,,Active,152.68,Annual
SUB000568,CU000568,PL01,2022-06-13,,Active,53.7,Monthly
SUB000569,CU000569,PL04,2026-01-12,,Active,1103.22,Annual
SUB000570,CU000570,PL04,2025-06-16,,Active,1363.7,Annual
SUB000571,CU000571,PL03,2026-02-17,2026-08-26,Churned,457.87,Annual
SUB000572,CU000572,PL02,2022-06-29,,Active,173.0,Monthly
SUB000573,CU000573,PL03,2024-05-20,,Active,450.26,Monthly
SUB000574,CU000574,PL01,2024-10-15,,Active,51.08,Annual
SUB000575,CU000575,PL04,2022-10-12,2023-04-27,Churned,1381.0,Monthly
SUB000576,CU000576,PL03,2022-11-18,,Active,469.31,Monthly
SUB000577,CU000577,PL02,2024-06-09,,Active,155.28,Monthly
SUB000578,CU000578,PL01,2025-04-24,2025-10-25,Churned,60.59,Monthly
SUB000579,CU000579,PL02,2026-03-02,,Active,139.37,Annual
SUB000580,CU000580,PL01,2024-03-02,,Active,46.67,Annual
SUB000581,CU000581,PL02,2026-06-01,,Active,146.96,Annual
SUB000582,CU000582,PL03,2022-01-15,,Active,410.93,Annual
SUB000583,CU000583,PL02,2026-03-31,,Active,167.11,Annual
SUB000584,CU000584,PL01,2024-11-09,,Active,56.31,Annual
SUB000585,CU000585,PL02,2023-11-14,,Active,140.56,Annual
SUB000586,CU000586,PL02,2024-03-24,,Active,142.21,Annual
SUB000587,CU000587,PL02,2026-03-27,,Active,129.69,Annual
SUB000588,CU000588,PL03,2023-08-21,,Active,414.23,Annual
SUB000589,CU000589,PL03,2025-02-02,,Active,456.25,Annual
SUB000590,CU000590,PL03,2025-04-07,,Active,469.28,Monthly
SUB000591,CU000591,PL03,2022-02-15,,Active,414.59,Monthly
SUB000592,CU000592,PL01,2025-05-20,,Active,43.62,Monthly
SUB000593,CU000593,PL03,2025-11-24,,Active,448.42,Monthly
SUB000594,CU000594,PL01,2025-10-11,,Active,53.96,Annual
SUB000595,CU000595,PL02,2024-04-07,,Active,185.26,Annual
SUB000596,CU000596,PL02,2023-06-09,,Active,169.56,Annual
SUB000597,CU000597,PL02,2022-10-21,,Active,162.06,Monthly
SUB000598,CU000598,PL03,2025-02-06,,Active,391.59,Annual
SUB000599,CU000599,PL03,2026-02-26,,Active,428.84,Annual
SUB000600,CU000600,PL01,2022-07-02,2026-01-02,Churned,59.11,Monthly
SUB000601,CU000601,PL02,2026-04-10,,Active,128.05,Monthly
SUB000602,CU000602,PL01,2025-05-31,2025-11-11,Churned,54.05,Annual
SUB000603,CU000603,PL01,2024-05-28,2025-02-26,Churned,49.56,Annual
SUB000604,CU000604,PL02,2022-12-12,,Active,177.76,Annual
SUB000605,CU000605,PL03,2025-08-21,,Active,445.37,Monthly
SUB000606,CU000606,PL03,2023-03-23,,Active,422.17,Monthly
SUB000607,CU000607,PL02,2025-06-03,,Active,167.0,Annual
SUB000608,CU000608,PL02,2026-05-26,,Active,185.11,Monthly
SUB000609,CU000609,PL02,2024-09-25,,Active,152.52,Annual
SUB000610,CU000610,PL02,2026-06-30,,Active,163.9,Monthly
SUB000611,CU000611,PL02,2022-07-30,,Active,169.71,Annual
SUB000612,CU000612,PL02,2022-06-16,,Active,159.54,Monthly
SUB000613,CU000613,PL01,2024-07-29,2025-06-09,Churned,43.98,Annual
SUB000614,CU000614,PL02,2024-08-19,,Active,174.26,Monthly
SUB000615,CU000615,PL01,2025-11-22,2026-07-10,Churned,59.68,Annual
SUB000616,CU000616,PL01,2023-12-02,,Active,48.99,Monthly
SUB000617,CU000617,PL03,2023-10-23,,Active,459.25,Annual
SUB000618,CU000618,PL01,2023-05-09,,Active,45.66,Annual
SUB000619,CU000619,PL01,2022-06-05,,Active,57.3,Monthly
SUB000620,CU000620,PL04,2025-03-31,,Active,1466.86,Monthly
SUB000621,CU000621,PL01,2023-11-06,2026-04-01,Churned,47.36,Annual
SUB000622,CU000622,PL02,2023-07-21,,Active,136.82,Annual
SUB000623,CU000623,PL01,2025-05-19,,Active,45.74,Monthly
SUB000624,CU000624,PL03,2025-04-22,,Active,389.7,Annual
SUB000625,CU000625,PL04,2024-10-13,,Active,1144.29,Annual
SUB000626,CU000626,PL02,2025-05-08,,Active,158.39,Annual
SUB000627,CU000627,PL02,2026-06-18,,Active,152.05,Monthly
SUB000628,CU000628,PL01,2026-01-22,,Active,55.09,Annual
SUB000629,CU000629,PL01,2022-01-13,,Active,54.98,Annual
SUB000630,CU000630,PL02,2025-01-27,,Active,146.73,Monthly
SUB000631,CU000631,PL02,2023-04-03,,Active,179.13,Annual
SUB000632,CU000632,PL03,2025-07-06,,Active,486.91,Monthly
SUB000633,CU000633,PL01,2026-03-28,,Active,54.4,Monthly
SUB000634,CU000634,PL02,2022-11-29,,Active,136.25,Annual
SUB000635,CU000635,PL01,2024-09-04,,Active,56.43,Annual
SUB000636,CU000636,PL01,2026-02-17,,Active,42.55,Annual
SUB000637,CU000637,PL01,2026-03-09,,Active,45.43,Annual
SUB000638,CU000638,PL02,2025-05-19,2026-02-25,Churned,162.44,Annual
SUB000639,CU000639,PL03,2022-11-10,,Active,486.09,Monthly
SUB000640,CU000640,PL02,2025-10-03,,Active,176.47,Annual
SUB000641,CU000641,PL01,2023-03-31,,Active,55.85,Monthly
SUB000642,CU000642,PL02,2024-01-21,,Active,156.25,Annual
SUB000643,CU000643,PL01,2024-01-16,,Active,44.19,Annual
SUB000644,CU000644,PL01,2025-08-19,,Active,42.3,Annual
SUB000645,CU000645,PL02,2025-11-06,2026-04-11,Churned,175.38,Annual
SUB000646,CU000646,PL03,2022-11-19,,Active,443.45,Monthly
SUB000647,CU000647,PL02,2022-02-22,,Active,136.86,Monthly
SUB000648,CU000648,PL02,2022-01-23,,Active,174.62,Annual
SUB000649,CU000649,PL01,2025-07-06,2025-11-19,Churned,49.83,Monthly
SUB000650,CU000650,PL02,2024-01-30,,Active,175.3,Annual
SUB000651,CU000651,PL03,2022-06-15,2024-03-25,Churned,434.97,Monthly
SUB000652,CU000652,PL04,2026-02-09,,Active,1490.42,Monthly
SUB000653,CU000653,PL01,2022-01-03,2023-02-22,Churned,53.06,Annual
SUB000654,CU000654,PL03,2022-06-18,,Active,455.42,Annual
SUB000655,CU000655,PL01,2024-09-28,,Active,54.75,Monthly
SUB000656,CU000656,PL03,2024-03-13,,Active,465.18,Monthly
SUB000657,CU000657,PL01,2024-06-02,,Active,44.02,Monthly
SUB000658,CU000658,PL03,2026-03-19,,Active,433.12,Annual
SUB000659,CU000659,PL01,2023-05-24,,Active,57.71,Annual
SUB000660,CU000660,PL02,2022-04-25,,Active,168.17,Annual
SUB000661,CU000661,PL01,2025-12-03,2026-08-29,Churned,56.03,Annual
SUB000662,CU000662,PL01,2025-03-22,2026-07-18,Churned,42.4,Monthly
SUB000663,CU000663,PL03,2023-01-14,,Active,382.82,Monthly
SUB000664,CU000664,PL02,2023-11-25,2024-05-03,Churned,149.9,Monthly
SUB000665,CU000665,PL01,2025-12-08,,Active,50.09,Monthly
SUB000666,CU000666,PL01,2022-02-10,,Active,60.76,Monthly
SUB000667,CU000667,PL04,2022-02-06,,Active,1231.57,Annual
SUB000668,CU000668,PL04,2024-01-30,,Active,1125.83,Annual
SUB000669,CU000669,PL01,2024-07-30,,Active,41.7,Monthly
SUB000670,CU000670,PL02,2025-03-20,,Active,142.19,Monthly
SUB000671,CU000671,PL01,2025-09-04,,Active,57.68,Monthly
SUB000672,CU000672,PL02,2022-09-28,,Active,151.77,Annual
SUB000673,CU000673,PL02,2022-11-22,,Active,153.16,Monthly
SUB000674,CU000674,PL02,2023-11-17,2026-07-27,Churned,174.15,Monthly
SUB000675,CU000675,PL02,2023-06-29,,Active,150.24,Annual
SUB000676,CU000676,PL01,2022-06-20,,Active,52.19,Monthly
SUB000677,CU000677,PL02,2022-12-26,,Active,128.26,Annual
SUB000678,CU000678,PL02,2024-04-08,,Active,157.26,Annual
SUB000679,CU000679,PL01,2023-07-19,,Active,58.78,Monthly
SUB000680,CU000680,PL02,2024-01-02,,Active,181.69,Monthly
SUB000681,CU000681,PL02,2023-03-28,,Active,146.27,Monthly
SUB000682,CU000682,PL02,2025-07-23,,Active,182.36,Annual
SUB000683,CU000683,PL02,2025-05-11,,Active,181.52,Monthly
SUB000684,CU000684,PL02,2024-04-08,,Active,155.87,Monthly
SUB000685,CU000685,PL02,2022-04-01,,Active,142.13,Annual
SUB000686,CU000686,PL02,2024-09-12,,Active,171.26,Annual
SUB000687,CU000687,PL03,2025-07-02,,Active,445.49,Annual
SUB000688,CU000688,PL02,2024-02-28,2026-06-26,Churned,184.28,Annual
SUB000689,CU000689,PL02,2023-01-26,,Active,178.15,Annual
SUB000690,CU000690,PL04,2022-06-03,,Active,1496.25,Monthly
SUB000691,CU000691,PL01,2025-09-24,,Active,46.42,Monthly
SUB000692,CU000692,PL04,2024-10-25,,Active,1034.98,Annual
SUB000693,CU000693,PL01,2026-06-25,,Active,56.38,Annual
SUB000694,CU000694,PL02,2024-12-14,,Active,141.4,Annual
SUB000695,CU000695,PL04,2023-12-28,,Active,1343.35,Monthly
SUB000696,CU000696,PL03,2024-06-30,,Active,483.14,Monthly
SUB000697,CU000697,PL02,2023-07-30,2025-09-13,Churned,162.48,Annual
SUB000698,CU000698,PL01,2023-08-22,,Active,48.5,Annual
SUB000699,CU000699,PL03,2022-10-06,2025-04-01,Churned,443.09,Annual
SUB000700,CU000700,PL02,2025-03-11,2026-03-02,Churned,162.66,Annual
SUB000701,CU000701,PL03,2022-11-20,,Active,409.02,Monthly
SUB000702,CU000702,PL02,2022-07-07,2026-06-04,Churned,134.01,Monthly
SUB000703,CU000703,PL02,2022-05-27,,Active,128.82,Annual
SUB000704,CU000704,PL03,2022-06-30,,Active,396.21,Annual
SUB000705,CU000705,PL01,2024-01-24,,Active,51.22,Monthly
SUB000706,CU000706,PL03,2022-04-26,,Active,455.18,Annual
SUB000707,CU000707,PL04,2026-06-03,,Active,1396.53,Monthly
SUB000708,CU000708,PL03,2023-07-17,2025-08-04,Churned,496.57,Monthly
SUB000709,CU000709,PL02,2022-02-27,,Active,158.7,Monthly
SUB000710,CU000710,PL03,2023-01-09,,Active,479.93,Monthly
SUB000711,CU000711,PL01,2022-11-21,,Active,45.34,Monthly
SUB000712,CU000712,PL01,2022-10-13,,Active,60.2,Monthly
SUB000713,CU000713,PL04,2026-05-22,,Active,1233.37,Monthly
SUB000714,CU000714,PL01,2022-04-15,2022-12-19,Churned,42.9,Monthly
SUB000715,CU000715,PL03,2024-08-05,2025-10-09,Churned,494.4,Annual
SUB000716,CU000716,PL02,2024-12-14,,Active,126.89,Annual
SUB000717,CU000717,PL02,2025-06-13,,Active,166.58,Monthly
SUB000718,CU000718,PL01,2025-08-10,,Active,57.25,Monthly
SUB000719,CU000719,PL01,2025-10-17,2026-06-29,Churned,48.06,Annual
SUB000720,CU000720,PL01,2026-06-02,,Active,55.17,Monthly
SUB000721,CU000721,PL04,2024-10-26,,Active,1166.6,Annual
SUB000722,CU000722,PL02,2024-05-07,,Active,169.24,Monthly
SUB000723,CU000723,PL01,2022-08-14,,Active,58.83,Annual
SUB000724,CU000724,PL01,2022-09-15,,Active,51.31,Monthly
SUB000725,CU000725,PL02,2024-06-04,,Active,182.59,Monthly
SUB000726,CU000726,PL02,2025-12-10,2026-04-12,Churned,128.93,Annual
SUB000727,CU000727,PL01,2023-07-09,,Active,54.51,Annual
SUB000728,CU000728,PL01,2023-04-17,,Active,57.75,Annual
SUB000729,CU000729,PL01,2026-04-20,,Active,44.03,Annual
SUB000730,CU000730,PL02,2025-05-18,,Active,175.81,Monthly
SUB000731,CU000731,PL01,2023-04-06,,Active,59.55,Annual
SUB000732,CU000732,PL03,2023-01-09,,Active,343.14,Monthly
SUB000733,CU000733,PL01,2025-03-21,,Active,60.67,Monthly
SUB000734,CU000734,PL01,2023-03-24,2025-06-28,Churned,43.35,Monthly
SUB000735,CU000735,PL02,2023-05-09,,Active,177.5,Annual
SUB000736,CU000736,PL01,2025-03-20,,Active,45.15,Annual
SUB000737,CU000737,PL01,2023-10-12,,Active,49.4,Monthly
SUB000738,CU000738,PL01,2024-03-17,2024-11-10,Churned,59.89,Annual
SUB000739,CU000739,PL03,2023-03-07,2024-01-22,Churned,403.57,Annual
SUB000740,CU000740,PL01,2026-02-27,,Active,51.72,Monthly
SUB000741,CU000741,PL03,2022-08-25,,Active,350.95,Monthly
SUB000742,CU000742,PL03,2023-09-15,,Active,495.99,Monthly
SUB000743,CU000743,PL01,2025-09-27,2026-04-10,Churned,45.96,Annual
SUB000744,CU000744,PL03,2023-03-08,2025-04-16,Churned,483.91,Annual
SUB000745,CU000745,PL03,2026-01-15,,Active,392.21,Monthly
SUB000746,CU000746,PL02,2022-06-17,,Active,146.74,Monthly
SUB000747,CU000747,PL02,2023-12-04,,Active,185.83,Monthly
SUB000748,CU000748,PL03,2026-05-31,,Active,470.02,Monthly
SUB000749,CU000749,PL04,2026-05-03,,Active,1445.01,Annual
SUB000750,CU000750,PL02,2025-12-16,,Active,186.21,Annual
SUB000751,CU000751,PL01,2025-06-08,,Active,49.07,Monthly
SUB000752,CU000752,PL03,2023-10-04,,Active,484.71,Annual
SUB000753,CU000753,PL04,2024-04-05,,Active,1077.35,Monthly
SUB000754,CU000754,PL02,2024-06-13,,Active,141.22,Monthly
SUB000755,CU000755,PL02,2022-04-26,,Active,148.37,Monthly
SUB000756,CU000756,PL03,2024-06-14,,Active,440.82,Monthly
SUB000757,CU000757,PL02,2025-09-08,2026-02-23,Churned,172.45,Monthly
SUB000758,CU000758,PL02,2022-04-26,,Active,166.81,Monthly
SUB000759,CU000759,PL01,2023-05-09,,Active,44.23,Annual
SUB000760,CU000760,PL01,2025-06-14,,Active,54.61,Monthly
SUB000761,CU000761,PL03,2025-10-11,,Active,359.91,Annual
SUB000762,CU000762,PL01,2024-10-02,,Active,53.12,Annual
SUB000763,CU000763,PL02,2026-02-27,2026-06-22,Churned,144.12,Annual
SUB000764,CU000764,PL01,2023-10-16,,Active,56.93,Monthly
SUB000765,CU000765,PL04,2025-12-07,,Active,1412.95,Monthly
SUB000766,CU000766,PL04,2022-07-13,,Active,1263.14,Monthly
SUB000767,CU000767,PL01,2025-05-18,2026-07-25,Churned,51.5,Monthly
SUB000768,CU000768,PL01,2025-07-06,,Active,50.31,Monthly
SUB000769,CU000769,PL04,2025-08-25,,Active,1286.87,Annual
SUB000770,CU000770,PL01,2026-05-01,,Active,51.4,Monthly
SUB000771,CU000771,PL02,2024-01-17,2025-02-18,Churned,178.27,Annual
SUB000772,CU000772,PL04,2022-03-18,,Active,1222.56,Annual
SUB000773,CU000773,PL01,2024-04-29,,Active,48.53,Monthly
SUB000774,CU000774,PL02,2024-05-22,,Active,183.18,Annual
SUB000775,CU000775,PL01,2022-10-18,2024-03-26,Churned,43.58,Annual
SUB000776,CU000776,PL01,2023-09-10,2024-09-14,Churned,54.88,Monthly
SUB000777,CU000777,PL01,2022-06-24,,Active,55.78,Monthly
SUB000778,CU000778,PL02,2024-09-26,2026-08-24,Churned,135.55,Monthly
SUB000779,CU000779,PL01,2025-05-06,2025-09-18,Churned,55.62,Annual
SUB000780,CU000780,PL02,2022-10-05,2024-12-11,Churned,178.8,Annual
SUB000781,CU000781,PL03,2024-11-20,,Active,368.29,Monthly
SUB000782,CU000782,PL02,2022-10-20,2023-09-21,Churned,130.38,Monthly
SUB000783,CU000783,PL02,2022-09-16,,Active,142.01,Monthly
SUB000784,CU000784,PL03,2023-01-06,2026-04-30,Churned,346.36,Monthly
SUB000785,CU000785,PL01,2023-12-14,,Active,53.77,Monthly
SUB000786,CU000786,PL01,2025-01-28,,Active,44.53,Monthly
SUB000787,CU000787,PL02,2022-08-06,,Active,170.14,Annual
SUB000788,CU000788,PL04,2022-09-29,,Active,1124.27,Monthly
SUB000789,CU000789,PL01,2022-02-13,2023-09-08,Churned,42.97,Monthly
SUB000790,CU000790,PL01,2025-10-01,2026-08-05,Churned,44.04,Annual
SUB000791,CU000791,PL01,2025-04-25,,Active,56.58,Annual
SUB000792,CU000792,PL04,2024-10-26,,Active,1173.67,Monthly
SUB000793,CU000793,PL01,2022-07-31,2024-07-03,Churned,56.06,Monthly
SUB000794,CU000794,PL03,2022-07-09,,Active,391.98,Annual
SUB000795,CU000795,PL03,2023-06-03,,Active,367.27,Monthly
SUB000796,CU000796,PL02,2025-02-24,,Active,154.51,Annual
SUB000797,CU000797,PL04,2022-02-08,,Active,1341.09,Monthly
SUB000798,CU000798,PL01,2026-06-29,,Active,56.1,Annual
SUB000799,CU000799,PL03,2023-06-23,,Active,481.34,Monthly
SUB000800,CU000800,PL03,2023-03-13,2024-11-05,Churned,383.0,Monthly
SUB000801,CU000801,PL03,2023-12-05,,Active,384.33,Monthly
SUB000802,CU000802,PL04,2022-11-24,,Active,1279.18,Annual
SUB000803,CU000803,PL03,2026-03-05,,Active,407.38,Monthly
SUB000804,CU000804,PL03,2025-06-07,,Active,459.06,Monthly
SUB000805,CU000805,PL03,2026-05-03,,Active,362.56,Annual
SUB000806,CU000806,PL03,2022-04-23,,Active,358.5,Monthly
SUB000807,CU000807,PL03,2024-02-14,,Active,444.92,Annual
SUB000808,CU000808,PL01,2024-01-13,,Active,46.32,Annual
SUB000809,CU000809,PL01,2023-12-21,,Active,48.3,Annual
SUB000810,CU000810,PL01,2026-06-05,,Active,51.26,Monthly
SUB000811,CU000811,PL01,2025-04-07,,Active,45.22,Annual
SUB000812,CU000812,PL02,2024-04-16,,Active,184.66,Annual
SUB000813,CU000813,PL01,2025-06-17,,Active,52.14,Monthly
SUB000814,CU000814,PL02,2022-06-29,,Active,139.52,Annual
SUB000815,CU000815,PL02,2025-05-22,,Active,140.86,Annual
SUB000816,CU000816,PL02,2024-02-20,,Active,181.99,Monthly
SUB000817,CU000817,PL04,2023-02-14,,Active,1191.22,Annual
SUB000818,CU000818,PL02,2022-06-07,2022-09-16,Churned,170.47,Annual
SUB000819,CU000819,PL02,2022-07-29,2024-12-16,Churned,173.74,Annual
SUB000820,CU000820,PL01,2023-09-15,2024-03-03,Churned,46.47,Annual
SUB000821,CU000821,PL01,2026-03-11,,Active,58.54,Monthly
SUB000822,CU000822,PL03,2022-06-17,,Active,443.3,Monthly
SUB000823,CU000823,PL02,2022-07-11,,Active,169.68,Annual
SUB000824,CU000824,PL04,2024-07-10,,Active,1403.92,Annual
SUB000825,CU000825,PL01,2025-01-13,,Active,56.63,Monthly
SUB000826,CU000826,PL01,2025-11-30,2026-03-15,Churned,56.93,Annual
SUB000827,CU000827,PL03,2025-08-04,,Active,383.19,Monthly
SUB000828,CU000828,PL02,2025-06-24,,Active,160.77,Annual
SUB000829,CU000829,PL02,2024-09-08,2026-08-05,Churned,163.23,Monthly
SUB000830,CU000830,PL01,2025-07-12,2026-05-02,Churned,59.4,Annual
SUB000831,CU000831,PL01,2025-12-25,,Active,45.84,Monthly
SUB000832,CU000832,PL03,2022-03-11,,Active,433.7,Monthly
SUB000833,CU000833,PL03,2025-12-17,,Active,380.7,Annual
SUB000834,CU000834,PL02,2026-04-10,,Active,144.94,Monthly
SUB000835,CU000835,PL01,2024-10-12,2026-01-28,Churned,57.02,Annual
SUB000836,CU000836,PL01,2024-07-18,2026-07-20,Churned,59.79,Monthly
SUB000837,CU000837,PL04,2025-04-04,,Active,1268.15,Annual
SUB000838,CU000838,PL02,2022-04-10,,Active,185.8,Annual
SUB000839,CU000839,PL02,2023-12-26,,Active,180.93,Monthly
SUB000840,CU000840,PL01,2023-01-02,,Active,49.97,Annual
SUB000841,CU000841,PL02,2022-11-11,,Active,183.83,Annual
SUB000842,CU000842,PL01,2022-05-23,,Active,48.9,Annual
SUB000843,CU000843,PL04,2025-12-01,,Active,1194.92,Annual
SUB000844,CU000844,PL04,2025-06-16,,Active,1274.45,Annual
SUB000845,CU000845,PL02,2025-12-06,,Active,129.11,Annual
SUB000846,CU000846,PL02,2022-10-08,,Active,180.48,Monthly
SUB000847,CU000847,PL02,2024-09-17,2026-02-21,Churned,127.76,Annual
SUB000848,CU000848,PL01,2026-02-02,,Active,56.3,Monthly
SUB000849,CU000849,PL04,2025-06-21,,Active,1214.01,Annual
SUB000850,CU000850,PL02,2024-01-16,,Active,127.43,Annual
SUB000851,CU000851,PL02,2025-09-13,,Active,141.93,Annual
SUB000852,CU000852,PL01,2024-09-26,2025-11-22,Churned,43.27,Annual
SUB000853,CU000853,PL01,2026-06-23,,Active,58.59,Annual
SUB000854,CU000854,PL02,2023-05-26,,Active,180.11,Monthly
SUB000855,CU000855,PL02,2022-09-19,,Active,185.97,Annual
SUB000856,CU000856,PL03,2025-10-20,,Active,443.84,Annual
SUB000857,CU000857,PL01,2025-11-17,2026-06-18,Churned,41.67,Monthly
SUB000858,CU000858,PL01,2022-02-26,2023-06-25,Churned,47.76,Monthly
SUB000859,CU000859,PL01,2022-03-04,,Active,60.05,Annual
SUB000860,CU000860,PL01,2022-03-04,,Active,53.82,Monthly
SUB000861,CU000861,PL02,2023-01-08,2026-05-22,Churned,184.41,Annual
SUB000862,CU000862,PL01,2024-09-25,,Active,47.09,Monthly
SUB000863,CU000863,PL01,2022-05-24,,Active,47.6,Annual
SUB000864,CU000864,PL02,2024-09-26,2025-02-01,Churned,157.05,Annual
SUB000865,CU000865,PL03,2024-01-08,,Active,493.28,Monthly
SUB000866,CU000866,PL03,2023-09-22,,Active,424.63,Monthly
SUB000867,CU000867,PL01,2026-06-28,,Active,52.65,Annual
SUB000868,CU000868,PL02,2024-09-18,2025-03-08,Churned,175.18,Annual
SUB000869,CU000869,PL02,2022-02-19,,Active,163.9,Monthly
SUB000870,CU000870,PL01,2023-11-09,,Active,49.34,Annual
SUB000871,CU000871,PL01,2023-01-23,,Active,52.51,Monthly
SUB000872,CU000872,PL03,2025-07-21,,Active,442.12,Monthly
SUB000873,CU000873,PL02,2022-01-11,,Active,153.53,Monthly
SUB000874,CU000874,PL01,2024-01-31,,Active,47.94,Monthly
SUB000875,CU000875,PL01,2022-08-02,,Active,59.27,Monthly
SUB000876,CU000876,PL02,2022-07-09,,Active,158.19,Monthly
SUB000877,CU000877,PL02,2023-06-12,,Active,171.2,Monthly
SUB000878,CU000878,PL01,2024-08-13,,Active,55.4,Annual
SUB000879,CU000879,PL02,2022-01-27,,Active,145.67,Annual
SUB000880,CU000880,PL01,2025-08-08,,Active,57.95,Monthly
SUB000881,CU000881,PL01,2023-04-28,2025-11-17,Churned,42.04,Annual
SUB000882,CU000882,PL02,2025-01-15,,Active,148.12,Monthly
SUB000883,CU000883,PL01,2023-12-21,2025-07-31,Churned,46.94,Annual
SUB000884,CU000884,PL02,2026-02-25,,Active,171.33,Annual
SUB000885,CU000885,PL01,2026-02-11,,Active,49.7,Monthly
SUB000886,CU000886,PL03,2022-08-11,,Active,437.12,Monthly
SUB000887,CU000887,PL01,2023-03-21,,Active,46.1,Annual
SUB000888,CU000888,PL04,2026-03-23,,Active,1431.35,Monthly
SUB000889,CU000889,PL02,2023-08-24,,Active,154.09,Annual
SUB000890,CU000890,PL01,2024-09-28,,Active,50.53,Annual
SUB000891,CU000891,PL01,2023-01-25,,Active,50.65,Annual
SUB000892,CU000892,PL03,2025-06-24,,Active,468.48,Annual
SUB000893,CU000893,PL03,2023-07-12,,Active,367.25,Annual
SUB000894,CU000894,PL02,2024-07-20,,Active,168.96,Annual
SUB000895,CU000895,PL01,2023-08-31,,Active,48.35,Monthly
SUB000896,CU000896,PL03,2025-05-16,,Active,439.55,Annual
SUB000897,CU000897,PL02,2025-12-24,,Active,163.66,Annual
SUB000898,CU000898,PL01,2022-08-23,2023-04-24,Churned,49.92,Annual
SUB000899,CU000899,PL03,2025-01-31,,Active,492.77,Annual
SUB000900,CU000900,PL01,2024-09-14,2025-01-07,Churned,46.93,Annual
SUB000901,CU000901,PL02,2025-12-04,,Active,140.91,Monthly
SUB000902,CU000902,PL03,2024-03-13,2025-08-25,Churned,408.41,Annual
SUB000903,CU000903,PL02,2023-03-04,,Active,169.2,Annual
SUB000904,CU000904,PL04,2025-11-27,,Active,1413.44,Annual
SUB000905,CU000905,PL04,2022-06-30,,Active,1391.54,Monthly
SUB000906,CU000906,PL01,2022-12-19,,Active,50.35,Monthly
SUB000907,CU000907,PL03,2023-07-19,2024-07-05,Churned,394.27,Annual
SUB000908,CU000908,PL03,2022-12-15,,Active,393.5,Monthly
SUB000909,CU000909,PL04,2025-10-09,2026-04-23,Churned,1351.81,Annual
SUB000910,CU000910,PL02,2025-10-26,2026-03-16,Churned,174.89,Annual
SUB000911,CU000911,PL01,2022-11-15,2025-08-09,Churned,43.08,Monthly
SUB000912,CU000912,PL03,2026-02-25,,Active,478.55,Annual
SUB000913,CU000913,PL02,2024-01-21,2024-10-18,Churned,162.57,Monthly
SUB000914,CU000914,PL02,2023-11-17,,Active,156.01,Monthly
SUB000915,CU000915,PL02,2024-12-30,2026-03-31,Churned,143.23,Annual
SUB000916,CU000916,PL03,2024-03-28,,Active,439.76,Monthly
SUB000917,CU000917,PL03,2023-05-26,,Active,411.32,Monthly
SUB000918,CU000918,PL02,2022-07-30,,Active,129.34,Monthly
SUB000919,CU000919,PL02,2024-11-25,,Active,134.45,Monthly
SUB000920,CU000920,PL03,2024-06-25,,Active,371.44,Annual
SUB000921,CU000921,PL02,2023-05-02,,Active,170.05,Annual
SUB000922,CU000922,PL03,2026-06-29,,Active,493.08,Annual
SUB000923,CU000923,PL02,2022-08-15,,Active,141.0,Monthly
SUB000924,CU000924,PL02,2023-04-20,,Active,173.35,Annual
SUB000925,CU000925,PL01,2024-09-02,,Active,60.2,Annual
SUB000926,CU000926,PL03,2024-01-26,,Active,405.54,Annual
SUB000927,CU000927,PL02,2022-02-21,,Active,174.13,Monthly
SUB000928,CU000928,PL03,2024-03-06,,Active,347.62,Monthly
SUB000929,CU000929,PL03,2023-10-12,,Active,425.67,Monthly
SUB000930,CU000930,PL02,2025-11-26,,Active,156.62,Annual
SUB000931,CU000931,PL02,2024-06-16,,Active,173.08,Monthly
SUB000932,CU000932,PL01,2026-06-04,,Active,57.22,Monthly
SUB000933,CU000933,PL01,2025-06-29,,Active,54.17,Monthly
SUB000934,CU000934,PL04,2022-06-24,,Active,1075.57,Monthly
SUB000935,CU000935,PL02,2023-07-28,,Active,161.08,Annual
SUB000936,CU000936,PL01,2022-12-15,,Active,52.38,Annual
SUB000937,CU000937,PL01,2024-02-18,2024-07-17,Churned,55.62,Monthly
SUB000938,CU000938,PL02,2024-01-27,,Active,152.35,Monthly
SUB000939,CU000939,PL01,2022-01-05,,Active,48.01,Monthly
SUB000940,CU000940,PL01,2023-09-26,,Active,48.85,Monthly
SUB000941,CU000941,PL04,2024-04-20,,Active,1182.62,Monthly
SUB000942,CU000942,PL03,2026-06-17,,Active,444.25,Monthly
SUB000943,CU000943,PL02,2023-02-05,,Active,155.39,Annual
SUB000944,CU000944,PL02,2023-09-30,,Active,180.7,Annual
SUB000945,CU000945,PL03,2023-04-28,,Active,456.1,Annual
SUB000946,CU000946,PL01,2024-01-07,,Active,55.26,Annual
SUB000947,CU000947,PL01,2024-02-22,,Active,55.55,Annual
SUB000948,CU000948,PL04,2022-08-03,,Active,1474.49,Monthly
SUB000949,CU000949,PL02,2022-03-01,,Active,148.83,Annual
SUB000950,CU000950,PL01,2023-05-16,,Active,57.54,Annual
SUB000951,CU000951,PL01,2024-08-11,2026-03-08,Churned,47.69,Annual
SUB000952,CU000952,PL03,2025-11-10,,Active,360.81,Annual
SUB000953,CU000953,PL02,2023-06-21,,Active,132.33,Monthly
SUB000954,CU000954,PL04,2025-08-11,,Active,1180.86,Annual
SUB000955,CU000955,PL01,2023-03-18,,Active,47.97,Annual
SUB000956,CU000956,PL01,2025-09-04,,Active,43.87,Annual
SUB000957,CU000957,PL02,2026-03-15,,Active,129.69,Annual
SUB000958,CU000958,PL01,2023-10-11,,Active,55.01,Annual
SUB000959,CU000959,PL01,2023-06-28,,Active,59.76,Monthly
SUB000960,CU000960,PL02,2023-03-13,,Active,150.48,Monthly
SUB000961,CU000961,PL02,2026-03-21,,Active,147.33,Monthly
SUB000962,CU000962,PL01,2024-04-13,,Active,46.81,Monthly
SUB000963,CU000963,PL02,2025-09-30,2026-06-23,Churned,152.89,Annual
SUB000964,CU000964,PL01,2024-07-18,,Active,43.52,Annual
SUB000965,CU000965,PL02,2023-07-25,,Active,183.57,Monthly
SUB000966,CU000966,PL02,2024-03-11,2025-03-26,Churned,180.93,Annual
SUB000967,CU000967,PL01,2024-01-31,2024-10-08,Churned,50.23,Monthly
SUB000968,CU000968,PL02,2022-11-25,,Active,147.07,Monthly
SUB000969,CU000969,PL02,2023-02-21,,Active,157.49,Monthly
SUB000970,CU000970,PL01,2023-12-11,,Active,44.16,Annual
SUB000971,CU000971,PL01,2026-04-20,,Active,46.28,Monthly
SUB000972,CU000972,PL01,2023-06-20,,Active,51.43,Annual
SUB000973,CU000973,PL02,2023-02-16,,Active,156.8,Annual
SUB000974,CU000974,PL01,2022-12-15,,Active,60.34,Annual
SUB000975,CU000975,PL02,2025-10-30,,Active,148.91,Annual
SUB000976,CU000976,PL01,2022-01-26,,Active,54.93,Annual
SUB000977,CU000977,PL02,2024-02-29,,Active,128.93,Monthly
SUB000978,CU000978,PL03,2026-04-23,,Active,407.85,Annual
SUB000979,CU000979,PL03,2024-07-24,,Active,345.39,Annual
SUB000980,CU000980,PL01,2026-04-23,,Active,51.57,Annual
SUB000981,CU000981,PL02,2022-02-10,,Active,156.96,Annual
SUB000982,CU000982,PL01,2024-10-29,,Active,42.56,Monthly
SUB000983,CU000983,PL01,2022-08-31,,Active,57.34,Monthly
SUB000984,CU000984,PL02,2025-04-23,,Active,176.1,Monthly
SUB000985,CU000985,PL01,2024-08-14,,Active,42.69,Monthly
SUB000986,CU000986,PL03,2024-01-23,,Active,363.87,Annual
SUB000987,CU000987,PL02,2023-11-01,,Active,128.39,Annual
SUB000988,CU000988,PL03,2025-06-18,,Active,396.82,Monthly
SUB000989,CU000989,PL01,2025-03-28,,Active,56.21,Annual
SUB000990,CU000990,PL03,2025-02-25,2025-06-02,Churned,366.04,Monthly
SUB000991,CU000991,PL02,2024-10-30,,Active,153.36,Annual
SUB000992,CU000992,PL02,2025-12-20,,Active,162.21,Monthly
SUB000993,CU000993,PL01,2023-04-25,,Active,57.04,Annual
SUB000994,CU000994,PL01,2024-09-25,,Active,52.19,Monthly
SUB000995,CU000995,PL03,2026-01-28,,Active,462.76,Annual
SUB000996,CU000996,PL02,2022-06-24,,Active,180.54,Annual
SUB000997,CU000997,PL01,2024-06-22,,Active,60.85,Annual
SUB000998,CU000998,PL02,2025-04-19,2025-09-29,Churned,154.29,Monthly
SUB000999,CU000999,PL02,2022-06-03,2026-01-11,Churned,141.85,Annual
SUB001000,CU001000,PL04,2023-03-16,,Active,1455.27,Annual
SUB001001,CU001001,PL03,2026-03-31,,Active,358.35,Monthly
SUB001002,CU001002,PL03,2022-03-10,,Active,341.59,Monthly
SUB001003,CU001003,PL01,2025-05-02,,Active,44.27,Annual
SUB001004,CU001004,PL04,2023-08-23,,Active,1382.6,Annual
SUB001005,CU001005,PL02,2024-06-21,,Active,157.13,Monthly
SUB001006,CU001006,PL03,2023-05-21,,Active,391.44,Annual
SUB001007,CU001007,PL03,2026-04-20,,Active,497.12,Monthly
SUB001008,CU001008,PL02,2023-03-08,,Active,184.23,Annual
SUB001009,CU001009,PL02,2022-08-27,,Active,138.98,Annual
SUB001010,CU001010,PL01,2024-10-14,2026-02-04,Churned,42.15,Annual
SUB001011,CU001011,PL04,2022-01-06,2024-01-28,Churned,1451.4,Monthly
SUB001012,CU001012,PL01,2023-11-01,,Active,49.31,Annual
SUB001013,CU001013,PL01,2022-07-29,,Active,54.13,Annual
SUB001014,CU001014,PL02,2026-03-06,,Active,179.3,Annual
SUB001015,CU001015,PL01,2024-04-20,,Active,48.96,Annual
SUB001016,CU001016,PL02,2023-12-23,,Active,183.71,Annual
SUB001017,CU001017,PL01,2024-07-18,2025-12-28,Churned,54.89,Monthly
SUB001018,CU001018,PL02,2022-09-04,,Active,151.98,Annual
SUB001019,CU001019,PL01,2022-05-29,2023-02-15,Churned,49.1,Monthly
SUB001020,CU001020,PL03,2022-11-30,,Active,459.16,Monthly
SUB001021,CU001021,PL02,2025-02-09,2025-07-01,Churned,149.77,Annual
SUB001022,CU001022,PL01,2026-01-27,,Active,59.8,Monthly
SUB001023,CU001023,PL03,2025-09-29,,Active,382.29,Annual
SUB001024,CU001024,PL03,2024-12-09,,Active,463.64,Monthly
SUB001025,CU001025,PL04,2022-06-28,,Active,1284.09,Annual
SUB001026,CU001026,PL01,2023-05-26,2025-09-23,Churned,56.85,Monthly
SUB001027,CU001027,PL02,2022-04-29,,Active,166.85,Monthly
SUB001028,CU001028,PL03,2023-04-04,,Active,396.35,Monthly
SUB001029,CU001029,PL02,2022-01-05,,Active,144.7,Annual
SUB001030,CU001030,PL01,2025-01-18,,Active,60.73,Monthly
SUB001031,CU001031,PL02,2024-08-19,2025-06-15,Churned,159.21,Monthly
SUB001032,CU001032,PL01,2023-08-17,,Active,44.33,Monthly
SUB001033,CU001033,PL02,2024-11-21,,Active,140.52,Monthly
SUB001034,CU001034,PL04,2023-07-30,,Active,1283.3,Monthly
SUB001035,CU001035,PL01,2022-01-19,,Active,54.1,Monthly
SUB001036,CU001036,PL03,2024-12-10,,Active,456.45,Annual
SUB001037,CU001037,PL03,2026-03-12,,Active,420.29,Annual
SUB001038,CU001038,PL01,2022-08-24,,Active,43.86,Annual
SUB001039,CU001039,PL01,2023-04-01,,Active,46.13,Annual
SUB001040,CU001040,PL03,2025-06-20,,Active,366.32,Monthly
SUB001041,CU001041,PL01,2024-12-24,,Active,59.0,Annual
SUB001042,CU001042,PL02,2025-12-18,,Active,163.9,Monthly
SUB001043,CU001043,PL02,2026-01-09,,Active,163.67,Monthly
SUB001044,CU001044,PL01,2023-02-27,,Active,49.2,Monthly
SUB001045,CU001045,PL03,2025-02-26,,Active,486.62,Monthly
SUB001046,CU001046,PL01,2022-12-17,,Active,55.74,Monthly
SUB001047,CU001047,PL02,2024-08-27,,Active,174.54,Monthly
SUB001048,CU001048,PL01,2024-02-29,,Active,46.7,Annual
SUB001049,CU001049,PL04,2025-11-19,,Active,1150.39,Monthly
SUB001050,CU001050,PL02,2025-03-05,2026-03-06,Churned,142.12,Monthly
SUB001051,CU001051,PL01,2024-09-14,,Active,56.12,Annual
SUB001052,CU001052,PL02,2022-02-13,,Active,177.26,Monthly
SUB001053,CU001053,PL03,2024-03-28,2025-09-27,Churned,477.43,Monthly
SUB001054,CU001054,PL02,2022-01-17,2023-06-09,Churned,185.41,Annual
SUB001055,CU001055,PL03,2022-05-21,,Active,465.2,Monthly
SUB001056,CU001056,PL02,2022-01-12,,Active,134.31,Annual
SUB001057,CU001057,PL02,2022-06-14,,Active,178.78,Annual
SUB001058,CU001058,PL03,2022-11-16,,Active,345.19,Annual
SUB001059,CU001059,PL03,2025-04-14,,Active,422.4,Annual
SUB001060,CU001060,PL01,2022-10-27,2023-09-06,Churned,54.71,Monthly
SUB001061,CU001061,PL01,2022-06-30,,Active,43.58,Monthly
SUB001062,CU001062,PL01,2025-06-06,2026-08-11,Churned,54.67,Annual
SUB001063,CU001063,PL02,2026-04-12,,Active,143.08,Monthly
SUB001064,CU001064,PL02,2025-07-15,,Active,132.29,Monthly
SUB001065,CU001065,PL04,2024-10-25,,Active,1294.73,Annual
SUB001066,CU001066,PL02,2024-04-25,2026-05-18,Churned,177.07,Annual
SUB001067,CU001067,PL02,2026-04-15,,Active,173.0,Annual
SUB001068,CU001068,PL02,2023-02-02,2026-05-28,Churned,147.78,Monthly
SUB001069,CU001069,PL03,2026-02-08,,Active,498.45,Monthly
SUB001070,CU001070,PL04,2026-06-03,,Active,1429.14,Monthly
SUB001071,CU001071,PL01,2023-12-30,,Active,48.21,Annual
SUB001072,CU001072,PL03,2025-04-09,,Active,402.26,Monthly
SUB001073,CU001073,PL02,2024-10-16,,Active,183.43,Monthly
SUB001074,CU001074,PL02,2022-10-30,,Active,180.46,Annual
SUB001075,CU001075,PL02,2025-01-18,,Active,160.15,Annual
SUB001076,CU001076,PL01,2026-05-08,,Active,51.09,Annual
SUB001077,CU001077,PL01,2024-09-09,,Active,48.69,Annual
SUB001078,CU001078,PL04,2022-10-14,,Active,1390.71,Monthly
SUB001079,CU001079,PL02,2025-03-28,,Active,168.25,Annual
SUB001080,CU001080,PL02,2026-01-05,2026-08-15,Churned,141.85,Annual
SUB001081,CU001081,PL03,2022-04-27,,Active,429.23,Annual
SUB001082,CU001082,PL03,2022-07-07,2025-11-20,Churned,370.27,Annual
SUB001083,CU001083,PL03,2026-03-31,,Active,475.96,Monthly
SUB001084,CU001084,PL03,2026-01-11,,Active,404.48,Annual
SUB001085,CU001085,PL02,2024-11-18,,Active,166.15,Monthly
SUB001086,CU001086,PL01,2025-08-11,,Active,51.85,Monthly
SUB001087,CU001087,PL03,2023-04-25,,Active,431.41,Annual
SUB001088,CU001088,PL01,2025-01-08,,Active,48.28,Annual
SUB001089,CU001089,PL01,2022-08-31,2023-04-04,Churned,60.67,Monthly
SUB001090,CU001090,PL01,2024-06-30,,Active,55.12,Annual
SUB001091,CU001091,PL02,2025-03-16,,Active,167.47,Monthly
SUB001092,CU001092,PL01,2023-02-06,2025-01-18,Churned,50.01,Annual
SUB001093,CU001093,PL02,2023-03-20,,Active,139.21,Monthly
SUB001094,CU001094,PL02,2022-10-15,,Active,177.65,Monthly
SUB001095,CU001095,PL01,2023-12-10,,Active,49.71,Monthly
SUB001096,CU001096,PL04,2022-02-10,,Active,1164.7,Annual
SUB001097,CU001097,PL01,2022-04-21,,Active,46.38,Annual
SUB001098,CU001098,PL02,2025-02-22,,Active,152.27,Monthly
SUB001099,CU001099,PL02,2024-02-23,,Active,143.74,Monthly
SUB001100,CU001100,PL03,2024-06-08,,Active,346.67,Monthly
SUB001101,CU001101,PL01,2025-06-23,,Active,54.42,Monthly
SUB001102,CU001102,PL01,2023-06-19,2024-02-22,Churned,57.57,Monthly
SUB001103,CU001103,PL01,2022-01-11,2026-02-22,Churned,47.58,Annual
SUB001104,CU001104,PL02,2025-09-02,,Active,126.72,Monthly
SUB001105,CU001105,PL03,2025-07-07,,Active,463.41,Annual
SUB001106,CU001106,PL01,2023-08-04,,Active,59.7,Monthly
SUB001107,CU001107,PL03,2022-12-09,,Active,344.26,Monthly
SUB001108,CU001108,PL04,2022-05-22,,Active,1158.08,Monthly
SUB001109,CU001109,PL03,2024-01-15,,Active,426.48,Monthly
SUB001110,CU001110,PL02,2023-07-14,,Active,142.21,Annual
SUB001111,CU001111,PL02,2025-07-07,,Active,140.12,Monthly
SUB001112,CU001112,PL01,2022-12-19,,Active,53.91,Annual
SUB001113,CU001113,PL02,2024-05-17,,Active,165.81,Monthly
SUB001114,CU001114,PL02,2024-03-20,,Active,162.54,Annual
SUB001115,CU001115,PL01,2023-02-08,,Active,41.99,Annual
SUB001116,CU001116,PL03,2025-09-18,,Active,462.67,Monthly
SUB001117,CU001117,PL01,2024-03-01,,Active,45.0,Monthly
SUB001118,CU001118,PL01,2025-08-03,,Active,54.76,Annual
SUB001119,CU001119,PL04,2026-03-04,,Active,1333.76,Annual
SUB001120,CU001120,PL04,2025-05-02,,Active,1364.8,Annual
SUB001121,CU001121,PL02,2022-03-08,,Active,162.8,Annual
SUB001122,CU001122,PL02,2025-03-16,2025-11-15,Churned,160.48,Annual
SUB001123,CU001123,PL01,2025-07-17,2026-02-12,Churned,55.15,Annual
SUB001124,CU001124,PL02,2022-07-10,2023-07-04,Churned,153.21,Annual
SUB001125,CU001125,PL04,2025-11-17,,Active,1460.43,Annual
SUB001126,CU001126,PL01,2026-06-29,,Active,54.64,Annual
SUB001127,CU001127,PL01,2023-10-17,,Active,59.91,Annual
SUB001128,CU001128,PL02,2025-12-26,2026-05-05,Churned,129.31,Monthly
SUB001129,CU001129,PL03,2022-10-15,,Active,345.76,Monthly
SUB001130,CU001130,PL03,2023-11-21,,Active,487.44,Monthly
SUB001131,CU001131,PL01,2024-10-16,,Active,61.13,Monthly
SUB001132,CU001132,PL01,2024-10-11,2026-07-24,Churned,54.99,Annual
SUB001133,CU001133,PL01,2024-04-27,,Active,58.84,Monthly
SUB001134,CU001134,PL04,2022-04-25,,Active,1458.33,Annual
SUB001135,CU001135,PL03,2024-12-19,,Active,481.84,Annual
SUB001136,CU001136,PL02,2023-11-29,,Active,177.37,Monthly
SUB001137,CU001137,PL03,2025-02-26,,Active,377.42,Annual
SUB001138,CU001138,PL02,2022-08-15,,Active,142.51,Annual
SUB001139,CU001139,PL03,2024-03-23,2026-03-19,Churned,470.21,Monthly
SUB001140,CU001140,PL04,2026-01-30,,Active,1076.87,Monthly
SUB001141,CU001141,PL01,2022-04-05,,Active,52.69,Monthly
SUB001142,CU001142,PL01,2023-06-08,,Active,60.58,Monthly
SUB001143,CU001143,PL01,2022-01-05,,Active,42.82,Monthly
SUB001144,CU001144,PL02,2025-01-22,,Active,177.2,Monthly
SUB001145,CU001145,PL03,2023-10-08,,Active,424.53,Annual
SUB001146,CU001146,PL03,2023-04-25,,Active,343.96,Monthly
SUB001147,CU001147,PL02,2022-08-06,,Active,146.12,Annual
SUB001148,CU001148,PL02,2025-12-09,,Active,165.0,Monthly
SUB001149,CU001149,PL03,2026-03-06,,Active,443.19,Annual
SUB001150,CU001150,PL02,2023-07-19,,Active,165.93,Annual
SUB001151,CU001151,PL02,2026-05-12,,Active,160.37,Annual
SUB001152,CU001152,PL02,2022-12-13,,Active,129.58,Annual
SUB001153,CU001153,PL02,2023-12-19,2025-02-05,Churned,145.44,Monthly
SUB001154,CU001154,PL03,2023-02-21,,Active,471.88,Annual
SUB001155,CU001155,PL02,2024-09-08,,Active,184.52,Monthly
SUB001156,CU001156,PL04,2024-10-31,,Active,1420.56,Annual
SUB001157,CU001157,PL01,2025-12-08,2026-08-02,Churned,45.19,Annual
SUB001158,CU001158,PL02,2022-11-27,,Active,135.83,Monthly
SUB001159,CU001159,PL02,2024-09-12,,Active,144.6,Annual
SUB001160,CU001160,PL02,2026-03-03,,Active,150.55,Monthly
SUB001161,CU001161,PL02,2024-11-16,,Active,140.93,Monthly
SUB001162,CU001162,PL02,2024-10-05,,Active,179.32,Monthly
SUB001163,CU001163,PL02,2025-01-08,,Active,174.89,Annual
SUB001164,CU001164,PL01,2024-04-05,,Active,57.12,Monthly
SUB001165,CU001165,PL02,2022-11-06,2023-09-16,Churned,166.38,Annual
SUB001166,CU001166,PL01,2026-03-29,,Active,48.9,Monthly
SUB001167,CU001167,PL02,2025-04-28,,Active,150.31,Monthly
SUB001168,CU001168,PL01,2023-10-09,,Active,55.47,Monthly
SUB001169,CU001169,PL01,2022-07-21,2026-03-15,Churned,54.93,Monthly
SUB001170,CU001170,PL01,2022-03-12,,Active,50.08,Annual
SUB001171,CU001171,PL03,2024-02-21,,Active,432.36,Annual
SUB001172,CU001172,PL01,2024-11-26,,Active,50.78,Monthly
SUB001173,CU001173,PL01,2022-02-11,,Active,51.02,Monthly
SUB001174,CU001174,PL04,2024-05-23,,Active,1393.93,Monthly
SUB001175,CU001175,PL02,2023-04-29,,Active,157.01,Annual
SUB001176,CU001176,PL04,2023-03-09,,Active,1385.87,Monthly
SUB001177,CU001177,PL03,2025-07-02,,Active,385.74,Monthly
SUB001178,CU001178,PL02,2026-05-26,,Active,185.66,Annual
SUB001179,CU001179,PL02,2024-12-02,,Active,133.99,Monthly
SUB001180,CU001180,PL01,2024-09-03,,Active,58.85,Monthly
SUB001181,CU001181,PL03,2023-06-19,2023-11-15,Churned,367.97,Monthly
SUB001182,CU001182,PL01,2025-09-02,2026-02-09,Churned,45.35,Annual
SUB001183,CU001183,PL02,2023-01-25,,Active,144.85,Annual
SUB001184,CU001184,PL02,2026-02-16,,Active,155.21,Annual
SUB001185,CU001185,PL03,2023-05-06,,Active,466.23,Monthly
SUB001186,CU001186,PL03,2023-03-20,,Active,397.39,Annual
SUB001187,CU001187,PL02,2024-07-08,,Active,127.74,Annual
SUB001188,CU001188,PL02,2024-10-11,,Active,132.95,Annual
SUB001189,CU001189,PL03,2025-11-06,2026-07-18,Churned,346.84,Annual
SUB001190,CU001190,PL01,2025-04-05,2025-08-06,Churned,56.93,Annual
SUB001191,CU001191,PL03,2026-01-27,2026-07-31,Churned,476.99,Monthly
SUB001192,CU001192,PL01,2023-11-05,,Active,61.25,Annual
SUB001193,CU001193,PL01,2024-10-11,,Active,44.03,Annual
SUB001194,CU001194,PL04,2024-10-12,,Active,1413.32,Annual
SUB001195,CU001195,PL03,2026-03-31,,Active,479.25,Monthly
SUB001196,CU001196,PL03,2025-10-31,,Active,359.06,Monthly
SUB001197,CU001197,PL03,2025-04-28,2026-02-05,Churned,453.96,Monthly
SUB001198,CU001198,PL01,2023-04-07,2024-06-16,Churned,50.33,Annual
SUB001199,CU001199,PL02,2025-07-09,2026-05-20,Churned,184.29,Annual
SUB001200,CU001200,PL04,2024-04-26,,Active,1436.37,Monthly
SUB001201,CU001201,PL01,2026-02-21,2026-08-16,Churned,42.98,Monthly
SUB001202,CU001202,PL03,2025-09-29,,Active,488.84,Monthly
SUB001203,CU001203,PL03,2025-02-17,,Active,384.62,Monthly
SUB001204,CU001204,PL01,2023-11-23,,Active,44.88,Annual
SUB001205,CU001205,PL02,2024-02-12,,Active,180.9,Annual
SUB001206,CU001206,PL02,2022-10-27,,Active,154.18,Annual
SUB001207,CU001207,PL02,2023-06-26,,Active,178.86,Annual
SUB001208,CU001208,PL01,2024-02-05,,Active,54.5,Annual
SUB001209,CU001209,PL03,2022-07-17,2025-12-30,Churned,442.93,Annual
SUB001210,CU001210,PL02,2023-10-23,,Active,168.83,Monthly
SUB001211,CU001211,PL02,2026-06-23,,Active,157.28,Annual
SUB001212,CU001212,PL01,2024-03-05,,Active,44.79,Annual
SUB001213,CU001213,PL02,2024-08-29,,Active,142.69,Annual
SUB001214,CU001214,PL02,2025-01-23,,Active,148.09,Monthly
SUB001215,CU001215,PL02,2023-09-08,,Active,185.21,Annual
SUB001216,CU001216,PL01,2025-08-30,,Active,49.28,Annual
SUB001217,CU001217,PL02,2023-01-10,,Active,182.44,Monthly
SUB001218,CU001218,PL02,2023-11-10,,Active,179.79,Monthly
SUB001219,CU001219,PL02,2023-02-26,,Active,158.35,Monthly
SUB001220,CU001220,PL04,2022-09-20,,Active,1052.12,Monthly
SUB001221,CU001221,PL02,2023-08-21,,Active,167.8,Annual
SUB001222,CU001222,PL02,2023-09-30,,Active,133.43,Monthly
SUB001223,CU001223,PL04,2026-06-22,,Active,1137.43,Monthly
SUB001224,CU001224,PL03,2025-06-19,,Active,479.22,Monthly
SUB001225,CU001225,PL03,2026-01-03,,Active,371.47,Monthly
SUB001226,CU001226,PL01,2022-03-22,,Active,56.86,Monthly
SUB001227,CU001227,PL01,2024-03-12,,Active,50.22,Monthly
SUB001228,CU001228,PL02,2025-09-06,,Active,155.7,Monthly
SUB001229,CU001229,PL03,2025-03-13,,Active,376.45,Monthly
SUB001230,CU001230,PL04,2024-07-11,,Active,1392.99,Monthly
SUB001231,CU001231,PL01,2024-09-06,,Active,44.13,Annual
SUB001232,CU001232,PL03,2023-03-22,2024-10-25,Churned,433.14,Monthly
SUB001233,CU001233,PL03,2023-08-15,,Active,463.35,Annual
SUB001234,CU001234,PL03,2022-12-24,,Active,408.54,Annual
SUB001235,CU001235,PL01,2022-08-24,,Active,49.22,Monthly
SUB001236,CU001236,PL03,2023-03-02,,Active,429.0,Monthly
SUB001237,CU001237,PL04,2025-06-20,,Active,1312.86,Annual
SUB001238,CU001238,PL03,2025-10-23,2026-07-13,Churned,341.78,Annual
SUB001239,CU001239,PL02,2024-02-05,2024-05-20,Churned,166.62,Monthly
SUB001240,CU001240,PL02,2023-06-17,,Active,149.5,Annual
SUB001241,CU001241,PL01,2023-10-03,,Active,55.54,Monthly
SUB001242,CU001242,PL02,2025-04-21,2026-02-15,Churned,162.7,Annual
SUB001243,CU001243,PL03,2022-02-23,,Active,452.93,Monthly
SUB001244,CU001244,PL02,2025-04-26,2026-02-19,Churned,159.79,Annual
SUB001245,CU001245,PL01,2023-01-20,,Active,45.62,Monthly
SUB001246,CU001246,PL04,2026-05-05,,Active,1387.93,Annual
SUB001247,CU001247,PL02,2025-11-08,,Active,151.11,Annual
SUB001248,CU001248,PL02,2024-05-16,,Active,180.64,Annual
SUB001249,CU001249,PL02,2025-12-01,,Active,169.75,Annual
SUB001250,CU001250,PL02,2022-08-10,,Active,151.09,Annual
SUB001251,CU001251,PL01,2023-10-11,,Active,60.58,Monthly
SUB001252,CU001252,PL01,2022-01-03,,Active,47.47,Monthly
SUB001253,CU001253,PL01,2026-05-04,,Active,49.7,Monthly
SUB001254,CU001254,PL02,2026-06-29,,Active,147.77,Monthly
SUB001255,CU001255,PL02,2025-03-08,2026-02-25,Churned,173.53,Monthly
SUB001256,CU001256,PL01,2025-11-26,,Active,53.43,Annual
SUB001257,CU001257,PL03,2026-03-21,,Active,360.15,Annual
SUB001258,CU001258,PL01,2023-09-13,2026-04-11,Churned,50.37,Annual
SUB001259,CU001259,PL02,2025-08-29,,Active,183.33,Monthly
SUB001260,CU001260,PL01,2024-05-15,,Active,58.25,Annual
SUB001261,CU001261,PL01,2023-12-21,,Active,56.86,Monthly
SUB001262,CU001262,PL03,2022-05-27,,Active,444.3,Monthly
SUB001263,CU001263,PL03,2022-09-30,,Active,436.55,Annual
SUB001264,CU001264,PL04,2022-01-30,,Active,1493.12,Annual
SUB001265,CU001265,PL02,2025-07-07,,Active,140.5,Annual
SUB001266,CU001266,PL01,2024-09-04,,Active,52.7,Annual
SUB001267,CU001267,PL01,2025-12-01,,Active,43.62,Monthly
SUB001268,CU001268,PL01,2024-03-12,,Active,48.33,Monthly
SUB001269,CU001269,PL01,2025-02-10,,Active,52.77,Monthly
SUB001270,CU001270,PL02,2022-09-05,,Active,174.84,Monthly
SUB001271,CU001271,PL01,2023-02-10,,Active,58.51,Monthly
SUB001272,CU001272,PL02,2024-05-16,,Active,134.77,Monthly
SUB001273,CU001273,PL03,2024-11-08,2026-07-25,Churned,361.49,Annual
SUB001274,CU001274,PL02,2022-09-12,,Active,148.41,Annual
SUB001275,CU001275,PL02,2024-03-15,,Active,178.49,Annual
SUB001276,CU001276,PL04,2022-05-12,,Active,1217.92,Annual
SUB001277,CU001277,PL03,2025-04-05,2026-05-10,Churned,398.45,Monthly
SUB001278,CU001278,PL03,2024-07-10,,Active,427.2,Annual
SUB001279,CU001279,PL02,2024-03-09,,Active,128.85,Monthly
SUB001280,CU001280,PL02,2025-07-28,,Active,147.58,Annual
SUB001281,CU001281,PL02,2025-06-28,,Active,151.19,Monthly
SUB001282,CU001282,PL04,2023-04-21,,Active,1333.52,Monthly
SUB001283,CU001283,PL02,2023-01-05,2024-12-06,Churned,150.65,Monthly
SUB001284,CU001284,PL01,2023-12-16,,Active,43.26,Annual
SUB001285,CU001285,PL01,2022-01-29,,Active,46.54,Annual
SUB001286,CU001286,PL01,2024-01-23,,Active,58.05,Annual
SUB001287,CU001287,PL02,2023-07-02,,Active,176.67,Monthly
SUB001288,CU001288,PL04,2024-11-01,,Active,1310.56,Monthly
SUB001289,CU001289,PL01,2026-05-11,,Active,47.49,Monthly
SUB001290,CU001290,PL01,2026-06-16,,Active,59.26,Monthly
SUB001291,CU001291,PL02,2022-12-16,,Active,182.19,Annual
SUB001292,CU001292,PL02,2025-05-12,,Active,171.17,Annual
SUB001293,CU001293,PL02,2025-05-14,,Active,129.17,Monthly
SUB001294,CU001294,PL03,2026-06-12,,Active,402.37,Annual
SUB001295,CU001295,PL02,2023-01-22,,Active,145.41,Annual
SUB001296,CU001296,PL03,2024-09-21,,Active,443.05,Monthly
SUB001297,CU001297,PL01,2022-04-21,,Active,44.55,Monthly
SUB001298,CU001298,PL02,2023-06-08,2026-08-15,Churned,161.38,Annual
SUB001299,CU001299,PL01,2025-06-26,,Active,49.63,Annual
SUB001300,CU001300,PL01,2026-06-22,,Active,45.76,Monthly
SUB001301,CU001301,PL02,2024-07-25,,Active,180.7,Annual
SUB001302,CU001302,PL02,2023-12-16,,Active,180.33,Monthly
SUB001303,CU001303,PL01,2026-06-14,,Active,61.16,Annual
SUB001304,CU001304,PL01,2022-02-08,,Active,58.49,Monthly
SUB001305,CU001305,PL01,2023-08-05,,Active,53.9,Monthly
SUB001306,CU001306,PL02,2025-04-28,,Active,166.52,Annual
SUB001307,CU001307,PL03,2023-03-22,,Active,493.45,Annual
SUB001308,CU001308,PL02,2022-01-23,,Active,175.66,Monthly
SUB001309,CU001309,PL01,2022-10-24,2026-06-01,Churned,47.27,Annual
SUB001310,CU001310,PL03,2025-04-14,,Active,478.34,Annual
SUB001311,CU001311,PL02,2023-04-15,2026-02-27,Churned,167.56,Monthly
SUB001312,CU001312,PL01,2025-01-16,2025-10-30,Churned,56.82,Annual
SUB001313,CU001313,PL03,2025-10-22,,Active,436.84,Monthly
SUB001314,CU001314,PL03,2022-06-07,,Active,473.15,Monthly
SUB001315,CU001315,PL02,2026-01-26,,Active,150.07,Annual
SUB001316,CU001316,PL03,2025-06-20,,Active,450.33,Annual
SUB001317,CU001317,PL01,2023-08-22,,Active,53.59,Monthly
SUB001318,CU001318,PL01,2022-11-13,,Active,49.06,Monthly
SUB001319,CU001319,PL01,2024-09-03,,Active,54.66,Annual
SUB001320,CU001320,PL02,2023-04-01,,Active,166.23,Monthly
SUB001321,CU001321,PL03,2023-05-03,,Active,341.32,Monthly
SUB001322,CU001322,PL02,2024-07-16,2026-01-02,Churned,167.15,Monthly
SUB001323,CU001323,PL04,2023-11-29,,Active,1342.9,Monthly
SUB001324,CU001324,PL02,2022-12-15,,Active,148.43,Monthly
SUB001325,CU001325,PL02,2026-01-17,,Active,180.19,Annual
SUB001326,CU001326,PL02,2025-08-11,,Active,144.07,Monthly
SUB001327,CU001327,PL02,2026-03-15,,Active,182.32,Annual
SUB001328,CU001328,PL01,2024-04-05,2025-12-17,Churned,52.14,Monthly
SUB001329,CU001329,PL01,2023-01-08,,Active,42.53,Monthly
SUB001330,CU001330,PL02,2022-04-07,,Active,180.16,Monthly
SUB001331,CU001331,PL02,2025-08-23,,Active,171.28,Annual
SUB001332,CU001332,PL02,2025-01-10,,Active,145.15,Annual
SUB001333,CU001333,PL01,2022-03-14,,Active,45.94,Monthly
SUB001334,CU001334,PL01,2023-05-25,2025-07-16,Churned,46.64,Monthly
SUB001335,CU001335,PL03,2023-04-18,,Active,354.66,Annual
SUB001336,CU001336,PL01,2023-02-10,,Active,49.46,Annual
SUB001337,CU001337,PL01,2025-12-30,,Active,49.58,Annual
SUB001338,CU001338,PL01,2023-07-31,,Active,43.47,Annual
SUB001339,CU001339,PL03,2023-01-09,,Active,430.29,Monthly
SUB001340,CU001340,PL03,2023-10-24,,Active,351.07,Annual
SUB001341,CU001341,PL03,2024-11-11,,Active,389.26,Monthly
SUB001342,CU001342,PL03,2025-09-01,2026-08-09,Churned,492.53,Monthly
SUB001343,CU001343,PL02,2022-02-24,,Active,147.88,Annual
SUB001344,CU001344,PL03,2026-05-23,,Active,464.31,Annual
SUB001345,CU001345,PL01,2024-08-21,2026-03-02,Churned,59.67,Monthly
SUB001346,CU001346,PL01,2022-05-03,,Active,46.58,Annual
SUB001347,CU001347,PL02,2024-09-01,,Active,148.61,Annual
SUB001348,CU001348,PL03,2023-04-25,,Active,390.42,Monthly
SUB001349,CU001349,PL01,2024-08-02,2025-08-20,Churned,48.48,Monthly
SUB001350,CU001350,PL01,2026-05-23,,Active,57.19,Annual
SUB001351,CU001351,PL03,2024-05-20,,Active,445.13,Monthly
SUB001352,CU001352,PL01,2023-04-30,2023-12-26,Churned,59.1,Monthly
SUB001353,CU001353,PL03,2023-01-09,,Active,473.45,Annual
SUB001354,CU001354,PL01,2022-12-21,,Active,54.14,Annual
SUB001355,CU001355,PL02,2025-09-16,,Active,161.62,Monthly
SUB001356,CU001356,PL01,2023-03-27,2024-08-02,Churned,51.81,Monthly
SUB001357,CU001357,PL02,2024-04-09,,Active,172.93,Annual
SUB001358,CU001358,PL02,2025-03-11,2026-01-23,Churned,184.77,Monthly
SUB001359,CU001359,PL03,2024-09-15,,Active,341.82,Monthly
SUB001360,CU001360,PL03,2025-10-27,,Active,492.09,Annual
SUB001361,CU001361,PL02,2025-10-05,,Active,142.76,Annual
SUB001362,CU001362,PL02,2023-05-18,,Active,180.94,Annual
SUB001363,CU001363,PL01,2022-05-17,,Active,43.9,Monthly
SUB001364,CU001364,PL03,2022-01-18,2025-02-04,Churned,408.49,Monthly
SUB001365,CU001365,PL02,2025-01-15,,Active,155.23,Annual
SUB001366,CU001366,PL01,2025-08-03,,Active,55.13,Monthly
SUB001367,CU001367,PL02,2025-09-22,,Active,154.37,Annual
SUB001368,CU001368,PL01,2024-05-19,,Active,53.5,Monthly
SUB001369,CU001369,PL02,2024-03-11,,Active,164.57,Monthly
SUB001370,CU001370,PL02,2023-08-21,,Active,158.2,Annual
SUB001371,CU001371,PL02,2025-01-27,,Active,160.44,Monthly
SUB001372,CU001372,PL02,2025-05-27,2025-11-13,Churned,155.31,Monthly
SUB001373,CU001373,PL02,2025-05-20,,Active,134.13,Monthly
SUB001374,CU001374,PL03,2026-06-29,,Active,450.23,Monthly
SUB001375,CU001375,PL03,2024-09-21,,Active,375.03,Annual
SUB001376,CU001376,PL01,2022-10-15,,Active,55.78,Annual
SUB001377,CU001377,PL03,2022-02-21,,Active,431.34,Annual
SUB001378,CU001378,PL01,2025-10-18,,Active,44.4,Monthly
SUB001379,CU001379,PL02,2022-08-26,2025-11-02,Churned,157.58,Monthly
SUB001380,CU001380,PL01,2026-04-26,,Active,58.57,Monthly
SUB001381,CU001381,PL03,2026-02-02,,Active,448.31,Annual
SUB001382,CU001382,PL01,2022-10-06,2026-03-20,Churned,58.1,Annual
SUB001383,CU001383,PL02,2022-01-29,2022-10-19,Churned,150.74,Annual
SUB001384,CU001384,PL01,2023-08-04,2024-11-22,Churned,48.61,Annual
SUB001385,CU001385,PL02,2024-06-12,,Active,150.05,Annual
SUB001386,CU001386,PL03,2022-01-12,,Active,487.99,Annual
SUB001387,CU001387,PL02,2026-01-05,,Active,129.46,Monthly
SUB001388,CU001388,PL03,2024-10-20,,Active,382.42,Annual
SUB001389,CU001389,PL04,2025-02-03,,Active,1180.99,Annual
SUB001390,CU001390,PL01,2023-05-03,2023-11-12,Churned,44.92,Annual
SUB001391,CU001391,PL03,2026-05-26,,Active,340.67,Monthly
SUB001392,CU001392,PL03,2025-06-01,,Active,465.59,Annual
SUB001393,CU001393,PL01,2022-01-25,,Active,58.6,Monthly
SUB001394,CU001394,PL03,2024-01-10,,Active,345.54,Monthly
SUB001395,CU001395,PL02,2025-07-25,2026-01-06,Churned,139.87,Monthly
SUB001396,CU001396,PL03,2024-05-31,,Active,466.97,Annual
SUB001397,CU001397,PL04,2025-10-15,,Active,1461.09,Monthly
SUB001398,CU001398,PL03,2022-03-23,2023-09-11,Churned,365.04,Monthly
SUB001399,CU001399,PL03,2025-09-19,,Active,453.01,Monthly
SUB001400,CU001400,PL01,2022-02-22,,Active,58.46,Annual
SUB001401,CU001401,PL02,2024-08-28,,Active,135.38,Annual
SUB001402,CU001402,PL01,2025-12-25,,Active,59.51,Annual
SUB001403,CU001403,PL01,2026-05-25,,Active,42.32,Monthly
SUB001404,CU001404,PL02,2026-06-04,,Active,148.4,Monthly
SUB001405,CU001405,PL02,2023-12-07,,Active,185.22,Annual
SUB001406,CU001406,PL01,2022-05-04,,Active,48.29,Monthly
SUB001407,CU001407,PL02,2026-02-11,2026-05-12,Churned,137.09,Monthly
SUB001408,CU001408,PL04,2023-11-28,,Active,1182.14,Annual
SUB001409,CU001409,PL02,2022-07-01,2026-07-07,Churned,131.87,Monthly
SUB001410,CU001410,PL02,2024-10-19,2025-05-14,Churned,144.6,Monthly
SUB001411,CU001411,PL01,2024-10-05,,Active,56.4,Annual
SUB001412,CU001412,PL03,2022-12-01,2024-07-04,Churned,364.36,Annual
SUB001413,CU001413,PL02,2024-08-30,,Active,167.91,Annual
SUB001414,CU001414,PL01,2022-07-03,,Active,57.28,Annual
SUB001415,CU001415,PL03,2024-01-20,,Active,378.81,Monthly
SUB001416,CU001416,PL01,2024-07-31,2025-07-16,Churned,60.69,Annual
SUB001417,CU001417,PL01,2025-09-12,2026-01-08,Churned,56.73,Annual
SUB001418,CU001418,PL02,2024-06-23,,Active,147.28,Monthly
SUB001419,CU001419,PL02,2023-05-23,2023-09-26,Churned,135.71,Annual
SUB001420,CU001420,PL02,2026-06-01,,Active,133.97,Annual
SUB001421,CU001421,PL04,2023-06-26,,Active,1166.99,Annual
SUB001422,CU001422,PL01,2025-06-12,,Active,45.35,Monthly
SUB001423,CU001423,PL01,2022-11-26,2023-12-25,Churned,44.36,Annual
SUB001424,CU001424,PL02,2024-05-26,2025-11-04,Churned,162.92,Annual
SUB001425,CU001425,PL01,2026-05-26,,Active,58.53,Monthly
SUB001426,CU001426,PL02,2022-01-31,,Active,174.55,Annual
SUB001427,CU001427,PL03,2022-07-31,,Active,484.87,Monthly
SUB001428,CU001428,PL02,2026-02-11,,Active,173.78,Annual
SUB001429,CU001429,PL02,2022-02-08,,Active,153.24,Monthly
SUB001430,CU001430,PL02,2024-02-04,,Active,133.53,Annual
SUB001431,CU001431,PL01,2023-03-01,,Active,54.25,Monthly
SUB001432,CU001432,PL02,2024-09-16,,Active,164.71,Monthly
SUB001433,CU001433,PL03,2024-09-25,,Active,391.35,Monthly
SUB001434,CU001434,PL03,2022-11-05,,Active,488.05,Monthly
SUB001435,CU001435,PL01,2024-12-14,2026-05-24,Churned,60.74,Annual
SUB001436,CU001436,PL02,2023-01-02,,Active,180.21,Monthly
SUB001437,CU001437,PL03,2026-02-01,,Active,495.09,Monthly
SUB001438,CU001438,PL02,2022-11-22,2023-12-19,Churned,161.72,Monthly
SUB001439,CU001439,PL01,2024-02-25,2024-08-27,Churned,57.16,Monthly
SUB001440,CU001440,PL03,2024-12-02,,Active,450.19,Annual
SUB001441,CU001441,PL02,2026-04-09,,Active,160.08,Annual
SUB001442,CU001442,PL01,2026-03-12,,Active,42.3,Annual
SUB001443,CU001443,PL03,2025-08-09,,Active,394.61,Annual
SUB001444,CU001444,PL02,2022-04-21,2026-04-29,Churned,140.95,Monthly
SUB001445,CU001445,PL01,2024-01-23,,Active,57.25,Monthly
SUB001446,CU001446,PL02,2022-02-06,,Active,183.57,Annual
SUB001447,CU001447,PL01,2024-09-15,,Active,53.54,Monthly
SUB001448,CU001448,PL02,2025-01-19,,Active,127.38,Annual
SUB001449,CU001449,PL04,2024-05-23,,Active,1402.63,Annual
SUB001450,CU001450,PL01,2022-04-24,,Active,54.79,Monthly
SUB001451,CU001451,PL01,2025-08-16,2025-12-03,Churned,59.19,Monthly
SUB001452,CU001452,PL01,2025-11-18,,Active,52.41,Annual
SUB001453,CU001453,PL02,2024-04-04,,Active,166.3,Annual
SUB001454,CU001454,PL02,2024-11-06,,Active,151.19,Monthly
SUB001455,CU001455,PL02,2022-04-12,2023-07-01,Churned,181.08,Monthly
SUB001456,CU001456,PL04,2026-04-12,,Active,1398.03,Monthly
SUB001457,CU001457,PL02,2023-11-07,,Active,162.92,Annual
SUB001458,CU001458,PL03,2022-11-14,,Active,370.11,Monthly
SUB001459,CU001459,PL01,2023-04-01,2024-03-14,Churned,56.52,Monthly
SUB001460,CU001460,PL02,2023-04-25,,Active,151.09,Annual
SUB001461,CU001461,PL01,2022-08-01,,Active,54.03,Monthly
SUB001462,CU001462,PL01,2023-08-06,,Active,46.99,Annual
SUB001463,CU001463,PL01,2023-03-28,2024-01-06,Churned,54.65,Monthly
SUB001464,CU001464,PL03,2022-06-21,,Active,339.33,Annual
SUB001465,CU001465,PL02,2025-10-03,,Active,139.77,Annual
SUB001466,CU001466,PL01,2025-10-15,,Active,57.14,Annual
SUB001467,CU001467,PL01,2025-12-13,,Active,55.13,Monthly
SUB001468,CU001468,PL03,2022-03-20,,Active,430.87,Annual
SUB001469,CU001469,PL02,2022-01-27,,Active,183.92,Monthly
SUB001470,CU001470,PL02,2022-06-16,,Active,153.4,Monthly
SUB001471,CU001471,PL01,2026-01-18,,Active,60.61,Monthly
SUB001472,CU001472,PL03,2022-04-29,,Active,496.63,Monthly
SUB001473,CU001473,PL04,2024-05-30,,Active,1443.78,Monthly
SUB001474,CU001474,PL02,2024-07-31,,Active,145.62,Annual
SUB001475,CU001475,PL01,2023-02-23,2024-01-31,Churned,56.09,Monthly
SUB001476,CU001476,PL01,2025-01-29,2026-01-31,Churned,55.92,Monthly
SUB001477,CU001477,PL03,2024-02-24,,Active,414.5,Monthly
SUB001478,CU001478,PL02,2024-11-11,,Active,149.95,Monthly
SUB001479,CU001479,PL01,2024-12-18,,Active,45.07,Monthly
SUB001480,CU001480,PL02,2022-03-19,,Active,161.29,Annual
SUB001481,CU001481,PL01,2025-12-08,,Active,57.29,Annual
SUB001482,CU001482,PL03,2022-10-29,,Active,380.34,Annual
SUB001483,CU001483,PL02,2023-03-05,,Active,147.17,Monthly
SUB001484,CU001484,PL02,2024-05-09,,Active,141.82,Monthly
SUB001485,CU001485,PL02,2023-06-02,,Active,153.05,Annual
SUB001486,CU001486,PL02,2025-05-25,,Active,171.33,Annual
SUB001487,CU001487,PL02,2025-02-07,2025-07-29,Churned,146.5,Annual
SUB001488,CU001488,PL02,2024-04-18,,Active,161.95,Annual
SUB001489,CU001489,PL02,2026-06-02,,Active,154.6,Annual
SUB001490,CU001490,PL01,2022-11-17,2024-04-07,Churned,46.74,Annual
SUB001491,CU001491,PL02,2023-02-21,,Active,162.05,Monthly
SUB001492,CU001492,PL02,2024-09-20,,Active,168.3,Monthly
SUB001493,CU001493,PL02,2025-11-15,2026-06-30,Churned,150.73,Monthly
SUB001494,CU001494,PL02,2025-04-17,,Active,138.49,Monthly
SUB001495,CU001495,PL02,2023-12-27,,Active,143.69,Annual
SUB001496,CU001496,PL02,2024-05-25,,Active,184.25,Monthly
SUB001497,CU001497,PL02,2022-06-02,,Active,134.78,Annual
SUB001498,CU001498,PL02,2022-03-04,,Active,151.44,Monthly
SUB001499,CU001499,PL03,2026-03-15,,Active,479.06,Monthly
SUB001500,CU001500,PL02,2022-07-29,,Active,130.92,Annual
SUB001501,CU001501,PL01,2024-04-20,,Active,52.37,Monthly
SUB001502,CU001502,PL03,2023-10-28,,Active,471.42,Annual
SUB001503,CU001503,PL02,2022-07-15,,Active,154.5,Annual
SUB001504,CU001504,PL02,2025-03-25,,Active,146.07,Monthly
SUB001505,CU001505,PL02,2023-01-11,,Active,130.59,Monthly
SUB001506,CU001506,PL04,2023-03-25,,Active,1493.36,Annual
SUB001507,CU001507,PL02,2025-01-14,,Active,158.23,Annual
SUB001508,CU001508,PL02,2026-02-21,,Active,177.32,Annual
SUB001509,CU001509,PL02,2025-06-26,,Active,152.99,Annual
SUB001510,CU001510,PL04,2022-02-14,,Active,1236.68,Monthly
SUB001511,CU001511,PL02,2023-07-03,,Active,168.1,Monthly
SUB001512,CU001512,PL02,2025-05-03,,Active,140.39,Annual
SUB001513,CU001513,PL02,2023-12-24,,Active,141.97,Annual
SUB001514,CU001514,PL01,2023-01-01,,Active,60.36,Monthly
SUB001515,CU001515,PL01,2022-11-27,,Active,53.57,Annual
SUB001516,CU001516,PL03,2022-04-15,,Active,478.69,Monthly
SUB001517,CU001517,PL03,2023-01-24,2024-02-09,Churned,469.47,Monthly
SUB001518,CU001518,PL01,2025-08-07,,Active,50.7,Annual
SUB001519,CU001519,PL01,2022-12-06,,Active,59.02,Monthly
SUB001520,CU001520,PL04,2023-04-18,,Active,1314.53,Monthly
SUB001521,CU001521,PL01,2024-07-14,,Active,45.14,Monthly
SUB001522,CU001522,PL01,2025-04-03,,Active,59.86,Annual
SUB001523,CU001523,PL02,2022-03-29,,Active,172.05,Annual
SUB001524,CU001524,PL02,2023-12-26,,Active,148.73,Monthly
SUB001525,CU001525,PL02,2023-10-28,,Active,177.94,Monthly
SUB001526,CU001526,PL02,2025-10-15,,Active,132.74,Annual
SUB001527,CU001527,PL02,2025-01-13,2026-01-12,Churned,175.94,Monthly
SUB001528,CU001528,PL03,2022-04-21,,Active,353.93,Annual
SUB001529,CU001529,PL01,2025-05-22,,Active,56.6,Annual
SUB001530,CU001530,PL02,2025-05-01,,Active,136.83,Annual
SUB001531,CU001531,PL02,2025-09-20,,Active,149.44,Annual
SUB001532,CU001532,PL02,2025-12-09,,Active,143.5,Monthly
SUB001533,CU001533,PL02,2023-04-27,,Active,182.5,Monthly
SUB001534,CU001534,PL03,2022-09-30,,Active,392.8,Annual
SUB001535,CU001535,PL02,2022-05-31,,Active,167.79,Annual
SUB001536,CU001536,PL01,2026-06-28,,Active,50.83,Annual
SUB001537,CU001537,PL01,2024-08-08,2026-03-18,Churned,51.36,Monthly
SUB001538,CU001538,PL01,2023-08-26,,Active,42.1,Annual
SUB001539,CU001539,PL01,2023-05-10,,Active,59.81,Monthly
SUB001540,CU001540,PL01,2024-02-21,,Active,53.83,Monthly
SUB001541,CU001541,PL03,2026-01-30,2026-05-08,Churned,343.03,Monthly
SUB001542,CU001542,PL02,2023-01-19,,Active,175.93,Annual
SUB001543,CU001543,PL02,2022-08-08,,Active,165.91,Monthly
SUB001544,CU001544,PL01,2025-04-04,,Active,52.21,Annual
SUB001545,CU001545,PL01,2026-02-01,,Active,49.21,Monthly
SUB001546,CU001546,PL02,2025-10-08,,Active,132.05,Annual
SUB001547,CU001547,PL03,2022-01-28,,Active,388.25,Annual
SUB001548,CU001548,PL02,2024-11-15,,Active,151.04,Monthly
SUB001549,CU001549,PL02,2024-02-29,,Active,158.02,Monthly
SUB001550,CU001550,PL03,2022-12-11,,Active,388.7,Monthly
SUB001551,CU001551,PL01,2026-03-24,,Active,42.35,Monthly
SUB001552,CU001552,PL02,2025-05-03,,Active,156.16,Annual
SUB001553,CU001553,PL01,2023-01-24,,Active,44.1,Monthly
SUB001554,CU001554,PL04,2022-08-19,,Active,1055.96,Monthly
SUB001555,CU001555,PL02,2022-10-08,,Active,184.04,Monthly
SUB001556,CU001556,PL02,2022-09-21,2025-05-18,Churned,139.42,Annual
SUB001557,CU001557,PL01,2025-03-29,,Active,51.89,Monthly
SUB001558,CU001558,PL01,2024-06-11,,Active,52.33,Annual
SUB001559,CU001559,PL01,2023-08-13,,Active,52.73,Annual
SUB001560,CU001560,PL03,2023-01-18,,Active,372.47,Annual
SUB001561,CU001561,PL01,2024-11-19,,Active,44.84,Annual
SUB001562,CU001562,PL02,2022-12-08,,Active,147.5,Annual
SUB001563,CU001563,PL01,2026-01-21,,Active,53.68,Annual
SUB001564,CU001564,PL02,2023-07-27,,Active,176.25,Monthly
SUB001565,CU001565,PL03,2024-10-14,,Active,457.1,Monthly
SUB001566,CU001566,PL03,2023-06-25,,Active,365.67,Monthly
SUB001567,CU001567,PL03,2023-10-25,,Active,485.56,Annual
SUB001568,CU001568,PL02,2026-01-02,,Active,181.1,Monthly
SUB001569,CU001569,PL02,2025-05-16,,Active,185.63,Monthly
SUB001570,CU001570,PL02,2024-08-01,,Active,170.54,Annual
SUB001571,CU001571,PL01,2026-02-13,2026-05-28,Churned,45.92,Monthly
SUB001572,CU001572,PL01,2024-07-29,,Active,60.98,Annual
SUB001573,CU001573,PL03,2023-04-24,,Active,462.63,Monthly
SUB001574,CU001574,PL01,2024-06-25,,Active,61.24,Monthly
SUB001575,CU001575,PL03,2024-10-05,,Active,433.37,Annual
SUB001576,CU001576,PL02,2022-02-17,,Active,160.0,Monthly
SUB001577,CU001577,PL02,2024-09-28,,Active,169.32,Annual
SUB001578,CU001578,PL01,2024-06-16,,Active,52.74,Annual
SUB001579,CU001579,PL02,2024-09-01,,Active,164.81,Monthly
SUB001580,CU001580,PL03,2022-12-23,,Active,384.58,Annual
SUB001581,CU001581,PL03,2025-07-05,2026-03-02,Churned,429.46,Monthly
SUB001582,CU001582,PL02,2024-12-10,,Active,142.25,Annual
SUB001583,CU001583,PL01,2024-01-18,,Active,58.61,Monthly
SUB001584,CU001584,PL03,2023-09-18,,Active,494.98,Annual
SUB001585,CU001585,PL03,2022-07-02,,Active,409.75,Annual
SUB001586,CU001586,PL02,2022-07-01,2023-09-30,Churned,157.94,Annual
SUB001587,CU001587,PL03,2025-11-09,,Active,390.7,Monthly
SUB001588,CU001588,PL01,2023-04-24,2025-08-10,Churned,51.99,Annual
SUB001589,CU001589,PL01,2023-11-20,,Active,42.21,Monthly
SUB001590,CU001590,PL02,2022-01-16,2022-06-15,Churned,141.27,Monthly
SUB001591,CU001591,PL02,2023-10-03,,Active,173.33,Monthly
SUB001592,CU001592,PL01,2024-07-24,,Active,54.02,Annual
SUB001593,CU001593,PL02,2025-01-23,,Active,157.72,Annual
SUB001594,CU001594,PL01,2025-11-09,,Active,55.88,Monthly
SUB001595,CU001595,PL02,2023-03-21,,Active,153.33,Monthly
SUB001596,CU001596,PL01,2022-03-08,,Active,56.09,Monthly
SUB001597,CU001597,PL02,2023-07-02,2025-04-09,Churned,152.14,Annual
SUB001598,CU001598,PL03,2025-04-14,,Active,364.08,Annual
SUB001599,CU001599,PL01,2024-08-20,2025-12-16,Churned,60.24,Annual
SUB001600,CU001600,PL04,2025-09-20,,Active,1205.69,Monthly
SUB001601,CU001601,PL01,2026-06-01,,Active,46.29,Annual
SUB001602,CU001602,PL02,2023-10-13,,Active,185.75,Annual
SUB001603,CU001603,PL01,2023-10-18,2026-01-26,Churned,53.57,Annual
SUB001604,CU001604,PL02,2026-05-22,,Active,183.04,Monthly
SUB001605,CU001605,PL01,2024-01-13,,Active,60.03,Monthly
SUB001606,CU001606,PL04,2022-08-29,,Active,1168.34,Monthly
SUB001607,CU001607,PL03,2024-09-21,,Active,368.99,Monthly
SUB001608,CU001608,PL01,2023-01-08,,Active,57.15,Annual
SUB001609,CU001609,PL04,2022-05-19,,Active,1309.53,Annual
SUB001610,CU001610,PL02,2022-07-07,,Active,139.04,Annual
SUB001611,CU001611,PL03,2025-04-10,,Active,432.62,Monthly
SUB001612,CU001612,PL03,2025-06-10,,Active,403.56,Monthly
SUB001613,CU001613,PL01,2023-02-09,2026-06-27,Churned,57.84,Annual
SUB001614,CU001614,PL03,2024-05-28,,Active,473.9,Monthly
SUB001615,CU001615,PL01,2023-12-04,2024-04-03,Churned,45.7,Annual
SUB001616,CU001616,PL04,2025-02-15,,Active,1322.61,Annual
SUB001617,CU001617,PL02,2022-09-18,,Active,180.24,Annual
SUB001618,CU001618,PL02,2023-04-30,,Active,171.95,Monthly
SUB001619,CU001619,PL02,2025-09-11,2026-01-22,Churned,126.79,Monthly
SUB001620,CU001620,PL02,2025-10-04,,Active,143.76,Monthly
SUB001621,CU001621,PL02,2023-08-09,,Active,139.72,Annual
SUB001622,CU001622,PL01,2023-07-01,,Active,41.92,Annual
SUB001623,CU001623,PL03,2022-07-26,,Active,450.64,Monthly
SUB001624,CU001624,PL02,2023-10-05,,Active,166.46,Annual
SUB001625,CU001625,PL03,2022-01-15,,Active,402.0,Monthly
SUB001626,CU001626,PL03,2026-01-11,,Active,417.27,Annual
SUB001627,CU001627,PL02,2022-06-24,,Active,179.18,Annual
SUB001628,CU001628,PL02,2025-12-15,2026-06-10,Churned,129.1,Monthly
SUB001629,CU001629,PL02,2023-03-16,,Active,133.65,Monthly
SUB001630,CU001630,PL02,2025-05-22,,Active,165.12,Annual
SUB001631,CU001631,PL01,2024-12-12,,Active,43.19,Monthly
SUB001632,CU001632,PL02,2024-10-03,2026-05-30,Churned,150.29,Annual
SUB001633,CU001633,PL01,2023-02-17,,Active,55.12,Monthly
SUB001634,CU001634,PL01,2024-02-24,2026-03-26,Churned,51.46,Annual
SUB001635,CU001635,PL03,2023-07-14,,Active,441.92,Annual
SUB001636,CU001636,PL03,2024-04-22,,Active,462.93,Monthly
SUB001637,CU001637,PL01,2022-01-07,,Active,52.83,Annual
SUB001638,CU001638,PL01,2026-04-14,,Active,53.03,Monthly
SUB001639,CU001639,PL01,2023-08-21,2026-02-04,Churned,50.52,Annual
SUB001640,CU001640,PL01,2022-10-18,,Active,52.97,Monthly
SUB001641,CU001641,PL02,2026-04-06,,Active,177.63,Annual
SUB001642,CU001642,PL01,2023-06-13,,Active,56.6,Annual
SUB001643,CU001643,PL01,2023-03-10,,Active,54.59,Monthly
SUB001644,CU001644,PL03,2022-05-27,2025-05-17,Churned,480.63,Monthly
SUB001645,CU001645,PL03,2024-10-27,,Active,477.11,Annual
SUB001646,CU001646,PL02,2026-03-07,,Active,134.16,Annual
SUB001647,CU001647,PL03,2023-07-06,,Active,451.2,Monthly
SUB001648,CU001648,PL01,2022-05-03,2024-02-25,Churned,49.7,Annual
SUB001649,CU001649,PL03,2024-03-09,,Active,486.41,Annual
SUB001650,CU001650,PL03,2025-07-26,,Active,419.14,Annual
SUB001651,CU001651,PL01,2023-12-23,,Active,51.59,Monthly
SUB001652,CU001652,PL03,2024-04-10,,Active,416.72,Annual
SUB001653,CU001653,PL02,2022-01-07,,Active,138.85,Monthly
SUB001654,CU001654,PL02,2025-02-19,,Active,179.35,Monthly
SUB001655,CU001655,PL01,2024-07-04,2026-07-19,Churned,59.62,Annual
SUB001656,CU001656,PL02,2026-02-10,,Active,126.74,Annual
SUB001657,CU001657,PL04,2025-07-22,,Active,1339.3,Annual
SUB001658,CU001658,PL02,2024-02-22,,Active,183.73,Monthly
SUB001659,CU001659,PL03,2025-02-24,,Active,484.39,Monthly
SUB001660,CU001660,PL02,2025-07-31,2026-01-04,Churned,131.9,Monthly
SUB001661,CU001661,PL02,2024-12-19,2026-08-24,Churned,183.34,Monthly
SUB001662,CU001662,PL01,2024-03-11,2026-03-04,Churned,53.55,Monthly
SUB001663,CU001663,PL02,2022-06-21,2023-05-20,Churned,162.39,Annual
SUB001664,CU001664,PL04,2022-12-14,,Active,1160.49,Monthly
SUB001665,CU001665,PL01,2024-01-29,,Active,45.84,Monthly
SUB001666,CU001666,PL01,2022-01-22,,Active,50.08,Monthly
SUB001667,CU001667,PL01,2022-06-15,2024-08-13,Churned,56.75,Monthly
SUB001668,CU001668,PL03,2026-04-11,,Active,467.98,Monthly
SUB001669,CU001669,PL02,2024-10-27,,Active,151.76,Monthly
SUB001670,CU001670,PL02,2024-10-01,,Active,171.44,Annual
SUB001671,CU001671,PL01,2024-11-28,,Active,54.11,Monthly
SUB001672,CU001672,PL04,2025-01-08,2025-05-15,Churned,1208.17,Annual
SUB001673,CU001673,PL03,2025-05-13,,Active,342.91,Monthly
SUB001674,CU001674,PL02,2025-09-13,2026-08-11,Churned,139.41,Monthly
SUB001675,CU001675,PL01,2022-05-13,,Active,50.98,Monthly
SUB001676,CU001676,PL02,2025-07-08,,Active,164.59,Monthly
SUB001677,CU001677,PL01,2022-01-20,,Active,51.79,Annual
SUB001678,CU001678,PL01,2022-09-04,,Active,56.75,Monthly
SUB001679,CU001679,PL01,2022-02-18,,Active,54.56,Monthly
SUB001680,CU001680,PL04,2024-05-20,,Active,1138.72,Annual
SUB001681,CU001681,PL03,2025-09-27,,Active,483.81,Monthly
SUB001682,CU001682,PL03,2025-07-05,,Active,413.58,Annual
SUB001683,CU001683,PL03,2025-03-24,,Active,353.63,Monthly
SUB001684,CU001684,PL02,2022-06-21,,Active,170.14,Annual
SUB001685,CU001685,PL02,2025-03-19,,Active,158.51,Annual
SUB001686,CU001686,PL01,2026-04-19,,Active,57.74,Annual
SUB001687,CU001687,PL03,2026-06-14,,Active,348.7,Annual
SUB001688,CU001688,PL03,2022-08-27,,Active,490.73,Annual
SUB001689,CU001689,PL04,2023-11-14,,Active,1408.25,Monthly
SUB001690,CU001690,PL03,2024-03-02,,Active,425.24,Monthly
SUB001691,CU001691,PL02,2025-11-10,2026-05-30,Churned,137.22,Annual
SUB001692,CU001692,PL02,2024-09-29,,Active,176.42,Monthly
SUB001693,CU001693,PL01,2025-11-29,2026-08-24,Churned,59.91,Monthly
SUB001694,CU001694,PL03,2024-05-24,,Active,433.29,Monthly
SUB001695,CU001695,PL02,2026-06-21,,Active,173.19,Monthly
SUB001696,CU001696,PL01,2023-01-16,,Active,54.42,Annual
SUB001697,CU001697,PL02,2022-04-14,,Active,131.89,Monthly
SUB001698,CU001698,PL01,2026-03-22,,Active,42.39,Monthly
SUB001699,CU001699,PL01,2022-07-05,,Active,42.71,Monthly
SUB001700,CU001700,PL02,2023-12-06,,Active,142.74,Annual
SUB001701,CU001701,PL02,2023-11-24,,Active,136.66,Monthly
SUB001702,CU001702,PL02,2023-08-13,,Active,165.32,Monthly
SUB001703,CU001703,PL02,2022-09-19,,Active,140.48,Annual
SUB001704,CU001704,PL02,2023-10-10,2024-11-05,Churned,139.12,Annual
SUB001705,CU001705,PL01,2024-08-11,2024-12-09,Churned,51.3,Monthly
SUB001706,CU001706,PL01,2025-01-17,,Active,43.64,Annual
SUB001707,CU001707,PL01,2022-11-09,2024-03-30,Churned,60.79,Monthly
SUB001708,CU001708,PL01,2024-02-14,,Active,53.1,Monthly
SUB001709,CU001709,PL02,2026-01-03,2026-04-12,Churned,150.89,Monthly
SUB001710,CU001710,PL02,2023-08-31,,Active,164.74,Monthly
SUB001711,CU001711,PL01,2022-11-15,,Active,57.67,Annual
SUB001712,CU001712,PL01,2026-03-13,,Active,50.96,Monthly
SUB001713,CU001713,PL01,2023-10-05,2026-01-15,Churned,60.82,Monthly
SUB001714,CU001714,PL02,2022-12-23,,Active,162.79,Annual
SUB001715,CU001715,PL03,2024-04-13,,Active,471.18,Monthly
SUB001716,CU001716,PL02,2026-04-20,,Active,161.94,Monthly
SUB001717,CU001717,PL02,2024-10-21,,Active,180.49,Monthly
SUB001718,CU001718,PL03,2024-04-01,,Active,431.43,Annual
SUB001719,CU001719,PL01,2024-06-07,,Active,44.38,Monthly
SUB001720,CU001720,PL01,2022-01-04,,Active,60.72,Annual
SUB001721,CU001721,PL02,2024-07-07,,Active,126.79,Monthly
SUB001722,CU001722,PL02,2023-03-12,,Active,182.28,Monthly
SUB001723,CU001723,PL01,2025-11-02,,Active,47.27,Monthly
SUB001724,CU001724,PL03,2026-03-21,,Active,416.56,Annual
SUB001725,CU001725,PL01,2023-10-13,2026-04-23,Churned,41.73,Annual
SUB001726,CU001726,PL03,2025-09-03,,Active,490.2,Annual
SUB001727,CU001727,PL03,2024-07-24,,Active,488.64,Annual
SUB001728,CU001728,PL02,2023-09-19,,Active,177.13,Annual
SUB001729,CU001729,PL02,2025-01-08,,Active,174.86,Annual
SUB001730,CU001730,PL04,2025-11-05,,Active,1372.35,Monthly
SUB001731,CU001731,PL03,2022-04-26,,Active,469.34,Monthly
SUB001732,CU001732,PL03,2023-05-13,,Active,489.79,Annual
SUB001733,CU001733,PL02,2022-02-13,2023-09-02,Churned,127.83,Annual
SUB001734,CU001734,PL01,2024-11-06,2025-08-28,Churned,42.96,Annual
SUB001735,CU001735,PL02,2022-12-13,,Active,134.98,Monthly
SUB001736,CU001736,PL02,2025-06-23,,Active,181.94,Annual
SUB001737,CU001737,PL02,2022-12-06,,Active,176.6,Monthly
SUB001738,CU001738,PL02,2024-08-24,,Active,154.15,Annual
SUB001739,CU001739,PL03,2022-06-05,,Active,448.24,Monthly
SUB001740,CU001740,PL03,2025-04-05,,Active,466.23,Annual
SUB001741,CU001741,PL01,2025-03-22,,Active,50.27,Annual
SUB001742,CU001742,PL02,2025-02-12,,Active,133.58,Monthly
SUB001743,CU001743,PL01,2023-04-10,,Active,53.0,Monthly
SUB001744,CU001744,PL01,2022-06-19,,Active,61.0,Monthly
SUB001745,CU001745,PL03,2026-04-27,,Active,372.68,Monthly
SUB001746,CU001746,PL01,2026-06-23,,Active,55.94,Annual
SUB001747,CU001747,PL01,2023-09-27,,Active,46.85,Annual
SUB001748,CU001748,PL01,2023-09-28,,Active,43.01,Annual
SUB001749,CU001749,PL03,2022-04-24,,Active,477.59,Monthly
SUB001750,CU001750,PL02,2024-03-27,,Active,174.75,Annual
SUB001751,CU001751,PL02,2025-06-05,,Active,177.15,Monthly
SUB001752,CU001752,PL01,2024-12-13,,Active,44.43,Annual
SUB001753,CU001753,PL01,2022-05-30,2023-04-10,Churned,56.17,Monthly
SUB001754,CU001754,PL03,2025-03-08,,Active,389.73,Monthly
SUB001755,CU001755,PL01,2026-02-01,,Active,48.35,Monthly
SUB001756,CU001756,PL02,2022-04-28,2025-11-24,Churned,171.16,Annual
SUB001757,CU001757,PL01,2025-10-14,,Active,46.59,Annual
SUB001758,CU001758,PL03,2024-02-26,,Active,413.67,Monthly
SUB001759,CU001759,PL03,2022-05-31,,Active,442.18,Annual
SUB001760,CU001760,PL03,2022-02-04,,Active,344.74,Monthly
SUB001761,CU001761,PL03,2025-07-18,,Active,398.04,Monthly
SUB001762,CU001762,PL01,2022-05-04,,Active,52.38,Annual
SUB001763,CU001763,PL03,2024-08-06,,Active,340.87,Monthly
SUB001764,CU001764,PL01,2022-06-17,2025-03-23,Churned,48.36,Annual
SUB001765,CU001765,PL02,2024-07-21,2025-08-10,Churned,159.39,Monthly
SUB001766,CU001766,PL02,2024-06-01,,Active,160.0,Monthly
SUB001767,CU001767,PL01,2024-10-21,,Active,54.43,Annual
SUB001768,CU001768,PL04,2024-12-14,,Active,1397.6,Monthly
SUB001769,CU001769,PL03,2023-02-17,,Active,360.65,Monthly
SUB001770,CU001770,PL03,2026-02-16,,Active,419.85,Monthly
SUB001771,CU001771,PL02,2022-03-10,,Active,181.15,Monthly
SUB001772,CU001772,PL02,2026-04-20,,Active,172.27,Monthly
SUB001773,CU001773,PL04,2024-01-25,,Active,1065.98,Annual
SUB001774,CU001774,PL03,2023-08-27,,Active,417.86,Annual
SUB001775,CU001775,PL01,2024-06-22,2026-08-16,Churned,52.92,Monthly
SUB001776,CU001776,PL02,2022-08-17,,Active,128.99,Annual
SUB001777,CU001777,PL02,2026-02-10,,Active,163.32,Annual
SUB001778,CU001778,PL01,2024-08-16,,Active,56.76,Annual
SUB001779,CU001779,PL02,2024-05-21,,Active,165.12,Monthly
SUB001780,CU001780,PL01,2022-08-21,,Active,53.16,Monthly
SUB001781,CU001781,PL01,2024-07-04,2025-10-11,Churned,48.96,Monthly
SUB001782,CU001782,PL01,2025-12-08,,Active,42.65,Annual
SUB001783,CU001783,PL01,2024-07-18,,Active,47.24,Monthly
SUB001784,CU001784,PL02,2022-02-02,,Active,174.02,Annual
SUB001785,CU001785,PL01,2023-09-18,,Active,44.05,Monthly
SUB001786,CU001786,PL03,2026-01-23,,Active,459.63,Annual
SUB001787,CU001787,PL04,2022-04-25,,Active,1370.95,Monthly
SUB001788,CU001788,PL03,2023-08-24,,Active,348.13,Annual
SUB001789,CU001789,PL04,2025-11-15,,Active,1382.63,Annual
SUB001790,CU001790,PL01,2023-08-26,,Active,57.7,Annual
SUB001791,CU001791,PL02,2023-03-24,2024-05-17,Churned,139.83,Monthly
SUB001792,CU001792,PL02,2024-12-28,,Active,166.16,Monthly
SUB001793,CU001793,PL01,2025-07-10,2026-05-25,Churned,55.6,Annual
SUB001794,CU001794,PL01,2026-01-26,2026-05-24,Churned,48.15,Annual
SUB001795,CU001795,PL01,2026-06-12,,Active,47.39,Annual
SUB001796,CU001796,PL01,2022-09-06,,Active,46.6,Annual
SUB001797,CU001797,PL01,2022-07-01,2023-03-16,Churned,41.87,Monthly
SUB001798,CU001798,PL04,2023-07-11,,Active,1354.81,Annual
SUB001799,CU001799,PL03,2023-05-12,,Active,395.56,Monthly
SUB001800,CU001800,PL02,2026-06-27,,Active,161.48,Annual
SUB001801,CU001801,PL02,2025-01-03,,Active,174.07,Monthly
SUB001802,CU001802,PL03,2023-03-16,,Active,367.46,Annual
SUB001803,CU001803,PL01,2024-08-18,,Active,51.13,Monthly
SUB001804,CU001804,PL01,2025-10-31,,Active,55.4,Annual
SUB001805,CU001805,PL03,2024-05-28,2024-12-19,Churned,494.21,Annual
SUB001806,CU001806,PL01,2023-05-17,2025-12-09,Churned,57.36,Annual
SUB001807,CU001807,PL02,2024-04-27,,Active,127.36,Annual
SUB001808,CU001808,PL02,2022-03-23,,Active,142.3,Annual
SUB001809,CU001809,PL04,2026-06-22,,Active,1158.53,Annual
SUB001810,CU001810,PL02,2025-01-11,,Active,184.05,Annual
SUB001811,CU001811,PL01,2024-10-23,,Active,47.12,Annual
SUB001812,CU001812,PL02,2024-03-13,,Active,155.19,Annual
SUB001813,CU001813,PL03,2023-06-28,,Active,414.06,Annual
SUB001814,CU001814,PL03,2022-08-17,,Active,427.98,Annual
SUB001815,CU001815,PL01,2025-01-06,,Active,41.8,Monthly
SUB001816,CU001816,PL02,2025-10-22,2026-07-22,Churned,159.13,Monthly
SUB001817,CU001817,PL01,2022-09-23,,Active,56.31,Monthly
SUB001818,CU001818,PL01,2025-10-24,2026-04-03,Churned,45.2,Annual
SUB001819,CU001819,PL02,2025-09-26,,Active,174.98,Annual
SUB001820,CU001820,PL02,2025-06-04,,Active,148.8,Monthly
SUB001821,CU001821,PL02,2025-10-19,,Active,156.28,Annual
SUB001822,CU001822,PL02,2025-05-29,,Active,156.16,Annual
SUB001823,CU001823,PL02,2025-12-04,2026-08-07,Churned,178.53,Monthly
SUB001824,CU001824,PL03,2023-06-23,2026-06-02,Churned,469.04,Monthly
SUB001825,CU001825,PL03,2023-11-06,,Active,438.86,Annual
SUB001826,CU001826,PL04,2024-01-25,2025-06-16,Churned,1378.6,Annual
SUB001827,CU001827,PL03,2026-03-20,,Active,355.58,Annual
SUB001828,CU001828,PL03,2025-01-07,,Active,394.29,Annual
SUB001829,CU001829,PL02,2022-01-31,,Active,130.45,Annual
SUB001830,CU001830,PL03,2022-07-22,,Active,485.1,Annual
SUB001831,CU001831,PL01,2025-02-20,,Active,53.08,Annual
SUB001832,CU001832,PL03,2022-06-25,,Active,448.61,Monthly
SUB001833,CU001833,PL04,2022-03-03,,Active,1355.84,Annual
SUB001834,CU001834,PL02,2022-03-20,,Active,153.71,Monthly
SUB001835,CU001835,PL04,2022-11-06,,Active,1244.69,Monthly
SUB001836,CU001836,PL02,2024-10-24,,Active,179.71,Annual
SUB001837,CU001837,PL02,2023-04-20,,Active,174.18,Monthly
SUB001838,CU001838,PL02,2023-07-22,2025-09-20,Churned,134.14,Monthly
SUB001839,CU001839,PL01,2023-09-17,,Active,48.51,Annual
SUB001840,CU001840,PL02,2024-11-30,,Active,126.73,Monthly
SUB001841,CU001841,PL01,2022-03-12,2022-06-27,Churned,42.29,Annual
SUB001842,CU001842,PL02,2023-04-11,,Active,162.39,Monthly
SUB001843,CU001843,PL02,2022-04-17,,Active,184.74,Annual
SUB001844,CU001844,PL01,2025-03-24,,Active,50.91,Monthly
SUB001845,CU001845,PL03,2025-03-17,,Active,453.2,Annual
SUB001846,CU001846,PL02,2023-12-11,,Active,158.68,Annual
SUB001847,CU001847,PL03,2024-04-05,2025-12-14,Churned,360.59,Annual
SUB001848,CU001848,PL01,2023-07-06,2025-12-01,Churned,51.86,Monthly
SUB001849,CU001849,PL02,2023-03-12,,Active,162.11,Annual
SUB001850,CU001850,PL02,2022-04-10,2023-09-30,Churned,138.59,Annual
SUB001851,CU001851,PL02,2024-10-09,,Active,144.63,Annual
SUB001852,CU001852,PL02,2022-06-26,,Active,134.37,Monthly
SUB001853,CU001853,PL03,2022-09-07,,Active,451.41,Annual
SUB001854,CU001854,PL02,2026-06-16,,Active,176.63,Monthly
SUB001855,CU001855,PL04,2025-12-25,,Active,1233.39,Annual
SUB001856,CU001856,PL02,2022-06-10,,Active,170.02,Annual
SUB001857,CU001857,PL03,2023-04-16,2025-04-16,Churned,380.14,Monthly
SUB001858,CU001858,PL01,2026-03-09,,Active,53.81,Monthly
SUB001859,CU001859,PL03,2024-06-07,,Active,490.46,Annual
SUB001860,CU001860,PL03,2023-11-23,,Active,414.1,Annual
SUB001861,CU001861,PL01,2025-11-02,,Active,44.46,Monthly
SUB001862,CU001862,PL02,2023-02-13,,Active,168.86,Annual
SUB001863,CU001863,PL02,2023-06-03,,Active,132.27,Monthly
SUB001864,CU001864,PL01,2023-08-18,,Active,44.89,Annual
SUB001865,CU001865,PL03,2024-07-10,,Active,377.02,Monthly
SUB001866,CU001866,PL01,2023-05-19,2024-06-20,Churned,49.06,Monthly
SUB001867,CU001867,PL02,2024-08-19,2025-12-15,Churned,165.66,Monthly
SUB001868,CU001868,PL03,2026-04-13,,Active,423.71,Annual
SUB001869,CU001869,PL02,2024-06-03,,Active,159.35,Monthly
SUB001870,CU001870,PL02,2024-04-26,,Active,146.9,Annual
SUB001871,CU001871,PL02,2026-05-23,,Active,142.47,Monthly
SUB001872,CU001872,PL01,2022-06-11,,Active,57.25,Annual
SUB001873,CU001873,PL01,2022-11-19,,Active,56.73,Monthly
SUB001874,CU001874,PL02,2025-01-25,,Active,160.5,Monthly
SUB001875,CU001875,PL01,2025-07-20,,Active,45.64,Monthly
SUB001876,CU001876,PL02,2025-07-26,,Active,126.76,Annual
SUB001877,CU001877,PL02,2025-07-20,,Active,146.06,Annual
SUB001878,CU001878,PL04,2024-05-21,,Active,1419.74,Monthly
SUB001879,CU001879,PL01,2022-10-20,,Active,57.05,Annual
SUB001880,CU001880,PL01,2025-12-29,,Active,43.4,Monthly
SUB001881,CU001881,PL01,2026-01-15,,Active,50.6,Annual
SUB001882,CU001882,PL03,2024-02-07,,Active,449.23,Annual
SUB001883,CU001883,PL02,2023-08-21,,Active,160.97,Annual
SUB001884,CU001884,PL03,2022-02-25,,Active,429.68,Monthly
SUB001885,CU001885,PL02,2025-05-05,,Active,144.27,Annual
SUB001886,CU001886,PL02,2022-03-03,,Active,141.21,Monthly
SUB001887,CU001887,PL03,2022-07-12,,Active,412.2,Monthly
SUB001888,CU001888,PL02,2024-03-26,,Active,137.08,Annual
SUB001889,CU001889,PL01,2026-01-24,,Active,49.13,Monthly
SUB001890,CU001890,PL01,2023-09-20,,Active,55.98,Annual
SUB001891,CU001891,PL01,2022-12-18,,Active,49.57,Monthly
SUB001892,CU001892,PL03,2025-05-11,2026-06-03,Churned,408.95,Annual
SUB001893,CU001893,PL01,2024-07-05,,Active,50.04,Monthly
SUB001894,CU001894,PL03,2026-04-10,,Active,453.23,Monthly
SUB001895,CU001895,PL01,2023-02-22,,Active,54.97,Monthly
SUB001896,CU001896,PL02,2022-11-16,,Active,165.82,Annual
SUB001897,CU001897,PL02,2022-08-13,,Active,186.14,Monthly
SUB001898,CU001898,PL04,2026-06-23,,Active,1396.59,Annual
SUB001899,CU001899,PL02,2023-01-25,,Active,178.65,Annual
SUB001900,CU001900,PL03,2023-03-11,2026-05-15,Churned,441.16,Monthly
SUB001901,CU001901,PL01,2023-01-16,2026-03-16,Churned,57.7,Annual
SUB001902,CU001902,PL01,2023-07-14,,Active,51.19,Annual
SUB001903,CU001903,PL03,2022-09-16,,Active,442.92,Annual
SUB001904,CU001904,PL01,2022-10-26,,Active,45.61,Monthly
SUB001905,CU001905,PL03,2024-12-30,,Active,466.19,Annual
SUB001906,CU001906,PL01,2022-08-17,,Active,60.91,Monthly
SUB001907,CU001907,PL01,2026-01-18,,Active,46.38,Monthly
SUB001908,CU001908,PL01,2024-11-27,,Active,60.22,Annual
SUB001909,CU001909,PL01,2023-08-20,2025-02-02,Churned,52.18,Annual
SUB001910,CU001910,PL02,2025-07-21,2026-05-19,Churned,147.72,Annual
SUB001911,CU001911,PL01,2025-04-09,2026-07-06,Churned,61.22,Monthly
SUB001912,CU001912,PL02,2024-06-22,,Active,178.27,Monthly
SUB001913,CU001913,PL01,2022-04-26,2024-01-13,Churned,49.07,Monthly
SUB001914,CU001914,PL02,2024-04-25,,Active,162.58,Monthly
SUB001915,CU001915,PL02,2026-06-04,,Active,185.83,Monthly
SUB001916,CU001916,PL01,2026-04-07,,Active,56.27,Annual
SUB001917,CU001917,PL02,2023-02-27,,Active,130.74,Monthly
SUB001918,CU001918,PL02,2024-10-18,,Active,179.16,Monthly
SUB001919,CU001919,PL02,2022-10-06,2025-01-30,Churned,136.37,Monthly
SUB001920,CU001920,PL01,2022-12-26,,Active,47.35,Monthly
SUB001921,CU001921,PL02,2026-06-16,,Active,149.61,Annual
SUB001922,CU001922,PL01,2023-06-07,,Active,54.52,Monthly
SUB001923,CU001923,PL03,2026-04-03,,Active,407.04,Monthly
SUB001924,CU001924,PL02,2025-01-27,,Active,133.85,Monthly
SUB001925,CU001925,PL04,2023-01-23,,Active,1130.82,Annual
SUB001926,CU001926,PL03,2024-12-09,,Active,358.32,Annual
SUB001927,CU001927,PL01,2026-04-22,,Active,42.78,Monthly
SUB001928,CU001928,PL01,2025-02-07,2025-07-18,Churned,56.6,Annual
SUB001929,CU001929,PL01,2022-10-06,2023-01-12,Churned,47.63,Annual
SUB001930,CU001930,PL02,2025-11-28,,Active,145.5,Monthly
SUB001931,CU001931,PL01,2024-12-14,,Active,57.22,Monthly
SUB001932,CU001932,PL04,2026-04-05,,Active,1371.65,Annual
SUB001933,CU001933,PL02,2024-08-15,,Active,186.16,Monthly
SUB001934,CU001934,PL03,2022-05-08,,Active,486.6,Monthly
SUB001935,CU001935,PL01,2026-02-10,2026-07-25,Churned,55.19,Monthly
SUB001936,CU001936,PL02,2022-12-16,,Active,168.09,Monthly
SUB001937,CU001937,PL02,2023-04-10,,Active,128.86,Monthly
SUB001938,CU001938,PL01,2025-01-08,,Active,45.85,Annual
SUB001939,CU001939,PL01,2026-01-18,2026-07-05,Churned,42.52,Monthly
SUB001940,CU001940,PL01,2023-01-31,,Active,60.2,Annual
SUB001941,CU001941,PL02,2023-04-28,,Active,170.09,Monthly
SUB001942,CU001942,PL03,2025-03-17,2025-11-23,Churned,474.67,Monthly
SUB001943,CU001943,PL04,2025-03-23,,Active,1068.53,Monthly
SUB001944,CU001944,PL02,2022-10-23,,Active,135.75,Monthly
SUB001945,CU001945,PL02,2023-08-30,,Active,155.64,Monthly
SUB001946,CU001946,PL02,2024-05-21,,Active,156.17,Annual
SUB001947,CU001947,PL01,2026-03-03,,Active,54.36,Annual
SUB001948,CU001948,PL02,2026-02-01,,Active,185.07,Annual
SUB001949,CU001949,PL01,2022-08-14,2025-02-26,Churned,47.5,Monthly
SUB001950,CU001950,PL03,2023-09-16,2026-06-07,Churned,423.03,Annual
SUB001951,CU001951,PL01,2025-05-12,,Active,51.2,Annual
SUB001952,CU001952,PL01,2025-02-24,,Active,61.18,Monthly
SUB001953,CU001953,PL01,2025-08-20,2026-01-29,Churned,56.59,Monthly
SUB001954,CU001954,PL03,2025-05-20,,Active,390.22,Annual
SUB001955,CU001955,PL01,2024-12-22,2025-10-14,Churned,54.34,Annual
SUB001956,CU001956,PL03,2026-06-09,,Active,420.26,Annual
SUB001957,CU001957,PL03,2023-04-07,,Active,360.48,Annual
SUB001958,CU001958,PL03,2025-04-19,,Active,412.24,Monthly
SUB001959,CU001959,PL03,2022-02-14,,Active,354.18,Annual
SUB001960,CU001960,PL01,2026-02-02,,Active,49.33,Monthly
SUB001961,CU001961,PL02,2024-07-26,,Active,142.95,Monthly
SUB001962,CU001962,PL02,2024-01-20,,Active,180.17,Annual
SUB001963,CU001963,PL01,2023-05-16,,Active,51.52,Monthly
SUB001964,CU001964,PL01,2025-07-24,2026-08-03,Churned,48.45,Annual
SUB001965,CU001965,PL03,2023-01-26,,Active,421.51,Monthly
SUB001966,CU001966,PL03,2025-12-25,,Active,368.26,Annual
SUB001967,CU001967,PL04,2022-09-21,,Active,1383.04,Annual
SUB001968,CU001968,PL02,2023-07-25,,Active,140.37,Annual
SUB001969,CU001969,PL01,2023-03-31,,Active,58.79,Annual
SUB001970,CU001970,PL01,2024-12-04,,Active,41.84,Annual
SUB001971,CU001971,PL02,2022-12-07,,Active,129.64,Annual
SUB001972,CU001972,PL03,2022-09-11,,Active,341.52,Monthly
SUB001973,CU001973,PL01,2022-04-16,,Active,42.94,Annual
SUB001974,CU001974,PL01,2026-01-29,,Active,56.79,Annual
SUB001975,CU001975,PL01,2022-12-31,,Active,42.99,Monthly
SUB001976,CU001976,PL02,2023-11-28,,Active,133.61,Annual
SUB001977,CU001977,PL03,2023-12-05,,Active,498.62,Annual
SUB001978,CU001978,PL01,2024-05-12,,Active,49.77,Monthly
SUB001979,CU001979,PL03,2024-06-18,,Active,397.3,Monthly
SUB001980,CU001980,PL01,2024-01-05,,Active,42.51,Monthly
SUB001981,CU001981,PL04,2023-12-19,,Active,1231.61,Annual
SUB001982,CU001982,PL01,2026-03-28,,Active,51.58,Annual
SUB001983,CU001983,PL01,2022-08-26,2023-10-23,Churned,59.9,Annual
SUB001984,CU001984,PL02,2024-07-09,,Active,157.3,Annual
SUB001985,CU001985,PL02,2022-05-10,,Active,162.51,Annual
SUB001986,CU001986,PL04,2024-02-02,,Active,1307.98,Annual
SUB001987,CU001987,PL01,2025-08-12,,Active,45.63,Annual
SUB001988,CU001988,PL01,2023-01-08,,Active,42.49,Annual
SUB001989,CU001989,PL01,2022-06-02,,Active,43.54,Annual
SUB001990,CU001990,PL01,2025-06-13,,Active,51.89,Monthly
SUB001991,CU001991,PL01,2026-06-23,,Active,43.83,Monthly
SUB001992,CU001992,PL02,2022-05-24,,Active,142.52,Monthly
SUB001993,CU001993,PL02,2024-02-06,2026-05-16,Churned,159.37,Monthly
SUB001994,CU001994,PL01,2024-02-16,,Active,44.49,Monthly
SUB001995,CU001995,PL02,2024-12-04,,Active,157.08,Annual
SUB001996,CU001996,PL02,2025-02-18,2025-09-07,Churned,166.32,Monthly
SUB001997,CU001997,PL03,2025-12-06,,Active,433.58,Monthly
SUB001998,CU001998,PL02,2023-03-23,,Active,139.4,Annual
SUB001999,CU001999,PL02,2026-03-19,,Active,155.56,Monthly
SUB002000,CU002000,PL02,2023-12-07,,Active,165.95,Annual
SUB002001,CU002001,PL03,2024-02-28,,Active,339.66,Annual
SUB002002,CU002002,PL01,2025-08-29,,Active,55.83,Annual
SUB002003,CU002003,PL02,2022-12-09,,Active,130.79,Annual
SUB002004,CU002004,PL01,2022-04-18,,Active,43.84,Annual
SUB002005,CU002005,PL04,2024-02-23,,Active,1064.31,Monthly
SUB002006,CU002006,PL04,2023-04-19,,Active,1411.74,Annual
SUB002007,CU002007,PL02,2026-06-26,,Active,168.5,Monthly
SUB002008,CU002008,PL02,2025-04-11,,Active,161.53,Annual
SUB002009,CU002009,PL03,2025-07-05,,Active,373.86,Monthly
SUB002010,CU002010,PL03,2023-12-23,,Active,425.81,Monthly
SUB002011,CU002011,PL01,2025-09-03,,Active,52.73,Annual
SUB002012,CU002012,PL01,2025-09-29,2026-07-15,Churned,50.59,Annual
SUB002013,CU002013,PL03,2023-04-14,,Active,479.45,Monthly
SUB002014,CU002014,PL03,2024-11-28,,Active,354.4,Monthly
SUB002015,CU002015,PL02,2023-12-09,,Active,173.74,Annual
SUB002016,CU002016,PL02,2025-05-02,,Active,162.38,Annual
SUB002017,CU002017,PL02,2025-08-08,,Active,142.93,Monthly
SUB002018,CU002018,PL01,2023-02-20,,Active,47.82,Monthly
SUB002019,CU002019,PL02,2022-04-01,,Active,147.33,Annual
SUB002020,CU002020,PL02,2022-10-15,,Active,182.11,Annual
SUB002021,CU002021,PL01,2025-03-18,2025-06-26,Churned,48.49,Annual
SUB002022,CU002022,PL03,2024-11-08,,Active,430.71,Annual
SUB002023,CU002023,PL01,2024-08-07,,Active,54.19,Monthly
SUB002024,CU002024,PL02,2023-10-25,,Active,170.7,Annual
SUB002025,CU002025,PL01,2024-01-16,2024-04-19,Churned,47.37,Monthly
SUB002026,CU002026,PL01,2025-02-16,,Active,47.12,Annual
SUB002027,CU002027,PL01,2022-09-08,2023-02-08,Churned,48.61,Monthly
SUB002028,CU002028,PL01,2023-09-01,,Active,51.43,Annual
SUB002029,CU002029,PL02,2024-02-27,,Active,146.84,Monthly
SUB002030,CU002030,PL04,2022-07-27,,Active,1362.88,Annual
SUB002031,CU002031,PL01,2023-10-27,,Active,43.58,Annual
SUB002032,CU002032,PL02,2024-11-13,,Active,168.01,Annual
SUB002033,CU002033,PL01,2026-02-20,,Active,60.92,Annual
SUB002034,CU002034,PL01,2022-02-14,,Active,50.65,Monthly
SUB002035,CU002035,PL01,2026-03-11,,Active,60.95,Annual
SUB002036,CU002036,PL02,2023-01-03,,Active,156.29,Annual
SUB002037,CU002037,PL03,2024-07-23,,Active,348.8,Annual
SUB002038,CU002038,PL01,2022-12-01,2024-04-27,Churned,61.25,Monthly
SUB002039,CU002039,PL01,2022-11-06,,Active,48.62,Monthly
SUB002040,CU002040,PL02,2023-08-10,2026-07-29,Churned,168.81,Annual
SUB002041,CU002041,PL01,2026-04-04,,Active,54.3,Annual
SUB002042,CU002042,PL01,2025-04-17,2025-09-08,Churned,51.27,Monthly
SUB002043,CU002043,PL02,2024-01-14,2024-12-02,Churned,129.64,Annual
SUB002044,CU002044,PL02,2023-01-13,2025-06-20,Churned,157.69,Annual
SUB002045,CU002045,PL02,2022-11-29,,Active,127.58,Annual
SUB002046,CU002046,PL02,2025-12-14,,Active,160.41,Annual
SUB002047,CU002047,PL02,2024-03-23,,Active,151.54,Annual
SUB002048,CU002048,PL03,2022-11-21,,Active,491.49,Monthly
SUB002049,CU002049,PL02,2024-10-08,,Active,154.82,Annual
SUB002050,CU002050,PL02,2023-04-13,2023-09-26,Churned,148.87,Annual
SUB002051,CU002051,PL02,2023-01-23,,Active,177.18,Annual
SUB002052,CU002052,PL04,2023-09-30,2026-08-14,Churned,1183.33,Monthly
SUB002053,CU002053,PL02,2022-06-11,,Active,133.0,Monthly
SUB002054,CU002054,PL02,2024-05-07,,Active,166.06,Annual
SUB002055,CU002055,PL03,2023-09-12,,Active,384.08,Monthly
SUB002056,CU002056,PL01,2022-07-12,,Active,54.12,Annual
SUB002057,CU002057,PL01,2022-04-17,,Active,56.51,Monthly
SUB002058,CU002058,PL02,2025-05-10,,Active,130.93,Annual
SUB002059,CU002059,PL02,2023-02-05,,Active,143.28,Monthly
SUB002060,CU002060,PL01,2024-08-10,2025-02-13,Churned,57.46,Annual
SUB002061,CU002061,PL03,2022-10-09,,Active,442.03,Monthly
SUB002062,CU002062,PL03,2024-08-26,,Active,472.26,Monthly
SUB002063,CU002063,PL02,2022-12-26,,Active,143.88,Annual
SUB002064,CU002064,PL03,2024-02-20,,Active,358.44,Annual
SUB002065,CU002065,PL03,2024-02-26,,Active,383.93,Monthly
SUB002066,CU002066,PL01,2023-09-15,,Active,49.49,Annual
SUB002067,CU002067,PL01,2026-01-24,,Active,42.71,Monthly
SUB002068,CU002068,PL03,2026-06-19,,Active,363.31,Annual
SUB002069,CU002069,PL03,2022-02-12,2022-09-22,Churned,479.64,Monthly
SUB002070,CU002070,PL03,2026-06-13,,Active,433.56,Annual
SUB002071,CU002071,PL02,2024-05-03,,Active,148.98,Monthly
SUB002072,CU002072,PL01,2025-03-28,2026-05-26,Churned,55.62,Monthly
SUB002073,CU002073,PL02,2024-10-28,,Active,149.61,Annual
SUB002074,CU002074,PL01,2024-07-22,,Active,43.07,Annual
SUB002075,CU002075,PL04,2025-06-05,,Active,1498.66,Monthly
SUB002076,CU002076,PL01,2024-06-30,,Active,44.69,Monthly
SUB002077,CU002077,PL02,2022-02-22,,Active,127.29,Annual
SUB002078,CU002078,PL02,2023-06-17,2024-06-18,Churned,177.41,Annual
SUB002079,CU002079,PL01,2025-01-25,,Active,42.21,Annual
SUB002080,CU002080,PL01,2022-12-11,,Active,55.29,Monthly
SUB002081,CU002081,PL02,2025-01-15,,Active,164.94,Monthly
SUB002082,CU002082,PL01,2022-12-29,,Active,52.76,Monthly
SUB002083,CU002083,PL01,2023-02-05,2024-03-26,Churned,54.74,Monthly
SUB002084,CU002084,PL01,2022-07-13,2023-05-16,Churned,51.58,Annual
SUB002085,CU002085,PL03,2024-01-16,2026-02-21,Churned,428.42,Annual
SUB002086,CU002086,PL03,2022-07-08,,Active,408.62,Annual
SUB002087,CU002087,PL03,2022-05-28,2026-06-23,Churned,463.56,Monthly
SUB002088,CU002088,PL02,2025-09-21,,Active,153.08,Annual
SUB002089,CU002089,PL01,2025-03-03,,Active,52.47,Annual
SUB002090,CU002090,PL02,2023-02-05,,Active,169.57,Monthly
SUB002091,CU002091,PL01,2023-11-17,,Active,41.78,Monthly
SUB002092,CU002092,PL01,2024-07-22,,Active,46.83,Annual
SUB002093,CU002093,PL02,2023-06-18,2024-08-03,Churned,156.94,Monthly
SUB002094,CU002094,PL01,2025-02-09,2025-10-30,Churned,46.41,Annual
SUB002095,CU002095,PL03,2026-05-10,,Active,344.09,Annual
SUB002096,CU002096,PL01,2022-02-07,2025-06-11,Churned,49.52,Monthly
SUB002097,CU002097,PL02,2023-09-15,2025-04-21,Churned,180.45,Annual
SUB002098,CU002098,PL01,2022-11-10,,Active,57.17,Annual
SUB002099,CU002099,PL03,2022-10-10,2023-09-22,Churned,348.64,Monthly
SUB002100,CU002100,PL01,2022-10-25,,Active,56.94,Monthly
SUB002101,CU002101,PL01,2026-02-14,,Active,53.15,Annual
SUB002102,CU002102,PL02,2023-01-07,,Active,182.74,Monthly
SUB002103,CU002103,PL02,2024-08-20,2025-02-24,Churned,167.89,Monthly
SUB002104,CU002104,PL03,2026-04-01,,Active,440.1,Monthly
SUB002105,CU002105,PL04,2023-11-11,2025-11-13,Churned,1311.87,Monthly
SUB002106,CU002106,PL02,2025-02-15,2025-10-22,Churned,130.53,Annual
SUB002107,CU002107,PL03,2023-02-26,,Active,383.51,Annual
SUB002108,CU002108,PL01,2025-06-14,,Active,53.25,Monthly
SUB002109,CU002109,PL02,2024-02-10,,Active,161.6,Monthly
SUB002110,CU002110,PL03,2023-07-21,2026-02-09,Churned,346.78,Monthly
SUB002111,CU002111,PL02,2025-09-18,,Active,161.57,Annual
SUB002112,CU002112,PL03,2024-03-02,,Active,451.0,Monthly
SUB002113,CU002113,PL03,2025-07-20,,Active,396.27,Annual
SUB002114,CU002114,PL02,2025-05-23,,Active,129.58,Annual
SUB002115,CU002115,PL01,2024-05-04,,Active,48.42,Monthly
SUB002116,CU002116,PL02,2023-07-21,,Active,127.78,Annual
SUB002117,CU002117,PL02,2022-08-09,2026-06-19,Churned,174.08,Monthly
SUB002118,CU002118,PL02,2025-08-02,,Active,145.76,Monthly
SUB002119,CU002119,PL03,2026-05-01,,Active,339.34,Annual
SUB002120,CU002120,PL01,2022-07-06,,Active,48.4,Annual
SUB002121,CU002121,PL03,2023-02-03,,Active,459.99,Annual
SUB002122,CU002122,PL02,2024-07-25,,Active,158.55,Annual
SUB002123,CU002123,PL02,2024-04-14,,Active,184.74,Annual
SUB002124,CU002124,PL01,2024-05-25,,Active,54.29,Monthly
SUB002125,CU002125,PL02,2024-07-21,2025-12-29,Churned,184.54,Annual
SUB002126,CU002126,PL02,2024-08-06,,Active,160.35,Annual
SUB002127,CU002127,PL01,2024-10-02,,Active,59.33,Annual
SUB002128,CU002128,PL01,2022-05-06,,Active,42.92,Annual
SUB002129,CU002129,PL02,2025-03-17,2025-09-30,Churned,161.85,Annual
SUB002130,CU002130,PL01,2025-06-24,2025-12-11,Churned,57.95,Annual
SUB002131,CU002131,PL03,2024-03-13,,Active,388.98,Monthly
SUB002132,CU002132,PL01,2024-02-03,2025-11-09,Churned,55.64,Annual
SUB002133,CU002133,PL04,2025-01-20,,Active,1472.14,Monthly
SUB002134,CU002134,PL02,2024-11-22,,Active,157.81,Monthly
SUB002135,CU002135,PL01,2022-12-08,,Active,51.63,Monthly
SUB002136,CU002136,PL02,2022-12-28,2023-07-03,Churned,180.04,Annual
SUB002137,CU002137,PL01,2024-10-18,,Active,44.67,Annual
SUB002138,CU002138,PL01,2022-03-27,2025-04-03,Churned,57.35,Monthly
SUB002139,CU002139,PL02,2025-06-01,,Active,136.68,Annual
SUB002140,CU002140,PL02,2026-06-30,,Active,181.17,Annual
SUB002141,CU002141,PL01,2025-01-17,,Active,48.29,Monthly
SUB002142,CU002142,PL01,2026-02-10,,Active,45.29,Annual
SUB002143,CU002143,PL03,2023-08-19,,Active,454.83,Monthly
SUB002144,CU002144,PL03,2023-10-09,,Active,450.79,Annual
SUB002145,CU002145,PL02,2023-11-12,,Active,144.65,Monthly
SUB002146,CU002146,PL01,2024-11-23,,Active,58.12,Monthly
SUB002147,CU002147,PL02,2023-10-13,,Active,185.27,Annual
SUB002148,CU002148,PL03,2025-11-05,,Active,481.95,Monthly
SUB002149,CU002149,PL03,2022-02-21,,Active,387.71,Annual
SUB002150,CU002150,PL01,2024-03-28,,Active,52.76,Monthly
SUB002151,CU002151,PL02,2024-10-16,,Active,146.44,Annual
SUB002152,CU002152,PL01,2023-01-16,,Active,55.71,Annual
SUB002153,CU002153,PL02,2025-05-08,,Active,168.44,Annual
SUB002154,CU002154,PL01,2024-03-27,,Active,52.49,Monthly
SUB002155,CU002155,PL01,2024-06-06,2025-08-23,Churned,58.47,Annual
SUB002156,CU002156,PL02,2022-03-13,,Active,153.37,Monthly
SUB002157,CU002157,PL01,2024-11-02,,Active,56.87,Annual
SUB002158,CU002158,PL01,2025-12-13,,Active,59.01,Annual
SUB002159,CU002159,PL01,2025-07-05,,Active,49.53,Annual
SUB002160,CU002160,PL01,2022-08-25,,Active,49.8,Annual
SUB002161,CU002161,PL01,2022-10-30,,Active,55.95,Annual
SUB002162,CU002162,PL03,2023-08-31,2025-09-26,Churned,475.47,Annual
SUB002163,CU002163,PL03,2022-06-02,,Active,461.67,Monthly
SUB002164,CU002164,PL03,2023-10-20,,Active,341.47,Monthly
SUB002165,CU002165,PL02,2025-11-18,2026-08-16,Churned,158.05,Annual
SUB002166,CU002166,PL01,2023-02-08,,Active,54.93,Monthly
SUB002167,CU002167,PL01,2022-10-13,,Active,43.18,Annual
SUB002168,CU002168,PL03,2026-06-07,,Active,494.95,Monthly
SUB002169,CU002169,PL02,2023-11-08,,Active,137.63,Annual
SUB002170,CU002170,PL01,2025-05-09,,Active,53.02,Annual
SUB002171,CU002171,PL03,2025-12-27,,Active,381.95,Annual
SUB002172,CU002172,PL01,2022-04-11,2026-06-30,Churned,42.39,Annual
SUB002173,CU002173,PL01,2023-03-26,,Active,47.0,Monthly
SUB002174,CU002174,PL03,2023-07-30,2024-01-17,Churned,470.6,Annual
SUB002175,CU002175,PL01,2024-03-21,,Active,58.74,Annual
SUB002176,CU002176,PL03,2022-06-04,2025-04-06,Churned,475.19,Monthly
SUB002177,CU002177,PL01,2025-12-15,2026-05-30,Churned,44.05,Monthly
SUB002178,CU002178,PL02,2026-03-14,,Active,143.65,Annual
SUB002179,CU002179,PL02,2025-11-05,,Active,166.69,Annual
SUB002180,CU002180,PL01,2025-01-08,,Active,49.78,Monthly
SUB002181,CU002181,PL02,2022-11-15,,Active,161.66,Monthly
SUB002182,CU002182,PL01,2026-03-16,,Active,58.77,Monthly
SUB002183,CU002183,PL01,2022-07-06,2024-09-01,Churned,47.67,Annual
SUB002184,CU002184,PL04,2022-05-23,,Active,1071.19,Monthly
SUB002185,CU002185,PL01,2022-03-07,,Active,43.34,Monthly
SUB002186,CU002186,PL03,2024-02-06,,Active,439.89,Monthly
SUB002187,CU002187,PL01,2022-12-22,,Active,42.86,Annual
SUB002188,CU002188,PL02,2023-01-17,,Active,141.64,Monthly
SUB002189,CU002189,PL01,2025-10-14,,Active,50.81,Annual
SUB002190,CU002190,PL02,2023-02-09,,Active,168.01,Annual
SUB002191,CU002191,PL01,2025-09-19,,Active,45.14,Monthly
SUB002192,CU002192,PL02,2022-07-01,,Active,162.91,Annual
SUB002193,CU002193,PL01,2023-09-27,,Active,57.1,Monthly
SUB002194,CU002194,PL01,2025-03-29,,Active,45.45,Monthly
SUB002195,CU002195,PL03,2022-01-23,2023-09-20,Churned,390.09,Annual
SUB002196,CU002196,PL01,2023-04-05,,Active,55.78,Monthly
SUB002197,CU002197,PL02,2025-10-13,,Active,161.98,Monthly
SUB002198,CU002198,PL01,2026-01-24,,Active,43.84,Monthly
SUB002199,CU002199,PL02,2023-06-23,,Active,140.77,Annual
SUB002200,CU002200,PL04,2024-05-03,,Active,1070.23,Monthly
SUB002201,CU002201,PL01,2023-12-11,,Active,49.27,Annual
SUB002202,CU002202,PL02,2025-06-16,,Active,182.5,Annual
SUB002203,CU002203,PL01,2025-09-22,,Active,47.4,Annual
SUB002204,CU002204,PL03,2025-12-29,,Active,442.63,Monthly
SUB002205,CU002205,PL01,2023-02-01,,Active,51.16,Monthly
SUB002206,CU002206,PL01,2023-05-26,,Active,50.09,Monthly
SUB002207,CU002207,PL03,2024-10-18,,Active,349.34,Annual
SUB002208,CU002208,PL03,2022-11-24,,Active,498.5,Monthly
SUB002209,CU002209,PL04,2025-04-29,,Active,1045.37,Annual
SUB002210,CU002210,PL01,2022-01-21,,Active,49.65,Annual
SUB002211,CU002211,PL01,2026-03-08,,Active,42.0,Monthly
SUB002212,CU002212,PL01,2023-01-05,,Active,47.43,Monthly
SUB002213,CU002213,PL01,2023-11-21,2024-04-30,Churned,54.14,Monthly
SUB002214,CU002214,PL01,2023-07-19,,Active,53.61,Monthly
SUB002215,CU002215,PL01,2022-10-11,,Active,47.88,Annual
SUB002216,CU002216,PL02,2024-01-15,,Active,176.07,Annual
SUB002217,CU002217,PL04,2023-07-14,,Active,1106.52,Annual
SUB002218,CU002218,PL02,2025-12-23,,Active,152.48,Monthly
SUB002219,CU002219,PL03,2025-08-14,,Active,395.15,Monthly
SUB002220,CU002220,PL03,2023-09-09,,Active,403.86,Annual
SUB002221,CU002221,PL02,2025-02-19,,Active,147.91,Monthly
SUB002222,CU002222,PL04,2022-03-08,,Active,1323.6,Monthly
SUB002223,CU002223,PL03,2023-11-07,,Active,465.34,Monthly
SUB002224,CU002224,PL01,2024-12-22,2025-10-05,Churned,57.28,Monthly
SUB002225,CU002225,PL01,2024-09-15,2025-12-07,Churned,53.07,Monthly
SUB002226,CU002226,PL03,2024-07-28,2025-03-16,Churned,393.58,Monthly
SUB002227,CU002227,PL03,2026-05-06,,Active,444.52,Annual
SUB002228,CU002228,PL01,2025-04-08,,Active,50.79,Annual
SUB002229,CU002229,PL01,2025-05-12,2026-08-02,Churned,58.66,Annual
SUB002230,CU002230,PL03,2026-05-18,,Active,355.58,Monthly
SUB002231,CU002231,PL02,2023-12-17,,Active,128.62,Annual
SUB002232,CU002232,PL03,2022-08-05,2023-01-20,Churned,424.74,Monthly
SUB002233,CU002233,PL02,2022-07-22,,Active,155.42,Annual
SUB002234,CU002234,PL03,2025-03-20,,Active,400.68,Annual
SUB002235,CU002235,PL01,2022-12-19,,Active,46.52,Monthly
SUB002236,CU002236,PL01,2023-10-23,,Active,60.8,Monthly
SUB002237,CU002237,PL03,2023-06-30,,Active,463.11,Monthly
SUB002238,CU002238,PL02,2022-03-22,,Active,177.94,Annual
SUB002239,CU002239,PL01,2024-05-10,,Active,50.73,Annual
SUB002240,CU002240,PL02,2023-04-03,,Active,126.92,Annual
SUB002241,CU002241,PL01,2024-10-15,,Active,48.86,Monthly
SUB002242,CU002242,PL02,2025-08-19,2026-08-26,Churned,157.8,Monthly
SUB002243,CU002243,PL03,2022-10-18,,Active,382.66,Annual
SUB002244,CU002244,PL02,2025-10-25,,Active,182.42,Monthly
SUB002245,CU002245,PL01,2026-06-15,,Active,53.89,Annual
SUB002246,CU002246,PL04,2026-04-01,,Active,1340.68,Monthly
SUB002247,CU002247,PL02,2026-01-05,,Active,139.55,Annual
SUB002248,CU002248,PL03,2025-08-30,,Active,439.88,Monthly
SUB002249,CU002249,PL02,2024-02-04,2026-05-12,Churned,148.27,Annual
SUB002250,CU002250,PL03,2022-12-02,,Active,488.29,Monthly
SUB002251,CU002251,PL01,2025-01-09,,Active,41.81,Annual
SUB002252,CU002252,PL01,2022-02-01,2022-10-12,Churned,51.12,Annual
SUB002253,CU002253,PL02,2023-01-07,2026-04-10,Churned,130.49,Monthly
SUB002254,CU002254,PL02,2024-11-12,2025-05-06,Churned,128.93,Annual
SUB002255,CU002255,PL01,2022-01-11,,Active,53.17,Monthly
SUB002256,CU002256,PL01,2024-12-05,2025-03-06,Churned,51.42,Monthly
SUB002257,CU002257,PL01,2024-05-19,,Active,46.7,Annual
SUB002258,CU002258,PL03,2026-06-11,,Active,357.51,Monthly
SUB002259,CU002259,PL03,2022-05-15,,Active,436.33,Monthly
SUB002260,CU002260,PL01,2022-07-26,,Active,50.32,Monthly
SUB002261,CU002261,PL02,2025-05-18,,Active,181.12,Monthly
SUB002262,CU002262,PL04,2022-07-27,2023-12-24,Churned,1358.38,Monthly
SUB002263,CU002263,PL02,2023-12-29,2025-05-13,Churned,177.38,Annual
SUB002264,CU002264,PL02,2026-01-20,,Active,127.79,Annual
SUB002265,CU002265,PL02,2026-06-12,,Active,149.16,Annual
SUB002266,CU002266,PL04,2026-04-20,,Active,1114.85,Annual
SUB002267,CU002267,PL01,2025-11-24,,Active,56.14,Monthly
SUB002268,CU002268,PL01,2024-11-29,,Active,55.93,Monthly
SUB002269,CU002269,PL01,2026-01-03,,Active,53.31,Annual
SUB002270,CU002270,PL03,2026-05-14,,Active,387.14,Annual
SUB002271,CU002271,PL01,2026-02-06,2026-07-07,Churned,55.92,Annual
SUB002272,CU002272,PL02,2023-12-02,,Active,177.34,Monthly
SUB002273,CU002273,PL01,2025-10-07,,Active,53.95,Monthly
SUB002274,CU002274,PL01,2022-02-05,2022-05-20,Churned,42.79,Monthly
SUB002275,CU002275,PL03,2022-08-09,,Active,421.05,Annual
SUB002276,CU002276,PL02,2022-07-28,,Active,131.37,Annual
SUB002277,CU002277,PL01,2022-07-15,2022-11-20,Churned,56.43,Annual
SUB002278,CU002278,PL02,2025-01-03,2025-12-15,Churned,166.77,Annual
SUB002279,CU002279,PL02,2024-04-07,,Active,184.81,Annual
SUB002280,CU002280,PL02,2024-04-04,,Active,182.63,Annual
SUB002281,CU002281,PL03,2022-08-21,,Active,344.1,Monthly
SUB002282,CU002282,PL02,2024-06-08,,Active,132.08,Monthly
SUB002283,CU002283,PL02,2022-08-30,,Active,144.61,Monthly
SUB002284,CU002284,PL01,2024-01-25,2025-05-24,Churned,58.74,Annual
SUB002285,CU002285,PL01,2022-11-22,2024-08-18,Churned,49.0,Annual
SUB002286,CU002286,PL01,2025-12-31,,Active,56.23,Annual
SUB002287,CU002287,PL03,2023-12-01,,Active,429.71,Monthly
SUB002288,CU002288,PL02,2024-11-09,,Active,145.13,Monthly
SUB002289,CU002289,PL02,2022-09-30,,Active,181.17,Monthly
SUB002290,CU002290,PL03,2025-11-22,,Active,497.09,Monthly
SUB002291,CU002291,PL01,2022-06-07,2023-08-18,Churned,60.19,Monthly
SUB002292,CU002292,PL01,2022-08-31,,Active,43.86,Monthly
SUB002293,CU002293,PL01,2024-09-18,,Active,60.31,Monthly
SUB002294,CU002294,PL02,2022-08-31,,Active,143.48,Monthly
SUB002295,CU002295,PL03,2022-11-26,,Active,399.12,Annual
SUB002296,CU002296,PL01,2023-11-22,,Active,45.65,Annual
SUB002297,CU002297,PL04,2023-08-20,,Active,1309.51,Annual
SUB002298,CU002298,PL01,2023-03-11,,Active,46.34,Annual
SUB002299,CU002299,PL02,2023-01-17,2025-10-24,Churned,129.78,Annual
SUB002300,CU002300,PL01,2023-02-28,2023-09-03,Churned,43.72,Monthly
SUB002301,CU002301,PL03,2023-01-14,,Active,364.69,Monthly
SUB002302,CU002302,PL01,2022-12-04,,Active,45.34,Annual
SUB002303,CU002303,PL01,2024-10-05,2026-08-06,Churned,55.02,Monthly
SUB002304,CU002304,PL01,2023-03-04,,Active,59.26,Monthly
SUB002305,CU002305,PL02,2023-02-03,2024-11-18,Churned,184.14,Monthly
SUB002306,CU002306,PL01,2023-06-19,,Active,53.62,Monthly
SUB002307,CU002307,PL01,2023-03-09,,Active,59.69,Monthly
SUB002308,CU002308,PL01,2024-12-21,2026-07-12,Churned,59.94,Monthly
SUB002309,CU002309,PL01,2025-07-19,2026-03-07,Churned,50.69,Annual
SUB002310,CU002310,PL01,2024-12-24,,Active,47.24,Annual
SUB002311,CU002311,PL02,2022-12-21,,Active,140.43,Monthly
SUB002312,CU002312,PL01,2025-02-11,,Active,52.53,Annual
SUB002313,CU002313,PL03,2025-11-02,,Active,457.0,Monthly
SUB002314,CU002314,PL03,2025-05-23,,Active,440.11,Monthly
SUB002315,CU002315,PL01,2025-01-04,,Active,47.77,Monthly
SUB002316,CU002316,PL01,2023-10-25,,Active,59.54,Monthly
SUB002317,CU002317,PL02,2026-02-18,,Active,181.17,Monthly
SUB002318,CU002318,PL01,2024-06-21,,Active,41.96,Annual
SUB002319,CU002319,PL04,2022-01-23,,Active,1178.18,Monthly
SUB002320,CU002320,PL02,2024-06-10,,Active,173.35,Monthly
SUB002321,CU002321,PL01,2024-08-23,,Active,52.03,Annual
SUB002322,CU002322,PL02,2022-06-24,,Active,144.45,Annual
SUB002323,CU002323,PL01,2023-08-05,,Active,58.01,Monthly
SUB002324,CU002324,PL02,2025-07-14,2025-12-09,Churned,130.98,Annual
SUB002325,CU002325,PL04,2022-05-15,,Active,1087.24,Annual
SUB002326,CU002326,PL01,2022-09-05,,Active,43.26,Annual
SUB002327,CU002327,PL04,2023-07-11,,Active,1387.68,Annual
SUB002328,CU002328,PL03,2025-01-20,,Active,389.41,Annual
SUB002329,CU002329,PL03,2024-02-20,,Active,498.16,Monthly
SUB002330,CU002330,PL03,2022-07-08,,Active,410.77,Annual
SUB002331,CU002331,PL02,2022-03-14,,Active,137.42,Annual
SUB002332,CU002332,PL02,2025-12-15,2026-08-29,Churned,174.95,Monthly
SUB002333,CU002333,PL02,2023-10-12,,Active,180.05,Annual
SUB002334,CU002334,PL03,2023-01-10,,Active,391.77,Annual
SUB002335,CU002335,PL01,2026-01-04,2026-06-22,Churned,45.16,Monthly
SUB002336,CU002336,PL03,2025-09-22,2026-04-21,Churned,393.04,Annual
SUB002337,CU002337,PL02,2024-03-13,,Active,167.46,Annual
SUB002338,CU002338,PL04,2023-04-03,,Active,1218.04,Annual
SUB002339,CU002339,PL03,2026-01-20,,Active,441.41,Monthly
SUB002340,CU002340,PL02,2023-02-03,,Active,173.83,Monthly
SUB002341,CU002341,PL01,2024-08-18,2026-01-12,Churned,51.37,Monthly
SUB002342,CU002342,PL02,2022-08-05,,Active,159.87,Monthly
SUB002343,CU002343,PL02,2023-02-12,,Active,153.27,Monthly
SUB002344,CU002344,PL01,2022-02-23,,Active,51.92,Monthly
SUB002345,CU002345,PL01,2025-05-23,,Active,46.19,Monthly
SUB002346,CU002346,PL01,2023-08-23,,Active,52.0,Monthly
SUB002347,CU002347,PL01,2022-02-02,,Active,44.7,Annual
SUB002348,CU002348,PL02,2025-03-10,,Active,147.04,Monthly
SUB002349,CU002349,PL03,2025-05-05,,Active,351.41,Annual
SUB002350,CU002350,PL01,2025-11-04,,Active,44.91,Monthly
SUB002351,CU002351,PL01,2023-01-24,,Active,51.53,Annual
SUB002352,CU002352,PL02,2022-01-30,,Active,152.89,Monthly
SUB002353,CU002353,PL01,2026-02-26,,Active,50.56,Monthly
SUB002354,CU002354,PL01,2026-03-05,,Active,57.65,Annual
SUB002355,CU002355,PL01,2023-09-26,2024-11-30,Churned,58.16,Monthly
SUB002356,CU002356,PL03,2022-03-03,,Active,439.06,Annual
SUB002357,CU002357,PL02,2024-02-20,,Active,176.84,Monthly
SUB002358,CU002358,PL02,2022-07-02,,Active,134.8,Monthly
SUB002359,CU002359,PL02,2023-08-29,2025-02-14,Churned,149.73,Monthly
SUB002360,CU002360,PL01,2025-03-03,2025-09-03,Churned,54.59,Annual
SUB002361,CU002361,PL02,2025-07-06,,Active,167.24,Annual
SUB002362,CU002362,PL02,2022-12-29,2026-05-04,Churned,167.3,Monthly
SUB002363,CU002363,PL01,2025-10-15,,Active,56.73,Monthly
SUB002364,CU002364,PL02,2022-07-20,,Active,182.34,Annual
SUB002365,CU002365,PL03,2024-11-29,,Active,438.49,Monthly
SUB002366,CU002366,PL01,2024-06-19,,Active,51.54,Monthly
SUB002367,CU002367,PL01,2025-12-30,,Active,52.21,Monthly
SUB002368,CU002368,PL04,2023-06-05,,Active,1435.67,Monthly
SUB002369,CU002369,PL01,2023-03-02,,Active,59.9,Annual
SUB002370,CU002370,PL01,2025-12-14,,Active,57.61,Annual
SUB002371,CU002371,PL01,2025-11-12,,Active,46.55,Annual
SUB002372,CU002372,PL02,2025-04-18,,Active,129.02,Monthly
SUB002373,CU002373,PL01,2022-12-05,2026-07-20,Churned,54.72,Monthly
SUB002374,CU002374,PL01,2022-06-23,,Active,48.7,Monthly
SUB002375,CU002375,PL02,2025-04-16,,Active,159.73,Annual
SUB002376,CU002376,PL02,2023-11-07,,Active,172.16,Annual
SUB002377,CU002377,PL01,2023-12-29,,Active,42.7,Monthly
SUB002378,CU002378,PL02,2026-01-29,,Active,180.36,Annual
SUB002379,CU002379,PL03,2023-08-11,,Active,468.4,Monthly
SUB002380,CU002380,PL01,2023-06-15,,Active,47.18,Annual
SUB002381,CU002381,PL04,2024-06-03,,Active,1046.24,Annual
SUB002382,CU002382,PL02,2022-05-21,,Active,129.1,Monthly
SUB002383,CU002383,PL01,2026-06-10,,Active,50.01,Annual
SUB002384,CU002384,PL04,2022-11-27,,Active,1451.21,Annual
SUB002385,CU002385,PL01,2023-07-28,,Active,50.01,Annual
SUB002386,CU002386,PL02,2026-02-24,,Active,142.12,Annual
SUB002387,CU002387,PL01,2022-10-03,,Active,57.61,Monthly
SUB002388,CU002388,PL02,2026-02-01,,Active,170.84,Annual
SUB002389,CU002389,PL03,2024-08-24,,Active,412.93,Annual
SUB002390,CU002390,PL02,2024-09-10,,Active,178.74,Annual
SUB002391,CU002391,PL02,2026-05-04,,Active,146.82,Annual
SUB002392,CU002392,PL01,2022-05-30,,Active,47.73,Annual
SUB002393,CU002393,PL01,2023-05-27,,Active,44.7,Monthly
SUB002394,CU002394,PL03,2022-08-15,,Active,480.85,Annual
SUB002395,CU002395,PL02,2024-08-12,2026-05-04,Churned,169.98,Monthly
SUB002396,CU002396,PL02,2023-01-06,2026-01-09,Churned,164.42,Annual
SUB002397,CU002397,PL03,2023-09-21,,Active,459.32,Annual
SUB002398,CU002398,PL02,2025-01-11,,Active,161.74,Monthly
SUB002399,CU002399,PL02,2024-08-27,,Active,182.48,Monthly
SUB002400,CU002400,PL01,2025-09-09,,Active,48.89,Monthly
SUB002401,CU002401,PL01,2024-08-01,,Active,51.34,Annual
SUB002402,CU002402,PL03,2024-10-07,2026-05-19,Churned,361.05,Annual
SUB002403,CU002403,PL02,2024-05-16,,Active,151.79,Monthly
SUB002404,CU002404,PL04,2024-10-18,,Active,1239.5,Monthly
SUB002405,CU002405,PL02,2024-08-24,,Active,132.67,Monthly
SUB002406,CU002406,PL03,2025-10-14,,Active,444.81,Annual
SUB002407,CU002407,PL02,2022-05-04,,Active,175.65,Annual
SUB002408,CU002408,PL02,2025-02-23,2026-04-06,Churned,144.99,Annual
SUB002409,CU002409,PL01,2025-11-21,,Active,53.61,Annual
SUB002410,CU002410,PL01,2024-10-11,,Active,51.13,Annual
SUB002411,CU002411,PL04,2025-04-06,,Active,1299.3,Monthly
SUB002412,CU002412,PL02,2023-12-03,,Active,158.89,Monthly
SUB002413,CU002413,PL03,2022-06-28,,Active,490.3,Annual
SUB002414,CU002414,PL02,2024-10-15,,Active,155.21,Monthly
SUB002415,CU002415,PL01,2025-03-20,2026-03-26,Churned,51.35,Monthly
SUB002416,CU002416,PL02,2022-12-04,,Active,129.28,Monthly
SUB002417,CU002417,PL02,2025-05-12,,Active,154.55,Annual
SUB002418,CU002418,PL01,2025-01-28,,Active,60.67,Annual
SUB002419,CU002419,PL02,2025-08-13,,Active,151.83,Annual
SUB002420,CU002420,PL02,2023-12-07,,Active,167.83,Annual
SUB002421,CU002421,PL02,2025-03-26,,Active,167.31,Annual
SUB002422,CU002422,PL01,2024-07-28,2025-01-17,Churned,58.23,Monthly
SUB002423,CU002423,PL02,2023-12-01,2026-01-12,Churned,149.2,Annual
SUB002424,CU002424,PL03,2026-04-06,,Active,449.95,Annual
SUB002425,CU002425,PL01,2022-01-06,,Active,41.92,Annual
SUB002426,CU002426,PL01,2025-05-11,,Active,45.24,Monthly
SUB002427,CU002427,PL04,2025-12-30,,Active,1443.56,Annual
SUB002428,CU002428,PL01,2024-06-09,,Active,45.01,Monthly
SUB002429,CU002429,PL03,2025-09-23,2026-02-26,Churned,410.4,Annual
SUB002430,CU002430,PL01,2022-03-18,,Active,59.49,Annual
SUB002431,CU002431,PL02,2024-04-17,2025-11-01,Churned,169.77,Annual
SUB002432,CU002432,PL03,2025-11-06,2026-03-04,Churned,455.29,Annual
SUB002433,CU002433,PL01,2022-02-18,,Active,48.67,Annual
SUB002434,CU002434,PL02,2026-02-19,,Active,131.49,Annual
SUB002435,CU002435,PL03,2025-11-03,,Active,434.43,Monthly
SUB002436,CU002436,PL03,2026-04-23,,Active,377.79,Monthly
SUB002437,CU002437,PL01,2023-10-23,,Active,49.19,Monthly
SUB002438,CU002438,PL01,2022-01-26,,Active,58.5,Annual
SUB002439,CU002439,PL02,2023-04-29,2024-04-24,Churned,130.27,Annual
SUB002440,CU002440,PL02,2023-10-19,2026-04-10,Churned,173.6,Annual
SUB002441,CU002441,PL01,2023-09-27,2026-03-02,Churned,52.84,Annual
SUB002442,CU002442,PL03,2023-07-14,,Active,348.6,Annual
SUB002443,CU002443,PL01,2024-06-23,,Active,60.43,Annual
SUB002444,CU002444,PL03,2025-03-04,,Active,484.01,Annual
SUB002445,CU002445,PL03,2023-07-17,,Active,395.55,Monthly
SUB002446,CU002446,PL04,2023-03-10,,Active,1166.18,Annual
SUB002447,CU002447,PL03,2024-01-21,,Active,470.63,Annual
SUB002448,CU002448,PL02,2023-05-14,,Active,184.33,Monthly
SUB002449,CU002449,PL02,2024-09-12,,Active,131.24,Annual
SUB002450,CU002450,PL02,2024-09-05,,Active,141.67,Annual
SUB002451,CU002451,PL04,2024-01-24,2025-05-30,Churned,1362.23,Annual
SUB002452,CU002452,PL01,2022-01-31,,Active,46.39,Annual
SUB002453,CU002453,PL01,2024-03-15,,Active,42.08,Annual
SUB002454,CU002454,PL04,2022-11-03,,Active,1113.29,Annual
SUB002455,CU002455,PL03,2025-12-30,2026-06-19,Churned,413.14,Monthly
SUB002456,CU002456,PL04,2022-01-04,,Active,1174.48,Annual
SUB002457,CU002457,PL02,2025-01-11,,Active,164.79,Annual
SUB002458,CU002458,PL01,2023-05-16,,Active,52.29,Monthly
SUB002459,CU002459,PL02,2023-08-25,,Active,144.79,Monthly
SUB002460,CU002460,PL01,2023-11-27,,Active,42.03,Monthly
SUB002461,CU002461,PL03,2026-02-12,,Active,380.34,Monthly
SUB002462,CU002462,PL02,2025-11-30,2026-04-10,Churned,140.37,Monthly
SUB002463,CU002463,PL01,2023-02-13,,Active,59.5,Monthly
SUB002464,CU002464,PL03,2023-11-21,,Active,423.95,Monthly
SUB002465,CU002465,PL02,2023-03-30,,Active,127.01,Monthly
SUB002466,CU002466,PL01,2022-10-21,2023-12-26,Churned,49.44,Annual
SUB002467,CU002467,PL02,2023-11-21,,Active,133.22,Annual
SUB002468,CU002468,PL03,2023-10-12,2025-12-01,Churned,363.9,Annual
SUB002469,CU002469,PL03,2025-09-15,,Active,422.95,Annual
SUB002470,CU002470,PL03,2024-01-22,,Active,439.38,Monthly
SUB002471,CU002471,PL02,2024-07-28,2025-01-14,Churned,152.14,Annual
SUB002472,CU002472,PL01,2022-04-27,2023-02-09,Churned,45.66,Monthly
SUB002473,CU002473,PL02,2023-11-13,2024-05-01,Churned,171.18,Annual
SUB002474,CU002474,PL04,2026-06-09,,Active,1050.52,Annual
SUB002475,CU002475,PL01,2024-03-29,,Active,50.1,Monthly
SUB002476,CU002476,PL01,2022-05-10,,Active,42.08,Annual
SUB002477,CU002477,PL02,2024-06-15,,Active,137.82,Monthly
SUB002478,CU002478,PL03,2025-05-10,,Active,376.98,Annual
SUB002479,CU002479,PL03,2022-04-21,,Active,415.52,Monthly
SUB002480,CU002480,PL02,2022-02-03,,Active,160.46,Annual
SUB002481,CU002481,PL02,2026-01-31,2026-06-19,Churned,181.75,Monthly
SUB002482,CU002482,PL02,2024-12-17,,Active,146.05,Annual
SUB002483,CU002483,PL03,2022-01-23,,Active,484.52,Annual
SUB002484,CU002484,PL01,2024-11-24,,Active,50.05,Monthly
SUB002485,CU002485,PL02,2025-03-24,,Active,131.31,Annual
SUB002486,CU002486,PL03,2023-12-04,,Active,387.88,Monthly
SUB002487,CU002487,PL02,2026-03-30,,Active,175.84,Annual
SUB002488,CU002488,PL02,2022-09-27,,Active,174.44,Monthly
SUB002489,CU002489,PL03,2023-09-27,,Active,457.66,Annual
SUB002490,CU002490,PL03,2023-12-31,,Active,430.61,Monthly
SUB002491,CU002491,PL01,2022-05-21,,Active,57.17,Monthly
SUB002492,CU002492,PL02,2025-08-19,,Active,183.65,Annual
SUB002493,CU002493,PL02,2022-05-26,2023-11-06,Churned,164.2,Monthly
SUB002494,CU002494,PL03,2024-04-15,,Active,344.84,Annual
SUB002495,CU002495,PL03,2022-06-23,,Active,389.52,Annual
SUB002496,CU002496,PL03,2025-01-28,,Active,388.41,Annual
SUB002497,CU002497,PL02,2025-01-16,,Active,161.04,Monthly
SUB002498,CU002498,PL02,2022-12-03,2023-10-31,Churned,173.5,Annual
SUB002499,CU002499,PL02,2023-06-23,,Active,139.72,Monthly
SUB002500,CU002500,PL02,2026-03-28,,Active,140.61,Annual
SUB002501,CU002501,PL03,2024-09-11,,Active,339.93,Annual
SUB002502,CU002502,PL02,2026-06-26,,Active,134.92,Monthly
SUB002503,CU002503,PL01,2025-01-15,,Active,49.78,Monthly
SUB002504,CU002504,PL02,2024-08-07,,Active,131.2,Monthly
SUB002505,CU002505,PL01,2022-01-13,,Active,57.0,Annual
SUB002506,CU002506,PL03,2026-04-27,,Active,439.8,Monthly
SUB002507,CU002507,PL01,2024-07-20,,Active,58.86,Monthly
SUB002508,CU002508,PL01,2023-06-02,,Active,56.39,Annual
SUB002509,CU002509,PL01,2026-03-29,,Active,52.6,Monthly
SUB002510,CU002510,PL01,2024-12-18,,Active,52.96,Monthly
SUB002511,CU002511,PL02,2023-12-04,,Active,174.81,Annual
SUB002512,CU002512,PL01,2024-09-10,2026-07-03,Churned,60.45,Annual
SUB002513,CU002513,PL01,2023-03-10,,Active,56.3,Monthly
SUB002514,CU002514,PL03,2023-08-16,,Active,471.98,Monthly
SUB002515,CU002515,PL02,2024-09-09,2026-01-05,Churned,166.5,Annual
SUB002516,CU002516,PL03,2024-09-06,,Active,405.6,Monthly
SUB002517,CU002517,PL01,2022-07-09,2025-04-03,Churned,52.21,Monthly
SUB002518,CU002518,PL02,2024-06-08,,Active,137.32,Annual
SUB002519,CU002519,PL01,2024-11-10,,Active,42.07,Annual
SUB002520,CU002520,PL01,2024-11-01,,Active,45.27,Annual
SUB002521,CU002521,PL01,2023-12-16,2025-05-14,Churned,44.37,Annual
SUB002522,CU002522,PL03,2026-04-22,,Active,495.23,Monthly
SUB002523,CU002523,PL01,2026-05-14,,Active,59.78,Monthly
SUB002524,CU002524,PL01,2024-01-04,,Active,60.67,Annual
SUB002525,CU002525,PL04,2023-01-04,,Active,1088.49,Monthly
SUB002526,CU002526,PL01,2023-12-24,2026-05-09,Churned,57.53,Annual
SUB002527,CU002527,PL03,2024-11-26,2026-02-25,Churned,367.55,Monthly
SUB002528,CU002528,PL01,2022-03-23,,Active,53.25,Monthly
SUB002529,CU002529,PL01,2022-01-31,,Active,50.27,Monthly
SUB002530,CU002530,PL03,2026-05-14,,Active,361.56,Monthly
SUB002531,CU002531,PL04,2023-02-03,,Active,1423.45,Monthly
SUB002532,CU002532,PL02,2025-09-28,,Active,128.93,Annual
SUB002533,CU002533,PL03,2025-06-11,,Active,341.32,Monthly
SUB002534,CU002534,PL01,2025-01-19,,Active,42.77,Annual
SUB002535,CU002535,PL04,2023-10-13,2026-02-19,Churned,1058.87,Monthly
SUB002536,CU002536,PL01,2024-12-20,,Active,54.64,Monthly
SUB002537,CU002537,PL02,2022-04-06,2025-03-06,Churned,137.87,Annual
SUB002538,CU002538,PL01,2023-12-13,,Active,43.75,Annual
SUB002539,CU002539,PL01,2024-03-22,,Active,57.84,Monthly
SUB002540,CU002540,PL01,2025-11-19,2026-02-22,Churned,44.73,Monthly
SUB002541,CU002541,PL04,2025-10-29,,Active,1327.86,Annual
SUB002542,CU002542,PL02,2022-06-14,2023-03-29,Churned,182.62,Monthly
SUB002543,CU002543,PL01,2024-05-03,,Active,48.73,Monthly
SUB002544,CU002544,PL02,2022-04-04,,Active,174.66,Annual
SUB002545,CU002545,PL02,2024-10-06,,Active,127.04,Monthly
SUB002546,CU002546,PL01,2024-11-19,,Active,53.44,Monthly
SUB002547,CU002547,PL02,2023-10-04,,Active,169.15,Annual
SUB002548,CU002548,PL02,2023-10-09,,Active,172.07,Monthly
SUB002549,CU002549,PL03,2024-02-06,,Active,496.55,Annual
SUB002550,CU002550,PL01,2022-08-27,,Active,49.86,Annual
SUB002551,CU002551,PL02,2023-09-11,,Active,161.59,Annual
SUB002552,CU002552,PL01,2023-02-06,,Active,41.71,Monthly
SUB002553,CU002553,PL01,2025-07-03,,Active,56.64,Annual
SUB002554,CU002554,PL02,2026-03-27,,Active,149.12,Annual
SUB002555,CU002555,PL03,2025-04-10,,Active,461.97,Monthly
SUB002556,CU002556,PL02,2026-01-03,,Active,183.72,Annual
SUB002557,CU002557,PL01,2022-12-20,,Active,54.33,Annual
SUB002558,CU002558,PL01,2023-10-28,,Active,57.29,Annual
SUB002559,CU002559,PL03,2024-01-06,,Active,355.24,Monthly
SUB002560,CU002560,PL03,2023-08-28,,Active,447.62,Monthly
SUB002561,CU002561,PL01,2022-10-29,,Active,46.49,Annual
SUB002562,CU002562,PL02,2026-04-03,,Active,181.12,Monthly
SUB002563,CU002563,PL03,2022-10-20,,Active,412.68,Monthly
SUB002564,CU002564,PL02,2025-12-02,2026-06-01,Churned,145.77,Monthly
SUB002565,CU002565,PL01,2025-03-12,,Active,59.9,Monthly
SUB002566,CU002566,PL01,2023-03-18,,Active,55.38,Annual
SUB002567,CU002567,PL03,2022-04-09,,Active,361.77,Monthly
SUB002568,CU002568,PL02,2022-03-16,,Active,179.46,Monthly
SUB002569,CU002569,PL03,2022-09-29,,Active,481.37,Monthly
SUB002570,CU002570,PL02,2022-07-30,,Active,169.65,Monthly
SUB002571,CU002571,PL01,2025-02-10,,Active,60.61,Annual
SUB002572,CU002572,PL01,2025-11-06,,Active,57.23,Monthly
SUB002573,CU002573,PL01,2026-03-21,,Active,54.48,Monthly
SUB002574,CU002574,PL02,2023-02-18,2023-07-31,Churned,147.7,Annual
SUB002575,CU002575,PL01,2022-10-25,,Active,55.87,Monthly
SUB002576,CU002576,PL04,2023-11-13,,Active,1443.99,Annual
SUB002577,CU002577,PL02,2025-10-27,,Active,159.27,Monthly
SUB002578,CU002578,PL01,2025-03-25,2026-04-09,Churned,57.69,Monthly
SUB002579,CU002579,PL02,2025-03-03,2025-12-08,Churned,158.7,Annual
SUB002580,CU002580,PL02,2025-09-29,,Active,184.86,Monthly
SUB002581,CU002581,PL02,2025-08-21,,Active,172.55,Monthly
SUB002582,CU002582,PL02,2025-11-15,2026-05-11,Churned,149.14,Monthly
SUB002583,CU002583,PL03,2024-02-17,,Active,411.9,Monthly
SUB002584,CU002584,PL03,2026-04-08,,Active,422.96,Monthly
SUB002585,CU002585,PL02,2024-06-22,,Active,128.79,Monthly
SUB002586,CU002586,PL02,2024-07-02,,Active,169.0,Monthly
SUB002587,CU002587,PL02,2024-11-27,2025-06-13,Churned,184.06,Monthly
SUB002588,CU002588,PL03,2025-05-27,,Active,359.2,Annual
SUB002589,CU002589,PL04,2022-09-13,,Active,1273.99,Monthly
SUB002590,CU002590,PL03,2022-03-18,,Active,447.36,Annual
SUB002591,CU002591,PL01,2026-05-07,,Active,49.59,Annual
SUB002592,CU002592,PL03,2023-05-17,2025-09-30,Churned,423.02,Annual
SUB002593,CU002593,PL01,2026-04-21,,Active,47.73,Annual
SUB002594,CU002594,PL02,2023-11-29,,Active,161.51,Annual
SUB002595,CU002595,PL03,2023-06-17,,Active,351.04,Monthly
SUB002596,CU002596,PL01,2023-02-05,2025-09-17,Churned,49.29,Annual
SUB002597,CU002597,PL04,2022-11-02,,Active,1056.07,Annual
SUB002598,CU002598,PL02,2022-04-27,,Active,167.87,Monthly
SUB002599,CU002599,PL02,2026-05-26,,Active,165.36,Monthly
SUB002600,CU002600,PL01,2024-05-08,2025-10-05,Churned,53.02,Monthly
SUB002601,CU002601,PL03,2022-11-30,,Active,480.13,Monthly
SUB002602,CU002602,PL04,2023-03-04,,Active,1289.86,Annual
SUB002603,CU002603,PL02,2025-05-24,,Active,176.32,Annual
SUB002604,CU002604,PL02,2023-04-27,,Active,163.37,Monthly
SUB002605,CU002605,PL02,2023-09-06,,Active,176.02,Annual
SUB002606,CU002606,PL02,2025-11-01,,Active,163.29,Monthly
SUB002607,CU002607,PL01,2023-03-02,2023-11-25,Churned,57.12,Monthly
SUB002608,CU002608,PL01,2023-12-07,,Active,52.03,Monthly
SUB002609,CU002609,PL02,2025-05-08,,Active,137.38,Monthly
SUB002610,CU002610,PL02,2026-04-14,,Active,177.2,Annual
SUB002611,CU002611,PL03,2024-12-12,,Active,341.04,Monthly
SUB002612,CU002612,PL04,2022-01-14,2023-01-25,Churned,1069.68,Annual
SUB002613,CU002613,PL01,2022-02-16,2024-06-12,Churned,58.29,Annual
SUB002614,CU002614,PL02,2025-04-05,,Active,129.9,Annual
SUB002615,CU002615,PL01,2023-10-08,2024-10-13,Churned,49.63,Annual
SUB002616,CU002616,PL02,2022-05-16,,Active,157.97,Monthly
SUB002617,CU002617,PL02,2022-09-20,2023-07-30,Churned,144.66,Monthly
SUB002618,CU002618,PL02,2023-08-22,,Active,146.59,Monthly
SUB002619,CU002619,PL01,2024-02-16,2026-07-04,Churned,47.38,Annual
SUB002620,CU002620,PL04,2026-06-18,,Active,1449.64,Monthly
SUB002621,CU002621,PL04,2024-09-09,,Active,1059.13,Monthly
SUB002622,CU002622,PL02,2024-03-23,2025-12-06,Churned,185.23,Monthly
SUB002623,CU002623,PL01,2022-09-26,,Active,43.3,Monthly
SUB002624,CU002624,PL02,2024-05-05,2026-08-16,Churned,137.82,Monthly
SUB002625,CU002625,PL02,2022-01-05,,Active,130.83,Monthly
SUB002626,CU002626,PL01,2022-09-30,,Active,46.24,Annual
SUB002627,CU002627,PL02,2022-01-17,2023-09-18,Churned,176.11,Monthly
SUB002628,CU002628,PL02,2022-01-13,,Active,185.37,Monthly
SUB002629,CU002629,PL03,2025-05-24,2026-01-31,Churned,409.15,Monthly
SUB002630,CU002630,PL04,2025-03-03,,Active,1332.85,Annual
SUB002631,CU002631,PL01,2022-10-09,,Active,53.62,Annual
SUB002632,CU002632,PL02,2025-03-16,,Active,137.41,Annual
SUB002633,CU002633,PL01,2023-02-27,,Active,50.9,Monthly
SUB002634,CU002634,PL02,2026-06-27,,Active,128.94,Monthly
SUB002635,CU002635,PL02,2023-03-09,2024-04-27,Churned,145.7,Monthly
SUB002636,CU002636,PL01,2023-12-23,,Active,45.69,Annual
SUB002637,CU002637,PL02,2023-12-26,2025-04-08,Churned,132.13,Annual
SUB002638,CU002638,PL02,2025-08-29,,Active,186.12,Annual
SUB002639,CU002639,PL01,2024-02-17,,Active,51.1,Monthly
SUB002640,CU002640,PL04,2022-06-24,,Active,1388.63,Monthly
SUB002641,CU002641,PL03,2025-06-05,,Active,339.19,Annual
SUB002642,CU002642,PL03,2026-04-26,,Active,417.78,Annual
SUB002643,CU002643,PL03,2024-06-13,,Active,490.96,Monthly
SUB002644,CU002644,PL01,2023-09-30,,Active,56.47,Monthly
SUB002645,CU002645,PL02,2023-02-16,,Active,127.91,Annual
SUB002646,CU002646,PL02,2026-05-25,,Active,146.08,Monthly
SUB002647,CU002647,PL01,2025-09-16,,Active,48.67,Annual
SUB002648,CU002648,PL03,2024-05-13,,Active,485.69,Monthly
SUB002649,CU002649,PL03,2026-03-11,,Active,434.54,Annual
SUB002650,CU002650,PL01,2025-07-03,,Active,53.33,Annual
SUB002651,CU002651,PL03,2025-05-03,,Active,465.94,Annual
SUB002652,CU002652,PL02,2023-09-11,,Active,183.04,Annual
SUB002653,CU002653,PL02,2025-03-07,,Active,141.09,Annual
SUB002654,CU002654,PL01,2024-12-20,2025-12-03,Churned,45.74,Monthly
SUB002655,CU002655,PL01,2023-03-23,,Active,43.51,Annual
SUB002656,CU002656,PL01,2024-07-26,,Active,57.98,Annual
SUB002657,CU002657,PL03,2024-01-12,,Active,360.93,Monthly
SUB002658,CU002658,PL01,2023-09-18,2025-05-10,Churned,47.95,Monthly
SUB002659,CU002659,PL01,2023-06-28,,Active,44.24,Annual
SUB002660,CU002660,PL03,2024-03-13,,Active,345.92,Annual
SUB002661,CU002661,PL02,2023-08-21,,Active,183.41,Annual
SUB002662,CU002662,PL01,2024-04-07,,Active,54.45,Monthly
SUB002663,CU002663,PL02,2023-08-15,2025-09-15,Churned,157.1,Monthly
SUB002664,CU002664,PL01,2022-12-03,,Active,49.51,Monthly
SUB002665,CU002665,PL01,2023-12-03,2025-03-05,Churned,56.71,Annual
SUB002666,CU002666,PL02,2023-02-19,,Active,135.45,Annual
SUB002667,CU002667,PL03,2024-10-27,,Active,480.73,Monthly
SUB002668,CU002668,PL01,2025-10-26,2026-04-09,Churned,53.84,Monthly
SUB002669,CU002669,PL02,2024-11-25,,Active,136.89,Monthly
SUB002670,CU002670,PL03,2024-01-21,,Active,370.76,Annual
SUB002671,CU002671,PL02,2024-09-15,,Active,141.03,Monthly
SUB002672,CU002672,PL02,2023-03-01,,Active,184.13,Annual
SUB002673,CU002673,PL01,2026-03-21,,Active,52.33,Annual
SUB002674,CU002674,PL03,2023-10-10,,Active,397.56,Monthly
SUB002675,CU002675,PL01,2024-07-24,,Active,43.2,Monthly
SUB002676,CU002676,PL01,2026-04-17,,Active,48.89,Monthly
SUB002677,CU002677,PL03,2023-11-20,,Active,401.65,Monthly
SUB002678,CU002678,PL02,2024-07-13,,Active,127.87,Monthly
SUB002679,CU002679,PL02,2024-02-21,,Active,131.87,Annual
SUB002680,CU002680,PL01,2026-02-24,,Active,48.8,Annual
SUB002681,CU002681,PL02,2022-10-29,,Active,141.65,Annual
SUB002682,CU002682,PL01,2023-11-16,,Active,56.27,Annual
SUB002683,CU002683,PL03,2022-12-05,2023-09-11,Churned,437.49,Annual
SUB002684,CU002684,PL02,2024-01-31,,Active,129.38,Monthly
SUB002685,CU002685,PL02,2023-07-13,,Active,165.53,Monthly
SUB002686,CU002686,PL02,2022-06-29,,Active,180.32,Annual
SUB002687,CU002687,PL04,2022-05-31,,Active,1209.98,Annual
SUB002688,CU002688,PL01,2025-07-02,,Active,54.33,Annual
SUB002689,CU002689,PL01,2024-06-13,,Active,57.85,Monthly
SUB002690,CU002690,PL01,2023-03-25,,Active,55.4,Annual
SUB002691,CU002691,PL01,2023-11-07,,Active,48.02,Monthly
SUB002692,CU002692,PL01,2025-12-20,2026-06-06,Churned,46.62,Monthly
SUB002693,CU002693,PL03,2025-06-14,,Active,381.83,Monthly
SUB002694,CU002694,PL02,2023-10-25,2025-12-16,Churned,165.12,Annual
SUB002695,CU002695,PL02,2022-05-10,,Active,141.27,Annual
SUB002696,CU002696,PL02,2023-07-01,,Active,183.34,Monthly
SUB002697,CU002697,PL02,2026-03-17,,Active,146.39,Annual
SUB002698,CU002698,PL01,2023-02-16,,Active,42.25,Monthly
SUB002699,CU002699,PL03,2024-07-03,,Active,445.97,Monthly
SUB002700,CU002700,PL01,2022-12-15,,Active,50.89,Annual
SUB002701,CU002701,PL01,2023-10-12,,Active,42.59,Annual
SUB002702,CU002702,PL02,2026-02-12,,Active,139.35,Annual
SUB002703,CU002703,PL04,2023-02-06,,Active,1497.82,Annual
SUB002704,CU002704,PL03,2026-05-10,,Active,452.83,Annual
SUB002705,CU002705,PL01,2024-10-16,,Active,57.27,Monthly
SUB002706,CU002706,PL03,2023-07-31,,Active,389.56,Monthly
SUB002707,CU002707,PL02,2026-05-31,,Active,139.1,Monthly
SUB002708,CU002708,PL01,2026-05-01,,Active,56.25,Annual
SUB002709,CU002709,PL03,2026-02-17,,Active,342.38,Annual
SUB002710,CU002710,PL03,2026-03-31,,Active,382.01,Monthly
SUB002711,CU002711,PL01,2026-03-26,,Active,49.27,Annual
SUB002712,CU002712,PL01,2022-07-21,2023-04-10,Churned,57.21,Annual
SUB002713,CU002713,PL03,2022-05-09,,Active,381.69,Monthly
SUB002714,CU002714,PL04,2022-12-18,,Active,1138.55,Annual
SUB002715,CU002715,PL02,2023-05-25,,Active,166.23,Monthly
SUB002716,CU002716,PL02,2025-03-23,2026-03-31,Churned,136.3,Monthly
SUB002717,CU002717,PL01,2025-12-24,,Active,44.54,Annual
SUB002718,CU002718,PL03,2023-08-06,,Active,389.1,Annual
SUB002719,CU002719,PL02,2025-02-24,,Active,172.27,Annual
SUB002720,CU002720,PL01,2022-10-01,2025-05-28,Churned,45.66,Monthly
SUB002721,CU002721,PL02,2024-04-24,,Active,163.65,Monthly
SUB002722,CU002722,PL01,2023-11-06,2025-12-17,Churned,60.78,Monthly
SUB002723,CU002723,PL02,2025-06-15,,Active,139.01,Annual
SUB002724,CU002724,PL02,2022-09-11,,Active,142.3,Annual
SUB002725,CU002725,PL02,2024-04-24,,Active,143.22,Annual
SUB002726,CU002726,PL03,2026-03-17,,Active,495.91,Monthly
SUB002727,CU002727,PL03,2022-11-20,,Active,376.0,Annual
SUB002728,CU002728,PL01,2024-11-15,,Active,54.7,Annual
SUB002729,CU002729,PL01,2025-12-19,,Active,55.81,Annual
SUB002730,CU002730,PL03,2024-09-07,,Active,457.66,Monthly
SUB002731,CU002731,PL01,2023-12-22,,Active,59.98,Monthly
SUB002732,CU002732,PL02,2026-06-17,,Active,147.15,Monthly
SUB002733,CU002733,PL04,2024-11-23,,Active,1323.98,Monthly
SUB002734,CU002734,PL01,2022-07-16,,Active,48.96,Annual
SUB002735,CU002735,PL02,2023-01-19,2025-05-13,Churned,176.15,Monthly
SUB002736,CU002736,PL03,2022-01-30,,Active,402.16,Annual
SUB002737,CU002737,PL02,2025-01-31,,Active,148.89,Monthly
SUB002738,CU002738,PL04,2025-10-27,,Active,1077.76,Monthly
SUB002739,CU002739,PL01,2025-04-13,,Active,47.16,Annual
SUB002740,CU002740,PL02,2024-05-04,,Active,162.59,Monthly
SUB002741,CU002741,PL01,2025-01-29,2025-07-24,Churned,42.1,Monthly
SUB002742,CU002742,PL02,2025-03-20,,Active,172.71,Monthly
SUB002743,CU002743,PL01,2025-01-11,,Active,46.21,Annual
SUB002744,CU002744,PL01,2022-01-19,2025-10-30,Churned,57.05,Monthly
SUB002745,CU002745,PL02,2025-07-12,,Active,151.88,Annual
SUB002746,CU002746,PL02,2023-02-18,,Active,134.17,Monthly
SUB002747,CU002747,PL01,2024-09-08,,Active,50.86,Monthly
SUB002748,CU002748,PL03,2024-06-26,,Active,440.01,Monthly
SUB002749,CU002749,PL03,2024-05-03,,Active,469.24,Monthly
SUB002750,CU002750,PL03,2024-03-01,,Active,458.72,Annual
SUB002751,CU002751,PL01,2023-08-14,,Active,46.09,Annual
SUB002752,CU002752,PL01,2024-10-27,,Active,60.64,Annual
SUB002753,CU002753,PL01,2023-11-23,2025-03-10,Churned,52.97,Annual
SUB002754,CU002754,PL02,2022-08-14,,Active,185.7,Annual
SUB002755,CU002755,PL01,2025-02-02,,Active,50.49,Monthly
SUB002756,CU002756,PL04,2025-08-11,,Active,1064.88,Annual
SUB002757,CU002757,PL02,2024-10-11,,Active,184.93,Monthly
SUB002758,CU002758,PL01,2024-06-19,2025-12-05,Churned,58.2,Annual
SUB002759,CU002759,PL02,2025-04-02,,Active,165.32,Annual
SUB002760,CU002760,PL02,2023-03-18,,Active,185.31,Annual
SUB002761,CU002761,PL04,2025-02-26,,Active,1357.91,Monthly
SUB002762,CU002762,PL03,2023-08-13,,Active,437.98,Annual
SUB002763,CU002763,PL01,2022-04-14,2026-06-27,Churned,48.64,Annual
SUB002764,CU002764,PL02,2022-02-15,,Active,146.07,Annual
SUB002765,CU002765,PL01,2024-01-05,,Active,52.45,Monthly
SUB002766,CU002766,PL03,2025-02-09,,Active,447.66,Monthly
SUB002767,CU002767,PL03,2022-02-26,,Active,391.59,Annual
SUB002768,CU002768,PL02,2025-10-11,,Active,176.84,Annual
SUB002769,CU002769,PL02,2023-06-01,2026-07-07,Churned,129.55,Annual
SUB002770,CU002770,PL01,2025-08-25,2026-02-13,Churned,58.61,Monthly
SUB002771,CU002771,PL03,2022-05-30,,Active,374.59,Annual
SUB002772,CU002772,PL01,2023-01-17,,Active,51.08,Annual
SUB002773,CU002773,PL01,2025-01-29,,Active,49.74,Annual
SUB002774,CU002774,PL02,2025-04-25,,Active,143.7,Annual
SUB002775,CU002775,PL03,2024-02-15,,Active,464.58,Monthly
SUB002776,CU002776,PL02,2025-10-19,,Active,129.42,Monthly
SUB002777,CU002777,PL01,2025-02-27,,Active,45.07,Annual
SUB002778,CU002778,PL04,2024-08-21,,Active,1466.3,Annual
SUB002779,CU002779,PL01,2026-03-03,,Active,58.87,Annual
SUB002780,CU002780,PL01,2025-03-07,,Active,57.77,Monthly
SUB002781,CU002781,PL01,2025-09-17,2026-04-25,Churned,50.38,Annual
SUB002782,CU002782,PL01,2025-06-21,,Active,49.29,Annual
SUB002783,CU002783,PL01,2022-06-01,,Active,58.52,Monthly
SUB002784,CU002784,PL02,2025-09-07,2026-06-01,Churned,134.7,Monthly
SUB002785,CU002785,PL03,2024-07-16,,Active,387.6,Monthly
SUB002786,CU002786,PL04,2022-10-29,,Active,1314.3,Monthly
SUB002787,CU002787,PL01,2026-04-21,,Active,46.59,Monthly
SUB002788,CU002788,PL03,2022-02-07,,Active,417.19,Monthly
SUB002789,CU002789,PL01,2023-07-03,,Active,45.47,Monthly
SUB002790,CU002790,PL02,2026-06-26,,Active,155.81,Annual
SUB002791,CU002791,PL01,2024-12-01,,Active,47.08,Monthly
SUB002792,CU002792,PL02,2024-08-03,2025-01-22,Churned,152.37,Monthly
SUB002793,CU002793,PL01,2026-02-20,2026-05-28,Churned,58.77,Monthly
SUB002794,CU002794,PL03,2025-10-09,,Active,461.17,Monthly
SUB002795,CU002795,PL02,2025-09-25,,Active,154.49,Annual
SUB002796,CU002796,PL02,2024-02-26,,Active,132.23,Monthly
SUB002797,CU002797,PL01,2024-02-04,,Active,60.16,Annual
SUB002798,CU002798,PL02,2022-05-01,2023-08-20,Churned,155.13,Monthly
SUB002799,CU002799,PL02,2022-12-06,2023-10-31,Churned,136.55,Monthly
SUB002800,CU002800,PL03,2024-10-18,2026-08-26,Churned,447.56,Monthly
SUB002801,CU002801,PL01,2023-05-07,,Active,54.96,Monthly
SUB002802,CU002802,PL02,2024-11-11,,Active,144.8,Monthly
SUB002803,CU002803,PL01,2023-03-31,,Active,42.01,Annual
SUB002804,CU002804,PL02,2025-03-30,,Active,146.51,Monthly
SUB002805,CU002805,PL01,2023-06-18,,Active,48.87,Annual
SUB002806,CU002806,PL02,2024-12-16,,Active,179.65,Monthly
SUB002807,CU002807,PL01,2025-01-10,2025-04-17,Churned,49.97,Monthly
SUB002808,CU002808,PL04,2022-06-16,,Active,1428.51,Monthly
SUB002809,CU002809,PL01,2022-03-10,,Active,42.82,Annual
SUB002810,CU002810,PL02,2022-05-27,,Active,185.38,Monthly
SUB002811,CU002811,PL03,2026-05-15,,Active,430.14,Monthly
SUB002812,CU002812,PL01,2023-09-02,,Active,45.87,Monthly
SUB002813,CU002813,PL03,2023-01-15,,Active,409.88,Monthly
SUB002814,CU002814,PL02,2025-05-20,,Active,166.98,Annual
SUB002815,CU002815,PL01,2025-04-16,2025-11-15,Churned,51.85,Monthly
SUB002816,CU002816,PL04,2025-11-29,,Active,1300.07,Annual
SUB002817,CU002817,PL04,2025-05-18,,Active,1438.09,Annual
SUB002818,CU002818,PL01,2024-07-09,,Active,58.6,Annual
SUB002819,CU002819,PL01,2024-07-24,,Active,59.44,Monthly
SUB002820,CU002820,PL02,2022-05-07,2024-03-14,Churned,178.37,Monthly
SUB002821,CU002821,PL01,2026-05-29,,Active,59.99,Monthly
SUB002822,CU002822,PL02,2025-03-20,2025-10-21,Churned,186.06,Annual
SUB002823,CU002823,PL02,2023-03-06,,Active,140.87,Monthly
SUB002824,CU002824,PL01,2025-10-31,,Active,48.78,Annual
SUB002825,CU002825,PL02,2025-09-18,,Active,181.81,Annual
SUB002826,CU002826,PL01,2024-05-27,2025-10-18,Churned,56.19,Monthly
SUB002827,CU002827,PL01,2025-03-15,,Active,53.9,Annual
SUB002828,CU002828,PL01,2022-03-22,2025-02-09,Churned,44.18,Annual
SUB002829,CU002829,PL02,2024-12-01,,Active,142.82,Annual
SUB002830,CU002830,PL03,2022-10-13,,Active,443.51,Monthly
SUB002831,CU002831,PL02,2022-02-21,,Active,141.52,Annual
SUB002832,CU002832,PL01,2025-05-01,,Active,61.07,Annual
SUB002833,CU002833,PL02,2024-03-04,,Active,156.54,Monthly
SUB002834,CU002834,PL04,2023-02-25,2025-01-19,Churned,1067.41,Annual
SUB002835,CU002835,PL01,2026-05-08,,Active,49.99,Annual
SUB002836,CU002836,PL01,2026-04-09,,Active,58.38,Monthly
SUB002837,CU002837,PL04,2023-02-02,,Active,1395.97,Monthly
SUB002838,CU002838,PL03,2022-11-08,,Active,482.94,Annual
SUB002839,CU002839,PL01,2025-12-20,2026-05-22,Churned,56.36,Monthly
SUB002840,CU002840,PL03,2025-09-26,,Active,400.88,Annual
SUB002841,CU002841,PL01,2024-03-03,2025-06-05,Churned,52.0,Monthly
SUB002842,CU002842,PL02,2025-01-01,2025-12-04,Churned,140.6,Monthly
SUB002843,CU002843,PL02,2023-07-18,,Active,140.59,Monthly
SUB002844,CU002844,PL02,2026-04-03,,Active,141.19,Monthly
SUB002845,CU002845,PL03,2022-12-31,,Active,449.65,Monthly
SUB002846,CU002846,PL02,2025-09-05,,Active,151.13,Monthly
SUB002847,CU002847,PL02,2025-08-19,2026-04-10,Churned,133.58,Monthly
SUB002848,CU002848,PL01,2023-10-17,2024-11-28,Churned,45.29,Monthly
SUB002849,CU002849,PL01,2026-03-27,,Active,58.93,Monthly
SUB002850,CU002850,PL01,2024-11-24,,Active,45.4,Annual
SUB002851,CU002851,PL02,2023-02-24,,Active,165.25,Monthly
SUB002852,CU002852,PL01,2025-08-03,,Active,43.97,Annual
SUB002853,CU002853,PL04,2025-05-23,,Active,1498.57,Monthly
SUB002854,CU002854,PL01,2023-12-23,,Active,52.62,Monthly
SUB002855,CU002855,PL03,2026-02-04,2026-06-13,Churned,373.61,Annual
SUB002856,CU002856,PL02,2022-09-03,,Active,139.18,Annual
SUB002857,CU002857,PL01,2024-10-22,,Active,57.41,Monthly
SUB002858,CU002858,PL02,2023-10-04,,Active,133.5,Monthly
SUB002859,CU002859,PL03,2025-01-05,,Active,470.04,Monthly
SUB002860,CU002860,PL01,2026-01-19,,Active,48.94,Monthly
SUB002861,CU002861,PL01,2022-08-24,,Active,55.24,Annual
SUB002862,CU002862,PL03,2024-11-19,,Active,352.69,Annual
SUB002863,CU002863,PL02,2022-07-20,,Active,166.09,Monthly
SUB002864,CU002864,PL04,2023-08-30,,Active,1470.97,Monthly
SUB002865,CU002865,PL04,2026-06-01,,Active,1488.4,Annual
SUB002866,CU002866,PL03,2025-05-15,,Active,446.42,Annual
SUB002867,CU002867,PL02,2025-09-15,2026-08-05,Churned,148.36,Monthly
SUB002868,CU002868,PL03,2023-06-27,,Active,455.33,Monthly
SUB002869,CU002869,PL02,2022-06-15,2024-07-18,Churned,163.84,Annual
SUB002870,CU002870,PL02,2023-04-17,,Active,126.97,Annual
SUB002871,CU002871,PL01,2024-11-12,,Active,44.63,Monthly
SUB002872,CU002872,PL01,2025-01-28,2025-12-11,Churned,47.36,Monthly
SUB002873,CU002873,PL01,2024-08-14,2026-08-20,Churned,46.06,Annual
SUB002874,CU002874,PL02,2026-04-30,,Active,134.01,Monthly
SUB002875,CU002875,PL01,2024-07-28,2025-08-25,Churned,60.0,Annual
SUB002876,CU002876,PL01,2026-02-22,2026-08-16,Churned,61.14,Annual
SUB002877,CU002877,PL03,2023-02-23,2025-11-11,Churned,423.24,Monthly
SUB002878,CU002878,PL03,2023-04-11,2025-03-26,Churned,464.88,Annual
SUB002879,CU002879,PL01,2024-03-26,2025-05-03,Churned,55.83,Annual
SUB002880,CU002880,PL02,2023-11-02,,Active,137.87,Annual
SUB002881,CU002881,PL02,2022-09-15,,Active,158.96,Monthly
SUB002882,CU002882,PL03,2025-04-02,2025-11-24,Churned,456.45,Annual
SUB002883,CU002883,PL01,2025-01-31,2026-06-07,Churned,50.93,Monthly
SUB002884,CU002884,PL02,2026-02-10,,Active,138.85,Annual
SUB002885,CU002885,PL01,2026-01-05,,Active,59.0,Annual
SUB002886,CU002886,PL03,2025-05-05,,Active,452.43,Annual
SUB002887,CU002887,PL02,2022-09-10,,Active,182.26,Monthly
SUB002888,CU002888,PL01,2025-02-07,2025-09-04,Churned,53.38,Monthly
SUB002889,CU002889,PL01,2022-12-20,2023-03-20,Churned,46.56,Annual
SUB002890,CU002890,PL01,2024-12-14,,Active,43.34,Monthly
SUB002891,CU002891,PL04,2024-02-22,,Active,1057.67,Monthly
SUB002892,CU002892,PL02,2025-11-26,,Active,128.63,Annual
SUB002893,CU002893,PL04,2025-08-03,2026-01-15,Churned,1141.44,Annual
SUB002894,CU002894,PL02,2023-11-19,2025-06-16,Churned,128.84,Annual
SUB002895,CU002895,PL02,2025-06-26,,Active,166.89,Monthly
SUB002896,CU002896,PL02,2026-02-26,,Active,135.61,Annual
SUB002897,CU002897,PL01,2023-08-09,,Active,53.65,Monthly
SUB002898,CU002898,PL02,2026-02-13,,Active,168.39,Annual
SUB002899,CU002899,PL02,2022-01-12,2022-11-23,Churned,132.02,Monthly
SUB002900,CU002900,PL02,2022-06-22,,Active,134.4,Annual
SUB002901,CU002901,PL02,2023-03-09,,Active,158.91,Monthly
SUB002902,CU002902,PL01,2023-09-09,,Active,59.01,Monthly
SUB002903,CU002903,PL01,2022-12-22,,Active,57.44,Annual
SUB002904,CU002904,PL03,2023-12-26,,Active,378.37,Annual
SUB002905,CU002905,PL01,2022-04-30,,Active,45.84,Monthly
SUB002906,CU002906,PL04,2024-09-21,,Active,1468.21,Monthly
SUB002907,CU002907,PL02,2023-08-28,,Active,176.95,Monthly
SUB002908,CU002908,PL02,2025-05-21,,Active,144.07,Annual
SUB002909,CU002909,PL01,2024-02-16,,Active,52.63,Monthly
SUB002910,CU002910,PL01,2023-09-13,,Active,46.51,Annual
SUB002911,CU002911,PL02,2025-08-03,2026-03-31,Churned,173.53,Monthly
SUB002912,CU002912,PL03,2025-05-23,,Active,364.5,Annual
SUB002913,CU002913,PL01,2025-03-06,2026-04-25,Churned,52.8,Monthly
SUB002914,CU002914,PL01,2025-11-03,,Active,43.73,Monthly
SUB002915,CU002915,PL02,2023-06-27,,Active,135.23,Monthly
SUB002916,CU002916,PL01,2024-07-25,,Active,54.79,Annual
SUB002917,CU002917,PL02,2026-06-10,,Active,180.6,Annual
SUB002918,CU002918,PL01,2025-07-30,,Active,57.33,Annual
SUB002919,CU002919,PL01,2023-10-16,,Active,52.73,Monthly
SUB002920,CU002920,PL01,2024-08-03,2025-02-25,Churned,50.11,Monthly
SUB002921,CU002921,PL03,2024-08-02,,Active,398.8,Annual
SUB002922,CU002922,PL02,2022-08-25,,Active,164.48,Annual
SUB002923,CU002923,PL02,2024-01-01,,Active,171.62,Annual
SUB002924,CU002924,PL03,2025-02-04,,Active,492.67,Monthly
SUB002925,CU002925,PL04,2025-08-29,,Active,1406.35,Annual
SUB002926,CU002926,PL01,2025-05-04,,Active,42.97,Monthly
SUB002927,CU002927,PL01,2025-05-23,,Active,46.36,Monthly
SUB002928,CU002928,PL04,2022-07-17,2026-04-28,Churned,1373.5,Monthly
SUB002929,CU002929,PL04,2022-06-25,,Active,1292.15,Annual
SUB002930,CU002930,PL02,2022-03-07,,Active,174.96,Monthly
SUB002931,CU002931,PL01,2024-09-19,,Active,49.08,Annual
SUB002932,CU002932,PL02,2026-02-11,,Active,154.8,Monthly
SUB002933,CU002933,PL03,2025-04-07,,Active,356.63,Monthly
SUB002934,CU002934,PL03,2025-12-07,,Active,385.09,Monthly
SUB002935,CU002935,PL01,2022-08-01,,Active,52.75,Annual
SUB002936,CU002936,PL02,2024-04-30,,Active,142.1,Monthly
SUB002937,CU002937,PL03,2023-02-02,2023-06-19,Churned,387.17,Annual
SUB002938,CU002938,PL01,2026-06-07,,Active,56.01,Monthly
SUB002939,CU002939,PL04,2023-02-09,,Active,1276.56,Annual
SUB002940,CU002940,PL02,2022-09-05,,Active,177.09,Annual
SUB002941,CU002941,PL01,2024-07-24,,Active,43.03,Annual
SUB002942,CU002942,PL04,2022-07-14,,Active,1349.52,Monthly
SUB002943,CU002943,PL03,2026-01-28,,Active,422.07,Monthly
SUB002944,CU002944,PL01,2025-03-14,,Active,50.96,Annual
SUB002945,CU002945,PL01,2025-07-01,2026-08-10,Churned,44.08,Annual
SUB002946,CU002946,PL02,2024-10-31,,Active,137.26,Monthly
SUB002947,CU002947,PL03,2026-06-06,,Active,445.8,Annual
SUB002948,CU002948,PL02,2022-10-12,,Active,168.23,Monthly
SUB002949,CU002949,PL03,2026-04-27,,Active,366.87,Annual
SUB002950,CU002950,PL02,2025-06-21,,Active,156.88,Monthly
SUB002951,CU002951,PL01,2022-04-27,2025-10-14,Churned,49.29,Annual
SUB002952,CU002952,PL03,2025-02-07,,Active,362.18,Annual
SUB002953,CU002953,PL02,2023-08-12,2024-08-02,Churned,152.96,Annual
SUB002954,CU002954,PL03,2026-03-20,,Active,441.37,Monthly
SUB002955,CU002955,PL02,2023-11-24,,Active,168.02,Annual
SUB002956,CU002956,PL01,2025-12-26,,Active,49.26,Monthly
SUB002957,CU002957,PL03,2024-01-17,,Active,462.95,Annual
SUB002958,CU002958,PL01,2023-06-07,,Active,45.97,Monthly
SUB002959,CU002959,PL03,2022-02-03,,Active,408.05,Annual
SUB002960,CU002960,PL02,2026-04-10,,Active,160.13,Annual
SUB002961,CU002961,PL02,2024-04-23,,Active,127.3,Monthly
SUB002962,CU002962,PL04,2022-04-12,,Active,1315.3,Monthly
SUB002963,CU002963,PL03,2022-11-22,,Active,407.57,Annual
SUB002964,CU002964,PL02,2026-06-22,,Active,171.03,Monthly
SUB002965,CU002965,PL04,2022-03-09,,Active,1237.94,Monthly
SUB002966,CU002966,PL01,2025-06-08,,Active,56.13,Annual
SUB002967,CU002967,PL01,2026-03-04,,Active,52.28,Annual
SUB002968,CU002968,PL03,2022-03-04,,Active,412.23,Annual
SUB002969,CU002969,PL03,2023-12-29,,Active,403.5,Annual
SUB002970,CU002970,PL04,2023-03-09,,Active,1094.08,Annual
SUB002971,CU002971,PL02,2025-09-09,,Active,152.31,Annual
SUB002972,CU002972,PL01,2025-10-21,,Active,51.46,Monthly
SUB002973,CU002973,PL02,2022-07-24,,Active,170.52,Monthly
SUB002974,CU002974,PL01,2023-04-20,,Active,60.13,Monthly
SUB002975,CU002975,PL01,2024-08-10,2025-10-09,Churned,47.47,Monthly
SUB002976,CU002976,PL01,2022-05-09,,Active,43.75,Monthly
SUB002977,CU002977,PL02,2023-04-19,,Active,156.09,Annual
SUB002978,CU002978,PL02,2023-04-19,,Active,127.25,Annual
SUB002979,CU002979,PL02,2022-07-27,,Active,138.97,Monthly
SUB002980,CU002980,PL02,2025-05-17,,Active,153.68,Annual
SUB002981,CU002981,PL02,2024-05-05,2025-01-24,Churned,153.19,Annual
SUB002982,CU002982,PL02,2024-03-18,,Active,167.87,Annual
SUB002983,CU002983,PL01,2023-01-04,,Active,43.78,Annual
SUB002984,CU002984,PL01,2024-03-29,,Active,55.79,Monthly
SUB002985,CU002985,PL01,2025-04-03,,Active,42.36,Annual
SUB002986,CU002986,PL01,2022-01-25,,Active,48.02,Monthly
SUB002987,CU002987,PL01,2025-05-07,,Active,50.56,Annual
SUB002988,CU002988,PL02,2025-03-05,2026-07-26,Churned,178.96,Annual
SUB002989,CU002989,PL02,2025-07-21,2026-02-04,Churned,173.0,Annual
SUB002990,CU002990,PL01,2022-12-24,2023-06-16,Churned,58.26,Monthly
SUB002991,CU002991,PL04,2023-06-07,,Active,1174.66,Annual
SUB002992,CU002992,PL04,2024-07-25,,Active,1020.27,Monthly
SUB002993,CU002993,PL01,2022-03-22,,Active,53.01,Monthly
SUB002994,CU002994,PL02,2022-10-28,,Active,127.82,Monthly
SUB002995,CU002995,PL03,2025-07-14,,Active,400.24,Monthly
SUB002996,CU002996,PL04,2024-10-07,,Active,1257.56,Annual
SUB002997,CU002997,PL02,2024-03-02,,Active,127.78,Monthly
SUB002998,CU002998,PL02,2024-11-08,,Active,136.69,Monthly
SUB002999,CU002999,PL01,2024-06-11,2025-09-29,Churned,49.55,Monthly
SUB003000,CU003000,PL01,2024-06-06,,Active,60.51,Monthly
SUB003001,CU003001,PL03,2024-01-02,,Active,404.32,Annual
SUB003002,CU003002,PL02,2026-03-09,,Active,159.77,Annual
SUB003003,CU003003,PL02,2023-10-31,,Active,126.77,Annual
SUB003004,CU003004,PL02,2022-04-14,,Active,169.13,Monthly
SUB003005,CU003005,PL01,2022-01-06,,Active,50.65,Annual
SUB003006,CU003006,PL02,2026-06-23,,Active,150.67,Annual
SUB003007,CU003007,PL03,2023-11-09,,Active,475.92,Annual
SUB003008,CU003008,PL02,2023-07-03,,Active,182.63,Monthly
SUB003009,CU003009,PL03,2022-01-20,,Active,414.13,Annual
SUB003010,CU003010,PL04,2024-09-10,,Active,1042.84,Annual
SUB003011,CU003011,PL01,2022-04-24,,Active,48.29,Annual
SUB003012,CU003012,PL01,2023-09-25,,Active,44.05,Monthly
SUB003013,CU003013,PL03,2023-04-20,2024-05-27,Churned,417.83,Monthly
SUB003014,CU003014,PL03,2024-08-26,,Active,381.84,Annual
SUB003015,CU003015,PL02,2023-10-12,,Active,182.64,Annual
SUB003016,CU003016,PL02,2024-02-17,,Active,147.74,Monthly
SUB003017,CU003017,PL01,2025-07-02,,Active,54.05,Annual
SUB003018,CU003018,PL03,2024-01-14,,Active,449.66,Monthly
SUB003019,CU003019,PL01,2022-07-10,2023-08-20,Churned,47.24,Monthly
SUB003020,CU003020,PL04,2022-04-09,,Active,1390.55,Annual
SUB003021,CU003021,PL04,2026-01-31,,Active,1080.77,Monthly
SUB003022,CU003022,PL01,2025-12-02,,Active,46.53,Annual
SUB003023,CU003023,PL04,2022-10-06,,Active,1094.42,Annual
SUB003024,CU003024,PL03,2024-07-18,,Active,347.56,Annual
SUB003025,CU003025,PL02,2024-05-04,2025-05-27,Churned,180.06,Annual
SUB003026,CU003026,PL02,2025-02-02,,Active,156.91,Monthly
SUB003027,CU003027,PL02,2025-05-13,,Active,165.64,Annual
SUB003028,CU003028,PL02,2026-06-04,,Active,167.7,Monthly
SUB003029,CU003029,PL01,2024-12-22,,Active,55.29,Annual
SUB003030,CU003030,PL02,2023-09-21,,Active,179.84,Annual
SUB003031,CU003031,PL01,2022-07-08,,Active,54.15,Monthly
SUB003032,CU003032,PL03,2022-10-29,2025-05-08,Churned,379.15,Annual
SUB003033,CU003033,PL01,2023-03-21,,Active,59.83,Annual
SUB003034,CU003034,PL01,2024-06-10,2025-03-22,Churned,60.83,Annual
SUB003035,CU003035,PL01,2024-10-08,,Active,59.55,Monthly
SUB003036,CU003036,PL01,2024-02-26,2024-10-18,Churned,45.67,Annual
SUB003037,CU003037,PL01,2025-08-05,2026-02-08,Churned,45.52,Monthly
SUB003038,CU003038,PL01,2025-02-14,,Active,51.91,Monthly
SUB003039,CU003039,PL01,2026-04-16,,Active,56.31,Annual
SUB003040,CU003040,PL02,2024-09-26,,Active,178.8,Monthly
SUB003041,CU003041,PL02,2023-05-07,,Active,156.12,Monthly
SUB003042,CU003042,PL03,2025-10-19,,Active,440.01,Monthly
SUB003043,CU003043,PL02,2024-08-20,,Active,164.74,Annual
SUB003044,CU003044,PL01,2023-03-12,,Active,57.4,Annual
SUB003045,CU003045,PL03,2025-08-07,2026-05-29,Churned,484.82,Annual
SUB003046,CU003046,PL02,2024-11-30,2026-06-29,Churned,182.96,Annual
SUB003047,CU003047,PL02,2026-05-22,,Active,168.49,Monthly
SUB003048,CU003048,PL02,2025-12-17,,Active,164.9,Monthly
SUB003049,CU003049,PL02,2022-06-10,,Active,156.0,Annual
SUB003050,CU003050,PL02,2024-01-26,,Active,150.95,Monthly
SUB003051,CU003051,PL01,2025-04-21,,Active,59.07,Annual
SUB003052,CU003052,PL01,2022-06-19,,Active,42.45,Monthly
SUB003053,CU003053,PL02,2024-05-19,,Active,133.75,Annual
SUB003054,CU003054,PL01,2025-04-14,,Active,43.43,Monthly
SUB003055,CU003055,PL02,2022-08-03,,Active,131.01,Monthly
SUB003056,CU003056,PL02,2022-01-16,,Active,185.48,Annual
SUB003057,CU003057,PL01,2025-02-23,,Active,47.83,Monthly
SUB003058,CU003058,PL01,2026-01-15,2026-05-03,Churned,47.78,Annual
SUB003059,CU003059,PL01,2024-09-15,,Active,57.84,Annual
SUB003060,CU003060,PL03,2023-08-16,2024-12-08,Churned,463.35,Monthly
SUB003061,CU003061,PL02,2026-01-04,,Active,126.73,Annual
SUB003062,CU003062,PL02,2026-02-11,,Active,176.62,Annual
SUB003063,CU003063,PL01,2024-02-27,2024-12-09,Churned,60.55,Monthly
SUB003064,CU003064,PL03,2025-07-11,,Active,490.05,Monthly
SUB003065,CU003065,PL02,2022-02-11,,Active,179.87,Monthly
SUB003066,CU003066,PL04,2023-02-09,,Active,1137.56,Monthly
SUB003067,CU003067,PL03,2023-07-25,,Active,442.2,Annual
SUB003068,CU003068,PL03,2023-08-02,,Active,348.55,Annual
SUB003069,CU003069,PL01,2024-10-21,,Active,43.14,Annual
SUB003070,CU003070,PL04,2023-01-13,,Active,1208.64,Monthly
SUB003071,CU003071,PL03,2023-04-04,2023-08-17,Churned,353.05,Monthly
SUB003072,CU003072,PL02,2025-08-03,,Active,178.82,Annual
SUB003073,CU003073,PL03,2024-10-17,,Active,360.34,Monthly
SUB003074,CU003074,PL01,2022-11-10,,Active,43.24,Monthly
SUB003075,CU003075,PL01,2024-12-04,2025-05-03,Churned,47.31,Annual
SUB003076,CU003076,PL01,2024-09-24,,Active,53.81,Annual
SUB003077,CU003077,PL03,2023-03-26,,Active,433.99,Annual
SUB003078,CU003078,PL04,2022-04-20,2025-06-15,Churned,1235.15,Monthly
SUB003079,CU003079,PL03,2023-03-28,,Active,355.8,Annual
SUB003080,CU003080,PL03,2024-03-11,,Active,455.83,Monthly
SUB003081,CU003081,PL01,2024-07-05,2026-03-03,Churned,57.61,Monthly
SUB003082,CU003082,PL01,2022-09-06,,Active,44.21,Monthly
SUB003083,CU003083,PL02,2022-12-27,,Active,180.72,Monthly
SUB003084,CU003084,PL03,2026-04-01,,Active,343.42,Monthly
SUB003085,CU003085,PL02,2024-06-13,2026-01-11,Churned,147.5,Annual
SUB003086,CU003086,PL04,2023-08-27,,Active,1452.82,Annual
SUB003087,CU003087,PL01,2023-10-18,,Active,54.4,Annual
SUB003088,CU003088,PL02,2025-01-29,2026-03-28,Churned,159.6,Annual
SUB003089,CU003089,PL02,2023-10-10,,Active,180.26,Monthly
SUB003090,CU003090,PL03,2026-02-26,,Active,362.69,Monthly
SUB003091,CU003091,PL04,2024-03-16,,Active,1327.76,Annual
SUB003092,CU003092,PL01,2023-07-16,,Active,55.92,Monthly
SUB003093,CU003093,PL03,2023-12-29,,Active,361.67,Monthly
SUB003094,CU003094,PL02,2023-05-30,,Active,155.95,Annual
SUB003095,CU003095,PL01,2022-11-11,2024-03-16,Churned,60.58,Annual
SUB003096,CU003096,PL04,2025-07-17,,Active,1058.61,Annual
SUB003097,CU003097,PL02,2022-10-12,,Active,184.24,Monthly
SUB003098,CU003098,PL01,2024-01-17,2025-02-15,Churned,56.54,Annual
SUB003099,CU003099,PL01,2025-07-21,2026-06-03,Churned,44.7,Monthly
SUB003100,CU003100,PL02,2023-09-24,2024-03-25,Churned,179.43,Monthly
SUB003101,CU003101,PL01,2026-05-02,,Active,51.26,Annual
SUB003102,CU003102,PL02,2025-04-28,,Active,132.01,Annual
SUB003103,CU003103,PL03,2022-10-21,,Active,449.59,Annual
SUB003104,CU003104,PL01,2025-11-09,,Active,50.5,Monthly
SUB003105,CU003105,PL03,2022-11-22,2023-09-06,Churned,459.52,Annual
SUB003106,CU003106,PL02,2026-06-08,,Active,145.78,Monthly
SUB003107,CU003107,PL03,2023-11-11,,Active,482.64,Annual
SUB003108,CU003108,PL02,2023-03-14,,Active,185.7,Monthly
SUB003109,CU003109,PL03,2024-12-16,,Active,481.54,Annual
SUB003110,CU003110,PL04,2024-08-17,,Active,1258.44,Monthly
SUB003111,CU003111,PL01,2024-02-22,2026-02-05,Churned,52.05,Annual
SUB003112,CU003112,PL03,2024-02-07,,Active,388.37,Monthly
SUB003113,CU003113,PL03,2025-07-22,,Active,405.48,Annual
SUB003114,CU003114,PL01,2022-07-11,,Active,43.6,Annual
SUB003115,CU003115,PL04,2024-04-23,,Active,1065.51,Annual
SUB003116,CU003116,PL02,2025-12-08,,Active,140.49,Annual
SUB003117,CU003117,PL04,2025-05-17,,Active,1221.33,Annual
SUB003118,CU003118,PL03,2026-05-04,,Active,417.99,Monthly
SUB003119,CU003119,PL01,2023-03-27,,Active,49.55,Monthly
SUB003120,CU003120,PL01,2023-04-13,2025-06-05,Churned,48.82,Monthly
SUB003121,CU003121,PL02,2024-08-01,,Active,154.74,Annual
SUB003122,CU003122,PL01,2023-10-01,,Active,47.03,Monthly
SUB003123,CU003123,PL02,2024-06-13,,Active,144.59,Annual
SUB003124,CU003124,PL01,2024-07-27,2024-11-02,Churned,55.34,Annual
SUB003125,CU003125,PL02,2024-05-26,2024-09-24,Churned,145.36,Monthly
SUB003126,CU003126,PL01,2025-09-14,2026-04-26,Churned,49.8,Monthly
SUB003127,CU003127,PL02,2022-01-25,,Active,147.06,Monthly
SUB003128,CU003128,PL01,2022-12-14,,Active,47.54,Annual
SUB003129,CU003129,PL02,2023-08-25,,Active,141.86,Monthly
SUB003130,CU003130,PL01,2022-09-02,2025-03-13,Churned,58.41,Annual
SUB003131,CU003131,PL02,2025-06-05,,Active,144.53,Annual
SUB003132,CU003132,PL02,2024-05-20,,Active,130.84,Annual
SUB003133,CU003133,PL03,2024-12-31,,Active,436.89,Monthly
SUB003134,CU003134,PL04,2024-10-25,,Active,1479.71,Annual
SUB003135,CU003135,PL04,2023-07-29,,Active,1244.88,Annual
SUB003136,CU003136,PL01,2024-05-18,2025-07-18,Churned,48.95,Annual
SUB003137,CU003137,PL02,2026-05-17,,Active,169.01,Monthly
SUB003138,CU003138,PL02,2025-06-17,2025-10-15,Churned,173.09,Annual
SUB003139,CU003139,PL02,2025-07-27,,Active,126.72,Annual
SUB003140,CU003140,PL03,2026-04-07,,Active,461.34,Monthly
SUB003141,CU003141,PL03,2022-12-20,,Active,433.71,Monthly
SUB003142,CU003142,PL01,2023-04-09,,Active,45.88,Monthly
SUB003143,CU003143,PL01,2022-11-05,,Active,54.31,Annual
SUB003144,CU003144,PL03,2026-05-14,,Active,469.59,Annual
SUB003145,CU003145,PL03,2026-01-03,,Active,497.69,Monthly
SUB003146,CU003146,PL02,2025-07-11,,Active,170.94,Monthly
SUB003147,CU003147,PL03,2026-01-25,,Active,466.27,Annual
SUB003148,CU003148,PL02,2025-07-08,,Active,163.19,Monthly
SUB003149,CU003149,PL03,2023-09-30,,Active,425.19,Annual
SUB003150,CU003150,PL02,2024-05-06,,Active,176.6,Annual
SUB003151,CU003151,PL02,2024-03-09,,Active,132.72,Annual
SUB003152,CU003152,PL03,2022-02-16,2025-07-27,Churned,403.67,Annual
SUB003153,CU003153,PL01,2026-04-14,,Active,49.4,Monthly
SUB003154,CU003154,PL03,2025-03-08,,Active,493.89,Annual
SUB003155,CU003155,PL02,2025-04-28,,Active,177.25,Monthly
SUB003156,CU003156,PL03,2024-11-28,2025-05-25,Churned,344.6,Monthly
SUB003157,CU003157,PL01,2023-11-29,2025-04-07,Churned,50.28,Monthly
SUB003158,CU003158,PL02,2024-04-07,,Active,140.76,Monthly
SUB003159,CU003159,PL03,2023-05-26,,Active,425.78,Monthly
SUB003160,CU003160,PL01,2024-12-19,,Active,60.16,Annual
SUB003161,CU003161,PL01,2026-05-19,,Active,49.36,Monthly
SUB003162,CU003162,PL02,2025-11-26,,Active,165.98,Monthly
SUB003163,CU003163,PL03,2023-06-19,,Active,409.44,Monthly
SUB003164,CU003164,PL01,2022-06-22,2023-03-29,Churned,53.46,Annual
SUB003165,CU003165,PL01,2025-11-15,,Active,54.68,Monthly
SUB003166,CU003166,PL03,2022-11-01,,Active,467.7,Annual
SUB003167,CU003167,PL03,2024-04-16,,Active,383.43,Annual
SUB003168,CU003168,PL01,2022-02-19,2022-12-08,Churned,58.1,Monthly
SUB003169,CU003169,PL01,2026-04-23,,Active,47.22,Annual
SUB003170,CU003170,PL01,2022-12-22,2024-01-22,Churned,46.72,Annual
SUB003171,CU003171,PL02,2026-05-08,,Active,136.09,Annual
SUB003172,CU003172,PL02,2023-12-25,2025-07-05,Churned,140.24,Monthly
SUB003173,CU003173,PL02,2023-05-02,,Active,141.71,Annual
SUB003174,CU003174,PL03,2023-12-05,,Active,459.77,Monthly
SUB003175,CU003175,PL02,2025-10-20,,Active,166.9,Annual
SUB003176,CU003176,PL02,2022-11-28,,Active,138.06,Annual
SUB003177,CU003177,PL01,2026-06-20,,Active,53.22,Annual
SUB003178,CU003178,PL03,2022-12-09,,Active,479.36,Monthly
SUB003179,CU003179,PL01,2023-01-20,,Active,60.52,Annual
SUB003180,CU003180,PL03,2026-04-07,,Active,473.11,Annual
SUB003181,CU003181,PL01,2025-12-20,,Active,48.05,Monthly
SUB003182,CU003182,PL03,2026-01-18,,Active,412.6,Monthly
SUB003183,CU003183,PL03,2024-05-03,,Active,402.92,Monthly
SUB003184,CU003184,PL03,2022-09-06,,Active,344.79,Annual
SUB003185,CU003185,PL01,2025-04-30,,Active,47.81,Monthly
SUB003186,CU003186,PL02,2023-09-10,,Active,129.63,Annual
SUB003187,CU003187,PL01,2023-02-01,,Active,47.18,Annual
SUB003188,CU003188,PL03,2024-12-21,,Active,481.39,Monthly
SUB003189,CU003189,PL01,2022-02-01,,Active,52.49,Monthly
SUB003190,CU003190,PL03,2023-12-22,,Active,408.85,Annual
SUB003191,CU003191,PL01,2023-09-07,2025-09-17,Churned,44.49,Annual
SUB003192,CU003192,PL04,2023-05-03,2024-10-12,Churned,1187.21,Annual
SUB003193,CU003193,PL01,2024-04-26,,Active,55.36,Annual
SUB003194,CU003194,PL01,2023-01-15,2026-04-12,Churned,42.7,Annual
SUB003195,CU003195,PL01,2025-12-02,,Active,58.89,Monthly
SUB003196,CU003196,PL02,2026-01-20,,Active,162.45,Monthly
SUB003197,CU003197,PL02,2022-07-06,,Active,147.41,Monthly
SUB003198,CU003198,PL02,2022-09-12,,Active,161.24,Monthly
SUB003199,CU003199,PL01,2024-03-16,,Active,45.44,Monthly
SUB003200,CU003200,PL02,2022-08-11,,Active,181.99,Monthly
SUB003201,CU003201,PL01,2023-06-08,2026-04-12,Churned,56.45,Monthly
SUB003202,CU003202,PL02,2022-04-05,,Active,174.44,Annual
SUB003203,CU003203,PL02,2023-06-02,,Active,132.94,Annual
SUB003204,CU003204,PL01,2025-10-10,2026-02-09,Churned,44.13,Annual
SUB003205,CU003205,PL01,2024-04-23,2025-02-23,Churned,56.65,Annual
SUB003206,CU003206,PL01,2023-06-28,,Active,52.87,Annual
SUB003207,CU003207,PL02,2024-03-03,,Active,168.82,Annual
SUB003208,CU003208,PL01,2024-08-30,,Active,48.09,Annual
SUB003209,CU003209,PL02,2026-03-31,,Active,139.15,Monthly
SUB003210,CU003210,PL04,2024-05-18,,Active,1166.94,Monthly
SUB003211,CU003211,PL02,2025-04-10,,Active,161.52,Monthly
SUB003212,CU003212,PL01,2024-12-14,,Active,52.92,Annual
SUB003213,CU003213,PL02,2024-03-29,,Active,158.36,Monthly
SUB003214,CU003214,PL02,2022-05-25,,Active,168.27,Annual
SUB003215,CU003215,PL01,2026-03-06,,Active,48.15,Annual
SUB003216,CU003216,PL02,2025-09-20,,Active,182.49,Annual
SUB003217,CU003217,PL04,2025-10-30,,Active,1292.29,Annual
SUB003218,CU003218,PL01,2022-10-21,,Active,46.17,Annual
SUB003219,CU003219,PL03,2025-09-06,2025-12-17,Churned,494.45,Monthly
SUB003220,CU003220,PL04,2023-11-22,,Active,1343.64,Annual
SUB003221,CU003221,PL01,2024-08-13,,Active,48.76,Annual
SUB003222,CU003222,PL03,2026-03-22,,Active,447.25,Monthly
SUB003223,CU003223,PL01,2022-09-01,,Active,60.27,Annual
SUB003224,CU003224,PL02,2025-01-30,,Active,151.89,Monthly
SUB003225,CU003225,PL01,2022-11-22,2025-06-12,Churned,48.11,Annual
SUB003226,CU003226,PL01,2026-05-05,,Active,50.26,Monthly
SUB003227,CU003227,PL01,2023-12-09,,Active,46.18,Monthly
SUB003228,CU003228,PL01,2022-11-06,2024-09-13,Churned,52.32,Monthly
SUB003229,CU003229,PL02,2024-06-01,2025-06-13,Churned,131.35,Monthly
SUB003230,CU003230,PL02,2024-10-09,2025-02-26,Churned,127.26,Monthly
SUB003231,CU003231,PL02,2023-06-09,,Active,136.47,Monthly
SUB003232,CU003232,PL02,2024-10-03,,Active,126.83,Monthly
SUB003233,CU003233,PL01,2024-12-31,,Active,44.73,Annual
SUB003234,CU003234,PL03,2023-03-25,,Active,346.7,Monthly
SUB003235,CU003235,PL02,2024-05-27,,Active,131.07,Monthly
SUB003236,CU003236,PL02,2023-03-09,2025-12-22,Churned,159.38,Annual
SUB003237,CU003237,PL02,2023-06-14,2025-04-13,Churned,131.88,Annual
SUB003238,CU003238,PL02,2023-04-12,,Active,142.22,Annual
SUB003239,CU003239,PL03,2022-05-25,,Active,487.53,Monthly
SUB003240,CU003240,PL02,2024-06-30,2025-07-21,Churned,132.16,Monthly
SUB003241,CU003241,PL03,2023-08-24,,Active,375.06,Annual
SUB003242,CU003242,PL01,2024-10-09,,Active,47.69,Monthly
SUB003243,CU003243,PL01,2025-10-31,,Active,45.03,Monthly
SUB003244,CU003244,PL03,2023-06-03,,Active,431.11,Annual
SUB003245,CU003245,PL03,2024-11-14,,Active,470.89,Monthly
SUB003246,CU003246,PL01,2025-10-27,,Active,41.8,Monthly
SUB003247,CU003247,PL01,2022-05-12,,Active,58.4,Monthly
SUB003248,CU003248,PL02,2024-07-22,,Active,153.05,Annual
SUB003249,CU003249,PL02,2022-06-23,,Active,178.95,Monthly
SUB003250,CU003250,PL01,2025-11-15,,Active,52.63,Monthly
SUB003251,CU003251,PL02,2026-03-26,,Active,176.51,Annual
SUB003252,CU003252,PL03,2026-01-17,2026-07-28,Churned,450.93,Monthly
SUB003253,CU003253,PL02,2023-04-13,2024-04-19,Churned,127.86,Annual
SUB003254,CU003254,PL01,2025-10-27,2026-06-18,Churned,53.41,Monthly
SUB003255,CU003255,PL02,2022-11-19,,Active,130.6,Monthly
SUB003256,CU003256,PL02,2024-11-23,,Active,178.71,Annual
SUB003257,CU003257,PL01,2025-07-06,2026-03-07,Churned,60.61,Annual
SUB003258,CU003258,PL02,2025-10-06,,Active,180.91,Monthly
SUB003259,CU003259,PL03,2022-06-30,2026-08-30,Churned,482.16,Annual
SUB003260,CU003260,PL03,2026-03-15,,Active,435.9,Monthly
SUB003261,CU003261,PL02,2026-03-20,,Active,166.63,Monthly
SUB003262,CU003262,PL03,2023-12-04,,Active,417.38,Annual
SUB003263,CU003263,PL01,2023-06-16,2025-09-12,Churned,47.85,Monthly
SUB003264,CU003264,PL02,2024-08-10,,Active,175.74,Monthly
SUB003265,CU003265,PL02,2022-09-30,,Active,132.31,Annual
SUB003266,CU003266,PL02,2024-09-26,,Active,130.73,Monthly
SUB003267,CU003267,PL01,2024-04-25,,Active,53.48,Annual
SUB003268,CU003268,PL03,2023-05-14,,Active,404.99,Annual
SUB003269,CU003269,PL04,2026-06-07,,Active,1498.59,Monthly
SUB003270,CU003270,PL01,2026-02-04,,Active,56.63,Monthly
SUB003271,CU003271,PL03,2022-09-25,,Active,353.54,Annual
SUB003272,CU003272,PL01,2023-09-21,,Active,54.99,Monthly
SUB003273,CU003273,PL04,2023-08-08,,Active,1373.59,Monthly
SUB003274,CU003274,PL02,2024-07-07,2025-05-18,Churned,176.66,Monthly
SUB003275,CU003275,PL04,2024-12-05,,Active,1231.12,Annual
SUB003276,CU003276,PL01,2023-05-28,,Active,59.02,Monthly
SUB003277,CU003277,PL01,2026-06-01,,Active,51.81,Annual
SUB003278,CU003278,PL01,2024-04-15,,Active,44.61,Monthly
SUB003279,CU003279,PL04,2025-01-13,,Active,1363.12,Annual
SUB003280,CU003280,PL03,2025-08-19,2026-05-15,Churned,421.11,Monthly
SUB003281,CU003281,PL02,2023-08-15,,Active,168.35,Monthly
SUB003282,CU003282,PL02,2023-08-14,2025-09-10,Churned,177.67,Annual
SUB003283,CU003283,PL02,2024-02-20,,Active,179.23,Annual
SUB003284,CU003284,PL02,2025-08-15,,Active,166.22,Annual
SUB003285,CU003285,PL02,2026-05-18,,Active,144.0,Monthly
SUB003286,CU003286,PL01,2026-04-26,,Active,48.35,Monthly
SUB003287,CU003287,PL02,2022-03-04,,Active,140.31,Monthly
SUB003288,CU003288,PL02,2022-05-28,,Active,171.6,Annual
SUB003289,CU003289,PL02,2026-03-26,,Active,160.95,Monthly
SUB003290,CU003290,PL01,2024-08-27,2026-08-25,Churned,58.92,Monthly
SUB003291,CU003291,PL01,2024-12-03,,Active,42.81,Annual
SUB003292,CU003292,PL01,2023-11-05,,Active,60.1,Annual
SUB003293,CU003293,PL03,2025-05-23,,Active,424.51,Monthly
SUB003294,CU003294,PL01,2024-07-27,,Active,44.69,Monthly
SUB003295,CU003295,PL03,2022-11-17,,Active,385.35,Annual
SUB003296,CU003296,PL01,2022-06-16,,Active,53.16,Monthly
SUB003297,CU003297,PL01,2022-09-29,,Active,46.7,Annual
SUB003298,CU003298,PL02,2023-07-29,,Active,160.53,Annual
SUB003299,CU003299,PL03,2022-02-22,,Active,377.73,Annual
SUB003300,CU003300,PL01,2022-12-13,,Active,57.07,Annual
SUB003301,CU003301,PL03,2023-11-21,,Active,476.92,Annual
SUB003302,CU003302,PL02,2025-03-12,,Active,166.24,Monthly
SUB003303,CU003303,PL01,2024-04-19,,Active,58.74,Monthly
SUB003304,CU003304,PL01,2025-12-21,,Active,53.4,Annual
SUB003305,CU003305,PL01,2022-03-05,2023-09-24,Churned,56.47,Monthly
SUB003306,CU003306,PL01,2025-04-04,,Active,44.67,Monthly
SUB003307,CU003307,PL01,2023-03-05,,Active,43.84,Monthly
SUB003308,CU003308,PL02,2023-08-06,,Active,171.29,Monthly
SUB003309,CU003309,PL01,2023-07-02,2024-02-08,Churned,45.35,Monthly
SUB003310,CU003310,PL01,2024-03-15,2025-06-19,Churned,60.66,Annual
SUB003311,CU003311,PL01,2022-01-23,2025-04-20,Churned,56.21,Annual
SUB003312,CU003312,PL01,2022-02-26,,Active,56.23,Monthly
SUB003313,CU003313,PL02,2026-06-15,,Active,164.56,Annual
SUB003314,CU003314,PL03,2024-07-13,,Active,346.89,Annual
SUB003315,CU003315,PL02,2026-01-12,,Active,134.15,Monthly
SUB003316,CU003316,PL01,2022-06-30,,Active,51.85,Annual
SUB003317,CU003317,PL02,2022-01-24,,Active,128.49,Annual
SUB003318,CU003318,PL04,2026-05-04,,Active,1395.15,Annual
SUB003319,CU003319,PL04,2024-02-16,,Active,1126.39,Annual
SUB003320,CU003320,PL03,2023-07-02,,Active,404.7,Monthly
SUB003321,CU003321,PL03,2024-07-16,,Active,403.06,Monthly
SUB003322,CU003322,PL01,2023-09-10,,Active,54.63,Monthly
SUB003323,CU003323,PL02,2023-10-02,,Active,181.83,Monthly
SUB003324,CU003324,PL01,2024-03-13,,Active,47.36,Monthly
SUB003325,CU003325,PL02,2022-03-25,,Active,177.48,Monthly
SUB003326,CU003326,PL01,2023-07-05,,Active,61.09,Monthly
SUB003327,CU003327,PL01,2022-01-26,,Active,45.43,Monthly
SUB003328,CU003328,PL01,2022-11-08,,Active,48.2,Annual
SUB003329,CU003329,PL01,2025-08-09,,Active,49.77,Annual
SUB003330,CU003330,PL01,2025-05-31,2026-02-17,Churned,57.84,Annual
SUB003331,CU003331,PL01,2022-06-21,2024-10-11,Churned,57.29,Monthly
SUB003332,CU003332,PL02,2024-01-28,,Active,176.13,Annual
SUB003333,CU003333,PL03,2024-07-16,,Active,397.41,Annual
SUB003334,CU003334,PL03,2025-02-05,,Active,409.16,Annual
SUB003335,CU003335,PL02,2023-08-28,,Active,183.52,Monthly
SUB003336,CU003336,PL02,2024-10-05,,Active,186.18,Monthly
SUB003337,CU003337,PL01,2022-08-10,,Active,52.45,Annual
SUB003338,CU003338,PL01,2023-02-18,2026-05-01,Churned,55.73,Monthly
SUB003339,CU003339,PL04,2026-06-16,,Active,1304.47,Annual
SUB003340,CU003340,PL02,2024-04-13,,Active,172.0,Annual
SUB003341,CU003341,PL02,2024-07-28,2026-01-23,Churned,170.6,Annual
SUB003342,CU003342,PL02,2025-08-27,,Active,176.73,Monthly
SUB003343,CU003343,PL03,2024-09-29,,Active,347.33,Annual
SUB003344,CU003344,PL01,2022-09-19,,Active,48.04,Monthly
SUB003345,CU003345,PL01,2025-08-12,,Active,44.63,Annual
SUB003346,CU003346,PL03,2024-10-27,,Active,431.79,Annual
SUB003347,CU003347,PL01,2025-07-17,,Active,61.16,Annual
SUB003348,CU003348,PL04,2023-03-15,,Active,1139.87,Monthly
SUB003349,CU003349,PL02,2025-01-28,,Active,139.23,Annual
SUB003350,CU003350,PL02,2025-01-19,2025-10-26,Churned,147.86,Annual
SUB003351,CU003351,PL03,2025-10-13,,Active,397.54,Annual
SUB003352,CU003352,PL01,2024-10-01,2026-02-28,Churned,55.41,Monthly
SUB003353,CU003353,PL02,2025-03-07,2026-08-09,Churned,172.03,Monthly
SUB003354,CU003354,PL01,2026-04-29,,Active,44.36,Annual
SUB003355,CU003355,PL01,2023-03-30,,Active,59.22,Monthly
SUB003356,CU003356,PL03,2025-08-10,,Active,457.67,Monthly
SUB003357,CU003357,PL02,2023-04-27,,Active,178.81,Monthly
SUB003358,CU003358,PL02,2022-07-04,,Active,168.7,Monthly
SUB003359,CU003359,PL01,2022-11-09,,Active,51.98,Annual
SUB003360,CU003360,PL01,2026-03-02,,Active,44.66,Monthly
SUB003361,CU003361,PL02,2023-11-27,,Active,159.07,Monthly
SUB003362,CU003362,PL03,2024-01-13,,Active,495.85,Annual
SUB003363,CU003363,PL01,2022-08-18,,Active,48.45,Monthly
SUB003364,CU003364,PL01,2025-10-21,,Active,46.01,Annual
SUB003365,CU003365,PL01,2025-04-29,,Active,58.21,Monthly
SUB003366,CU003366,PL02,2023-07-06,,Active,145.63,Monthly
SUB003367,CU003367,PL01,2024-09-08,,Active,52.6,Monthly
SUB003368,CU003368,PL01,2026-01-04,,Active,41.89,Annual
SUB003369,CU003369,PL03,2026-03-26,,Active,435.87,Monthly
SUB003370,CU003370,PL02,2023-04-10,,Active,141.6,Monthly
SUB003371,CU003371,PL03,2022-01-14,,Active,407.03,Monthly
SUB003372,CU003372,PL02,2022-11-30,,Active,146.48,Annual
SUB003373,CU003373,PL01,2024-08-19,,Active,52.07,Annual
SUB003374,CU003374,PL01,2024-12-26,2025-04-08,Churned,59.12,Annual
SUB003375,CU003375,PL02,2022-02-04,,Active,146.59,Annual
SUB003376,CU003376,PL01,2022-06-27,,Active,51.66,Annual
SUB003377,CU003377,PL03,2025-06-09,,Active,477.44,Annual
SUB003378,CU003378,PL01,2026-05-18,,Active,57.35,Annual
SUB003379,CU003379,PL02,2022-07-08,,Active,167.37,Annual
SUB003380,CU003380,PL01,2024-08-16,,Active,47.74,Annual
SUB003381,CU003381,PL01,2022-12-25,2023-09-02,Churned,42.95,Monthly
SUB003382,CU003382,PL01,2025-09-30,,Active,51.77,Annual
SUB003383,CU003383,PL01,2023-08-04,,Active,59.93,Monthly
SUB003384,CU003384,PL02,2022-04-26,,Active,136.23,Monthly
SUB003385,CU003385,PL03,2025-01-03,,Active,424.52,Monthly
SUB003386,CU003386,PL01,2026-01-18,2026-07-25,Churned,44.68,Monthly
SUB003387,CU003387,PL02,2025-07-17,2026-04-05,Churned,139.37,Monthly
SUB003388,CU003388,PL01,2024-04-01,,Active,59.96,Monthly
SUB003389,CU003389,PL03,2023-12-14,2025-11-19,Churned,478.54,Annual
SUB003390,CU003390,PL02,2025-02-04,,Active,140.22,Monthly
SUB003391,CU003391,PL01,2022-08-30,,Active,45.35,Annual
SUB003392,CU003392,PL03,2024-09-09,2026-08-08,Churned,406.37,Monthly
SUB003393,CU003393,PL01,2024-09-26,,Active,47.53,Annual
SUB003394,CU003394,PL01,2024-08-16,,Active,53.44,Annual
SUB003395,CU003395,PL03,2024-10-21,,Active,405.35,Annual
SUB003396,CU003396,PL03,2025-04-20,,Active,355.06,Annual
SUB003397,CU003397,PL02,2022-09-11,,Active,150.34,Annual
SUB003398,CU003398,PL02,2024-05-15,,Active,153.72,Annual
SUB003399,CU003399,PL02,2024-10-07,,Active,161.63,Monthly
SUB003400,CU003400,PL03,2023-01-08,,Active,392.08,Annual
SUB003401,CU003401,PL01,2022-12-01,,Active,54.29,Annual
SUB003402,CU003402,PL04,2026-02-05,,Active,1050.45,Monthly
SUB003403,CU003403,PL01,2022-02-05,,Active,60.63,Monthly
SUB003404,CU003404,PL03,2026-06-06,,Active,402.32,Monthly
SUB003405,CU003405,PL02,2025-11-09,,Active,159.84,Monthly
SUB003406,CU003406,PL02,2022-06-14,,Active,183.95,Monthly
SUB003407,CU003407,PL03,2023-10-23,2025-10-04,Churned,391.41,Monthly
SUB003408,CU003408,PL02,2026-05-15,,Active,170.41,Annual
SUB003409,CU003409,PL01,2024-03-10,2026-01-06,Churned,49.86,Monthly
SUB003410,CU003410,PL02,2022-11-11,,Active,163.92,Monthly
SUB003411,CU003411,PL03,2023-01-29,,Active,409.93,Annual
SUB003412,CU003412,PL01,2026-06-15,,Active,55.28,Monthly
SUB003413,CU003413,PL01,2022-03-05,2025-09-10,Churned,56.14,Annual
SUB003414,CU003414,PL01,2024-06-16,,Active,54.75,Annual
SUB003415,CU003415,PL01,2025-03-01,2026-07-21,Churned,60.58,Monthly
SUB003416,CU003416,PL01,2022-02-16,2025-03-28,Churned,55.81,Monthly
SUB003417,CU003417,PL04,2023-05-30,,Active,1022.38,Annual
SUB003418,CU003418,PL04,2022-04-02,,Active,1297.01,Annual
SUB003419,CU003419,PL03,2025-04-24,,Active,460.36,Annual
SUB003420,CU003420,PL02,2025-01-16,2026-03-09,Churned,143.94,Monthly
SUB003421,CU003421,PL01,2022-06-23,,Active,51.75,Monthly
SUB003422,CU003422,PL03,2022-05-26,,Active,469.99,Annual
SUB003423,CU003423,PL02,2024-08-20,2025-07-04,Churned,134.8,Monthly
SUB003424,CU003424,PL01,2024-01-10,2025-11-29,Churned,58.38,Annual
SUB003425,CU003425,PL04,2024-05-23,,Active,1112.29,Annual
SUB003426,CU003426,PL03,2022-06-03,,Active,471.63,Monthly
SUB003427,CU003427,PL01,2025-06-09,,Active,55.49,Annual
SUB003428,CU003428,PL02,2022-06-27,2025-09-04,Churned,182.1,Monthly
SUB003429,CU003429,PL01,2025-10-26,,Active,45.43,Annual
SUB003430,CU003430,PL01,2025-02-06,,Active,43.72,Annual
SUB003431,CU003431,PL02,2023-04-15,2024-02-16,Churned,144.59,Monthly
SUB003432,CU003432,PL01,2023-09-06,,Active,44.03,Monthly
SUB003433,CU003433,PL01,2025-11-01,,Active,60.83,Annual
SUB003434,CU003434,PL01,2024-01-26,,Active,58.89,Monthly
SUB003435,CU003435,PL02,2024-11-08,,Active,162.58,Monthly
SUB003436,CU003436,PL01,2022-07-27,,Active,59.33,Annual
SUB003437,CU003437,PL02,2023-03-02,2023-08-26,Churned,145.15,Monthly
SUB003438,CU003438,PL03,2023-11-15,,Active,450.1,Annual
SUB003439,CU003439,PL02,2022-03-23,2023-10-07,Churned,132.5,Annual
SUB003440,CU003440,PL03,2023-06-26,,Active,445.01,Monthly
SUB003441,CU003441,PL02,2024-03-31,,Active,164.86,Monthly
SUB003442,CU003442,PL02,2026-05-02,,Active,127.41,Annual
SUB003443,CU003443,PL04,2025-01-04,,Active,1308.48,Monthly
SUB003444,CU003444,PL01,2024-06-03,,Active,51.13,Annual
SUB003445,CU003445,PL01,2022-08-05,,Active,55.58,Annual
SUB003446,CU003446,PL02,2024-04-20,,Active,184.63,Annual
SUB003447,CU003447,PL01,2022-09-14,2025-05-31,Churned,42.23,Monthly
SUB003448,CU003448,PL02,2023-02-02,,Active,155.65,Monthly
SUB003449,CU003449,PL02,2026-02-05,2026-07-21,Churned,185.4,Annual
SUB003450,CU003450,PL01,2023-08-12,,Active,59.53,Annual
SUB003451,CU003451,PL04,2026-04-16,,Active,1267.34,Monthly
SUB003452,CU003452,PL02,2023-11-10,,Active,170.41,Annual
SUB003453,CU003453,PL01,2025-11-11,,Active,57.89,Monthly
SUB003454,CU003454,PL01,2024-05-02,,Active,43.87,Monthly
SUB003455,CU003455,PL02,2023-05-08,,Active,136.38,Monthly
SUB003456,CU003456,PL03,2026-04-05,,Active,471.99,Monthly
SUB003457,CU003457,PL03,2025-02-08,,Active,388.89,Monthly
SUB003458,CU003458,PL02,2023-09-06,,Active,136.5,Monthly
SUB003459,CU003459,PL02,2023-04-23,,Active,157.01,Annual
SUB003460,CU003460,PL01,2024-03-20,2025-08-11,Churned,48.9,Annual
SUB003461,CU003461,PL02,2024-12-18,,Active,182.57,Annual
SUB003462,CU003462,PL04,2023-09-10,,Active,1090.85,Monthly
SUB003463,CU003463,PL01,2022-07-11,2023-11-09,Churned,41.87,Annual
SUB003464,CU003464,PL02,2024-06-04,,Active,133.1,Monthly
SUB003465,CU003465,PL02,2024-06-26,,Active,139.33,Annual
SUB003466,CU003466,PL01,2023-03-10,,Active,52.49,Monthly
SUB003467,CU003467,PL02,2024-08-19,2025-06-02,Churned,184.46,Annual
SUB003468,CU003468,PL01,2024-05-28,,Active,50.41,Monthly
SUB003469,CU003469,PL02,2023-07-10,2026-02-07,Churned,166.17,Annual
SUB003470,CU003470,PL03,2022-06-04,,Active,483.08,Annual
SUB003471,CU003471,PL01,2025-05-29,2025-09-06,Churned,46.56,Annual
SUB003472,CU003472,PL02,2023-05-30,,Active,161.0,Annual
SUB003473,CU003473,PL01,2022-12-19,,Active,60.95,Annual
SUB003474,CU003474,PL02,2024-05-25,2025-09-22,Churned,127.75,Monthly
SUB003475,CU003475,PL01,2023-03-13,,Active,51.99,Annual
SUB003476,CU003476,PL04,2022-07-09,,Active,1402.7,Annual
SUB003477,CU003477,PL03,2025-06-25,,Active,352.72,Monthly
SUB003478,CU003478,PL01,2022-04-07,,Active,57.04,Monthly
SUB003479,CU003479,PL03,2024-12-07,,Active,457.55,Monthly
SUB003480,CU003480,PL02,2023-08-12,,Active,131.39,Monthly
SUB003481,CU003481,PL03,2025-05-26,,Active,462.12,Monthly
SUB003482,CU003482,PL02,2026-03-30,,Active,166.73,Monthly
SUB003483,CU003483,PL02,2022-10-24,2026-02-19,Churned,177.05,Monthly
SUB003484,CU003484,PL01,2024-11-11,,Active,43.31,Monthly
SUB003485,CU003485,PL03,2024-12-04,,Active,463.19,Monthly
SUB003486,CU003486,PL02,2023-06-26,,Active,155.12,Annual
SUB003487,CU003487,PL01,2023-08-29,,Active,59.68,Annual
SUB003488,CU003488,PL02,2024-04-09,2026-01-15,Churned,152.13,Monthly
SUB003489,CU003489,PL03,2025-04-12,,Active,496.09,Annual
SUB003490,CU003490,PL02,2024-09-26,2025-05-06,Churned,157.02,Annual
SUB003491,CU003491,PL02,2022-03-21,,Active,180.84,Monthly
SUB003492,CU003492,PL03,2026-03-09,,Active,402.91,Monthly
SUB003493,CU003493,PL01,2023-04-20,,Active,44.18,Monthly
SUB003494,CU003494,PL01,2026-06-09,,Active,44.43,Annual
SUB003495,CU003495,PL02,2025-07-17,,Active,135.13,Annual
SUB003496,CU003496,PL01,2023-05-26,,Active,60.77,Monthly
SUB003497,CU003497,PL03,2026-04-23,,Active,484.77,Monthly
SUB003498,CU003498,PL02,2022-10-19,2023-04-01,Churned,185.34,Monthly
SUB003499,CU003499,PL02,2024-05-28,,Active,181.67,Monthly
SUB003500,CU003500,PL03,2024-04-29,,Active,443.98,Monthly
SUB003501,CU003501,PL01,2024-06-20,2026-04-15,Churned,59.88,Monthly
SUB003502,CU003502,PL02,2024-09-11,,Active,153.52,Annual
SUB003503,CU003503,PL04,2025-02-18,,Active,1462.32,Annual
SUB003504,CU003504,PL03,2022-12-28,,Active,486.94,Annual
SUB003505,CU003505,PL02,2024-07-16,2025-11-08,Churned,140.25,Monthly
SUB003506,CU003506,PL02,2022-06-05,,Active,143.75,Annual
SUB003507,CU003507,PL02,2024-11-10,,Active,174.4,Monthly
SUB003508,CU003508,PL02,2024-06-19,,Active,134.08,Annual
SUB003509,CU003509,PL03,2024-09-01,,Active,470.79,Monthly
SUB003510,CU003510,PL03,2023-10-25,,Active,345.36,Annual
SUB003511,CU003511,PL01,2022-02-16,2024-05-11,Churned,51.53,Annual
SUB003512,CU003512,PL02,2024-01-18,,Active,133.16,Annual
SUB003513,CU003513,PL03,2024-07-16,,Active,372.13,Annual
SUB003514,CU003514,PL03,2025-10-10,,Active,415.57,Annual
SUB003515,CU003515,PL01,2026-04-03,,Active,47.14,Monthly
SUB003516,CU003516,PL03,2024-06-17,,Active,347.82,Monthly
SUB003517,CU003517,PL02,2024-11-12,,Active,139.72,Monthly
SUB003518,CU003518,PL02,2024-12-05,,Active,171.08,Monthly
SUB003519,CU003519,PL01,2023-02-10,,Active,42.41,Annual
SUB003520,CU003520,PL02,2022-01-07,,Active,134.82,Annual
SUB003521,CU003521,PL03,2023-07-03,,Active,347.98,Monthly
SUB003522,CU003522,PL02,2026-03-17,,Active,141.79,Annual
SUB003523,CU003523,PL02,2025-03-01,2026-04-26,Churned,172.17,Monthly
SUB003524,CU003524,PL01,2026-01-04,,Active,44.97,Monthly
SUB003525,CU003525,PL01,2023-10-14,2026-07-29,Churned,43.6,Annual
SUB003526,CU003526,PL01,2024-06-20,,Active,42.31,Monthly
SUB003527,CU003527,PL02,2026-04-15,,Active,153.47,Monthly
SUB003528,CU003528,PL02,2022-04-27,,Active,146.27,Monthly
SUB003529,CU003529,PL01,2022-05-27,2025-10-02,Churned,49.57,Monthly
SUB003530,CU003530,PL02,2026-05-04,,Active,139.49,Monthly
SUB003531,CU003531,PL02,2024-12-25,2025-07-12,Churned,171.6,Annual
SUB003532,CU003532,PL01,2022-07-14,,Active,46.08,Monthly
SUB003533,CU003533,PL03,2026-04-24,,Active,395.79,Monthly
SUB003534,CU003534,PL02,2024-06-18,2024-12-27,Churned,135.18,Annual
SUB003535,CU003535,PL01,2023-06-18,,Active,50.71,Monthly
SUB003536,CU003536,PL03,2024-12-03,,Active,452.96,Monthly
SUB003537,CU003537,PL02,2025-01-17,,Active,170.62,Annual
SUB003538,CU003538,PL01,2023-07-15,2026-01-10,Churned,54.53,Annual
SUB003539,CU003539,PL02,2022-06-22,2023-04-06,Churned,152.35,Annual
SUB003540,CU003540,PL02,2024-12-25,,Active,167.19,Monthly
SUB003541,CU003541,PL02,2024-04-21,2026-08-03,Churned,179.03,Annual
SUB003542,CU003542,PL02,2024-11-15,,Active,133.03,Annual
SUB003543,CU003543,PL01,2025-07-15,2026-01-24,Churned,48.88,Annual
SUB003544,CU003544,PL02,2025-12-16,,Active,180.87,Annual
SUB003545,CU003545,PL02,2024-08-09,,Active,183.57,Monthly
SUB003546,CU003546,PL01,2024-11-19,,Active,50.01,Monthly
SUB003547,CU003547,PL04,2023-07-16,,Active,1212.35,Annual
SUB003548,CU003548,PL03,2024-12-30,,Active,358.19,Annual
SUB003549,CU003549,PL02,2022-04-15,,Active,150.46,Annual
SUB003550,CU003550,PL02,2023-03-18,2025-06-19,Churned,158.35,Annual
SUB003551,CU003551,PL01,2022-07-09,,Active,42.52,Annual
SUB003552,CU003552,PL03,2022-03-25,,Active,348.26,Annual
SUB003553,CU003553,PL02,2022-06-01,2025-05-29,Churned,140.45,Monthly
SUB003554,CU003554,PL01,2022-07-14,2023-03-03,Churned,60.96,Monthly
SUB003555,CU003555,PL02,2025-10-09,2026-05-23,Churned,154.09,Monthly
SUB003556,CU003556,PL01,2023-12-21,,Active,43.78,Annual
SUB003557,CU003557,PL04,2026-05-20,,Active,1369.91,Annual
SUB003558,CU003558,PL02,2025-09-28,,Active,139.04,Annual
SUB003559,CU003559,PL02,2022-05-01,,Active,140.32,Annual
SUB003560,CU003560,PL02,2026-04-13,,Active,182.82,Annual
SUB003561,CU003561,PL04,2023-06-30,2023-11-03,Churned,1276.47,Annual
SUB003562,CU003562,PL01,2025-12-18,2026-04-24,Churned,53.88,Annual
SUB003563,CU003563,PL02,2025-07-05,,Active,131.79,Annual
SUB003564,CU003564,PL03,2022-02-03,,Active,358.35,Annual
SUB003565,CU003565,PL01,2024-05-14,,Active,56.66,Annual
SUB003566,CU003566,PL01,2025-01-15,2025-11-10,Churned,46.43,Monthly
SUB003567,CU003567,PL01,2025-11-26,,Active,58.21,Monthly
SUB003568,CU003568,PL04,2023-05-09,,Active,1282.44,Annual
SUB003569,CU003569,PL01,2026-05-29,,Active,54.98,Monthly
SUB003570,CU003570,PL04,2023-03-29,,Active,1192.8,Monthly
SUB003571,CU003571,PL01,2024-02-08,2025-06-08,Churned,44.73,Annual
SUB003572,CU003572,PL03,2022-12-27,,Active,368.17,Monthly
SUB003573,CU003573,PL03,2023-03-19,2026-07-03,Churned,423.06,Annual
SUB003574,CU003574,PL02,2022-04-29,,Active,183.67,Annual
SUB003575,CU003575,PL01,2026-03-06,,Active,57.23,Annual
SUB003576,CU003576,PL03,2025-02-02,,Active,388.59,Annual
SUB003577,CU003577,PL02,2025-07-23,,Active,141.97,Monthly
SUB003578,CU003578,PL03,2026-04-25,,Active,384.62,Annual
SUB003579,CU003579,PL02,2023-11-18,,Active,144.44,Annual
SUB003580,CU003580,PL02,2024-06-19,,Active,170.01,Monthly
SUB003581,CU003581,PL02,2025-04-13,2026-05-03,Churned,128.58,Monthly
SUB003582,CU003582,PL01,2025-09-05,2026-07-02,Churned,49.13,Annual
SUB003583,CU003583,PL03,2022-12-30,,Active,396.14,Monthly
SUB003584,CU003584,PL01,2022-05-03,2023-05-30,Churned,59.71,Annual
SUB003585,CU003585,PL02,2024-03-12,,Active,130.83,Monthly
SUB003586,CU003586,PL03,2024-01-04,,Active,372.47,Annual
SUB003587,CU003587,PL02,2024-03-11,,Active,183.39,Annual
SUB003588,CU003588,PL02,2024-08-09,,Active,185.56,Annual
SUB003589,CU003589,PL03,2025-01-29,,Active,406.36,Annual
SUB003590,CU003590,PL02,2024-07-11,,Active,129.77,Annual
SUB003591,CU003591,PL02,2025-09-20,,Active,185.87,Monthly
SUB003592,CU003592,PL01,2023-10-05,,Active,58.01,Monthly
SUB003593,CU003593,PL02,2024-02-04,,Active,148.02,Annual
SUB003594,CU003594,PL01,2023-09-18,,Active,59.0,Monthly
SUB003595,CU003595,PL02,2023-05-16,,Active,179.23,Monthly
SUB003596,CU003596,PL01,2026-02-18,,Active,59.03,Monthly
SUB003597,CU003597,PL03,2025-05-27,,Active,453.85,Annual
SUB003598,CU003598,PL01,2023-12-01,,Active,46.74,Monthly
SUB003599,CU003599,PL01,2025-07-03,,Active,55.32,Annual
SUB003600,CU003600,PL01,2025-01-10,,Active,56.64,Annual
SUB003601,CU003601,PL01,2026-03-29,,Active,49.58,Monthly
SUB003602,CU003602,PL01,2023-11-09,,Active,50.22,Monthly
SUB003603,CU003603,PL03,2025-12-03,,Active,406.27,Annual
SUB003604,CU003604,PL01,2023-09-21,2026-07-03,Churned,47.79,Monthly
SUB003605,CU003605,PL01,2023-10-23,2025-06-18,Churned,44.35,Monthly
SUB003606,CU003606,PL02,2024-06-22,2025-04-21,Churned,133.83,Monthly
SUB003607,CU003607,PL03,2022-08-31,,Active,470.54,Monthly
SUB003608,CU003608,PL01,2023-04-30,,Active,57.82,Annual
SUB003609,CU003609,PL01,2023-01-12,,Active,50.95,Annual
SUB003610,CU003610,PL01,2022-11-26,,Active,45.51,Annual
SUB003611,CU003611,PL03,2024-10-12,2025-06-07,Churned,426.44,Annual
SUB003612,CU003612,PL03,2024-03-01,,Active,484.51,Monthly
SUB003613,CU003613,PL02,2025-08-24,,Active,144.16,Monthly
SUB003614,CU003614,PL02,2022-03-24,,Active,127.63,Annual
SUB003615,CU003615,PL02,2022-11-06,,Active,138.06,Monthly
SUB003616,CU003616,PL02,2024-03-20,,Active,182.05,Annual
SUB003617,CU003617,PL01,2022-07-29,,Active,58.1,Monthly
SUB003618,CU003618,PL01,2025-05-05,2026-02-01,Churned,55.39,Monthly
SUB003619,CU003619,PL04,2023-10-06,,Active,1139.81,Annual
SUB003620,CU003620,PL02,2023-08-21,,Active,133.61,Annual
SUB003621,CU003621,PL03,2023-01-14,,Active,413.16,Monthly
SUB003622,CU003622,PL03,2026-04-16,,Active,478.11,Monthly
SUB003623,CU003623,PL02,2025-09-03,,Active,171.34,Annual
SUB003624,CU003624,PL02,2025-07-22,2026-06-23,Churned,142.65,Annual
SUB003625,CU003625,PL02,2023-02-01,,Active,172.01,Annual
SUB003626,CU003626,PL02,2025-06-06,,Active,127.83,Monthly
SUB003627,CU003627,PL02,2024-10-05,,Active,169.59,Monthly
SUB003628,CU003628,PL03,2026-02-04,,Active,352.69,Monthly
SUB003629,CU003629,PL02,2023-02-25,,Active,167.88,Annual
SUB003630,CU003630,PL01,2026-03-27,,Active,48.35,Monthly
SUB003631,CU003631,PL01,2025-11-10,,Active,59.24,Annual
SUB003632,CU003632,PL01,2022-02-13,,Active,51.03,Monthly
SUB003633,CU003633,PL03,2026-04-12,,Active,376.57,Annual
SUB003634,CU003634,PL03,2024-02-26,,Active,440.91,Annual
SUB003635,CU003635,PL03,2024-05-08,,Active,349.62,Monthly
SUB003636,CU003636,PL01,2023-10-14,,Active,61.0,Monthly
SUB003637,CU003637,PL01,2022-11-06,,Active,51.38,Annual
SUB003638,CU003638,PL02,2026-02-06,,Active,144.21,Monthly
SUB003639,CU003639,PL01,2024-04-28,2024-07-29,Churned,58.64,Monthly
SUB003640,CU003640,PL01,2022-10-02,,Active,54.62,Annual
SUB003641,CU003641,PL02,2022-02-18,,Active,179.54,Monthly
SUB003642,CU003642,PL03,2022-06-01,,Active,402.05,Monthly
SUB003643,CU003643,PL01,2023-05-30,2024-09-18,Churned,53.14,Monthly
SUB003644,CU003644,PL02,2026-03-02,,Active,154.78,Annual
SUB003645,CU003645,PL03,2025-12-09,,Active,474.61,Monthly
SUB003646,CU003646,PL01,2023-03-21,,Active,51.82,Annual
SUB003647,CU003647,PL03,2025-03-07,,Active,385.16,Monthly
SUB003648,CU003648,PL03,2025-02-17,,Active,349.21,Monthly
SUB003649,CU003649,PL01,2025-07-08,,Active,59.9,Monthly
SUB003650,CU003650,PL01,2026-02-06,,Active,58.39,Annual
SUB003651,CU003651,PL03,2025-03-21,,Active,371.1,Annual
SUB003652,CU003652,PL02,2025-08-05,,Active,138.54,Monthly
SUB003653,CU003653,PL01,2022-01-30,,Active,43.79,Annual
SUB003654,CU003654,PL03,2022-10-03,,Active,435.04,Annual
SUB003655,CU003655,PL03,2023-05-05,,Active,498.38,Monthly
SUB003656,CU003656,PL01,2025-04-09,,Active,43.91,Monthly
SUB003657,CU003657,PL02,2022-02-18,,Active,129.76,Monthly
SUB003658,CU003658,PL01,2024-07-06,,Active,46.58,Monthly
SUB003659,CU003659,PL03,2025-03-08,,Active,465.51,Monthly
SUB003660,CU003660,PL01,2022-01-19,,Active,51.65,Monthly
SUB003661,CU003661,PL01,2026-01-13,,Active,60.3,Monthly
SUB003662,CU003662,PL03,2023-05-29,,Active,429.62,Annual
SUB003663,CU003663,PL01,2024-02-26,,Active,48.62,Monthly
SUB003664,CU003664,PL01,2022-10-09,,Active,59.0,Annual
SUB003665,CU003665,PL01,2022-03-02,2024-08-08,Churned,48.81,Monthly
SUB003666,CU003666,PL02,2022-03-15,,Active,133.02,Annual
SUB003667,CU003667,PL03,2026-03-22,,Active,474.16,Monthly
SUB003668,CU003668,PL04,2025-02-28,,Active,1488.92,Annual
SUB003669,CU003669,PL03,2025-06-01,,Active,425.17,Monthly
SUB003670,CU003670,PL01,2025-02-02,,Active,46.52,Annual
SUB003671,CU003671,PL02,2023-02-09,2025-05-29,Churned,135.93,Annual
SUB003672,CU003672,PL01,2025-06-24,,Active,43.42,Annual
SUB003673,CU003673,PL02,2025-04-13,,Active,173.51,Annual
SUB003674,CU003674,PL01,2026-03-24,,Active,43.14,Annual
SUB003675,CU003675,PL04,2023-05-03,,Active,1021.86,Monthly
SUB003676,CU003676,PL01,2023-01-13,2026-05-18,Churned,50.61,Annual
SUB003677,CU003677,PL02,2024-02-18,,Active,134.4,Monthly
SUB003678,CU003678,PL01,2025-05-19,2025-09-20,Churned,43.91,Monthly
SUB003679,CU003679,PL01,2024-12-28,,Active,49.61,Monthly
SUB003680,CU003680,PL02,2024-03-04,,Active,138.84,Annual
SUB003681,CU003681,PL02,2026-01-31,,Active,155.59,Monthly
SUB003682,CU003682,PL03,2023-01-08,,Active,378.53,Annual
SUB003683,CU003683,PL03,2024-09-14,,Active,423.13,Annual
SUB003684,CU003684,PL01,2024-04-12,,Active,56.99,Monthly
SUB003685,CU003685,PL02,2022-05-16,,Active,136.58,Monthly
SUB003686,CU003686,PL04,2025-06-16,,Active,1026.97,Annual
SUB003687,CU003687,PL03,2024-09-22,,Active,342.67,Annual
SUB003688,CU003688,PL01,2026-03-28,,Active,59.71,Annual
SUB003689,CU003689,PL02,2023-10-24,,Active,136.57,Monthly
SUB003690,CU003690,PL01,2022-03-04,,Active,60.22,Annual
SUB003691,CU003691,PL02,2022-03-23,,Active,139.38,Annual
SUB003692,CU003692,PL02,2024-02-07,,Active,180.58,Annual
SUB003693,CU003693,PL02,2026-01-09,,Active,182.3,Monthly
SUB003694,CU003694,PL02,2025-10-29,2026-07-19,Churned,144.7,Annual
SUB003695,CU003695,PL02,2025-05-13,,Active,165.31,Annual
SUB003696,CU003696,PL02,2024-02-11,,Active,180.86,Annual
SUB003697,CU003697,PL02,2022-04-08,2024-12-15,Churned,148.32,Annual
SUB003698,CU003698,PL01,2024-08-06,,Active,41.96,Annual
SUB003699,CU003699,PL02,2023-01-23,,Active,169.19,Annual
SUB003700,CU003700,PL03,2024-06-04,,Active,354.87,Monthly
SUB003701,CU003701,PL03,2026-04-22,,Active,463.97,Monthly
SUB003702,CU003702,PL01,2024-08-15,,Active,56.24,Annual
SUB003703,CU003703,PL01,2022-01-10,,Active,41.76,Annual
SUB003704,CU003704,PL01,2023-06-13,2025-02-11,Churned,45.7,Annual
SUB003705,CU003705,PL03,2023-12-31,,Active,373.26,Annual
SUB003706,CU003706,PL02,2023-11-20,,Active,170.75,Monthly
SUB003707,CU003707,PL02,2024-08-20,,Active,173.14,Monthly
SUB003708,CU003708,PL04,2024-02-28,,Active,1346.22,Monthly
SUB003709,CU003709,PL03,2026-06-15,,Active,366.62,Annual
SUB003710,CU003710,PL02,2026-02-21,,Active,138.52,Annual
SUB003711,CU003711,PL01,2026-04-08,,Active,43.44,Annual
SUB003712,CU003712,PL02,2026-01-09,,Active,142.08,Annual
SUB003713,CU003713,PL02,2025-12-03,,Active,185.26,Monthly
SUB003714,CU003714,PL01,2022-10-13,,Active,58.61,Monthly
SUB003715,CU003715,PL02,2022-10-29,,Active,153.21,Annual
SUB003716,CU003716,PL03,2024-03-01,,Active,486.85,Annual
SUB003717,CU003717,PL02,2026-02-02,,Active,133.09,Monthly
SUB003718,CU003718,PL02,2023-01-24,,Active,156.07,Monthly
SUB003719,CU003719,PL02,2023-09-09,,Active,185.19,Monthly
SUB003720,CU003720,PL01,2026-06-26,,Active,43.08,Annual
SUB003721,CU003721,PL03,2024-11-02,,Active,433.53,Annual
SUB003722,CU003722,PL03,2023-08-27,,Active,425.6,Monthly
SUB003723,CU003723,PL01,2022-02-12,,Active,46.6,Monthly
SUB003724,CU003724,PL01,2024-03-11,2025-04-30,Churned,56.35,Monthly
SUB003725,CU003725,PL02,2022-08-14,,Active,138.19,Monthly
SUB003726,CU003726,PL01,2023-06-04,,Active,50.11,Monthly
SUB003727,CU003727,PL03,2023-09-29,,Active,388.5,Annual
SUB003728,CU003728,PL02,2025-05-31,,Active,128.82,Annual
SUB003729,CU003729,PL03,2022-11-27,,Active,413.9,Annual
SUB003730,CU003730,PL01,2024-08-13,2026-07-06,Churned,47.08,Monthly
SUB003731,CU003731,PL03,2025-04-13,,Active,340.99,Monthly
SUB003732,CU003732,PL02,2025-11-08,,Active,133.79,Annual
SUB003733,CU003733,PL02,2023-05-19,,Active,171.59,Monthly
SUB003734,CU003734,PL01,2026-01-26,2026-05-08,Churned,44.97,Monthly
SUB003735,CU003735,PL02,2023-05-23,2026-02-11,Churned,128.71,Monthly
SUB003736,CU003736,PL02,2023-02-24,,Active,137.51,Annual
SUB003737,CU003737,PL03,2023-07-02,,Active,365.38,Monthly
SUB003738,CU003738,PL01,2025-06-03,,Active,57.46,Monthly
SUB003739,CU003739,PL02,2025-03-07,,Active,162.36,Annual
SUB003740,CU003740,PL03,2025-02-09,2026-01-10,Churned,468.61,Monthly
SUB003741,CU003741,PL02,2022-03-20,,Active,161.15,Monthly
SUB003742,CU003742,PL02,2024-05-13,,Active,132.22,Monthly
SUB003743,CU003743,PL02,2026-05-12,,Active,169.08,Annual
SUB003744,CU003744,PL02,2025-07-31,,Active,169.58,Monthly
SUB003745,CU003745,PL01,2025-11-02,,Active,49.76,Annual
SUB003746,CU003746,PL02,2025-06-02,2025-12-28,Churned,178.8,Monthly
SUB003747,CU003747,PL04,2025-10-05,,Active,1312.06,Annual
SUB003748,CU003748,PL03,2024-12-11,,Active,484.54,Monthly
SUB003749,CU003749,PL01,2023-03-13,,Active,58.47,Annual
SUB003750,CU003750,PL01,2025-03-08,2026-05-08,Churned,55.78,Monthly
SUB003751,CU003751,PL04,2022-11-06,2023-03-07,Churned,1293.5,Annual
SUB003752,CU003752,PL02,2023-05-26,,Active,173.52,Monthly
SUB003753,CU003753,PL02,2025-12-08,,Active,128.32,Annual
SUB003754,CU003754,PL01,2024-04-23,2024-11-09,Churned,54.25,Monthly
SUB003755,CU003755,PL03,2022-06-12,,Active,448.82,Annual
SUB003756,CU003756,PL04,2022-01-01,2023-08-17,Churned,1268.55,Annual
SUB003757,CU003757,PL02,2024-01-17,,Active,130.76,Annual
SUB003758,CU003758,PL02,2024-06-04,,Active,168.11,Monthly
SUB003759,CU003759,PL02,2025-09-12,,Active,137.85,Annual
SUB003760,CU003760,PL02,2022-09-18,,Active,159.71,Annual
SUB003761,CU003761,PL03,2023-07-10,,Active,478.78,Annual
SUB003762,CU003762,PL03,2022-10-13,,Active,402.53,Monthly
SUB003763,CU003763,PL02,2025-10-05,,Active,151.11,Monthly
SUB003764,CU003764,PL01,2026-02-27,2026-08-30,Churned,48.39,Annual
SUB003765,CU003765,PL01,2025-12-10,,Active,55.33,Annual
SUB003766,CU003766,PL02,2023-04-03,,Active,164.04,Monthly
SUB003767,CU003767,PL04,2022-08-03,2022-12-22,Churned,1306.73,Annual
SUB003768,CU003768,PL01,2022-04-08,2023-07-11,Churned,45.99,Annual
SUB003769,CU003769,PL03,2025-11-04,,Active,480.08,Monthly
SUB003770,CU003770,PL03,2024-04-12,,Active,366.38,Annual
SUB003771,CU003771,PL03,2022-07-29,,Active,439.82,Annual
SUB003772,CU003772,PL01,2026-02-01,,Active,42.69,Monthly
SUB003773,CU003773,PL01,2026-03-03,,Active,58.78,Annual
SUB003774,CU003774,PL03,2025-01-27,,Active,472.01,Monthly
SUB003775,CU003775,PL01,2022-10-11,,Active,49.48,Monthly
SUB003776,CU003776,PL02,2022-08-07,,Active,168.89,Monthly
SUB003777,CU003777,PL02,2024-04-02,,Active,148.05,Annual
SUB003778,CU003778,PL03,2026-02-05,,Active,486.59,Monthly
SUB003779,CU003779,PL02,2024-08-21,,Active,170.69,Annual
SUB003780,CU003780,PL03,2025-03-28,,Active,401.43,Annual
SUB003781,CU003781,PL01,2023-01-11,,Active,56.64,Monthly
SUB003782,CU003782,PL02,2025-11-13,2026-05-16,Churned,147.53,Monthly
SUB003783,CU003783,PL03,2024-12-25,,Active,418.37,Annual
SUB003784,CU003784,PL01,2026-03-28,,Active,48.93,Monthly
SUB003785,CU003785,PL03,2023-06-17,2024-07-01,Churned,407.79,Monthly
SUB003786,CU003786,PL01,2022-07-03,,Active,46.86,Annual
SUB003787,CU003787,PL01,2025-09-12,,Active,52.88,Annual
SUB003788,CU003788,PL03,2026-05-01,,Active,497.01,Annual
SUB003789,CU003789,PL02,2024-05-09,,Active,171.47,Annual
SUB003790,CU003790,PL02,2022-08-28,,Active,185.64,Annual
SUB003791,CU003791,PL01,2022-08-21,,Active,48.07,Monthly
SUB003792,CU003792,PL01,2023-11-28,,Active,49.63,Monthly
SUB003793,CU003793,PL02,2024-04-30,2026-02-07,Churned,133.07,Monthly
SUB003794,CU003794,PL01,2022-04-02,,Active,60.21,Annual
SUB003795,CU003795,PL01,2025-09-19,2026-05-05,Churned,51.66,Monthly
SUB003796,CU003796,PL02,2025-12-22,,Active,156.95,Annual
SUB003797,CU003797,PL03,2022-05-17,,Active,459.04,Monthly
SUB003798,CU003798,PL02,2022-02-02,,Active,156.37,Annual
SUB003799,CU003799,PL01,2026-03-26,,Active,48.86,Monthly
SUB003800,CU003800,PL02,2026-01-12,,Active,139.77,Annual
SUB003801,CU003801,PL03,2023-07-28,,Active,399.38,Annual
SUB003802,CU003802,PL01,2022-02-06,2025-08-22,Churned,58.77,Annual
SUB003803,CU003803,PL02,2022-09-25,2026-03-28,Churned,159.15,Annual
SUB003804,CU003804,PL04,2025-06-25,,Active,1483.62,Monthly
SUB003805,CU003805,PL02,2023-03-07,,Active,157.17,Monthly
SUB003806,CU003806,PL03,2024-11-22,,Active,468.1,Monthly
SUB003807,CU003807,PL01,2024-06-13,,Active,59.63,Monthly
SUB003808,CU003808,PL02,2023-10-25,,Active,183.44,Annual
SUB003809,CU003809,PL02,2022-03-18,2024-06-30,Churned,130.88,Monthly
SUB003810,CU003810,PL01,2026-01-04,,Active,57.31,Annual
SUB003811,CU003811,PL01,2025-01-04,2025-06-15,Churned,46.22,Monthly
SUB003812,CU003812,PL02,2024-09-20,,Active,175.03,Monthly
SUB003813,CU003813,PL01,2022-02-25,2022-08-14,Churned,55.16,Monthly
SUB003814,CU003814,PL02,2022-12-21,2023-11-07,Churned,157.55,Annual
SUB003815,CU003815,PL01,2023-12-04,2024-06-11,Churned,52.35,Annual
SUB003816,CU003816,PL02,2023-09-04,,Active,171.02,Monthly
SUB003817,CU003817,PL02,2022-08-17,,Active,183.91,Monthly
SUB003818,CU003818,PL04,2023-09-23,2024-02-29,Churned,1468.45,Annual
SUB003819,CU003819,PL02,2022-03-01,,Active,164.37,Monthly
SUB003820,CU003820,PL01,2024-12-27,2025-12-10,Churned,59.19,Annual
SUB003821,CU003821,PL02,2025-01-28,,Active,169.39,Annual
SUB003822,CU003822,PL01,2023-05-04,,Active,59.68,Monthly
SUB003823,CU003823,PL04,2024-04-12,,Active,1245.58,Annual
SUB003824,CU003824,PL01,2023-03-30,,Active,53.61,Monthly
SUB003825,CU003825,PL01,2026-06-29,,Active,49.78,Monthly
SUB003826,CU003826,PL02,2022-11-23,,Active,158.97,Monthly
SUB003827,CU003827,PL03,2024-03-31,,Active,460.29,Annual
SUB003828,CU003828,PL03,2024-07-14,,Active,360.84,Monthly
SUB003829,CU003829,PL01,2024-03-30,,Active,53.11,Monthly
SUB003830,CU003830,PL03,2025-04-29,,Active,460.62,Annual
SUB003831,CU003831,PL03,2025-02-25,,Active,469.5,Monthly
SUB003832,CU003832,PL02,2025-10-01,,Active,128.44,Annual
SUB003833,CU003833,PL02,2022-05-29,,Active,158.69,Annual
SUB003834,CU003834,PL03,2026-06-19,,Active,414.73,Annual
SUB003835,CU003835,PL03,2023-08-21,,Active,484.29,Monthly
SUB003836,CU003836,PL04,2025-12-21,,Active,1099.11,Monthly
SUB003837,CU003837,PL01,2026-04-09,,Active,56.98,Monthly
SUB003838,CU003838,PL02,2026-05-27,,Active,153.1,Annual
SUB003839,CU003839,PL02,2025-03-17,,Active,164.22,Monthly
SUB003840,CU003840,PL04,2022-08-04,2024-12-09,Churned,1439.29,Monthly
SUB003841,CU003841,PL02,2025-08-14,2025-12-23,Churned,129.09,Monthly
SUB003842,CU003842,PL04,2022-04-15,,Active,1493.74,Annual
SUB003843,CU003843,PL03,2025-10-13,,Active,393.38,Monthly
SUB003844,CU003844,PL03,2024-12-08,,Active,491.14,Monthly
SUB003845,CU003845,PL02,2024-10-02,,Active,127.15,Monthly
SUB003846,CU003846,PL01,2022-09-02,,Active,46.18,Monthly
SUB003847,CU003847,PL03,2023-07-30,,Active,381.66,Annual
SUB003848,CU003848,PL02,2025-07-15,,Active,159.97,Annual
SUB003849,CU003849,PL01,2025-05-23,2025-12-13,Churned,54.83,Monthly
SUB003850,CU003850,PL02,2023-02-11,,Active,141.97,Annual
SUB003851,CU003851,PL01,2025-12-21,,Active,44.85,Annual
SUB003852,CU003852,PL04,2022-08-27,,Active,1306.47,Annual
SUB003853,CU003853,PL03,2024-03-23,,Active,496.63,Monthly
SUB003854,CU003854,PL01,2025-08-28,,Active,45.06,Monthly
SUB003855,CU003855,PL02,2024-08-01,,Active,180.25,Monthly
SUB003856,CU003856,PL01,2022-01-21,,Active,52.4,Annual
SUB003857,CU003857,PL02,2025-03-22,,Active,157.45,Monthly
SUB003858,CU003858,PL03,2023-04-09,2024-12-11,Churned,493.15,Annual
SUB003859,CU003859,PL04,2026-03-20,,Active,1497.31,Annual
SUB003860,CU003860,PL03,2022-03-22,,Active,349.36,Annual
SUB003861,CU003861,PL03,2022-08-15,,Active,417.66,Annual
SUB003862,CU003862,PL02,2025-11-13,,Active,133.46,Annual
SUB003863,CU003863,PL02,2022-08-27,,Active,176.66,Annual
SUB003864,CU003864,PL03,2024-12-19,,Active,379.57,Monthly
SUB003865,CU003865,PL03,2026-06-08,,Active,378.05,Monthly
SUB003866,CU003866,PL01,2022-08-29,,Active,54.2,Monthly
SUB003867,CU003867,PL01,2023-07-23,,Active,57.14,Monthly
SUB003868,CU003868,PL01,2024-04-04,2025-03-03,Churned,51.23,Monthly
SUB003869,CU003869,PL04,2024-05-27,,Active,1411.72,Monthly
SUB003870,CU003870,PL04,2022-05-20,,Active,1472.53,Annual
SUB003871,CU003871,PL03,2025-05-16,,Active,421.65,Annual
SUB003872,CU003872,PL02,2022-02-25,2024-02-25,Churned,144.58,Monthly
SUB003873,CU003873,PL02,2025-01-30,,Active,134.33,Annual
SUB003874,CU003874,PL04,2026-03-24,,Active,1496.86,Monthly
SUB003875,CU003875,PL02,2022-10-29,,Active,158.28,Annual
SUB003876,CU003876,PL01,2023-09-23,2026-01-31,Churned,53.13,Annual
SUB003877,CU003877,PL02,2023-11-05,2026-05-30,Churned,173.5,Monthly
SUB003878,CU003878,PL02,2026-05-18,,Active,161.22,Annual
SUB003879,CU003879,PL01,2023-08-04,2024-11-04,Churned,56.16,Annual
SUB003880,CU003880,PL03,2022-03-15,,Active,434.39,Monthly
SUB003881,CU003881,PL01,2024-11-22,,Active,41.92,Monthly
SUB003882,CU003882,PL01,2025-12-03,,Active,45.28,Annual
SUB003883,CU003883,PL01,2022-07-24,2023-01-02,Churned,42.35,Monthly
SUB003884,CU003884,PL01,2026-04-21,,Active,59.99,Annual
SUB003885,CU003885,PL02,2025-08-25,,Active,148.95,Annual
SUB003886,CU003886,PL02,2026-01-25,2026-05-23,Churned,166.69,Annual
SUB003887,CU003887,PL02,2026-01-27,,Active,139.99,Annual
SUB003888,CU003888,PL02,2023-12-25,2024-06-22,Churned,180.1,Annual
SUB003889,CU003889,PL02,2024-04-15,,Active,140.13,Annual
SUB003890,CU003890,PL03,2025-08-16,,Active,453.37,Monthly
SUB003891,CU003891,PL02,2024-05-26,,Active,161.77,Monthly
SUB003892,CU003892,PL02,2025-05-28,,Active,159.69,Monthly
SUB003893,CU003893,PL02,2023-02-05,2025-02-26,Churned,169.81,Annual
SUB003894,CU003894,PL01,2023-04-17,2025-12-17,Churned,42.33,Annual
SUB003895,CU003895,PL01,2022-12-29,,Active,52.52,Monthly
SUB003896,CU003896,PL03,2024-12-13,,Active,475.86,Monthly
SUB003897,CU003897,PL01,2022-06-18,,Active,50.11,Monthly
SUB003898,CU003898,PL01,2022-05-19,,Active,58.41,Annual
SUB003899,CU003899,PL03,2025-04-24,,Active,407.23,Monthly
SUB003900,CU003900,PL03,2022-12-13,,Active,427.36,Monthly
SUB003901,CU003901,PL01,2023-07-22,,Active,49.81,Annual
SUB003902,CU003902,PL02,2023-08-12,2026-02-06,Churned,147.45,Monthly
SUB003903,CU003903,PL02,2022-04-04,,Active,178.41,Monthly
SUB003904,CU003904,PL03,2025-02-11,,Active,364.28,Annual
SUB003905,CU003905,PL04,2024-04-14,,Active,1143.07,Annual
SUB003906,CU003906,PL01,2026-02-20,,Active,42.24,Monthly
SUB003907,CU003907,PL04,2022-02-16,,Active,1025.35,Monthly
SUB003908,CU003908,PL03,2026-06-09,,Active,343.88,Monthly
SUB003909,CU003909,PL03,2026-04-15,,Active,483.11,Annual
SUB003910,CU003910,PL02,2023-07-12,,Active,172.23,Monthly
SUB003911,CU003911,PL02,2023-09-29,,Active,139.62,Annual
SUB003912,CU003912,PL01,2022-07-01,,Active,41.86,Monthly
SUB003913,CU003913,PL03,2022-10-15,,Active,462.11,Annual
SUB003914,CU003914,PL01,2026-02-20,,Active,47.08,Monthly
SUB003915,CU003915,PL02,2025-05-11,,Active,127.83,Annual
SUB003916,CU003916,PL02,2024-11-22,,Active,129.45,Monthly
SUB003917,CU003917,PL01,2023-05-29,,Active,49.02,Annual
SUB003918,CU003918,PL01,2023-12-24,2024-05-30,Churned,44.2,Annual
SUB003919,CU003919,PL04,2024-07-14,,Active,1378.13,Monthly
SUB003920,CU003920,PL01,2024-05-15,2026-08-28,Churned,46.48,Annual
SUB003921,CU003921,PL03,2022-02-03,,Active,356.69,Annual
SUB003922,CU003922,PL02,2025-04-20,,Active,127.82,Monthly
SUB003923,CU003923,PL03,2025-02-20,2026-04-22,Churned,413.6,Monthly
SUB003924,CU003924,PL01,2023-03-21,2023-10-21,Churned,52.26,Monthly
SUB003925,CU003925,PL01,2023-03-17,,Active,58.8,Monthly
SUB003926,CU003926,PL02,2025-07-26,,Active,157.81,Annual
SUB003927,CU003927,PL01,2025-09-16,2026-02-09,Churned,55.42,Monthly
SUB003928,CU003928,PL01,2025-08-19,2025-12-23,Churned,49.9,Annual
SUB003929,CU003929,PL03,2025-07-22,,Active,342.5,Annual
SUB003930,CU003930,PL02,2023-08-10,2026-05-02,Churned,132.74,Monthly
SUB003931,CU003931,PL01,2025-07-27,,Active,43.05,Annual
SUB003932,CU003932,PL04,2022-03-31,,Active,1319.36,Monthly
SUB003933,CU003933,PL02,2025-09-25,,Active,174.19,Monthly
SUB003934,CU003934,PL01,2022-10-23,,Active,52.63,Monthly
SUB003935,CU003935,PL02,2022-12-21,,Active,165.4,Monthly
SUB003936,CU003936,PL01,2025-04-03,2026-01-06,Churned,48.28,Monthly
SUB003937,CU003937,PL03,2023-10-07,,Active,452.55,Monthly
SUB003938,CU003938,PL01,2024-06-14,,Active,59.15,Monthly
SUB003939,CU003939,PL02,2022-12-07,2023-11-01,Churned,144.17,Monthly
SUB003940,CU003940,PL02,2026-01-17,,Active,175.27,Monthly
SUB003941,CU003941,PL03,2025-04-06,,Active,444.47,Annual
SUB003942,CU003942,PL02,2023-04-04,,Active,179.01,Monthly
SUB003943,CU003943,PL03,2023-05-26,,Active,444.2,Monthly
SUB003944,CU003944,PL02,2024-12-10,,Active,161.03,Annual
SUB003945,CU003945,PL02,2024-06-01,,Active,131.89,Monthly
SUB003946,CU003946,PL01,2024-03-24,,Active,45.5,Monthly
SUB003947,CU003947,PL01,2024-10-19,,Active,57.69,Monthly
SUB003948,CU003948,PL02,2025-11-02,,Active,148.57,Monthly
SUB003949,CU003949,PL01,2022-08-21,2024-08-18,Churned,59.49,Monthly
SUB003950,CU003950,PL01,2024-05-30,,Active,47.9,Annual
SUB003951,CU003951,PL02,2025-05-21,2026-06-15,Churned,154.29,Annual
SUB003952,CU003952,PL01,2025-04-28,2026-03-15,Churned,45.24,Annual
SUB003953,CU003953,PL03,2023-11-28,,Active,473.43,Annual
SUB003954,CU003954,PL02,2023-10-15,,Active,153.76,Monthly
SUB003955,CU003955,PL02,2026-06-18,,Active,176.97,Annual
SUB003956,CU003956,PL03,2025-04-23,2025-10-09,Churned,406.82,Monthly
SUB003957,CU003957,PL02,2023-12-08,,Active,133.16,Annual
SUB003958,CU003958,PL03,2026-04-03,,Active,343.35,Annual
SUB003959,CU003959,PL02,2024-09-12,,Active,134.12,Monthly
SUB003960,CU003960,PL02,2025-09-07,,Active,170.43,Annual
SUB003961,CU003961,PL03,2024-08-10,,Active,438.61,Monthly
SUB003962,CU003962,PL02,2023-05-24,,Active,178.64,Annual
SUB003963,CU003963,PL02,2023-01-24,,Active,134.36,Annual
SUB003964,CU003964,PL02,2024-04-03,,Active,156.28,Annual
SUB003965,CU003965,PL01,2025-08-09,,Active,59.08,Annual
SUB003966,CU003966,PL01,2024-12-30,2026-01-13,Churned,43.07,Annual
SUB003967,CU003967,PL03,2024-01-04,,Active,368.78,Monthly
SUB003968,CU003968,PL03,2023-01-24,,Active,464.34,Annual
SUB003969,CU003969,PL01,2023-03-24,,Active,51.63,Monthly
SUB003970,CU003970,PL01,2024-01-28,,Active,50.4,Annual
SUB003971,CU003971,PL01,2022-12-09,,Active,51.82,Monthly
SUB003972,CU003972,PL04,2024-11-02,,Active,1319.35,Annual
SUB003973,CU003973,PL01,2024-01-20,,Active,44.85,Annual
SUB003974,CU003974,PL02,2025-06-30,,Active,150.64,Annual
SUB003975,CU003975,PL03,2025-02-25,,Active,471.45,Annual
SUB003976,CU003976,PL02,2025-01-30,2026-06-19,Churned,160.37,Monthly
SUB003977,CU003977,PL04,2022-12-27,,Active,1137.78,Monthly
SUB003978,CU003978,PL02,2023-11-07,,Active,162.84,Monthly
SUB003979,CU003979,PL03,2025-11-23,,Active,483.7,Monthly
SUB003980,CU003980,PL04,2025-02-22,2026-08-30,Churned,1294.57,Annual
SUB003981,CU003981,PL02,2022-06-15,,Active,179.45,Monthly
SUB003982,CU003982,PL02,2023-06-05,,Active,180.17,Monthly
SUB003983,CU003983,PL02,2025-04-03,2026-07-13,Churned,145.76,Annual
SUB003984,CU003984,PL01,2024-04-03,,Active,59.03,Monthly
SUB003985,CU003985,PL01,2023-03-26,,Active,49.61,Monthly
SUB003986,CU003986,PL02,2022-12-20,,Active,147.59,Annual
SUB003987,CU003987,PL02,2022-09-12,,Active,160.87,Monthly
SUB003988,CU003988,PL02,2026-06-14,,Active,134.41,Monthly
SUB003989,CU003989,PL02,2022-04-09,,Active,137.98,Annual
SUB003990,CU003990,PL03,2026-02-27,,Active,482.96,Annual
SUB003991,CU003991,PL02,2024-03-31,2026-05-05,Churned,183.2,Annual
SUB003992,CU003992,PL01,2025-03-27,,Active,50.31,Annual
SUB003993,CU003993,PL02,2022-08-19,,Active,169.24,Monthly
SUB003994,CU003994,PL02,2024-04-07,,Active,159.57,Annual
SUB003995,CU003995,PL01,2022-01-13,,Active,49.76,Monthly
SUB003996,CU003996,PL01,2025-04-22,,Active,46.07,Annual
SUB003997,CU003997,PL03,2024-06-16,,Active,469.94,Monthly
SUB003998,CU003998,PL02,2025-02-17,,Active,174.75,Monthly
SUB003999,CU003999,PL03,2025-07-07,,Active,431.87,Monthly
SUB004000,CU004000,PL02,2023-04-04,2024-12-02,Churned,150.96,Annual
SUB004001,CU004001,PL01,2023-09-24,,Active,48.96,Annual
SUB004002,CU004002,PL03,2026-04-13,,Active,488.22,Annual
SUB004003,CU004003,PL01,2026-01-01,2026-06-27,Churned,56.1,Annual
SUB004004,CU004004,PL01,2022-04-25,,Active,45.86,Annual
SUB004005,CU004005,PL03,2026-03-03,2026-08-23,Churned,438.6,Monthly
SUB004006,CU004006,PL01,2024-02-05,,Active,52.92,Monthly
SUB004007,CU004007,PL02,2022-09-15,2025-06-16,Churned,148.97,Annual
SUB004008,CU004008,PL03,2023-05-19,,Active,429.01,Annual
SUB004009,CU004009,PL03,2022-04-30,,Active,401.09,Annual
SUB004010,CU004010,PL01,2024-05-07,,Active,44.95,Monthly
SUB004011,CU004011,PL01,2025-09-09,,Active,44.81,Monthly
SUB004012,CU004012,PL03,2022-09-09,,Active,379.82,Annual
SUB004013,CU004013,PL02,2025-05-20,,Active,160.46,Annual
SUB004014,CU004014,PL03,2024-07-12,,Active,466.84,Annual
SUB004015,CU004015,PL01,2022-08-01,,Active,51.32,Annual
SUB004016,CU004016,PL02,2025-04-03,,Active,165.33,Monthly
SUB004017,CU004017,PL01,2025-12-15,,Active,41.82,Monthly
SUB004018,CU004018,PL04,2024-12-20,,Active,1247.14,Annual
SUB004019,CU004019,PL02,2024-10-24,,Active,140.0,Annual
SUB004020,CU004020,PL01,2022-02-10,,Active,48.1,Monthly
SUB004021,CU004021,PL01,2022-09-12,,Active,48.5,Monthly
SUB004022,CU004022,PL01,2022-07-04,,Active,55.46,Monthly
SUB004023,CU004023,PL01,2024-03-08,,Active,46.93,Annual
SUB004024,CU004024,PL01,2024-07-20,,Active,56.75,Monthly
SUB004025,CU004025,PL01,2023-02-16,,Active,54.96,Monthly
SUB004026,CU004026,PL02,2024-06-26,2025-08-13,Churned,182.36,Annual
SUB004027,CU004027,PL02,2023-06-09,,Active,183.86,Monthly
SUB004028,CU004028,PL03,2026-06-18,,Active,429.18,Monthly
SUB004029,CU004029,PL01,2023-07-18,2026-02-21,Churned,60.81,Annual
SUB004030,CU004030,PL02,2023-08-22,,Active,167.31,Monthly
SUB004031,CU004031,PL02,2022-04-11,,Active,156.61,Monthly
SUB004032,CU004032,PL01,2024-04-15,,Active,60.86,Annual
SUB004033,CU004033,PL02,2026-03-01,,Active,133.2,Monthly
SUB004034,CU004034,PL01,2025-03-17,,Active,45.52,Annual
SUB004035,CU004035,PL03,2023-10-27,,Active,365.43,Monthly
SUB004036,CU004036,PL03,2026-05-17,,Active,488.38,Annual
SUB004037,CU004037,PL01,2025-11-25,,Active,48.9,Monthly
SUB004038,CU004038,PL04,2023-08-08,,Active,1383.41,Annual
SUB004039,CU004039,PL01,2024-12-17,,Active,53.2,Annual
SUB004040,CU004040,PL02,2022-09-17,,Active,130.17,Monthly
SUB004041,CU004041,PL03,2026-02-08,,Active,389.48,Monthly
SUB004042,CU004042,PL02,2022-04-25,,Active,171.78,Annual
SUB004043,CU004043,PL02,2025-03-14,,Active,132.54,Monthly
SUB004044,CU004044,PL02,2025-12-22,2026-04-23,Churned,180.48,Annual
SUB004045,CU004045,PL02,2025-03-05,,Active,175.59,Annual
SUB004046,CU004046,PL02,2022-01-03,,Active,145.4,Monthly
SUB004047,CU004047,PL01,2025-12-21,2026-06-23,Churned,58.25,Annual
SUB004048,CU004048,PL03,2025-07-22,,Active,427.48,Monthly
SUB004049,CU004049,PL03,2024-08-04,2026-04-21,Churned,391.16,Monthly
SUB004050,CU004050,PL02,2026-03-11,,Active,146.86,Monthly
SUB004051,CU004051,PL02,2026-06-26,,Active,163.24,Monthly
SUB004052,CU004052,PL01,2024-02-11,,Active,58.14,Monthly
SUB004053,CU004053,PL01,2022-01-29,,Active,50.99,Monthly
SUB004054,CU004054,PL01,2024-06-30,,Active,45.34,Monthly
SUB004055,CU004055,PL04,2022-03-12,,Active,1270.03,Monthly
SUB004056,CU004056,PL01,2022-03-07,,Active,52.1,Annual
SUB004057,CU004057,PL02,2025-09-27,,Active,132.03,Annual
SUB004058,CU004058,PL02,2026-06-14,,Active,179.73,Monthly
SUB004059,CU004059,PL02,2022-12-31,,Active,130.26,Annual
SUB004060,CU004060,PL02,2024-04-19,,Active,180.93,Monthly
SUB004061,CU004061,PL02,2023-04-07,,Active,129.02,Monthly
SUB004062,CU004062,PL02,2025-02-27,,Active,178.92,Annual
SUB004063,CU004063,PL01,2025-11-20,2026-03-06,Churned,43.6,Annual
SUB004064,CU004064,PL01,2024-08-20,,Active,60.1,Annual
SUB004065,CU004065,PL01,2025-06-21,,Active,60.5,Monthly
SUB004066,CU004066,PL01,2022-12-16,2024-01-13,Churned,53.24,Annual
SUB004067,CU004067,PL02,2024-05-20,,Active,149.36,Annual
SUB004068,CU004068,PL03,2022-08-04,2026-06-04,Churned,342.43,Annual
SUB004069,CU004069,PL03,2023-07-30,,Active,433.26,Annual
SUB004070,CU004070,PL01,2024-05-04,2025-05-21,Churned,55.59,Monthly
SUB004071,CU004071,PL03,2024-06-12,,Active,456.03,Annual
SUB004072,CU004072,PL01,2025-11-06,2026-06-20,Churned,47.77,Annual
SUB004073,CU004073,PL02,2023-08-06,,Active,163.75,Annual
SUB004074,CU004074,PL01,2026-01-15,,Active,46.33,Monthly
SUB004075,CU004075,PL01,2026-03-06,,Active,58.39,Annual
SUB004076,CU004076,PL01,2024-06-28,,Active,53.32,Annual
SUB004077,CU004077,PL02,2025-12-02,,Active,170.3,Monthly
SUB004078,CU004078,PL03,2023-12-25,,Active,438.09,Annual
SUB004079,CU004079,PL02,2023-04-06,,Active,129.29,Annual
SUB004080,CU004080,PL02,2023-07-18,,Active,151.51,Monthly
SUB004081,CU004081,PL02,2024-06-13,,Active,160.67,Monthly
SUB004082,CU004082,PL04,2024-04-26,,Active,1067.93,Annual
SUB004083,CU004083,PL01,2023-01-20,,Active,50.33,Annual
SUB004084,CU004084,PL04,2024-04-06,2024-08-19,Churned,1039.54,Annual
SUB004085,CU004085,PL01,2025-03-06,,Active,50.47,Annual
SUB004086,CU004086,PL02,2023-04-30,,Active,173.6,Annual
SUB004087,CU004087,PL04,2023-08-14,,Active,1257.71,Annual
SUB004088,CU004088,PL01,2026-05-25,,Active,42.63,Monthly
SUB004089,CU004089,PL01,2022-01-04,2025-06-04,Churned,44.48,Monthly
SUB004090,CU004090,PL01,2023-11-20,2024-10-10,Churned,50.74,Annual
SUB004091,CU004091,PL02,2023-07-20,,Active,182.42,Annual
SUB004092,CU004092,PL01,2022-08-12,,Active,45.57,Monthly
SUB004093,CU004093,PL01,2024-12-28,,Active,57.68,Annual
SUB004094,CU004094,PL01,2023-11-11,2024-04-17,Churned,44.05,Monthly
SUB004095,CU004095,PL01,2024-08-11,,Active,50.0,Annual
SUB004096,CU004096,PL01,2024-10-07,,Active,44.41,Monthly
SUB004097,CU004097,PL02,2023-09-13,,Active,158.64,Monthly
SUB004098,CU004098,PL02,2023-01-04,2026-07-21,Churned,161.33,Monthly
SUB004099,CU004099,PL01,2023-03-15,,Active,48.51,Annual
SUB004100,CU004100,PL03,2024-05-27,2026-04-02,Churned,429.22,Monthly
SUB004101,CU004101,PL03,2022-07-12,,Active,456.71,Annual
SUB004102,CU004102,PL03,2026-02-08,,Active,403.18,Monthly
SUB004103,CU004103,PL02,2024-08-14,,Active,131.54,Monthly
SUB004104,CU004104,PL01,2024-03-20,,Active,53.91,Annual
SUB004105,CU004105,PL03,2025-03-31,,Active,483.55,Annual
SUB004106,CU004106,PL02,2023-11-11,,Active,136.95,Annual
SUB004107,CU004107,PL01,2023-08-24,2026-05-23,Churned,58.23,Annual
SUB004108,CU004108,PL03,2025-07-19,,Active,493.24,Annual
SUB004109,CU004109,PL02,2024-09-25,,Active,150.22,Monthly
SUB004110,CU004110,PL02,2023-08-29,,Active,184.83,Annual
SUB004111,CU004111,PL02,2022-02-11,,Active,133.31,Annual
SUB004112,CU004112,PL03,2026-02-28,,Active,423.16,Annual
SUB004113,CU004113,PL01,2023-08-11,,Active,52.06,Monthly
SUB004114,CU004114,PL02,2026-02-08,2026-05-12,Churned,170.33,Annual
SUB004115,CU004115,PL01,2024-07-30,,Active,51.8,Monthly
SUB004116,CU004116,PL01,2022-01-17,2023-02-15,Churned,43.54,Annual
SUB004117,CU004117,PL02,2024-11-03,2025-08-04,Churned,150.91,Monthly
SUB004118,CU004118,PL01,2024-08-29,,Active,50.08,Monthly
SUB004119,CU004119,PL03,2025-06-30,,Active,416.8,Annual
SUB004120,CU004120,PL02,2023-04-12,,Active,132.29,Annual
SUB004121,CU004121,PL02,2024-01-11,,Active,178.51,Annual
SUB004122,CU004122,PL03,2023-09-21,,Active,383.2,Annual
SUB004123,CU004123,PL01,2025-12-15,,Active,56.35,Annual
SUB004124,CU004124,PL03,2024-01-28,2025-03-07,Churned,475.55,Annual
SUB004125,CU004125,PL02,2026-06-15,,Active,140.55,Annual
SUB004126,CU004126,PL01,2022-01-21,,Active,53.25,Annual
SUB004127,CU004127,PL03,2022-03-26,,Active,404.78,Annual
SUB004128,CU004128,PL01,2022-11-18,,Active,44.48,Annual
SUB004129,CU004129,PL04,2024-05-26,,Active,1205.28,Monthly
SUB004130,CU004130,PL03,2024-10-04,,Active,478.57,Annual
SUB004131,CU004131,PL02,2025-04-03,,Active,127.93,Annual
SUB004132,CU004132,PL02,2024-04-15,,Active,144.21,Annual
SUB004133,CU004133,PL03,2022-04-08,,Active,360.91,Monthly
SUB004134,CU004134,PL02,2024-02-23,,Active,134.16,Annual
SUB004135,CU004135,PL02,2024-01-25,2024-09-29,Churned,152.35,Annual
SUB004136,CU004136,PL02,2025-06-09,2026-04-03,Churned,173.65,Monthly
SUB004137,CU004137,PL01,2025-03-08,,Active,48.04,Monthly
SUB004138,CU004138,PL01,2023-12-03,,Active,58.16,Monthly
SUB004139,CU004139,PL01,2024-06-14,,Active,51.43,Monthly
SUB004140,CU004140,PL01,2024-12-31,,Active,43.56,Monthly
SUB004141,CU004141,PL02,2024-07-24,,Active,149.36,Monthly
SUB004142,CU004142,PL03,2025-01-13,,Active,363.28,Annual
SUB004143,CU004143,PL01,2024-09-11,,Active,50.95,Monthly
SUB004144,CU004144,PL03,2022-04-21,2025-08-06,Churned,369.14,Monthly
SUB004145,CU004145,PL03,2024-01-18,,Active,423.09,Annual
SUB004146,CU004146,PL01,2024-09-05,,Active,57.93,Monthly
SUB004147,CU004147,PL01,2024-11-18,,Active,47.04,Monthly
SUB004148,CU004148,PL02,2022-10-19,,Active,138.65,Monthly
SUB004149,CU004149,PL03,2026-03-12,,Active,460.27,Annual
SUB004150,CU004150,PL01,2024-10-05,,Active,51.26,Annual
SUB004151,CU004151,PL01,2023-09-28,,Active,51.26,Monthly
SUB004152,CU004152,PL04,2023-06-03,,Active,1215.56,Annual
SUB004153,CU004153,PL03,2026-01-06,2026-05-18,Churned,339.99,Monthly
SUB004154,CU004154,PL03,2024-12-30,,Active,426.81,Monthly
SUB004155,CU004155,PL03,2022-04-08,,Active,394.74,Monthly
SUB004156,CU004156,PL02,2026-03-17,,Active,138.91,Annual
SUB004157,CU004157,PL02,2024-10-29,,Active,160.69,Monthly
SUB004158,CU004158,PL03,2026-01-03,,Active,470.5,Annual
SUB004159,CU004159,PL02,2023-06-08,,Active,130.35,Monthly
SUB004160,CU004160,PL03,2026-05-23,,Active,491.66,Monthly
SUB004161,CU004161,PL02,2025-07-04,,Active,148.18,Annual
SUB004162,CU004162,PL02,2023-02-10,,Active,142.56,Monthly
SUB004163,CU004163,PL03,2025-04-28,,Active,406.22,Annual
SUB004164,CU004164,PL02,2023-09-06,,Active,171.91,Monthly
SUB004165,CU004165,PL03,2026-02-17,,Active,384.32,Monthly
SUB004166,CU004166,PL01,2024-03-12,,Active,54.49,Annual
SUB004167,CU004167,PL02,2022-12-05,,Active,148.0,Monthly
SUB004168,CU004168,PL02,2024-04-11,2024-09-27,Churned,184.17,Monthly
SUB004169,CU004169,PL02,2023-02-06,,Active,174.61,Annual
SUB004170,CU004170,PL01,2022-10-28,,Active,51.23,Monthly
SUB004171,CU004171,PL02,2023-10-21,2025-09-06,Churned,183.15,Annual
SUB004172,CU004172,PL02,2023-09-13,,Active,129.37,Monthly
SUB004173,CU004173,PL04,2024-05-29,,Active,1264.34,Monthly
SUB004174,CU004174,PL01,2023-08-09,,Active,50.95,Monthly
SUB004175,CU004175,PL01,2023-08-13,,Active,46.52,Monthly
SUB004176,CU004176,PL03,2025-07-30,2026-04-03,Churned,491.98,Annual
SUB004177,CU004177,PL01,2026-02-24,,Active,54.77,Monthly
SUB004178,CU004178,PL04,2023-01-25,,Active,1159.26,Annual
SUB004179,CU004179,PL01,2023-09-15,,Active,46.25,Annual
SUB004180,CU004180,PL01,2024-01-22,,Active,45.45,Annual
SUB004181,CU004181,PL01,2024-01-19,,Active,56.52,Monthly
SUB004182,CU004182,PL03,2024-12-12,,Active,395.48,Annual
SUB004183,CU004183,PL03,2026-05-02,,Active,385.49,Monthly
SUB004184,CU004184,PL01,2022-07-01,,Active,48.28,Monthly
SUB004185,CU004185,PL01,2022-04-07,,Active,46.62,Annual
SUB004186,CU004186,PL02,2022-12-12,,Active,177.37,Monthly
SUB004187,CU004187,PL03,2023-09-21,2026-07-22,Churned,493.84,Monthly
SUB004188,CU004188,PL01,2022-01-26,2024-08-28,Churned,57.69,Monthly
SUB004189,CU004189,PL02,2026-06-09,,Active,185.21,Annual
SUB004190,CU004190,PL02,2022-05-15,,Active,143.49,Monthly
SUB004191,CU004191,PL01,2024-12-29,,Active,60.75,Annual
SUB004192,CU004192,PL02,2023-05-08,2025-09-11,Churned,137.0,Monthly
SUB004193,CU004193,PL04,2022-07-14,,Active,1166.44,Annual
SUB004194,CU004194,PL01,2022-12-24,2024-11-20,Churned,51.82,Annual
SUB004195,CU004195,PL01,2024-03-15,,Active,44.04,Annual
SUB004196,CU004196,PL02,2025-08-06,,Active,162.63,Monthly
SUB004197,CU004197,PL02,2022-03-07,,Active,186.11,Monthly
SUB004198,CU004198,PL04,2025-11-18,,Active,1420.48,Monthly
SUB004199,CU004199,PL03,2024-08-21,2025-09-22,Churned,496.41,Monthly
SUB004200,CU004200,PL02,2025-05-27,,Active,185.46,Monthly
SUB004201,CU004201,PL03,2024-02-26,,Active,431.41,Annual
SUB004202,CU004202,PL02,2024-04-01,,Active,164.53,Monthly
SUB004203,CU004203,PL02,2022-06-13,,Active,144.22,Annual
SUB004204,CU004204,PL03,2022-06-16,,Active,362.28,Annual
SUB004205,CU004205,PL01,2022-04-13,2026-02-13,Churned,51.97,Annual
SUB004206,CU004206,PL03,2023-07-25,,Active,450.01,Monthly
SUB004207,CU004207,PL01,2023-03-27,2026-02-12,Churned,51.15,Annual
SUB004208,CU004208,PL02,2026-04-01,,Active,154.44,Monthly
SUB004209,CU004209,PL01,2022-03-21,,Active,50.97,Monthly
SUB004210,CU004210,PL01,2026-06-01,,Active,57.45,Monthly
SUB004211,CU004211,PL02,2025-06-07,2026-07-27,Churned,180.74,Annual
SUB004212,CU004212,PL02,2024-02-18,2025-06-08,Churned,174.99,Annual
SUB004213,CU004213,PL02,2023-10-18,,Active,140.16,Annual
SUB004214,CU004214,PL03,2022-11-22,,Active,449.56,Annual
SUB004215,CU004215,PL04,2023-07-11,,Active,1141.41,Monthly
SUB004216,CU004216,PL03,2024-06-10,,Active,456.64,Annual
SUB004217,CU004217,PL01,2023-11-30,2024-11-12,Churned,48.09,Monthly
SUB004218,CU004218,PL01,2023-08-03,2025-07-14,Churned,48.91,Monthly
SUB004219,CU004219,PL03,2022-05-15,,Active,477.95,Monthly
SUB004220,CU004220,PL02,2024-08-16,,Active,185.9,Monthly
SUB004221,CU004221,PL02,2024-10-06,,Active,169.25,Annual
SUB004222,CU004222,PL01,2026-02-20,,Active,48.14,Monthly
SUB004223,CU004223,PL02,2025-07-09,,Active,178.64,Monthly
SUB004224,CU004224,PL02,2026-01-07,,Active,166.18,Annual
SUB004225,CU004225,PL01,2023-08-16,2024-05-31,Churned,43.74,Annual
SUB004226,CU004226,PL02,2024-01-04,,Active,181.61,Annual
SUB004227,CU004227,PL02,2025-04-14,,Active,172.27,Monthly
SUB004228,CU004228,PL02,2023-12-31,,Active,127.34,Annual
SUB004229,CU004229,PL01,2026-05-24,,Active,46.29,Monthly
SUB004230,CU004230,PL02,2025-07-22,,Active,145.07,Annual
SUB004231,CU004231,PL01,2024-08-17,2025-04-18,Churned,44.44,Monthly
SUB004232,CU004232,PL02,2022-01-13,,Active,185.64,Annual
SUB004233,CU004233,PL02,2024-06-09,2026-08-10,Churned,175.68,Monthly
SUB004234,CU004234,PL01,2023-08-27,,Active,60.5,Monthly
SUB004235,CU004235,PL03,2025-07-18,,Active,427.59,Annual
SUB004236,CU004236,PL03,2024-09-07,,Active,422.39,Annual
SUB004237,CU004237,PL03,2026-05-26,,Active,348.09,Annual
SUB004238,CU004238,PL02,2025-11-19,,Active,127.1,Annual
SUB004239,CU004239,PL04,2026-05-07,,Active,1304.14,Monthly
SUB004240,CU004240,PL03,2023-10-18,,Active,405.73,Monthly
SUB004241,CU004241,PL02,2024-02-26,,Active,170.82,Monthly
SUB004242,CU004242,PL02,2022-06-22,,Active,166.28,Annual
SUB004243,CU004243,PL02,2024-03-14,,Active,182.29,Annual
SUB004244,CU004244,PL02,2023-11-20,,Active,184.84,Monthly
SUB004245,CU004245,PL02,2025-03-19,,Active,153.67,Annual
SUB004246,CU004246,PL02,2022-08-16,,Active,158.01,Monthly
SUB004247,CU004247,PL01,2024-08-12,,Active,57.74,Monthly
SUB004248,CU004248,PL03,2025-06-05,,Active,468.11,Monthly
SUB004249,CU004249,PL03,2022-06-20,,Active,395.8,Monthly
SUB004250,CU004250,PL02,2025-08-16,,Active,164.44,Monthly
SUB004251,CU004251,PL01,2024-10-06,,Active,51.69,Annual
SUB004252,CU004252,PL01,2026-01-21,,Active,48.56,Annual
SUB004253,CU004253,PL02,2026-04-12,,Active,153.11,Monthly
SUB004254,CU004254,PL02,2024-12-02,,Active,165.43,Annual
SUB004255,CU004255,PL01,2024-04-06,,Active,49.74,Annual
SUB004256,CU004256,PL01,2024-11-30,,Active,51.84,Annual
SUB004257,CU004257,PL02,2024-09-09,2025-08-22,Churned,158.79,Monthly
SUB004258,CU004258,PL01,2023-08-09,,Active,53.4,Monthly
SUB004259,CU004259,PL03,2024-04-15,,Active,443.43,Monthly
SUB004260,CU004260,PL01,2023-05-22,,Active,59.22,Annual
SUB004261,CU004261,PL02,2025-06-14,2025-12-16,Churned,179.95,Monthly
SUB004262,CU004262,PL02,2025-05-16,2025-08-28,Churned,163.13,Annual
SUB004263,CU004263,PL01,2022-09-14,,Active,44.75,Annual
SUB004264,CU004264,PL03,2024-11-14,,Active,343.41,Annual
SUB004265,CU004265,PL03,2022-03-03,,Active,490.79,Annual
SUB004266,CU004266,PL03,2022-06-13,,Active,410.78,Annual
SUB004267,CU004267,PL01,2024-12-26,,Active,60.56,Monthly
SUB004268,CU004268,PL01,2022-01-25,,Active,55.92,Annual
SUB004269,CU004269,PL03,2025-07-08,,Active,384.22,Monthly
SUB004270,CU004270,PL02,2026-04-20,,Active,146.35,Annual
SUB004271,CU004271,PL02,2025-09-07,,Active,137.17,Monthly
SUB004272,CU004272,PL02,2025-10-15,,Active,137.73,Monthly
SUB004273,CU004273,PL04,2022-04-14,2022-09-11,Churned,1325.99,Monthly
SUB004274,CU004274,PL02,2024-07-29,,Active,127.7,Annual
SUB004275,CU004275,PL03,2022-01-02,,Active,472.75,Annual
SUB004276,CU004276,PL01,2022-11-13,2024-04-07,Churned,50.15,Monthly
SUB004277,CU004277,PL01,2023-10-30,,Active,56.35,Monthly
SUB004278,CU004278,PL02,2022-05-18,,Active,143.18,Annual
SUB004279,CU004279,PL03,2022-08-25,,Active,413.15,Annual
SUB004280,CU004280,PL01,2026-01-23,,Active,55.29,Annual
SUB004281,CU004281,PL02,2023-11-02,,Active,127.43,Monthly
SUB004282,CU004282,PL01,2022-06-18,,Active,59.96,Annual
SUB004283,CU004283,PL03,2025-03-27,,Active,376.75,Monthly
SUB004284,CU004284,PL01,2026-03-23,,Active,57.93,Annual
SUB004285,CU004285,PL03,2025-03-25,,Active,377.2,Monthly
SUB004286,CU004286,PL01,2025-12-02,,Active,47.4,Monthly
SUB004287,CU004287,PL03,2023-10-21,,Active,393.78,Annual
SUB004288,CU004288,PL03,2023-08-04,,Active,361.55,Monthly
SUB004289,CU004289,PL02,2023-02-07,,Active,127.39,Annual
SUB004290,CU004290,PL01,2024-12-18,,Active,46.75,Annual
SUB004291,CU004291,PL03,2025-01-02,,Active,341.63,Annual
SUB004292,CU004292,PL02,2022-04-26,,Active,183.83,Monthly
SUB004293,CU004293,PL01,2025-07-26,2025-10-29,Churned,59.16,Annual
SUB004294,CU004294,PL02,2022-05-07,,Active,181.73,Monthly
SUB004295,CU004295,PL01,2022-04-01,,Active,55.31,Annual
SUB004296,CU004296,PL03,2023-11-20,,Active,488.38,Annual
SUB004297,CU004297,PL01,2025-03-31,2026-07-27,Churned,54.83,Annual
SUB004298,CU004298,PL04,2025-05-31,,Active,1154.0,Annual
SUB004299,CU004299,PL01,2022-10-26,,Active,46.23,Monthly
SUB004300,CU004300,PL01,2024-08-18,,Active,50.6,Monthly
SUB004301,CU004301,PL01,2023-04-29,,Active,60.98,Annual
SUB004302,CU004302,PL01,2025-06-23,,Active,59.33,Annual
SUB004303,CU004303,PL03,2024-02-19,,Active,490.03,Annual
SUB004304,CU004304,PL01,2026-01-27,2026-07-19,Churned,51.68,Monthly
SUB004305,CU004305,PL01,2022-02-02,2023-03-28,Churned,49.88,Monthly
SUB004306,CU004306,PL01,2026-06-05,,Active,50.77,Monthly
SUB004307,CU004307,PL02,2023-05-01,,Active,131.83,Monthly
SUB004308,CU004308,PL01,2022-06-27,2022-10-20,Churned,59.52,Monthly
SUB004309,CU004309,PL01,2023-01-30,,Active,42.11,Annual
SUB004310,CU004310,PL03,2023-07-29,,Active,350.03,Annual
SUB004311,CU004311,PL02,2024-02-26,,Active,164.41,Monthly
SUB004312,CU004312,PL02,2022-07-24,,Active,180.38,Annual
SUB004313,CU004313,PL03,2022-12-31,,Active,438.83,Annual
SUB004314,CU004314,PL04,2023-02-18,2025-03-29,Churned,1244.89,Monthly
SUB004315,CU004315,PL03,2023-04-21,,Active,495.4,Annual
SUB004316,CU004316,PL03,2022-08-26,2023-11-29,Churned,359.74,Monthly
SUB004317,CU004317,PL02,2025-07-18,,Active,155.71,Monthly
SUB004318,CU004318,PL01,2022-02-18,,Active,54.67,Monthly
SUB004319,CU004319,PL01,2023-06-12,,Active,50.69,Annual
SUB004320,CU004320,PL01,2024-11-18,2025-02-23,Churned,58.19,Monthly
SUB004321,CU004321,PL03,2024-12-16,,Active,371.81,Monthly
SUB004322,CU004322,PL02,2024-01-05,,Active,155.42,Monthly
SUB004323,CU004323,PL01,2022-04-16,2023-09-07,Churned,55.1,Monthly
SUB004324,CU004324,PL02,2024-04-07,,Active,140.07,Annual
SUB004325,CU004325,PL02,2024-12-18,2025-11-12,Churned,149.35,Annual
SUB004326,CU004326,PL01,2022-12-21,,Active,44.81,Monthly
SUB004327,CU004327,PL02,2026-04-30,,Active,137.85,Monthly
SUB004328,CU004328,PL02,2023-03-05,,Active,167.45,Annual
SUB004329,CU004329,PL01,2022-02-27,,Active,44.17,Annual
SUB004330,CU004330,PL02,2023-09-13,,Active,138.9,Monthly
SUB004331,CU004331,PL03,2022-10-18,,Active,353.88,Annual
SUB004332,CU004332,PL03,2022-04-28,,Active,412.6,Monthly
SUB004333,CU004333,PL02,2022-06-28,,Active,137.76,Annual
SUB004334,CU004334,PL01,2024-05-13,,Active,46.36,Monthly
SUB004335,CU004335,PL01,2025-06-02,,Active,58.0,Annual
SUB004336,CU004336,PL01,2022-02-17,,Active,47.45,Annual
SUB004337,CU004337,PL02,2024-11-18,,Active,157.16,Annual
SUB004338,CU004338,PL04,2025-05-02,,Active,1050.83,Annual
SUB004339,CU004339,PL02,2024-01-03,,Active,173.66,Monthly
SUB004340,CU004340,PL01,2022-04-10,,Active,53.39,Monthly
SUB004341,CU004341,PL01,2025-01-21,,Active,48.08,Annual
SUB004342,CU004342,PL02,2026-02-12,,Active,134.51,Monthly
SUB004343,CU004343,PL02,2025-05-31,2025-12-01,Churned,132.48,Annual
SUB004344,CU004344,PL02,2023-11-14,2025-09-27,Churned,164.85,Annual
SUB004345,CU004345,PL02,2025-05-11,,Active,136.67,Monthly
SUB004346,CU004346,PL01,2026-02-25,,Active,46.08,Monthly
SUB004347,CU004347,PL01,2023-10-11,2025-03-17,Churned,46.26,Annual
SUB004348,CU004348,PL03,2022-02-27,,Active,444.28,Monthly
SUB004349,CU004349,PL01,2024-06-20,,Active,48.85,Annual
SUB004350,CU004350,PL03,2024-02-02,2026-02-07,Churned,358.07,Monthly
SUB004351,CU004351,PL01,2023-07-08,2024-09-05,Churned,49.66,Monthly
SUB004352,CU004352,PL01,2025-08-23,,Active,56.35,Annual
SUB004353,CU004353,PL03,2022-12-05,,Active,350.73,Annual
SUB004354,CU004354,PL02,2022-09-21,,Active,161.95,Monthly
SUB004355,CU004355,PL02,2023-09-25,,Active,128.41,Monthly
SUB004356,CU004356,PL02,2022-12-03,,Active,127.71,Annual
SUB004357,CU004357,PL03,2024-04-03,,Active,391.04,Annual
SUB004358,CU004358,PL01,2023-06-27,,Active,46.59,Annual
SUB004359,CU004359,PL01,2022-06-10,2025-11-13,Churned,50.29,Annual
SUB004360,CU004360,PL02,2026-03-02,,Active,166.52,Monthly
SUB004361,CU004361,PL01,2025-09-12,2026-07-12,Churned,52.72,Annual
SUB004362,CU004362,PL02,2024-06-13,2026-07-04,Churned,180.87,Annual
SUB004363,CU004363,PL02,2022-12-29,2025-04-11,Churned,166.5,Monthly
SUB004364,CU004364,PL01,2026-03-03,,Active,55.67,Monthly
SUB004365,CU004365,PL04,2026-05-19,,Active,1465.23,Monthly
SUB004366,CU004366,PL01,2023-06-07,2025-01-09,Churned,55.78,Monthly
SUB004367,CU004367,PL03,2025-02-20,2025-07-18,Churned,445.81,Annual
SUB004368,CU004368,PL01,2023-03-20,2025-04-27,Churned,55.89,Monthly
SUB004369,CU004369,PL03,2024-12-16,,Active,352.44,Annual
SUB004370,CU004370,PL03,2023-05-01,,Active,473.76,Annual
SUB004371,CU004371,PL04,2023-08-20,,Active,1059.01,Monthly
SUB004372,CU004372,PL01,2026-02-11,,Active,56.13,Annual
SUB004373,CU004373,PL04,2025-06-03,,Active,1498.16,Annual
SUB004374,CU004374,PL02,2023-12-07,,Active,163.14,Annual
SUB004375,CU004375,PL01,2024-06-26,,Active,44.3,Monthly
SUB004376,CU004376,PL03,2026-06-03,,Active,372.36,Annual
SUB004377,CU004377,PL03,2022-02-04,2024-05-11,Churned,477.78,Monthly
SUB004378,CU004378,PL01,2025-01-05,2026-07-17,Churned,42.47,Monthly
SUB004379,CU004379,PL02,2026-02-03,2026-07-23,Churned,186.0,Monthly
SUB004380,CU004380,PL03,2026-03-13,,Active,346.5,Annual
SUB004381,CU004381,PL03,2025-03-24,,Active,372.13,Monthly
SUB004382,CU004382,PL04,2024-12-12,,Active,1315.68,Annual
SUB004383,CU004383,PL02,2023-12-13,,Active,176.14,Annual
SUB004384,CU004384,PL02,2024-08-29,,Active,167.95,Monthly
SUB004385,CU004385,PL01,2025-10-28,,Active,46.66,Monthly
SUB004386,CU004386,PL02,2024-09-28,,Active,174.16,Monthly
SUB004387,CU004387,PL02,2023-07-22,,Active,183.3,Monthly
SUB004388,CU004388,PL01,2022-12-06,,Active,42.78,Annual
SUB004389,CU004389,PL03,2024-12-29,,Active,353.3,Annual
SUB004390,CU004390,PL01,2025-10-08,2026-04-02,Churned,49.75,Monthly
SUB004391,CU004391,PL02,2023-09-22,2025-05-04,Churned,151.11,Annual
SUB004392,CU004392,PL01,2026-05-05,,Active,49.07,Monthly
SUB004393,CU004393,PL03,2024-08-10,2025-04-14,Churned,390.06,Monthly
SUB004394,CU004394,PL04,2026-02-11,,Active,1423.09,Monthly
SUB004395,CU004395,PL01,2024-04-09,,Active,44.94,Annual
SUB004396,CU004396,PL01,2023-06-09,2025-08-28,Churned,54.78,Monthly
SUB004397,CU004397,PL02,2024-10-13,2025-07-16,Churned,147.02,Annual
SUB004398,CU004398,PL04,2023-12-09,,Active,1039.43,Annual
SUB004399,CU004399,PL02,2024-01-26,,Active,132.74,Monthly
SUB004400,CU004400,PL04,2024-08-16,,Active,1323.37,Monthly
SUB004401,CU004401,PL02,2025-04-17,,Active,132.59,Annual
SUB004402,CU004402,PL01,2025-08-18,,Active,49.84,Annual
SUB004403,CU004403,PL01,2025-07-17,2026-07-23,Churned,42.21,Monthly
SUB004404,CU004404,PL02,2023-04-30,,Active,164.42,Annual
SUB004405,CU004405,PL01,2026-03-28,,Active,41.91,Annual
SUB004406,CU004406,PL01,2024-11-25,2025-09-15,Churned,60.44,Monthly
SUB004407,CU004407,PL01,2023-05-14,2023-12-22,Churned,47.17,Annual
SUB004408,CU004408,PL01,2024-02-06,,Active,56.32,Annual
SUB004409,CU004409,PL03,2024-03-06,,Active,461.94,Annual
SUB004410,CU004410,PL01,2022-09-22,,Active,49.46,Monthly
SUB004411,CU004411,PL01,2023-10-30,,Active,45.21,Annual
SUB004412,CU004412,PL01,2026-04-12,,Active,55.59,Monthly
SUB004413,CU004413,PL02,2024-12-26,,Active,137.66,Monthly
SUB004414,CU004414,PL03,2023-11-06,,Active,444.65,Annual
SUB004415,CU004415,PL02,2022-06-05,,Active,174.39,Monthly
SUB004416,CU004416,PL03,2025-08-21,,Active,497.09,Annual
SUB004417,CU004417,PL02,2024-07-04,,Active,171.19,Monthly
SUB004418,CU004418,PL01,2024-06-03,,Active,51.91,Monthly
SUB004419,CU004419,PL01,2024-12-03,,Active,55.82,Monthly
SUB004420,CU004420,PL02,2024-11-03,,Active,160.14,Annual
SUB004421,CU004421,PL02,2023-07-30,,Active,162.47,Annual
SUB004422,CU004422,PL01,2025-11-19,,Active,58.08,Annual
SUB004423,CU004423,PL01,2025-12-04,2026-07-24,Churned,59.73,Monthly
SUB004424,CU004424,PL03,2026-01-21,,Active,423.88,Monthly
SUB004425,CU004425,PL02,2025-01-07,,Active,158.11,Annual
SUB004426,CU004426,PL01,2026-04-27,,Active,54.82,Monthly
SUB004427,CU004427,PL03,2022-07-03,,Active,466.73,Monthly
SUB004428,CU004428,PL01,2025-10-08,2026-08-23,Churned,50.29,Annual
SUB004429,CU004429,PL01,2025-08-15,,Active,56.05,Monthly
SUB004430,CU004430,PL01,2026-01-28,2026-05-14,Churned,43.52,Monthly
SUB004431,CU004431,PL02,2025-06-19,,Active,164.98,Annual
SUB004432,CU004432,PL01,2025-05-08,,Active,42.94,Annual
SUB004433,CU004433,PL01,2024-12-22,,Active,53.81,Annual
SUB004434,CU004434,PL03,2025-03-17,,Active,494.92,Monthly
SUB004435,CU004435,PL02,2026-06-21,,Active,142.45,Annual
SUB004436,CU004436,PL01,2025-08-05,,Active,50.3,Annual
SUB004437,CU004437,PL01,2024-05-14,,Active,53.67,Annual
SUB004438,CU004438,PL03,2022-08-16,,Active,416.88,Annual
SUB004439,CU004439,PL02,2023-01-30,,Active,148.47,Annual
SUB004440,CU004440,PL01,2023-03-05,,Active,49.11,Annual
SUB004441,CU004441,PL02,2024-08-15,,Active,142.13,Monthly
SUB004442,CU004442,PL03,2024-06-23,,Active,410.83,Monthly
SUB004443,CU004443,PL01,2025-08-24,,Active,50.39,Annual
SUB004444,CU004444,PL01,2025-08-15,,Active,48.76,Annual
SUB004445,CU004445,PL03,2026-03-27,,Active,397.15,Monthly
SUB004446,CU004446,PL01,2022-07-31,2024-06-30,Churned,52.38,Annual
SUB004447,CU004447,PL03,2022-09-07,,Active,394.01,Annual
SUB004448,CU004448,PL03,2023-02-05,,Active,392.33,Annual
SUB004449,CU004449,PL03,2024-02-18,2024-12-25,Churned,472.62,Monthly
SUB004450,CU004450,PL02,2025-08-04,2026-01-29,Churned,136.2,Monthly
SUB004451,CU004451,PL02,2023-04-11,,Active,144.02,Annual
SUB004452,CU004452,PL03,2025-11-24,,Active,382.8,Annual
SUB004453,CU004453,PL01,2024-07-27,,Active,50.18,Monthly
SUB004454,CU004454,PL02,2024-11-30,2026-01-14,Churned,134.32,Annual
SUB004455,CU004455,PL01,2022-02-12,,Active,52.27,Annual
SUB004456,CU004456,PL03,2022-10-22,,Active,472.56,Annual
SUB004457,CU004457,PL04,2023-08-10,,Active,1102.17,Monthly
SUB004458,CU004458,PL04,2025-11-15,,Active,1493.54,Monthly
SUB004459,CU004459,PL04,2023-11-21,,Active,1191.49,Annual
SUB004460,CU004460,PL01,2025-08-19,,Active,45.82,Annual
SUB004461,CU004461,PL02,2022-02-26,,Active,163.41,Annual
SUB004462,CU004462,PL03,2024-05-30,,Active,359.66,Monthly
SUB004463,CU004463,PL03,2024-11-24,,Active,350.68,Annual
SUB004464,CU004464,PL03,2022-07-19,,Active,463.44,Monthly
SUB004465,CU004465,PL01,2024-07-07,2026-08-04,Churned,53.51,Annual
SUB004466,CU004466,PL02,2024-01-21,,Active,161.83,Annual
SUB004467,CU004467,PL02,2022-11-28,,Active,158.27,Monthly
SUB004468,CU004468,PL01,2022-07-13,2024-09-07,Churned,45.55,Monthly
SUB004469,CU004469,PL02,2022-07-27,,Active,133.6,Annual
SUB004470,CU004470,PL04,2023-06-05,,Active,1250.27,Monthly
SUB004471,CU004471,PL02,2025-06-21,,Active,178.14,Annual
SUB004472,CU004472,PL03,2023-06-03,,Active,438.77,Monthly
SUB004473,CU004473,PL03,2023-01-22,,Active,438.46,Annual
SUB004474,CU004474,PL01,2023-04-02,,Active,55.77,Monthly
SUB004475,CU004475,PL01,2022-05-10,,Active,41.71,Monthly
SUB004476,CU004476,PL03,2022-06-11,,Active,487.87,Annual
SUB004477,CU004477,PL02,2023-12-26,,Active,185.3,Annual
SUB004478,CU004478,PL04,2022-07-26,,Active,1439.27,Monthly
SUB004479,CU004479,PL01,2024-04-30,2025-09-09,Churned,47.18,Monthly
SUB004480,CU004480,PL03,2024-03-01,,Active,485.62,Annual
SUB004481,CU004481,PL02,2023-10-02,,Active,160.14,Monthly
SUB004482,CU004482,PL03,2026-04-01,,Active,383.87,Annual
SUB004483,CU004483,PL02,2025-07-19,,Active,184.52,Annual
SUB004484,CU004484,PL01,2024-08-18,2025-02-02,Churned,44.78,Annual
SUB004485,CU004485,PL02,2025-08-05,,Active,142.81,Monthly
SUB004486,CU004486,PL02,2023-04-21,,Active,166.9,Annual
SUB004487,CU004487,PL02,2023-09-29,,Active,156.81,Monthly
SUB004488,CU004488,PL01,2022-03-13,,Active,54.6,Annual
SUB004489,CU004489,PL02,2022-08-01,,Active,147.03,Monthly
SUB004490,CU004490,PL03,2024-05-15,,Active,391.85,Monthly
SUB004491,CU004491,PL02,2024-06-07,,Active,134.61,Annual
SUB004492,CU004492,PL03,2022-03-16,2023-10-31,Churned,345.95,Monthly
SUB004493,CU004493,PL04,2024-12-04,,Active,1393.22,Annual
SUB004494,CU004494,PL01,2022-03-25,2024-08-18,Churned,52.09,Annual
SUB004495,CU004495,PL02,2022-04-17,,Active,176.16,Annual
SUB004496,CU004496,PL03,2022-04-04,,Active,408.76,Annual
SUB004497,CU004497,PL02,2024-09-28,,Active,157.17,Monthly
SUB004498,CU004498,PL03,2022-01-14,,Active,477.12,Annual
SUB004499,CU004499,PL02,2025-05-26,,Active,151.56,Monthly
SUB004500,CU004500,PL02,2023-08-02,,Active,144.89,Annual
SUB004501,CU004501,PL02,2022-08-30,,Active,151.33,Monthly
SUB004502,CU004502,PL01,2025-03-29,,Active,47.69,Annual
SUB004503,CU004503,PL01,2022-05-19,2025-07-22,Churned,57.88,Monthly
SUB004504,CU004504,PL02,2022-03-28,2026-02-07,Churned,168.51,Annual
SUB004505,CU004505,PL03,2023-06-25,,Active,409.92,Annual
SUB004506,CU004506,PL02,2023-06-14,,Active,171.04,Annual
SUB004507,CU004507,PL01,2024-03-26,,Active,45.69,Monthly
SUB004508,CU004508,PL01,2025-08-01,,Active,49.23,Annual
SUB004509,CU004509,PL02,2023-07-28,2024-04-09,Churned,164.33,Annual
SUB004510,CU004510,PL01,2026-01-17,,Active,46.26,Monthly
SUB004511,CU004511,PL02,2023-09-13,,Active,167.09,Monthly
SUB004512,CU004512,PL03,2022-07-02,,Active,345.77,Monthly
SUB004513,CU004513,PL04,2022-04-14,,Active,1027.05,Monthly
SUB004514,CU004514,PL01,2023-07-23,,Active,47.09,Monthly
SUB004515,CU004515,PL01,2024-11-12,,Active,55.38,Monthly
SUB004516,CU004516,PL02,2023-07-08,,Active,152.79,Annual
SUB004517,CU004517,PL01,2025-10-28,2026-02-05,Churned,54.44,Monthly
SUB004518,CU004518,PL01,2023-07-08,,Active,60.7,Monthly
SUB004519,CU004519,PL02,2023-07-24,,Active,172.19,Monthly
SUB004520,CU004520,PL04,2023-04-12,,Active,1170.37,Monthly
SUB004521,CU004521,PL02,2026-06-11,,Active,152.59,Annual
SUB004522,CU004522,PL02,2025-09-13,,Active,178.67,Monthly
SUB004523,CU004523,PL03,2025-09-27,,Active,405.33,Monthly
SUB004524,CU004524,PL02,2026-04-30,,Active,180.39,Monthly
SUB004525,CU004525,PL02,2025-02-04,,Active,143.56,Monthly
SUB004526,CU004526,PL02,2022-12-01,,Active,139.98,Monthly
SUB004527,CU004527,PL02,2023-12-28,,Active,136.92,Monthly
SUB004528,CU004528,PL03,2022-04-06,,Active,429.8,Monthly
SUB004529,CU004529,PL01,2025-02-18,2025-11-15,Churned,53.74,Monthly
SUB004530,CU004530,PL01,2024-08-21,2025-12-14,Churned,44.33,Annual
SUB004531,CU004531,PL04,2022-08-20,,Active,1122.13,Monthly
SUB004532,CU004532,PL03,2022-04-22,,Active,383.65,Monthly
SUB004533,CU004533,PL01,2025-09-20,2026-05-29,Churned,59.28,Annual
SUB004534,CU004534,PL01,2022-02-18,,Active,58.54,Annual
SUB004535,CU004535,PL01,2024-06-22,,Active,44.79,Annual
SUB004536,CU004536,PL01,2024-03-24,,Active,54.13,Monthly
SUB004537,CU004537,PL03,2025-10-01,,Active,368.97,Annual
SUB004538,CU004538,PL03,2022-02-10,,Active,444.82,Annual
SUB004539,CU004539,PL03,2023-01-06,,Active,486.67,Monthly
SUB004540,CU004540,PL01,2023-10-17,,Active,44.18,Monthly
SUB004541,CU004541,PL03,2022-08-01,,Active,395.56,Monthly
SUB004542,CU004542,PL02,2024-07-09,,Active,169.23,Monthly
SUB004543,CU004543,PL03,2023-04-07,2026-08-11,Churned,486.76,Monthly
SUB004544,CU004544,PL03,2023-06-27,,Active,497.5,Annual
SUB004545,CU004545,PL03,2023-07-05,,Active,459.84,Annual
SUB004546,CU004546,PL02,2025-10-30,,Active,130.43,Monthly
SUB004547,CU004547,PL04,2023-07-12,,Active,1328.85,Annual
SUB004548,CU004548,PL02,2024-11-25,,Active,156.23,Monthly
SUB004549,CU004549,PL02,2026-02-14,,Active,184.15,Monthly
SUB004550,CU004550,PL02,2024-12-10,2025-05-22,Churned,161.42,Monthly
SUB004551,CU004551,PL02,2022-08-18,,Active,175.84,Annual
SUB004552,CU004552,PL04,2024-01-30,,Active,1077.01,Annual
SUB004553,CU004553,PL02,2024-04-14,2025-12-27,Churned,153.57,Annual
SUB004554,CU004554,PL03,2023-03-10,,Active,352.42,Monthly
SUB004555,CU004555,PL02,2025-10-08,2026-01-14,Churned,176.1,Annual
SUB004556,CU004556,PL01,2025-10-28,,Active,41.89,Annual
SUB004557,CU004557,PL02,2023-08-02,2025-01-21,Churned,143.59,Annual
SUB004558,CU004558,PL01,2022-07-05,,Active,53.97,Monthly
SUB004559,CU004559,PL01,2024-10-16,2025-05-29,Churned,48.67,Monthly
SUB004560,CU004560,PL02,2023-06-03,,Active,163.85,Monthly
SUB004561,CU004561,PL02,2023-09-30,,Active,175.75,Annual
SUB004562,CU004562,PL01,2025-07-15,,Active,51.86,Annual
SUB004563,CU004563,PL03,2025-11-10,,Active,399.91,Monthly
SUB004564,CU004564,PL03,2024-02-04,,Active,451.9,Monthly
SUB004565,CU004565,PL02,2022-02-15,,Active,178.71,Annual
SUB004566,CU004566,PL02,2025-04-13,,Active,134.15,Annual
SUB004567,CU004567,PL03,2026-06-04,,Active,467.22,Monthly
SUB004568,CU004568,PL03,2026-02-05,,Active,352.64,Annual
SUB004569,CU004569,PL02,2023-12-05,,Active,144.55,Annual
SUB004570,CU004570,PL01,2022-05-15,,Active,44.26,Annual
SUB004571,CU004571,PL02,2025-10-16,,Active,151.31,Annual
SUB004572,CU004572,PL02,2024-06-28,2025-06-23,Churned,181.88,Annual
SUB004573,CU004573,PL01,2026-04-29,,Active,45.05,Annual
SUB004574,CU004574,PL02,2026-04-28,,Active,166.86,Annual
SUB004575,CU004575,PL02,2026-03-11,,Active,185.03,Annual
SUB004576,CU004576,PL01,2024-09-11,,Active,43.81,Monthly
SUB004577,CU004577,PL02,2025-07-31,,Active,129.34,Monthly
SUB004578,CU004578,PL02,2025-08-30,,Active,176.15,Monthly
SUB004579,CU004579,PL01,2024-11-08,,Active,53.55,Annual
SUB004580,CU004580,PL02,2022-02-15,2023-04-08,Churned,145.16,Monthly
SUB004581,CU004581,PL02,2025-02-07,,Active,132.29,Monthly
SUB004582,CU004582,PL03,2023-11-28,,Active,344.56,Annual
SUB004583,CU004583,PL02,2024-07-25,,Active,184.37,Monthly
SUB004584,CU004584,PL02,2024-08-01,,Active,182.26,Monthly
SUB004585,CU004585,PL01,2025-03-24,2025-11-05,Churned,46.14,Annual
SUB004586,CU004586,PL03,2024-07-22,,Active,370.5,Annual
SUB004587,CU004587,PL03,2024-05-02,,Active,456.33,Annual
SUB004588,CU004588,PL01,2025-08-15,,Active,54.53,Annual
SUB004589,CU004589,PL02,2023-03-05,2025-09-14,Churned,183.7,Annual
SUB004590,CU004590,PL02,2024-03-25,,Active,176.4,Monthly
SUB004591,CU004591,PL02,2025-02-04,,Active,175.33,Monthly
SUB004592,CU004592,PL02,2023-06-27,,Active,171.51,Annual
SUB004593,CU004593,PL01,2025-05-23,,Active,51.84,Monthly
SUB004594,CU004594,PL03,2024-08-04,,Active,463.59,Annual
SUB004595,CU004595,PL01,2025-06-24,2025-12-04,Churned,42.36,Monthly
SUB004596,CU004596,PL03,2023-01-05,,Active,409.87,Annual
SUB004597,CU004597,PL01,2022-11-29,,Active,56.21,Annual
SUB004598,CU004598,PL01,2024-03-16,,Active,57.34,Monthly
SUB004599,CU004599,PL01,2022-05-15,2026-02-15,Churned,47.12,Annual
SUB004600,CU004600,PL01,2024-08-27,,Active,56.97,Annual
SUB004601,CU004601,PL01,2025-11-13,,Active,57.11,Monthly
SUB004602,CU004602,PL01,2025-01-18,,Active,44.83,Annual
SUB004603,CU004603,PL01,2025-04-04,,Active,53.54,Monthly
SUB004604,CU004604,PL02,2023-09-25,,Active,180.32,Annual
SUB004605,CU004605,PL03,2022-08-28,,Active,497.57,Monthly
SUB004606,CU004606,PL03,2026-02-10,2026-08-21,Churned,351.26,Monthly
SUB004607,CU004607,PL01,2024-08-18,2025-11-20,Churned,48.25,Annual
SUB004608,CU004608,PL03,2026-03-23,,Active,403.69,Monthly
SUB004609,CU004609,PL01,2022-11-14,,Active,50.37,Monthly
SUB004610,CU004610,PL01,2023-05-16,2026-05-16,Churned,47.06,Monthly
SUB004611,CU004611,PL04,2024-08-16,,Active,1353.0,Monthly
SUB004612,CU004612,PL02,2026-04-28,,Active,179.22,Monthly
SUB004613,CU004613,PL01,2025-11-12,,Active,51.15,Annual
SUB004614,CU004614,PL02,2023-08-21,,Active,132.65,Annual
SUB004615,CU004615,PL01,2024-07-23,,Active,49.39,Annual
SUB004616,CU004616,PL02,2024-11-23,2025-03-02,Churned,151.99,Annual
SUB004617,CU004617,PL02,2026-04-25,,Active,127.66,Annual
SUB004618,CU004618,PL01,2022-12-21,2024-06-23,Churned,57.83,Annual
SUB004619,CU004619,PL02,2026-04-08,,Active,130.91,Annual
SUB004620,CU004620,PL01,2023-04-15,,Active,44.32,Annual
SUB004621,CU004621,PL01,2024-06-26,2024-12-17,Churned,43.22,Monthly
SUB004622,CU004622,PL03,2022-09-16,,Active,384.42,Annual
SUB004623,CU004623,PL03,2024-10-05,,Active,403.51,Monthly
SUB004624,CU004624,PL01,2023-04-04,,Active,54.45,Monthly
SUB004625,CU004625,PL03,2025-02-05,,Active,433.66,Annual
SUB004626,CU004626,PL01,2023-08-22,,Active,41.68,Monthly
SUB004627,CU004627,PL01,2025-04-03,,Active,59.93,Annual
SUB004628,CU004628,PL03,2022-10-02,,Active,425.22,Annual
SUB004629,CU004629,PL01,2026-04-28,,Active,44.47,Annual
SUB004630,CU004630,PL02,2024-09-27,,Active,168.23,Monthly
SUB004631,CU004631,PL01,2025-01-29,,Active,48.13,Monthly
SUB004632,CU004632,PL03,2026-02-04,,Active,347.33,Annual
SUB004633,CU004633,PL02,2025-12-12,,Active,182.86,Monthly
SUB004634,CU004634,PL01,2023-12-09,,Active,43.27,Monthly
SUB004635,CU004635,PL04,2025-05-10,,Active,1487.96,Annual
SUB004636,CU004636,PL01,2022-01-16,,Active,61.14,Annual
SUB004637,CU004637,PL04,2023-02-20,,Active,1427.2,Annual
SUB004638,CU004638,PL01,2024-09-21,,Active,57.2,Monthly
SUB004639,CU004639,PL03,2025-02-28,,Active,456.23,Monthly
SUB004640,CU004640,PL04,2022-06-07,,Active,1256.14,Annual
SUB004641,CU004641,PL02,2023-12-24,,Active,146.56,Annual
SUB004642,CU004642,PL01,2023-10-29,,Active,44.93,Monthly
SUB004643,CU004643,PL03,2022-09-16,,Active,483.59,Annual
SUB004644,CU004644,PL01,2024-10-03,,Active,41.89,Annual
SUB004645,CU004645,PL02,2024-12-15,2026-01-21,Churned,160.71,Annual
SUB004646,CU004646,PL03,2023-04-17,2024-05-14,Churned,425.72,Annual
SUB004647,CU004647,PL04,2023-04-24,,Active,1222.08,Annual
SUB004648,CU004648,PL02,2025-09-28,,Active,127.61,Monthly
SUB004649,CU004649,PL02,2024-09-22,2026-01-30,Churned,174.27,Annual
SUB004650,CU004650,PL02,2025-10-27,2026-03-18,Churned,181.81,Monthly
SUB004651,CU004651,PL02,2024-07-21,,Active,164.01,Monthly
SUB004652,CU004652,PL02,2026-04-17,,Active,182.72,Annual
SUB004653,CU004653,PL03,2025-12-15,,Active,425.88,Monthly
SUB004654,CU004654,PL02,2022-10-11,,Active,175.04,Monthly
SUB004655,CU004655,PL01,2023-08-12,2025-09-03,Churned,49.75,Annual
SUB004656,CU004656,PL01,2022-10-15,,Active,47.11,Annual
SUB004657,CU004657,PL02,2025-12-15,,Active,135.14,Monthly
SUB004658,CU004658,PL03,2026-02-28,,Active,398.97,Monthly
SUB004659,CU004659,PL01,2022-02-21,,Active,43.68,Monthly
SUB004660,CU004660,PL03,2026-01-18,,Active,421.28,Annual
SUB004661,CU004661,PL01,2024-05-18,,Active,56.27,Monthly
SUB004662,CU004662,PL03,2022-06-03,,Active,381.17,Monthly
SUB004663,CU004663,PL03,2023-04-04,,Active,378.8,Monthly
SUB004664,CU004664,PL03,2025-11-30,,Active,368.82,Monthly
SUB004665,CU004665,PL01,2025-03-06,,Active,54.95,Monthly
SUB004666,CU004666,PL01,2025-07-05,2025-10-05,Churned,42.41,Monthly
SUB004667,CU004667,PL03,2024-10-16,,Active,438.98,Monthly
SUB004668,CU004668,PL01,2025-01-22,,Active,59.73,Annual
SUB004669,CU004669,PL03,2022-03-20,,Active,372.6,Monthly
SUB004670,CU004670,PL04,2026-01-14,,Active,1212.6,Annual
SUB004671,CU004671,PL02,2024-11-30,,Active,155.45,Annual
SUB004672,CU004672,PL03,2025-10-27,,Active,342.76,Annual
SUB004673,CU004673,PL01,2023-05-10,,Active,56.2,Annual
SUB004674,CU004674,PL01,2023-04-19,,Active,60.28,Annual
SUB004675,CU004675,PL03,2026-01-11,,Active,450.24,Annual
SUB004676,CU004676,PL01,2022-10-31,,Active,58.58,Annual
SUB004677,CU004677,PL02,2022-12-31,,Active,137.76,Monthly
SUB004678,CU004678,PL02,2023-09-02,,Active,159.11,Monthly
SUB004679,CU004679,PL01,2025-07-07,,Active,58.07,Monthly
SUB004680,CU004680,PL04,2024-02-16,,Active,1108.47,Monthly
SUB004681,CU004681,PL03,2024-01-01,,Active,498.5,Monthly
SUB004682,CU004682,PL01,2025-01-30,2025-08-07,Churned,50.65,Monthly
SUB004683,CU004683,PL02,2025-03-25,,Active,184.38,Monthly
SUB004684,CU004684,PL02,2025-03-21,,Active,145.73,Monthly
SUB004685,CU004685,PL01,2026-04-08,,Active,57.41,Monthly
SUB004686,CU004686,PL02,2022-11-06,2025-01-07,Churned,136.44,Annual
SUB004687,CU004687,PL03,2024-07-07,2025-12-03,Churned,346.85,Monthly
SUB004688,CU004688,PL01,2023-11-11,2024-09-13,Churned,59.03,Annual
SUB004689,CU004689,PL01,2024-11-16,,Active,57.09,Annual
SUB004690,CU004690,PL02,2025-06-30,,Active,142.76,Annual
SUB004691,CU004691,PL02,2024-07-29,2026-07-31,Churned,180.97,Monthly
SUB004692,CU004692,PL02,2022-09-05,,Active,172.86,Annual
SUB004693,CU004693,PL01,2023-07-20,,Active,59.07,Monthly
SUB004694,CU004694,PL01,2024-09-27,2026-07-25,Churned,53.0,Monthly
SUB004695,CU004695,PL03,2025-12-17,,Active,394.0,Monthly
SUB004696,CU004696,PL01,2025-06-27,,Active,46.13,Monthly
SUB004697,CU004697,PL02,2025-03-30,,Active,149.59,Monthly
SUB004698,CU004698,PL03,2022-05-19,,Active,492.3,Monthly
SUB004699,CU004699,PL01,2023-06-24,2025-09-20,Churned,47.6,Annual
SUB004700,CU004700,PL01,2023-11-08,,Active,57.69,Annual
SUB004701,CU004701,PL01,2023-08-17,,Active,57.68,Monthly
SUB004702,CU004702,PL02,2023-07-17,,Active,131.89,Annual
SUB004703,CU004703,PL02,2023-09-07,,Active,129.4,Monthly
SUB004704,CU004704,PL02,2023-10-07,,Active,148.26,Monthly
SUB004705,CU004705,PL02,2025-03-01,,Active,167.32,Annual
SUB004706,CU004706,PL02,2025-08-26,,Active,179.31,Monthly
SUB004707,CU004707,PL02,2023-02-20,,Active,139.05,Monthly
SUB004708,CU004708,PL04,2025-10-27,,Active,1458.96,Annual
SUB004709,CU004709,PL01,2023-01-30,2024-08-19,Churned,45.75,Annual
SUB004710,CU004710,PL01,2025-02-19,,Active,56.83,Annual
SUB004711,CU004711,PL01,2026-03-25,,Active,54.32,Annual
SUB004712,CU004712,PL03,2024-06-18,,Active,489.97,Monthly
SUB004713,CU004713,PL03,2023-07-02,,Active,490.79,Annual
SUB004714,CU004714,PL01,2025-04-21,,Active,57.32,Monthly
SUB004715,CU004715,PL03,2024-11-05,,Active,348.08,Annual
SUB004716,CU004716,PL03,2023-10-17,2024-03-10,Churned,378.61,Monthly
SUB004717,CU004717,PL02,2024-03-10,,Active,165.17,Monthly
SUB004718,CU004718,PL04,2023-06-23,,Active,1164.8,Annual
SUB004719,CU004719,PL01,2025-04-28,2026-02-17,Churned,46.04,Annual
SUB004720,CU004720,PL02,2025-09-09,2026-06-09,Churned,166.52,Annual
SUB004721,CU004721,PL03,2026-06-08,,Active,490.77,Annual
SUB004722,CU004722,PL04,2025-11-24,2026-03-24,Churned,1163.61,Monthly
SUB004723,CU004723,PL01,2026-04-02,,Active,49.57,Monthly
SUB004724,CU004724,PL03,2026-05-08,,Active,436.79,Monthly
SUB004725,CU004725,PL02,2023-05-20,,Active,182.46,Annual
SUB004726,CU004726,PL02,2023-12-23,,Active,175.2,Annual
SUB004727,CU004727,PL02,2022-04-01,2024-10-11,Churned,156.48,Annual
SUB004728,CU004728,PL01,2023-05-19,,Active,43.22,Annual
SUB004729,CU004729,PL02,2025-11-26,2026-03-21,Churned,162.84,Monthly
SUB004730,CU004730,PL01,2026-02-12,,Active,53.25,Monthly
SUB004731,CU004731,PL01,2023-09-10,2024-12-31,Churned,53.76,Annual
SUB004732,CU004732,PL03,2025-05-28,,Active,413.91,Monthly
SUB004733,CU004733,PL02,2022-10-26,,Active,146.76,Monthly
SUB004734,CU004734,PL01,2022-03-05,,Active,58.42,Annual
SUB004735,CU004735,PL02,2024-05-27,2026-04-13,Churned,129.69,Annual
SUB004736,CU004736,PL02,2022-04-10,,Active,155.78,Monthly
SUB004737,CU004737,PL01,2024-02-24,2024-11-28,Churned,55.58,Monthly
SUB004738,CU004738,PL03,2025-03-10,2026-04-25,Churned,431.89,Annual
SUB004739,CU004739,PL02,2024-09-19,,Active,180.21,Monthly
SUB004740,CU004740,PL01,2025-09-14,,Active,43.22,Monthly
SUB004741,CU004741,PL02,2024-02-01,,Active,162.67,Monthly
SUB004742,CU004742,PL02,2022-05-01,,Active,127.12,Annual
SUB004743,CU004743,PL01,2022-08-29,2026-05-30,Churned,44.95,Monthly
SUB004744,CU004744,PL01,2025-08-06,,Active,57.22,Annual
SUB004745,CU004745,PL04,2023-06-11,,Active,1338.53,Monthly
SUB004746,CU004746,PL03,2024-01-08,,Active,393.18,Annual
SUB004747,CU004747,PL02,2022-07-07,,Active,155.89,Monthly
SUB004748,CU004748,PL04,2022-07-07,2026-01-19,Churned,1477.3,Monthly
SUB004749,CU004749,PL02,2024-05-06,,Active,152.58,Monthly
SUB004750,CU004750,PL01,2025-01-30,,Active,50.04,Annual
SUB004751,CU004751,PL02,2024-04-08,,Active,136.97,Annual
SUB004752,CU004752,PL02,2023-06-11,,Active,171.53,Monthly
SUB004753,CU004753,PL02,2024-10-25,,Active,127.5,Monthly
SUB004754,CU004754,PL03,2022-06-01,,Active,385.43,Annual
SUB004755,CU004755,PL03,2026-05-04,,Active,383.27,Monthly
SUB004756,CU004756,PL01,2025-09-01,,Active,42.81,Annual
SUB004757,CU004757,PL02,2023-10-19,,Active,146.83,Annual
SUB004758,CU004758,PL02,2022-07-10,,Active,146.89,Monthly
SUB004759,CU004759,PL01,2023-12-23,,Active,49.7,Annual
SUB004760,CU004760,PL04,2024-04-10,,Active,1321.59,Monthly
SUB004761,CU004761,PL02,2024-10-23,,Active,154.11,Monthly
SUB004762,CU004762,PL01,2023-04-26,,Active,44.93,Annual
SUB004763,CU004763,PL01,2023-01-26,,Active,46.28,Annual
SUB004764,CU004764,PL02,2023-06-02,2026-07-29,Churned,160.5,Monthly
SUB004765,CU004765,PL02,2024-12-20,2026-07-17,Churned,140.64,Annual
SUB004766,CU004766,PL02,2023-06-04,,Active,140.32,Annual
SUB004767,CU004767,PL02,2025-11-10,,Active,140.86,Monthly
SUB004768,CU004768,PL02,2025-01-01,,Active,181.02,Monthly
SUB004769,CU004769,PL01,2022-03-27,,Active,53.15,Monthly
SUB004770,CU004770,PL01,2022-01-30,,Active,48.09,Annual
SUB004771,CU004771,PL02,2022-12-09,,Active,169.99,Annual
SUB004772,CU004772,PL02,2022-10-23,,Active,173.79,Monthly
SUB004773,CU004773,PL02,2025-01-03,,Active,153.56,Monthly
SUB004774,CU004774,PL03,2025-06-05,,Active,420.28,Monthly
SUB004775,CU004775,PL01,2026-03-29,,Active,42.69,Annual
SUB004776,CU004776,PL03,2022-04-27,,Active,462.24,Monthly
SUB004777,CU004777,PL02,2023-07-04,,Active,164.08,Monthly
SUB004778,CU004778,PL01,2022-10-02,,Active,50.41,Annual
SUB004779,CU004779,PL01,2026-05-28,,Active,57.75,Monthly
SUB004780,CU004780,PL03,2025-08-20,,Active,374.17,Annual
SUB004781,CU004781,PL01,2023-07-13,,Active,54.94,Annual
SUB004782,CU004782,PL04,2024-09-08,,Active,1330.15,Annual
SUB004783,CU004783,PL04,2022-07-29,,Active,1479.97,Monthly
SUB004784,CU004784,PL03,2023-11-21,,Active,411.24,Annual
SUB004785,CU004785,PL02,2026-06-01,,Active,158.19,Annual
SUB004786,CU004786,PL03,2025-03-08,,Active,454.63,Annual
SUB004787,CU004787,PL04,2022-10-31,,Active,1338.3,Monthly
SUB004788,CU004788,PL02,2022-06-04,,Active,181.43,Annual
SUB004789,CU004789,PL03,2025-06-17,,Active,474.01,Monthly
SUB004790,CU004790,PL04,2022-11-13,,Active,1144.87,Monthly
SUB004791,CU004791,PL02,2022-12-08,,Active,169.68,Monthly
SUB004792,CU004792,PL04,2024-03-27,,Active,1136.09,Annual
SUB004793,CU004793,PL03,2023-08-02,,Active,470.12,Annual
SUB004794,CU004794,PL03,2024-09-07,2025-03-03,Churned,485.12,Monthly
SUB004795,CU004795,PL03,2023-07-01,,Active,385.36,Monthly
SUB004796,CU004796,PL01,2022-01-11,,Active,48.85,Monthly
SUB004797,CU004797,PL02,2024-07-21,,Active,164.06,Annual
SUB004798,CU004798,PL02,2025-09-08,,Active,183.6,Annual
SUB004799,CU004799,PL02,2023-03-18,,Active,126.67,Annual
SUB004800,CU004800,PL02,2026-06-24,,Active,142.74,Annual
SUB004801,CU004801,PL02,2025-06-18,2025-10-15,Churned,160.32,Monthly
SUB004802,CU004802,PL02,2026-02-20,,Active,154.34,Annual
SUB004803,CU004803,PL02,2022-12-05,,Active,157.07,Annual
SUB004804,CU004804,PL01,2026-05-15,,Active,45.01,Monthly
SUB004805,CU004805,PL04,2022-09-07,,Active,1395.03,Monthly
SUB004806,CU004806,PL02,2023-08-22,,Active,138.46,Monthly
SUB004807,CU004807,PL04,2026-04-11,,Active,1480.81,Monthly
SUB004808,CU004808,PL01,2025-12-23,2026-08-27,Churned,46.09,Annual
SUB004809,CU004809,PL02,2026-06-16,,Active,171.26,Annual
SUB004810,CU004810,PL03,2023-04-06,,Active,352.94,Monthly
SUB004811,CU004811,PL01,2023-01-23,2023-04-29,Churned,41.9,Annual
SUB004812,CU004812,PL03,2025-07-04,,Active,494.18,Annual
SUB004813,CU004813,PL01,2023-12-21,,Active,59.24,Monthly
SUB004814,CU004814,PL01,2022-06-26,,Active,44.29,Annual
SUB004815,CU004815,PL04,2023-12-11,,Active,1101.7,Monthly
SUB004816,CU004816,PL01,2025-08-06,,Active,51.68,Monthly
SUB004817,CU004817,PL03,2026-01-15,,Active,377.66,Annual
SUB004818,CU004818,PL01,2024-06-13,,Active,60.03,Annual
SUB004819,CU004819,PL01,2025-09-08,,Active,54.98,Monthly
SUB004820,CU004820,PL02,2024-02-24,,Active,158.38,Annual
SUB004821,CU004821,PL01,2025-01-28,2026-05-27,Churned,47.37,Annual
SUB004822,CU004822,PL04,2022-05-18,,Active,1386.39,Annual
SUB004823,CU004823,PL02,2022-02-04,,Active,134.02,Monthly
SUB004824,CU004824,PL01,2022-12-12,,Active,42.77,Annual
SUB004825,CU004825,PL01,2022-08-29,,Active,51.41,Annual
SUB004826,CU004826,PL02,2024-05-16,,Active,135.14,Annual
SUB004827,CU004827,PL02,2023-07-26,,Active,131.53,Annual
SUB004828,CU004828,PL02,2023-08-10,,Active,156.16,Monthly
SUB004829,CU004829,PL01,2024-04-08,,Active,45.61,Monthly
SUB004830,CU004830,PL02,2022-09-28,,Active,138.76,Monthly
SUB004831,CU004831,PL02,2023-02-13,2023-09-23,Churned,177.65,Annual
SUB004832,CU004832,PL01,2025-02-27,,Active,53.4,Annual
SUB004833,CU004833,PL02,2024-09-27,,Active,177.53,Monthly
SUB004834,CU004834,PL02,2024-07-25,,Active,165.98,Monthly
SUB004835,CU004835,PL02,2025-08-29,,Active,131.8,Monthly
SUB004836,CU004836,PL01,2024-09-08,,Active,51.65,Annual
SUB004837,CU004837,PL01,2026-05-06,,Active,45.9,Annual
SUB004838,CU004838,PL02,2024-06-18,,Active,138.94,Annual
SUB004839,CU004839,PL01,2023-06-19,,Active,53.81,Annual
SUB004840,CU004840,PL03,2026-03-12,,Active,351.31,Monthly
SUB004841,CU004841,PL01,2022-04-28,,Active,51.12,Monthly
SUB004842,CU004842,PL03,2023-10-27,,Active,370.62,Annual
SUB004843,CU004843,PL03,2023-07-23,,Active,472.76,Monthly
SUB004844,CU004844,PL01,2025-08-16,2026-02-09,Churned,59.91,Monthly
SUB004845,CU004845,PL02,2023-07-11,,Active,132.62,Annual
SUB004846,CU004846,PL03,2025-04-21,,Active,428.47,Annual
SUB004847,CU004847,PL04,2023-07-07,,Active,1160.73,Annual
SUB004848,CU004848,PL01,2025-02-13,2025-09-16,Churned,44.43,Monthly
SUB004849,CU004849,PL03,2023-09-09,,Active,378.37,Monthly
SUB004850,CU004850,PL01,2025-10-03,2026-01-07,Churned,59.09,Annual
SUB004851,CU004851,PL03,2022-07-06,,Active,478.14,Annual
SUB004852,CU004852,PL01,2024-11-14,,Active,53.84,Monthly
SUB004853,CU004853,PL01,2025-06-05,,Active,56.59,Annual
SUB004854,CU004854,PL01,2024-07-10,,Active,59.7,Annual
SUB004855,CU004855,PL01,2025-11-24,,Active,45.65,Annual
SUB004856,CU004856,PL01,2022-05-09,2023-06-11,Churned,43.97,Annual
SUB004857,CU004857,PL03,2025-08-29,,Active,457.6,Monthly
SUB004858,CU004858,PL01,2023-12-03,,Active,45.13,Monthly
SUB004859,CU004859,PL02,2022-04-23,,Active,136.3,Monthly
SUB004860,CU004860,PL02,2023-07-07,2026-06-24,Churned,129.16,Monthly
SUB004861,CU004861,PL01,2023-11-24,,Active,43.14,Annual
SUB004862,CU004862,PL02,2022-12-01,,Active,155.34,Monthly
SUB004863,CU004863,PL02,2023-06-26,,Active,126.7,Annual
SUB004864,CU004864,PL01,2023-01-22,,Active,59.76,Annual
SUB004865,CU004865,PL04,2023-04-23,2026-03-15,Churned,1369.72,Annual
SUB004866,CU004866,PL01,2026-01-11,,Active,57.81,Annual
SUB004867,CU004867,PL01,2022-07-07,2025-06-21,Churned,53.49,Monthly
SUB004868,CU004868,PL01,2022-12-29,,Active,59.92,Monthly
SUB004869,CU004869,PL01,2023-05-25,,Active,58.5,Monthly
SUB004870,CU004870,PL02,2024-03-05,,Active,163.4,Annual
SUB004871,CU004871,PL01,2026-05-30,,Active,59.82,Annual
SUB004872,CU004872,PL03,2025-07-30,2026-03-30,Churned,420.14,Monthly
SUB004873,CU004873,PL01,2023-04-17,2023-11-13,Churned,59.06,Monthly
SUB004874,CU004874,PL03,2022-04-17,,Active,485.19,Annual
SUB004875,CU004875,PL02,2025-04-02,,Active,135.94,Annual
SUB004876,CU004876,PL02,2024-06-19,,Active,158.2,Annual
SUB004877,CU004877,PL03,2022-09-21,,Active,364.88,Monthly
SUB004878,CU004878,PL03,2023-07-27,,Active,459.09,Monthly
SUB004879,CU004879,PL02,2024-12-12,,Active,143.76,Annual
SUB004880,CU004880,PL02,2026-01-05,,Active,145.34,Annual
SUB004881,CU004881,PL02,2024-02-03,,Active,168.73,Monthly
SUB004882,CU004882,PL01,2026-05-24,,Active,44.15,Monthly
SUB004883,CU004883,PL01,2026-04-06,,Active,44.33,Monthly
SUB004884,CU004884,PL04,2022-03-15,,Active,1057.03,Annual
SUB004885,CU004885,PL01,2026-06-20,,Active,50.41,Monthly
SUB004886,CU004886,PL02,2023-05-17,2026-05-10,Churned,177.42,Annual
SUB004887,CU004887,PL01,2025-09-25,2026-08-28,Churned,58.3,Annual
SUB004888,CU004888,PL04,2026-03-27,,Active,1284.56,Annual
SUB004889,CU004889,PL02,2023-01-17,,Active,168.33,Annual
SUB004890,CU004890,PL01,2022-05-29,,Active,60.2,Annual
SUB004891,CU004891,PL02,2024-05-05,2025-09-20,Churned,131.87,Monthly
SUB004892,CU004892,PL03,2025-03-02,,Active,408.81,Monthly
SUB004893,CU004893,PL04,2024-05-29,,Active,1145.55,Monthly
SUB004894,CU004894,PL01,2024-11-25,,Active,43.35,Monthly
SUB004895,CU004895,PL02,2024-01-07,,Active,173.43,Annual
SUB004896,CU004896,PL01,2023-03-13,2023-08-07,Churned,47.47,Monthly
SUB004897,CU004897,PL01,2025-06-08,2026-05-16,Churned,59.47,Monthly
SUB004898,CU004898,PL01,2024-11-16,,Active,59.59,Annual
SUB004899,CU004899,PL01,2022-10-29,,Active,50.93,Monthly
SUB004900,CU004900,PL02,2023-09-10,2024-03-24,Churned,136.24,Annual
SUB004901,CU004901,PL02,2025-05-05,,Active,144.75,Annual
SUB004902,CU004902,PL03,2023-01-16,,Active,342.92,Monthly
SUB004903,CU004903,PL03,2022-01-16,,Active,357.12,Annual
SUB004904,CU004904,PL01,2024-09-04,2026-05-06,Churned,46.91,Monthly
SUB004905,CU004905,PL01,2022-12-11,,Active,50.07,Monthly
SUB004906,CU004906,PL01,2022-07-01,2023-06-06,Churned,52.3,Annual
SUB004907,CU004907,PL02,2025-12-04,2026-04-05,Churned,168.68,Annual
SUB004908,CU004908,PL03,2024-05-08,2026-08-03,Churned,447.93,Annual
SUB004909,CU004909,PL01,2022-11-14,2024-10-19,Churned,52.48,Annual
SUB004910,CU004910,PL02,2022-11-26,,Active,132.09,Monthly
SUB004911,CU004911,PL01,2022-01-09,,Active,56.82,Monthly
SUB004912,CU004912,PL02,2023-11-21,,Active,162.62,Annual
SUB004913,CU004913,PL03,2025-06-15,,Active,417.22,Annual
SUB004914,CU004914,PL02,2025-09-14,,Active,178.4,Monthly
SUB004915,CU004915,PL01,2025-09-30,,Active,47.0,Monthly
SUB004916,CU004916,PL04,2023-10-13,2024-02-24,Churned,1326.14,Annual
SUB004917,CU004917,PL03,2025-11-14,,Active,359.82,Monthly
SUB004918,CU004918,PL02,2024-12-31,,Active,182.88,Annual
SUB004919,CU004919,PL01,2024-11-17,2025-10-04,Churned,54.87,Annual
SUB004920,CU004920,PL03,2023-06-20,,Active,344.54,Monthly
SUB004921,CU004921,PL04,2024-05-30,,Active,1319.05,Annual
SUB004922,CU004922,PL01,2026-03-27,,Active,56.82,Monthly
SUB004923,CU004923,PL02,2023-05-27,,Active,160.48,Annual
SUB004924,CU004924,PL02,2024-07-31,,Active,136.15,Annual
SUB004925,CU004925,PL02,2025-08-21,,Active,143.56,Monthly
SUB004926,CU004926,PL01,2022-10-28,,Active,48.49,Monthly
SUB004927,CU004927,PL01,2022-07-26,,Active,49.91,Monthly
SUB004928,CU004928,PL03,2025-04-02,,Active,439.54,Monthly
SUB004929,CU004929,PL01,2025-09-22,2026-03-23,Churned,60.33,Monthly
SUB004930,CU004930,PL04,2022-11-10,,Active,1114.48,Monthly
SUB004931,CU004931,PL02,2024-01-25,,Active,161.61,Monthly
SUB004932,CU004932,PL02,2022-04-19,,Active,181.61,Monthly
SUB004933,CU004933,PL01,2022-09-11,,Active,51.99,Annual
SUB004934,CU004934,PL04,2025-09-19,,Active,1404.46,Monthly
SUB004935,CU004935,PL01,2023-10-26,,Active,54.78,Annual
SUB004936,CU004936,PL02,2024-02-22,,Active,129.79,Annual
SUB004937,CU004937,PL04,2026-01-05,,Active,1411.97,Monthly
SUB004938,CU004938,PL02,2025-07-16,,Active,181.04,Annual
SUB004939,CU004939,PL01,2025-12-13,2026-05-21,Churned,54.21,Annual
SUB004940,CU004940,PL02,2022-11-14,,Active,156.41,Annual
SUB004941,CU004941,PL01,2025-01-16,,Active,42.2,Annual
SUB004942,CU004942,PL03,2025-06-05,,Active,373.13,Annual
SUB004943,CU004943,PL01,2023-06-21,,Active,44.78,Annual
SUB004944,CU004944,PL02,2023-08-15,,Active,172.57,Monthly
SUB004945,CU004945,PL03,2025-10-10,,Active,484.58,Annual
SUB004946,CU004946,PL02,2023-05-02,,Active,165.61,Monthly
SUB004947,CU004947,PL03,2024-01-28,,Active,461.71,Monthly
SUB004948,CU004948,PL03,2026-06-29,,Active,372.32,Annual
SUB004949,CU004949,PL03,2023-03-23,,Active,444.93,Annual
SUB004950,CU004950,PL04,2022-04-22,,Active,1174.18,Annual
SUB004951,CU004951,PL01,2026-02-24,,Active,55.82,Monthly
SUB004952,CU004952,PL01,2026-04-25,,Active,56.95,Annual
SUB004953,CU004953,PL02,2025-06-21,,Active,173.54,Monthly
SUB004954,CU004954,PL02,2026-03-02,2026-06-27,Churned,153.93,Annual
SUB004955,CU004955,PL03,2024-09-04,,Active,393.58,Annual
SUB004956,CU004956,PL01,2023-09-26,,Active,49.23,Annual
SUB004957,CU004957,PL01,2022-01-25,,Active,54.32,Annual
SUB004958,CU004958,PL02,2025-07-20,,Active,152.75,Monthly
SUB004959,CU004959,PL02,2025-04-22,,Active,137.32,Annual
SUB004960,CU004960,PL02,2026-06-16,,Active,153.05,Monthly
SUB004961,CU004961,PL01,2025-08-21,2026-05-11,Churned,52.32,Monthly
SUB004962,CU004962,PL03,2026-01-28,,Active,464.84,Annual
SUB004963,CU004963,PL01,2024-05-05,,Active,53.89,Monthly
SUB004964,CU004964,PL02,2023-11-16,,Active,133.78,Annual
SUB004965,CU004965,PL01,2023-08-13,,Active,52.35,Monthly
SUB004966,CU004966,PL01,2026-06-16,,Active,45.11,Monthly
SUB004967,CU004967,PL03,2025-04-25,,Active,380.29,Monthly
SUB004968,CU004968,PL02,2026-03-31,,Active,171.68,Monthly
SUB004969,CU004969,PL02,2024-08-24,,Active,139.1,Monthly
SUB004970,CU004970,PL01,2023-11-18,2024-08-17,Churned,42.74,Monthly
SUB004971,CU004971,PL02,2023-07-17,,Active,160.29,Annual
SUB004972,CU004972,PL01,2024-01-24,,Active,44.32,Annual
SUB004973,CU004973,PL04,2024-09-15,,Active,1465.78,Monthly
SUB004974,CU004974,PL01,2026-04-29,,Active,54.61,Monthly
SUB004975,CU004975,PL03,2024-03-12,,Active,350.77,Annual
SUB004976,CU004976,PL02,2022-10-16,,Active,168.02,Annual
SUB004977,CU004977,PL04,2025-03-05,,Active,1101.53,Annual
SUB004978,CU004978,PL01,2022-08-18,,Active,55.35,Annual
SUB004979,CU004979,PL02,2023-07-16,,Active,185.38,Monthly
SUB004980,CU004980,PL02,2025-10-12,2026-05-11,Churned,129.19,Monthly
SUB004981,CU004981,PL01,2024-08-04,,Active,43.86,Annual
SUB004982,CU004982,PL03,2022-01-24,,Active,414.29,Annual
SUB004983,CU004983,PL02,2024-07-24,,Active,168.64,Annual
SUB004984,CU004984,PL03,2022-10-05,2024-08-22,Churned,383.84,Annual
SUB004985,CU004985,PL02,2023-12-24,2026-03-21,Churned,160.06,Monthly
SUB004986,CU004986,PL04,2024-12-29,,Active,1201.2,Monthly
SUB004987,CU004987,PL02,2026-06-23,,Active,131.77,Monthly
SUB004988,CU004988,PL03,2023-06-23,,Active,460.46,Annual
SUB004989,CU004989,PL01,2026-06-19,,Active,58.28,Monthly
SUB004990,CU004990,PL01,2025-07-17,,Active,55.48,Monthly
SUB004991,CU004991,PL01,2026-06-29,,Active,44.51,Monthly
SUB004992,CU004992,PL03,2026-03-05,,Active,449.04,Monthly
SUB004993,CU004993,PL01,2022-10-17,2023-02-14,Churned,46.55,Annual
SUB004994,CU004994,PL01,2026-02-10,,Active,48.27,Monthly
SUB004995,CU004995,PL01,2025-05-25,,Active,56.67,Annual
SUB004996,CU004996,PL01,2023-05-31,,Active,60.85,Annual
SUB004997,CU004997,PL01,2022-12-03,,Active,45.33,Annual
SUB004998,CU004998,PL01,2022-07-17,,Active,56.36,Monthly
SUB004999,CU004999,PL02,2025-03-01,2025-09-05,Churned,155.92,Monthly
SUB005000,CU005000,PL01,2025-08-19,,Active,55.75,Annual
SUB005001,CU005001,PL02,2022-04-01,,Active,180.69,Monthly
SUB005002,CU005002,PL03,2024-08-27,,Active,413.54,Annual
SUB005003,CU005003,PL03,2024-10-20,,Active,372.96,Annual
SUB005004,CU005004,PL01,2022-04-09,,Active,42.89,Monthly
SUB005005,CU005005,PL03,2023-02-06,,Active,389.5,Monthly
SUB005006,CU005006,PL01,2023-11-07,,Active,51.38,Annual
SUB005007,CU005007,PL02,2023-12-29,,Active,175.4,Annual
SUB005008,CU005008,PL01,2023-01-28,2024-04-25,Churned,47.89,Monthly
SUB005009,CU005009,PL01,2023-12-14,,Active,58.73,Annual
SUB005010,CU005010,PL01,2026-03-25,,Active,54.08,Monthly
SUB005011,CU005011,PL01,2022-06-06,,Active,50.6,Annual
SUB005012,CU005012,PL02,2022-11-18,,Active,171.34,Monthly
SUB005013,CU005013,PL01,2023-02-23,2025-08-01,Churned,60.72,Annual
SUB005014,CU005014,PL02,2024-04-26,,Active,165.32,Annual
SUB005015,CU005015,PL02,2023-08-01,2024-07-27,Churned,139.88,Annual
SUB005016,CU005016,PL02,2026-04-08,,Active,176.85,Monthly
SUB005017,CU005017,PL03,2022-09-22,,Active,419.78,Monthly
SUB005018,CU005018,PL02,2024-08-25,,Active,176.94,Annual
SUB005019,CU005019,PL04,2023-12-13,,Active,1266.25,Monthly
SUB005020,CU005020,PL01,2025-05-11,,Active,51.34,Monthly
SUB005021,CU005021,PL01,2023-03-18,,Active,52.08,Annual
SUB005022,CU005022,PL03,2024-07-13,,Active,451.54,Annual
SUB005023,CU005023,PL01,2024-04-27,2024-12-15,Churned,49.04,Annual
SUB005024,CU005024,PL02,2024-10-17,,Active,136.55,Monthly
SUB005025,CU005025,PL02,2022-09-02,,Active,138.73,Monthly
SUB005026,CU005026,PL02,2022-11-21,,Active,143.3,Monthly
SUB005027,CU005027,PL01,2022-04-17,,Active,54.71,Monthly
SUB005028,CU005028,PL03,2026-04-06,,Active,433.16,Monthly
SUB005029,CU005029,PL02,2025-12-31,2026-06-30,Churned,185.46,Monthly
SUB005030,CU005030,PL02,2026-05-19,,Active,140.16,Monthly
SUB005031,CU005031,PL01,2026-03-15,,Active,50.19,Annual
SUB005032,CU005032,PL03,2024-05-10,,Active,493.42,Annual
SUB005033,CU005033,PL01,2024-09-09,,Active,51.32,Monthly
SUB005034,CU005034,PL02,2022-01-30,2025-06-14,Churned,149.47,Monthly
SUB005035,CU005035,PL01,2023-07-23,,Active,61.08,Annual
SUB005036,CU005036,PL01,2025-03-08,2026-03-27,Churned,47.91,Monthly
SUB005037,CU005037,PL03,2024-01-14,,Active,482.29,Monthly
SUB005038,CU005038,PL01,2023-09-09,,Active,55.1,Monthly
SUB005039,CU005039,PL02,2022-11-06,,Active,129.78,Monthly
SUB005040,CU005040,PL02,2022-05-23,,Active,168.29,Annual
SUB005041,CU005041,PL03,2026-01-14,,Active,423.6,Annual
SUB005042,CU005042,PL03,2024-06-30,2025-05-01,Churned,471.37,Monthly
SUB005043,CU005043,PL01,2025-09-10,,Active,42.66,Annual
SUB005044,CU005044,PL02,2024-07-29,,Active,183.33,Annual
SUB005045,CU005045,PL01,2025-01-21,,Active,54.58,Monthly
SUB005046,CU005046,PL01,2024-03-26,,Active,56.4,Annual
SUB005047,CU005047,PL02,2026-03-31,,Active,171.51,Monthly
SUB005048,CU005048,PL02,2025-03-26,,Active,145.24,Monthly
SUB005049,CU005049,PL01,2025-08-29,,Active,53.64,Annual
SUB005050,CU005050,PL03,2022-04-12,,Active,431.8,Monthly
SUB005051,CU005051,PL01,2024-08-30,,Active,53.01,Annual
SUB005052,CU005052,PL01,2024-09-05,,Active,53.91,Annual
SUB005053,CU005053,PL01,2022-06-29,2025-01-17,Churned,55.59,Annual
SUB005054,CU005054,PL01,2025-12-31,,Active,58.07,Monthly
SUB005055,CU005055,PL04,2022-04-08,,Active,1398.42,Annual
SUB005056,CU005056,PL02,2026-06-13,,Active,151.24,Monthly
SUB005057,CU005057,PL03,2025-07-10,,Active,441.5,Monthly
SUB005058,CU005058,PL02,2025-08-26,,Active,127.0,Annual
SUB005059,CU005059,PL02,2024-06-05,,Active,140.2,Monthly
SUB005060,CU005060,PL02,2023-04-09,,Active,179.43,Monthly
SUB005061,CU005061,PL03,2025-09-18,,Active,433.59,Annual
SUB005062,CU005062,PL02,2022-10-24,,Active,163.72,Annual
SUB005063,CU005063,PL03,2025-01-12,,Active,463.59,Monthly
SUB005064,CU005064,PL02,2024-02-04,2025-02-23,Churned,176.34,Monthly
SUB005065,CU005065,PL02,2024-05-09,,Active,169.22,Annual
SUB005066,CU005066,PL02,2023-01-02,,Active,142.64,Annual
SUB005067,CU005067,PL03,2026-04-16,,Active,487.68,Monthly
SUB005068,CU005068,PL04,2023-04-02,2023-08-21,Churned,1306.75,Monthly
SUB005069,CU005069,PL02,2026-05-20,,Active,134.18,Monthly
SUB005070,CU005070,PL01,2022-06-01,2022-09-21,Churned,58.53,Annual
SUB005071,CU005071,PL02,2025-11-05,,Active,179.34,Annual
SUB005072,CU005072,PL02,2023-03-26,,Active,171.27,Monthly
SUB005073,CU005073,PL02,2025-09-11,2026-04-27,Churned,169.25,Annual
SUB005074,CU005074,PL03,2024-06-29,,Active,441.45,Monthly
SUB005075,CU005075,PL01,2025-04-07,,Active,51.28,Monthly
SUB005076,CU005076,PL03,2025-04-01,,Active,443.5,Annual
SUB005077,CU005077,PL02,2025-12-27,,Active,180.61,Annual
SUB005078,CU005078,PL01,2024-04-28,,Active,55.2,Monthly
SUB005079,CU005079,PL02,2022-03-15,,Active,145.47,Annual
SUB005080,CU005080,PL03,2022-09-20,,Active,405.99,Monthly
SUB005081,CU005081,PL01,2022-03-14,,Active,56.31,Monthly
SUB005082,CU005082,PL01,2026-04-20,,Active,51.18,Monthly
SUB005083,CU005083,PL04,2024-07-12,,Active,1341.37,Monthly
SUB005084,CU005084,PL01,2025-10-16,2026-06-23,Churned,48.43,Annual
SUB005085,CU005085,PL04,2023-07-28,,Active,1297.06,Monthly
SUB005086,CU005086,PL02,2024-01-11,,Active,142.07,Monthly
SUB005087,CU005087,PL03,2024-05-04,,Active,465.56,Monthly
SUB005088,CU005088,PL03,2022-10-01,,Active,436.96,Annual
SUB005089,CU005089,PL02,2024-05-23,,Active,144.14,Annual
SUB005090,CU005090,PL01,2025-05-04,,Active,51.96,Annual
SUB005091,CU005091,PL03,2022-08-28,,Active,383.15,Monthly
SUB005092,CU005092,PL02,2022-12-30,,Active,135.0,Monthly
SUB005093,CU005093,PL02,2022-05-02,,Active,178.21,Annual
SUB005094,CU005094,PL01,2023-10-16,,Active,49.34,Annual
SUB005095,CU005095,PL01,2022-02-17,2023-01-29,Churned,47.11,Annual
SUB005096,CU005096,PL02,2023-08-21,,Active,164.09,Monthly
SUB005097,CU005097,PL02,2026-06-01,,Active,185.01,Annual
SUB005098,CU005098,PL03,2024-03-18,,Active,470.54,Monthly
SUB005099,CU005099,PL01,2022-11-19,,Active,48.56,Annual
SUB005100,CU005100,PL03,2023-01-14,,Active,385.69,Annual
SUB005101,CU005101,PL01,2025-05-25,,Active,53.99,Annual
SUB005102,CU005102,PL01,2022-02-02,,Active,49.45,Annual
SUB005103,CU005103,PL03,2024-09-06,,Active,482.47,Annual
SUB005104,CU005104,PL01,2022-03-26,,Active,55.82,Monthly
SUB005105,CU005105,PL01,2023-07-06,,Active,44.82,Annual
SUB005106,CU005106,PL02,2025-03-22,2025-11-16,Churned,143.27,Annual
SUB005107,CU005107,PL02,2025-05-30,,Active,155.84,Monthly
SUB005108,CU005108,PL01,2025-06-18,,Active,57.79,Monthly
SUB005109,CU005109,PL03,2026-03-01,,Active,445.15,Annual
SUB005110,CU005110,PL01,2026-05-26,,Active,50.24,Annual
SUB005111,CU005111,PL01,2023-04-26,,Active,57.64,Monthly
SUB005112,CU005112,PL02,2025-05-13,,Active,174.23,Monthly
SUB005113,CU005113,PL01,2026-04-07,,Active,53.93,Monthly
SUB005114,CU005114,PL01,2022-10-15,,Active,48.83,Monthly
SUB005115,CU005115,PL04,2022-07-31,,Active,1183.15,Monthly
SUB005116,CU005116,PL02,2023-03-01,2024-09-01,Churned,128.25,Monthly
SUB005117,CU005117,PL04,2024-06-30,,Active,1237.17,Monthly
SUB005118,CU005118,PL02,2025-04-15,2026-05-29,Churned,161.51,Monthly
SUB005119,CU005119,PL02,2025-12-14,,Active,167.92,Annual
SUB005120,CU005120,PL02,2024-09-06,,Active,176.45,Monthly
SUB005121,CU005121,PL02,2025-10-22,,Active,182.84,Annual
SUB005122,CU005122,PL04,2023-11-01,,Active,1275.85,Monthly
SUB005123,CU005123,PL03,2022-02-19,,Active,392.45,Monthly
SUB005124,CU005124,PL03,2023-05-01,,Active,348.29,Annual
SUB005125,CU005125,PL03,2024-10-07,,Active,417.43,Annual
SUB005126,CU005126,PL03,2023-05-11,,Active,339.56,Monthly
SUB005127,CU005127,PL01,2022-02-04,,Active,42.09,Monthly
SUB005128,CU005128,PL03,2022-06-10,,Active,415.02,Monthly
SUB005129,CU005129,PL01,2025-04-24,,Active,52.4,Monthly
SUB005130,CU005130,PL02,2022-05-10,,Active,143.36,Monthly
SUB005131,CU005131,PL03,2022-09-05,,Active,421.22,Monthly
SUB005132,CU005132,PL01,2024-02-22,,Active,56.37,Monthly
SUB005133,CU005133,PL03,2024-02-29,,Active,414.78,Annual
SUB005134,CU005134,PL03,2024-03-19,,Active,467.19,Annual
SUB005135,CU005135,PL02,2023-08-10,2026-08-18,Churned,147.41,Monthly
SUB005136,CU005136,PL03,2022-08-19,,Active,438.05,Monthly
SUB005137,CU005137,PL01,2022-07-11,,Active,47.65,Annual
SUB005138,CU005138,PL03,2023-08-21,,Active,346.74,Annual
SUB005139,CU005139,PL02,2023-08-31,,Active,140.04,Monthly
SUB005140,CU005140,PL01,2025-12-21,2026-05-31,Churned,60.39,Monthly
SUB005141,CU005141,PL02,2024-12-26,2026-08-18,Churned,160.51,Annual
SUB005142,CU005142,PL02,2022-09-30,,Active,136.37,Monthly
SUB005143,CU005143,PL02,2025-12-06,,Active,166.01,Monthly
SUB005144,CU005144,PL01,2023-10-24,,Active,47.28,Monthly
SUB005145,CU005145,PL04,2025-07-25,,Active,1372.73,Annual
SUB005146,CU005146,PL02,2025-08-18,,Active,163.48,Annual
SUB005147,CU005147,PL01,2024-01-27,,Active,47.55,Monthly
SUB005148,CU005148,PL02,2024-08-11,,Active,166.56,Monthly
SUB005149,CU005149,PL03,2024-04-23,,Active,401.16,Annual
SUB005150,CU005150,PL03,2026-02-19,,Active,397.26,Monthly
SUB005151,CU005151,PL01,2024-09-20,,Active,60.7,Annual
SUB005152,CU005152,PL03,2025-08-09,,Active,492.97,Annual
SUB005153,CU005153,PL02,2026-03-05,,Active,183.1,Monthly
SUB005154,CU005154,PL01,2023-10-27,2024-07-04,Churned,55.92,Monthly
SUB005155,CU005155,PL03,2024-07-29,,Active,482.79,Annual
SUB005156,CU005156,PL01,2024-01-11,,Active,59.85,Monthly
SUB005157,CU005157,PL03,2023-12-02,,Active,369.14,Annual
SUB005158,CU005158,PL02,2025-04-05,,Active,131.53,Monthly
SUB005159,CU005159,PL02,2025-11-05,,Active,134.38,Annual
SUB005160,CU005160,PL01,2024-03-30,,Active,55.52,Monthly
SUB005161,CU005161,PL01,2025-08-24,,Active,48.27,Monthly
SUB005162,CU005162,PL02,2024-11-29,,Active,163.62,Monthly
SUB005163,CU005163,PL02,2022-11-20,,Active,179.15,Monthly
SUB005164,CU005164,PL03,2026-04-23,,Active,469.44,Annual
SUB005165,CU005165,PL01,2025-03-05,,Active,42.26,Annual
SUB005166,CU005166,PL03,2023-05-15,2026-02-26,Churned,428.56,Monthly
SUB005167,CU005167,PL02,2025-07-11,,Active,175.33,Monthly
SUB005168,CU005168,PL02,2024-11-04,,Active,148.96,Monthly
SUB005169,CU005169,PL03,2023-04-26,,Active,439.24,Monthly
SUB005170,CU005170,PL02,2022-11-27,,Active,149.18,Monthly
SUB005171,CU005171,PL02,2024-12-13,2026-04-28,Churned,158.88,Monthly
SUB005172,CU005172,PL03,2026-06-05,,Active,438.29,Annual
SUB005173,CU005173,PL02,2023-05-21,2026-03-01,Churned,134.53,Annual
SUB005174,CU005174,PL02,2023-02-19,,Active,183.18,Annual
SUB005175,CU005175,PL04,2024-07-19,,Active,1031.59,Monthly
SUB005176,CU005176,PL02,2023-05-14,,Active,130.22,Annual
SUB005177,CU005177,PL01,2024-11-26,2025-12-15,Churned,45.72,Annual
SUB005178,CU005178,PL03,2025-05-14,,Active,474.3,Annual
SUB005179,CU005179,PL02,2024-11-02,,Active,133.32,Annual
SUB005180,CU005180,PL02,2023-01-08,,Active,151.08,Annual
SUB005181,CU005181,PL01,2024-12-24,,Active,60.99,Annual
SUB005182,CU005182,PL03,2025-02-10,,Active,470.62,Monthly
SUB005183,CU005183,PL02,2026-01-18,,Active,128.4,Annual
SUB005184,CU005184,PL01,2023-03-20,2024-07-22,Churned,43.47,Annual
SUB005185,CU005185,PL02,2024-01-28,,Active,184.76,Annual
SUB005186,CU005186,PL03,2022-11-04,,Active,479.91,Annual
SUB005187,CU005187,PL03,2024-06-28,,Active,377.75,Annual
SUB005188,CU005188,PL01,2023-03-03,,Active,52.53,Monthly
SUB005189,CU005189,PL01,2024-01-27,,Active,48.01,Annual
SUB005190,CU005190,PL04,2025-11-02,2026-03-01,Churned,1484.01,Annual
SUB005191,CU005191,PL01,2022-02-19,2025-01-20,Churned,57.6,Annual
SUB005192,CU005192,PL01,2026-03-21,,Active,46.26,Annual
SUB005193,CU005193,PL01,2025-08-12,2026-05-04,Churned,57.63,Monthly
SUB005194,CU005194,PL02,2022-11-23,2024-07-21,Churned,157.29,Monthly
SUB005195,CU005195,PL02,2023-01-04,,Active,128.51,Monthly
SUB005196,CU005196,PL02,2025-03-22,,Active,138.04,Monthly
SUB005197,CU005197,PL02,2023-06-08,,Active,169.99,Annual
SUB005198,CU005198,PL01,2025-11-13,,Active,54.55,Monthly
SUB005199,CU005199,PL04,2026-02-01,,Active,1174.51,Monthly
SUB005200,CU005200,PL02,2026-05-11,,Active,129.99,Monthly
SUB005201,CU005201,PL02,2024-02-12,,Active,164.22,Annual
SUB005202,CU005202,PL01,2024-06-06,,Active,47.59,Annual
SUB005203,CU005203,PL01,2023-08-22,2025-12-04,Churned,50.56,Annual
SUB005204,CU005204,PL01,2022-02-25,,Active,42.96,Annual
SUB005205,CU005205,PL02,2025-02-12,,Active,178.25,Annual
SUB005206,CU005206,PL02,2022-10-25,2024-10-06,Churned,183.03,Monthly
SUB005207,CU005207,PL02,2024-01-04,,Active,130.86,Monthly
SUB005208,CU005208,PL03,2022-12-25,,Active,370.52,Monthly
SUB005209,CU005209,PL04,2022-01-21,,Active,1483.67,Monthly
SUB005210,CU005210,PL01,2022-05-10,2024-11-29,Churned,56.4,Annual
SUB005211,CU005211,PL02,2024-06-01,,Active,175.93,Annual
SUB005212,CU005212,PL02,2022-09-20,,Active,184.39,Monthly
SUB005213,CU005213,PL01,2025-02-04,,Active,44.26,Annual
SUB005214,CU005214,PL01,2025-11-14,,Active,46.08,Annual
SUB005215,CU005215,PL01,2024-11-30,,Active,44.44,Monthly
SUB005216,CU005216,PL02,2022-04-30,,Active,132.92,Annual
SUB005217,CU005217,PL01,2026-01-01,,Active,50.42,Annual
SUB005218,CU005218,PL02,2026-02-23,,Active,128.99,Monthly
SUB005219,CU005219,PL01,2023-01-24,,Active,45.42,Annual
SUB005220,CU005220,PL01,2023-01-14,,Active,49.52,Monthly
SUB005221,CU005221,PL01,2025-07-01,,Active,43.23,Monthly
SUB005222,CU005222,PL01,2025-11-03,,Active,59.16,Annual
SUB005223,CU005223,PL01,2023-05-01,,Active,45.2,Monthly
SUB005224,CU005224,PL01,2026-02-18,2026-05-19,Churned,52.1,Monthly
SUB005225,CU005225,PL02,2026-03-29,,Active,166.1,Monthly
SUB005226,CU005226,PL03,2023-06-17,,Active,402.02,Monthly
SUB005227,CU005227,PL03,2024-12-13,,Active,355.25,Monthly
SUB005228,CU005228,PL04,2022-11-11,,Active,1419.52,Annual
SUB005229,CU005229,PL02,2025-05-13,,Active,169.22,Monthly
SUB005230,CU005230,PL02,2025-11-25,,Active,180.73,Annual
SUB005231,CU005231,PL02,2024-08-05,2025-08-12,Churned,172.48,Annual
SUB005232,CU005232,PL02,2022-05-17,,Active,141.51,Monthly
SUB005233,CU005233,PL01,2023-02-17,,Active,59.19,Annual
SUB005234,CU005234,PL02,2024-02-28,,Active,148.75,Monthly
SUB005235,CU005235,PL03,2022-03-16,,Active,339.48,Annual
SUB005236,CU005236,PL01,2023-06-20,,Active,55.91,Monthly
SUB005237,CU005237,PL01,2022-12-14,,Active,54.21,Annual
SUB005238,CU005238,PL01,2025-07-06,,Active,50.91,Monthly
SUB005239,CU005239,PL02,2023-07-21,,Active,131.29,Monthly
SUB005240,CU005240,PL02,2022-12-30,2026-01-07,Churned,173.45,Monthly
SUB005241,CU005241,PL03,2024-05-21,,Active,386.62,Monthly
SUB005242,CU005242,PL02,2024-02-01,2025-09-14,Churned,174.84,Monthly
SUB005243,CU005243,PL03,2023-05-26,,Active,364.62,Monthly
SUB005244,CU005244,PL01,2024-11-14,,Active,44.73,Monthly
SUB005245,CU005245,PL04,2022-04-28,,Active,1483.55,Monthly
SUB005246,CU005246,PL01,2026-02-24,,Active,50.41,Monthly
SUB005247,CU005247,PL02,2024-09-30,,Active,140.91,Annual
SUB005248,CU005248,PL02,2023-04-16,,Active,167.16,Annual
SUB005249,CU005249,PL01,2025-01-07,2026-03-09,Churned,50.82,Monthly
SUB005250,CU005250,PL01,2023-05-10,,Active,54.7,Monthly
SUB005251,CU005251,PL01,2022-09-30,,Active,48.47,Monthly
SUB005252,CU005252,PL02,2024-04-26,,Active,138.96,Monthly
SUB005253,CU005253,PL01,2024-05-11,,Active,57.92,Monthly
SUB005254,CU005254,PL02,2022-10-03,,Active,146.4,Monthly
SUB005255,CU005255,PL01,2024-03-11,2025-09-27,Churned,57.89,Monthly
SUB005256,CU005256,PL04,2025-07-23,,Active,1222.27,Annual
SUB005257,CU005257,PL02,2024-05-21,,Active,182.89,Monthly
SUB005258,CU005258,PL01,2022-05-14,2025-04-07,Churned,45.86,Monthly
SUB005259,CU005259,PL02,2024-04-29,,Active,163.82,Monthly
SUB005260,CU005260,PL01,2024-05-02,,Active,51.82,Monthly
SUB005261,CU005261,PL01,2024-12-13,,Active,42.23,Monthly
SUB005262,CU005262,PL01,2022-04-18,2023-04-05,Churned,42.99,Monthly
SUB005263,CU005263,PL03,2025-08-07,,Active,409.18,Monthly
SUB005264,CU005264,PL03,2023-04-25,,Active,385.98,Annual
SUB005265,CU005265,PL01,2026-04-05,,Active,47.34,Annual
SUB005266,CU005266,PL01,2025-12-08,,Active,41.9,Monthly
SUB005267,CU005267,PL02,2025-10-30,,Active,159.73,Monthly
SUB005268,CU005268,PL03,2022-05-04,,Active,490.63,Annual
SUB005269,CU005269,PL01,2025-12-25,2026-07-06,Churned,43.47,Monthly
SUB005270,CU005270,PL02,2024-08-29,,Active,136.75,Annual
SUB005271,CU005271,PL03,2022-04-19,,Active,432.09,Monthly
SUB005272,CU005272,PL01,2022-09-21,,Active,56.77,Annual
SUB005273,CU005273,PL01,2022-11-20,,Active,52.98,Monthly
SUB005274,CU005274,PL01,2026-01-21,2026-05-23,Churned,54.66,Monthly
SUB005275,CU005275,PL02,2025-05-28,,Active,163.12,Annual
SUB005276,CU005276,PL01,2026-01-19,,Active,50.97,Annual
SUB005277,CU005277,PL03,2022-04-10,,Active,375.46,Monthly
SUB005278,CU005278,PL03,2022-02-09,,Active,441.98,Monthly
SUB005279,CU005279,PL02,2023-02-03,,Active,163.0,Annual
SUB005280,CU005280,PL01,2024-05-10,,Active,58.79,Monthly
SUB005281,CU005281,PL04,2022-06-09,,Active,1264.4,Annual
SUB005282,CU005282,PL01,2025-06-25,2025-10-29,Churned,53.32,Annual
SUB005283,CU005283,PL01,2023-09-04,2026-03-17,Churned,54.35,Annual
SUB005284,CU005284,PL02,2025-11-20,,Active,160.96,Monthly
SUB005285,CU005285,PL01,2023-12-04,,Active,45.12,Monthly
SUB005286,CU005286,PL02,2025-07-21,,Active,183.62,Monthly
SUB005287,CU005287,PL03,2025-02-18,,Active,453.23,Monthly
SUB005288,CU005288,PL03,2025-01-08,,Active,430.07,Annual
SUB005289,CU005289,PL02,2022-09-17,2026-04-02,Churned,175.57,Annual
SUB005290,CU005290,PL02,2022-02-19,,Active,156.46,Monthly
SUB005291,CU005291,PL02,2022-10-27,,Active,136.81,Monthly
SUB005292,CU005292,PL03,2024-07-26,,Active,432.92,Annual
SUB005293,CU005293,PL01,2024-03-23,2024-08-13,Churned,44.92,Monthly
SUB005294,CU005294,PL01,2023-11-18,,Active,58.88,Monthly
SUB005295,CU005295,PL01,2025-07-11,,Active,50.18,Monthly
SUB005296,CU005296,PL02,2025-09-13,2026-03-07,Churned,183.07,Monthly
SUB005297,CU005297,PL01,2022-03-21,2024-01-11,Churned,48.73,Annual
SUB005298,CU005298,PL03,2024-05-06,,Active,348.45,Annual
SUB005299,CU005299,PL02,2024-02-01,,Active,169.93,Monthly
SUB005300,CU005300,PL03,2023-11-06,,Active,352.33,Annual
SUB005301,CU005301,PL01,2024-11-26,,Active,46.52,Monthly
SUB005302,CU005302,PL01,2026-06-01,,Active,48.48,Monthly
SUB005303,CU005303,PL01,2024-03-20,,Active,43.47,Annual
SUB005304,CU005304,PL03,2022-02-01,,Active,345.27,Monthly
SUB005305,CU005305,PL01,2023-08-10,,Active,51.27,Monthly
SUB005306,CU005306,PL02,2023-08-06,,Active,169.13,Annual
SUB005307,CU005307,PL02,2022-09-01,2024-04-23,Churned,159.42,Monthly
SUB005308,CU005308,PL04,2025-07-29,2026-05-30,Churned,1230.17,Monthly
SUB005309,CU005309,PL04,2022-05-22,,Active,1251.07,Annual
SUB005310,CU005310,PL03,2022-06-08,2023-04-30,Churned,363.84,Monthly
SUB005311,CU005311,PL01,2022-02-04,,Active,41.67,Monthly
SUB005312,CU005312,PL03,2023-09-04,,Active,411.13,Monthly
SUB005313,CU005313,PL02,2024-09-02,,Active,170.88,Monthly
SUB005314,CU005314,PL02,2023-01-19,,Active,142.53,Annual
SUB005315,CU005315,PL03,2022-03-03,,Active,458.61,Monthly
SUB005316,CU005316,PL02,2023-05-28,,Active,166.21,Annual
SUB005317,CU005317,PL03,2022-02-07,,Active,440.38,Annual
SUB005318,CU005318,PL02,2025-07-05,,Active,143.21,Monthly
SUB005319,CU005319,PL01,2023-04-21,,Active,52.65,Annual
SUB005320,CU005320,PL02,2022-08-15,,Active,169.38,Annual
SUB005321,CU005321,PL01,2025-01-09,,Active,56.1,Annual
SUB005322,CU005322,PL03,2026-01-08,,Active,411.86,Monthly
SUB005323,CU005323,PL02,2024-08-09,,Active,161.66,Monthly
SUB005324,CU005324,PL01,2025-12-21,,Active,53.27,Monthly
SUB005325,CU005325,PL03,2023-04-01,,Active,464.78,Annual
SUB005326,CU005326,PL03,2024-12-23,,Active,387.45,Annual
SUB005327,CU005327,PL02,2022-02-22,,Active,150.15,Monthly
SUB005328,CU005328,PL01,2024-08-07,,Active,50.76,Monthly
SUB005329,CU005329,PL03,2026-03-02,,Active,451.51,Monthly
SUB005330,CU005330,PL02,2026-04-07,,Active,141.1,Monthly
SUB005331,CU005331,PL02,2024-02-04,,Active,165.35,Annual
SUB005332,CU005332,PL02,2022-11-21,2025-03-28,Churned,154.92,Monthly
SUB005333,CU005333,PL02,2025-02-11,,Active,146.39,Monthly
SUB005334,CU005334,PL01,2022-07-04,2024-10-16,Churned,50.91,Annual
SUB005335,CU005335,PL02,2022-05-22,2024-05-06,Churned,167.75,Annual
SUB005336,CU005336,PL04,2025-09-23,,Active,1069.36,Annual
SUB005337,CU005337,PL02,2022-03-21,2025-12-13,Churned,128.3,Monthly
SUB005338,CU005338,PL02,2025-02-21,2025-05-29,Churned,157.33,Annual
SUB005339,CU005339,PL01,2024-08-27,,Active,54.64,Annual
SUB005340,CU005340,PL04,2022-12-28,,Active,1187.78,Monthly
SUB005341,CU005341,PL01,2026-05-22,,Active,60.51,Annual
SUB005342,CU005342,PL03,2022-12-30,,Active,339.95,Monthly
SUB005343,CU005343,PL02,2023-04-13,,Active,170.77,Annual
SUB005344,CU005344,PL01,2025-07-13,2026-05-07,Churned,53.75,Monthly
SUB005345,CU005345,PL04,2022-08-01,2023-05-19,Churned,1151.74,Monthly
SUB005346,CU005346,PL03,2025-11-15,,Active,388.98,Monthly
SUB005347,CU005347,PL01,2023-03-03,2023-11-06,Churned,52.9,Monthly
SUB005348,CU005348,PL04,2022-03-24,,Active,1243.35,Monthly
SUB005349,CU005349,PL01,2026-04-01,,Active,55.55,Annual
SUB005350,CU005350,PL01,2025-06-30,2026-08-03,Churned,51.83,Monthly
SUB005351,CU005351,PL01,2024-02-16,,Active,56.66,Monthly
SUB005352,CU005352,PL01,2025-12-17,,Active,43.05,Monthly
SUB005353,CU005353,PL03,2023-09-14,,Active,376.26,Monthly
SUB005354,CU005354,PL02,2023-10-04,,Active,141.26,Annual
SUB005355,CU005355,PL02,2025-03-10,2025-10-08,Churned,167.06,Monthly
SUB005356,CU005356,PL02,2025-01-22,,Active,143.76,Monthly
SUB005357,CU005357,PL02,2025-01-09,,Active,158.5,Monthly
SUB005358,CU005358,PL01,2025-12-14,,Active,60.8,Monthly
SUB005359,CU005359,PL03,2022-06-01,,Active,416.52,Annual
SUB005360,CU005360,PL01,2023-11-21,,Active,51.6,Monthly
SUB005361,CU005361,PL03,2024-11-07,,Active,468.76,Annual
SUB005362,CU005362,PL04,2022-02-22,,Active,1183.23,Annual
SUB005363,CU005363,PL01,2023-11-11,2026-01-23,Churned,44.36,Annual
SUB005364,CU005364,PL01,2023-02-06,,Active,42.87,Annual
SUB005365,CU005365,PL03,2025-05-26,,Active,495.1,Monthly
SUB005366,CU005366,PL04,2026-05-28,,Active,1397.07,Annual
SUB005367,CU005367,PL01,2024-01-28,2025-01-01,Churned,58.91,Monthly
SUB005368,CU005368,PL04,2023-11-17,,Active,1351.99,Monthly
SUB005369,CU005369,PL03,2024-12-28,,Active,486.68,Monthly
SUB005370,CU005370,PL01,2025-10-27,,Active,51.46,Monthly
SUB005371,CU005371,PL01,2022-12-02,,Active,58.79,Annual
SUB005372,CU005372,PL02,2022-07-14,,Active,156.9,Annual
SUB005373,CU005373,PL02,2025-05-02,,Active,180.96,Monthly
SUB005374,CU005374,PL01,2025-04-05,,Active,59.47,Annual
SUB005375,CU005375,PL01,2025-03-14,,Active,55.08,Monthly
SUB005376,CU005376,PL01,2024-10-02,2025-03-25,Churned,46.75,Annual
SUB005377,CU005377,PL01,2022-01-31,2026-04-26,Churned,58.7,Annual
SUB005378,CU005378,PL01,2024-03-15,,Active,42.6,Monthly
SUB005379,CU005379,PL03,2026-03-12,,Active,423.84,Monthly
SUB005380,CU005380,PL02,2025-09-11,,Active,167.53,Annual
SUB005381,CU005381,PL01,2023-07-21,,Active,42.55,Annual
SUB005382,CU005382,PL02,2023-02-08,,Active,147.87,Monthly
SUB005383,CU005383,PL04,2023-06-21,,Active,1147.05,Monthly
SUB005384,CU005384,PL02,2022-08-20,,Active,161.99,Monthly
SUB005385,CU005385,PL02,2022-11-16,,Active,157.58,Monthly
SUB005386,CU005386,PL01,2023-01-13,,Active,61.25,Monthly
SUB005387,CU005387,PL01,2025-06-11,2026-07-27,Churned,51.13,Monthly
SUB005388,CU005388,PL02,2025-05-08,,Active,133.78,Annual
SUB005389,CU005389,PL01,2022-09-25,2025-03-06,Churned,59.31,Annual
SUB005390,CU005390,PL01,2025-06-04,,Active,48.62,Annual
SUB005391,CU005391,PL04,2022-04-19,,Active,1394.83,Monthly
SUB005392,CU005392,PL03,2023-06-06,2026-03-16,Churned,364.28,Annual
SUB005393,CU005393,PL02,2024-11-15,,Active,183.01,Annual
SUB005394,CU005394,PL02,2024-09-19,,Active,175.42,Monthly
SUB005395,CU005395,PL02,2025-11-09,,Active,173.39,Monthly
SUB005396,CU005396,PL03,2024-11-20,,Active,381.45,Annual
SUB005397,CU005397,PL02,2025-03-03,2025-09-21,Churned,132.95,Monthly
SUB005398,CU005398,PL01,2025-04-27,,Active,54.89,Annual
SUB005399,CU005399,PL02,2025-01-26,2025-08-27,Churned,168.75,Monthly
SUB005400,CU005400,PL01,2024-12-22,2026-08-23,Churned,50.74,Annual
SUB005401,CU005401,PL02,2022-07-18,,Active,149.38,Monthly
SUB005402,CU005402,PL03,2024-09-23,,Active,403.03,Annual
SUB005403,CU005403,PL02,2025-07-08,2025-10-23,Churned,184.84,Annual
SUB005404,CU005404,PL03,2023-09-03,,Active,458.2,Monthly
SUB005405,CU005405,PL01,2024-03-10,,Active,60.97,Annual
SUB005406,CU005406,PL03,2023-09-13,,Active,352.26,Monthly
SUB005407,CU005407,PL02,2023-10-12,,Active,147.12,Monthly
SUB005408,CU005408,PL03,2025-06-28,,Active,458.55,Annual
SUB005409,CU005409,PL02,2023-08-25,2025-09-15,Churned,167.02,Annual
SUB005410,CU005410,PL03,2023-02-27,,Active,344.38,Monthly
SUB005411,CU005411,PL02,2023-03-10,,Active,129.64,Monthly
SUB005412,CU005412,PL01,2024-04-10,,Active,47.39,Monthly
SUB005413,CU005413,PL02,2022-07-28,,Active,146.15,Annual
SUB005414,CU005414,PL03,2025-04-13,,Active,388.25,Monthly
SUB005415,CU005415,PL03,2024-12-07,,Active,497.64,Monthly
SUB005416,CU005416,PL02,2024-08-24,,Active,130.84,Monthly
SUB005417,CU005417,PL03,2022-04-24,,Active,477.92,Annual
SUB005418,CU005418,PL03,2025-06-14,,Active,466.87,Monthly
SUB005419,CU005419,PL02,2026-04-30,,Active,138.08,Monthly
SUB005420,CU005420,PL02,2024-04-06,,Active,161.53,Annual
SUB005421,CU005421,PL01,2022-08-09,2023-03-12,Churned,47.99,Annual
SUB005422,CU005422,PL03,2022-10-30,,Active,479.95,Annual
SUB005423,CU005423,PL01,2022-02-05,2024-03-24,Churned,58.62,Monthly
SUB005424,CU005424,PL02,2022-07-23,,Active,181.41,Annual
SUB005425,CU005425,PL02,2026-01-21,,Active,163.33,Monthly
SUB005426,CU005426,PL02,2024-05-05,,Active,143.12,Annual
SUB005427,CU005427,PL02,2026-04-17,,Active,154.99,Annual
SUB005428,CU005428,PL02,2024-06-29,2025-07-06,Churned,185.0,Monthly
SUB005429,CU005429,PL01,2025-08-08,,Active,60.74,Annual
SUB005430,CU005430,PL01,2022-04-09,,Active,43.88,Annual
SUB005431,CU005431,PL03,2023-01-22,,Active,395.12,Annual
SUB005432,CU005432,PL02,2022-10-25,,Active,130.2,Monthly
SUB005433,CU005433,PL04,2023-12-28,,Active,1136.41,Annual
SUB005434,CU005434,PL03,2025-06-27,,Active,407.91,Monthly
SUB005435,CU005435,PL02,2023-04-21,,Active,137.78,Annual
SUB005436,CU005436,PL04,2025-12-25,,Active,1374.23,Monthly
SUB005437,CU005437,PL01,2023-09-04,,Active,44.94,Monthly
SUB005438,CU005438,PL03,2022-08-14,2023-02-13,Churned,412.24,Annual
SUB005439,CU005439,PL03,2022-07-21,,Active,383.24,Monthly
SUB005440,CU005440,PL01,2022-09-23,2024-04-26,Churned,60.01,Annual
SUB005441,CU005441,PL02,2022-11-26,,Active,174.42,Monthly
SUB005442,CU005442,PL01,2025-11-04,,Active,44.25,Monthly
SUB005443,CU005443,PL03,2025-05-05,,Active,339.29,Monthly
SUB005444,CU005444,PL03,2026-05-15,,Active,354.94,Monthly
SUB005445,CU005445,PL01,2024-02-28,,Active,53.78,Monthly
SUB005446,CU005446,PL01,2023-08-23,,Active,42.45,Monthly
SUB005447,CU005447,PL03,2022-08-20,,Active,453.27,Monthly
SUB005448,CU005448,PL04,2024-01-30,,Active,1023.28,Annual
SUB005449,CU005449,PL03,2025-06-09,2025-10-28,Churned,413.2,Annual
SUB005450,CU005450,PL02,2025-05-09,,Active,164.17,Monthly
SUB005451,CU005451,PL02,2025-09-17,,Active,166.96,Annual
SUB005452,CU005452,PL02,2026-02-22,2026-07-10,Churned,128.73,Monthly
SUB005453,CU005453,PL01,2023-04-21,2023-12-19,Churned,54.85,Monthly
SUB005454,CU005454,PL02,2026-04-24,,Active,175.47,Annual
SUB005455,CU005455,PL02,2026-04-19,,Active,182.32,Monthly
SUB005456,CU005456,PL01,2022-09-19,,Active,57.55,Monthly
SUB005457,CU005457,PL01,2022-09-02,,Active,48.65,Monthly
SUB005458,CU005458,PL01,2022-10-16,2024-09-10,Churned,57.96,Annual
SUB005459,CU005459,PL03,2022-11-12,,Active,398.59,Annual
SUB005460,CU005460,PL02,2024-12-16,,Active,184.47,Annual
SUB005461,CU005461,PL02,2025-02-03,2026-04-26,Churned,182.93,Monthly
SUB005462,CU005462,PL03,2023-11-21,,Active,361.59,Annual
SUB005463,CU005463,PL03,2022-01-14,,Active,419.6,Monthly
SUB005464,CU005464,PL02,2022-03-19,,Active,184.9,Annual
SUB005465,CU005465,PL04,2022-04-13,,Active,1331.43,Annual
SUB005466,CU005466,PL03,2023-03-22,,Active,456.28,Monthly
SUB005467,CU005467,PL01,2023-12-24,,Active,45.04,Annual
SUB005468,CU005468,PL02,2024-10-01,,Active,173.76,Monthly
SUB005469,CU005469,PL02,2026-03-16,,Active,138.17,Monthly
SUB005470,CU005470,PL01,2022-03-03,2023-01-07,Churned,57.04,Monthly
SUB005471,CU005471,PL01,2025-04-09,,Active,52.86,Annual
SUB005472,CU005472,PL03,2025-03-07,,Active,379.22,Annual
SUB005473,CU005473,PL01,2023-02-21,,Active,58.02,Annual
SUB005474,CU005474,PL03,2022-02-02,,Active,342.6,Annual
SUB005475,CU005475,PL03,2023-12-15,,Active,495.78,Annual
SUB005476,CU005476,PL02,2022-02-08,2024-03-28,Churned,152.46,Monthly
SUB005477,CU005477,PL02,2025-10-10,,Active,155.01,Annual
SUB005478,CU005478,PL02,2025-02-19,,Active,161.29,Annual
SUB005479,CU005479,PL03,2023-01-19,,Active,395.34,Annual
SUB005480,CU005480,PL01,2026-03-23,,Active,42.98,Monthly
SUB005481,CU005481,PL01,2025-07-26,,Active,53.87,Monthly
SUB005482,CU005482,PL02,2023-11-15,2026-06-09,Churned,179.37,Monthly
SUB005483,CU005483,PL04,2022-06-13,,Active,1240.58,Annual
SUB005484,CU005484,PL01,2022-10-27,,Active,60.95,Annual
SUB005485,CU005485,PL02,2025-07-11,,Active,146.87,Annual
SUB005486,CU005486,PL01,2023-12-11,,Active,55.05,Annual
SUB005487,CU005487,PL01,2023-11-25,2024-08-27,Churned,58.75,Annual
SUB005488,CU005488,PL03,2025-10-02,2026-05-27,Churned,376.87,Annual
SUB005489,CU005489,PL01,2024-05-27,,Active,42.44,Monthly
SUB005490,CU005490,PL01,2026-05-21,,Active,45.42,Monthly
SUB005491,CU005491,PL01,2025-06-29,,Active,47.83,Monthly
SUB005492,CU005492,PL01,2025-05-03,2026-04-04,Churned,51.61,Monthly
SUB005493,CU005493,PL01,2022-04-20,2022-12-17,Churned,51.84,Annual
SUB005494,CU005494,PL01,2024-04-18,,Active,48.19,Annual
SUB005495,CU005495,PL02,2023-02-07,,Active,160.07,Annual
SUB005496,CU005496,PL04,2022-10-17,,Active,1450.61,Monthly
SUB005497,CU005497,PL01,2022-05-15,,Active,43.77,Annual
SUB005498,CU005498,PL03,2026-01-08,,Active,454.74,Annual
SUB005499,CU005499,PL02,2024-05-29,,Active,145.47,Monthly
SUB005500,CU005500,PL02,2024-06-13,2025-04-26,Churned,134.44,Monthly
SUB005501,CU005501,PL04,2023-05-29,2024-04-12,Churned,1035.05,Annual
SUB005502,CU005502,PL02,2026-03-15,,Active,156.13,Monthly
SUB005503,CU005503,PL01,2023-09-22,,Active,42.8,Monthly
SUB005504,CU005504,PL01,2023-04-22,2025-08-31,Churned,43.45,Monthly
SUB005505,CU005505,PL01,2026-04-08,,Active,47.03,Monthly
SUB005506,CU005506,PL02,2023-10-22,,Active,128.76,Annual
SUB005507,CU005507,PL02,2024-08-08,,Active,169.31,Annual
SUB005508,CU005508,PL02,2023-06-02,,Active,165.13,Annual
SUB005509,CU005509,PL02,2023-10-30,,Active,144.64,Annual
SUB005510,CU005510,PL03,2024-07-22,,Active,437.6,Monthly
SUB005511,CU005511,PL02,2025-09-08,2025-12-19,Churned,183.76,Annual
SUB005512,CU005512,PL03,2022-06-09,,Active,456.52,Monthly
SUB005513,CU005513,PL03,2026-01-24,,Active,460.95,Annual
SUB005514,CU005514,PL04,2024-08-20,,Active,1236.07,Monthly
SUB005515,CU005515,PL01,2023-10-03,2025-11-30,Churned,50.51,Monthly
SUB005516,CU005516,PL04,2023-08-03,,Active,1469.96,Monthly
SUB005517,CU005517,PL03,2022-10-02,,Active,339.39,Monthly
SUB005518,CU005518,PL02,2025-08-28,,Active,170.14,Annual
SUB005519,CU005519,PL03,2022-12-26,,Active,378.23,Annual
SUB005520,CU005520,PL01,2024-12-23,,Active,43.12,Monthly
SUB005521,CU005521,PL03,2022-08-13,,Active,349.63,Monthly
SUB005522,CU005522,PL03,2025-02-20,,Active,417.13,Annual
SUB005523,CU005523,PL02,2025-08-22,2026-06-26,Churned,146.06,Monthly
SUB005524,CU005524,PL02,2022-03-13,,Active,166.1,Annual
SUB005525,CU005525,PL02,2026-02-28,,Active,131.59,Monthly
SUB005526,CU005526,PL02,2024-05-12,2025-12-02,Churned,154.28,Annual
SUB005527,CU005527,PL03,2025-08-20,,Active,354.88,Annual
SUB005528,CU005528,PL03,2023-08-17,,Active,495.67,Monthly
SUB005529,CU005529,PL03,2024-09-23,,Active,476.58,Annual
SUB005530,CU005530,PL04,2023-11-25,,Active,1264.31,Annual
SUB005531,CU005531,PL01,2025-04-18,,Active,52.71,Monthly
SUB005532,CU005532,PL04,2023-07-23,,Active,1371.92,Annual
SUB005533,CU005533,PL03,2025-10-19,,Active,371.83,Monthly
SUB005534,CU005534,PL01,2024-05-07,,Active,57.89,Annual
SUB005535,CU005535,PL01,2024-03-31,,Active,45.05,Monthly
SUB005536,CU005536,PL02,2023-07-14,,Active,146.93,Monthly
SUB005537,CU005537,PL02,2026-04-02,,Active,146.51,Monthly
SUB005538,CU005538,PL01,2023-02-06,2025-07-02,Churned,55.9,Annual
SUB005539,CU005539,PL02,2023-04-26,,Active,147.08,Annual
SUB005540,CU005540,PL03,2023-07-16,,Active,401.84,Annual
SUB005541,CU005541,PL02,2025-04-25,,Active,185.13,Annual
SUB005542,CU005542,PL04,2023-05-31,,Active,1249.22,Monthly
SUB005543,CU005543,PL01,2022-05-23,2026-01-24,Churned,58.61,Monthly
SUB005544,CU005544,PL02,2022-07-15,,Active,128.75,Annual
SUB005545,CU005545,PL01,2022-02-04,,Active,56.75,Monthly
SUB005546,CU005546,PL03,2023-01-24,2023-08-04,Churned,463.45,Annual
SUB005547,CU005547,PL02,2025-10-31,,Active,172.33,Annual
SUB005548,CU005548,PL02,2025-11-16,2026-05-07,Churned,135.8,Monthly
SUB005549,CU005549,PL02,2023-05-03,,Active,179.89,Annual
SUB005550,CU005550,PL01,2025-05-13,2025-09-08,Churned,45.42,Annual
SUB005551,CU005551,PL02,2024-09-12,,Active,185.33,Monthly
SUB005552,CU005552,PL03,2023-07-10,,Active,438.42,Annual
SUB005553,CU005553,PL02,2022-05-31,,Active,158.33,Monthly
SUB005554,CU005554,PL01,2024-04-02,,Active,50.11,Annual
SUB005555,CU005555,PL01,2022-03-10,2025-02-05,Churned,60.88,Monthly
SUB005556,CU005556,PL04,2023-04-23,,Active,1225.11,Annual
SUB005557,CU005557,PL02,2025-04-27,2025-08-23,Churned,154.16,Monthly
SUB005558,CU005558,PL01,2022-10-01,,Active,47.89,Monthly
SUB005559,CU005559,PL01,2025-03-21,,Active,59.44,Monthly
SUB005560,CU005560,PL01,2024-01-15,,Active,50.63,Monthly
SUB005561,CU005561,PL04,2022-05-25,2025-11-11,Churned,1207.46,Annual
SUB005562,CU005562,PL03,2023-02-27,,Active,374.5,Annual
SUB005563,CU005563,PL03,2026-04-10,,Active,474.33,Annual
SUB005564,CU005564,PL02,2022-01-04,,Active,131.42,Annual
SUB005565,CU005565,PL02,2026-05-24,,Active,130.28,Annual
SUB005566,CU005566,PL03,2023-12-14,,Active,346.19,Annual
SUB005567,CU005567,PL02,2023-03-14,,Active,147.68,Monthly
SUB005568,CU005568,PL03,2026-06-17,,Active,376.81,Monthly
SUB005569,CU005569,PL01,2022-05-31,,Active,50.06,Monthly
SUB005570,CU005570,PL04,2022-01-10,,Active,1254.94,Monthly
SUB005571,CU005571,PL02,2024-07-23,,Active,171.06,Annual
SUB005572,CU005572,PL01,2022-07-03,2023-02-27,Churned,47.3,Monthly
SUB005573,CU005573,PL01,2025-11-18,,Active,49.84,Monthly
SUB005574,CU005574,PL04,2022-01-16,,Active,1078.85,Annual
SUB005575,CU005575,PL01,2024-10-18,,Active,48.23,Annual
SUB005576,CU005576,PL02,2023-06-17,,Active,152.69,Monthly
SUB005577,CU005577,PL03,2025-06-09,,Active,446.13,Annual
SUB005578,CU005578,PL04,2023-06-27,,Active,1302.35,Annual
SUB005579,CU005579,PL01,2024-06-22,2024-11-11,Churned,59.39,Annual
SUB005580,CU005580,PL01,2026-06-10,,Active,51.38,Monthly
SUB005581,CU005581,PL04,2023-09-10,,Active,1288.26,Annual
SUB005582,CU005582,PL03,2023-04-11,,Active,351.57,Monthly
SUB005583,CU005583,PL02,2023-01-05,,Active,139.51,Annual
SUB005584,CU005584,PL02,2025-02-12,,Active,152.32,Annual
SUB005585,CU005585,PL01,2024-01-23,,Active,50.24,Annual
SUB005586,CU005586,PL02,2023-08-08,,Active,129.25,Monthly
SUB005587,CU005587,PL02,2025-05-12,2025-08-15,Churned,153.26,Monthly
SUB005588,CU005588,PL02,2023-07-03,2025-01-06,Churned,182.73,Annual
SUB005589,CU005589,PL02,2026-01-07,,Active,136.18,Annual
SUB005590,CU005590,PL02,2025-09-03,,Active,171.59,Monthly
SUB005591,CU005591,PL02,2024-11-13,2025-12-09,Churned,166.98,Annual
SUB005592,CU005592,PL01,2022-07-18,,Active,47.85,Monthly
SUB005593,CU005593,PL01,2024-07-05,,Active,50.5,Monthly
SUB005594,CU005594,PL02,2023-03-10,,Active,131.91,Annual
SUB005595,CU005595,PL02,2025-07-19,,Active,158.1,Annual
SUB005596,CU005596,PL03,2026-03-28,,Active,416.0,Monthly
SUB005597,CU005597,PL01,2023-11-23,,Active,51.01,Monthly
SUB005598,CU005598,PL01,2024-08-16,,Active,54.14,Monthly
SUB005599,CU005599,PL02,2024-12-01,,Active,159.2,Monthly
SUB005600,CU005600,PL04,2022-03-10,,Active,1331.16,Annual
SUB005601,CU005601,PL01,2023-01-25,,Active,49.56,Annual
SUB005602,CU005602,PL01,2025-06-14,2026-01-21,Churned,43.19,Annual
SUB005603,CU005603,PL03,2024-07-21,2025-12-29,Churned,399.8,Monthly
SUB005604,CU005604,PL02,2024-07-09,,Active,183.92,Annual
SUB005605,CU005605,PL02,2025-05-05,,Active,176.53,Annual
SUB005606,CU005606,PL02,2025-11-05,,Active,161.71,Monthly
SUB005607,CU005607,PL03,2025-01-18,2025-06-07,Churned,456.73,Monthly
SUB005608,CU005608,PL01,2024-09-30,,Active,59.64,Monthly
SUB005609,CU005609,PL02,2024-10-15,,Active,158.55,Monthly
SUB005610,CU005610,PL02,2022-11-26,,Active,178.82,Annual
SUB005611,CU005611,PL01,2025-09-17,,Active,48.86,Monthly
SUB005612,CU005612,PL02,2022-08-19,,Active,139.18,Annual
SUB005613,CU005613,PL03,2023-02-28,,Active,405.88,Monthly
SUB005614,CU005614,PL03,2023-08-03,,Active,371.08,Monthly
SUB005615,CU005615,PL03,2026-05-27,,Active,438.61,Monthly
SUB005616,CU005616,PL01,2025-05-05,,Active,60.21,Monthly
SUB005617,CU005617,PL02,2024-09-29,2026-08-09,Churned,136.83,Annual
SUB005618,CU005618,PL03,2023-04-19,,Active,384.05,Annual
SUB005619,CU005619,PL03,2023-01-30,,Active,448.34,Annual
SUB005620,CU005620,PL03,2022-10-09,2024-11-03,Churned,449.4,Monthly
SUB005621,CU005621,PL02,2022-02-23,,Active,143.75,Monthly
SUB005622,CU005622,PL03,2023-02-14,,Active,362.96,Annual
SUB005623,CU005623,PL01,2023-07-08,,Active,53.14,Annual
SUB005624,CU005624,PL03,2023-03-10,,Active,452.08,Monthly
SUB005625,CU005625,PL03,2025-09-06,,Active,488.35,Annual
SUB005626,CU005626,PL01,2023-04-04,,Active,45.17,Annual
SUB005627,CU005627,PL04,2025-02-16,,Active,1334.09,Monthly
SUB005628,CU005628,PL03,2024-11-28,,Active,448.09,Annual
SUB005629,CU005629,PL01,2025-02-16,,Active,50.76,Annual
SUB005630,CU005630,PL01,2026-01-07,,Active,53.56,Annual
SUB005631,CU005631,PL03,2026-03-30,,Active,365.29,Monthly
SUB005632,CU005632,PL02,2024-05-27,,Active,161.0,Annual
SUB005633,CU005633,PL02,2022-02-17,,Active,153.27,Monthly
SUB005634,CU005634,PL03,2022-01-14,,Active,359.59,Monthly
SUB005635,CU005635,PL01,2024-06-25,,Active,59.55,Monthly
SUB005636,CU005636,PL02,2022-05-21,,Active,165.82,Monthly
SUB005637,CU005637,PL01,2025-07-24,,Active,43.75,Annual
SUB005638,CU005638,PL02,2022-03-27,,Active,184.08,Monthly
SUB005639,CU005639,PL01,2022-03-17,,Active,55.72,Monthly
SUB005640,CU005640,PL01,2022-09-01,,Active,56.01,Monthly
SUB005641,CU005641,PL02,2025-05-29,2025-11-19,Churned,142.81,Annual
SUB005642,CU005642,PL01,2024-02-12,,Active,56.62,Annual
SUB005643,CU005643,PL02,2022-04-21,,Active,151.19,Monthly
SUB005644,CU005644,PL01,2025-01-31,,Active,58.29,Monthly
SUB005645,CU005645,PL02,2023-06-07,,Active,129.32,Annual
SUB005646,CU005646,PL01,2022-11-23,,Active,50.95,Annual
SUB005647,CU005647,PL02,2024-09-26,,Active,127.03,Monthly
SUB005648,CU005648,PL02,2024-08-18,2026-02-19,Churned,131.06,Monthly
SUB005649,CU005649,PL02,2026-05-10,,Active,163.52,Monthly
SUB005650,CU005650,PL03,2024-08-06,,Active,440.82,Annual
SUB005651,CU005651,PL01,2023-09-01,,Active,53.59,Annual
SUB005652,CU005652,PL01,2023-08-10,,Active,49.44,Monthly
SUB005653,CU005653,PL01,2022-06-07,2023-03-18,Churned,52.68,Monthly
SUB005654,CU005654,PL01,2025-03-18,,Active,59.16,Monthly
SUB005655,CU005655,PL02,2024-12-11,,Active,184.34,Annual
SUB005656,CU005656,PL02,2024-08-07,2025-01-10,Churned,146.45,Annual
SUB005657,CU005657,PL01,2025-03-02,,Active,59.57,Monthly
SUB005658,CU005658,PL01,2026-05-28,,Active,52.26,Monthly
SUB005659,CU005659,PL03,2025-10-05,2026-04-28,Churned,409.27,Annual
SUB005660,CU005660,PL01,2025-08-10,,Active,60.18,Annual
SUB005661,CU005661,PL01,2022-06-27,,Active,47.58,Annual
SUB005662,CU005662,PL01,2022-06-29,,Active,49.61,Monthly
SUB005663,CU005663,PL03,2022-12-03,,Active,448.51,Monthly
SUB005664,CU005664,PL03,2024-11-16,2025-09-21,Churned,451.33,Annual
SUB005665,CU005665,PL01,2022-11-13,2023-12-24,Churned,54.83,Annual
SUB005666,CU005666,PL02,2023-03-13,2026-05-15,Churned,128.13,Annual
SUB005667,CU005667,PL02,2024-04-20,2025-11-03,Churned,138.69,Monthly
SUB005668,CU005668,PL01,2024-10-21,2026-03-13,Churned,51.92,Monthly
SUB005669,CU005669,PL04,2026-04-25,,Active,1356.73,Monthly
SUB005670,CU005670,PL03,2023-01-23,,Active,379.76,Annual
SUB005671,CU005671,PL03,2026-04-19,,Active,491.36,Annual
SUB005672,CU005672,PL03,2023-03-24,,Active,355.61,Monthly
SUB005673,CU005673,PL03,2024-01-16,,Active,397.16,Monthly
SUB005674,CU005674,PL01,2022-04-02,,Active,41.98,Monthly
SUB005675,CU005675,PL03,2023-03-22,,Active,440.91,Annual
SUB005676,CU005676,PL02,2023-04-06,,Active,182.66,Annual
SUB005677,CU005677,PL02,2025-01-10,,Active,178.2,Annual
SUB005678,CU005678,PL01,2024-02-01,2026-02-14,Churned,53.51,Annual
SUB005679,CU005679,PL03,2022-10-07,,Active,491.41,Annual
SUB005680,CU005680,PL01,2025-01-31,2026-05-08,Churned,59.45,Monthly
SUB005681,CU005681,PL03,2023-02-07,,Active,362.2,Monthly
SUB005682,CU005682,PL02,2025-08-02,,Active,139.66,Annual
SUB005683,CU005683,PL01,2026-02-16,,Active,51.14,Monthly
SUB005684,CU005684,PL04,2024-09-08,,Active,1183.78,Monthly
SUB005685,CU005685,PL03,2026-02-12,2026-08-16,Churned,407.59,Annual
SUB005686,CU005686,PL01,2024-01-19,,Active,56.98,Monthly
SUB005687,CU005687,PL02,2024-06-28,,Active,160.67,Monthly
SUB005688,CU005688,PL03,2025-05-06,,Active,372.51,Monthly
SUB005689,CU005689,PL03,2023-01-29,,Active,475.99,Monthly
SUB005690,CU005690,PL02,2023-03-05,,Active,140.93,Annual
SUB005691,CU005691,PL02,2024-10-12,,Active,181.13,Monthly
SUB005692,CU005692,PL02,2023-08-18,2026-07-31,Churned,171.75,Monthly
SUB005693,CU005693,PL03,2025-03-11,,Active,394.24,Annual
SUB005694,CU005694,PL02,2024-02-02,,Active,131.42,Annual
SUB005695,CU005695,PL02,2024-08-04,,Active,160.32,Monthly
SUB005696,CU005696,PL01,2026-01-03,2026-08-14,Churned,55.8,Monthly
SUB005697,CU005697,PL02,2024-03-14,2026-05-27,Churned,134.09,Monthly
SUB005698,CU005698,PL01,2023-10-28,,Active,58.08,Annual
SUB005699,CU005699,PL02,2022-06-07,,Active,174.56,Annual
SUB005700,CU005700,PL02,2023-12-25,2024-07-23,Churned,144.42,Monthly
SUB005701,CU005701,PL01,2025-05-18,,Active,45.1,Annual
SUB005702,CU005702,PL02,2022-09-29,,Active,152.94,Monthly
SUB005703,CU005703,PL03,2023-06-23,,Active,412.27,Monthly
SUB005704,CU005704,PL01,2022-08-01,,Active,42.98,Annual
SUB005705,CU005705,PL01,2026-06-05,,Active,58.61,Monthly
SUB005706,CU005706,PL01,2025-10-01,,Active,57.31,Annual
SUB005707,CU005707,PL01,2023-06-19,,Active,43.98,Monthly
SUB005708,CU005708,PL01,2023-07-12,,Active,53.35,Monthly
SUB005709,CU005709,PL03,2023-05-24,,Active,344.98,Annual
SUB005710,CU005710,PL02,2022-04-16,,Active,168.06,Monthly
SUB005711,CU005711,PL01,2022-04-29,,Active,54.48,Annual
SUB005712,CU005712,PL02,2023-10-05,,Active,133.18,Annual
SUB005713,CU005713,PL01,2023-12-14,,Active,52.64,Monthly
SUB005714,CU005714,PL01,2023-07-31,2026-03-01,Churned,57.99,Monthly
SUB005715,CU005715,PL04,2024-04-08,,Active,1381.78,Monthly
SUB005716,CU005716,PL03,2024-10-14,2025-02-13,Churned,446.42,Monthly
SUB005717,CU005717,PL02,2022-12-24,,Active,178.81,Annual
SUB005718,CU005718,PL01,2024-12-08,2026-08-15,Churned,60.58,Annual
SUB005719,CU005719,PL02,2022-05-18,,Active,148.23,Annual
SUB005720,CU005720,PL01,2022-10-18,,Active,55.05,Annual
SUB005721,CU005721,PL04,2022-06-10,,Active,1087.39,Annual
SUB005722,CU005722,PL04,2026-03-29,,Active,1493.1,Monthly
SUB005723,CU005723,PL03,2022-09-06,,Active,474.63,Monthly
SUB005724,CU005724,PL01,2023-06-11,,Active,51.89,Annual
SUB005725,CU005725,PL02,2024-05-11,,Active,141.23,Monthly
SUB005726,CU005726,PL03,2026-01-19,2026-05-02,Churned,422.22,Annual
SUB005727,CU005727,PL01,2023-07-31,,Active,57.42,Annual
SUB005728,CU005728,PL01,2026-01-22,,Active,58.49,Monthly
SUB005729,CU005729,PL02,2023-02-13,2025-10-02,Churned,169.99,Monthly
SUB005730,CU005730,PL03,2025-03-26,,Active,450.27,Annual
SUB005731,CU005731,PL01,2024-07-19,,Active,54.8,Monthly
SUB005732,CU005732,PL01,2024-05-01,,Active,45.74,Monthly
SUB005733,CU005733,PL03,2023-04-14,2025-04-12,Churned,384.21,Annual
SUB005734,CU005734,PL02,2026-01-14,2026-06-28,Churned,175.49,Annual
SUB005735,CU005735,PL01,2023-08-24,,Active,42.14,Monthly
SUB005736,CU005736,PL01,2023-09-29,,Active,54.71,Monthly
SUB005737,CU005737,PL02,2023-01-10,2026-01-06,Churned,132.2,Annual
SUB005738,CU005738,PL01,2024-02-11,2024-06-06,Churned,56.13,Monthly
SUB005739,CU005739,PL04,2024-04-19,,Active,1058.63,Annual
SUB005740,CU005740,PL01,2026-03-31,,Active,52.23,Monthly
SUB005741,CU005741,PL03,2025-05-09,,Active,395.73,Monthly
SUB005742,CU005742,PL01,2023-09-30,,Active,42.54,Monthly
SUB005743,CU005743,PL03,2025-01-09,,Active,483.36,Annual
SUB005744,CU005744,PL02,2023-08-09,,Active,131.62,Monthly
SUB005745,CU005745,PL01,2026-05-08,,Active,53.21,Monthly
SUB005746,CU005746,PL04,2025-11-22,,Active,1460.19,Annual
SUB005747,CU005747,PL03,2022-11-28,2025-10-26,Churned,426.62,Annual
SUB005748,CU005748,PL02,2024-04-11,,Active,150.88,Monthly
SUB005749,CU005749,PL01,2022-08-02,,Active,42.97,Monthly
SUB005750,CU005750,PL04,2023-11-27,,Active,1450.78,Annual
SUB005751,CU005751,PL03,2026-04-07,,Active,352.03,Monthly
SUB005752,CU005752,PL03,2022-07-31,,Active,425.27,Monthly
SUB005753,CU005753,PL01,2023-07-30,,Active,49.25,Monthly
SUB005754,CU005754,PL01,2025-07-23,,Active,48.48,Annual
SUB005755,CU005755,PL01,2024-03-08,,Active,49.66,Annual
SUB005756,CU005756,PL03,2023-12-05,,Active,481.88,Annual
SUB005757,CU005757,PL02,2023-06-29,,Active,176.18,Annual
SUB005758,CU005758,PL02,2026-01-02,,Active,135.07,Annual
SUB005759,CU005759,PL02,2026-03-13,,Active,159.31,Monthly
SUB005760,CU005760,PL02,2026-01-28,2026-05-17,Churned,158.58,Annual
SUB005761,CU005761,PL02,2023-04-20,,Active,184.27,Monthly
SUB005762,CU005762,PL01,2025-12-28,,Active,52.0,Annual
SUB005763,CU005763,PL03,2022-09-30,,Active,462.92,Monthly
SUB005764,CU005764,PL02,2022-05-26,,Active,180.56,Monthly
SUB005765,CU005765,PL01,2025-10-25,2026-06-21,Churned,58.65,Monthly
SUB005766,CU005766,PL03,2022-01-30,,Active,409.79,Annual
SUB005767,CU005767,PL02,2025-06-10,2026-04-02,Churned,178.91,Annual
SUB005768,CU005768,PL01,2026-03-23,,Active,59.33,Monthly
SUB005769,CU005769,PL02,2022-07-06,,Active,133.96,Monthly
SUB005770,CU005770,PL01,2026-04-23,,Active,45.76,Monthly
SUB005771,CU005771,PL03,2022-02-04,2023-12-29,Churned,477.52,Monthly
SUB005772,CU005772,PL01,2022-11-28,,Active,59.87,Monthly
SUB005773,CU005773,PL02,2023-11-29,2024-06-13,Churned,155.65,Monthly
SUB005774,CU005774,PL02,2024-02-06,,Active,143.41,Monthly
SUB005775,CU005775,PL02,2024-11-10,,Active,175.29,Monthly
SUB005776,CU005776,PL03,2023-08-14,,Active,412.63,Monthly
SUB005777,CU005777,PL02,2025-11-30,,Active,183.69,Annual
SUB005778,CU005778,PL02,2022-04-20,,Active,145.84,Monthly
SUB005779,CU005779,PL02,2024-08-26,,Active,140.39,Monthly
SUB005780,CU005780,PL01,2024-04-01,2026-04-29,Churned,53.99,Annual
SUB005781,CU005781,PL03,2025-06-30,,Active,387.6,Annual
SUB005782,CU005782,PL02,2023-10-15,,Active,135.77,Annual
SUB005783,CU005783,PL02,2025-12-11,2026-08-18,Churned,174.64,Monthly
SUB005784,CU005784,PL03,2022-07-05,,Active,452.5,Monthly
SUB005785,CU005785,PL02,2022-11-10,2025-05-11,Churned,154.74,Monthly
SUB005786,CU005786,PL02,2026-03-17,,Active,154.86,Annual
SUB005787,CU005787,PL01,2024-02-14,,Active,59.26,Monthly
SUB005788,CU005788,PL02,2023-06-18,,Active,135.1,Annual
SUB005789,CU005789,PL01,2024-06-07,,Active,50.96,Monthly
SUB005790,CU005790,PL02,2024-09-30,,Active,161.16,Annual
SUB005791,CU005791,PL03,2024-01-13,,Active,399.56,Annual
SUB005792,CU005792,PL03,2025-09-07,,Active,451.4,Monthly
SUB005793,CU005793,PL04,2025-11-06,,Active,1349.28,Annual
SUB005794,CU005794,PL01,2024-11-27,2025-03-29,Churned,58.14,Annual
SUB005795,CU005795,PL01,2024-05-12,,Active,51.16,Monthly
SUB005796,CU005796,PL02,2024-10-10,2025-06-04,Churned,148.24,Monthly
SUB005797,CU005797,PL02,2024-10-09,2026-08-29,Churned,165.97,Annual
SUB005798,CU005798,PL01,2023-08-30,,Active,51.89,Monthly
SUB005799,CU005799,PL02,2026-06-24,,Active,141.63,Annual
SUB005800,CU005800,PL01,2023-07-06,2024-08-03,Churned,46.08,Annual
SUB005801,CU005801,PL02,2026-04-01,,Active,138.97,Monthly
SUB005802,CU005802,PL04,2023-09-11,,Active,1251.2,Monthly
SUB005803,CU005803,PL03,2024-10-14,,Active,371.7,Monthly
SUB005804,CU005804,PL01,2023-11-04,,Active,46.98,Monthly
SUB005805,CU005805,PL01,2022-01-11,2025-02-05,Churned,54.78,Monthly
SUB005806,CU005806,PL01,2025-01-28,,Active,44.24,Annual
SUB005807,CU005807,PL01,2026-04-26,,Active,50.15,Annual
SUB005808,CU005808,PL02,2023-12-31,2025-01-04,Churned,181.92,Monthly
SUB005809,CU005809,PL04,2022-07-03,,Active,1320.93,Monthly
SUB005810,CU005810,PL01,2024-04-30,,Active,50.01,Annual
SUB005811,CU005811,PL02,2026-03-12,,Active,171.38,Monthly
SUB005812,CU005812,PL01,2025-03-25,,Active,55.47,Monthly
SUB005813,CU005813,PL01,2024-04-25,2025-10-27,Churned,43.96,Annual
SUB005814,CU005814,PL03,2023-11-06,,Active,345.03,Annual
SUB005815,CU005815,PL02,2026-06-09,,Active,164.36,Annual
SUB005816,CU005816,PL02,2022-06-05,,Active,130.57,Monthly
SUB005817,CU005817,PL01,2025-09-23,,Active,52.14,Annual
SUB005818,CU005818,PL03,2023-05-28,,Active,459.84,Annual
SUB005819,CU005819,PL03,2022-11-04,,Active,454.29,Annual
SUB005820,CU005820,PL02,2024-07-01,,Active,163.17,Annual
SUB005821,CU005821,PL01,2024-09-06,,Active,45.96,Monthly
SUB005822,CU005822,PL03,2025-02-07,,Active,399.72,Monthly
SUB005823,CU005823,PL01,2023-12-31,,Active,48.05,Monthly
SUB005824,CU005824,PL01,2024-03-18,2024-07-21,Churned,52.9,Monthly
SUB005825,CU005825,PL03,2024-05-28,,Active,458.81,Monthly
SUB005826,CU005826,PL03,2025-10-20,,Active,348.83,Monthly
SUB005827,CU005827,PL01,2022-11-04,,Active,45.58,Monthly
SUB005828,CU005828,PL03,2023-05-12,,Active,431.5,Annual
SUB005829,CU005829,PL02,2025-09-21,,Active,162.88,Annual
SUB005830,CU005830,PL01,2022-11-29,,Active,51.24,Annual
SUB005831,CU005831,PL04,2023-02-17,,Active,1149.68,Annual
SUB005832,CU005832,PL02,2023-12-20,2026-06-27,Churned,136.49,Monthly
SUB005833,CU005833,PL02,2026-05-24,,Active,167.56,Annual
SUB005834,CU005834,PL01,2024-01-02,,Active,42.55,Monthly
SUB005835,CU005835,PL03,2025-07-22,,Active,386.98,Monthly
SUB005836,CU005836,PL01,2023-07-14,,Active,53.67,Annual
SUB005837,CU005837,PL03,2023-10-02,,Active,439.38,Monthly
SUB005838,CU005838,PL01,2024-10-30,,Active,55.67,Monthly
SUB005839,CU005839,PL03,2026-05-03,,Active,438.19,Monthly
SUB005840,CU005840,PL02,2023-06-07,,Active,155.09,Annual
SUB005841,CU005841,PL02,2026-02-25,,Active,175.28,Monthly
SUB005842,CU005842,PL03,2026-05-05,,Active,409.92,Annual
SUB005843,CU005843,PL02,2023-11-30,,Active,141.88,Annual
SUB005844,CU005844,PL01,2024-05-29,,Active,43.17,Monthly
SUB005845,CU005845,PL01,2025-06-21,,Active,51.24,Monthly
SUB005846,CU005846,PL04,2023-10-03,,Active,1374.78,Annual
SUB005847,CU005847,PL04,2025-11-09,,Active,1361.06,Annual
SUB005848,CU005848,PL01,2024-06-10,,Active,51.47,Monthly
SUB005849,CU005849,PL03,2026-03-09,,Active,476.12,Annual
SUB005850,CU005850,PL01,2024-01-27,,Active,43.05,Annual
SUB005851,CU005851,PL04,2025-11-29,,Active,1336.77,Annual
SUB005852,CU005852,PL01,2022-08-24,2025-05-02,Churned,58.95,Annual
SUB005853,CU005853,PL03,2023-05-02,,Active,403.07,Monthly
SUB005854,CU005854,PL02,2023-04-08,,Active,149.15,Annual
SUB005855,CU005855,PL02,2025-08-24,,Active,142.67,Monthly
SUB005856,CU005856,PL02,2022-09-12,2023-11-02,Churned,178.9,Annual
SUB005857,CU005857,PL04,2023-03-12,,Active,1322.44,Annual
SUB005858,CU005858,PL01,2022-06-08,,Active,43.02,Annual
SUB005859,CU005859,PL02,2023-03-16,,Active,128.95,Monthly
SUB005860,CU005860,PL03,2025-12-24,,Active,351.37,Monthly
SUB005861,CU005861,PL02,2025-03-27,,Active,135.15,Monthly
SUB005862,CU005862,PL02,2023-05-28,,Active,142.31,Annual
SUB005863,CU005863,PL01,2023-07-07,,Active,47.98,Annual
SUB005864,CU005864,PL01,2023-04-15,,Active,51.95,Annual
SUB005865,CU005865,PL02,2022-07-29,,Active,137.49,Monthly
SUB005866,CU005866,PL01,2025-10-22,2026-02-27,Churned,42.68,Annual
SUB005867,CU005867,PL02,2023-12-03,,Active,137.44,Annual
SUB005868,CU005868,PL01,2023-04-22,,Active,56.03,Monthly
SUB005869,CU005869,PL01,2026-04-27,,Active,42.05,Annual
SUB005870,CU005870,PL04,2023-07-30,,Active,1162.29,Monthly
SUB005871,CU005871,PL03,2024-12-28,,Active,374.47,Annual
SUB005872,CU005872,PL03,2025-12-25,,Active,394.67,Monthly
SUB005873,CU005873,PL03,2025-04-02,2026-06-07,Churned,401.46,Annual
SUB005874,CU005874,PL02,2023-09-18,2024-11-19,Churned,161.62,Monthly
SUB005875,CU005875,PL02,2025-11-21,,Active,155.37,Annual
SUB005876,CU005876,PL03,2026-04-18,,Active,449.32,Monthly
SUB005877,CU005877,PL03,2024-04-03,,Active,390.02,Monthly
SUB005878,CU005878,PL03,2023-09-26,,Active,358.49,Annual
SUB005879,CU005879,PL01,2024-12-30,,Active,59.63,Annual
SUB005880,CU005880,PL02,2026-04-18,,Active,145.14,Monthly
SUB005881,CU005881,PL04,2026-01-04,,Active,1038.69,Monthly
SUB005882,CU005882,PL02,2023-10-23,,Active,150.35,Annual
SUB005883,CU005883,PL02,2025-04-23,,Active,162.96,Monthly
SUB005884,CU005884,PL01,2024-01-03,,Active,59.18,Annual
SUB005885,CU005885,PL01,2023-08-29,,Active,49.2,Monthly
SUB005886,CU005886,PL03,2024-01-13,,Active,463.68,Monthly
SUB005887,CU005887,PL03,2026-01-19,2026-08-02,Churned,396.83,Monthly
SUB005888,CU005888,PL01,2023-06-28,,Active,53.36,Annual
SUB005889,CU005889,PL04,2022-03-18,,Active,1440.15,Annual
SUB005890,CU005890,PL02,2026-06-16,,Active,166.99,Monthly
SUB005891,CU005891,PL03,2022-03-30,,Active,449.56,Monthly
SUB005892,CU005892,PL04,2022-09-18,2025-04-14,Churned,1337.61,Monthly
SUB005893,CU005893,PL01,2022-04-03,,Active,50.3,Annual
SUB005894,CU005894,PL01,2025-04-18,,Active,44.8,Annual
SUB005895,CU005895,PL02,2024-10-30,,Active,163.24,Monthly
SUB005896,CU005896,PL02,2022-11-30,2025-11-21,Churned,142.47,Monthly
SUB005897,CU005897,PL04,2025-02-21,,Active,1368.98,Monthly
SUB005898,CU005898,PL01,2023-01-25,2024-02-21,Churned,55.79,Annual
SUB005899,CU005899,PL01,2023-11-30,2024-08-14,Churned,58.46,Monthly
SUB005900,CU005900,PL02,2022-10-18,2023-12-22,Churned,144.6,Annual
SUB005901,CU005901,PL04,2023-08-31,2025-02-22,Churned,1328.97,Annual
SUB005902,CU005902,PL02,2023-07-31,2024-03-05,Churned,167.15,Monthly
SUB005903,CU005903,PL02,2025-09-29,2026-05-23,Churned,134.88,Annual
SUB005904,CU005904,PL02,2026-05-29,,Active,132.83,Annual
SUB005905,CU005905,PL02,2024-04-11,,Active,153.57,Annual
SUB005906,CU005906,PL01,2022-07-28,,Active,43.37,Monthly
SUB005907,CU005907,PL02,2023-02-03,,Active,131.24,Monthly
SUB005908,CU005908,PL02,2022-10-30,2024-10-13,Churned,149.64,Annual
SUB005909,CU005909,PL01,2026-02-07,,Active,53.21,Monthly
SUB005910,CU005910,PL03,2024-08-30,,Active,407.8,Monthly
SUB005911,CU005911,PL02,2024-04-07,2025-07-13,Churned,145.9,Monthly
SUB005912,CU005912,PL02,2024-09-17,,Active,134.26,Annual
SUB005913,CU005913,PL03,2022-08-20,,Active,350.77,Monthly
SUB005914,CU005914,PL02,2025-10-15,,Active,179.66,Annual
SUB005915,CU005915,PL02,2026-04-09,,Active,155.19,Monthly
SUB005916,CU005916,PL02,2022-06-17,,Active,144.0,Annual
SUB005917,CU005917,PL01,2025-07-04,2026-01-07,Churned,55.58,Monthly
SUB005918,CU005918,PL01,2026-01-09,,Active,58.11,Annual
SUB005919,CU005919,PL03,2024-11-21,,Active,491.56,Annual
SUB005920,CU005920,PL02,2026-05-20,,Active,138.66,Monthly
SUB005921,CU005921,PL03,2024-02-01,,Active,394.11,Monthly
SUB005922,CU005922,PL01,2023-04-16,,Active,46.5,Monthly
SUB005923,CU005923,PL02,2025-04-07,,Active,176.99,Annual
SUB005924,CU005924,PL02,2024-05-09,,Active,131.92,Annual
SUB005925,CU005925,PL01,2022-07-24,,Active,48.25,Monthly
SUB005926,CU005926,PL03,2025-04-18,2026-04-18,Churned,426.01,Monthly
SUB005927,CU005927,PL01,2022-06-13,,Active,47.17,Annual
SUB005928,CU005928,PL03,2025-03-19,,Active,364.31,Annual
SUB005929,CU005929,PL01,2024-07-11,,Active,55.74,Annual
SUB005930,CU005930,PL01,2025-03-11,,Active,54.78,Monthly
SUB005931,CU005931,PL01,2022-01-10,,Active,60.73,Annual
SUB005932,CU005932,PL02,2024-06-18,2024-10-07,Churned,143.64,Annual
SUB005933,CU005933,PL03,2025-03-01,,Active,460.08,Annual
SUB005934,CU005934,PL02,2023-03-28,,Active,140.14,Monthly
SUB005935,CU005935,PL01,2024-07-23,,Active,41.89,Monthly
SUB005936,CU005936,PL01,2026-03-11,,Active,44.12,Monthly
SUB005937,CU005937,PL03,2022-10-29,,Active,422.1,Annual
SUB005938,CU005938,PL02,2023-10-12,,Active,149.08,Annual
SUB005939,CU005939,PL03,2026-06-27,,Active,427.59,Monthly
SUB005940,CU005940,PL03,2022-10-25,,Active,423.42,Monthly
SUB005941,CU005941,PL01,2022-12-29,,Active,60.27,Monthly
SUB005942,CU005942,PL02,2026-03-12,,Active,175.56,Monthly
SUB005943,CU005943,PL03,2025-07-19,,Active,354.35,Monthly
SUB005944,CU005944,PL01,2026-02-15,,Active,54.68,Annual
SUB005945,CU005945,PL02,2023-06-29,2023-10-02,Churned,159.59,Annual
SUB005946,CU005946,PL02,2023-02-03,2024-11-06,Churned,184.23,Monthly
SUB005947,CU005947,PL01,2026-01-14,,Active,52.97,Monthly
SUB005948,CU005948,PL02,2026-02-08,,Active,145.82,Monthly
SUB005949,CU005949,PL02,2023-10-28,,Active,159.82,Annual
SUB005950,CU005950,PL01,2025-05-21,,Active,43.25,Annual
SUB005951,CU005951,PL02,2025-05-22,,Active,163.7,Annual
SUB005952,CU005952,PL02,2022-07-09,,Active,178.7,Monthly
SUB005953,CU005953,PL04,2023-01-02,,Active,1039.72,Annual
SUB005954,CU005954,PL03,2023-04-17,,Active,440.09,Annual
SUB005955,CU005955,PL03,2024-01-14,,Active,460.67,Monthly
SUB005956,CU005956,PL01,2025-12-30,2026-08-15,Churned,45.24,Monthly
SUB005957,CU005957,PL03,2024-11-23,,Active,420.94,Annual
SUB005958,CU005958,PL01,2025-04-30,,Active,50.83,Monthly
SUB005959,CU005959,PL02,2025-05-05,,Active,179.62,Annual
SUB005960,CU005960,PL02,2024-09-05,,Active,130.82,Monthly
SUB005961,CU005961,PL01,2023-02-18,,Active,45.65,Monthly
SUB005962,CU005962,PL04,2024-12-17,,Active,1485.16,Annual
SUB005963,CU005963,PL03,2023-01-02,,Active,446.34,Monthly
SUB005964,CU005964,PL01,2026-04-02,,Active,54.03,Monthly
SUB005965,CU005965,PL01,2026-04-09,,Active,57.71,Monthly
SUB005966,CU005966,PL02,2024-03-13,,Active,131.77,Monthly
SUB005967,CU005967,PL01,2022-09-28,,Active,42.44,Monthly
SUB005968,CU005968,PL03,2025-06-25,,Active,393.58,Monthly
SUB005969,CU005969,PL02,2024-04-09,,Active,185.87,Monthly
SUB005970,CU005970,PL02,2022-01-10,,Active,136.1,Monthly
SUB005971,CU005971,PL01,2026-06-17,,Active,41.94,Monthly
SUB005972,CU005972,PL01,2023-11-17,,Active,61.07,Monthly
SUB005973,CU005973,PL03,2022-05-29,,Active,425.1,Annual
SUB005974,CU005974,PL03,2023-08-04,,Active,414.51,Monthly
SUB005975,CU005975,PL01,2023-05-16,2024-09-27,Churned,52.37,Monthly
SUB005976,CU005976,PL01,2024-01-24,,Active,57.09,Monthly
SUB005977,CU005977,PL03,2023-07-15,,Active,497.21,Annual
SUB005978,CU005978,PL02,2023-09-06,,Active,175.67,Monthly
SUB005979,CU005979,PL02,2023-01-29,,Active,177.7,Monthly
SUB005980,CU005980,PL01,2024-07-10,2025-02-04,Churned,45.25,Annual
SUB005981,CU005981,PL02,2026-01-18,,Active,161.84,Annual
SUB005982,CU005982,PL01,2024-08-04,,Active,56.65,Monthly
SUB005983,CU005983,PL03,2022-08-24,2024-04-11,Churned,482.78,Annual
SUB005984,CU005984,PL01,2026-05-26,,Active,44.97,Annual
SUB005985,CU005985,PL01,2022-10-19,,Active,45.4,Monthly
SUB005986,CU005986,PL01,2025-08-18,,Active,41.71,Monthly
SUB005987,CU005987,PL04,2025-01-31,,Active,1347.01,Annual
SUB005988,CU005988,PL01,2025-12-26,,Active,46.84,Annual
SUB005989,CU005989,PL01,2024-03-15,,Active,54.45,Monthly
SUB005990,CU005990,PL01,2025-01-22,2025-10-05,Churned,51.17,Monthly
SUB005991,CU005991,PL03,2026-02-04,2026-08-23,Churned,356.19,Annual
SUB005992,CU005992,PL02,2025-02-02,2026-07-10,Churned,169.35,Annual
SUB005993,CU005993,PL03,2022-06-14,,Active,479.59,Monthly
SUB005994,CU005994,PL04,2024-02-20,,Active,1165.14,Annual
SUB005995,CU005995,PL03,2024-08-04,,Active,367.49,Monthly
SUB005996,CU005996,PL02,2022-12-09,,Active,140.84,Annual
SUB005997,CU005997,PL01,2026-05-03,,Active,60.58,Monthly
SUB005998,CU005998,PL03,2024-10-26,,Active,401.27,Annual
SUB005999,CU005999,PL01,2022-03-21,,Active,50.63,Monthly
SUB006000,CU006000,PL01,2023-08-26,,Active,45.72,Annual
SUB006001,CU006001,PL01,2022-03-02,,Active,56.63,Monthly
SUB006002,CU006002,PL02,2022-02-28,,Active,170.39,Monthly
SUB006003,CU006003,PL01,2023-10-22,,Active,50.39,Monthly
SUB006004,CU006004,PL01,2023-03-29,,Active,51.38,Annual
SUB006005,CU006005,PL02,2025-02-08,,Active,182.81,Monthly
SUB006006,CU006006,PL02,2023-08-08,,Active,141.77,Annual
SUB006007,CU006007,PL02,2022-06-09,,Active,141.45,Annual
SUB006008,CU006008,PL04,2022-11-08,2023-05-03,Churned,1348.03,Annual
SUB006009,CU006009,PL03,2023-12-15,,Active,365.91,Monthly
SUB006010,CU006010,PL03,2025-01-28,,Active,409.15,Annual
SUB006011,CU006011,PL03,2025-06-23,,Active,390.21,Annual
SUB006012,CU006012,PL03,2022-05-12,,Active,357.31,Monthly
SUB006013,CU006013,PL02,2023-02-21,,Active,127.48,Annual
SUB006014,CU006014,PL02,2024-11-04,,Active,180.32,Monthly
SUB006015,CU006015,PL02,2024-06-27,,Active,133.08,Monthly
SUB006016,CU006016,PL03,2026-06-23,,Active,403.54,Annual
SUB006017,CU006017,PL03,2025-12-20,,Active,407.41,Monthly
SUB006018,CU006018,PL02,2023-10-29,,Active,163.29,Monthly
SUB006019,CU006019,PL01,2024-06-02,,Active,49.35,Monthly
SUB006020,CU006020,PL01,2025-01-19,,Active,44.0,Monthly
SUB006021,CU006021,PL01,2026-05-08,,Active,59.82,Annual
SUB006022,CU006022,PL01,2025-04-04,,Active,47.93,Monthly
SUB006023,CU006023,PL01,2024-12-01,2025-05-27,Churned,52.01,Monthly
SUB006024,CU006024,PL01,2024-03-24,2024-08-18,Churned,42.41,Annual
SUB006025,CU006025,PL01,2025-09-14,,Active,54.01,Annual
SUB006026,CU006026,PL03,2023-12-06,,Active,406.66,Annual
SUB006027,CU006027,PL01,2022-04-25,,Active,42.2,Monthly
SUB006028,CU006028,PL03,2022-12-28,,Active,441.09,Annual
SUB006029,CU006029,PL02,2025-11-26,,Active,165.51,Annual
SUB006030,CU006030,PL01,2025-07-04,,Active,60.57,Annual
SUB006031,CU006031,PL03,2023-01-14,,Active,390.81,Annual
SUB006032,CU006032,PL04,2024-10-09,,Active,1285.46,Annual
SUB006033,CU006033,PL03,2023-04-25,2025-10-14,Churned,387.55,Monthly
SUB006034,CU006034,PL02,2024-09-18,,Active,163.65,Annual
SUB006035,CU006035,PL03,2022-08-08,,Active,459.31,Annual
SUB006036,CU006036,PL02,2024-12-25,,Active,156.48,Monthly
SUB006037,CU006037,PL03,2023-05-09,,Active,372.27,Annual
SUB006038,CU006038,PL01,2024-01-23,,Active,49.96,Monthly
SUB006039,CU006039,PL02,2022-09-14,,Active,157.24,Annual
SUB006040,CU006040,PL03,2023-05-09,,Active,412.08,Annual
SUB006041,CU006041,PL01,2023-11-15,,Active,52.89,Annual
SUB006042,CU006042,PL01,2023-01-11,,Active,58.24,Annual
SUB006043,CU006043,PL02,2022-12-08,2024-11-12,Churned,176.53,Monthly
SUB006044,CU006044,PL03,2023-03-04,,Active,409.08,Annual
SUB006045,CU006045,PL01,2024-12-27,,Active,56.85,Monthly
SUB006046,CU006046,PL02,2023-10-20,,Active,178.19,Annual
SUB006047,CU006047,PL01,2022-12-05,,Active,59.72,Annual
SUB006048,CU006048,PL01,2022-12-03,,Active,47.52,Monthly
SUB006049,CU006049,PL02,2023-08-05,2025-02-22,Churned,160.23,Monthly
SUB006050,CU006050,PL01,2023-06-02,,Active,47.05,Monthly
SUB006051,CU006051,PL02,2022-03-24,2025-08-31,Churned,137.61,Annual
SUB006052,CU006052,PL02,2025-01-04,,Active,140.94,Monthly
SUB006053,CU006053,PL01,2023-10-06,2026-04-20,Churned,45.61,Monthly
SUB006054,CU006054,PL02,2023-10-16,,Active,167.78,Monthly
SUB006055,CU006055,PL01,2024-04-26,,Active,53.79,Annual
SUB006056,CU006056,PL01,2024-07-02,2025-04-11,Churned,47.48,Monthly
SUB006057,CU006057,PL02,2023-11-28,2025-01-01,Churned,150.78,Monthly
SUB006058,CU006058,PL01,2022-08-31,,Active,56.89,Annual
SUB006059,CU006059,PL01,2023-04-02,2024-11-20,Churned,56.29,Monthly
SUB006060,CU006060,PL02,2022-10-23,,Active,178.86,Annual
SUB006061,CU006061,PL04,2023-05-06,,Active,1292.51,Monthly
SUB006062,CU006062,PL01,2022-02-17,,Active,45.28,Monthly
SUB006063,CU006063,PL02,2022-09-21,,Active,140.79,Annual
SUB006064,CU006064,PL02,2022-11-12,,Active,152.24,Annual
SUB006065,CU006065,PL02,2024-02-17,,Active,162.13,Annual
SUB006066,CU006066,PL02,2022-06-21,,Active,127.25,Annual
SUB006067,CU006067,PL02,2025-11-24,,Active,140.28,Monthly
SUB006068,CU006068,PL04,2023-08-29,,Active,1333.22,Annual
SUB006069,CU006069,PL01,2025-11-03,2026-06-16,Churned,52.9,Monthly
SUB006070,CU006070,PL03,2024-09-20,,Active,491.77,Annual
SUB006071,CU006071,PL02,2023-11-10,,Active,163.28,Annual
SUB006072,CU006072,PL01,2024-09-30,,Active,52.68,Monthly
SUB006073,CU006073,PL02,2022-07-27,,Active,143.1,Monthly
SUB006074,CU006074,PL01,2023-02-17,,Active,53.58,Annual
SUB006075,CU006075,PL03,2025-07-31,,Active,492.21,Annual
SUB006076,CU006076,PL02,2025-04-24,2026-08-13,Churned,126.94,Annual
SUB006077,CU006077,PL03,2022-08-30,,Active,398.18,Annual
SUB006078,CU006078,PL03,2026-03-01,,Active,365.81,Monthly
SUB006079,CU006079,PL01,2025-04-29,2026-07-28,Churned,59.41,Monthly
SUB006080,CU006080,PL03,2025-08-14,,Active,474.63,Annual
SUB006081,CU006081,PL01,2025-11-08,,Active,58.32,Monthly
SUB006082,CU006082,PL01,2022-06-20,,Active,58.7,Annual
SUB006083,CU006083,PL02,2025-11-20,,Active,165.82,Annual
SUB006084,CU006084,PL03,2024-05-29,,Active,340.25,Monthly
SUB006085,CU006085,PL03,2024-07-20,,Active,408.79,Monthly
SUB006086,CU006086,PL03,2023-03-26,,Active,439.85,Annual
SUB006087,CU006087,PL01,2024-12-18,,Active,56.26,Monthly
SUB006088,CU006088,PL04,2022-09-11,,Active,1169.74,Annual
SUB006089,CU006089,PL03,2024-09-13,,Active,423.88,Annual
SUB006090,CU006090,PL01,2025-06-20,,Active,52.22,Annual
SUB006091,CU006091,PL03,2022-07-05,,Active,497.07,Monthly
SUB006092,CU006092,PL02,2022-08-18,,Active,142.19,Annual
SUB006093,CU006093,PL01,2024-08-18,,Active,47.37,Monthly
SUB006094,CU006094,PL04,2024-06-17,,Active,1075.62,Annual
SUB006095,CU006095,PL03,2024-08-05,,Active,484.24,Monthly
SUB006096,CU006096,PL03,2023-05-24,,Active,370.08,Monthly
SUB006097,CU006097,PL03,2023-10-20,,Active,396.03,Annual
SUB006098,CU006098,PL04,2024-08-17,,Active,1454.07,Monthly
SUB006099,CU006099,PL03,2024-10-24,,Active,348.43,Monthly
SUB006100,CU006100,PL02,2025-06-13,,Active,181.31,Annual
SUB006101,CU006101,PL01,2022-11-13,,Active,60.86,Monthly
SUB006102,CU006102,PL03,2022-09-05,,Active,434.8,Monthly
SUB006103,CU006103,PL02,2023-06-22,,Active,149.65,Monthly
SUB006104,CU006104,PL01,2022-10-23,2023-04-20,Churned,54.09,Annual
SUB006105,CU006105,PL02,2025-05-02,,Active,162.93,Monthly
SUB006106,CU006106,PL01,2025-02-14,,Active,59.53,Annual
SUB006107,CU006107,PL01,2022-12-15,,Active,46.35,Annual
SUB006108,CU006108,PL03,2024-09-14,,Active,368.02,Monthly
SUB006109,CU006109,PL02,2023-03-27,,Active,152.04,Monthly
SUB006110,CU006110,PL01,2023-08-29,,Active,48.19,Annual
SUB006111,CU006111,PL01,2026-04-10,,Active,56.32,Monthly
SUB006112,CU006112,PL03,2022-08-13,2025-06-11,Churned,394.11,Monthly
SUB006113,CU006113,PL03,2022-12-26,2025-12-21,Churned,476.28,Monthly
SUB006114,CU006114,PL03,2023-11-17,,Active,448.63,Annual
SUB006115,CU006115,PL01,2023-04-28,,Active,51.93,Monthly
SUB006116,CU006116,PL01,2024-07-29,,Active,50.95,Monthly
SUB006117,CU006117,PL03,2022-03-19,2023-02-21,Churned,362.35,Monthly
SUB006118,CU006118,PL01,2024-05-03,2026-05-10,Churned,58.41,Annual
SUB006119,CU006119,PL04,2024-08-12,,Active,1408.42,Monthly
SUB006120,CU006120,PL03,2024-03-17,,Active,348.32,Annual
SUB006121,CU006121,PL01,2023-09-18,,Active,46.08,Monthly
SUB006122,CU006122,PL03,2026-05-29,,Active,429.37,Monthly
SUB006123,CU006123,PL01,2022-07-19,2025-09-10,Churned,42.19,Monthly
SUB006124,CU006124,PL01,2023-04-19,2023-09-08,Churned,45.59,Annual
SUB006125,CU006125,PL01,2024-07-06,2026-03-10,Churned,43.1,Annual
SUB006126,CU006126,PL01,2023-11-05,,Active,54.05,Monthly
SUB006127,CU006127,PL01,2023-07-29,,Active,59.92,Annual
SUB006128,CU006128,PL02,2022-05-14,,Active,136.08,Annual
SUB006129,CU006129,PL02,2023-12-27,2024-12-22,Churned,135.1,Monthly
SUB006130,CU006130,PL04,2023-08-27,,Active,1047.29,Annual
SUB006131,CU006131,PL01,2023-03-02,,Active,49.16,Annual
SUB006132,CU006132,PL02,2026-01-09,,Active,151.05,Annual
SUB006133,CU006133,PL03,2023-10-11,,Active,402.58,Monthly
SUB006134,CU006134,PL02,2022-03-11,,Active,148.18,Monthly
SUB006135,CU006135,PL02,2025-05-14,,Active,177.71,Annual
SUB006136,CU006136,PL03,2025-04-18,,Active,448.95,Annual
SUB006137,CU006137,PL02,2023-11-21,,Active,134.43,Annual
SUB006138,CU006138,PL01,2023-03-27,2025-12-20,Churned,60.09,Annual
SUB006139,CU006139,PL01,2025-07-29,,Active,44.45,Annual
SUB006140,CU006140,PL01,2022-11-18,,Active,47.46,Monthly
SUB006141,CU006141,PL02,2022-04-09,,Active,183.26,Annual
SUB006142,CU006142,PL01,2024-02-01,,Active,51.18,Annual
SUB006143,CU006143,PL04,2022-12-31,,Active,1465.61,Monthly
SUB006144,CU006144,PL03,2026-01-16,,Active,495.61,Annual
SUB006145,CU006145,PL02,2024-08-05,,Active,137.89,Annual
SUB006146,CU006146,PL03,2024-07-05,,Active,371.05,Annual
SUB006147,CU006147,PL02,2023-06-01,,Active,182.29,Annual
SUB006148,CU006148,PL03,2022-05-07,,Active,368.62,Monthly
SUB006149,CU006149,PL02,2022-10-10,,Active,156.64,Monthly
SUB006150,CU006150,PL01,2023-08-02,2025-05-05,Churned,45.25,Monthly
SUB006151,CU006151,PL02,2024-03-17,2026-07-31,Churned,135.58,Monthly
SUB006152,CU006152,PL02,2024-07-28,,Active,178.33,Annual
SUB006153,CU006153,PL01,2026-01-09,,Active,58.75,Annual
SUB006154,CU006154,PL03,2023-04-27,,Active,441.66,Monthly
SUB006155,CU006155,PL01,2022-05-27,2025-04-11,Churned,44.17,Monthly
SUB006156,CU006156,PL03,2023-06-06,,Active,352.17,Annual
SUB006157,CU006157,PL02,2025-03-10,,Active,167.33,Annual
SUB006158,CU006158,PL01,2022-04-05,,Active,51.02,Monthly
SUB006159,CU006159,PL01,2024-11-14,,Active,51.27,Annual
SUB006160,CU006160,PL02,2024-11-05,,Active,179.67,Monthly
SUB006161,CU006161,PL02,2024-02-08,,Active,177.6,Monthly
SUB006162,CU006162,PL03,2024-03-29,,Active,418.7,Monthly
SUB006163,CU006163,PL02,2026-02-19,,Active,141.22,Annual
SUB006164,CU006164,PL02,2022-07-31,2025-06-23,Churned,155.34,Monthly
SUB006165,CU006165,PL01,2022-02-20,2023-01-03,Churned,43.21,Monthly
SUB006166,CU006166,PL03,2026-06-28,,Active,394.42,Monthly
SUB006167,CU006167,PL01,2022-01-12,,Active,41.78,Annual
SUB006168,CU006168,PL01,2024-06-15,,Active,53.0,Monthly
SUB006169,CU006169,PL01,2022-06-14,,Active,44.03,Monthly
SUB006170,CU006170,PL03,2024-09-29,,Active,383.88,Annual
SUB006171,CU006171,PL01,2023-09-24,,Active,54.16,Annual
SUB006172,CU006172,PL02,2022-03-28,,Active,160.5,Monthly
SUB006173,CU006173,PL02,2024-11-01,,Active,130.51,Annual
SUB006174,CU006174,PL03,2023-09-03,,Active,352.25,Monthly
SUB006175,CU006175,PL02,2024-11-29,2026-08-04,Churned,186.17,Annual
SUB006176,CU006176,PL01,2024-07-25,,Active,46.3,Monthly
SUB006177,CU006177,PL01,2026-01-28,,Active,56.72,Annual
SUB006178,CU006178,PL01,2022-01-24,2022-11-25,Churned,51.26,Annual
SUB006179,CU006179,PL02,2025-09-28,,Active,133.53,Annual
SUB006180,CU006180,PL04,2023-09-19,,Active,1207.05,Annual
SUB006181,CU006181,PL03,2024-06-08,,Active,437.89,Annual
SUB006182,CU006182,PL03,2022-06-30,,Active,475.67,Monthly
SUB006183,CU006183,PL02,2023-07-01,,Active,165.11,Annual
SUB006184,CU006184,PL01,2023-09-19,2024-12-01,Churned,50.12,Annual
SUB006185,CU006185,PL02,2023-03-12,,Active,168.27,Monthly
SUB006186,CU006186,PL02,2022-09-16,,Active,166.58,Monthly
SUB006187,CU006187,PL02,2022-01-08,2025-12-13,Churned,177.96,Monthly
SUB006188,CU006188,PL03,2024-12-03,,Active,455.4,Annual
SUB006189,CU006189,PL03,2023-12-15,2025-02-20,Churned,361.68,Monthly
SUB006190,CU006190,PL04,2024-09-26,,Active,1383.6,Annual
SUB006191,CU006191,PL02,2025-09-28,,Active,155.89,Annual
SUB006192,CU006192,PL03,2026-05-29,,Active,467.88,Annual
SUB006193,CU006193,PL01,2024-07-11,,Active,49.64,Monthly
SUB006194,CU006194,PL02,2024-07-22,,Active,170.95,Annual
SUB006195,CU006195,PL01,2024-05-02,,Active,57.53,Monthly
SUB006196,CU006196,PL01,2024-10-19,2025-09-05,Churned,58.14,Monthly
SUB006197,CU006197,PL01,2022-05-15,,Active,58.99,Monthly
SUB006198,CU006198,PL03,2022-06-16,2024-07-13,Churned,436.37,Monthly
SUB006199,CU006199,PL01,2023-03-16,,Active,53.57,Annual
SUB006200,CU006200,PL02,2024-12-11,,Active,159.09,Monthly
SUB006201,CU006201,PL03,2023-12-22,,Active,449.67,Annual
SUB006202,CU006202,PL01,2025-07-18,,Active,55.59,Annual
SUB006203,CU006203,PL02,2025-10-30,,Active,131.59,Annual
SUB006204,CU006204,PL02,2025-04-07,,Active,164.31,Annual
SUB006205,CU006205,PL02,2026-02-05,,Active,151.49,Monthly
SUB006206,CU006206,PL03,2023-06-22,,Active,461.93,Annual
SUB006207,CU006207,PL01,2024-02-20,,Active,46.11,Annual
SUB006208,CU006208,PL02,2022-10-02,,Active,130.0,Monthly
SUB006209,CU006209,PL01,2022-03-11,,Active,57.68,Annual
SUB006210,CU006210,PL01,2023-11-26,2024-08-03,Churned,47.79,Monthly
SUB006211,CU006211,PL03,2024-10-02,,Active,369.99,Annual
SUB006212,CU006212,PL04,2022-07-21,,Active,1489.59,Annual
SUB006213,CU006213,PL02,2025-05-26,,Active,147.17,Annual
SUB006214,CU006214,PL03,2023-08-04,,Active,448.94,Annual
SUB006215,CU006215,PL01,2025-10-28,,Active,43.3,Annual
SUB006216,CU006216,PL04,2024-02-07,,Active,1075.51,Monthly
SUB006217,CU006217,PL03,2023-08-25,,Active,443.6,Monthly
SUB006218,CU006218,PL04,2022-08-06,,Active,1271.73,Annual
SUB006219,CU006219,PL03,2024-07-13,,Active,383.63,Annual
SUB006220,CU006220,PL01,2023-12-28,2025-01-02,Churned,46.21,Annual
SUB006221,CU006221,PL03,2022-06-28,,Active,372.56,Annual
SUB006222,CU006222,PL01,2026-02-15,2026-06-19,Churned,46.21,Annual
SUB006223,CU006223,PL03,2026-01-08,,Active,482.46,Annual
SUB006224,CU006224,PL04,2025-11-17,,Active,1254.81,Annual
SUB006225,CU006225,PL01,2025-06-16,2026-08-23,Churned,42.42,Monthly
SUB006226,CU006226,PL02,2023-05-19,2025-11-28,Churned,154.39,Annual
SUB006227,CU006227,PL02,2023-04-05,,Active,173.77,Annual
SUB006228,CU006228,PL02,2023-07-16,,Active,177.85,Monthly
SUB006229,CU006229,PL01,2023-10-31,,Active,55.18,Annual
SUB006230,CU006230,PL02,2025-02-20,,Active,176.23,Monthly
SUB006231,CU006231,PL01,2023-06-07,,Active,49.03,Monthly
SUB006232,CU006232,PL02,2025-05-02,,Active,180.09,Monthly
SUB006233,CU006233,PL03,2023-12-22,,Active,344.86,Annual
SUB006234,CU006234,PL02,2024-07-01,,Active,162.87,Annual
SUB006235,CU006235,PL02,2026-06-27,,Active,172.73,Annual
SUB006236,CU006236,PL02,2026-01-16,,Active,156.73,Monthly
SUB006237,CU006237,PL02,2022-01-04,,Active,168.11,Annual
SUB006238,CU006238,PL01,2024-08-09,2026-07-17,Churned,47.5,Monthly
SUB006239,CU006239,PL02,2024-04-13,,Active,153.79,Monthly
SUB006240,CU006240,PL02,2022-05-28,,Active,143.6,Annual
SUB006241,CU006241,PL01,2023-11-29,,Active,53.65,Annual
SUB006242,CU006242,PL04,2024-01-15,,Active,1196.83,Monthly
SUB006243,CU006243,PL02,2023-12-19,,Active,174.41,Annual
SUB006244,CU006244,PL04,2022-10-28,,Active,1235.13,Annual
SUB006245,CU006245,PL01,2026-01-14,,Active,52.64,Annual
SUB006246,CU006246,PL02,2024-11-03,,Active,154.73,Monthly
SUB006247,CU006247,PL02,2025-04-28,,Active,172.42,Monthly
SUB006248,CU006248,PL01,2023-12-02,,Active,49.37,Monthly
SUB006249,CU006249,PL02,2023-09-20,2026-02-28,Churned,140.23,Monthly
SUB006250,CU006250,PL03,2025-06-29,,Active,428.75,Monthly
SUB006251,CU006251,PL02,2022-06-29,,Active,156.07,Monthly
SUB006252,CU006252,PL02,2022-01-19,,Active,152.25,Monthly
SUB006253,CU006253,PL01,2022-07-27,2026-03-18,Churned,53.12,Monthly
SUB006254,CU006254,PL02,2024-06-26,,Active,180.41,Annual
SUB006255,CU006255,PL04,2023-04-09,,Active,1072.69,Monthly
SUB006256,CU006256,PL01,2022-12-14,,Active,44.42,Annual
SUB006257,CU006257,PL02,2023-11-09,,Active,148.07,Annual
SUB006258,CU006258,PL02,2024-03-19,,Active,171.09,Monthly
SUB006259,CU006259,PL02,2022-05-22,,Active,167.6,Annual
SUB006260,CU006260,PL01,2025-07-01,,Active,52.39,Annual
SUB006261,CU006261,PL01,2023-06-04,2024-01-12,Churned,59.04,Annual
SUB006262,CU006262,PL03,2022-03-21,,Active,344.42,Monthly
SUB006263,CU006263,PL02,2023-07-17,,Active,138.97,Monthly
SUB006264,CU006264,PL02,2023-10-24,,Active,166.9,Monthly
SUB006265,CU006265,PL03,2026-03-11,,Active,409.9,Monthly
SUB006266,CU006266,PL02,2022-09-07,,Active,151.26,Annual
SUB006267,CU006267,PL01,2026-04-01,,Active,51.94,Monthly
SUB006268,CU006268,PL01,2025-10-26,,Active,45.76,Monthly
SUB006269,CU006269,PL02,2023-08-22,,Active,137.77,Monthly
SUB006270,CU006270,PL03,2023-07-22,,Active,365.71,Annual
SUB006271,CU006271,PL04,2023-11-11,,Active,1459.4,Monthly
SUB006272,CU006272,PL03,2022-06-26,,Active,446.0,Annual
SUB006273,CU006273,PL01,2022-05-12,2023-08-20,Churned,48.72,Monthly
SUB006274,CU006274,PL01,2023-08-11,,Active,47.36,Annual
SUB006275,CU006275,PL01,2024-10-11,2025-08-13,Churned,55.88,Annual
SUB006276,CU006276,PL03,2022-06-12,,Active,394.85,Monthly
SUB006277,CU006277,PL01,2024-02-16,2024-06-22,Churned,50.86,Monthly
SUB006278,CU006278,PL01,2025-10-13,2026-03-17,Churned,60.84,Annual
SUB006279,CU006279,PL03,2022-09-04,,Active,407.18,Monthly
SUB006280,CU006280,PL03,2024-05-08,,Active,469.04,Annual
SUB006281,CU006281,PL01,2022-07-01,,Active,52.15,Monthly
SUB006282,CU006282,PL01,2026-01-07,,Active,54.06,Monthly
SUB006283,CU006283,PL02,2025-06-19,,Active,152.71,Annual
SUB006284,CU006284,PL02,2022-12-01,,Active,185.06,Monthly
SUB006285,CU006285,PL01,2024-08-25,,Active,57.74,Monthly
SUB006286,CU006286,PL03,2023-02-14,,Active,465.9,Annual
SUB006287,CU006287,PL03,2022-05-13,,Active,437.81,Monthly
SUB006288,CU006288,PL01,2023-01-30,,Active,43.29,Monthly
SUB006289,CU006289,PL03,2024-01-13,,Active,372.04,Annual
SUB006290,CU006290,PL01,2023-11-06,2025-05-04,Churned,48.13,Monthly
SUB006291,CU006291,PL01,2023-10-02,,Active,45.32,Monthly
SUB006292,CU006292,PL01,2026-01-20,2026-07-29,Churned,46.52,Monthly
SUB006293,CU006293,PL01,2024-02-15,,Active,44.37,Annual
SUB006294,CU006294,PL02,2026-02-25,,Active,158.49,Annual
SUB006295,CU006295,PL01,2024-12-20,,Active,47.58,Annual
SUB006296,CU006296,PL02,2025-11-09,2026-03-10,Churned,178.68,Monthly
SUB006297,CU006297,PL01,2023-05-08,,Active,50.73,Annual
SUB006298,CU006298,PL02,2024-11-19,,Active,147.9,Annual
SUB006299,CU006299,PL02,2022-01-25,2025-10-01,Churned,186.02,Monthly
SUB006300,CU006300,PL01,2022-09-19,,Active,54.29,Monthly
SUB006301,CU006301,PL02,2023-05-14,,Active,176.51,Monthly
SUB006302,CU006302,PL04,2026-05-18,,Active,1202.38,Monthly
SUB006303,CU006303,PL01,2026-04-08,,Active,55.84,Annual
SUB006304,CU006304,PL01,2026-06-27,,Active,53.51,Annual
SUB006305,CU006305,PL02,2026-02-11,,Active,171.09,Annual
SUB006306,CU006306,PL01,2022-03-02,,Active,55.68,Monthly
SUB006307,CU006307,PL02,2025-04-09,,Active,161.77,Monthly
SUB006308,CU006308,PL02,2025-07-31,,Active,163.73,Annual
SUB006309,CU006309,PL02,2026-04-30,,Active,137.96,Monthly
SUB006310,CU006310,PL01,2023-04-20,2024-10-12,Churned,52.16,Monthly
SUB006311,CU006311,PL02,2025-01-18,,Active,131.77,Annual
SUB006312,CU006312,PL02,2023-07-21,,Active,128.72,Monthly
SUB006313,CU006313,PL02,2023-04-06,2025-09-02,Churned,162.1,Annual
SUB006314,CU006314,PL01,2025-05-26,2026-04-07,Churned,55.21,Monthly
SUB006315,CU006315,PL02,2023-11-23,,Active,134.23,Annual
SUB006316,CU006316,PL01,2023-03-30,,Active,53.3,Monthly
SUB006317,CU006317,PL02,2024-04-09,,Active,158.3,Annual
SUB006318,CU006318,PL04,2024-04-08,,Active,1499.66,Monthly
SUB006319,CU006319,PL01,2023-12-16,,Active,45.8,Annual
SUB006320,CU006320,PL01,2025-05-22,,Active,56.4,Annual
SUB006321,CU006321,PL02,2025-02-02,,Active,161.0,Monthly
SUB006322,CU006322,PL03,2025-06-15,,Active,354.25,Annual
SUB006323,CU006323,PL03,2022-04-10,,Active,395.91,Monthly
SUB006324,CU006324,PL02,2023-06-04,2024-10-08,Churned,178.93,Annual
SUB006325,CU006325,PL01,2024-05-23,,Active,49.52,Annual
SUB006326,CU006326,PL02,2025-12-06,,Active,149.81,Monthly
SUB006327,CU006327,PL01,2026-06-21,,Active,45.9,Annual
SUB006328,CU006328,PL03,2024-09-21,,Active,343.35,Annual
SUB006329,CU006329,PL02,2025-10-08,,Active,146.12,Annual
SUB006330,CU006330,PL03,2024-11-09,2026-08-05,Churned,350.82,Monthly
SUB006331,CU006331,PL03,2022-10-26,2024-08-01,Churned,460.06,Monthly
SUB006332,CU006332,PL01,2023-02-27,,Active,45.46,Annual
SUB006333,CU006333,PL01,2022-06-03,,Active,42.31,Annual
SUB006334,CU006334,PL03,2024-08-09,,Active,359.87,Monthly
SUB006335,CU006335,PL01,2023-10-21,,Active,58.63,Annual
SUB006336,CU006336,PL03,2024-01-05,,Active,473.74,Monthly
SUB006337,CU006337,PL01,2024-01-05,,Active,53.37,Annual
SUB006338,CU006338,PL02,2023-10-19,,Active,185.63,Monthly
SUB006339,CU006339,PL02,2023-11-13,,Active,163.69,Monthly
SUB006340,CU006340,PL02,2024-05-07,,Active,170.57,Monthly
SUB006341,CU006341,PL01,2025-07-05,2026-06-20,Churned,53.02,Annual
SUB006342,CU006342,PL01,2024-07-09,2026-03-13,Churned,44.73,Annual
SUB006343,CU006343,PL02,2025-10-31,2026-05-04,Churned,141.04,Monthly
SUB006344,CU006344,PL02,2024-06-17,,Active,143.89,Monthly
SUB006345,CU006345,PL03,2022-07-13,2024-11-17,Churned,472.27,Monthly
SUB006346,CU006346,PL03,2022-03-03,,Active,364.01,Annual
SUB006347,CU006347,PL01,2022-01-21,,Active,50.03,Annual
SUB006348,CU006348,PL02,2023-03-21,,Active,160.7,Annual
SUB006349,CU006349,PL02,2024-07-16,,Active,160.35,Monthly
SUB006350,CU006350,PL02,2023-03-15,,Active,130.2,Monthly
SUB006351,CU006351,PL03,2022-02-18,,Active,362.57,Monthly
SUB006352,CU006352,PL03,2024-08-17,,Active,498.65,Annual
SUB006353,CU006353,PL01,2022-06-29,2022-10-28,Churned,59.09,Monthly
SUB006354,CU006354,PL01,2024-04-07,,Active,45.95,Annual
SUB006355,CU006355,PL01,2022-06-14,,Active,53.81,Monthly
SUB006356,CU006356,PL01,2022-12-07,,Active,56.12,Monthly
SUB006357,CU006357,PL02,2024-10-08,,Active,170.07,Annual
SUB006358,CU006358,PL02,2025-10-26,2026-06-24,Churned,154.89,Annual
SUB006359,CU006359,PL02,2025-08-11,,Active,173.96,Monthly
SUB006360,CU006360,PL02,2024-10-25,2025-08-26,Churned,181.03,Annual
SUB006361,CU006361,PL02,2023-12-17,,Active,127.03,Annual
SUB006362,CU006362,PL03,2024-01-22,,Active,416.6,Monthly
SUB006363,CU006363,PL01,2025-12-11,2026-03-29,Churned,47.52,Annual
SUB006364,CU006364,PL01,2023-06-07,,Active,50.44,Monthly
SUB006365,CU006365,PL02,2025-10-29,,Active,132.29,Annual
SUB006366,CU006366,PL01,2026-02-06,,Active,58.3,Annual
SUB006367,CU006367,PL01,2023-11-07,,Active,59.01,Monthly
SUB006368,CU006368,PL04,2023-06-29,,Active,1198.82,Annual
SUB006369,CU006369,PL02,2023-12-16,,Active,149.8,Annual
SUB006370,CU006370,PL02,2022-03-09,2024-02-07,Churned,164.11,Monthly
SUB006371,CU006371,PL02,2023-03-02,,Active,160.47,Annual
SUB006372,CU006372,PL02,2025-03-14,2026-07-07,Churned,166.07,Monthly
SUB006373,CU006373,PL02,2023-09-03,,Active,132.66,Annual
SUB006374,CU006374,PL02,2022-05-24,,Active,161.59,Monthly
SUB006375,CU006375,PL04,2025-01-18,,Active,1241.01,Monthly
SUB006376,CU006376,PL02,2026-06-24,,Active,129.03,Annual
SUB006377,CU006377,PL01,2023-07-28,,Active,45.29,Annual
SUB006378,CU006378,PL02,2022-04-06,,Active,170.19,Monthly
SUB006379,CU006379,PL01,2023-05-21,,Active,56.96,Monthly
SUB006380,CU006380,PL03,2023-09-13,,Active,373.46,Annual
SUB006381,CU006381,PL02,2023-10-24,,Active,166.94,Monthly
SUB006382,CU006382,PL01,2024-01-16,,Active,43.52,Monthly
SUB006383,CU006383,PL02,2025-05-26,,Active,169.43,Monthly
SUB006384,CU006384,PL01,2023-07-31,,Active,46.5,Annual
SUB006385,CU006385,PL02,2023-07-06,,Active,141.4,Annual
SUB006386,CU006386,PL02,2024-08-20,2024-12-24,Churned,168.67,Annual
SUB006387,CU006387,PL01,2025-07-09,,Active,54.27,Monthly
SUB006388,CU006388,PL02,2026-03-25,,Active,155.24,Monthly
SUB006389,CU006389,PL03,2022-10-07,,Active,443.42,Monthly
SUB006390,CU006390,PL02,2025-12-06,2026-06-08,Churned,141.63,Annual
SUB006391,CU006391,PL01,2023-07-22,2024-08-01,Churned,47.85,Monthly
SUB006392,CU006392,PL04,2023-10-25,,Active,1024.57,Monthly
SUB006393,CU006393,PL03,2025-07-13,,Active,384.27,Monthly
SUB006394,CU006394,PL01,2023-01-27,,Active,59.97,Annual
SUB006395,CU006395,PL03,2022-08-14,2025-06-25,Churned,461.36,Annual
SUB006396,CU006396,PL01,2023-07-05,,Active,47.8,Annual
SUB006397,CU006397,PL01,2025-08-10,,Active,44.74,Monthly
SUB006398,CU006398,PL02,2024-10-08,,Active,178.89,Monthly
SUB006399,CU006399,PL01,2022-09-15,,Active,50.59,Annual
SUB006400,CU006400,PL01,2026-03-17,,Active,44.11,Monthly
SUB006401,CU006401,PL02,2022-09-02,,Active,156.79,Annual
SUB006402,CU006402,PL02,2026-06-16,,Active,185.69,Monthly
SUB006403,CU006403,PL01,2022-05-28,,Active,49.02,Monthly
SUB006404,CU006404,PL02,2023-09-21,,Active,127.24,Monthly
SUB006405,CU006405,PL03,2026-03-14,,Active,468.51,Annual
SUB006406,CU006406,PL01,2024-08-12,,Active,42.19,Monthly
SUB006407,CU006407,PL01,2025-05-31,,Active,49.66,Monthly
SUB006408,CU006408,PL01,2026-05-27,,Active,42.29,Monthly
SUB006409,CU006409,PL02,2022-12-16,2026-01-03,Churned,170.09,Monthly
SUB006410,CU006410,PL01,2026-01-17,,Active,58.08,Monthly
SUB006411,CU006411,PL02,2025-07-15,,Active,168.37,Annual
SUB006412,CU006412,PL02,2024-12-14,,Active,180.12,Monthly
SUB006413,CU006413,PL01,2023-12-27,,Active,42.42,Monthly
SUB006414,CU006414,PL03,2026-06-26,,Active,496.07,Annual
SUB006415,CU006415,PL01,2022-02-23,,Active,47.52,Annual
SUB006416,CU006416,PL01,2025-04-24,2025-12-03,Churned,60.59,Monthly
SUB006417,CU006417,PL03,2022-07-04,,Active,465.5,Annual
SUB006418,CU006418,PL03,2023-05-12,,Active,469.55,Annual
SUB006419,CU006419,PL01,2022-05-22,,Active,42.15,Annual
SUB006420,CU006420,PL02,2025-01-14,,Active,155.92,Annual
SUB006421,CU006421,PL01,2025-09-15,,Active,47.37,Annual
SUB006422,CU006422,PL03,2023-10-07,,Active,397.55,Monthly
SUB006423,CU006423,PL03,2022-10-15,,Active,457.4,Annual
SUB006424,CU006424,PL02,2023-08-07,2024-06-28,Churned,138.29,Monthly
SUB006425,CU006425,PL03,2026-06-15,,Active,477.68,Monthly
SUB006426,CU006426,PL01,2022-03-07,2023-05-11,Churned,49.08,Annual
SUB006427,CU006427,PL01,2024-06-19,,Active,48.07,Monthly
SUB006428,CU006428,PL02,2026-02-27,,Active,168.87,Annual
SUB006429,CU006429,PL03,2024-06-08,,Active,344.75,Monthly
SUB006430,CU006430,PL01,2025-05-25,,Active,54.0,Monthly
SUB006431,CU006431,PL04,2025-01-23,,Active,1171.03,Monthly
SUB006432,CU006432,PL04,2023-11-18,,Active,1496.29,Monthly
SUB006433,CU006433,PL02,2023-10-14,2024-08-06,Churned,173.69,Monthly
SUB006434,CU006434,PL03,2026-02-08,2026-08-26,Churned,402.09,Monthly
SUB006435,CU006435,PL01,2022-06-09,2023-07-23,Churned,53.58,Monthly
SUB006436,CU006436,PL04,2025-08-27,2025-12-25,Churned,1130.37,Annual
SUB006437,CU006437,PL02,2024-08-30,2025-11-22,Churned,142.76,Annual
SUB006438,CU006438,PL02,2022-02-01,2024-05-02,Churned,179.32,Annual
SUB006439,CU006439,PL02,2025-05-27,2026-07-05,Churned,177.13,Monthly
SUB006440,CU006440,PL02,2026-01-08,,Active,145.44,Annual
SUB006441,CU006441,PL04,2024-10-20,,Active,1460.04,Annual
SUB006442,CU006442,PL03,2025-10-31,,Active,359.26,Monthly
SUB006443,CU006443,PL02,2023-05-03,,Active,182.26,Annual
SUB006444,CU006444,PL02,2022-07-01,,Active,176.16,Annual
SUB006445,CU006445,PL01,2023-07-27,,Active,55.72,Monthly
SUB006446,CU006446,PL04,2022-10-06,,Active,1442.01,Annual
SUB006447,CU006447,PL01,2022-08-03,2024-03-29,Churned,45.32,Monthly
SUB006448,CU006448,PL03,2022-12-26,2025-03-18,Churned,486.46,Monthly
SUB006449,CU006449,PL03,2024-09-15,,Active,395.9,Annual
SUB006450,CU006450,PL02,2025-01-11,,Active,157.32,Monthly
SUB006451,CU006451,PL04,2025-03-28,,Active,1255.68,Annual
SUB006452,CU006452,PL02,2024-02-22,,Active,177.27,Monthly
SUB006453,CU006453,PL02,2024-02-04,2025-02-14,Churned,177.13,Annual
SUB006454,CU006454,PL03,2024-07-01,,Active,472.9,Annual
SUB006455,CU006455,PL04,2024-12-30,,Active,1305.94,Monthly
SUB006456,CU006456,PL02,2023-11-20,2026-02-13,Churned,141.28,Annual
SUB006457,CU006457,PL02,2025-07-10,,Active,173.15,Monthly
SUB006458,CU006458,PL01,2025-03-07,,Active,42.44,Annual
SUB006459,CU006459,PL01,2025-12-04,2026-04-27,Churned,46.22,Monthly
SUB006460,CU006460,PL03,2024-08-02,,Active,420.89,Annual
SUB006461,CU006461,PL02,2024-01-31,2026-03-10,Churned,134.25,Annual
SUB006462,CU006462,PL02,2026-06-12,,Active,152.66,Annual
SUB006463,CU006463,PL01,2024-07-11,2025-07-07,Churned,42.59,Monthly
SUB006464,CU006464,PL03,2026-05-07,,Active,371.09,Monthly
SUB006465,CU006465,PL03,2025-08-27,,Active,340.8,Monthly
SUB006466,CU006466,PL01,2023-06-19,,Active,46.44,Annual
SUB006467,CU006467,PL02,2023-03-25,,Active,166.33,Monthly
SUB006468,CU006468,PL01,2024-03-04,2026-06-27,Churned,42.82,Annual
SUB006469,CU006469,PL03,2025-05-31,2025-09-04,Churned,466.78,Annual
SUB006470,CU006470,PL01,2022-11-05,,Active,47.78,Annual
SUB006471,CU006471,PL01,2023-01-29,,Active,55.71,Annual
SUB006472,CU006472,PL01,2023-01-10,2023-11-09,Churned,43.18,Annual
SUB006473,CU006473,PL03,2026-02-20,2026-07-18,Churned,343.4,Monthly
SUB006474,CU006474,PL03,2025-08-08,,Active,362.71,Annual
SUB006475,CU006475,PL02,2023-09-04,,Active,168.52,Monthly
SUB006476,CU006476,PL01,2023-03-26,2024-04-16,Churned,59.0,Monthly
SUB006477,CU006477,PL02,2022-08-07,,Active,139.61,Annual
SUB006478,CU006478,PL02,2024-04-03,,Active,128.77,Monthly
SUB006479,CU006479,PL01,2022-06-04,2026-02-18,Churned,58.61,Monthly
SUB006480,CU006480,PL04,2024-11-25,2025-06-16,Churned,1095.07,Monthly
SUB006481,CU006481,PL03,2023-04-24,,Active,445.5,Annual
SUB006482,CU006482,PL01,2023-12-16,,Active,60.64,Monthly
SUB006483,CU006483,PL01,2025-10-04,,Active,61.22,Annual
SUB006484,CU006484,PL01,2022-01-08,,Active,53.05,Monthly
SUB006485,CU006485,PL02,2022-01-31,,Active,178.94,Monthly
SUB006486,CU006486,PL03,2025-12-03,,Active,384.32,Annual
SUB006487,CU006487,PL01,2023-03-18,,Active,47.32,Annual
SUB006488,CU006488,PL04,2025-05-26,,Active,1041.69,Annual
SUB006489,CU006489,PL01,2025-10-28,,Active,50.75,Annual
SUB006490,CU006490,PL03,2024-07-02,,Active,377.9,Monthly
SUB006491,CU006491,PL02,2023-10-05,,Active,180.41,Monthly
SUB006492,CU006492,PL02,2023-12-16,,Active,175.85,Annual
SUB006493,CU006493,PL03,2023-04-18,,Active,395.14,Monthly
SUB006494,CU006494,PL03,2024-12-03,,Active,491.01,Annual
SUB006495,CU006495,PL03,2023-07-08,,Active,477.54,Annual
SUB006496,CU006496,PL02,2022-10-07,,Active,184.53,Annual
SUB006497,CU006497,PL03,2025-12-29,,Active,454.52,Monthly
SUB006498,CU006498,PL02,2025-01-24,,Active,175.46,Annual
SUB006499,CU006499,PL02,2025-07-22,,Active,164.8,Monthly
SUB006500,CU006500,PL02,2022-11-29,,Active,166.87,Annual
SUB006501,CU006501,PL01,2026-05-23,,Active,47.72,Annual
SUB006502,CU006502,PL02,2023-01-09,,Active,137.44,Annual
SUB006503,CU006503,PL02,2025-05-21,2026-07-12,Churned,152.13,Monthly
SUB006504,CU006504,PL02,2026-02-12,2026-06-27,Churned,140.5,Annual
SUB006505,CU006505,PL01,2025-11-22,2026-07-29,Churned,45.91,Annual
SUB006506,CU006506,PL03,2023-01-16,,Active,388.92,Annual
SUB006507,CU006507,PL01,2024-07-08,2026-08-27,Churned,51.16,Annual
SUB006508,CU006508,PL01,2026-01-24,,Active,51.39,Monthly
SUB006509,CU006509,PL01,2026-04-03,,Active,55.75,Annual
SUB006510,CU006510,PL01,2022-09-16,,Active,51.53,Monthly
SUB006511,CU006511,PL03,2024-08-01,,Active,490.48,Monthly
SUB006512,CU006512,PL02,2023-08-22,,Active,184.96,Monthly
SUB006513,CU006513,PL01,2023-05-26,,Active,57.02,Monthly
SUB006514,CU006514,PL01,2026-02-11,,Active,54.38,Annual
SUB006515,CU006515,PL03,2023-10-20,,Active,376.23,Annual
SUB006516,CU006516,PL02,2023-03-21,,Active,147.52,Annual
SUB006517,CU006517,PL01,2022-11-26,2024-07-15,Churned,55.6,Annual
SUB006518,CU006518,PL04,2024-08-24,,Active,1063.57,Monthly
SUB006519,CU006519,PL01,2025-07-09,,Active,46.41,Monthly
SUB006520,CU006520,PL01,2024-03-19,,Active,58.75,Annual
SUB006521,CU006521,PL01,2024-01-15,,Active,50.03,Annual
SUB006522,CU006522,PL02,2022-03-31,,Active,163.4,Monthly
SUB006523,CU006523,PL03,2022-03-29,,Active,442.0,Annual
SUB006524,CU006524,PL04,2022-01-27,2022-07-04,Churned,1070.82,Annual
SUB006525,CU006525,PL02,2022-04-02,,Active,160.26,Monthly
SUB006526,CU006526,PL02,2022-12-17,,Active,155.15,Monthly
SUB006527,CU006527,PL02,2023-09-17,,Active,139.57,Annual
SUB006528,CU006528,PL03,2024-06-30,,Active,467.89,Annual
SUB006529,CU006529,PL01,2026-05-10,,Active,47.27,Monthly
SUB006530,CU006530,PL01,2025-05-03,,Active,46.65,Annual
SUB006531,CU006531,PL02,2025-02-28,,Active,130.66,Annual
SUB006532,CU006532,PL02,2025-10-04,2026-03-19,Churned,169.3,Monthly
SUB006533,CU006533,PL01,2022-07-13,,Active,45.05,Annual
SUB006534,CU006534,PL01,2024-06-30,,Active,47.76,Annual
SUB006535,CU006535,PL02,2022-12-26,,Active,129.81,Annual
SUB006536,CU006536,PL01,2023-07-09,,Active,41.83,Monthly
SUB006537,CU006537,PL01,2022-03-21,,Active,55.58,Annual
SUB006538,CU006538,PL02,2022-03-19,,Active,178.12,Monthly
SUB006539,CU006539,PL02,2024-11-05,2026-07-10,Churned,179.98,Monthly
SUB006540,CU006540,PL03,2024-06-04,,Active,450.01,Monthly
SUB006541,CU006541,PL01,2025-12-14,,Active,47.69,Annual
SUB006542,CU006542,PL03,2025-12-30,2026-04-25,Churned,374.39,Annual
SUB006543,CU006543,PL03,2023-06-04,,Active,443.26,Annual
SUB006544,CU006544,PL04,2023-12-15,2024-10-02,Churned,1365.11,Monthly
SUB006545,CU006545,PL01,2023-06-02,,Active,41.73,Annual
SUB006546,CU006546,PL02,2024-12-08,,Active,167.28,Monthly
SUB006547,CU006547,PL01,2023-08-13,2025-11-21,Churned,56.84,Monthly
SUB006548,CU006548,PL01,2025-08-22,2026-02-09,Churned,42.7,Monthly
SUB006549,CU006549,PL02,2023-08-10,,Active,135.52,Monthly
SUB006550,CU006550,PL01,2022-07-27,,Active,43.12,Annual
SUB006551,CU006551,PL02,2023-05-26,,Active,151.08,Monthly
SUB006552,CU006552,PL03,2024-11-28,,Active,418.09,Annual
SUB006553,CU006553,PL03,2022-10-13,2023-08-03,Churned,354.6,Annual
SUB006554,CU006554,PL04,2025-05-05,,Active,1274.88,Annual
SUB006555,CU006555,PL01,2022-09-19,,Active,57.19,Annual
SUB006556,CU006556,PL02,2022-08-23,2025-10-22,Churned,181.26,Monthly
SUB006557,CU006557,PL01,2025-03-04,,Active,46.72,Monthly
SUB006558,CU006558,PL02,2025-08-30,,Active,179.38,Monthly
SUB006559,CU006559,PL01,2026-04-07,,Active,46.9,Annual
SUB006560,CU006560,PL02,2022-09-02,,Active,129.37,Annual
SUB006561,CU006561,PL02,2022-08-04,,Active,135.2,Monthly
SUB006562,CU006562,PL03,2025-11-13,,Active,352.15,Monthly
SUB006563,CU006563,PL01,2024-03-23,2025-02-14,Churned,49.9,Monthly
SUB006564,CU006564,PL01,2024-02-29,,Active,55.44,Annual
SUB006565,CU006565,PL01,2022-07-11,,Active,49.3,Monthly
SUB006566,CU006566,PL02,2023-04-14,,Active,159.06,Annual
SUB006567,CU006567,PL04,2024-10-31,,Active,1285.56,Annual
SUB006568,CU006568,PL01,2023-03-13,,Active,52.14,Annual
SUB006569,CU006569,PL01,2025-07-04,,Active,43.68,Annual
SUB006570,CU006570,PL01,2024-10-28,2025-03-06,Churned,46.42,Monthly
SUB006571,CU006571,PL01,2023-04-28,,Active,53.85,Annual
SUB006572,CU006572,PL02,2022-06-15,,Active,136.86,Annual
SUB006573,CU006573,PL04,2023-02-05,,Active,1297.34,Annual
SUB006574,CU006574,PL01,2022-02-01,2025-11-06,Churned,46.12,Annual
SUB006575,CU006575,PL01,2026-04-03,,Active,48.65,Monthly
SUB006576,CU006576,PL03,2026-03-19,,Active,488.36,Monthly
SUB006577,CU006577,PL02,2022-01-18,,Active,178.6,Monthly
SUB006578,CU006578,PL03,2022-12-08,,Active,455.06,Monthly
SUB006579,CU006579,PL01,2024-06-13,2026-04-30,Churned,46.34,Annual
SUB006580,CU006580,PL03,2025-10-31,,Active,436.08,Annual
SUB006581,CU006581,PL01,2025-11-06,,Active,60.06,Annual
SUB006582,CU006582,PL04,2024-11-01,,Active,1154.39,Annual
SUB006583,CU006583,PL01,2022-06-14,2023-02-21,Churned,42.6,Monthly
SUB006584,CU006584,PL01,2026-05-07,,Active,45.46,Annual
SUB006585,CU006585,PL02,2023-08-11,,Active,182.53,Annual
SUB006586,CU006586,PL04,2022-07-29,,Active,1316.42,Monthly
SUB006587,CU006587,PL02,2023-01-24,,Active,165.87,Annual
SUB006588,CU006588,PL03,2022-04-05,2025-01-02,Churned,481.26,Monthly
SUB006589,CU006589,PL01,2022-03-16,2023-04-30,Churned,51.94,Annual
SUB006590,CU006590,PL04,2023-05-27,,Active,1109.16,Annual
SUB006591,CU006591,PL03,2023-01-25,,Active,358.36,Annual
SUB006592,CU006592,PL01,2024-04-22,,Active,58.55,Monthly
SUB006593,CU006593,PL02,2023-11-11,,Active,154.28,Monthly
SUB006594,CU006594,PL01,2025-08-02,,Active,47.19,Monthly
SUB006595,CU006595,PL02,2022-04-04,,Active,144.19,Annual
SUB006596,CU006596,PL02,2022-04-08,2023-02-19,Churned,179.95,Annual
SUB006597,CU006597,PL02,2023-06-09,2025-10-08,Churned,149.4,Annual
SUB006598,CU006598,PL01,2026-01-09,,Active,54.66,Monthly
SUB006599,CU006599,PL02,2022-11-13,,Active,185.95,Annual
SUB006600,CU006600,PL01,2023-05-20,2024-05-27,Churned,41.99,Monthly
SUB006601,CU006601,PL04,2024-06-03,,Active,1189.63,Annual
SUB006602,CU006602,PL04,2025-08-31,,Active,1326.72,Monthly
SUB006603,CU006603,PL03,2025-12-27,,Active,377.2,Annual
SUB006604,CU006604,PL01,2025-01-14,,Active,46.71,Annual
SUB006605,CU006605,PL02,2025-06-19,,Active,134.6,Monthly
SUB006606,CU006606,PL01,2025-10-08,,Active,41.76,Annual
SUB006607,CU006607,PL03,2026-02-01,,Active,394.92,Annual
SUB006608,CU006608,PL04,2025-11-03,,Active,1153.59,Monthly
SUB006609,CU006609,PL01,2024-07-19,,Active,45.59,Annual
SUB006610,CU006610,PL01,2024-10-08,2025-09-01,Churned,51.37,Monthly
SUB006611,CU006611,PL02,2022-07-19,,Active,168.47,Annual
SUB006612,CU006612,PL02,2024-03-19,2026-08-02,Churned,169.06,Monthly
SUB006613,CU006613,PL01,2024-10-13,,Active,52.42,Annual
SUB006614,CU006614,PL02,2022-11-13,,Active,184.89,Annual
SUB006615,CU006615,PL02,2022-04-28,,Active,149.14,Monthly
SUB006616,CU006616,PL02,2022-06-01,,Active,154.59,Monthly
SUB006617,CU006617,PL03,2023-09-04,,Active,456.51,Annual
SUB006618,CU006618,PL03,2024-03-06,,Active,431.59,Monthly
SUB006619,CU006619,PL03,2024-12-30,,Active,415.7,Monthly
SUB006620,CU006620,PL02,2025-06-14,,Active,175.12,Annual
SUB006621,CU006621,PL02,2023-10-19,2026-08-05,Churned,182.31,Annual
SUB006622,CU006622,PL03,2023-02-28,,Active,349.43,Annual
SUB006623,CU006623,PL01,2023-11-04,,Active,54.03,Annual
SUB006624,CU006624,PL03,2024-06-05,,Active,411.05,Monthly
SUB006625,CU006625,PL02,2025-05-18,2026-03-31,Churned,133.17,Monthly
SUB006626,CU006626,PL01,2024-08-11,,Active,58.22,Monthly
SUB006627,CU006627,PL01,2022-09-25,,Active,42.21,Monthly
SUB006628,CU006628,PL03,2024-11-14,,Active,412.7,Monthly
SUB006629,CU006629,PL04,2022-11-29,,Active,1220.53,Monthly
SUB006630,CU006630,PL03,2023-08-21,2025-10-24,Churned,391.79,Monthly
SUB006631,CU006631,PL01,2022-01-03,,Active,48.52,Monthly
SUB006632,CU006632,PL03,2026-06-26,,Active,381.6,Monthly
SUB006633,CU006633,PL02,2025-03-27,,Active,159.32,Annual
SUB006634,CU006634,PL01,2024-05-30,,Active,43.23,Monthly
SUB006635,CU006635,PL02,2026-05-21,,Active,161.17,Annual
SUB006636,CU006636,PL01,2024-06-17,,Active,42.84,Annual
SUB006637,CU006637,PL02,2024-03-21,,Active,177.91,Monthly
SUB006638,CU006638,PL02,2025-08-18,2026-03-16,Churned,134.43,Annual
SUB006639,CU006639,PL02,2022-04-02,,Active,129.34,Annual
SUB006640,CU006640,PL01,2025-03-10,,Active,53.66,Annual
SUB006641,CU006641,PL02,2023-11-09,,Active,151.62,Annual
SUB006642,CU006642,PL02,2023-09-24,,Active,183.21,Monthly
SUB006643,CU006643,PL01,2024-06-15,,Active,50.46,Annual
SUB006644,CU006644,PL02,2026-03-23,,Active,157.33,Monthly
SUB006645,CU006645,PL02,2022-02-01,2025-11-30,Churned,175.56,Monthly
SUB006646,CU006646,PL01,2025-09-09,,Active,41.72,Annual
SUB006647,CU006647,PL01,2025-06-25,2025-10-31,Churned,53.17,Annual
SUB006648,CU006648,PL01,2024-08-11,,Active,47.2,Annual
SUB006649,CU006649,PL04,2025-07-30,,Active,1438.91,Annual
SUB006650,CU006650,PL04,2023-06-08,2024-08-31,Churned,1056.74,Monthly
SUB006651,CU006651,PL02,2023-07-09,,Active,138.64,Monthly
SUB006652,CU006652,PL02,2026-06-29,,Active,140.43,Annual
SUB006653,CU006653,PL02,2023-11-09,,Active,174.65,Monthly
SUB006654,CU006654,PL02,2023-10-09,,Active,131.06,Monthly
SUB006655,CU006655,PL01,2022-12-18,,Active,55.59,Monthly
SUB006656,CU006656,PL02,2023-12-09,2025-09-11,Churned,170.31,Monthly
SUB006657,CU006657,PL03,2026-03-01,,Active,347.78,Annual
SUB006658,CU006658,PL02,2022-03-07,,Active,176.03,Annual
SUB006659,CU006659,PL02,2024-08-29,,Active,163.89,Monthly
SUB006660,CU006660,PL01,2025-08-15,2026-04-05,Churned,60.68,Monthly
SUB006661,CU006661,PL02,2023-05-29,,Active,159.12,Monthly
SUB006662,CU006662,PL01,2026-04-10,,Active,46.33,Monthly
SUB006663,CU006663,PL03,2024-01-09,,Active,487.73,Annual
SUB006664,CU006664,PL02,2024-01-07,2025-06-05,Churned,178.89,Monthly
SUB006665,CU006665,PL01,2023-11-08,,Active,55.62,Annual
SUB006666,CU006666,PL02,2022-03-17,,Active,180.42,Annual
SUB006667,CU006667,PL02,2023-03-26,,Active,138.5,Annual
SUB006668,CU006668,PL02,2025-04-03,,Active,178.28,Monthly
SUB006669,CU006669,PL02,2022-07-08,,Active,172.17,Monthly
SUB006670,CU006670,PL02,2022-03-05,2024-12-11,Churned,182.68,Monthly
SUB006671,CU006671,PL01,2024-02-02,,Active,52.77,Monthly
SUB006672,CU006672,PL02,2022-01-13,,Active,177.56,Monthly
SUB006673,CU006673,PL01,2022-10-20,,Active,58.8,Monthly
SUB006674,CU006674,PL01,2024-09-25,,Active,41.91,Monthly
SUB006675,CU006675,PL02,2026-02-13,,Active,158.55,Monthly
SUB006676,CU006676,PL02,2025-10-09,,Active,156.71,Monthly
SUB006677,CU006677,PL01,2023-05-26,,Active,59.39,Monthly
SUB006678,CU006678,PL01,2023-08-08,2024-04-18,Churned,44.01,Annual
SUB006679,CU006679,PL04,2023-12-28,,Active,1232.43,Monthly
SUB006680,CU006680,PL02,2024-03-13,2024-11-04,Churned,127.84,Annual
SUB006681,CU006681,PL01,2024-10-25,,Active,53.71,Monthly
SUB006682,CU006682,PL02,2022-02-06,,Active,136.19,Monthly
SUB006683,CU006683,PL02,2024-11-25,,Active,148.38,Annual
SUB006684,CU006684,PL02,2024-03-19,,Active,171.95,Annual
SUB006685,CU006685,PL01,2024-11-08,,Active,54.56,Monthly
SUB006686,CU006686,PL01,2023-01-11,,Active,50.78,Annual
SUB006687,CU006687,PL02,2022-11-28,,Active,164.3,Annual
SUB006688,CU006688,PL01,2026-04-06,,Active,45.2,Monthly
SUB006689,CU006689,PL01,2025-02-12,2025-09-07,Churned,47.22,Monthly
SUB006690,CU006690,PL01,2024-05-20,2025-09-26,Churned,46.72,Annual
SUB006691,CU006691,PL02,2024-07-17,,Active,149.03,Annual
SUB006692,CU006692,PL04,2024-01-26,,Active,1076.89,Annual
SUB006693,CU006693,PL02,2024-12-18,,Active,171.48,Monthly
SUB006694,CU006694,PL03,2022-11-26,,Active,381.39,Annual
SUB006695,CU006695,PL02,2025-03-17,,Active,142.11,Annual
SUB006696,CU006696,PL01,2022-04-04,2026-07-07,Churned,45.32,Annual
SUB006697,CU006697,PL01,2025-05-09,,Active,52.56,Annual
SUB006698,CU006698,PL02,2024-08-02,,Active,139.22,Annual
SUB006699,CU006699,PL04,2024-01-03,2024-07-31,Churned,1400.74,Monthly
SUB006700,CU006700,PL03,2026-01-06,,Active,392.85,Monthly
SUB006701,CU006701,PL04,2026-02-09,,Active,1032.7,Monthly
SUB006702,CU006702,PL02,2024-11-15,,Active,142.89,Monthly
SUB006703,CU006703,PL02,2024-11-09,,Active,164.35,Annual
SUB006704,CU006704,PL03,2024-12-06,,Active,367.15,Annual
SUB006705,CU006705,PL04,2025-03-14,,Active,1390.22,Annual
SUB006706,CU006706,PL02,2023-09-27,,Active,160.41,Annual
SUB006707,CU006707,PL01,2022-09-08,2025-11-19,Churned,47.16,Annual
SUB006708,CU006708,PL02,2023-09-07,,Active,127.75,Annual
SUB006709,CU006709,PL03,2025-12-04,,Active,498.29,Annual
SUB006710,CU006710,PL01,2023-05-07,,Active,44.39,Monthly
SUB006711,CU006711,PL01,2025-02-07,2026-07-06,Churned,58.16,Annual
SUB006712,CU006712,PL03,2024-07-25,,Active,375.63,Annual
SUB006713,CU006713,PL02,2023-12-17,,Active,155.96,Monthly
SUB006714,CU006714,PL01,2022-09-07,,Active,43.7,Annual
SUB006715,CU006715,PL01,2026-02-10,2026-07-02,Churned,47.55,Monthly
SUB006716,CU006716,PL02,2025-12-26,2026-08-14,Churned,172.51,Monthly
SUB006717,CU006717,PL02,2026-05-23,,Active,170.27,Annual
SUB006718,CU006718,PL02,2023-08-24,,Active,168.25,Annual
SUB006719,CU006719,PL02,2024-06-19,,Active,154.71,Annual
SUB006720,CU006720,PL01,2024-08-18,2025-08-19,Churned,48.92,Monthly
SUB006721,CU006721,PL01,2023-08-19,,Active,49.02,Annual
SUB006722,CU006722,PL03,2023-11-03,,Active,379.71,Annual
SUB006723,CU006723,PL03,2025-08-25,,Active,451.93,Annual
SUB006724,CU006724,PL01,2024-11-22,2026-03-30,Churned,57.05,Annual
SUB006725,CU006725,PL01,2025-09-03,,Active,57.84,Monthly
SUB006726,CU006726,PL03,2024-09-11,,Active,399.5,Annual
SUB006727,CU006727,PL03,2022-09-15,,Active,447.49,Annual
SUB006728,CU006728,PL03,2026-03-28,,Active,420.42,Monthly
SUB006729,CU006729,PL03,2025-12-08,2026-04-15,Churned,476.26,Annual
SUB006730,CU006730,PL03,2026-04-21,,Active,451.35,Monthly
SUB006731,CU006731,PL02,2025-04-30,2026-06-14,Churned,145.81,Monthly
SUB006732,CU006732,PL01,2023-04-25,2024-10-20,Churned,54.57,Monthly
SUB006733,CU006733,PL03,2024-03-31,2024-09-14,Churned,467.88,Annual
SUB006734,CU006734,PL03,2024-09-01,,Active,466.29,Annual
SUB006735,CU006735,PL02,2024-04-25,,Active,165.76,Monthly
SUB006736,CU006736,PL02,2026-04-29,,Active,146.2,Annual
SUB006737,CU006737,PL01,2026-01-03,,Active,52.94,Monthly
SUB006738,CU006738,PL01,2023-04-26,,Active,49.76,Annual
SUB006739,CU006739,PL03,2022-01-12,,Active,446.27,Annual
SUB006740,CU006740,PL04,2024-01-13,,Active,1249.53,Monthly
SUB006741,CU006741,PL02,2025-05-15,2026-02-13,Churned,151.01,Monthly
SUB006742,CU006742,PL01,2023-05-20,,Active,50.1,Monthly
SUB006743,CU006743,PL02,2023-12-21,,Active,184.42,Annual
SUB006744,CU006744,PL02,2024-10-05,,Active,145.91,Monthly
SUB006745,CU006745,PL02,2023-08-27,,Active,153.04,Monthly
SUB006746,CU006746,PL01,2022-10-09,,Active,57.49,Annual
SUB006747,CU006747,PL03,2022-04-02,,Active,405.5,Annual
SUB006748,CU006748,PL03,2024-11-19,,Active,454.86,Annual
SUB006749,CU006749,PL02,2022-04-10,,Active,160.02,Annual
SUB006750,CU006750,PL03,2026-01-14,,Active,356.93,Annual
SUB006751,CU006751,PL01,2023-10-14,,Active,51.02,Annual
SUB006752,CU006752,PL03,2022-12-08,,Active,369.99,Annual
SUB006753,CU006753,PL02,2024-11-19,2025-06-20,Churned,145.69,Monthly
SUB006754,CU006754,PL03,2022-09-16,,Active,380.77,Annual
SUB006755,CU006755,PL03,2024-08-14,,Active,454.72,Annual
SUB006756,CU006756,PL01,2023-10-25,,Active,52.73,Annual
SUB006757,CU006757,PL04,2025-04-09,,Active,1405.02,Annual
SUB006758,CU006758,PL02,2022-10-21,,Active,183.61,Monthly
SUB006759,CU006759,PL04,2023-10-06,,Active,1340.65,Annual
SUB006760,CU006760,PL03,2024-04-13,,Active,351.8,Annual
SUB006761,CU006761,PL03,2024-12-09,,Active,409.97,Monthly
SUB006762,CU006762,PL02,2022-10-26,,Active,129.34,Monthly
SUB006763,CU006763,PL01,2025-11-10,,Active,52.78,Annual
SUB006764,CU006764,PL03,2024-06-23,,Active,457.45,Annual
SUB006765,CU006765,PL02,2026-03-02,,Active,158.76,Annual
SUB006766,CU006766,PL02,2023-10-11,,Active,142.73,Annual
SUB006767,CU006767,PL02,2022-01-02,,Active,150.99,Monthly
SUB006768,CU006768,PL02,2025-10-28,,Active,143.69,Monthly
SUB006769,CU006769,PL02,2022-12-04,,Active,132.91,Annual
SUB006770,CU006770,PL03,2024-06-22,,Active,352.56,Annual
SUB006771,CU006771,PL02,2023-09-12,,Active,127.05,Annual
SUB006772,CU006772,PL01,2023-08-26,,Active,43.21,Monthly
SUB006773,CU006773,PL03,2025-09-30,2026-05-29,Churned,427.37,Annual
SUB006774,CU006774,PL02,2026-04-23,,Active,138.69,Annual
SUB006775,CU006775,PL01,2022-08-25,2023-08-29,Churned,49.12,Monthly
SUB006776,CU006776,PL02,2026-02-10,,Active,185.52,Annual
SUB006777,CU006777,PL03,2024-04-08,,Active,397.23,Monthly
SUB006778,CU006778,PL01,2025-06-11,,Active,48.39,Annual
SUB006779,CU006779,PL02,2022-04-16,,Active,160.81,Monthly
SUB006780,CU006780,PL01,2022-07-29,2026-07-20,Churned,48.68,Monthly
SUB006781,CU006781,PL03,2022-09-14,,Active,346.76,Annual
SUB006782,CU006782,PL02,2023-08-31,,Active,131.55,Monthly
SUB006783,CU006783,PL02,2024-04-25,,Active,171.96,Annual
SUB006784,CU006784,PL01,2024-11-03,,Active,54.09,Monthly
SUB006785,CU006785,PL03,2024-08-22,,Active,478.02,Monthly
SUB006786,CU006786,PL03,2024-01-17,,Active,402.98,Annual
SUB006787,CU006787,PL01,2022-11-10,,Active,57.47,Annual
SUB006788,CU006788,PL03,2024-10-10,,Active,422.79,Annual
SUB006789,CU006789,PL02,2025-05-02,,Active,136.61,Monthly
SUB006790,CU006790,PL01,2025-07-26,2026-04-20,Churned,49.59,Annual
SUB006791,CU006791,PL03,2024-05-07,,Active,432.53,Monthly
SUB006792,CU006792,PL02,2023-11-06,,Active,185.24,Monthly
SUB006793,CU006793,PL02,2022-11-27,2024-01-18,Churned,145.06,Annual
SUB006794,CU006794,PL02,2024-11-18,,Active,163.55,Monthly
SUB006795,CU006795,PL01,2022-02-08,,Active,43.31,Annual
SUB006796,CU006796,PL04,2023-05-23,,Active,1377.25,Annual
SUB006797,CU006797,PL01,2025-11-02,,Active,48.15,Monthly
SUB006798,CU006798,PL01,2022-03-31,2024-12-27,Churned,58.26,Annual
SUB006799,CU006799,PL02,2023-05-31,,Active,162.07,Monthly
SUB006800,CU006800,PL02,2024-10-15,2025-05-15,Churned,179.35,Annual
SUB006801,CU006801,PL02,2022-04-30,,Active,153.95,Monthly
SUB006802,CU006802,PL01,2026-01-10,,Active,58.58,Annual
SUB006803,CU006803,PL02,2025-06-18,,Active,139.81,Annual
SUB006804,CU006804,PL04,2025-12-16,,Active,1139.6,Annual
SUB006805,CU006805,PL01,2024-11-29,,Active,46.09,Annual
SUB006806,CU006806,PL01,2023-08-11,2026-03-29,Churned,46.55,Monthly
SUB006807,CU006807,PL04,2022-07-15,,Active,1025.3,Monthly
SUB006808,CU006808,PL02,2022-09-11,,Active,162.41,Annual
SUB006809,CU006809,PL03,2024-10-07,,Active,398.65,Monthly
SUB006810,CU006810,PL01,2022-11-23,2023-09-23,Churned,57.74,Annual
SUB006811,CU006811,PL03,2022-08-10,,Active,496.77,Annual
SUB006812,CU006812,PL01,2024-08-25,2025-04-14,Churned,50.6,Monthly
SUB006813,CU006813,PL02,2024-05-17,2025-04-26,Churned,170.48,Annual
SUB006814,CU006814,PL02,2024-07-16,,Active,167.26,Monthly
SUB006815,CU006815,PL02,2025-04-24,,Active,145.33,Annual
SUB006816,CU006816,PL02,2025-10-07,,Active,175.43,Monthly
SUB006817,CU006817,PL01,2022-09-08,,Active,59.42,Annual
SUB006818,CU006818,PL01,2025-03-06,,Active,54.88,Annual
SUB006819,CU006819,PL01,2025-09-30,,Active,46.07,Annual
SUB006820,CU006820,PL01,2026-06-11,,Active,49.74,Monthly
SUB006821,CU006821,PL02,2026-04-19,,Active,131.61,Annual
SUB006822,CU006822,PL03,2024-04-14,,Active,429.12,Monthly
SUB006823,CU006823,PL02,2024-11-29,,Active,163.35,Annual
SUB006824,CU006824,PL03,2026-02-06,,Active,474.01,Annual
SUB006825,CU006825,PL01,2025-08-19,,Active,61.25,Monthly
SUB006826,CU006826,PL02,2024-11-21,,Active,157.43,Annual
SUB006827,CU006827,PL01,2024-03-12,,Active,46.3,Annual
SUB006828,CU006828,PL01,2025-07-01,2025-10-14,Churned,56.97,Monthly
SUB006829,CU006829,PL02,2025-07-18,,Active,174.01,Annual
SUB006830,CU006830,PL03,2024-03-21,,Active,358.26,Annual
SUB006831,CU006831,PL02,2023-06-24,2024-05-10,Churned,146.68,Annual
SUB006832,CU006832,PL02,2025-05-18,,Active,173.86,Monthly
SUB006833,CU006833,PL04,2022-09-20,,Active,1342.58,Annual
SUB006834,CU006834,PL01,2025-04-01,,Active,50.26,Monthly
SUB006835,CU006835,PL03,2025-01-29,,Active,407.23,Annual
SUB006836,CU006836,PL01,2025-11-19,,Active,45.76,Monthly
SUB006837,CU006837,PL02,2024-11-12,,Active,149.76,Annual
SUB006838,CU006838,PL01,2026-04-16,,Active,54.28,Monthly
SUB006839,CU006839,PL01,2022-07-26,,Active,44.26,Monthly
SUB006840,CU006840,PL02,2022-08-16,,Active,177.41,Annual
SUB006841,CU006841,PL03,2022-12-18,,Active,447.9,Annual
SUB006842,CU006842,PL02,2022-12-13,,Active,183.55,Monthly
SUB006843,CU006843,PL03,2025-03-29,,Active,364.14,Monthly
SUB006844,CU006844,PL02,2024-01-15,,Active,138.04,Annual
SUB006845,CU006845,PL03,2024-07-22,,Active,346.87,Annual
SUB006846,CU006846,PL02,2025-04-25,,Active,127.95,Monthly
SUB006847,CU006847,PL01,2025-05-21,2025-09-05,Churned,43.45,Monthly
SUB006848,CU006848,PL04,2022-11-17,,Active,1355.08,Monthly
SUB006849,CU006849,PL03,2023-12-05,,Active,416.0,Annual
SUB006850,CU006850,PL01,2025-07-24,,Active,48.35,Annual
SUB006851,CU006851,PL02,2025-12-13,,Active,181.41,Annual
SUB006852,CU006852,PL04,2022-09-19,,Active,1083.73,Monthly
SUB006853,CU006853,PL02,2023-12-01,,Active,178.35,Monthly
SUB006854,CU006854,PL02,2025-06-18,2025-10-16,Churned,158.21,Monthly
SUB006855,CU006855,PL01,2023-10-27,,Active,51.08,Annual
SUB006856,CU006856,PL01,2022-06-29,2025-02-09,Churned,46.2,Monthly
SUB006857,CU006857,PL03,2024-08-26,,Active,456.52,Monthly
SUB006858,CU006858,PL02,2024-12-20,,Active,150.35,Monthly
SUB006859,CU006859,PL02,2023-05-24,,Active,143.48,Annual
SUB006860,CU006860,PL04,2025-09-12,,Active,1392.86,Annual
SUB006861,CU006861,PL01,2023-09-02,2024-03-20,Churned,47.49,Annual
SUB006862,CU006862,PL03,2022-02-11,,Active,368.25,Annual
SUB006863,CU006863,PL01,2023-01-22,,Active,49.74,Annual
SUB006864,CU006864,PL02,2024-04-27,,Active,163.7,Monthly
SUB006865,CU006865,PL02,2024-11-24,,Active,185.42,Monthly
SUB006866,CU006866,PL01,2024-03-14,2026-06-24,Churned,48.68,Annual
SUB006867,CU006867,PL01,2024-06-29,2024-12-03,Churned,56.42,Annual
SUB006868,CU006868,PL02,2023-09-15,,Active,146.77,Monthly
SUB006869,CU006869,PL02,2026-02-15,,Active,139.26,Monthly
SUB006870,CU006870,PL02,2022-11-12,,Active,154.03,Annual
SUB006871,CU006871,PL01,2025-08-19,,Active,57.53,Annual
SUB006872,CU006872,PL03,2024-11-18,,Active,343.07,Annual
SUB006873,CU006873,PL01,2025-08-22,2026-03-05,Churned,45.34,Annual
SUB006874,CU006874,PL02,2025-11-16,,Active,175.8,Monthly
SUB006875,CU006875,PL02,2025-03-20,,Active,157.08,Monthly
SUB006876,CU006876,PL02,2022-02-13,2025-02-24,Churned,140.46,Annual
SUB006877,CU006877,PL01,2024-06-23,2025-11-20,Churned,42.12,Annual
SUB006878,CU006878,PL02,2023-03-27,,Active,180.47,Annual
SUB006879,CU006879,PL01,2023-02-07,,Active,51.49,Annual
SUB006880,CU006880,PL01,2023-03-07,,Active,44.84,Monthly
SUB006881,CU006881,PL02,2023-06-25,,Active,140.05,Annual
SUB006882,CU006882,PL01,2026-06-29,,Active,56.26,Monthly
SUB006883,CU006883,PL01,2023-03-11,,Active,59.05,Annual
SUB006884,CU006884,PL03,2024-06-25,,Active,484.02,Monthly
SUB006885,CU006885,PL01,2024-05-04,,Active,61.06,Monthly
SUB006886,CU006886,PL03,2025-03-07,2026-04-30,Churned,372.57,Annual
SUB006887,CU006887,PL02,2024-07-08,,Active,170.09,Annual
SUB006888,CU006888,PL04,2025-07-07,,Active,1405.26,Monthly
SUB006889,CU006889,PL02,2025-06-05,,Active,174.48,Annual
SUB006890,CU006890,PL03,2024-02-02,2025-11-21,Churned,476.29,Monthly
SUB006891,CU006891,PL04,2024-12-14,,Active,1360.95,Annual
SUB006892,CU006892,PL02,2022-01-01,,Active,160.11,Monthly
SUB006893,CU006893,PL02,2025-01-27,,Active,151.47,Monthly
SUB006894,CU006894,PL02,2023-04-06,,Active,172.17,Annual
SUB006895,CU006895,PL02,2024-05-18,,Active,162.45,Annual
SUB006896,CU006896,PL01,2025-04-11,2026-05-08,Churned,55.48,Monthly
SUB006897,CU006897,PL01,2024-05-04,,Active,42.19,Annual
SUB006898,CU006898,PL02,2025-12-11,2026-03-18,Churned,153.74,Annual
SUB006899,CU006899,PL02,2024-04-09,,Active,152.58,Annual
SUB006900,CU006900,PL01,2023-06-05,,Active,52.27,Monthly
SUB006901,CU006901,PL03,2023-06-09,,Active,498.44,Annual
SUB006902,CU006902,PL02,2023-06-21,,Active,178.58,Monthly
SUB006903,CU006903,PL02,2026-02-26,2026-06-12,Churned,129.53,Monthly
SUB006904,CU006904,PL03,2025-08-24,,Active,493.71,Monthly
SUB006905,CU006905,PL02,2025-03-26,,Active,175.81,Monthly
SUB006906,CU006906,PL01,2025-12-14,2026-07-03,Churned,58.84,Annual
SUB006907,CU006907,PL02,2022-11-13,2024-03-09,Churned,176.95,Annual
SUB006908,CU006908,PL03,2024-03-22,,Active,457.55,Annual
SUB006909,CU006909,PL03,2022-05-25,,Active,491.49,Annual
SUB006910,CU006910,PL04,2022-01-13,,Active,1024.66,Annual
SUB006911,CU006911,PL03,2026-04-26,,Active,446.25,Monthly
SUB006912,CU006912,PL02,2026-02-23,2026-07-30,Churned,159.75,Monthly
SUB006913,CU006913,PL01,2026-01-29,2026-07-30,Churned,42.22,Monthly
SUB006914,CU006914,PL01,2023-01-10,2025-06-03,Churned,43.04,Annual
SUB006915,CU006915,PL01,2023-06-23,,Active,44.57,Annual
SUB006916,CU006916,PL02,2024-04-23,,Active,146.48,Annual
SUB006917,CU006917,PL03,2024-04-01,,Active,491.79,Monthly
SUB006918,CU006918,PL02,2023-08-01,,Active,172.08,Monthly
SUB006919,CU006919,PL02,2025-08-18,,Active,142.47,Monthly
SUB006920,CU006920,PL02,2024-02-02,,Active,164.29,Monthly
SUB006921,CU006921,PL03,2024-04-28,,Active,393.89,Annual
SUB006922,CU006922,PL02,2025-06-20,,Active,140.3,Monthly
SUB006923,CU006923,PL02,2025-04-04,,Active,148.17,Annual
SUB006924,CU006924,PL01,2024-06-25,2024-12-02,Churned,59.93,Monthly
SUB006925,CU006925,PL01,2024-05-15,2024-12-27,Churned,57.95,Annual
SUB006926,CU006926,PL03,2022-05-30,,Active,421.79,Monthly
SUB006927,CU006927,PL01,2023-04-16,,Active,59.64,Annual
SUB006928,CU006928,PL03,2022-05-08,,Active,394.39,Annual
SUB006929,CU006929,PL02,2025-07-26,,Active,156.19,Monthly
SUB006930,CU006930,PL04,2022-10-12,,Active,1104.85,Annual
SUB006931,CU006931,PL01,2024-10-19,,Active,58.16,Annual
SUB006932,CU006932,PL02,2026-01-13,2026-07-13,Churned,179.56,Annual
SUB006933,CU006933,PL03,2025-07-30,,Active,350.23,Monthly
SUB006934,CU006934,PL03,2022-01-01,,Active,450.52,Monthly
SUB006935,CU006935,PL02,2026-03-23,,Active,151.75,Annual
SUB006936,CU006936,PL01,2026-04-23,,Active,42.96,Annual
SUB006937,CU006937,PL03,2023-10-08,,Active,422.92,Monthly
SUB006938,CU006938,PL02,2023-10-31,,Active,158.71,Monthly
SUB006939,CU006939,PL02,2022-09-24,,Active,156.15,Monthly
SUB006940,CU006940,PL02,2025-02-05,,Active,149.64,Monthly
SUB006941,CU006941,PL02,2023-11-12,2025-03-12,Churned,181.81,Annual
SUB006942,CU006942,PL01,2023-05-27,,Active,50.37,Annual
SUB006943,CU006943,PL02,2025-06-08,,Active,178.3,Monthly
SUB006944,CU006944,PL01,2024-10-20,,Active,42.63,Monthly
SUB006945,CU006945,PL02,2024-07-30,,Active,138.7,Annual
SUB006946,CU006946,PL03,2022-12-31,,Active,422.83,Monthly
SUB006947,CU006947,PL02,2026-06-19,,Active,127.18,Monthly
SUB006948,CU006948,PL01,2023-09-30,,Active,44.45,Monthly
SUB006949,CU006949,PL02,2023-02-27,,Active,158.09,Annual
SUB006950,CU006950,PL02,2024-06-01,,Active,170.65,Annual
SUB006951,CU006951,PL01,2023-08-24,,Active,51.01,Monthly
SUB006952,CU006952,PL02,2023-07-13,,Active,161.7,Monthly
SUB006953,CU006953,PL02,2023-12-12,,Active,151.07,Monthly
SUB006954,CU006954,PL02,2025-04-07,,Active,153.97,Annual
SUB006955,CU006955,PL01,2023-05-14,,Active,45.89,Monthly
SUB006956,CU006956,PL03,2023-10-19,,Active,409.35,Annual
SUB006957,CU006957,PL02,2025-04-25,,Active,145.72,Annual
SUB006958,CU006958,PL01,2023-11-20,,Active,44.2,Annual
SUB006959,CU006959,PL02,2023-10-10,,Active,180.77,Monthly
SUB006960,CU006960,PL01,2022-05-21,,Active,49.14,Monthly
SUB006961,CU006961,PL02,2023-01-08,,Active,169.03,Monthly
SUB006962,CU006962,PL02,2024-06-21,,Active,144.66,Annual
SUB006963,CU006963,PL02,2022-09-14,,Active,182.01,Annual
SUB006964,CU006964,PL03,2022-12-02,,Active,423.64,Annual
SUB006965,CU006965,PL01,2026-03-04,,Active,56.11,Monthly
SUB006966,CU006966,PL02,2023-09-16,,Active,138.71,Monthly
SUB006967,CU006967,PL02,2022-12-13,,Active,153.45,Annual
SUB006968,CU006968,PL03,2026-04-15,,Active,454.28,Annual
SUB006969,CU006969,PL01,2024-02-11,,Active,48.42,Annual
SUB006970,CU006970,PL03,2025-11-17,,Active,471.87,Monthly
SUB006971,CU006971,PL02,2023-01-26,,Active,180.75,Annual
SUB006972,CU006972,PL01,2023-11-21,2026-03-04,Churned,50.92,Annual
SUB006973,CU006973,PL03,2025-03-31,,Active,355.02,Annual
SUB006974,CU006974,PL04,2025-03-07,,Active,1303.37,Annual
SUB006975,CU006975,PL03,2025-01-02,2025-05-26,Churned,428.45,Monthly
SUB006976,CU006976,PL04,2024-03-18,,Active,1128.51,Monthly
SUB006977,CU006977,PL03,2024-12-18,,Active,379.46,Monthly
SUB006978,CU006978,PL01,2024-12-03,,Active,48.42,Monthly
SUB006979,CU006979,PL01,2024-03-25,,Active,53.45,Monthly
SUB006980,CU006980,PL02,2022-11-22,,Active,163.23,Monthly
SUB006981,CU006981,PL02,2022-04-01,2026-04-23,Churned,172.49,Annual
SUB006982,CU006982,PL02,2023-09-18,,Active,180.84,Annual
SUB006983,CU006983,PL03,2026-05-04,,Active,390.64,Annual
SUB006984,CU006984,PL03,2026-01-19,,Active,459.68,Annual
SUB006985,CU006985,PL02,2024-09-29,2025-05-30,Churned,133.17,Monthly
SUB006986,CU006986,PL01,2022-12-01,,Active,58.92,Annual
SUB006987,CU006987,PL01,2023-04-05,,Active,57.19,Monthly
SUB006988,CU006988,PL03,2022-10-01,,Active,461.6,Monthly
SUB006989,CU006989,PL04,2024-06-10,,Active,1145.24,Monthly
SUB006990,CU006990,PL02,2023-05-22,,Active,158.53,Annual
SUB006991,CU006991,PL01,2022-10-09,,Active,44.64,Annual
SUB006992,CU006992,PL02,2022-10-06,,Active,175.54,Monthly
SUB006993,CU006993,PL02,2022-06-13,2024-07-19,Churned,181.74,Annual
SUB006994,CU006994,PL02,2022-01-08,,Active,153.48,Monthly
SUB006995,CU006995,PL01,2024-05-05,,Active,43.17,Monthly
SUB006996,CU006996,PL02,2026-02-23,,Active,171.74,Annual
SUB006997,CU006997,PL01,2023-05-19,2026-02-27,Churned,53.06,Monthly
SUB006998,CU006998,PL01,2025-02-09,2025-06-14,Churned,55.54,Monthly
SUB006999,CU006999,PL02,2022-11-06,2025-06-24,Churned,133.24,Annual
SUB007000,CU007000,PL01,2025-11-17,,Active,43.64,Monthly
SUB007001,CU007001,PL01,2022-11-07,2026-03-31,Churned,47.15,Annual
SUB007002,CU007002,PL01,2024-09-24,2025-02-03,Churned,57.31,Monthly
SUB007003,CU007003,PL02,2025-06-07,,Active,154.81,Monthly
SUB007004,CU007004,PL02,2026-02-13,,Active,167.22,Monthly
SUB007005,CU007005,PL01,2025-05-13,2026-06-27,Churned,60.16,Monthly
SUB007006,CU007006,PL01,2022-07-23,,Active,53.14,Monthly
SUB007007,CU007007,PL04,2022-12-27,,Active,1078.79,Annual
SUB007008,CU007008,PL01,2024-02-06,2024-11-30,Churned,58.03,Annual
SUB007009,CU007009,PL01,2022-11-01,,Active,49.56,Annual
SUB007010,CU007010,PL01,2025-07-26,,Active,52.34,Monthly
SUB007011,CU007011,PL01,2026-05-21,,Active,53.33,Annual
SUB007012,CU007012,PL03,2025-10-06,,Active,394.25,Monthly
SUB007013,CU007013,PL03,2022-12-24,,Active,394.73,Annual
SUB007014,CU007014,PL02,2023-02-28,,Active,155.88,Annual
SUB007015,CU007015,PL01,2025-12-31,,Active,53.67,Annual
SUB007016,CU007016,PL02,2025-01-30,2026-06-18,Churned,149.06,Annual
SUB007017,CU007017,PL02,2025-08-10,2026-06-26,Churned,148.57,Monthly
SUB007018,CU007018,PL03,2024-10-27,,Active,469.19,Annual
SUB007019,CU007019,PL01,2024-06-26,,Active,56.42,Annual
SUB007020,CU007020,PL03,2022-12-20,,Active,390.49,Annual
SUB007021,CU007021,PL02,2024-01-27,,Active,157.57,Annual
SUB007022,CU007022,PL02,2022-06-30,,Active,179.18,Annual
SUB007023,CU007023,PL02,2023-01-26,,Active,141.21,Annual
SUB007024,CU007024,PL01,2022-11-13,,Active,44.21,Annual
SUB007025,CU007025,PL03,2024-12-03,,Active,459.92,Monthly
SUB007026,CU007026,PL04,2022-08-19,,Active,1058.7,Annual
SUB007027,CU007027,PL01,2023-09-07,,Active,60.79,Annual
SUB007028,CU007028,PL02,2022-02-08,,Active,173.86,Annual
SUB007029,CU007029,PL01,2023-05-29,,Active,42.82,Annual
SUB007030,CU007030,PL03,2025-07-01,,Active,379.24,Monthly
SUB007031,CU007031,PL01,2022-03-13,2025-05-28,Churned,42.8,Annual
SUB007032,CU007032,PL02,2025-06-04,2026-06-22,Churned,147.07,Monthly
SUB007033,CU007033,PL01,2024-12-28,,Active,44.23,Monthly
SUB007034,CU007034,PL02,2024-02-04,,Active,150.17,Annual
SUB007035,CU007035,PL03,2025-04-03,,Active,442.15,Monthly
SUB007036,CU007036,PL01,2023-02-16,2024-03-26,Churned,57.54,Annual
SUB007037,CU007037,PL03,2023-06-14,,Active,412.35,Monthly
SUB007038,CU007038,PL01,2023-06-12,,Active,55.03,Monthly
SUB007039,CU007039,PL02,2025-08-27,,Active,157.38,Monthly
SUB007040,CU007040,PL01,2022-03-20,,Active,56.76,Monthly
SUB007041,CU007041,PL03,2025-08-02,2026-06-26,Churned,389.83,Annual
SUB007042,CU007042,PL01,2023-03-11,,Active,46.78,Monthly
SUB007043,CU007043,PL02,2023-11-18,,Active,148.43,Monthly
SUB007044,CU007044,PL02,2025-08-04,2025-11-20,Churned,131.07,Monthly
SUB007045,CU007045,PL02,2026-02-24,,Active,170.05,Annual
SUB007046,CU007046,PL02,2024-03-08,,Active,166.35,Annual
SUB007047,CU007047,PL03,2023-10-09,,Active,356.37,Annual
SUB007048,CU007048,PL02,2022-12-10,,Active,183.12,Monthly
SUB007049,CU007049,PL02,2024-09-28,,Active,134.82,Annual
SUB007050,CU007050,PL03,2026-02-18,2026-08-11,Churned,446.32,Monthly
SUB007051,CU007051,PL03,2024-10-08,,Active,342.16,Annual
SUB007052,CU007052,PL01,2022-03-12,,Active,56.78,Monthly
SUB007053,CU007053,PL02,2025-11-19,,Active,139.34,Monthly
SUB007054,CU007054,PL02,2023-11-19,,Active,139.99,Annual
SUB007055,CU007055,PL02,2025-08-11,2026-07-13,Churned,168.95,Monthly
SUB007056,CU007056,PL02,2024-07-09,,Active,171.22,Annual
SUB007057,CU007057,PL01,2025-03-04,,Active,48.94,Monthly
SUB007058,CU007058,PL02,2026-01-31,,Active,150.11,Annual
SUB007059,CU007059,PL02,2025-01-08,,Active,156.3,Annual
SUB007060,CU007060,PL02,2023-01-26,2025-11-19,Churned,141.13,Monthly
SUB007061,CU007061,PL03,2024-07-15,,Active,410.24,Annual
SUB007062,CU007062,PL02,2023-12-10,2024-06-25,Churned,140.56,Monthly
SUB007063,CU007063,PL01,2024-11-05,,Active,41.99,Annual
SUB007064,CU007064,PL02,2023-04-09,,Active,176.41,Annual
SUB007065,CU007065,PL01,2026-03-12,,Active,46.01,Monthly
SUB007066,CU007066,PL04,2023-08-31,,Active,1493.65,Annual
SUB007067,CU007067,PL01,2022-09-16,2025-10-13,Churned,42.86,Monthly
SUB007068,CU007068,PL01,2025-07-30,,Active,54.12,Monthly
SUB007069,CU007069,PL01,2022-11-05,2024-05-27,Churned,48.3,Annual
SUB007070,CU007070,PL01,2023-02-20,,Active,58.49,Monthly
SUB007071,CU007071,PL03,2022-02-06,,Active,494.91,Annual
SUB007072,CU007072,PL01,2023-03-08,,Active,43.74,Annual
SUB007073,CU007073,PL02,2023-09-26,,Active,169.85,Annual
SUB007074,CU007074,PL02,2025-10-18,2026-07-06,Churned,178.77,Monthly
SUB007075,CU007075,PL02,2024-10-24,,Active,142.68,Monthly
SUB007076,CU007076,PL03,2025-03-09,,Active,392.46,Annual
SUB007077,CU007077,PL01,2025-06-13,2025-11-01,Churned,44.57,Annual
SUB007078,CU007078,PL02,2024-11-03,,Active,178.83,Monthly
SUB007079,CU007079,PL01,2023-12-07,,Active,57.92,Annual
SUB007080,CU007080,PL01,2023-01-09,2025-11-28,Churned,50.52,Monthly
SUB007081,CU007081,PL02,2022-11-05,,Active,170.64,Monthly
SUB007082,CU007082,PL03,2025-08-11,,Active,439.5,Monthly
SUB007083,CU007083,PL04,2024-06-17,,Active,1411.32,Monthly
SUB007084,CU007084,PL04,2025-07-29,,Active,1383.15,Annual
SUB007085,CU007085,PL02,2022-09-12,2026-03-13,Churned,140.95,Monthly
SUB007086,CU007086,PL01,2025-08-24,,Active,60.92,Monthly
SUB007087,CU007087,PL01,2023-07-21,,Active,59.54,Annual
SUB007088,CU007088,PL02,2023-07-05,,Active,150.93,Monthly
SUB007089,CU007089,PL01,2022-07-20,,Active,49.79,Monthly
SUB007090,CU007090,PL01,2025-05-08,2025-09-25,Churned,52.95,Annual
SUB007091,CU007091,PL03,2024-10-02,2025-08-27,Churned,437.83,Monthly
SUB007092,CU007092,PL02,2023-05-11,2026-07-10,Churned,166.65,Annual
SUB007093,CU007093,PL03,2026-05-08,,Active,387.73,Annual
SUB007094,CU007094,PL02,2022-10-10,,Active,150.63,Annual
SUB007095,CU007095,PL02,2025-02-17,,Active,132.08,Monthly
SUB007096,CU007096,PL02,2022-07-22,,Active,144.84,Monthly
SUB007097,CU007097,PL02,2023-02-26,,Active,158.4,Monthly
SUB007098,CU007098,PL02,2022-08-19,,Active,132.55,Monthly
SUB007099,CU007099,PL04,2024-01-11,,Active,1316.02,Annual
SUB007100,CU007100,PL02,2023-03-13,,Active,142.57,Monthly
SUB007101,CU007101,PL02,2025-04-23,,Active,130.0,Annual
SUB007102,CU007102,PL02,2024-08-23,,Active,140.93,Annual
SUB007103,CU007103,PL03,2024-04-29,,Active,397.55,Annual
SUB007104,CU007104,PL01,2023-06-23,,Active,59.83,Annual
SUB007105,CU007105,PL01,2023-09-03,,Active,50.67,Monthly
SUB007106,CU007106,PL02,2024-09-05,2024-12-26,Churned,172.59,Annual
SUB007107,CU007107,PL02,2023-10-23,,Active,138.55,Annual
SUB007108,CU007108,PL03,2025-09-21,,Active,388.31,Monthly
SUB007109,CU007109,PL01,2024-05-27,,Active,49.84,Monthly
SUB007110,CU007110,PL02,2022-09-03,,Active,133.93,Monthly
SUB007111,CU007111,PL02,2022-03-15,,Active,152.35,Monthly
SUB007112,CU007112,PL02,2024-05-21,,Active,157.33,Monthly
SUB007113,CU007113,PL01,2026-01-27,2026-07-16,Churned,47.34,Monthly
SUB007114,CU007114,PL02,2022-11-19,2026-03-04,Churned,130.65,Monthly
SUB007115,CU007115,PL01,2024-05-16,2024-08-14,Churned,49.07,Annual
SUB007116,CU007116,PL01,2024-11-05,,Active,49.23,Annual
SUB007117,CU007117,PL01,2022-12-23,2025-08-01,Churned,49.57,Annual
SUB007118,CU007118,PL03,2024-04-12,,Active,459.31,Monthly
SUB007119,CU007119,PL04,2024-05-19,,Active,1493.45,Monthly
SUB007120,CU007120,PL02,2025-05-22,2026-07-27,Churned,139.2,Annual
SUB007121,CU007121,PL03,2025-10-29,2026-06-25,Churned,478.14,Monthly
SUB007122,CU007122,PL03,2022-12-14,,Active,492.72,Monthly
SUB007123,CU007123,PL02,2024-09-13,,Active,170.68,Monthly
SUB007124,CU007124,PL02,2024-10-13,,Active,131.68,Monthly
SUB007125,CU007125,PL02,2025-01-05,,Active,185.22,Monthly
SUB007126,CU007126,PL02,2024-11-16,2025-10-13,Churned,140.15,Annual
SUB007127,CU007127,PL03,2023-02-27,2023-12-21,Churned,368.8,Monthly
SUB007128,CU007128,PL01,2026-03-17,,Active,43.85,Monthly
SUB007129,CU007129,PL03,2024-05-09,,Active,486.38,Monthly
SUB007130,CU007130,PL02,2025-07-06,2025-12-15,Churned,170.48,Annual
SUB007131,CU007131,PL02,2022-04-25,,Active,174.93,Monthly
SUB007132,CU007132,PL03,2022-06-13,,Active,378.08,Monthly
SUB007133,CU007133,PL01,2022-07-06,,Active,52.59,Annual
SUB007134,CU007134,PL02,2023-12-29,,Active,133.83,Annual
SUB007135,CU007135,PL03,2025-06-29,,Active,346.67,Annual
SUB007136,CU007136,PL02,2023-03-06,,Active,159.58,Monthly
SUB007137,CU007137,PL01,2023-11-21,,Active,42.46,Monthly
SUB007138,CU007138,PL02,2022-05-23,,Active,181.38,Monthly
SUB007139,CU007139,PL03,2023-11-19,2026-02-05,Churned,363.88,Annual
SUB007140,CU007140,PL02,2024-11-26,,Active,172.03,Annual
SUB007141,CU007141,PL01,2025-03-17,2026-06-28,Churned,43.81,Annual
SUB007142,CU007142,PL02,2022-06-26,,Active,179.67,Monthly
SUB007143,CU007143,PL03,2024-12-04,,Active,348.23,Annual
SUB007144,CU007144,PL01,2023-02-03,,Active,41.94,Annual
SUB007145,CU007145,PL01,2022-06-01,,Active,57.8,Monthly
SUB007146,CU007146,PL01,2024-11-06,2025-03-24,Churned,56.08,Annual
SUB007147,CU007147,PL03,2024-03-01,2024-07-13,Churned,346.42,Annual
SUB007148,CU007148,PL01,2025-04-08,,Active,60.4,Monthly
SUB007149,CU007149,PL03,2024-04-24,,Active,356.46,Monthly
SUB007150,CU007150,PL02,2026-04-03,,Active,172.99,Monthly
SUB007151,CU007151,PL03,2024-04-24,2025-08-15,Churned,448.39,Monthly
SUB007152,CU007152,PL03,2024-07-05,,Active,405.08,Annual
SUB007153,CU007153,PL01,2025-12-17,,Active,54.18,Monthly
SUB007154,CU007154,PL02,2025-03-03,,Active,135.73,Annual
SUB007155,CU007155,PL04,2025-05-18,,Active,1299.54,Monthly
SUB007156,CU007156,PL02,2025-12-29,,Active,142.95,Annual
SUB007157,CU007157,PL01,2022-10-14,,Active,53.37,Annual
SUB007158,CU007158,PL02,2025-08-25,,Active,174.65,Monthly
SUB007159,CU007159,PL02,2025-03-31,,Active,135.11,Annual
SUB007160,CU007160,PL02,2025-03-23,,Active,127.93,Annual
SUB007161,CU007161,PL02,2022-03-23,,Active,155.61,Annual
SUB007162,CU007162,PL01,2023-05-14,2025-12-06,Churned,50.2,Annual
SUB007163,CU007163,PL02,2024-03-11,,Active,148.43,Monthly
SUB007164,CU007164,PL01,2025-02-17,,Active,47.03,Annual
SUB007165,CU007165,PL03,2022-08-06,,Active,433.6,Annual
SUB007166,CU007166,PL02,2022-09-16,,Active,163.06,Annual
SUB007167,CU007167,PL03,2025-07-28,,Active,340.44,Monthly
SUB007168,CU007168,PL04,2023-09-26,,Active,1121.09,Monthly
SUB007169,CU007169,PL01,2025-10-10,,Active,55.24,Annual
SUB007170,CU007170,PL02,2023-09-09,,Active,174.03,Monthly
SUB007171,CU007171,PL01,2022-01-25,,Active,47.58,Monthly
SUB007172,CU007172,PL04,2025-11-30,,Active,1041.89,Annual
SUB007173,CU007173,PL01,2023-08-04,,Active,50.58,Monthly
SUB007174,CU007174,PL04,2023-10-10,,Active,1325.2,Monthly
SUB007175,CU007175,PL01,2023-01-11,,Active,51.81,Monthly
SUB007176,CU007176,PL02,2023-08-31,,Active,129.09,Annual
SUB007177,CU007177,PL04,2024-02-11,2025-11-08,Churned,1372.65,Annual
SUB007178,CU007178,PL03,2022-05-06,,Active,436.76,Monthly
SUB007179,CU007179,PL02,2024-12-18,,Active,171.28,Monthly
SUB007180,CU007180,PL02,2026-03-12,,Active,146.52,Monthly
SUB007181,CU007181,PL01,2024-12-08,2026-08-08,Churned,54.53,Annual
SUB007182,CU007182,PL02,2022-08-14,,Active,169.94,Annual
SUB007183,CU007183,PL01,2023-11-26,,Active,58.68,Annual
SUB007184,CU007184,PL01,2025-12-11,,Active,47.71,Monthly
SUB007185,CU007185,PL01,2023-11-12,2024-08-05,Churned,42.07,Annual
SUB007186,CU007186,PL02,2022-06-01,2026-05-18,Churned,138.83,Annual
SUB007187,CU007187,PL02,2025-04-19,,Active,154.68,Monthly
SUB007188,CU007188,PL02,2025-11-16,2026-02-26,Churned,155.07,Monthly
SUB007189,CU007189,PL03,2024-04-29,,Active,408.52,Monthly
SUB007190,CU007190,PL01,2025-04-09,,Active,41.71,Annual
SUB007191,CU007191,PL02,2022-06-02,,Active,130.07,Annual
SUB007192,CU007192,PL02,2024-07-31,,Active,145.38,Monthly
SUB007193,CU007193,PL04,2022-04-10,,Active,1242.69,Annual
SUB007194,CU007194,PL03,2024-10-30,,Active,364.94,Annual
SUB007195,CU007195,PL01,2022-01-14,,Active,43.37,Monthly
SUB007196,CU007196,PL02,2023-08-21,,Active,142.23,Annual
SUB007197,CU007197,PL02,2022-01-19,,Active,127.15,Monthly
SUB007198,CU007198,PL01,2024-03-25,,Active,48.56,Annual
SUB007199,CU007199,PL02,2026-02-10,,Active,168.59,Annual
SUB007200,CU007200,PL03,2024-08-16,,Active,449.04,Monthly
SUB007201,CU007201,PL02,2025-05-15,,Active,128.94,Annual
SUB007202,CU007202,PL01,2025-10-31,2026-05-21,Churned,59.11,Monthly
SUB007203,CU007203,PL02,2026-03-29,,Active,153.39,Monthly
SUB007204,CU007204,PL01,2023-06-25,2024-09-28,Churned,48.59,Annual
SUB007205,CU007205,PL01,2023-05-18,2024-12-18,Churned,41.99,Annual
SUB007206,CU007206,PL02,2022-11-20,,Active,170.97,Annual
SUB007207,CU007207,PL03,2023-09-20,,Active,455.42,Monthly
SUB007208,CU007208,PL02,2023-02-15,2024-12-27,Churned,164.23,Annual
SUB007209,CU007209,PL01,2022-09-15,2023-02-23,Churned,46.05,Monthly
SUB007210,CU007210,PL03,2023-01-27,,Active,437.46,Annual
SUB007211,CU007211,PL01,2025-09-24,,Active,47.39,Annual
SUB007212,CU007212,PL04,2024-06-14,,Active,1044.95,Monthly
SUB007213,CU007213,PL02,2025-01-11,,Active,141.03,Annual
SUB007214,CU007214,PL01,2025-05-29,,Active,58.2,Annual
SUB007215,CU007215,PL02,2024-05-06,,Active,161.24,Monthly
SUB007216,CU007216,PL01,2025-11-18,,Active,42.73,Annual
SUB007217,CU007217,PL04,2025-10-30,,Active,1396.99,Monthly
SUB007218,CU007218,PL02,2022-07-15,2026-02-26,Churned,143.24,Annual
SUB007219,CU007219,PL02,2022-12-22,,Active,132.89,Monthly
SUB007220,CU007220,PL01,2025-10-19,,Active,53.59,Monthly
SUB007221,CU007221,PL02,2023-12-24,,Active,173.21,Annual
SUB007222,CU007222,PL03,2022-07-31,2023-04-24,Churned,450.51,Annual
SUB007223,CU007223,PL03,2022-06-17,,Active,351.6,Monthly
SUB007224,CU007224,PL02,2023-06-11,,Active,147.12,Annual
SUB007225,CU007225,PL03,2026-01-23,2026-05-23,Churned,428.65,Annual
SUB007226,CU007226,PL02,2025-01-25,,Active,161.3,Annual
SUB007227,CU007227,PL03,2023-08-10,,Active,419.95,Monthly
SUB007228,CU007228,PL01,2026-01-08,,Active,57.13,Monthly
SUB007229,CU007229,PL02,2026-01-26,2026-08-17,Churned,174.71,Annual
SUB007230,CU007230,PL04,2023-10-21,,Active,1245.52,Monthly
SUB007231,CU007231,PL04,2026-04-27,,Active,1261.75,Monthly
SUB007232,CU007232,PL02,2026-06-18,,Active,178.22,Annual
SUB007233,CU007233,PL04,2023-03-31,,Active,1348.44,Annual
SUB007234,CU007234,PL01,2026-03-26,,Active,56.49,Monthly
SUB007235,CU007235,PL01,2022-12-29,,Active,59.66,Annual
SUB007236,CU007236,PL02,2024-10-06,,Active,151.88,Monthly
SUB007237,CU007237,PL02,2022-01-10,,Active,163.71,Monthly
SUB007238,CU007238,PL01,2023-09-18,,Active,47.48,Annual
SUB007239,CU007239,PL01,2022-10-02,,Active,47.85,Monthly
SUB007240,CU007240,PL02,2022-04-08,2024-05-28,Churned,162.49,Monthly
SUB007241,CU007241,PL03,2024-10-25,,Active,482.81,Annual
SUB007242,CU007242,PL01,2026-03-21,,Active,51.62,Annual
SUB007243,CU007243,PL02,2026-05-02,,Active,148.8,Annual
SUB007244,CU007244,PL03,2026-05-13,,Active,466.64,Annual
SUB007245,CU007245,PL01,2026-05-08,,Active,44.41,Annual
SUB007246,CU007246,PL02,2025-12-18,,Active,176.96,Monthly
SUB007247,CU007247,PL01,2022-07-17,,Active,53.17,Monthly
SUB007248,CU007248,PL02,2025-02-20,,Active,148.1,Monthly
SUB007249,CU007249,PL01,2025-10-14,,Active,53.18,Annual
SUB007250,CU007250,PL03,2023-01-12,2025-01-01,Churned,465.02,Monthly
SUB007251,CU007251,PL02,2024-08-07,,Active,138.98,Monthly
SUB007252,CU007252,PL02,2024-04-19,,Active,162.86,Annual
SUB007253,CU007253,PL03,2024-11-28,,Active,442.5,Monthly
SUB007254,CU007254,PL02,2022-05-12,,Active,181.59,Monthly
SUB007255,CU007255,PL01,2026-04-19,,Active,50.79,Annual
SUB007256,CU007256,PL01,2023-09-20,2025-11-20,Churned,53.24,Monthly
SUB007257,CU007257,PL03,2022-09-20,,Active,413.93,Monthly
SUB007258,CU007258,PL02,2022-07-03,,Active,142.61,Annual
SUB007259,CU007259,PL02,2025-12-03,,Active,129.63,Monthly
SUB007260,CU007260,PL01,2024-05-22,,Active,54.33,Monthly
SUB007261,CU007261,PL03,2025-06-12,,Active,477.65,Monthly
SUB007262,CU007262,PL04,2022-09-24,,Active,1354.62,Monthly
SUB007263,CU007263,PL01,2026-02-04,,Active,50.0,Annual
SUB007264,CU007264,PL04,2025-11-17,,Active,1425.69,Monthly
SUB007265,CU007265,PL02,2025-05-08,,Active,142.27,Annual
SUB007266,CU007266,PL01,2025-08-07,,Active,54.94,Annual
SUB007267,CU007267,PL01,2024-09-01,2026-01-20,Churned,51.87,Monthly
SUB007268,CU007268,PL01,2022-06-16,,Active,47.92,Monthly
SUB007269,CU007269,PL03,2025-12-29,2026-07-16,Churned,350.39,Monthly
SUB007270,CU007270,PL03,2025-03-15,2025-10-07,Churned,443.36,Annual
SUB007271,CU007271,PL03,2022-09-01,,Active,355.67,Monthly
SUB007272,CU007272,PL02,2023-06-27,,Active,185.35,Annual
SUB007273,CU007273,PL02,2024-01-07,,Active,162.75,Monthly
SUB007274,CU007274,PL03,2022-10-24,,Active,441.44,Monthly
SUB007275,CU007275,PL01,2022-06-20,,Active,59.77,Annual
SUB007276,CU007276,PL03,2022-06-19,2026-08-03,Churned,461.95,Annual
SUB007277,CU007277,PL01,2022-07-28,,Active,58.84,Annual
SUB007278,CU007278,PL01,2022-01-16,,Active,41.96,Annual
SUB007279,CU007279,PL03,2025-06-13,,Active,420.58,Annual
SUB007280,CU007280,PL03,2026-05-27,,Active,369.22,Annual
SUB007281,CU007281,PL01,2025-02-26,,Active,43.09,Monthly
SUB007282,CU007282,PL02,2023-04-09,2024-11-24,Churned,148.35,Annual
SUB007283,CU007283,PL03,2026-01-02,,Active,449.11,Monthly
SUB007284,CU007284,PL03,2025-04-10,,Active,475.47,Annual
SUB007285,CU007285,PL03,2023-03-18,,Active,400.65,Annual
SUB007286,CU007286,PL02,2025-08-18,,Active,147.64,Annual
SUB007287,CU007287,PL04,2022-09-14,,Active,1254.65,Annual
SUB007288,CU007288,PL01,2023-06-05,2026-01-18,Churned,53.09,Annual
SUB007289,CU007289,PL02,2024-11-17,,Active,174.03,Annual
SUB007290,CU007290,PL02,2025-05-10,2026-08-08,Churned,137.6,Monthly
SUB007291,CU007291,PL01,2024-01-10,2024-04-22,Churned,53.92,Monthly
SUB007292,CU007292,PL01,2024-09-13,,Active,56.9,Monthly
SUB007293,CU007293,PL04,2023-01-13,,Active,1464.74,Annual
SUB007294,CU007294,PL02,2026-06-19,,Active,176.75,Annual
SUB007295,CU007295,PL01,2022-06-21,,Active,44.59,Monthly
SUB007296,CU007296,PL02,2025-04-14,,Active,132.76,Monthly
SUB007297,CU007297,PL03,2025-12-26,,Active,470.14,Annual
SUB007298,CU007298,PL01,2022-05-22,,Active,56.92,Annual
SUB007299,CU007299,PL02,2022-02-22,,Active,167.55,Monthly
SUB007300,CU007300,PL02,2023-11-13,,Active,143.01,Annual
SUB007301,CU007301,PL01,2023-01-24,2025-08-09,Churned,59.4,Monthly
SUB007302,CU007302,PL04,2023-08-24,,Active,1043.77,Monthly
SUB007303,CU007303,PL01,2022-12-03,,Active,43.87,Annual
SUB007304,CU007304,PL01,2024-09-14,,Active,61.11,Monthly
SUB007305,CU007305,PL03,2023-02-11,,Active,394.82,Monthly
SUB007306,CU007306,PL03,2022-08-14,,Active,378.57,Annual
SUB007307,CU007307,PL01,2023-09-08,,Active,53.3,Monthly
SUB007308,CU007308,PL02,2024-03-27,,Active,157.03,Monthly
SUB007309,CU007309,PL01,2026-05-21,,Active,60.78,Monthly
SUB007310,CU007310,PL02,2022-09-07,,Active,158.23,Monthly
SUB007311,CU007311,PL01,2023-12-27,2024-10-27,Churned,56.97,Annual
SUB007312,CU007312,PL02,2024-01-14,,Active,133.92,Annual
SUB007313,CU007313,PL03,2022-09-14,,Active,490.01,Monthly
SUB007314,CU007314,PL01,2025-01-11,2025-08-11,Churned,54.02,Monthly
SUB007315,CU007315,PL03,2024-03-03,,Active,449.84,Monthly
SUB007316,CU007316,PL04,2022-09-06,,Active,1154.76,Monthly
SUB007317,CU007317,PL04,2023-07-12,2026-08-14,Churned,1421.45,Annual
SUB007318,CU007318,PL02,2022-01-20,,Active,169.58,Monthly
SUB007319,CU007319,PL04,2024-10-10,,Active,1030.2,Annual
SUB007320,CU007320,PL01,2024-02-02,2026-08-18,Churned,54.41,Monthly
SUB007321,CU007321,PL03,2022-11-09,,Active,428.39,Annual
SUB007322,CU007322,PL02,2025-11-13,,Active,178.16,Monthly
SUB007323,CU007323,PL03,2025-06-07,2025-12-08,Churned,479.59,Annual
SUB007324,CU007324,PL02,2025-03-03,,Active,182.42,Annual
SUB007325,CU007325,PL02,2024-07-15,,Active,176.88,Monthly
SUB007326,CU007326,PL04,2025-08-25,,Active,1023.58,Annual
SUB007327,CU007327,PL01,2026-05-17,,Active,42.84,Monthly
SUB007328,CU007328,PL02,2026-01-12,,Active,152.07,Monthly
SUB007329,CU007329,PL01,2025-10-15,,Active,49.62,Monthly
SUB007330,CU007330,PL02,2025-12-23,,Active,140.97,Annual
SUB007331,CU007331,PL04,2023-02-03,,Active,1308.53,Annual
SUB007332,CU007332,PL03,2023-07-27,2025-02-16,Churned,428.7,Monthly
SUB007333,CU007333,PL03,2024-10-24,,Active,391.87,Monthly
SUB007334,CU007334,PL01,2024-07-15,,Active,42.13,Monthly
SUB007335,CU007335,PL01,2025-01-07,,Active,52.21,Annual
SUB007336,CU007336,PL01,2022-08-11,,Active,57.08,Annual
SUB007337,CU007337,PL02,2022-10-05,2025-04-13,Churned,179.84,Monthly
SUB007338,CU007338,PL02,2023-07-17,,Active,131.69,Monthly
SUB007339,CU007339,PL04,2025-12-17,,Active,1100.15,Monthly
SUB007340,CU007340,PL03,2023-05-23,,Active,469.79,Monthly
SUB007341,CU007341,PL01,2022-05-28,2024-10-11,Churned,59.27,Monthly
SUB007342,CU007342,PL02,2025-09-02,,Active,160.5,Monthly
SUB007343,CU007343,PL04,2024-01-29,,Active,1495.37,Monthly
SUB007344,CU007344,PL02,2025-07-11,,Active,177.08,Annual
SUB007345,CU007345,PL03,2025-01-31,2025-06-11,Churned,465.37,Monthly
SUB007346,CU007346,PL01,2023-02-20,,Active,52.37,Annual
SUB007347,CU007347,PL03,2022-05-26,2025-06-11,Churned,384.98,Annual
SUB007348,CU007348,PL02,2026-05-09,,Active,175.47,Annual
SUB007349,CU007349,PL02,2023-04-22,,Active,154.19,Annual
SUB007350,CU007350,PL02,2024-09-20,,Active,181.08,Annual
SUB007351,CU007351,PL03,2026-02-20,,Active,434.5,Annual
SUB007352,CU007352,PL01,2023-10-29,,Active,54.07,Monthly
SUB007353,CU007353,PL02,2022-01-08,,Active,160.22,Annual
SUB007354,CU007354,PL01,2022-02-02,,Active,56.41,Monthly
SUB007355,CU007355,PL03,2023-05-13,,Active,376.11,Annual
SUB007356,CU007356,PL03,2022-08-18,,Active,415.23,Annual
SUB007357,CU007357,PL03,2024-07-05,,Active,463.95,Monthly
SUB007358,CU007358,PL01,2024-06-21,,Active,46.79,Annual
SUB007359,CU007359,PL02,2022-03-16,,Active,170.61,Monthly
SUB007360,CU007360,PL01,2023-10-02,,Active,58.69,Monthly
SUB007361,CU007361,PL02,2026-02-19,,Active,160.21,Monthly
SUB007362,CU007362,PL04,2023-11-02,2025-02-03,Churned,1383.24,Monthly
SUB007363,CU007363,PL02,2023-09-30,,Active,134.91,Monthly
SUB007364,CU007364,PL01,2025-01-23,,Active,44.89,Monthly
SUB007365,CU007365,PL01,2024-09-13,2025-01-24,Churned,55.73,Annual
SUB007366,CU007366,PL01,2026-01-04,2026-08-25,Churned,56.95,Annual
SUB007367,CU007367,PL02,2022-04-08,,Active,128.89,Monthly
SUB007368,CU007368,PL01,2022-10-12,,Active,55.9,Annual
SUB007369,CU007369,PL02,2026-03-24,,Active,149.2,Annual
SUB007370,CU007370,PL02,2025-09-14,,Active,136.21,Annual
SUB007371,CU007371,PL03,2025-12-02,,Active,463.08,Monthly
SUB007372,CU007372,PL02,2023-04-11,2024-08-25,Churned,167.16,Annual
SUB007373,CU007373,PL01,2025-02-23,2026-02-19,Churned,48.1,Monthly
SUB007374,CU007374,PL01,2023-01-07,,Active,58.13,Monthly
SUB007375,CU007375,PL03,2025-04-23,,Active,442.23,Monthly
SUB007376,CU007376,PL01,2024-01-10,2025-02-13,Churned,55.85,Monthly
SUB007377,CU007377,PL01,2025-07-06,,Active,56.94,Annual
SUB007378,CU007378,PL03,2022-04-11,,Active,423.99,Monthly
SUB007379,CU007379,PL02,2022-05-02,,Active,171.62,Monthly
SUB007380,CU007380,PL01,2024-03-03,2026-08-29,Churned,47.67,Annual
SUB007381,CU007381,PL03,2025-10-15,,Active,389.26,Annual
SUB007382,CU007382,PL03,2025-01-04,2025-09-04,Churned,416.93,Monthly
SUB007383,CU007383,PL02,2024-08-03,,Active,177.3,Annual
SUB007384,CU007384,PL02,2023-05-04,,Active,160.93,Monthly
SUB007385,CU007385,PL03,2022-10-01,,Active,369.93,Monthly
SUB007386,CU007386,PL01,2025-05-11,2026-08-17,Churned,53.42,Monthly
SUB007387,CU007387,PL01,2022-11-27,,Active,49.78,Annual
SUB007388,CU007388,PL02,2022-10-19,,Active,132.4,Monthly
SUB007389,CU007389,PL01,2024-10-05,,Active,45.42,Annual
SUB007390,CU007390,PL01,2022-11-19,,Active,60.1,Monthly
SUB007391,CU007391,PL01,2022-03-02,,Active,49.38,Annual
SUB007392,CU007392,PL02,2023-03-25,2026-02-15,Churned,129.12,Annual
SUB007393,CU007393,PL03,2026-05-01,,Active,421.97,Monthly
SUB007394,CU007394,PL02,2024-10-06,2025-02-13,Churned,136.7,Annual
SUB007395,CU007395,PL02,2024-08-01,,Active,150.26,Monthly
SUB007396,CU007396,PL02,2022-11-12,2025-02-01,Churned,185.74,Monthly
SUB007397,CU007397,PL01,2022-08-11,,Active,58.14,Annual
SUB007398,CU007398,PL01,2024-11-24,,Active,47.46,Monthly
SUB007399,CU007399,PL01,2025-10-03,,Active,50.11,Monthly
SUB007400,CU007400,PL03,2026-05-17,,Active,471.13,Annual
SUB007401,CU007401,PL03,2025-12-08,,Active,482.63,Annual
SUB007402,CU007402,PL03,2022-06-30,2023-10-09,Churned,491.1,Monthly
SUB007403,CU007403,PL02,2023-11-13,2024-04-17,Churned,150.53,Annual
SUB007404,CU007404,PL01,2025-11-14,2026-07-29,Churned,46.21,Monthly
SUB007405,CU007405,PL03,2025-01-21,,Active,343.71,Annual
SUB007406,CU007406,PL02,2026-01-03,,Active,161.58,Monthly
SUB007407,CU007407,PL01,2026-04-04,,Active,48.34,Annual
SUB007408,CU007408,PL01,2022-10-28,,Active,55.69,Annual
SUB007409,CU007409,PL02,2025-04-22,,Active,165.93,Monthly
SUB007410,CU007410,PL01,2024-10-24,,Active,51.01,Annual
SUB007411,CU007411,PL01,2024-12-23,2026-03-18,Churned,50.0,Monthly
SUB007412,CU007412,PL02,2022-12-09,,Active,156.53,Annual
SUB007413,CU007413,PL04,2025-08-18,,Active,1405.94,Monthly
SUB007414,CU007414,PL01,2023-07-06,,Active,56.53,Monthly
SUB007415,CU007415,PL02,2026-06-08,,Active,160.5,Monthly
SUB007416,CU007416,PL01,2024-05-06,,Active,45.27,Monthly
SUB007417,CU007417,PL04,2025-09-20,,Active,1262.72,Monthly
SUB007418,CU007418,PL03,2024-05-21,,Active,491.07,Monthly
SUB007419,CU007419,PL02,2023-01-12,,Active,145.44,Annual
SUB007420,CU007420,PL01,2022-01-21,,Active,45.69,Monthly
SUB007421,CU007421,PL01,2025-01-18,,Active,48.37,Monthly
SUB007422,CU007422,PL01,2024-04-27,,Active,45.59,Monthly
SUB007423,CU007423,PL01,2022-07-02,,Active,56.53,Annual
SUB007424,CU007424,PL03,2022-10-30,,Active,488.41,Monthly
SUB007425,CU007425,PL02,2024-06-03,,Active,154.91,Annual
SUB007426,CU007426,PL04,2022-05-04,,Active,1297.37,Annual
SUB007427,CU007427,PL02,2026-01-21,,Active,176.27,Annual
SUB007428,CU007428,PL01,2024-12-14,,Active,49.16,Monthly
SUB007429,CU007429,PL01,2025-01-31,2026-07-26,Churned,46.93,Annual
SUB007430,CU007430,PL02,2024-04-10,,Active,146.24,Monthly
SUB007431,CU007431,PL01,2023-07-13,,Active,53.78,Annual
SUB007432,CU007432,PL04,2022-03-17,,Active,1172.5,Annual
SUB007433,CU007433,PL04,2023-04-25,,Active,1363.18,Monthly
SUB007434,CU007434,PL02,2025-07-18,,Active,141.86,Monthly
SUB007435,CU007435,PL02,2022-05-28,,Active,152.97,Annual
SUB007436,CU007436,PL02,2024-12-10,,Active,165.29,Annual
SUB007437,CU007437,PL01,2022-09-15,,Active,55.49,Monthly
SUB007438,CU007438,PL04,2023-01-28,,Active,1021.47,Monthly
SUB007439,CU007439,PL02,2023-09-25,,Active,165.19,Annual
SUB007440,CU007440,PL03,2022-05-30,,Active,445.92,Annual
SUB007441,CU007441,PL02,2022-05-20,,Active,149.8,Annual
SUB007442,CU007442,PL01,2023-01-14,,Active,45.65,Annual
SUB007443,CU007443,PL01,2025-11-03,,Active,49.09,Monthly
SUB007444,CU007444,PL01,2025-10-23,,Active,59.99,Annual
SUB007445,CU007445,PL03,2023-06-07,2025-12-14,Churned,355.98,Monthly
SUB007446,CU007446,PL03,2024-04-08,,Active,357.9,Annual
SUB007447,CU007447,PL01,2022-03-21,2024-09-19,Churned,56.08,Annual
SUB007448,CU007448,PL02,2025-06-17,2025-12-06,Churned,165.31,Annual
SUB007449,CU007449,PL01,2023-02-27,,Active,60.87,Monthly
SUB007450,CU007450,PL02,2022-02-22,2023-10-11,Churned,181.24,Annual
SUB007451,CU007451,PL01,2025-08-01,,Active,42.18,Monthly
SUB007452,CU007452,PL03,2022-02-06,,Active,473.82,Annual
SUB007453,CU007453,PL01,2022-09-15,,Active,53.73,Monthly
SUB007454,CU007454,PL01,2025-09-13,2026-03-17,Churned,51.9,Annual
SUB007455,CU007455,PL02,2023-06-30,,Active,163.84,Monthly
SUB007456,CU007456,PL02,2025-12-26,,Active,146.59,Annual
SUB007457,CU007457,PL01,2022-07-23,,Active,60.85,Monthly
SUB007458,CU007458,PL02,2024-12-19,,Active,157.11,Monthly
SUB007459,CU007459,PL02,2026-05-12,,Active,161.99,Monthly
SUB007460,CU007460,PL03,2025-12-26,,Active,401.5,Monthly
SUB007461,CU007461,PL01,2023-09-13,,Active,42.44,Annual
SUB007462,CU007462,PL01,2023-06-07,2024-02-04,Churned,59.83,Monthly
SUB007463,CU007463,PL03,2025-02-06,,Active,454.83,Monthly
SUB007464,CU007464,PL02,2024-07-07,,Active,182.02,Annual
SUB007465,CU007465,PL02,2025-10-20,,Active,179.5,Annual
SUB007466,CU007466,PL01,2026-05-15,,Active,42.52,Monthly
SUB007467,CU007467,PL04,2024-07-07,,Active,1045.84,Monthly
SUB007468,CU007468,PL01,2024-06-27,,Active,53.74,Monthly
SUB007469,CU007469,PL01,2023-07-05,2025-12-05,Churned,53.36,Monthly
SUB007470,CU007470,PL03,2022-08-20,,Active,396.95,Monthly
SUB007471,CU007471,PL01,2024-03-18,2025-06-20,Churned,57.01,Annual
SUB007472,CU007472,PL01,2025-01-26,,Active,48.32,Annual
SUB007473,CU007473,PL02,2024-09-02,,Active,175.99,Monthly
SUB007474,CU007474,PL02,2025-12-28,2026-07-25,Churned,171.15,Monthly
SUB007475,CU007475,PL04,2023-12-20,,Active,1039.53,Monthly
SUB007476,CU007476,PL02,2024-04-23,,Active,158.22,Annual
SUB007477,CU007477,PL03,2023-12-13,,Active,360.96,Annual
SUB007478,CU007478,PL04,2023-05-19,,Active,1343.91,Monthly
SUB007479,CU007479,PL02,2022-11-14,,Active,157.73,Monthly
SUB007480,CU007480,PL04,2022-07-22,,Active,1276.84,Annual
SUB007481,CU007481,PL01,2024-03-21,,Active,59.92,Annual
SUB007482,CU007482,PL03,2023-12-02,2024-09-03,Churned,478.4,Annual
SUB007483,CU007483,PL01,2022-09-18,,Active,42.38,Monthly
SUB007484,CU007484,PL04,2022-07-14,,Active,1279.35,Annual
SUB007485,CU007485,PL02,2022-10-29,,Active,181.05,Monthly
SUB007486,CU007486,PL01,2026-06-08,,Active,55.84,Monthly
SUB007487,CU007487,PL02,2022-01-11,2025-12-20,Churned,161.1,Monthly
SUB007488,CU007488,PL02,2022-11-29,2023-04-16,Churned,180.43,Annual
SUB007489,CU007489,PL01,2022-12-19,,Active,48.85,Monthly
SUB007490,CU007490,PL03,2024-05-12,,Active,393.6,Monthly
SUB007491,CU007491,PL03,2025-11-10,,Active,403.62,Annual
SUB007492,CU007492,PL02,2022-01-20,,Active,133.53,Annual
SUB007493,CU007493,PL02,2024-10-08,2025-11-21,Churned,132.82,Annual
SUB007494,CU007494,PL02,2024-12-08,,Active,155.93,Monthly
SUB007495,CU007495,PL03,2022-12-20,,Active,352.86,Annual
SUB007496,CU007496,PL03,2025-04-15,,Active,406.72,Monthly
SUB007497,CU007497,PL02,2023-11-24,,Active,136.07,Monthly
SUB007498,CU007498,PL01,2025-07-05,,Active,53.8,Annual
SUB007499,CU007499,PL04,2022-09-05,,Active,1375.55,Annual
SUB007500,CU007500,PL03,2024-10-04,,Active,412.85,Monthly
SUB007501,CU007501,PL02,2023-06-25,,Active,152.69,Monthly
SUB007502,CU007502,PL01,2023-12-29,2025-07-09,Churned,46.71,Monthly
SUB007503,CU007503,PL04,2024-12-30,,Active,1038.74,Monthly
SUB007504,CU007504,PL02,2024-09-30,,Active,134.16,Monthly
SUB007505,CU007505,PL04,2025-10-23,2026-04-02,Churned,1164.05,Monthly
SUB007506,CU007506,PL01,2024-04-12,,Active,44.72,Annual
SUB007507,CU007507,PL02,2022-12-12,2023-04-27,Churned,179.16,Monthly
SUB007508,CU007508,PL01,2024-05-22,,Active,54.63,Annual
SUB007509,CU007509,PL02,2022-06-26,,Active,156.2,Monthly
SUB007510,CU007510,PL02,2023-09-04,,Active,176.58,Monthly
SUB007511,CU007511,PL01,2023-03-06,,Active,53.97,Annual
SUB007512,CU007512,PL04,2022-02-28,,Active,1434.19,Monthly
SUB007513,CU007513,PL02,2023-11-23,,Active,140.98,Monthly
SUB007514,CU007514,PL04,2025-11-11,,Active,1477.7,Annual
SUB007515,CU007515,PL02,2024-02-21,,Active,185.97,Monthly
SUB007516,CU007516,PL01,2025-06-25,,Active,53.27,Monthly
SUB007517,CU007517,PL03,2025-11-16,,Active,413.36,Annual
SUB007518,CU007518,PL02,2025-09-01,,Active,145.24,Monthly
SUB007519,CU007519,PL01,2024-06-10,,Active,44.81,Annual
SUB007520,CU007520,PL01,2025-03-08,2026-01-27,Churned,41.85,Annual
SUB007521,CU007521,PL03,2023-12-28,,Active,376.64,Monthly
SUB007522,CU007522,PL02,2023-02-12,,Active,184.88,Annual
SUB007523,CU007523,PL01,2024-10-18,,Active,43.56,Monthly
SUB007524,CU007524,PL02,2026-06-13,,Active,156.61,Annual
SUB007525,CU007525,PL02,2023-11-19,,Active,173.13,Monthly
SUB007526,CU007526,PL02,2025-04-29,,Active,180.83,Annual
SUB007527,CU007527,PL02,2025-06-26,,Active,185.07,Monthly
SUB007528,CU007528,PL02,2025-06-10,,Active,166.46,Annual
SUB007529,CU007529,PL01,2023-07-10,,Active,51.03,Annual
SUB007530,CU007530,PL03,2024-12-12,,Active,453.93,Monthly
SUB007531,CU007531,PL02,2023-06-21,,Active,152.81,Annual
SUB007532,CU007532,PL03,2023-05-21,,Active,368.88,Annual
SUB007533,CU007533,PL02,2022-11-18,,Active,175.7,Annual
SUB007534,CU007534,PL02,2025-12-31,,Active,171.07,Monthly
SUB007535,CU007535,PL01,2026-03-03,2026-06-20,Churned,43.55,Monthly
SUB007536,CU007536,PL02,2023-10-18,,Active,178.88,Monthly
SUB007537,CU007537,PL01,2023-03-14,2023-08-29,Churned,58.47,Monthly
SUB007538,CU007538,PL03,2024-12-16,,Active,381.76,Annual
SUB007539,CU007539,PL04,2022-09-21,,Active,1370.09,Monthly
SUB007540,CU007540,PL03,2023-07-13,,Active,409.41,Monthly
SUB007541,CU007541,PL01,2022-07-20,,Active,45.93,Annual
SUB007542,CU007542,PL02,2022-05-08,,Active,159.4,Annual
SUB007543,CU007543,PL01,2026-03-21,,Active,46.94,Monthly
SUB007544,CU007544,PL02,2026-03-23,,Active,171.13,Annual
SUB007545,CU007545,PL01,2023-09-03,,Active,50.61,Annual
SUB007546,CU007546,PL03,2022-05-12,2026-05-07,Churned,346.78,Monthly
SUB007547,CU007547,PL01,2025-05-25,,Active,53.96,Monthly
SUB007548,CU007548,PL02,2022-03-03,,Active,137.62,Annual
SUB007549,CU007549,PL01,2024-08-01,,Active,57.91,Annual
SUB007550,CU007550,PL02,2022-07-19,,Active,143.09,Annual
SUB007551,CU007551,PL01,2022-08-26,,Active,46.13,Annual
SUB007552,CU007552,PL04,2022-01-19,,Active,1097.98,Annual
SUB007553,CU007553,PL03,2022-02-14,,Active,495.66,Annual
SUB007554,CU007554,PL01,2024-07-04,2024-11-04,Churned,51.8,Monthly
SUB007555,CU007555,PL04,2023-08-11,,Active,1275.26,Monthly
SUB007556,CU007556,PL01,2022-11-06,,Active,51.04,Annual
SUB007557,CU007557,PL01,2022-04-30,,Active,54.49,Monthly
SUB007558,CU007558,PL02,2024-08-08,,Active,177.92,Monthly
SUB007559,CU007559,PL02,2022-12-04,,Active,183.13,Monthly
SUB007560,CU007560,PL03,2022-07-20,,Active,411.58,Annual
SUB007561,CU007561,PL01,2025-09-17,2026-04-27,Churned,57.46,Annual
SUB007562,CU007562,PL03,2024-12-17,2025-04-08,Churned,496.7,Monthly
SUB007563,CU007563,PL01,2023-09-07,2026-05-25,Churned,60.01,Annual
SUB007564,CU007564,PL02,2022-08-11,2024-08-25,Churned,179.7,Annual
SUB007565,CU007565,PL03,2025-01-29,,Active,368.7,Monthly
SUB007566,CU007566,PL03,2025-09-24,,Active,486.4,Monthly
SUB007567,CU007567,PL02,2025-05-07,,Active,173.29,Annual
SUB007568,CU007568,PL01,2025-07-30,,Active,56.18,Monthly
SUB007569,CU007569,PL01,2023-11-01,,Active,50.89,Monthly
SUB007570,CU007570,PL01,2023-03-11,,Active,48.29,Monthly
SUB007571,CU007571,PL01,2024-04-22,,Active,60.57,Annual
SUB007572,CU007572,PL02,2024-02-01,,Active,181.59,Monthly
SUB007573,CU007573,PL02,2023-03-30,,Active,133.46,Annual
SUB007574,CU007574,PL03,2023-01-14,,Active,429.04,Annual
SUB007575,CU007575,PL02,2024-11-08,2026-06-03,Churned,156.75,Monthly
SUB007576,CU007576,PL03,2023-08-12,,Active,465.55,Annual
SUB007577,CU007577,PL03,2026-04-27,,Active,409.06,Monthly
SUB007578,CU007578,PL04,2024-07-29,,Active,1487.67,Annual
SUB007579,CU007579,PL03,2023-04-19,,Active,428.13,Monthly
SUB007580,CU007580,PL02,2025-04-15,,Active,159.95,Monthly
SUB007581,CU007581,PL03,2024-05-26,,Active,397.03,Monthly
SUB007582,CU007582,PL02,2024-10-03,2026-02-13,Churned,144.52,Annual
SUB007583,CU007583,PL04,2024-12-18,,Active,1040.35,Annual
SUB007584,CU007584,PL04,2026-02-22,,Active,1301.07,Annual
SUB007585,CU007585,PL02,2024-11-23,,Active,129.8,Annual
SUB007586,CU007586,PL01,2024-11-02,,Active,43.26,Monthly
SUB007587,CU007587,PL01,2025-09-07,,Active,51.24,Monthly
SUB007588,CU007588,PL04,2023-08-29,,Active,1096.72,Annual
SUB007589,CU007589,PL01,2024-09-06,2026-02-21,Churned,56.38,Monthly
SUB007590,CU007590,PL04,2022-01-03,,Active,1036.62,Annual
SUB007591,CU007591,PL01,2023-10-06,2024-05-08,Churned,51.47,Annual
SUB007592,CU007592,PL01,2024-10-27,,Active,59.81,Monthly
SUB007593,CU007593,PL04,2022-06-11,,Active,1499.33,Annual
SUB007594,CU007594,PL02,2025-11-04,,Active,153.09,Annual
SUB007595,CU007595,PL02,2023-06-28,,Active,148.14,Monthly
SUB007596,CU007596,PL02,2022-12-03,,Active,146.78,Annual
SUB007597,CU007597,PL01,2025-12-19,,Active,41.65,Annual
SUB007598,CU007598,PL01,2025-10-28,,Active,58.84,Monthly
SUB007599,CU007599,PL01,2024-10-16,,Active,46.44,Annual
SUB007600,CU007600,PL02,2025-03-05,,Active,132.01,Monthly
SUB007601,CU007601,PL04,2026-01-21,,Active,1132.04,Monthly
SUB007602,CU007602,PL02,2023-11-05,,Active,165.06,Monthly
SUB007603,CU007603,PL02,2024-10-30,,Active,130.86,Monthly
SUB007604,CU007604,PL01,2023-05-09,,Active,49.75,Annual
SUB007605,CU007605,PL02,2025-03-26,2026-06-17,Churned,160.59,Monthly
SUB007606,CU007606,PL03,2024-05-21,,Active,409.75,Monthly
SUB007607,CU007607,PL04,2023-10-04,,Active,1177.42,Annual
SUB007608,CU007608,PL01,2022-07-24,,Active,43.05,Monthly
SUB007609,CU007609,PL01,2023-06-03,,Active,50.19,Monthly
SUB007610,CU007610,PL04,2025-10-12,,Active,1337.71,Annual
SUB007611,CU007611,PL02,2023-10-11,,Active,167.01,Annual
SUB007612,CU007612,PL02,2025-09-25,,Active,183.53,Annual
SUB007613,CU007613,PL03,2024-12-11,,Active,493.88,Annual
SUB007614,CU007614,PL02,2024-07-17,2024-12-08,Churned,179.96,Monthly
SUB007615,CU007615,PL01,2022-02-01,,Active,52.9,Monthly
SUB007616,CU007616,PL03,2024-12-13,2026-07-29,Churned,451.24,Monthly
SUB007617,CU007617,PL02,2023-05-18,,Active,176.28,Monthly
SUB007618,CU007618,PL01,2023-08-28,,Active,55.64,Annual
SUB007619,CU007619,PL01,2025-03-12,,Active,44.63,Annual
SUB007620,CU007620,PL03,2022-08-07,,Active,414.8,Annual
SUB007621,CU007621,PL01,2022-05-18,,Active,53.4,Annual
SUB007622,CU007622,PL03,2022-06-04,,Active,383.37,Annual
SUB007623,CU007623,PL01,2023-09-26,,Active,51.75,Annual
SUB007624,CU007624,PL01,2024-12-10,,Active,48.61,Monthly
SUB007625,CU007625,PL01,2022-06-03,,Active,41.93,Annual
SUB007626,CU007626,PL01,2022-01-10,2023-02-13,Churned,42.26,Monthly
SUB007627,CU007627,PL01,2022-03-06,,Active,50.89,Annual
SUB007628,CU007628,PL02,2022-12-29,,Active,144.31,Monthly
SUB007629,CU007629,PL04,2022-01-18,,Active,1326.55,Monthly
SUB007630,CU007630,PL03,2024-02-03,,Active,486.89,Monthly
SUB007631,CU007631,PL02,2023-01-21,,Active,168.24,Annual
SUB007632,CU007632,PL03,2026-03-21,,Active,471.13,Annual
SUB007633,CU007633,PL03,2026-05-29,,Active,431.81,Monthly
SUB007634,CU007634,PL02,2022-06-13,2022-10-18,Churned,129.44,Annual
SUB007635,CU007635,PL03,2025-07-04,,Active,345.57,Monthly
SUB007636,CU007636,PL01,2024-08-02,2025-09-13,Churned,57.55,Monthly
SUB007637,CU007637,PL02,2022-03-09,,Active,133.31,Annual
SUB007638,CU007638,PL01,2024-11-10,,Active,48.09,Annual
SUB007639,CU007639,PL03,2022-07-05,,Active,472.89,Annual
SUB007640,CU007640,PL01,2022-03-25,2025-05-26,Churned,56.63,Monthly
SUB007641,CU007641,PL03,2023-01-31,2024-10-05,Churned,414.37,Monthly
SUB007642,CU007642,PL01,2024-05-18,,Active,56.72,Monthly
SUB007643,CU007643,PL02,2022-01-31,,Active,180.24,Monthly
SUB007644,CU007644,PL03,2022-06-27,,Active,439.1,Monthly
SUB007645,CU007645,PL01,2024-01-22,,Active,58.74,Annual
SUB007646,CU007646,PL04,2024-05-04,,Active,1441.21,Monthly
SUB007647,CU007647,PL01,2022-01-17,,Active,52.65,Monthly
SUB007648,CU007648,PL01,2022-09-20,,Active,57.76,Annual
SUB007649,CU007649,PL01,2022-03-25,,Active,48.38,Annual
SUB007650,CU007650,PL03,2026-04-20,,Active,495.1,Annual
SUB007651,CU007651,PL03,2025-11-23,,Active,371.84,Monthly
SUB007652,CU007652,PL01,2023-05-29,,Active,50.5,Annual
SUB007653,CU007653,PL02,2024-10-20,,Active,178.36,Monthly
SUB007654,CU007654,PL01,2024-04-04,2026-04-19,Churned,46.63,Annual
SUB007655,CU007655,PL01,2023-09-15,,Active,57.92,Annual
SUB007656,CU007656,PL04,2025-06-27,,Active,1317.71,Annual
SUB007657,CU007657,PL02,2023-11-03,,Active,165.65,Monthly
SUB007658,CU007658,PL02,2023-06-24,,Active,147.91,Monthly
SUB007659,CU007659,PL02,2024-07-10,,Active,140.19,Monthly
SUB007660,CU007660,PL02,2025-07-03,,Active,135.51,Annual
SUB007661,CU007661,PL04,2026-05-27,,Active,1362.59,Monthly
SUB007662,CU007662,PL03,2025-05-31,,Active,413.6,Annual
SUB007663,CU007663,PL01,2025-12-28,2026-08-15,Churned,44.78,Monthly
SUB007664,CU007664,PL01,2024-06-10,,Active,43.21,Monthly
SUB007665,CU007665,PL03,2025-11-18,,Active,377.49,Monthly
SUB007666,CU007666,PL01,2023-02-07,,Active,42.23,Monthly
SUB007667,CU007667,PL03,2023-12-28,,Active,343.65,Annual
SUB007668,CU007668,PL01,2026-05-14,,Active,49.05,Monthly
SUB007669,CU007669,PL02,2023-10-31,,Active,147.96,Monthly
SUB007670,CU007670,PL02,2025-05-08,,Active,127.83,Monthly
SUB007671,CU007671,PL01,2025-04-05,,Active,58.39,Annual
SUB007672,CU007672,PL01,2023-03-24,,Active,45.56,Monthly
SUB007673,CU007673,PL02,2023-07-02,,Active,167.14,Annual
SUB007674,CU007674,PL01,2023-07-05,2026-06-24,Churned,52.61,Annual
SUB007675,CU007675,PL01,2023-07-07,,Active,50.03,Monthly
SUB007676,CU007676,PL02,2025-04-12,,Active,167.25,Annual
SUB007677,CU007677,PL03,2022-04-12,,Active,344.51,Monthly
SUB007678,CU007678,PL02,2023-02-26,,Active,171.72,Annual
SUB007679,CU007679,PL03,2023-07-08,,Active,359.72,Annual
SUB007680,CU007680,PL03,2023-02-04,,Active,438.84,Annual
SUB007681,CU007681,PL02,2023-06-14,,Active,184.04,Annual
SUB007682,CU007682,PL02,2024-12-21,,Active,168.94,Annual
SUB007683,CU007683,PL01,2023-07-03,2024-02-19,Churned,56.14,Annual
SUB007684,CU007684,PL02,2026-06-23,,Active,139.23,Annual
SUB007685,CU007685,PL02,2026-05-16,,Active,151.48,Monthly
SUB007686,CU007686,PL01,2023-06-18,2024-04-23,Churned,58.55,Annual
SUB007687,CU007687,PL04,2024-09-09,,Active,1415.53,Annual
SUB007688,CU007688,PL03,2025-09-20,,Active,494.68,Monthly
SUB007689,CU007689,PL02,2025-04-27,,Active,131.42,Monthly
SUB007690,CU007690,PL01,2023-03-30,,Active,48.38,Annual
SUB007691,CU007691,PL03,2022-03-12,,Active,455.65,Monthly
SUB007692,CU007692,PL02,2025-06-09,,Active,184.05,Annual
SUB007693,CU007693,PL02,2026-04-28,,Active,176.81,Monthly
SUB007694,CU007694,PL03,2025-07-13,,Active,475.91,Monthly
SUB007695,CU007695,PL02,2022-08-27,,Active,128.72,Annual
SUB007696,CU007696,PL02,2022-01-10,2022-05-31,Churned,139.61,Annual
SUB007697,CU007697,PL03,2023-11-09,,Active,450.62,Monthly
SUB007698,CU007698,PL02,2023-12-08,2026-02-25,Churned,144.78,Annual
SUB007699,CU007699,PL02,2023-09-15,,Active,127.4,Monthly
SUB007700,CU007700,PL03,2022-10-10,,Active,352.6,Annual
SUB007701,CU007701,PL02,2026-05-30,,Active,152.17,Annual
SUB007702,CU007702,PL01,2025-03-04,,Active,51.05,Annual
SUB007703,CU007703,PL01,2025-06-14,,Active,43.47,Annual
SUB007704,CU007704,PL03,2023-02-26,,Active,399.0,Monthly
SUB007705,CU007705,PL03,2024-03-05,,Active,456.42,Monthly
SUB007706,CU007706,PL02,2025-08-21,2026-05-26,Churned,174.95,Annual
SUB007707,CU007707,PL01,2022-02-09,,Active,60.44,Annual
SUB007708,CU007708,PL02,2023-02-21,,Active,166.75,Monthly
SUB007709,CU007709,PL03,2024-11-12,,Active,481.89,Monthly
SUB007710,CU007710,PL01,2022-06-18,2023-12-09,Churned,59.43,Annual
SUB007711,CU007711,PL01,2024-10-25,,Active,56.93,Annual
SUB007712,CU007712,PL01,2022-11-14,,Active,46.92,Annual
SUB007713,CU007713,PL02,2023-05-12,,Active,151.78,Monthly
SUB007714,CU007714,PL02,2022-08-17,2025-08-14,Churned,158.44,Monthly
SUB007715,CU007715,PL03,2022-12-14,,Active,342.92,Monthly
SUB007716,CU007716,PL02,2025-01-22,,Active,145.36,Monthly
SUB007717,CU007717,PL03,2025-03-10,,Active,378.46,Annual
SUB007718,CU007718,PL01,2023-11-16,,Active,48.18,Annual
SUB007719,CU007719,PL02,2024-11-04,,Active,161.3,Monthly
SUB007720,CU007720,PL01,2024-08-01,2026-08-26,Churned,54.26,Monthly
SUB007721,CU007721,PL03,2022-10-26,,Active,490.6,Monthly
SUB007722,CU007722,PL03,2022-06-16,,Active,443.65,Monthly
SUB007723,CU007723,PL03,2023-04-16,,Active,351.96,Monthly
SUB007724,CU007724,PL02,2025-06-15,2026-06-05,Churned,131.79,Annual
SUB007725,CU007725,PL01,2025-05-29,,Active,59.45,Monthly
SUB007726,CU007726,PL02,2022-05-10,,Active,180.01,Annual
SUB007727,CU007727,PL01,2025-10-24,,Active,53.92,Monthly
SUB007728,CU007728,PL03,2023-04-20,,Active,354.97,Monthly
SUB007729,CU007729,PL01,2025-03-31,,Active,42.61,Annual
SUB007730,CU007730,PL01,2022-05-09,,Active,49.12,Monthly
SUB007731,CU007731,PL01,2024-01-03,2025-05-10,Churned,50.63,Monthly
SUB007732,CU007732,PL01,2023-06-23,,Active,52.97,Annual
SUB007733,CU007733,PL03,2025-02-04,,Active,472.85,Annual
SUB007734,CU007734,PL02,2025-06-07,,Active,130.39,Monthly
SUB007735,CU007735,PL01,2024-08-16,,Active,51.21,Annual
SUB007736,CU007736,PL02,2025-09-03,2026-01-10,Churned,131.23,Monthly
SUB007737,CU007737,PL02,2023-10-06,,Active,177.66,Annual
SUB007738,CU007738,PL01,2024-11-10,2025-07-17,Churned,59.1,Annual
SUB007739,CU007739,PL01,2024-04-07,,Active,52.93,Monthly
SUB007740,CU007740,PL01,2025-11-20,2026-02-20,Churned,41.72,Annual
SUB007741,CU007741,PL02,2023-01-08,,Active,144.07,Monthly
SUB007742,CU007742,PL01,2022-06-05,,Active,48.67,Monthly
SUB007743,CU007743,PL01,2025-10-03,,Active,51.05,Monthly
SUB007744,CU007744,PL03,2022-06-28,,Active,416.39,Annual
SUB007745,CU007745,PL04,2023-08-02,,Active,1312.25,Annual
SUB007746,CU007746,PL04,2024-08-11,,Active,1443.74,Annual
SUB007747,CU007747,PL03,2022-12-08,,Active,401.61,Monthly
SUB007748,CU007748,PL02,2022-06-23,,Active,139.27,Annual
SUB007749,CU007749,PL03,2025-12-08,,Active,378.75,Annual
SUB007750,CU007750,PL04,2024-04-01,,Active,1093.21,Annual
SUB007751,CU007751,PL01,2022-02-17,,Active,50.72,Monthly
SUB007752,CU007752,PL01,2022-11-05,,Active,44.3,Annual
SUB007753,CU007753,PL04,2022-09-30,,Active,1330.77,Monthly
SUB007754,CU007754,PL04,2025-06-03,,Active,1371.86,Annual
SUB007755,CU007755,PL02,2023-03-16,,Active,150.66,Annual
SUB007756,CU007756,PL01,2026-06-17,,Active,54.0,Monthly
SUB007757,CU007757,PL01,2025-12-20,,Active,46.45,Monthly
SUB007758,CU007758,PL04,2023-07-08,,Active,1190.67,Annual
SUB007759,CU007759,PL03,2024-02-11,2025-02-16,Churned,402.99,Monthly
SUB007760,CU007760,PL01,2024-09-01,2025-10-30,Churned,55.31,Annual
SUB007761,CU007761,PL02,2024-05-30,,Active,168.73,Annual
SUB007762,CU007762,PL02,2025-12-25,,Active,130.41,Annual
SUB007763,CU007763,PL03,2022-11-30,,Active,472.9,Monthly
SUB007764,CU007764,PL03,2024-10-18,,Active,410.58,Monthly
SUB007765,CU007765,PL02,2026-06-02,,Active,177.61,Annual
SUB007766,CU007766,PL02,2024-01-31,,Active,167.9,Monthly
SUB007767,CU007767,PL03,2025-01-13,,Active,354.74,Annual
SUB007768,CU007768,PL02,2024-03-19,,Active,158.78,Monthly
SUB007769,CU007769,PL01,2023-06-05,,Active,57.65,Annual
SUB007770,CU007770,PL03,2023-06-24,,Active,379.55,Monthly
SUB007771,CU007771,PL01,2024-09-19,,Active,56.58,Annual
SUB007772,CU007772,PL01,2025-08-14,,Active,55.05,Monthly
SUB007773,CU007773,PL01,2025-09-01,,Active,47.25,Annual
SUB007774,CU007774,PL04,2024-02-20,,Active,1258.03,Annual
SUB007775,CU007775,PL01,2026-05-26,,Active,56.09,Monthly
SUB007776,CU007776,PL03,2024-08-07,,Active,483.33,Monthly
SUB007777,CU007777,PL02,2024-12-17,2026-07-22,Churned,174.96,Annual
SUB007778,CU007778,PL02,2024-12-06,2026-08-01,Churned,127.39,Annual
SUB007779,CU007779,PL04,2024-08-05,,Active,1185.42,Annual
SUB007780,CU007780,PL02,2024-11-22,,Active,182.86,Annual
SUB007781,CU007781,PL03,2023-03-06,,Active,399.0,Annual
SUB007782,CU007782,PL04,2024-12-25,,Active,1438.26,Monthly
SUB007783,CU007783,PL02,2023-10-30,,Active,152.85,Annual
SUB007784,CU007784,PL02,2022-09-13,,Active,148.19,Annual
SUB007785,CU007785,PL01,2025-10-05,,Active,42.31,Annual
SUB007786,CU007786,PL01,2023-05-27,2025-02-11,Churned,46.66,Annual
SUB007787,CU007787,PL03,2025-10-06,,Active,412.36,Monthly
SUB007788,CU007788,PL02,2023-01-04,,Active,178.49,Monthly
SUB007789,CU007789,PL01,2024-02-05,2025-10-15,Churned,45.41,Annual
SUB007790,CU007790,PL03,2022-12-31,,Active,456.93,Annual
SUB007791,CU007791,PL02,2025-05-30,,Active,145.45,Monthly
SUB007792,CU007792,PL02,2026-03-16,,Active,144.99,Annual
SUB007793,CU007793,PL02,2026-04-13,,Active,138.19,Monthly
SUB007794,CU007794,PL01,2022-06-30,2025-06-18,Churned,41.74,Annual
SUB007795,CU007795,PL02,2026-01-22,,Active,167.51,Monthly
SUB007796,CU007796,PL01,2024-11-08,,Active,57.51,Monthly
SUB007797,CU007797,PL03,2025-10-06,,Active,392.43,Annual
SUB007798,CU007798,PL03,2023-05-26,2023-09-12,Churned,470.28,Annual
SUB007799,CU007799,PL01,2025-07-13,,Active,52.06,Annual
SUB007800,CU007800,PL01,2024-07-15,2026-07-07,Churned,45.98,Monthly
SUB007801,CU007801,PL02,2023-08-11,,Active,180.17,Monthly
SUB007802,CU007802,PL01,2023-09-09,,Active,47.12,Monthly
SUB007803,CU007803,PL03,2023-11-21,,Active,402.27,Annual
SUB007804,CU007804,PL03,2023-08-15,,Active,474.01,Annual
SUB007805,CU007805,PL04,2026-06-28,,Active,1194.35,Annual
SUB007806,CU007806,PL01,2023-02-24,2024-07-27,Churned,55.95,Monthly
SUB007807,CU007807,PL02,2025-07-30,2026-06-24,Churned,181.91,Annual
SUB007808,CU007808,PL04,2023-07-31,,Active,1460.22,Monthly
SUB007809,CU007809,PL01,2025-02-12,,Active,46.88,Annual
SUB007810,CU007810,PL03,2025-04-28,,Active,353.2,Monthly
SUB007811,CU007811,PL02,2022-12-10,,Active,152.6,Monthly
SUB007812,CU007812,PL02,2023-10-23,,Active,165.83,Monthly
SUB007813,CU007813,PL02,2024-12-08,,Active,180.53,Annual
SUB007814,CU007814,PL02,2023-05-15,,Active,181.37,Annual
SUB007815,CU007815,PL02,2024-12-21,2026-03-18,Churned,174.05,Monthly
SUB007816,CU007816,PL01,2024-03-06,,Active,42.99,Monthly
SUB007817,CU007817,PL01,2024-02-17,,Active,60.28,Annual
SUB007818,CU007818,PL01,2025-01-17,2025-06-09,Churned,47.74,Annual
SUB007819,CU007819,PL02,2023-04-11,,Active,142.17,Annual
SUB007820,CU007820,PL03,2022-11-03,,Active,484.43,Annual
SUB007821,CU007821,PL02,2022-12-12,2023-06-13,Churned,157.9,Monthly
SUB007822,CU007822,PL01,2022-01-10,,Active,53.95,Annual
SUB007823,CU007823,PL03,2022-06-08,,Active,449.48,Annual
SUB007824,CU007824,PL02,2024-05-07,2026-04-18,Churned,137.07,Annual
SUB007825,CU007825,PL02,2025-04-02,,Active,150.68,Annual
SUB007826,CU007826,PL02,2023-05-10,2025-08-21,Churned,156.12,Annual
SUB007827,CU007827,PL02,2024-03-07,,Active,147.37,Monthly
SUB007828,CU007828,PL02,2024-12-20,,Active,176.08,Annual
SUB007829,CU007829,PL02,2025-07-22,,Active,184.85,Monthly
SUB007830,CU007830,PL01,2023-03-30,,Active,61.12,Annual
SUB007831,CU007831,PL04,2024-01-24,,Active,1464.59,Annual
SUB007832,CU007832,PL02,2022-12-05,,Active,157.81,Annual
SUB007833,CU007833,PL01,2024-07-05,2026-04-28,Churned,54.97,Annual
SUB007834,CU007834,PL01,2024-09-01,2025-08-19,Churned,56.03,Monthly
SUB007835,CU007835,PL03,2025-10-04,,Active,468.15,Annual
SUB007836,CU007836,PL04,2023-10-09,,Active,1323.1,Monthly
SUB007837,CU007837,PL01,2025-04-03,,Active,51.35,Annual
SUB007838,CU007838,PL03,2024-04-03,,Active,387.19,Annual
SUB007839,CU007839,PL02,2023-01-13,,Active,172.71,Monthly
SUB007840,CU007840,PL03,2023-11-13,,Active,345.9,Annual
SUB007841,CU007841,PL02,2026-04-08,,Active,144.43,Monthly
SUB007842,CU007842,PL01,2022-11-13,,Active,49.63,Annual
SUB007843,CU007843,PL02,2023-04-06,,Active,167.7,Monthly
SUB007844,CU007844,PL01,2023-09-19,2024-02-18,Churned,41.65,Annual
SUB007845,CU007845,PL02,2025-02-17,,Active,152.66,Monthly
SUB007846,CU007846,PL01,2022-02-17,,Active,49.93,Monthly
SUB007847,CU007847,PL04,2025-04-04,,Active,1211.22,Annual
SUB007848,CU007848,PL02,2024-02-27,,Active,161.52,Annual
SUB007849,CU007849,PL01,2023-01-12,,Active,54.92,Annual
SUB007850,CU007850,PL01,2023-11-19,2026-01-06,Churned,47.25,Monthly
SUB007851,CU007851,PL03,2025-08-03,,Active,414.39,Annual
SUB007852,CU007852,PL04,2025-03-11,,Active,1239.09,Monthly
SUB007853,CU007853,PL02,2024-03-10,,Active,186.16,Monthly
SUB007854,CU007854,PL03,2026-03-17,,Active,446.47,Monthly
SUB007855,CU007855,PL02,2023-11-13,,Active,166.78,Annual
SUB007856,CU007856,PL03,2024-10-29,2026-04-25,Churned,339.19,Monthly
SUB007857,CU007857,PL02,2026-02-16,,Active,152.88,Monthly
SUB007858,CU007858,PL02,2022-10-04,2026-01-09,Churned,156.74,Monthly
SUB007859,CU007859,PL02,2022-10-04,,Active,139.19,Annual
SUB007860,CU007860,PL02,2025-11-30,,Active,159.28,Annual
SUB007861,CU007861,PL03,2024-08-28,,Active,478.75,Monthly
SUB007862,CU007862,PL01,2022-10-15,,Active,53.75,Monthly
SUB007863,CU007863,PL02,2024-02-11,2024-06-26,Churned,137.45,Monthly
SUB007864,CU007864,PL02,2022-11-16,,Active,130.63,Monthly
SUB007865,CU007865,PL02,2023-03-13,,Active,186.11,Monthly
SUB007866,CU007866,PL04,2022-01-25,2024-12-07,Churned,1470.06,Annual
SUB007867,CU007867,PL04,2024-02-10,,Active,1190.1,Monthly
SUB007868,CU007868,PL03,2022-10-14,2026-02-06,Churned,451.05,Monthly
SUB007869,CU007869,PL03,2022-11-05,,Active,484.69,Annual
SUB007870,CU007870,PL04,2024-10-17,,Active,1096.75,Annual
SUB007871,CU007871,PL02,2024-06-21,,Active,131.31,Annual
SUB007872,CU007872,PL04,2025-08-24,,Active,1266.78,Monthly
SUB007873,CU007873,PL03,2022-01-24,,Active,466.44,Monthly
SUB007874,CU007874,PL03,2024-07-19,,Active,413.29,Monthly
SUB007875,CU007875,PL02,2023-10-26,,Active,152.69,Annual
SUB007876,CU007876,PL02,2022-04-07,2023-02-02,Churned,167.38,Annual
SUB007877,CU007877,PL01,2026-02-26,2026-08-14,Churned,44.66,Annual
SUB007878,CU007878,PL02,2025-08-28,2026-05-15,Churned,156.27,Annual
SUB007879,CU007879,PL01,2022-09-23,2026-07-01,Churned,57.67,Monthly
SUB007880,CU007880,PL01,2023-06-09,,Active,44.82,Monthly
SUB007881,CU007881,PL02,2024-10-22,,Active,185.17,Annual
SUB007882,CU007882,PL03,2022-05-03,2024-04-27,Churned,454.34,Annual
SUB007883,CU007883,PL03,2022-01-06,2025-06-14,Churned,351.5,Annual
SUB007884,CU007884,PL01,2025-06-03,2025-11-10,Churned,43.84,Monthly
SUB007885,CU007885,PL02,2025-09-11,,Active,144.7,Annual
SUB007886,CU007886,PL02,2023-10-02,,Active,127.04,Annual
SUB007887,CU007887,PL01,2023-10-25,,Active,50.94,Monthly
SUB007888,CU007888,PL01,2025-10-01,,Active,55.98,Annual
SUB007889,CU007889,PL02,2022-05-02,,Active,146.29,Annual
SUB007890,CU007890,PL02,2024-07-24,,Active,140.45,Annual
SUB007891,CU007891,PL02,2022-03-18,,Active,153.6,Annual
SUB007892,CU007892,PL03,2022-11-23,,Active,354.49,Annual
SUB007893,CU007893,PL03,2023-04-19,,Active,415.92,Annual
SUB007894,CU007894,PL01,2025-02-18,2026-03-27,Churned,59.29,Monthly
SUB007895,CU007895,PL02,2024-06-15,,Active,183.75,Annual
SUB007896,CU007896,PL02,2025-03-22,,Active,134.62,Annual
SUB007897,CU007897,PL03,2023-02-16,,Active,434.54,Annual
SUB007898,CU007898,PL03,2024-07-03,,Active,442.76,Annual
SUB007899,CU007899,PL02,2026-03-17,,Active,183.3,Monthly
SUB007900,CU007900,PL01,2025-09-25,,Active,55.24,Annual
SUB007901,CU007901,PL01,2025-08-31,,Active,53.49,Monthly
SUB007902,CU007902,PL02,2024-05-13,,Active,137.31,Monthly
SUB007903,CU007903,PL02,2022-01-29,,Active,167.31,Monthly
SUB007904,CU007904,PL03,2026-02-18,,Active,423.95,Monthly
SUB007905,CU007905,PL03,2023-12-11,,Active,410.49,Monthly
SUB007906,CU007906,PL03,2026-05-03,,Active,367.48,Monthly
SUB007907,CU007907,PL02,2026-05-11,,Active,178.03,Monthly
SUB007908,CU007908,PL02,2023-08-06,,Active,136.47,Annual
SUB007909,CU007909,PL01,2024-12-19,2025-04-30,Churned,43.06,Annual
SUB007910,CU007910,PL02,2023-04-09,,Active,143.88,Annual
SUB007911,CU007911,PL02,2024-01-13,,Active,168.29,Annual
SUB007912,CU007912,PL02,2025-10-28,,Active,174.03,Annual
SUB007913,CU007913,PL03,2023-11-21,,Active,429.15,Annual
SUB007914,CU007914,PL03,2022-09-17,,Active,474.73,Annual
SUB007915,CU007915,PL03,2023-09-08,,Active,473.25,Annual
SUB007916,CU007916,PL03,2024-08-29,2026-05-30,Churned,369.36,Monthly
SUB007917,CU007917,PL01,2022-05-18,2025-10-25,Churned,50.48,Monthly
SUB007918,CU007918,PL01,2022-06-29,,Active,57.99,Monthly
SUB007919,CU007919,PL04,2024-03-25,,Active,1301.57,Annual
SUB007920,CU007920,PL01,2023-01-28,,Active,55.7,Monthly
SUB007921,CU007921,PL02,2024-01-17,2024-05-13,Churned,129.94,Monthly
SUB007922,CU007922,PL02,2025-06-25,,Active,152.97,Annual
SUB007923,CU007923,PL02,2025-07-25,,Active,154.3,Annual
SUB007924,CU007924,PL04,2024-01-21,,Active,1122.23,Annual
SUB007925,CU007925,PL02,2025-07-24,,Active,184.19,Annual
SUB007926,CU007926,PL02,2023-09-28,,Active,148.62,Monthly
SUB007927,CU007927,PL02,2026-01-15,,Active,131.66,Annual
SUB007928,CU007928,PL01,2022-08-23,,Active,50.79,Annual
SUB007929,CU007929,PL02,2025-05-08,,Active,179.4,Annual
SUB007930,CU007930,PL04,2022-10-23,2023-09-14,Churned,1129.97,Monthly
SUB007931,CU007931,PL02,2022-02-06,,Active,136.24,Annual
SUB007932,CU007932,PL01,2026-03-19,,Active,46.74,Monthly
SUB007933,CU007933,PL01,2025-02-06,,Active,60.32,Monthly
SUB007934,CU007934,PL01,2023-11-27,,Active,44.17,Annual
SUB007935,CU007935,PL01,2023-05-30,,Active,59.72,Annual
SUB007936,CU007936,PL02,2023-09-24,2025-09-13,Churned,179.81,Monthly
SUB007937,CU007937,PL01,2023-01-23,,Active,47.84,Annual
SUB007938,CU007938,PL01,2022-12-03,,Active,57.33,Annual
SUB007939,CU007939,PL01,2025-01-06,2025-09-19,Churned,58.87,Monthly
SUB007940,CU007940,PL01,2023-10-14,2024-06-04,Churned,60.47,Annual
SUB007941,CU007941,PL02,2025-07-16,,Active,170.41,Monthly
SUB007942,CU007942,PL04,2023-08-28,,Active,1330.76,Monthly
SUB007943,CU007943,PL02,2022-11-04,,Active,128.06,Monthly
SUB007944,CU007944,PL01,2023-05-23,,Active,45.31,Annual
SUB007945,CU007945,PL03,2023-05-23,2024-06-11,Churned,385.4,Annual
SUB007946,CU007946,PL02,2022-12-06,,Active,155.49,Monthly
SUB007947,CU007947,PL01,2025-05-07,,Active,51.82,Annual
SUB007948,CU007948,PL02,2023-06-05,,Active,170.9,Monthly
SUB007949,CU007949,PL02,2025-05-20,,Active,162.84,Annual
SUB007950,CU007950,PL01,2026-01-08,,Active,47.28,Monthly
SUB007951,CU007951,PL02,2025-07-18,,Active,139.46,Monthly
SUB007952,CU007952,PL02,2022-03-28,,Active,185.72,Annual
SUB007953,CU007953,PL03,2023-07-12,,Active,478.45,Monthly
SUB007954,CU007954,PL02,2024-12-18,,Active,148.77,Monthly
SUB007955,CU007955,PL01,2025-09-16,2026-06-17,Churned,49.03,Monthly
SUB007956,CU007956,PL03,2025-03-22,,Active,463.89,Monthly
SUB007957,CU007957,PL03,2024-12-28,,Active,475.15,Monthly
SUB007958,CU007958,PL02,2025-04-21,,Active,143.8,Annual
SUB007959,CU007959,PL01,2025-07-26,,Active,42.13,Monthly
SUB007960,CU007960,PL01,2024-05-01,,Active,51.43,Annual
SUB007961,CU007961,PL02,2025-02-17,,Active,168.18,Annual
SUB007962,CU007962,PL02,2023-10-24,,Active,136.91,Annual
SUB007963,CU007963,PL04,2026-01-23,,Active,1064.73,Annual
SUB007964,CU007964,PL02,2023-05-23,,Active,161.75,Annual
SUB007965,CU007965,PL02,2024-10-05,,Active,140.51,Monthly
SUB007966,CU007966,PL03,2023-07-30,,Active,412.34,Annual
SUB007967,CU007967,PL03,2025-02-19,,Active,402.34,Annual
SUB007968,CU007968,PL02,2026-02-14,,Active,134.77,Monthly
SUB007969,CU007969,PL01,2024-02-07,,Active,52.18,Annual
SUB007970,CU007970,PL01,2024-12-09,,Active,48.23,Monthly
SUB007971,CU007971,PL03,2023-03-04,,Active,426.21,Annual
SUB007972,CU007972,PL01,2022-12-05,,Active,50.84,Annual
SUB007973,CU007973,PL02,2022-11-17,,Active,176.27,Annual
SUB007974,CU007974,PL02,2022-09-29,,Active,127.09,Monthly
SUB007975,CU007975,PL02,2026-01-23,,Active,134.87,Monthly
SUB007976,CU007976,PL01,2026-01-29,,Active,55.93,Annual
SUB007977,CU007977,PL02,2025-02-20,2025-11-15,Churned,128.46,Monthly
SUB007978,CU007978,PL03,2024-06-17,,Active,339.75,Annual
SUB007979,CU007979,PL03,2023-10-08,2025-04-19,Churned,482.19,Monthly
SUB007980,CU007980,PL03,2023-12-03,,Active,346.55,Annual
SUB007981,CU007981,PL04,2024-06-21,,Active,1170.33,Monthly
SUB007982,CU007982,PL04,2026-01-14,,Active,1472.35,Annual
SUB007983,CU007983,PL03,2022-03-17,2024-01-23,Churned,445.38,Annual
SUB007984,CU007984,PL03,2024-05-13,,Active,436.4,Annual
SUB007985,CU007985,PL01,2023-03-30,,Active,50.63,Monthly
SUB007986,CU007986,PL02,2024-04-15,,Active,132.18,Monthly
SUB007987,CU007987,PL04,2026-02-20,,Active,1232.37,Monthly
SUB007988,CU007988,PL01,2024-03-29,,Active,52.82,Annual
SUB007989,CU007989,PL03,2024-12-25,2025-10-10,Churned,378.59,Monthly
SUB007990,CU007990,PL03,2024-04-21,2024-07-22,Churned,443.26,Monthly
SUB007991,CU007991,PL01,2025-08-21,2025-12-07,Churned,49.6,Annual
SUB007992,CU007992,PL03,2025-09-24,,Active,348.33,Monthly
SUB007993,CU007993,PL03,2022-01-01,,Active,365.1,Annual
SUB007994,CU007994,PL02,2025-12-26,,Active,144.44,Monthly
SUB007995,CU007995,PL02,2022-02-19,,Active,173.6,Annual
SUB007996,CU007996,PL01,2026-04-25,,Active,58.72,Annual
SUB007997,CU007997,PL04,2025-10-28,,Active,1472.26,Monthly
SUB007998,CU007998,PL03,2024-08-04,,Active,437.44,Annual
SUB007999,CU007999,PL01,2025-01-31,2025-07-17,Churned,48.6,Annual
SUB008000,CU008000,PL01,2024-04-22,,Active,53.33,Monthly
SUB008001,CU008001,PL04,2024-08-19,,Active,1180.73,Annual
SUB008002,CU008002,PL01,2023-09-13,,Active,52.6,Annual
SUB008003,CU008003,PL02,2022-08-21,,Active,160.54,Annual
SUB008004,CU008004,PL01,2024-05-21,,Active,54.11,Monthly
SUB008005,CU008005,PL04,2025-09-23,,Active,1407.63,Annual
SUB008006,CU008006,PL04,2024-01-22,,Active,1241.67,Monthly
SUB008007,CU008007,PL01,2024-01-26,,Active,54.82,Monthly
SUB008008,CU008008,PL04,2022-03-03,,Active,1056.69,Annual
SUB008009,CU008009,PL01,2025-12-22,,Active,43.92,Monthly
SUB008010,CU008010,PL04,2024-08-26,2025-05-16,Churned,1085.35,Annual
SUB008011,CU008011,PL01,2026-01-18,2026-07-01,Churned,41.83,Annual
SUB008012,CU008012,PL02,2022-03-01,,Active,155.36,Annual
SUB008013,CU008013,PL02,2025-04-28,,Active,179.75,Monthly
SUB008014,CU008014,PL02,2024-04-08,2026-02-23,Churned,156.99,Monthly
SUB008015,CU008015,PL01,2022-04-24,2025-05-23,Churned,49.68,Annual
SUB008016,CU008016,PL01,2023-12-04,2026-01-20,Churned,52.69,Monthly
SUB008017,CU008017,PL03,2026-03-06,,Active,414.42,Annual
SUB008018,CU008018,PL04,2026-03-18,,Active,1438.46,Monthly
SUB008019,CU008019,PL02,2024-08-01,,Active,180.19,Monthly
SUB008020,CU008020,PL02,2023-07-25,,Active,140.5,Annual
SUB008021,CU008021,PL01,2025-01-14,2025-06-23,Churned,51.21,Annual
SUB008022,CU008022,PL03,2024-12-09,,Active,477.92,Annual
SUB008023,CU008023,PL01,2023-12-15,,Active,47.78,Annual
SUB008024,CU008024,PL03,2022-10-02,2023-07-08,Churned,418.09,Annual
SUB008025,CU008025,PL02,2024-09-09,,Active,140.33,Annual
SUB008026,CU008026,PL01,2022-05-08,2023-12-09,Churned,58.31,Monthly
SUB008027,CU008027,PL02,2025-06-14,,Active,167.04,Annual
SUB008028,CU008028,PL03,2022-06-27,,Active,403.67,Annual
SUB008029,CU008029,PL01,2024-08-26,,Active,43.99,Monthly
SUB008030,CU008030,PL02,2023-06-06,,Active,141.07,Monthly
SUB008031,CU008031,PL01,2022-04-09,,Active,60.65,Monthly
SUB008032,CU008032,PL02,2024-12-09,,Active,182.29,Annual
SUB008033,CU008033,PL03,2022-12-18,,Active,474.34,Annual
SUB008034,CU008034,PL04,2022-09-28,,Active,1210.73,Annual
SUB008035,CU008035,PL01,2024-11-29,,Active,49.86,Annual
SUB008036,CU008036,PL02,2026-06-13,,Active,150.26,Monthly
SUB008037,CU008037,PL03,2026-03-30,,Active,380.1,Annual
SUB008038,CU008038,PL02,2025-02-13,,Active,170.77,Annual
SUB008039,CU008039,PL03,2022-12-09,,Active,412.25,Monthly
SUB008040,CU008040,PL03,2023-01-11,,Active,491.0,Annual
SUB008041,CU008041,PL02,2022-09-13,,Active,166.44,Monthly
SUB008042,CU008042,PL02,2023-01-04,,Active,186.2,Monthly
SUB008043,CU008043,PL01,2024-11-22,,Active,45.1,Annual
SUB008044,CU008044,PL02,2022-03-22,,Active,146.37,Annual
SUB008045,CU008045,PL04,2025-06-20,,Active,1302.4,Monthly
SUB008046,CU008046,PL03,2025-02-21,,Active,473.71,Monthly
SUB008047,CU008047,PL02,2023-05-21,,Active,130.41,Monthly
SUB008048,CU008048,PL03,2022-12-18,,Active,366.78,Annual
SUB008049,CU008049,PL03,2022-01-30,,Active,429.45,Monthly
SUB008050,CU008050,PL01,2026-01-21,2026-08-10,Churned,41.93,Annual
SUB008051,CU008051,PL01,2022-05-30,,Active,50.04,Monthly
SUB008052,CU008052,PL01,2022-09-01,,Active,53.22,Monthly
SUB008053,CU008053,PL03,2025-12-04,,Active,441.05,Annual
SUB008054,CU008054,PL02,2025-10-02,2026-04-05,Churned,163.41,Monthly
SUB008055,CU008055,PL01,2023-09-04,2025-09-16,Churned,56.95,Annual
SUB008056,CU008056,PL01,2022-12-01,,Active,48.66,Monthly
SUB008057,CU008057,PL03,2026-01-20,,Active,450.51,Monthly
SUB008058,CU008058,PL03,2023-09-22,,Active,375.94,Annual
SUB008059,CU008059,PL02,2023-05-08,2025-09-07,Churned,160.11,Annual
SUB008060,CU008060,PL02,2024-11-02,,Active,132.32,Annual
SUB008061,CU008061,PL02,2023-01-14,,Active,158.99,Monthly
SUB008062,CU008062,PL01,2025-08-27,,Active,55.67,Monthly
SUB008063,CU008063,PL01,2022-03-16,,Active,50.48,Annual
SUB008064,CU008064,PL01,2022-05-10,,Active,54.09,Annual
SUB008065,CU008065,PL04,2024-09-02,,Active,1090.34,Annual
SUB008066,CU008066,PL02,2024-10-24,,Active,147.22,Monthly
SUB008067,CU008067,PL01,2025-03-28,,Active,52.46,Annual
SUB008068,CU008068,PL01,2026-03-30,,Active,45.51,Annual
SUB008069,CU008069,PL03,2025-09-23,,Active,357.12,Annual
SUB008070,CU008070,PL01,2024-06-02,,Active,42.71,Annual
SUB008071,CU008071,PL02,2022-04-29,,Active,185.95,Annual
SUB008072,CU008072,PL01,2024-08-13,,Active,57.81,Monthly
SUB008073,CU008073,PL02,2026-03-24,,Active,138.08,Monthly
SUB008074,CU008074,PL02,2023-09-29,,Active,185.17,Monthly
SUB008075,CU008075,PL01,2026-01-21,,Active,41.9,Annual
SUB008076,CU008076,PL01,2026-06-12,,Active,49.09,Annual
SUB008077,CU008077,PL02,2026-04-02,,Active,170.78,Monthly
SUB008078,CU008078,PL01,2025-09-14,,Active,50.56,Monthly
SUB008079,CU008079,PL01,2023-06-28,,Active,51.84,Monthly
SUB008080,CU008080,PL02,2023-04-03,,Active,144.82,Monthly
SUB008081,CU008081,PL02,2022-12-04,,Active,134.3,Annual
SUB008082,CU008082,PL02,2024-05-01,,Active,137.79,Annual
SUB008083,CU008083,PL03,2023-08-06,,Active,471.27,Annual
SUB008084,CU008084,PL01,2024-03-18,,Active,51.96,Annual
SUB008085,CU008085,PL04,2024-03-07,,Active,1289.15,Monthly
SUB008086,CU008086,PL04,2024-05-11,,Active,1211.39,Annual
SUB008087,CU008087,PL02,2024-06-19,,Active,153.73,Monthly
SUB008088,CU008088,PL03,2024-01-08,,Active,473.93,Annual
SUB008089,CU008089,PL01,2024-01-16,,Active,59.19,Annual
SUB008090,CU008090,PL02,2026-05-26,,Active,136.72,Annual
SUB008091,CU008091,PL02,2023-04-12,,Active,151.79,Annual
SUB008092,CU008092,PL03,2024-07-23,,Active,498.47,Annual
SUB008093,CU008093,PL02,2024-12-14,,Active,162.97,Monthly
SUB008094,CU008094,PL02,2025-10-27,,Active,127.71,Annual
SUB008095,CU008095,PL01,2022-06-29,,Active,45.91,Annual
SUB008096,CU008096,PL02,2023-07-13,,Active,146.63,Annual
SUB008097,CU008097,PL01,2026-02-12,,Active,51.59,Monthly
SUB008098,CU008098,PL02,2023-05-08,,Active,139.43,Monthly
SUB008099,CU008099,PL03,2022-07-20,,Active,368.35,Annual
SUB008100,CU008100,PL01,2025-03-07,,Active,53.14,Monthly
SUB008101,CU008101,PL03,2022-03-13,,Active,355.96,Monthly
SUB008102,CU008102,PL03,2023-12-20,,Active,476.42,Annual
SUB008103,CU008103,PL03,2023-05-02,,Active,385.29,Monthly
SUB008104,CU008104,PL02,2025-06-27,2026-03-21,Churned,179.72,Annual
SUB008105,CU008105,PL01,2023-08-16,,Active,43.52,Annual
SUB008106,CU008106,PL01,2023-01-06,,Active,54.62,Annual
SUB008107,CU008107,PL03,2022-09-18,,Active,496.67,Monthly
SUB008108,CU008108,PL02,2025-05-15,2025-09-20,Churned,165.33,Monthly
SUB008109,CU008109,PL02,2024-12-19,,Active,150.89,Monthly
SUB008110,CU008110,PL02,2023-06-04,,Active,171.13,Monthly
SUB008111,CU008111,PL02,2025-10-07,,Active,180.8,Monthly
SUB008112,CU008112,PL03,2024-10-03,2025-12-16,Churned,350.36,Annual
SUB008113,CU008113,PL02,2023-12-16,2024-07-16,Churned,157.45,Annual
SUB008114,CU008114,PL01,2024-02-05,,Active,44.47,Annual
SUB008115,CU008115,PL03,2024-06-10,,Active,391.97,Monthly
SUB008116,CU008116,PL01,2025-04-22,,Active,55.48,Monthly
SUB008117,CU008117,PL02,2024-12-01,,Active,152.51,Annual
SUB008118,CU008118,PL02,2024-06-26,2026-03-09,Churned,157.56,Monthly
SUB008119,CU008119,PL02,2024-12-29,,Active,157.51,Annual
SUB008120,CU008120,PL03,2025-07-25,,Active,405.15,Monthly
SUB008121,CU008121,PL02,2022-04-16,,Active,162.19,Annual
SUB008122,CU008122,PL02,2025-06-28,,Active,168.18,Annual
SUB008123,CU008123,PL01,2023-03-24,,Active,59.33,Annual
SUB008124,CU008124,PL02,2023-10-10,,Active,160.39,Monthly
SUB008125,CU008125,PL01,2026-02-07,,Active,54.26,Annual
SUB008126,CU008126,PL01,2026-03-18,,Active,41.94,Monthly
SUB008127,CU008127,PL01,2024-02-11,,Active,44.42,Annual
SUB008128,CU008128,PL01,2026-01-13,,Active,57.61,Monthly
SUB008129,CU008129,PL01,2025-11-08,2026-06-21,Churned,51.11,Annual
SUB008130,CU008130,PL01,2024-12-30,,Active,53.99,Monthly
SUB008131,CU008131,PL02,2023-08-05,,Active,166.14,Monthly
SUB008132,CU008132,PL01,2025-07-20,,Active,52.95,Annual
SUB008133,CU008133,PL03,2024-06-20,,Active,427.67,Annual
SUB008134,CU008134,PL02,2022-08-09,2025-10-23,Churned,143.22,Monthly
SUB008135,CU008135,PL03,2022-12-09,,Active,474.83,Annual
SUB008136,CU008136,PL03,2025-05-22,,Active,340.73,Annual
SUB008137,CU008137,PL02,2022-10-29,,Active,153.11,Annual
SUB008138,CU008138,PL01,2026-02-08,,Active,56.92,Monthly
SUB008139,CU008139,PL01,2023-03-16,2026-04-13,Churned,53.46,Monthly
SUB008140,CU008140,PL02,2025-09-28,2026-07-04,Churned,171.94,Annual
SUB008141,CU008141,PL02,2022-02-18,,Active,154.54,Monthly
SUB008142,CU008142,PL01,2025-03-17,2026-01-28,Churned,42.55,Annual
SUB008143,CU008143,PL01,2024-09-15,,Active,43.08,Annual
SUB008144,CU008144,PL02,2025-06-03,,Active,183.12,Annual
SUB008145,CU008145,PL02,2022-12-03,,Active,149.32,Annual
SUB008146,CU008146,PL02,2025-05-21,,Active,142.11,Annual
SUB008147,CU008147,PL01,2022-12-11,,Active,58.42,Annual
SUB008148,CU008148,PL02,2022-02-21,,Active,170.97,Annual
SUB008149,CU008149,PL03,2025-02-28,,Active,339.57,Monthly
SUB008150,CU008150,PL02,2026-03-01,,Active,167.0,Monthly
SUB008151,CU008151,PL01,2025-11-30,,Active,59.92,Monthly
SUB008152,CU008152,PL01,2022-01-02,,Active,43.93,Monthly
SUB008153,CU008153,PL01,2023-10-02,2026-03-03,Churned,46.53,Monthly
SUB008154,CU008154,PL03,2022-05-10,2025-06-13,Churned,487.43,Monthly
SUB008155,CU008155,PL01,2023-02-26,,Active,52.19,Annual
SUB008156,CU008156,PL01,2025-05-23,,Active,51.94,Monthly
SUB008157,CU008157,PL02,2026-01-24,,Active,154.53,Monthly
SUB008158,CU008158,PL03,2024-10-17,,Active,450.16,Annual
SUB008159,CU008159,PL03,2022-03-29,,Active,437.84,Monthly
SUB008160,CU008160,PL01,2022-02-09,,Active,47.76,Annual
SUB008161,CU008161,PL02,2026-04-11,,Active,160.77,Annual
SUB008162,CU008162,PL02,2025-07-16,2026-05-25,Churned,157.78,Monthly
SUB008163,CU008163,PL01,2025-01-29,,Active,53.02,Monthly
SUB008164,CU008164,PL03,2022-03-18,,Active,480.35,Monthly
SUB008165,CU008165,PL03,2023-09-30,,Active,448.04,Annual
SUB008166,CU008166,PL03,2025-12-15,,Active,413.46,Annual
SUB008167,CU008167,PL03,2025-01-28,,Active,494.42,Monthly
SUB008168,CU008168,PL02,2026-01-01,2026-07-08,Churned,184.33,Monthly
SUB008169,CU008169,PL04,2025-10-26,,Active,1217.77,Annual
SUB008170,CU008170,PL02,2024-05-27,2024-08-26,Churned,131.33,Monthly
SUB008171,CU008171,PL02,2025-12-16,,Active,175.84,Annual
SUB008172,CU008172,PL02,2024-03-29,2025-08-13,Churned,149.62,Monthly
SUB008173,CU008173,PL02,2022-06-10,,Active,156.0,Annual
SUB008174,CU008174,PL02,2025-02-08,,Active,135.74,Monthly
SUB008175,CU008175,PL02,2023-03-04,,Active,165.35,Annual
SUB008176,CU008176,PL01,2022-12-10,,Active,44.54,Monthly
SUB008177,CU008177,PL03,2025-12-05,,Active,354.44,Annual
SUB008178,CU008178,PL04,2026-02-21,,Active,1448.79,Annual
SUB008179,CU008179,PL04,2022-01-11,,Active,1344.22,Monthly
SUB008180,CU008180,PL03,2025-10-17,,Active,383.75,Annual
SUB008181,CU008181,PL04,2025-08-27,,Active,1218.59,Annual
SUB008182,CU008182,PL01,2023-10-16,,Active,55.13,Monthly
SUB008183,CU008183,PL03,2025-10-10,,Active,363.02,Annual
SUB008184,CU008184,PL02,2022-01-31,,Active,153.21,Monthly
SUB008185,CU008185,PL03,2024-07-12,2026-08-22,Churned,437.04,Annual
SUB008186,CU008186,PL01,2022-10-14,2026-03-29,Churned,59.88,Annual
SUB008187,CU008187,PL02,2023-11-08,,Active,166.68,Monthly
SUB008188,CU008188,PL01,2024-04-18,,Active,48.62,Annual
SUB008189,CU008189,PL03,2026-05-23,,Active,387.71,Monthly
SUB008190,CU008190,PL02,2022-08-27,2024-04-29,Churned,176.42,Monthly
SUB008191,CU008191,PL01,2022-09-04,,Active,43.31,Annual
SUB008192,CU008192,PL02,2022-10-02,2023-05-12,Churned,138.62,Monthly
SUB008193,CU008193,PL01,2026-06-25,,Active,52.03,Monthly
SUB008194,CU008194,PL02,2025-12-04,,Active,180.19,Monthly
SUB008195,CU008195,PL01,2022-02-03,,Active,43.5,Monthly
SUB008196,CU008196,PL02,2024-07-11,,Active,131.99,Monthly
SUB008197,CU008197,PL02,2022-03-21,2025-01-03,Churned,173.35,Annual
SUB008198,CU008198,PL01,2025-11-14,,Active,41.92,Annual
SUB008199,CU008199,PL02,2023-03-21,2026-01-31,Churned,165.76,Monthly
SUB008200,CU008200,PL03,2024-03-28,,Active,410.04,Annual
SUB008201,CU008201,PL01,2023-10-06,,Active,44.63,Monthly
SUB008202,CU008202,PL01,2022-05-05,2022-08-15,Churned,56.51,Annual
SUB008203,CU008203,PL02,2023-03-15,,Active,165.34,Annual
SUB008204,CU008204,PL01,2024-02-12,,Active,60.09,Annual
SUB008205,CU008205,PL01,2026-01-24,2026-06-01,Churned,46.36,Monthly
SUB008206,CU008206,PL01,2023-05-25,,Active,49.05,Monthly
SUB008207,CU008207,PL02,2025-12-31,,Active,182.62,Monthly
SUB008208,CU008208,PL02,2023-05-24,2024-10-12,Churned,170.62,Monthly
SUB008209,CU008209,PL02,2026-04-10,,Active,181.46,Annual
SUB008210,CU008210,PL01,2024-12-05,,Active,60.71,Monthly
SUB008211,CU008211,PL02,2025-03-29,2025-08-31,Churned,142.53,Annual
SUB008212,CU008212,PL01,2024-04-18,,Active,51.06,Monthly
SUB008213,CU008213,PL02,2026-05-14,,Active,181.09,Monthly
SUB008214,CU008214,PL02,2024-03-29,2026-02-22,Churned,175.86,Monthly
SUB008215,CU008215,PL01,2024-05-18,2025-05-28,Churned,51.75,Annual
SUB008216,CU008216,PL04,2026-03-31,,Active,1161.43,Monthly
SUB008217,CU008217,PL02,2026-03-19,,Active,153.79,Monthly
SUB008218,CU008218,PL01,2025-02-15,2026-07-23,Churned,50.36,Monthly
SUB008219,CU008219,PL01,2023-04-10,,Active,41.97,Annual
SUB008220,CU008220,PL03,2024-07-17,2025-06-06,Churned,492.75,Monthly
SUB008221,CU008221,PL03,2026-06-08,,Active,345.71,Monthly
SUB008222,CU008222,PL03,2022-01-24,,Active,403.41,Annual
SUB008223,CU008223,PL01,2022-05-23,,Active,47.77,Annual
SUB008224,CU008224,PL01,2023-03-16,2024-07-29,Churned,48.11,Monthly
SUB008225,CU008225,PL02,2024-05-06,,Active,169.41,Monthly
SUB008226,CU008226,PL02,2025-04-04,,Active,151.4,Annual
SUB008227,CU008227,PL01,2025-04-27,2025-12-26,Churned,46.04,Annual
SUB008228,CU008228,PL02,2022-06-25,,Active,158.93,Annual
SUB008229,CU008229,PL01,2025-04-17,,Active,44.1,Annual
SUB008230,CU008230,PL01,2023-10-14,2024-02-14,Churned,44.79,Annual
SUB008231,CU008231,PL02,2023-10-17,,Active,149.31,Annual
SUB008232,CU008232,PL01,2022-03-19,,Active,57.37,Monthly
SUB008233,CU008233,PL02,2024-03-28,,Active,171.28,Annual
SUB008234,CU008234,PL01,2024-06-04,2026-04-29,Churned,51.43,Monthly
SUB008235,CU008235,PL02,2022-08-31,2026-01-24,Churned,163.72,Annual
SUB008236,CU008236,PL01,2025-01-15,,Active,45.94,Monthly
SUB008237,CU008237,PL04,2023-03-07,,Active,1147.22,Monthly
SUB008238,CU008238,PL01,2025-03-01,2025-12-27,Churned,47.47,Monthly
SUB008239,CU008239,PL03,2023-12-06,,Active,355.72,Annual
SUB008240,CU008240,PL01,2026-03-12,,Active,49.31,Annual
SUB008241,CU008241,PL02,2022-07-19,,Active,151.94,Annual
SUB008242,CU008242,PL02,2022-03-26,,Active,179.35,Monthly
SUB008243,CU008243,PL03,2025-01-05,,Active,487.55,Monthly
SUB008244,CU008244,PL01,2023-03-12,,Active,59.53,Annual
SUB008245,CU008245,PL01,2023-07-24,,Active,46.14,Annual
SUB008246,CU008246,PL02,2023-10-18,,Active,167.29,Monthly
SUB008247,CU008247,PL02,2025-11-04,,Active,168.87,Annual
SUB008248,CU008248,PL01,2026-04-09,,Active,53.53,Annual
SUB008249,CU008249,PL03,2023-11-13,,Active,419.38,Annual
SUB008250,CU008250,PL04,2022-11-01,,Active,1037.57,Monthly
SUB008251,CU008251,PL04,2022-04-26,,Active,1037.43,Annual
SUB008252,CU008252,PL04,2024-08-16,,Active,1362.92,Monthly
SUB008253,CU008253,PL02,2023-09-16,,Active,147.53,Monthly
SUB008254,CU008254,PL02,2022-10-25,,Active,168.68,Annual
SUB008255,CU008255,PL01,2023-11-16,,Active,46.62,Monthly
SUB008256,CU008256,PL02,2022-03-20,2025-01-30,Churned,163.07,Annual
SUB008257,CU008257,PL01,2022-02-17,,Active,56.01,Monthly
SUB008258,CU008258,PL03,2023-07-22,,Active,429.02,Monthly
SUB008259,CU008259,PL01,2022-11-25,,Active,56.43,Monthly
SUB008260,CU008260,PL01,2023-06-14,,Active,42.27,Annual
SUB008261,CU008261,PL03,2022-04-07,,Active,463.94,Annual
SUB008262,CU008262,PL02,2022-05-03,,Active,145.4,Monthly
SUB008263,CU008263,PL01,2022-03-08,,Active,44.9,Monthly
SUB008264,CU008264,PL03,2023-06-23,,Active,393.7,Monthly
SUB008265,CU008265,PL02,2023-10-06,2024-01-18,Churned,162.22,Annual
SUB008266,CU008266,PL02,2022-07-12,,Active,142.11,Annual
SUB008267,CU008267,PL03,2026-03-29,,Active,353.96,Annual
SUB008268,CU008268,PL01,2022-01-27,,Active,44.27,Annual
SUB008269,CU008269,PL02,2024-08-04,,Active,168.07,Monthly
SUB008270,CU008270,PL03,2024-03-19,,Active,376.07,Annual
SUB008271,CU008271,PL02,2025-04-27,2026-03-03,Churned,127.27,Annual
SUB008272,CU008272,PL01,2024-01-25,,Active,41.72,Annual
SUB008273,CU008273,PL02,2024-07-19,,Active,164.05,Monthly
SUB008274,CU008274,PL01,2025-01-22,2025-12-06,Churned,42.85,Monthly
SUB008275,CU008275,PL02,2022-06-17,,Active,166.6,Annual
SUB008276,CU008276,PL02,2022-11-27,2026-02-06,Churned,153.48,Monthly
SUB008277,CU008277,PL01,2022-07-29,,Active,47.71,Monthly
SUB008278,CU008278,PL01,2025-01-27,,Active,44.76,Annual
SUB008279,CU008279,PL01,2022-03-30,,Active,57.87,Annual
SUB008280,CU008280,PL02,2022-02-11,2024-04-13,Churned,161.14,Monthly
SUB008281,CU008281,PL02,2024-12-09,2025-06-24,Churned,156.23,Monthly
SUB008282,CU008282,PL01,2023-02-10,2025-10-30,Churned,50.81,Monthly
SUB008283,CU008283,PL02,2024-01-10,2024-04-20,Churned,127.14,Annual
SUB008284,CU008284,PL03,2024-11-18,,Active,397.47,Monthly
SUB008285,CU008285,PL01,2023-09-15,2023-12-30,Churned,50.73,Monthly
SUB008286,CU008286,PL01,2025-09-15,,Active,46.05,Monthly
SUB008287,CU008287,PL03,2022-01-28,,Active,440.37,Monthly
SUB008288,CU008288,PL01,2026-05-13,,Active,53.65,Monthly
SUB008289,CU008289,PL02,2022-03-27,2025-01-02,Churned,147.1,Annual
SUB008290,CU008290,PL03,2022-01-18,2025-05-05,Churned,392.19,Monthly
SUB008291,CU008291,PL03,2026-02-21,2026-08-16,Churned,419.69,Annual
SUB008292,CU008292,PL01,2024-03-02,,Active,46.71,Monthly
SUB008293,CU008293,PL02,2023-09-09,,Active,158.19,Monthly
SUB008294,CU008294,PL03,2026-04-26,,Active,354.14,Monthly
SUB008295,CU008295,PL02,2023-12-19,,Active,184.16,Annual
SUB008296,CU008296,PL01,2022-06-17,,Active,41.96,Annual
SUB008297,CU008297,PL02,2023-07-24,,Active,172.13,Annual
SUB008298,CU008298,PL02,2023-11-01,,Active,174.3,Annual
SUB008299,CU008299,PL02,2023-11-10,,Active,162.16,Annual
SUB008300,CU008300,PL01,2024-10-25,,Active,53.83,Monthly
SUB008301,CU008301,PL01,2026-02-10,,Active,52.76,Monthly
SUB008302,CU008302,PL01,2026-06-26,,Active,56.43,Annual
SUB008303,CU008303,PL02,2025-03-16,,Active,146.71,Monthly
SUB008304,CU008304,PL03,2023-04-01,,Active,421.73,Annual
SUB008305,CU008305,PL01,2026-06-30,,Active,51.15,Annual
SUB008306,CU008306,PL01,2025-01-29,,Active,43.4,Monthly
SUB008307,CU008307,PL04,2026-05-03,,Active,1051.87,Annual
SUB008308,CU008308,PL03,2025-01-21,,Active,433.31,Annual
SUB008309,CU008309,PL04,2024-11-27,,Active,1480.76,Annual
SUB008310,CU008310,PL01,2022-04-02,,Active,54.39,Annual
SUB008311,CU008311,PL01,2024-05-24,,Active,57.5,Annual
SUB008312,CU008312,PL04,2023-03-18,,Active,1072.52,Monthly
SUB008313,CU008313,PL02,2026-06-25,,Active,146.17,Monthly
SUB008314,CU008314,PL02,2022-10-19,,Active,133.06,Monthly
SUB008315,CU008315,PL01,2024-05-05,2025-04-06,Churned,45.33,Monthly
SUB008316,CU008316,PL03,2024-04-26,,Active,427.06,Annual
SUB008317,CU008317,PL02,2023-11-05,,Active,176.76,Annual
SUB008318,CU008318,PL03,2022-12-05,2025-03-16,Churned,372.62,Annual
SUB008319,CU008319,PL02,2025-07-14,,Active,167.45,Annual
SUB008320,CU008320,PL04,2024-02-17,,Active,1410.06,Monthly
SUB008321,CU008321,PL02,2024-12-06,,Active,158.36,Monthly
SUB008322,CU008322,PL01,2024-01-24,,Active,57.46,Monthly
SUB008323,CU008323,PL01,2025-09-04,,Active,54.19,Annual
SUB008324,CU008324,PL03,2023-02-01,,Active,461.42,Monthly
SUB008325,CU008325,PL01,2025-06-14,,Active,49.06,Annual
SUB008326,CU008326,PL02,2022-12-19,,Active,165.41,Monthly
SUB008327,CU008327,PL02,2026-01-14,,Active,144.62,Monthly
SUB008328,CU008328,PL01,2025-01-11,2026-03-21,Churned,49.44,Monthly
SUB008329,CU008329,PL03,2026-02-12,2026-06-26,Churned,397.47,Annual
SUB008330,CU008330,PL02,2023-05-20,,Active,164.02,Monthly
SUB008331,CU008331,PL01,2026-04-10,,Active,43.48,Monthly
SUB008332,CU008332,PL02,2024-02-03,,Active,163.33,Annual
SUB008333,CU008333,PL02,2025-07-29,2026-01-24,Churned,129.49,Monthly
SUB008334,CU008334,PL02,2023-04-15,,Active,158.61,Monthly
SUB008335,CU008335,PL02,2025-02-11,2026-05-11,Churned,174.16,Annual
SUB008336,CU008336,PL04,2022-08-30,,Active,1397.8,Monthly
SUB008337,CU008337,PL02,2022-06-09,,Active,178.45,Monthly
SUB008338,CU008338,PL01,2025-03-22,2026-01-04,Churned,47.47,Annual
SUB008339,CU008339,PL04,2023-04-22,,Active,1489.23,Annual
SUB008340,CU008340,PL03,2022-08-06,,Active,347.16,Monthly
SUB008341,CU008341,PL01,2025-03-03,2025-07-15,Churned,50.34,Monthly
SUB008342,CU008342,PL01,2022-09-06,,Active,56.47,Annual
SUB008343,CU008343,PL02,2022-04-25,,Active,128.99,Monthly
SUB008344,CU008344,PL01,2022-03-29,2026-05-22,Churned,51.72,Annual
SUB008345,CU008345,PL01,2025-09-22,,Active,52.78,Annual
SUB008346,CU008346,PL03,2026-06-20,,Active,353.98,Monthly
SUB008347,CU008347,PL01,2024-01-30,2025-05-17,Churned,60.62,Annual
SUB008348,CU008348,PL01,2022-03-23,,Active,44.47,Annual
SUB008349,CU008349,PL02,2022-09-09,,Active,167.46,Monthly
SUB008350,CU008350,PL01,2024-04-16,,Active,44.95,Annual
SUB008351,CU008351,PL01,2024-04-30,,Active,52.64,Annual
SUB008352,CU008352,PL02,2022-07-14,,Active,143.6,Monthly
SUB008353,CU008353,PL01,2023-02-22,,Active,44.29,Annual
SUB008354,CU008354,PL02,2023-02-21,2025-02-10,Churned,143.71,Monthly
SUB008355,CU008355,PL01,2023-08-13,,Active,51.11,Annual
SUB008356,CU008356,PL02,2022-02-11,,Active,149.3,Monthly
SUB008357,CU008357,PL04,2025-01-14,,Active,1408.95,Annual
SUB008358,CU008358,PL02,2025-01-02,,Active,158.26,Annual
SUB008359,CU008359,PL02,2022-09-23,,Active,127.85,Monthly
SUB008360,CU008360,PL01,2023-03-08,,Active,54.34,Monthly
SUB008361,CU008361,PL04,2022-02-21,,Active,1366.39,Annual
SUB008362,CU008362,PL04,2022-09-24,,Active,1020.0,Monthly
SUB008363,CU008363,PL01,2023-10-20,,Active,42.65,Monthly
SUB008364,CU008364,PL02,2023-04-20,,Active,176.54,Monthly
SUB008365,CU008365,PL02,2025-09-26,2025-12-28,Churned,144.74,Monthly
SUB008366,CU008366,PL01,2024-05-17,2025-06-06,Churned,47.36,Monthly
SUB008367,CU008367,PL02,2023-12-23,,Active,152.8,Monthly
SUB008368,CU008368,PL02,2022-11-06,,Active,165.93,Monthly
SUB008369,CU008369,PL02,2022-02-26,,Active,133.8,Annual
SUB008370,CU008370,PL02,2025-03-01,,Active,146.38,Monthly
SUB008371,CU008371,PL03,2023-02-05,,Active,424.61,Monthly
SUB008372,CU008372,PL01,2022-08-07,2022-11-16,Churned,53.99,Monthly
SUB008373,CU008373,PL02,2022-12-12,,Active,151.37,Annual
SUB008374,CU008374,PL01,2025-05-17,2026-05-23,Churned,56.4,Annual
SUB008375,CU008375,PL01,2024-07-01,,Active,60.49,Annual
SUB008376,CU008376,PL01,2026-04-30,,Active,52.86,Annual
SUB008377,CU008377,PL01,2025-04-02,2026-08-11,Churned,45.9,Monthly
SUB008378,CU008378,PL04,2024-03-20,,Active,1406.39,Monthly
SUB008379,CU008379,PL02,2023-05-17,,Active,174.03,Monthly
SUB008380,CU008380,PL03,2022-12-31,2025-05-24,Churned,380.8,Monthly
SUB008381,CU008381,PL02,2024-08-09,,Active,172.72,Annual
SUB008382,CU008382,PL02,2023-02-05,2023-05-17,Churned,145.07,Annual
SUB008383,CU008383,PL03,2022-10-28,,Active,427.07,Monthly
SUB008384,CU008384,PL01,2025-08-31,2025-12-06,Churned,49.52,Monthly
SUB008385,CU008385,PL01,2025-07-21,2025-12-18,Churned,45.66,Annual
SUB008386,CU008386,PL02,2025-03-16,,Active,172.86,Annual
SUB008387,CU008387,PL03,2025-10-21,,Active,494.93,Annual
SUB008388,CU008388,PL03,2024-09-12,,Active,468.44,Monthly
SUB008389,CU008389,PL02,2025-07-13,,Active,180.06,Monthly
SUB008390,CU008390,PL01,2022-05-18,,Active,55.12,Annual
SUB008391,CU008391,PL02,2024-07-18,,Active,161.33,Annual
SUB008392,CU008392,PL03,2024-05-05,,Active,413.59,Annual
SUB008393,CU008393,PL01,2023-02-22,2023-05-30,Churned,42.36,Annual
SUB008394,CU008394,PL03,2024-03-07,,Active,398.81,Annual
SUB008395,CU008395,PL01,2026-05-18,,Active,51.61,Monthly
SUB008396,CU008396,PL02,2023-08-25,2025-04-11,Churned,163.72,Monthly
SUB008397,CU008397,PL02,2025-08-06,,Active,184.61,Monthly
SUB008398,CU008398,PL02,2024-10-20,,Active,129.43,Monthly
SUB008399,CU008399,PL01,2023-04-26,2025-08-16,Churned,57.96,Monthly
SUB008400,CU008400,PL01,2023-05-11,2024-08-10,Churned,60.22,Annual
SUB008401,CU008401,PL02,2024-12-27,2025-11-01,Churned,129.97,Annual
SUB008402,CU008402,PL02,2022-11-13,,Active,173.33,Monthly
SUB008403,CU008403,PL01,2023-06-14,,Active,45.27,Monthly
SUB008404,CU008404,PL02,2023-05-10,2023-11-14,Churned,134.62,Annual
SUB008405,CU008405,PL01,2025-08-15,,Active,43.95,Annual
SUB008406,CU008406,PL02,2024-03-05,,Active,178.54,Annual
SUB008407,CU008407,PL03,2026-04-11,,Active,365.51,Monthly
SUB008408,CU008408,PL03,2023-04-04,,Active,355.96,Monthly
SUB008409,CU008409,PL03,2024-11-28,,Active,367.83,Monthly
SUB008410,CU008410,PL01,2025-10-27,,Active,52.86,Annual
SUB008411,CU008411,PL03,2022-08-09,,Active,342.76,Monthly
SUB008412,CU008412,PL03,2022-07-26,,Active,489.13,Annual
SUB008413,CU008413,PL01,2023-12-18,,Active,47.55,Monthly
SUB008414,CU008414,PL03,2026-04-11,,Active,376.51,Monthly
SUB008415,CU008415,PL02,2024-01-07,2024-09-30,Churned,165.4,Monthly
SUB008416,CU008416,PL02,2023-07-08,,Active,160.41,Monthly
SUB008417,CU008417,PL03,2024-12-20,,Active,349.66,Annual
SUB008418,CU008418,PL03,2022-07-20,,Active,404.42,Monthly
SUB008419,CU008419,PL04,2022-04-08,,Active,1234.12,Monthly
SUB008420,CU008420,PL02,2026-03-18,,Active,148.29,Annual
SUB008421,CU008421,PL02,2023-08-05,,Active,173.67,Monthly
SUB008422,CU008422,PL02,2025-02-24,,Active,162.88,Monthly
SUB008423,CU008423,PL01,2026-05-01,,Active,41.96,Annual
SUB008424,CU008424,PL03,2026-05-01,,Active,414.66,Annual
SUB008425,CU008425,PL02,2022-10-25,,Active,157.15,Annual
SUB008426,CU008426,PL02,2023-05-10,,Active,184.35,Annual
SUB008427,CU008427,PL03,2023-09-27,,Active,399.65,Annual
SUB008428,CU008428,PL03,2023-09-02,,Active,459.23,Monthly
SUB008429,CU008429,PL01,2023-01-20,2025-03-18,Churned,51.83,Monthly
SUB008430,CU008430,PL04,2025-07-02,,Active,1282.87,Annual
SUB008431,CU008431,PL01,2024-04-04,,Active,58.93,Monthly
SUB008432,CU008432,PL02,2022-03-23,,Active,184.03,Annual
SUB008433,CU008433,PL02,2023-01-01,2026-05-04,Churned,132.97,Monthly
SUB008434,CU008434,PL01,2023-06-02,,Active,56.83,Monthly
SUB008435,CU008435,PL03,2024-12-28,,Active,455.88,Monthly
SUB008436,CU008436,PL03,2022-06-29,,Active,344.94,Monthly
SUB008437,CU008437,PL01,2024-03-16,,Active,51.16,Annual
SUB008438,CU008438,PL01,2023-10-02,,Active,59.94,Monthly
SUB008439,CU008439,PL02,2022-09-17,,Active,160.81,Monthly
SUB008440,CU008440,PL01,2022-11-20,,Active,46.47,Monthly
SUB008441,CU008441,PL03,2024-06-04,,Active,427.98,Monthly
SUB008442,CU008442,PL01,2025-07-14,,Active,52.66,Monthly
SUB008443,CU008443,PL03,2022-12-22,,Active,473.26,Monthly
SUB008444,CU008444,PL03,2025-10-19,,Active,439.96,Monthly
SUB008445,CU008445,PL01,2022-03-16,2023-04-21,Churned,56.62,Annual
SUB008446,CU008446,PL04,2023-11-20,,Active,1079.31,Monthly
SUB008447,CU008447,PL02,2022-03-04,,Active,141.1,Annual
SUB008448,CU008448,PL02,2023-12-15,,Active,142.8,Annual
SUB008449,CU008449,PL02,2024-10-28,,Active,129.77,Annual
SUB008450,CU008450,PL04,2026-06-01,,Active,1299.77,Monthly
SUB008451,CU008451,PL01,2023-06-15,2023-10-18,Churned,56.11,Annual
SUB008452,CU008452,PL03,2023-11-29,,Active,410.59,Monthly
SUB008453,CU008453,PL04,2023-12-04,,Active,1356.24,Monthly
SUB008454,CU008454,PL01,2024-12-19,2026-03-27,Churned,43.53,Annual
SUB008455,CU008455,PL02,2025-03-09,,Active,160.23,Monthly
SUB008456,CU008456,PL03,2026-04-10,,Active,459.19,Monthly
SUB008457,CU008457,PL01,2023-09-18,2025-11-10,Churned,46.63,Monthly
SUB008458,CU008458,PL01,2023-07-25,2025-05-07,Churned,48.15,Monthly
SUB008459,CU008459,PL03,2024-04-19,,Active,464.12,Monthly
SUB008460,CU008460,PL03,2022-07-19,,Active,384.95,Annual
SUB008461,CU008461,PL03,2025-10-26,2026-05-13,Churned,357.68,Monthly
SUB008462,CU008462,PL03,2022-09-16,,Active,374.56,Monthly
SUB008463,CU008463,PL02,2023-10-27,,Active,148.49,Monthly
SUB008464,CU008464,PL01,2026-05-29,,Active,43.6,Monthly
SUB008465,CU008465,PL03,2022-09-17,,Active,375.73,Monthly
SUB008466,CU008466,PL04,2022-10-31,,Active,1372.86,Monthly
SUB008467,CU008467,PL02,2025-01-18,,Active,150.46,Monthly
SUB008468,CU008468,PL01,2024-12-19,,Active,44.15,Monthly
SUB008469,CU008469,PL01,2024-04-20,2025-03-12,Churned,56.84,Monthly
SUB008470,CU008470,PL02,2023-08-09,,Active,169.8,Monthly
SUB008471,CU008471,PL02,2023-10-22,,Active,126.81,Annual
SUB008472,CU008472,PL02,2025-08-10,2026-05-09,Churned,127.12,Annual
SUB008473,CU008473,PL01,2023-04-07,2025-07-05,Churned,60.86,Monthly
SUB008474,CU008474,PL02,2025-08-22,,Active,169.94,Monthly
SUB008475,CU008475,PL03,2022-02-18,,Active,407.68,Monthly
SUB008476,CU008476,PL01,2024-02-29,,Active,56.56,Annual
SUB008477,CU008477,PL01,2026-02-22,,Active,47.19,Monthly
SUB008478,CU008478,PL01,2025-06-14,2026-02-07,Churned,42.64,Monthly
SUB008479,CU008479,PL02,2025-10-26,2026-02-16,Churned,138.55,Annual
SUB008480,CU008480,PL01,2026-04-10,,Active,59.87,Monthly
SUB008481,CU008481,PL02,2023-10-19,,Active,178.47,Annual
SUB008482,CU008482,PL02,2023-08-02,,Active,158.16,Annual
SUB008483,CU008483,PL02,2022-09-14,,Active,157.06,Annual
SUB008484,CU008484,PL03,2022-06-15,,Active,353.84,Monthly
SUB008485,CU008485,PL03,2025-10-19,,Active,471.4,Annual
SUB008486,CU008486,PL03,2022-02-10,,Active,443.07,Annual
SUB008487,CU008487,PL01,2024-07-12,,Active,60.93,Annual
SUB008488,CU008488,PL01,2025-11-06,,Active,45.38,Annual
SUB008489,CU008489,PL03,2022-10-21,,Active,358.6,Annual
SUB008490,CU008490,PL03,2026-05-15,,Active,475.77,Monthly
SUB008491,CU008491,PL01,2024-02-03,,Active,45.57,Annual
SUB008492,CU008492,PL01,2024-02-23,,Active,50.45,Monthly
SUB008493,CU008493,PL04,2025-04-17,,Active,1187.14,Monthly
SUB008494,CU008494,PL02,2022-01-20,,Active,169.25,Annual
SUB008495,CU008495,PL02,2023-08-20,2024-07-15,Churned,161.65,Monthly
SUB008496,CU008496,PL03,2024-01-27,,Active,498.65,Monthly
SUB008497,CU008497,PL02,2022-04-29,,Active,151.87,Monthly
SUB008498,CU008498,PL02,2024-06-02,2025-09-15,Churned,139.35,Monthly
SUB008499,CU008499,PL02,2023-11-14,,Active,148.9,Annual
SUB008500,CU008500,PL03,2025-02-20,,Active,429.77,Annual
SUB008501,CU008501,PL03,2026-01-09,,Active,365.52,Annual
SUB008502,CU008502,PL02,2023-11-19,2024-10-24,Churned,137.54,Monthly
SUB008503,CU008503,PL01,2025-06-13,,Active,53.64,Annual
SUB008504,CU008504,PL01,2023-10-28,,Active,49.44,Annual
SUB008505,CU008505,PL01,2024-05-21,,Active,52.05,Annual
SUB008506,CU008506,PL02,2022-01-18,2023-03-05,Churned,174.3,Annual
SUB008507,CU008507,PL01,2022-03-31,,Active,52.69,Annual
SUB008508,CU008508,PL03,2025-11-30,,Active,376.57,Annual
SUB008509,CU008509,PL02,2024-02-05,2024-07-25,Churned,156.97,Annual
SUB008510,CU008510,PL03,2025-01-25,,Active,485.06,Monthly
SUB008511,CU008511,PL01,2022-01-24,,Active,57.96,Annual
SUB008512,CU008512,PL03,2022-08-10,,Active,381.54,Monthly
SUB008513,CU008513,PL01,2024-07-01,,Active,44.57,Annual
SUB008514,CU008514,PL01,2026-05-16,,Active,55.69,Monthly
SUB008515,CU008515,PL02,2024-04-06,,Active,152.77,Monthly
SUB008516,CU008516,PL01,2022-12-30,,Active,42.91,Monthly
SUB008517,CU008517,PL01,2024-12-23,,Active,51.88,Annual
SUB008518,CU008518,PL02,2024-04-02,,Active,180.28,Monthly
SUB008519,CU008519,PL02,2024-04-30,,Active,153.46,Annual
SUB008520,CU008520,PL01,2023-06-28,2024-12-30,Churned,44.96,Annual
SUB008521,CU008521,PL01,2022-06-05,2023-02-19,Churned,46.18,Monthly
SUB008522,CU008522,PL01,2022-05-14,,Active,55.08,Annual
SUB008523,CU008523,PL02,2024-11-04,,Active,177.67,Annual
SUB008524,CU008524,PL01,2025-10-08,,Active,51.48,Annual
SUB008525,CU008525,PL01,2024-08-24,,Active,47.59,Monthly
SUB008526,CU008526,PL01,2025-04-23,,Active,57.94,Monthly
SUB008527,CU008527,PL02,2024-08-07,,Active,164.69,Monthly
SUB008528,CU008528,PL03,2025-02-16,,Active,420.88,Monthly
SUB008529,CU008529,PL02,2025-06-21,2026-03-11,Churned,184.14,Monthly
SUB008530,CU008530,PL04,2024-06-05,,Active,1237.93,Monthly
SUB008531,CU008531,PL02,2022-11-18,,Active,159.24,Monthly
SUB008532,CU008532,PL03,2023-04-19,,Active,381.03,Monthly
SUB008533,CU008533,PL03,2023-10-30,,Active,437.81,Monthly
SUB008534,CU008534,PL02,2024-02-17,,Active,132.34,Annual
SUB008535,CU008535,PL01,2025-07-05,2026-08-29,Churned,48.03,Monthly
SUB008536,CU008536,PL02,2025-10-11,2026-06-03,Churned,172.48,Annual
SUB008537,CU008537,PL02,2023-01-01,2026-04-12,Churned,153.38,Monthly
SUB008538,CU008538,PL04,2025-05-13,2025-09-23,Churned,1316.48,Annual
SUB008539,CU008539,PL01,2023-09-30,2025-09-07,Churned,55.22,Monthly
SUB008540,CU008540,PL01,2023-11-24,2026-04-30,Churned,59.11,Annual
SUB008541,CU008541,PL01,2025-06-06,,Active,47.71,Monthly
SUB008542,CU008542,PL01,2025-02-08,,Active,50.77,Monthly
SUB008543,CU008543,PL01,2022-10-24,,Active,60.72,Monthly
SUB008544,CU008544,PL02,2022-05-19,,Active,174.78,Annual
SUB008545,CU008545,PL03,2022-01-04,,Active,363.98,Annual
SUB008546,CU008546,PL03,2025-06-05,2025-12-10,Churned,402.04,Annual
SUB008547,CU008547,PL02,2024-06-25,,Active,131.87,Monthly
SUB008548,CU008548,PL02,2024-10-26,,Active,153.78,Annual
SUB008549,CU008549,PL02,2024-03-02,,Active,162.6,Monthly
SUB008550,CU008550,PL03,2026-02-11,,Active,395.62,Annual
SUB008551,CU008551,PL01,2022-04-18,,Active,43.37,Annual
SUB008552,CU008552,PL03,2022-10-12,,Active,395.46,Monthly
SUB008553,CU008553,PL01,2023-06-19,2024-07-30,Churned,61.02,Monthly
SUB008554,CU008554,PL02,2026-02-08,,Active,145.87,Annual
SUB008555,CU008555,PL03,2022-04-24,2023-07-02,Churned,428.45,Annual
SUB008556,CU008556,PL02,2025-04-03,,Active,131.46,Monthly
SUB008557,CU008557,PL03,2025-05-26,,Active,419.66,Annual
SUB008558,CU008558,PL02,2025-05-19,,Active,184.14,Monthly
SUB008559,CU008559,PL02,2026-05-16,,Active,167.03,Monthly
SUB008560,CU008560,PL03,2023-08-17,,Active,371.72,Annual
SUB008561,CU008561,PL02,2025-06-10,,Active,163.71,Annual
SUB008562,CU008562,PL02,2022-05-08,,Active,167.5,Annual
SUB008563,CU008563,PL03,2022-04-07,2024-03-28,Churned,343.59,Annual
SUB008564,CU008564,PL01,2022-08-21,,Active,42.64,Annual
SUB008565,CU008565,PL02,2024-09-19,,Active,181.8,Monthly
SUB008566,CU008566,PL02,2023-10-19,,Active,180.12,Monthly
SUB008567,CU008567,PL01,2025-05-23,2026-05-24,Churned,55.26,Annual
SUB008568,CU008568,PL02,2024-12-02,,Active,128.89,Monthly
SUB008569,CU008569,PL02,2024-07-01,,Active,151.09,Monthly
SUB008570,CU008570,PL01,2022-08-03,,Active,58.0,Monthly
SUB008571,CU008571,PL02,2024-11-04,,Active,142.69,Annual
SUB008572,CU008572,PL02,2025-12-10,,Active,160.8,Monthly
SUB008573,CU008573,PL01,2022-08-03,2024-07-06,Churned,58.71,Monthly
SUB008574,CU008574,PL02,2025-05-05,,Active,167.23,Monthly
SUB008575,CU008575,PL01,2022-02-17,,Active,48.27,Monthly
SUB008576,CU008576,PL02,2023-10-03,,Active,168.32,Annual
SUB008577,CU008577,PL01,2025-03-08,,Active,54.51,Monthly
SUB008578,CU008578,PL02,2026-05-08,,Active,130.26,Annual
SUB008579,CU008579,PL04,2022-02-08,,Active,1349.72,Annual
SUB008580,CU008580,PL01,2022-12-16,2026-07-22,Churned,48.51,Monthly
SUB008581,CU008581,PL01,2026-01-29,2026-07-07,Churned,48.66,Monthly
SUB008582,CU008582,PL01,2022-07-25,,Active,56.89,Annual
SUB008583,CU008583,PL01,2025-03-10,2026-02-09,Churned,53.93,Annual
SUB008584,CU008584,PL02,2025-04-15,2026-04-20,Churned,149.39,Monthly
SUB008585,CU008585,PL02,2025-09-13,,Active,165.77,Monthly
SUB008586,CU008586,PL01,2025-10-27,,Active,59.9,Annual
SUB008587,CU008587,PL01,2023-12-14,,Active,46.07,Annual
SUB008588,CU008588,PL02,2026-04-28,,Active,132.05,Monthly
SUB008589,CU008589,PL03,2023-01-06,,Active,365.53,Annual
SUB008590,CU008590,PL01,2026-05-14,,Active,42.26,Annual
SUB008591,CU008591,PL04,2023-11-04,,Active,1169.0,Monthly
SUB008592,CU008592,PL03,2023-11-25,,Active,374.2,Monthly
SUB008593,CU008593,PL01,2024-11-06,,Active,46.85,Monthly
SUB008594,CU008594,PL03,2023-08-20,,Active,392.0,Annual
SUB008595,CU008595,PL01,2025-06-10,,Active,60.14,Annual
SUB008596,CU008596,PL02,2023-04-24,,Active,175.4,Annual
SUB008597,CU008597,PL04,2025-04-23,,Active,1170.43,Annual
SUB008598,CU008598,PL01,2026-01-24,,Active,47.43,Monthly
SUB008599,CU008599,PL02,2023-09-07,,Active,169.26,Monthly
SUB008600,CU008600,PL02,2023-10-18,,Active,145.43,Annual
SUB008601,CU008601,PL01,2022-02-15,,Active,52.42,Monthly
SUB008602,CU008602,PL02,2023-09-14,,Active,160.22,Annual
SUB008603,CU008603,PL02,2024-02-08,,Active,179.33,Annual
SUB008604,CU008604,PL01,2023-11-18,,Active,46.65,Annual
SUB008605,CU008605,PL03,2026-01-16,,Active,422.14,Annual
SUB008606,CU008606,PL01,2024-08-22,,Active,57.22,Annual
SUB008607,CU008607,PL03,2022-08-15,,Active,392.33,Annual
SUB008608,CU008608,PL03,2024-01-16,,Active,373.98,Annual
SUB008609,CU008609,PL01,2023-01-21,2025-04-22,Churned,50.14,Monthly
SUB008610,CU008610,PL01,2022-06-26,,Active,54.5,Monthly
SUB008611,CU008611,PL02,2026-06-20,,Active,139.95,Annual
SUB008612,CU008612,PL02,2022-11-02,,Active,166.12,Monthly
SUB008613,CU008613,PL04,2025-03-03,,Active,1392.9,Annual
SUB008614,CU008614,PL02,2024-08-23,,Active,141.39,Annual
SUB008615,CU008615,PL01,2022-06-22,2023-07-27,Churned,48.27,Monthly
SUB008616,CU008616,PL03,2022-06-11,,Active,455.66,Monthly
SUB008617,CU008617,PL02,2026-01-05,2026-07-17,Churned,175.55,Monthly
SUB008618,CU008618,PL02,2025-01-16,,Active,142.46,Annual
SUB008619,CU008619,PL03,2023-09-20,,Active,482.64,Annual
SUB008620,CU008620,PL01,2022-10-08,2026-04-26,Churned,59.2,Monthly
SUB008621,CU008621,PL02,2025-12-02,,Active,160.17,Monthly
SUB008622,CU008622,PL01,2023-08-21,,Active,49.27,Annual
SUB008623,CU008623,PL03,2026-06-10,,Active,370.97,Annual
SUB008624,CU008624,PL03,2025-04-04,,Active,360.53,Monthly
SUB008625,CU008625,PL02,2024-06-26,,Active,173.15,Monthly
SUB008626,CU008626,PL02,2023-06-07,,Active,172.18,Annual
SUB008627,CU008627,PL03,2025-05-18,,Active,473.13,Monthly
SUB008628,CU008628,PL03,2022-12-15,2024-07-08,Churned,425.0,Annual
SUB008629,CU008629,PL03,2023-04-03,,Active,456.06,Annual
SUB008630,CU008630,PL03,2023-01-10,,Active,455.0,Annual
SUB008631,CU008631,PL01,2026-02-03,,Active,44.48,Monthly
SUB008632,CU008632,PL04,2022-08-05,,Active,1349.11,Monthly
SUB008633,CU008633,PL03,2022-01-03,,Active,397.6,Monthly
SUB008634,CU008634,PL01,2022-03-10,,Active,51.69,Monthly
SUB008635,CU008635,PL01,2024-12-21,,Active,59.83,Annual
SUB008636,CU008636,PL04,2023-05-02,2026-07-19,Churned,1224.74,Annual
SUB008637,CU008637,PL04,2022-11-03,,Active,1442.26,Annual
SUB008638,CU008638,PL02,2025-09-17,,Active,142.79,Monthly
SUB008639,CU008639,PL03,2022-02-07,,Active,416.08,Annual
SUB008640,CU008640,PL03,2024-04-23,,Active,466.7,Annual
SUB008641,CU008641,PL02,2026-05-24,,Active,147.43,Annual
SUB008642,CU008642,PL04,2022-02-21,,Active,1400.44,Monthly
SUB008643,CU008643,PL01,2023-07-03,2025-02-02,Churned,41.8,Monthly
SUB008644,CU008644,PL01,2023-09-28,,Active,51.16,Annual
SUB008645,CU008645,PL04,2023-06-23,,Active,1415.24,Annual
SUB008646,CU008646,PL04,2023-10-07,,Active,1299.08,Monthly
SUB008647,CU008647,PL02,2024-08-28,,Active,140.75,Monthly
SUB008648,CU008648,PL01,2023-11-20,,Active,56.65,Monthly
SUB008649,CU008649,PL03,2024-02-06,,Active,382.16,Monthly
SUB008650,CU008650,PL04,2025-06-04,,Active,1276.48,Annual
SUB008651,CU008651,PL01,2026-05-26,,Active,57.68,Monthly
SUB008652,CU008652,PL01,2025-04-12,,Active,45.17,Annual
SUB008653,CU008653,PL02,2026-03-14,,Active,129.7,Annual
SUB008654,CU008654,PL02,2026-01-18,,Active,160.22,Monthly
SUB008655,CU008655,PL03,2026-01-01,,Active,374.12,Annual
SUB008656,CU008656,PL04,2026-06-18,,Active,1261.38,Monthly
SUB008657,CU008657,PL04,2023-07-20,,Active,1183.5,Monthly
SUB008658,CU008658,PL02,2026-02-05,,Active,145.97,Annual
SUB008659,CU008659,PL02,2025-02-10,2026-05-02,Churned,137.02,Monthly
SUB008660,CU008660,PL01,2023-10-12,,Active,51.09,Annual
SUB008661,CU008661,PL02,2023-07-28,,Active,156.58,Monthly
SUB008662,CU008662,PL01,2023-04-13,,Active,44.81,Annual
SUB008663,CU008663,PL02,2022-05-27,,Active,130.28,Annual
SUB008664,CU008664,PL02,2024-12-02,,Active,135.34,Annual
SUB008665,CU008665,PL04,2023-10-19,2025-01-22,Churned,1453.6,Monthly
SUB008666,CU008666,PL01,2024-01-29,,Active,44.24,Monthly
SUB008667,CU008667,PL02,2022-09-15,,Active,135.69,Monthly
SUB008668,CU008668,PL01,2025-07-21,,Active,46.63,Monthly
SUB008669,CU008669,PL01,2024-10-15,2025-11-04,Churned,55.17,Monthly
SUB008670,CU008670,PL01,2023-04-11,,Active,52.29,Annual
SUB008671,CU008671,PL01,2022-10-29,2023-12-20,Churned,59.82,Annual
SUB008672,CU008672,PL02,2022-04-24,,Active,164.29,Annual
SUB008673,CU008673,PL02,2022-09-03,2024-12-10,Churned,178.79,Monthly
SUB008674,CU008674,PL03,2023-02-02,,Active,492.33,Monthly
SUB008675,CU008675,PL03,2024-10-11,2025-10-15,Churned,423.3,Annual
SUB008676,CU008676,PL01,2023-05-17,,Active,56.97,Monthly
SUB008677,CU008677,PL02,2025-08-06,,Active,159.87,Annual
SUB008678,CU008678,PL01,2023-02-04,2025-04-23,Churned,52.21,Monthly
SUB008679,CU008679,PL02,2025-05-05,,Active,155.41,Monthly
SUB008680,CU008680,PL02,2025-10-28,,Active,162.3,Annual
SUB008681,CU008681,PL03,2026-03-14,,Active,491.15,Annual
SUB008682,CU008682,PL03,2024-07-10,,Active,426.39,Annual
SUB008683,CU008683,PL04,2025-05-15,,Active,1246.83,Annual
SUB008684,CU008684,PL04,2026-02-09,,Active,1073.83,Annual
SUB008685,CU008685,PL01,2023-03-19,,Active,46.04,Annual
SUB008686,CU008686,PL03,2024-12-30,,Active,461.4,Monthly
SUB008687,CU008687,PL03,2024-01-21,,Active,480.05,Annual
SUB008688,CU008688,PL02,2026-03-31,,Active,143.18,Monthly
SUB008689,CU008689,PL02,2024-07-17,2026-06-04,Churned,182.33,Annual
SUB008690,CU008690,PL03,2022-09-24,2023-01-06,Churned,352.95,Annual
SUB008691,CU008691,PL01,2024-01-24,2025-04-14,Churned,55.85,Monthly
SUB008692,CU008692,PL02,2022-09-02,,Active,147.56,Monthly
SUB008693,CU008693,PL01,2024-02-20,2026-01-15,Churned,60.98,Monthly
SUB008694,CU008694,PL02,2026-03-02,,Active,154.47,Annual
SUB008695,CU008695,PL01,2025-06-29,,Active,55.61,Monthly
SUB008696,CU008696,PL03,2024-07-31,,Active,348.92,Annual
SUB008697,CU008697,PL04,2024-12-21,,Active,1097.45,Annual
SUB008698,CU008698,PL01,2022-03-20,,Active,61.09,Annual
SUB008699,CU008699,PL02,2022-09-23,,Active,171.83,Annual
SUB008700,CU008700,PL01,2022-03-20,,Active,51.65,Monthly
SUB008701,CU008701,PL02,2023-09-05,,Active,173.13,Monthly
SUB008702,CU008702,PL02,2022-04-25,2026-05-29,Churned,146.64,Monthly
SUB008703,CU008703,PL03,2025-02-11,,Active,474.26,Monthly
SUB008704,CU008704,PL04,2025-07-30,,Active,1151.92,Annual
SUB008705,CU008705,PL02,2026-03-20,,Active,173.61,Monthly
SUB008706,CU008706,PL04,2023-06-27,,Active,1371.67,Annual
SUB008707,CU008707,PL01,2024-11-03,,Active,60.43,Annual
SUB008708,CU008708,PL03,2025-04-06,,Active,443.61,Annual
SUB008709,CU008709,PL02,2024-09-22,,Active,154.38,Annual
SUB008710,CU008710,PL02,2024-12-18,,Active,166.49,Annual
SUB008711,CU008711,PL03,2024-05-12,,Active,347.08,Monthly
SUB008712,CU008712,PL03,2025-02-09,,Active,431.14,Annual
SUB008713,CU008713,PL03,2023-10-09,,Active,373.09,Annual
SUB008714,CU008714,PL01,2022-07-15,,Active,45.77,Monthly
SUB008715,CU008715,PL02,2022-05-14,2024-05-02,Churned,129.61,Annual
SUB008716,CU008716,PL03,2023-11-21,2026-08-04,Churned,480.95,Annual
SUB008717,CU008717,PL01,2023-11-17,,Active,56.67,Monthly
SUB008718,CU008718,PL02,2022-10-19,,Active,165.99,Annual
SUB008719,CU008719,PL01,2026-05-20,,Active,57.52,Annual
SUB008720,CU008720,PL02,2025-09-11,,Active,158.88,Monthly
SUB008721,CU008721,PL01,2025-08-10,,Active,41.86,Monthly
SUB008722,CU008722,PL01,2023-09-07,2024-02-09,Churned,51.95,Monthly
SUB008723,CU008723,PL03,2025-01-13,,Active,354.59,Monthly
SUB008724,CU008724,PL02,2023-05-19,,Active,180.42,Annual
SUB008725,CU008725,PL03,2025-05-19,,Active,350.3,Monthly
SUB008726,CU008726,PL03,2024-05-03,,Active,442.6,Annual
SUB008727,CU008727,PL03,2024-02-20,,Active,453.83,Monthly
SUB008728,CU008728,PL01,2025-06-18,,Active,44.26,Monthly
SUB008729,CU008729,PL04,2023-07-17,,Active,1103.37,Monthly
SUB008730,CU008730,PL03,2024-02-20,,Active,397.55,Monthly
SUB008731,CU008731,PL03,2025-02-07,,Active,370.69,Monthly
SUB008732,CU008732,PL03,2024-12-12,,Active,447.43,Annual
SUB008733,CU008733,PL02,2024-06-11,,Active,158.75,Annual
SUB008734,CU008734,PL02,2026-01-11,,Active,174.84,Annual
SUB008735,CU008735,PL01,2024-07-11,2026-04-14,Churned,52.01,Monthly
SUB008736,CU008736,PL03,2026-01-10,,Active,465.88,Annual
SUB008737,CU008737,PL01,2023-05-09,,Active,46.3,Monthly
SUB008738,CU008738,PL01,2026-06-14,,Active,54.16,Monthly
SUB008739,CU008739,PL01,2025-05-28,,Active,45.77,Annual
SUB008740,CU008740,PL01,2022-07-11,2025-01-10,Churned,47.79,Annual
SUB008741,CU008741,PL04,2022-07-06,,Active,1418.47,Annual
SUB008742,CU008742,PL02,2022-07-22,,Active,150.79,Monthly
SUB008743,CU008743,PL01,2023-03-25,2024-04-10,Churned,61.24,Monthly
SUB008744,CU008744,PL01,2022-10-07,2023-07-06,Churned,42.8,Monthly
SUB008745,CU008745,PL01,2022-01-16,,Active,53.96,Annual
SUB008746,CU008746,PL04,2022-12-11,,Active,1111.6,Monthly
SUB008747,CU008747,PL01,2026-01-17,,Active,42.99,Monthly
SUB008748,CU008748,PL02,2024-05-05,,Active,169.71,Monthly
SUB008749,CU008749,PL01,2025-07-03,,Active,57.75,Monthly
SUB008750,CU008750,PL01,2025-08-27,,Active,51.74,Monthly
SUB008751,CU008751,PL02,2023-05-13,,Active,132.07,Monthly
SUB008752,CU008752,PL03,2025-06-08,2026-07-29,Churned,415.35,Annual
SUB008753,CU008753,PL02,2023-01-30,,Active,157.02,Annual
SUB008754,CU008754,PL02,2022-12-13,2024-10-10,Churned,129.34,Monthly
SUB008755,CU008755,PL01,2024-07-06,,Active,43.36,Monthly
SUB008756,CU008756,PL03,2023-10-01,2026-07-04,Churned,343.26,Monthly
SUB008757,CU008757,PL03,2022-03-08,,Active,408.84,Annual
SUB008758,CU008758,PL04,2024-07-23,,Active,1359.89,Monthly
SUB008759,CU008759,PL02,2022-05-25,,Active,133.6,Annual
SUB008760,CU008760,PL01,2025-06-04,,Active,59.47,Annual
SUB008761,CU008761,PL01,2025-02-20,,Active,46.54,Monthly
SUB008762,CU008762,PL01,2023-01-27,,Active,53.97,Monthly
SUB008763,CU008763,PL01,2023-02-14,,Active,45.03,Annual
SUB008764,CU008764,PL01,2025-12-17,,Active,54.93,Monthly
SUB008765,CU008765,PL01,2022-01-12,2025-03-25,Churned,46.32,Monthly
SUB008766,CU008766,PL02,2023-12-28,,Active,154.22,Monthly
SUB008767,CU008767,PL01,2022-10-31,,Active,46.12,Monthly
SUB008768,CU008768,PL02,2024-03-20,2024-08-29,Churned,175.32,Monthly
SUB008769,CU008769,PL03,2023-10-07,,Active,369.49,Annual
SUB008770,CU008770,PL02,2024-07-12,,Active,141.0,Monthly
SUB008771,CU008771,PL02,2024-11-06,,Active,145.64,Monthly
SUB008772,CU008772,PL03,2023-10-29,,Active,362.51,Annual
SUB008773,CU008773,PL01,2023-09-07,2024-10-08,Churned,53.87,Monthly
SUB008774,CU008774,PL01,2023-07-05,2024-04-22,Churned,44.76,Monthly
SUB008775,CU008775,PL03,2022-06-22,,Active,429.33,Monthly
SUB008776,CU008776,PL03,2023-03-20,,Active,341.59,Monthly
SUB008777,CU008777,PL01,2023-08-18,2025-12-17,Churned,59.9,Monthly
SUB008778,CU008778,PL01,2024-08-10,,Active,52.69,Annual
SUB008779,CU008779,PL01,2024-10-20,2026-06-11,Churned,56.2,Annual
SUB008780,CU008780,PL04,2026-05-19,,Active,1426.14,Monthly
SUB008781,CU008781,PL01,2022-08-16,2024-03-11,Churned,58.05,Annual
SUB008782,CU008782,PL01,2022-06-01,,Active,47.73,Annual
SUB008783,CU008783,PL01,2024-11-25,,Active,53.39,Monthly
SUB008784,CU008784,PL04,2022-03-18,,Active,1243.91,Monthly
SUB008785,CU008785,PL01,2024-08-08,,Active,57.84,Annual
SUB008786,CU008786,PL03,2023-04-04,,Active,497.62,Annual
SUB008787,CU008787,PL04,2026-05-07,,Active,1380.68,Annual
SUB008788,CU008788,PL02,2025-11-03,,Active,128.02,Monthly
SUB008789,CU008789,PL02,2025-08-02,2026-06-03,Churned,155.5,Monthly
SUB008790,CU008790,PL02,2026-01-14,2026-06-06,Churned,165.87,Monthly
SUB008791,CU008791,PL03,2023-04-09,,Active,480.76,Monthly
SUB008792,CU008792,PL01,2024-02-21,,Active,51.55,Annual
SUB008793,CU008793,PL01,2024-08-27,,Active,52.32,Annual
SUB008794,CU008794,PL02,2022-05-08,2025-08-18,Churned,137.9,Monthly
SUB008795,CU008795,PL02,2026-01-15,,Active,167.68,Monthly
SUB008796,CU008796,PL01,2025-09-30,,Active,54.57,Annual
SUB008797,CU008797,PL02,2022-06-28,,Active,127.49,Annual
SUB008798,CU008798,PL03,2026-04-06,,Active,378.39,Annual
SUB008799,CU008799,PL02,2023-02-22,,Active,138.79,Annual
SUB008800,CU008800,PL01,2026-03-24,,Active,44.33,Annual
SUB008801,CU008801,PL01,2025-06-22,,Active,50.33,Monthly
SUB008802,CU008802,PL01,2023-11-23,2025-11-05,Churned,55.91,Monthly
SUB008803,CU008803,PL04,2022-07-15,,Active,1380.33,Annual
SUB008804,CU008804,PL02,2022-11-02,,Active,158.72,Annual
SUB008805,CU008805,PL03,2022-07-11,,Active,420.1,Monthly
SUB008806,CU008806,PL02,2024-06-29,2024-12-21,Churned,172.82,Annual
SUB008807,CU008807,PL04,2023-04-25,,Active,1146.66,Annual
SUB008808,CU008808,PL01,2023-09-12,,Active,54.96,Annual
SUB008809,CU008809,PL03,2023-01-28,,Active,395.49,Annual
SUB008810,CU008810,PL01,2023-10-17,,Active,52.62,Monthly
SUB008811,CU008811,PL02,2025-07-01,,Active,160.38,Monthly
SUB008812,CU008812,PL02,2024-12-14,2025-06-03,Churned,143.38,Monthly
SUB008813,CU008813,PL04,2026-04-26,,Active,1467.04,Monthly
SUB008814,CU008814,PL02,2025-02-28,,Active,184.12,Annual
SUB008815,CU008815,PL02,2022-05-07,,Active,174.11,Monthly
SUB008816,CU008816,PL02,2025-12-15,2026-05-03,Churned,135.62,Monthly
SUB008817,CU008817,PL02,2025-07-20,,Active,167.64,Annual
SUB008818,CU008818,PL01,2022-09-23,,Active,53.3,Annual
SUB008819,CU008819,PL03,2023-08-21,,Active,349.08,Annual
SUB008820,CU008820,PL01,2025-04-28,,Active,57.07,Annual
SUB008821,CU008821,PL02,2023-04-28,,Active,161.98,Annual
SUB008822,CU008822,PL01,2022-02-26,,Active,43.29,Annual
SUB008823,CU008823,PL04,2023-11-11,,Active,1293.76,Monthly
SUB008824,CU008824,PL03,2026-01-20,,Active,425.85,Monthly
SUB008825,CU008825,PL02,2026-02-12,,Active,148.19,Monthly
SUB008826,CU008826,PL02,2023-07-13,,Active,153.08,Monthly
SUB008827,CU008827,PL03,2023-03-28,,Active,366.15,Annual
SUB008828,CU008828,PL02,2022-09-05,2024-06-08,Churned,152.26,Annual
SUB008829,CU008829,PL01,2022-09-05,2025-03-16,Churned,42.84,Annual
SUB008830,CU008830,PL02,2023-10-22,,Active,141.51,Annual
SUB008831,CU008831,PL03,2023-07-04,,Active,437.91,Monthly
SUB008832,CU008832,PL01,2024-07-10,2025-08-23,Churned,52.28,Annual
SUB008833,CU008833,PL02,2023-05-11,,Active,176.59,Annual
SUB008834,CU008834,PL03,2022-01-12,,Active,437.23,Monthly
SUB008835,CU008835,PL03,2023-09-02,,Active,495.79,Annual
SUB008836,CU008836,PL01,2026-06-15,,Active,45.06,Monthly
SUB008837,CU008837,PL02,2023-12-16,,Active,180.06,Annual
SUB008838,CU008838,PL02,2024-04-01,,Active,132.54,Monthly
SUB008839,CU008839,PL01,2024-03-04,,Active,56.26,Annual
SUB008840,CU008840,PL03,2025-09-28,,Active,346.25,Annual
SUB008841,CU008841,PL04,2023-07-22,,Active,1494.12,Annual
SUB008842,CU008842,PL01,2022-04-21,,Active,53.73,Monthly
SUB008843,CU008843,PL02,2024-06-26,2025-02-27,Churned,186.18,Monthly
SUB008844,CU008844,PL02,2025-07-14,2026-07-01,Churned,177.17,Annual
SUB008845,CU008845,PL02,2022-07-28,,Active,131.21,Monthly
SUB008846,CU008846,PL02,2023-04-10,2024-01-19,Churned,128.81,Monthly
SUB008847,CU008847,PL01,2024-12-19,,Active,56.08,Monthly
SUB008848,CU008848,PL02,2024-01-26,2025-04-02,Churned,143.89,Monthly
SUB008849,CU008849,PL03,2024-10-10,,Active,492.23,Monthly
SUB008850,CU008850,PL03,2026-02-20,,Active,360.5,Monthly
SUB008851,CU008851,PL01,2023-01-19,,Active,51.05,Monthly
SUB008852,CU008852,PL03,2026-02-14,,Active,473.19,Monthly
SUB008853,CU008853,PL03,2022-11-30,2026-04-17,Churned,425.2,Monthly
SUB008854,CU008854,PL01,2025-02-23,,Active,45.85,Annual
SUB008855,CU008855,PL01,2022-06-27,,Active,49.63,Monthly
SUB008856,CU008856,PL02,2026-02-14,,Active,185.34,Monthly
SUB008857,CU008857,PL02,2025-10-26,,Active,129.83,Annual
SUB008858,CU008858,PL01,2022-02-13,,Active,44.31,Annual
SUB008859,CU008859,PL03,2023-01-08,,Active,365.47,Annual
SUB008860,CU008860,PL04,2026-04-21,,Active,1378.63,Monthly
SUB008861,CU008861,PL01,2024-12-31,,Active,54.18,Annual
SUB008862,CU008862,PL02,2024-11-18,,Active,153.34,Monthly
SUB008863,CU008863,PL03,2025-02-24,2025-10-23,Churned,410.87,Annual
SUB008864,CU008864,PL01,2024-10-15,2026-08-02,Churned,46.54,Annual
SUB008865,CU008865,PL03,2026-05-17,,Active,455.3,Monthly
SUB008866,CU008866,PL01,2023-10-22,,Active,50.97,Monthly
SUB008867,CU008867,PL01,2024-10-18,,Active,52.94,Monthly
SUB008868,CU008868,PL02,2025-07-05,,Active,127.41,Annual
SUB008869,CU008869,PL01,2024-11-13,,Active,60.98,Annual
SUB008870,CU008870,PL02,2023-04-25,,Active,138.51,Monthly
SUB008871,CU008871,PL04,2026-03-27,,Active,1094.11,Monthly
SUB008872,CU008872,PL01,2026-01-06,2026-04-24,Churned,52.82,Annual
SUB008873,CU008873,PL02,2025-08-12,,Active,170.5,Monthly
SUB008874,CU008874,PL01,2023-12-10,,Active,51.17,Annual
SUB008875,CU008875,PL01,2025-07-06,,Active,60.69,Monthly
SUB008876,CU008876,PL01,2025-12-08,,Active,45.35,Annual
SUB008877,CU008877,PL02,2024-04-30,2025-04-17,Churned,150.92,Annual
SUB008878,CU008878,PL02,2025-08-29,,Active,174.52,Monthly
SUB008879,CU008879,PL03,2023-03-13,2024-03-09,Churned,388.06,Monthly
SUB008880,CU008880,PL04,2026-06-10,,Active,1358.46,Annual
SUB008881,CU008881,PL03,2026-05-20,,Active,409.34,Annual
SUB008882,CU008882,PL02,2025-09-09,,Active,173.02,Monthly
SUB008883,CU008883,PL02,2025-07-29,,Active,154.49,Annual
SUB008884,CU008884,PL04,2023-10-06,,Active,1020.78,Monthly
SUB008885,CU008885,PL04,2024-02-24,,Active,1306.3,Monthly
SUB008886,CU008886,PL01,2025-03-02,,Active,44.31,Annual
SUB008887,CU008887,PL01,2022-11-27,2024-05-25,Churned,53.58,Monthly
SUB008888,CU008888,PL01,2022-05-22,,Active,48.44,Annual
SUB008889,CU008889,PL01,2026-01-08,,Active,54.31,Monthly
SUB008890,CU008890,PL01,2023-12-23,,Active,51.64,Monthly
SUB008891,CU008891,PL03,2022-10-20,,Active,464.57,Monthly
SUB008892,CU008892,PL01,2024-08-14,,Active,57.62,Annual
SUB008893,CU008893,PL02,2024-01-05,,Active,178.6,Annual
SUB008894,CU008894,PL02,2022-06-17,,Active,164.7,Monthly
SUB008895,CU008895,PL03,2024-03-01,,Active,367.09,Monthly
SUB008896,CU008896,PL03,2025-10-30,2026-06-20,Churned,368.32,Monthly
SUB008897,CU008897,PL03,2022-03-23,,Active,427.78,Annual
SUB008898,CU008898,PL02,2023-11-12,,Active,149.01,Annual
SUB008899,CU008899,PL01,2026-05-16,,Active,60.16,Annual
SUB008900,CU008900,PL03,2026-01-10,,Active,406.41,Annual
SUB008901,CU008901,PL01,2024-02-03,2024-11-19,Churned,59.19,Annual
SUB008902,CU008902,PL02,2022-04-27,,Active,165.91,Monthly
SUB008903,CU008903,PL03,2024-10-20,,Active,496.0,Annual
SUB008904,CU008904,PL03,2023-11-01,,Active,377.06,Annual
SUB008905,CU008905,PL02,2023-09-20,,Active,152.0,Annual
SUB008906,CU008906,PL02,2025-06-26,,Active,133.71,Annual
SUB008907,CU008907,PL01,2022-07-11,,Active,45.03,Annual
SUB008908,CU008908,PL01,2022-10-07,2024-05-23,Churned,44.15,Monthly
SUB008909,CU008909,PL04,2025-04-21,,Active,1419.03,Annual
SUB008910,CU008910,PL02,2025-03-21,2026-08-22,Churned,143.15,Annual
SUB008911,CU008911,PL03,2026-05-28,,Active,478.92,Monthly
SUB008912,CU008912,PL01,2024-05-31,,Active,42.95,Monthly
SUB008913,CU008913,PL01,2026-04-10,,Active,60.29,Monthly
SUB008914,CU008914,PL02,2025-07-14,,Active,150.05,Annual
SUB008915,CU008915,PL04,2023-11-19,,Active,1339.89,Annual
SUB008916,CU008916,PL02,2022-05-13,,Active,168.78,Annual
SUB008917,CU008917,PL01,2026-04-30,,Active,44.6,Annual
SUB008918,CU008918,PL02,2026-04-24,,Active,177.48,Monthly
SUB008919,CU008919,PL02,2025-12-20,,Active,151.69,Monthly
SUB008920,CU008920,PL03,2025-12-02,,Active,396.87,Monthly
SUB008921,CU008921,PL02,2022-09-08,,Active,176.8,Annual
SUB008922,CU008922,PL03,2023-10-21,,Active,428.27,Annual
SUB008923,CU008923,PL02,2025-07-11,,Active,140.32,Monthly
SUB008924,CU008924,PL02,2026-03-13,,Active,169.6,Annual
SUB008925,CU008925,PL03,2024-11-20,,Active,455.2,Monthly
SUB008926,CU008926,PL01,2025-08-23,2025-12-22,Churned,44.7,Monthly
SUB008927,CU008927,PL02,2024-09-22,,Active,150.14,Annual
SUB008928,CU008928,PL01,2024-12-22,,Active,51.93,Annual
SUB008929,CU008929,PL02,2022-12-08,,Active,177.67,Annual
SUB008930,CU008930,PL01,2025-10-27,2026-07-01,Churned,55.08,Monthly
SUB008931,CU008931,PL01,2024-09-15,2025-07-30,Churned,59.69,Monthly
SUB008932,CU008932,PL02,2026-04-21,,Active,142.71,Monthly
SUB008933,CU008933,PL01,2022-01-27,,Active,55.28,Monthly
SUB008934,CU008934,PL01,2025-05-18,,Active,59.95,Annual
SUB008935,CU008935,PL01,2025-01-26,2026-01-25,Churned,42.19,Annual
SUB008936,CU008936,PL04,2024-04-07,,Active,1494.68,Monthly
SUB008937,CU008937,PL01,2023-02-16,2024-09-12,Churned,53.51,Annual
SUB008938,CU008938,PL04,2026-04-23,,Active,1085.97,Monthly
SUB008939,CU008939,PL02,2025-10-12,,Active,162.99,Monthly
SUB008940,CU008940,PL04,2025-03-01,,Active,1388.08,Monthly
SUB008941,CU008941,PL01,2024-09-08,,Active,57.96,Monthly
SUB008942,CU008942,PL04,2026-04-23,,Active,1479.99,Monthly
SUB008943,CU008943,PL01,2023-01-20,2025-02-07,Churned,60.62,Monthly
SUB008944,CU008944,PL02,2025-06-28,,Active,152.28,Annual
SUB008945,CU008945,PL03,2026-03-25,,Active,498.31,Annual
SUB008946,CU008946,PL01,2024-04-28,,Active,59.91,Annual
SUB008947,CU008947,PL01,2024-02-27,,Active,56.17,Annual
SUB008948,CU008948,PL01,2024-10-16,,Active,44.87,Monthly
SUB008949,CU008949,PL02,2023-12-06,2025-05-23,Churned,135.48,Annual
SUB008950,CU008950,PL01,2023-11-04,,Active,48.84,Monthly
SUB008951,CU008951,PL01,2025-05-27,,Active,49.11,Monthly
SUB008952,CU008952,PL01,2024-09-25,,Active,43.14,Annual
SUB008953,CU008953,PL01,2026-05-18,,Active,50.65,Monthly
SUB008954,CU008954,PL01,2025-12-11,2026-04-25,Churned,49.03,Monthly
SUB008955,CU008955,PL01,2025-07-01,,Active,48.64,Monthly
SUB008956,CU008956,PL03,2022-06-29,,Active,436.29,Annual
SUB008957,CU008957,PL02,2023-04-19,,Active,179.21,Annual
SUB008958,CU008958,PL02,2025-01-25,,Active,143.83,Monthly
SUB008959,CU008959,PL01,2026-06-14,,Active,53.56,Annual
SUB008960,CU008960,PL02,2023-09-04,,Active,183.5,Monthly
SUB008961,CU008961,PL03,2024-10-20,2026-04-24,Churned,364.39,Annual
SUB008962,CU008962,PL03,2023-03-18,,Active,399.1,Annual
SUB008963,CU008963,PL02,2024-01-15,,Active,172.47,Monthly
SUB008964,CU008964,PL01,2024-08-13,2025-07-15,Churned,57.63,Monthly
SUB008965,CU008965,PL01,2023-05-17,,Active,43.95,Monthly
SUB008966,CU008966,PL03,2024-05-16,,Active,372.55,Annual
SUB008967,CU008967,PL02,2023-02-20,2024-12-25,Churned,160.32,Monthly
SUB008968,CU008968,PL02,2022-10-12,,Active,166.94,Annual
SUB008969,CU008969,PL02,2025-03-19,,Active,183.9,Monthly
SUB008970,CU008970,PL01,2023-10-31,,Active,46.73,Annual
SUB008971,CU008971,PL04,2024-11-09,,Active,1275.14,Monthly
SUB008972,CU008972,PL04,2023-09-14,,Active,1176.07,Monthly
SUB008973,CU008973,PL03,2024-09-29,,Active,392.11,Annual
SUB008974,CU008974,PL01,2025-10-23,,Active,57.06,Monthly
SUB008975,CU008975,PL01,2024-03-22,,Active,58.08,Monthly
SUB008976,CU008976,PL02,2022-12-04,,Active,185.74,Annual
SUB008977,CU008977,PL01,2026-05-04,,Active,44.42,Monthly
SUB008978,CU008978,PL02,2023-08-02,,Active,151.4,Monthly
SUB008979,CU008979,PL03,2022-09-13,,Active,352.09,Monthly
SUB008980,CU008980,PL04,2026-03-09,,Active,1098.2,Annual
SUB008981,CU008981,PL01,2023-03-03,2026-02-04,Churned,54.35,Annual
SUB008982,CU008982,PL03,2023-08-01,,Active,450.08,Monthly
SUB008983,CU008983,PL01,2025-12-13,,Active,59.77,Monthly
SUB008984,CU008984,PL02,2023-09-10,,Active,167.33,Monthly
SUB008985,CU008985,PL02,2025-07-07,,Active,127.48,Monthly
SUB008986,CU008986,PL01,2024-12-01,,Active,54.09,Monthly
SUB008987,CU008987,PL01,2023-06-27,2024-12-29,Churned,47.92,Annual
SUB008988,CU008988,PL02,2025-09-22,2026-08-08,Churned,178.28,Monthly
SUB008989,CU008989,PL03,2023-12-18,,Active,415.83,Monthly
SUB008990,CU008990,PL02,2022-07-29,,Active,170.31,Monthly
SUB008991,CU008991,PL02,2025-02-26,,Active,165.7,Annual
SUB008992,CU008992,PL01,2022-07-20,,Active,54.17,Monthly
SUB008993,CU008993,PL03,2025-10-31,,Active,354.84,Monthly
SUB008994,CU008994,PL01,2024-11-05,2025-08-15,Churned,44.07,Monthly
SUB008995,CU008995,PL01,2025-01-31,,Active,53.05,Annual
SUB008996,CU008996,PL01,2026-05-22,,Active,58.33,Annual
SUB008997,CU008997,PL02,2025-12-31,2026-04-29,Churned,135.15,Annual
SUB008998,CU008998,PL02,2026-02-23,,Active,143.75,Monthly
SUB008999,CU008999,PL01,2023-12-06,,Active,46.32,Annual
SUB009000,CU009000,PL02,2022-08-28,,Active,154.03,Annual
SUB009001,CU009001,PL02,2024-12-04,,Active,147.82,Annual
SUB009002,CU009002,PL02,2023-11-30,,Active,130.76,Monthly
SUB009003,CU009003,PL02,2025-07-15,,Active,153.64,Monthly
SUB009004,CU009004,PL02,2026-02-16,2026-07-02,Churned,179.81,Annual
SUB009005,CU009005,PL02,2025-07-05,,Active,174.4,Annual
SUB009006,CU009006,PL01,2022-05-31,2023-12-16,Churned,46.6,Monthly
SUB009007,CU009007,PL01,2026-03-20,,Active,44.78,Monthly
SUB009008,CU009008,PL03,2023-07-26,2024-11-10,Churned,422.66,Annual
SUB009009,CU009009,PL03,2022-03-05,,Active,412.32,Annual
SUB009010,CU009010,PL02,2025-05-19,,Active,159.48,Monthly
SUB009011,CU009011,PL03,2025-10-06,,Active,435.59,Monthly
SUB009012,CU009012,PL02,2025-06-14,,Active,148.97,Monthly
SUB009013,CU009013,PL02,2023-02-16,2025-08-30,Churned,170.02,Annual
SUB009014,CU009014,PL03,2023-01-18,,Active,466.68,Annual
SUB009015,CU009015,PL02,2025-11-08,,Active,181.17,Annual
SUB009016,CU009016,PL01,2024-07-26,,Active,41.99,Monthly
SUB009017,CU009017,PL02,2023-04-09,,Active,145.51,Annual
SUB009018,CU009018,PL03,2024-11-12,,Active,455.7,Annual
SUB009019,CU009019,PL02,2025-09-14,,Active,148.85,Monthly
SUB009020,CU009020,PL03,2024-06-23,,Active,490.82,Annual
SUB009021,CU009021,PL01,2026-05-04,,Active,51.48,Monthly
SUB009022,CU009022,PL01,2023-09-29,,Active,60.78,Annual
SUB009023,CU009023,PL01,2024-10-07,,Active,56.69,Annual
SUB009024,CU009024,PL01,2024-12-25,2026-04-23,Churned,56.75,Monthly
SUB009025,CU009025,PL01,2025-06-13,2026-05-22,Churned,41.93,Monthly
SUB009026,CU009026,PL02,2024-03-10,,Active,137.23,Annual
SUB009027,CU009027,PL01,2022-04-07,,Active,46.93,Annual
SUB009028,CU009028,PL01,2024-06-05,2026-08-10,Churned,53.6,Monthly
SUB009029,CU009029,PL01,2024-07-13,2026-06-27,Churned,46.76,Monthly
SUB009030,CU009030,PL02,2023-12-20,,Active,127.9,Annual
SUB009031,CU009031,PL01,2025-07-12,,Active,44.48,Annual
SUB009032,CU009032,PL02,2022-07-17,2022-12-17,Churned,179.38,Monthly
SUB009033,CU009033,PL04,2023-10-28,,Active,1329.37,Monthly
SUB009034,CU009034,PL03,2022-02-23,,Active,389.97,Annual
SUB009035,CU009035,PL02,2025-04-10,,Active,146.42,Monthly
SUB009036,CU009036,PL02,2025-01-03,,Active,180.57,Monthly
SUB009037,CU009037,PL03,2024-05-05,,Active,426.42,Annual
SUB009038,CU009038,PL01,2023-06-10,,Active,43.09,Annual
SUB009039,CU009039,PL02,2024-03-19,,Active,156.89,Annual
SUB009040,CU009040,PL03,2022-08-29,,Active,489.23,Annual
SUB009041,CU009041,PL01,2022-06-24,,Active,59.38,Monthly
SUB009042,CU009042,PL04,2026-01-23,,Active,1222.88,Annual
SUB009043,CU009043,PL01,2025-07-03,,Active,58.29,Annual
SUB009044,CU009044,PL02,2024-01-05,,Active,162.89,Monthly
SUB009045,CU009045,PL01,2024-02-14,2024-12-25,Churned,42.9,Annual
SUB009046,CU009046,PL02,2025-01-27,,Active,177.37,Monthly
SUB009047,CU009047,PL02,2022-05-16,,Active,169.82,Annual
SUB009048,CU009048,PL02,2023-08-12,2026-06-17,Churned,157.22,Annual
SUB009049,CU009049,PL02,2025-01-28,,Active,148.66,Annual
SUB009050,CU009050,PL02,2022-02-16,,Active,149.46,Monthly
SUB009051,CU009051,PL02,2022-09-14,,Active,164.17,Annual
SUB009052,CU009052,PL04,2024-01-30,,Active,1024.94,Monthly
SUB009053,CU009053,PL03,2026-02-21,,Active,485.07,Annual
SUB009054,CU009054,PL02,2023-07-03,,Active,178.53,Monthly
SUB009055,CU009055,PL01,2023-05-27,2024-04-10,Churned,47.8,Annual
SUB009056,CU009056,PL03,2023-06-09,,Active,345.01,Annual
SUB009057,CU009057,PL01,2023-08-24,,Active,53.69,Monthly
SUB009058,CU009058,PL03,2025-11-07,,Active,383.44,Monthly
SUB009059,CU009059,PL02,2025-03-09,,Active,177.43,Annual
SUB009060,CU009060,PL01,2022-10-06,2025-06-13,Churned,42.78,Annual
SUB009061,CU009061,PL02,2025-07-25,2026-07-04,Churned,150.45,Monthly
SUB009062,CU009062,PL02,2025-09-12,,Active,185.63,Annual
SUB009063,CU009063,PL02,2022-12-27,,Active,134.18,Monthly
SUB009064,CU009064,PL04,2023-07-09,,Active,1272.38,Annual
SUB009065,CU009065,PL04,2022-01-06,,Active,1323.52,Monthly
SUB009066,CU009066,PL02,2026-01-08,,Active,157.16,Annual
SUB009067,CU009067,PL01,2026-05-28,,Active,58.8,Monthly
SUB009068,CU009068,PL02,2022-11-09,2023-09-23,Churned,185.25,Monthly
SUB009069,CU009069,PL02,2023-12-17,,Active,148.89,Annual
SUB009070,CU009070,PL03,2023-06-26,,Active,385.56,Annual
SUB009071,CU009071,PL01,2025-07-24,2026-02-08,Churned,57.0,Monthly
SUB009072,CU009072,PL03,2025-07-15,,Active,493.83,Monthly
SUB009073,CU009073,PL01,2024-10-23,2026-08-22,Churned,56.0,Annual
SUB009074,CU009074,PL01,2025-07-03,,Active,60.51,Monthly
SUB009075,CU009075,PL01,2022-05-08,,Active,54.61,Monthly
SUB009076,CU009076,PL02,2023-02-09,,Active,169.45,Monthly
SUB009077,CU009077,PL02,2026-05-24,,Active,162.8,Monthly
SUB009078,CU009078,PL03,2023-09-28,,Active,493.93,Annual
SUB009079,CU009079,PL02,2025-03-20,,Active,162.92,Annual
SUB009080,CU009080,PL02,2024-01-14,,Active,146.06,Annual
SUB009081,CU009081,PL01,2024-12-25,,Active,50.05,Monthly
SUB009082,CU009082,PL02,2023-08-04,2026-07-01,Churned,131.94,Monthly
SUB009083,CU009083,PL03,2024-12-12,,Active,347.94,Monthly
SUB009084,CU009084,PL01,2024-01-22,,Active,47.94,Annual
SUB009085,CU009085,PL03,2025-02-13,,Active,497.76,Monthly
SUB009086,CU009086,PL02,2023-08-25,,Active,185.75,Annual
SUB009087,CU009087,PL04,2024-01-08,,Active,1110.45,Monthly
SUB009088,CU009088,PL02,2024-08-26,,Active,132.77,Annual
SUB009089,CU009089,PL01,2025-04-26,,Active,57.25,Monthly
SUB009090,CU009090,PL02,2022-08-17,,Active,151.99,Annual
SUB009091,CU009091,PL01,2023-12-21,,Active,57.17,Monthly
SUB009092,CU009092,PL01,2022-05-05,2023-10-30,Churned,58.99,Monthly
SUB009093,CU009093,PL02,2023-02-21,,Active,178.56,Annual
SUB009094,CU009094,PL01,2025-01-19,,Active,43.64,Annual
SUB009095,CU009095,PL02,2025-10-01,,Active,154.25,Monthly
SUB009096,CU009096,PL01,2022-05-10,2026-02-16,Churned,42.63,Monthly
SUB009097,CU009097,PL01,2025-03-26,,Active,60.14,Monthly
SUB009098,CU009098,PL04,2026-03-03,,Active,1396.39,Annual
SUB009099,CU009099,PL04,2025-05-23,,Active,1313.04,Monthly
SUB009100,CU009100,PL02,2026-05-03,,Active,184.03,Monthly
SUB009101,CU009101,PL02,2024-09-19,,Active,174.38,Annual
SUB009102,CU009102,PL04,2026-05-27,,Active,1371.97,Annual
SUB009103,CU009103,PL02,2025-04-25,,Active,156.89,Annual
SUB009104,CU009104,PL01,2026-06-21,,Active,52.14,Annual
SUB009105,CU009105,PL01,2025-05-01,,Active,56.73,Monthly
SUB009106,CU009106,PL01,2022-03-03,2023-08-26,Churned,60.74,Monthly
SUB009107,CU009107,PL03,2025-08-03,,Active,409.52,Annual
SUB009108,CU009108,PL03,2026-01-27,,Active,489.16,Annual
SUB009109,CU009109,PL02,2026-02-27,2026-05-30,Churned,132.21,Monthly
SUB009110,CU009110,PL03,2023-01-16,,Active,403.3,Monthly
SUB009111,CU009111,PL02,2023-12-01,2024-11-22,Churned,130.4,Monthly
SUB009112,CU009112,PL04,2023-09-12,,Active,1135.29,Annual
SUB009113,CU009113,PL02,2023-04-01,,Active,152.51,Monthly
SUB009114,CU009114,PL01,2026-06-04,,Active,50.63,Annual
SUB009115,CU009115,PL02,2025-01-02,,Active,168.37,Monthly
SUB009116,CU009116,PL03,2022-06-06,,Active,408.65,Monthly
SUB009117,CU009117,PL02,2023-05-26,2026-07-16,Churned,177.7,Annual
SUB009118,CU009118,PL02,2025-06-20,2026-06-25,Churned,154.87,Monthly
SUB009119,CU009119,PL02,2024-12-14,,Active,170.69,Annual
SUB009120,CU009120,PL01,2026-05-03,,Active,50.55,Annual
SUB009121,CU009121,PL01,2023-11-07,,Active,51.33,Monthly
SUB009122,CU009122,PL02,2023-10-18,,Active,139.51,Monthly
SUB009123,CU009123,PL04,2024-01-29,,Active,1249.66,Monthly
SUB009124,CU009124,PL02,2022-09-18,,Active,178.23,Monthly
SUB009125,CU009125,PL02,2025-06-23,,Active,138.14,Annual
SUB009126,CU009126,PL01,2022-12-10,,Active,46.94,Annual
SUB009127,CU009127,PL01,2022-07-02,2023-09-22,Churned,42.54,Monthly
SUB009128,CU009128,PL04,2025-09-03,,Active,1025.2,Annual
SUB009129,CU009129,PL03,2024-09-25,,Active,480.2,Annual
SUB009130,CU009130,PL02,2024-09-12,,Active,168.79,Annual
SUB009131,CU009131,PL01,2025-08-27,2025-12-07,Churned,50.23,Monthly
SUB009132,CU009132,PL03,2023-12-08,,Active,418.21,Annual
SUB009133,CU009133,PL02,2026-02-10,,Active,145.79,Monthly
SUB009134,CU009134,PL01,2024-08-06,,Active,53.56,Annual
SUB009135,CU009135,PL01,2025-05-08,,Active,60.17,Annual
SUB009136,CU009136,PL02,2024-03-27,,Active,180.69,Monthly
SUB009137,CU009137,PL02,2022-03-20,,Active,131.5,Monthly
SUB009138,CU009138,PL01,2022-04-14,,Active,51.61,Annual
SUB009139,CU009139,PL02,2024-11-01,,Active,131.98,Annual
SUB009140,CU009140,PL01,2024-01-16,,Active,45.3,Annual
SUB009141,CU009141,PL02,2024-09-05,,Active,163.17,Annual
SUB009142,CU009142,PL01,2026-06-30,,Active,45.71,Monthly
SUB009143,CU009143,PL02,2022-11-30,,Active,167.06,Monthly
SUB009144,CU009144,PL01,2024-02-24,,Active,42.27,Annual
SUB009145,CU009145,PL02,2024-09-07,,Active,154.3,Annual
SUB009146,CU009146,PL01,2022-01-12,,Active,45.27,Monthly
SUB009147,CU009147,PL01,2023-09-28,,Active,43.19,Monthly
SUB009148,CU009148,PL02,2025-12-08,,Active,178.62,Annual
SUB009149,CU009149,PL02,2025-12-29,,Active,156.28,Annual
SUB009150,CU009150,PL01,2023-10-10,,Active,53.56,Monthly
SUB009151,CU009151,PL01,2024-01-01,,Active,56.53,Monthly
SUB009152,CU009152,PL02,2025-01-25,,Active,160.24,Monthly
SUB009153,CU009153,PL01,2024-05-25,,Active,61.02,Monthly
SUB009154,CU009154,PL02,2025-02-13,,Active,148.43,Annual
SUB009155,CU009155,PL01,2025-05-27,,Active,42.6,Monthly
SUB009156,CU009156,PL02,2024-10-01,,Active,155.41,Monthly
SUB009157,CU009157,PL01,2022-03-18,2026-07-16,Churned,58.39,Monthly
SUB009158,CU009158,PL02,2024-09-24,,Active,179.61,Annual
SUB009159,CU009159,PL01,2026-03-26,,Active,57.86,Monthly
SUB009160,CU009160,PL03,2022-10-19,,Active,497.53,Monthly
SUB009161,CU009161,PL01,2023-11-05,,Active,54.4,Annual
SUB009162,CU009162,PL02,2022-10-07,2024-10-16,Churned,160.85,Annual
SUB009163,CU009163,PL02,2022-07-24,2025-05-19,Churned,172.47,Annual
SUB009164,CU009164,PL02,2024-05-15,,Active,127.46,Monthly
SUB009165,CU009165,PL02,2023-02-15,,Active,157.2,Annual
SUB009166,CU009166,PL03,2025-05-14,,Active,361.56,Monthly
SUB009167,CU009167,PL03,2025-06-23,,Active,395.76,Annual
SUB009168,CU009168,PL01,2025-04-21,2025-09-24,Churned,54.99,Annual
SUB009169,CU009169,PL02,2024-01-31,,Active,131.67,Monthly
SUB009170,CU009170,PL01,2022-08-21,2024-02-03,Churned,56.73,Monthly
SUB009171,CU009171,PL02,2025-02-27,,Active,151.33,Annual
SUB009172,CU009172,PL01,2025-10-14,,Active,57.44,Annual
SUB009173,CU009173,PL03,2023-03-03,,Active,434.92,Annual
SUB009174,CU009174,PL02,2024-10-31,,Active,170.62,Monthly
SUB009175,CU009175,PL01,2024-11-06,,Active,51.75,Annual
SUB009176,CU009176,PL02,2023-11-13,2025-06-06,Churned,158.17,Annual
SUB009177,CU009177,PL03,2024-02-01,,Active,380.42,Monthly
SUB009178,CU009178,PL01,2022-11-25,,Active,55.12,Annual
SUB009179,CU009179,PL03,2025-12-21,,Active,351.69,Monthly
SUB009180,CU009180,PL01,2022-03-04,2025-07-26,Churned,48.62,Annual
SUB009181,CU009181,PL01,2025-03-19,2025-11-20,Churned,55.26,Annual
SUB009182,CU009182,PL02,2022-05-20,,Active,176.11,Annual
SUB009183,CU009183,PL02,2023-11-29,,Active,128.54,Annual
SUB009184,CU009184,PL01,2024-04-12,,Active,43.06,Annual
SUB009185,CU009185,PL02,2026-05-07,,Active,167.15,Annual
SUB009186,CU009186,PL03,2025-11-28,2026-08-28,Churned,353.32,Annual
SUB009187,CU009187,PL01,2026-02-22,,Active,58.25,Monthly
SUB009188,CU009188,PL01,2024-08-11,,Active,50.49,Monthly
SUB009189,CU009189,PL03,2025-03-31,,Active,420.34,Annual
SUB009190,CU009190,PL01,2026-04-29,,Active,58.73,Annual
SUB009191,CU009191,PL03,2024-10-13,,Active,467.07,Annual
SUB009192,CU009192,PL02,2026-05-18,,Active,173.71,Annual
SUB009193,CU009193,PL02,2023-01-11,2025-02-09,Churned,133.54,Monthly
SUB009194,CU009194,PL02,2025-06-23,,Active,167.56,Annual
SUB009195,CU009195,PL04,2024-12-26,,Active,1265.21,Monthly
SUB009196,CU009196,PL01,2024-02-05,,Active,60.29,Monthly
SUB009197,CU009197,PL01,2025-05-05,,Active,43.39,Annual
SUB009198,CU009198,PL01,2025-08-30,2026-05-11,Churned,49.48,Monthly
SUB009199,CU009199,PL02,2022-11-26,,Active,162.06,Annual
SUB009200,CU009200,PL01,2024-03-21,,Active,51.04,Monthly
SUB009201,CU009201,PL03,2024-03-22,2024-06-21,Churned,362.54,Annual
SUB009202,CU009202,PL04,2022-10-04,,Active,1368.29,Monthly
SUB009203,CU009203,PL02,2022-08-21,,Active,146.32,Monthly
SUB009204,CU009204,PL01,2026-03-07,,Active,54.85,Monthly
SUB009205,CU009205,PL01,2024-05-24,,Active,41.9,Monthly
SUB009206,CU009206,PL01,2023-10-05,,Active,45.64,Annual
SUB009207,CU009207,PL02,2023-07-30,,Active,163.73,Annual
SUB009208,CU009208,PL03,2025-06-10,,Active,488.21,Monthly
SUB009209,CU009209,PL01,2022-08-18,,Active,55.04,Annual
SUB009210,CU009210,PL02,2022-03-19,,Active,172.75,Monthly
SUB009211,CU009211,PL04,2024-09-19,,Active,1465.82,Annual
SUB009212,CU009212,PL01,2022-05-12,,Active,48.73,Monthly
SUB009213,CU009213,PL02,2022-06-15,,Active,126.65,Monthly
SUB009214,CU009214,PL04,2023-04-14,,Active,1488.58,Monthly
SUB009215,CU009215,PL02,2022-06-20,,Active,157.43,Monthly
SUB009216,CU009216,PL02,2024-01-09,,Active,168.98,Monthly
SUB009217,CU009217,PL02,2025-12-23,,Active,141.6,Monthly
SUB009218,CU009218,PL02,2022-05-27,,Active,162.83,Annual
SUB009219,CU009219,PL02,2024-04-21,2025-10-14,Churned,152.8,Annual
SUB009220,CU009220,PL01,2024-01-29,,Active,56.43,Annual
SUB009221,CU009221,PL02,2023-08-06,,Active,181.36,Monthly
SUB009222,CU009222,PL04,2022-06-23,,Active,1448.61,Monthly
SUB009223,CU009223,PL02,2023-08-08,,Active,184.36,Annual
SUB009224,CU009224,PL01,2024-03-02,,Active,58.93,Monthly
SUB009225,CU009225,PL02,2024-08-14,,Active,177.06,Annual
SUB009226,CU009226,PL01,2023-06-18,,Active,59.84,Annual
SUB009227,CU009227,PL04,2022-07-03,2026-04-15,Churned,1469.14,Annual
SUB009228,CU009228,PL03,2023-12-28,,Active,489.79,Annual
SUB009229,CU009229,PL01,2024-08-28,,Active,51.75,Monthly
SUB009230,CU009230,PL01,2025-10-08,2026-03-15,Churned,46.16,Monthly
SUB009231,CU009231,PL01,2024-12-29,,Active,59.34,Annual
SUB009232,CU009232,PL01,2022-12-26,2026-08-29,Churned,56.67,Monthly
SUB009233,CU009233,PL01,2024-10-10,,Active,57.35,Monthly
SUB009234,CU009234,PL04,2023-09-25,2024-12-06,Churned,1286.11,Monthly
SUB009235,CU009235,PL02,2025-10-04,2026-06-07,Churned,185.57,Annual
SUB009236,CU009236,PL01,2024-10-24,,Active,47.78,Monthly
SUB009237,CU009237,PL02,2024-03-09,2025-12-17,Churned,133.45,Annual
SUB009238,CU009238,PL03,2025-06-04,,Active,368.55,Monthly
SUB009239,CU009239,PL01,2025-09-02,,Active,44.46,Monthly
SUB009240,CU009240,PL01,2025-01-01,,Active,53.76,Monthly
SUB009241,CU009241,PL01,2026-04-22,,Active,59.96,Annual
SUB009242,CU009242,PL02,2023-01-16,,Active,143.72,Annual
SUB009243,CU009243,PL04,2023-01-25,,Active,1308.29,Monthly
SUB009244,CU009244,PL01,2024-10-22,,Active,51.63,Monthly
SUB009245,CU009245,PL02,2025-02-25,,Active,159.81,Annual
SUB009246,CU009246,PL04,2024-03-25,,Active,1357.85,Annual
SUB009247,CU009247,PL02,2022-12-30,,Active,173.32,Monthly
SUB009248,CU009248,PL02,2025-03-19,,Active,171.65,Monthly
SUB009249,CU009249,PL02,2026-04-04,,Active,177.12,Monthly
SUB009250,CU009250,PL02,2023-12-18,2026-05-21,Churned,176.06,Monthly
SUB009251,CU009251,PL03,2023-03-10,,Active,393.81,Annual
SUB009252,CU009252,PL01,2023-12-20,2024-04-28,Churned,55.94,Annual
SUB009253,CU009253,PL02,2022-09-02,,Active,139.27,Annual
SUB009254,CU009254,PL02,2023-08-19,,Active,151.81,Monthly
SUB009255,CU009255,PL02,2025-11-17,,Active,180.79,Annual
SUB009256,CU009256,PL02,2024-06-24,,Active,128.48,Annual
SUB009257,CU009257,PL03,2023-06-06,,Active,457.42,Monthly
SUB009258,CU009258,PL02,2023-12-08,,Active,179.79,Monthly
SUB009259,CU009259,PL01,2024-12-25,,Active,56.19,Monthly
SUB009260,CU009260,PL02,2025-05-30,2026-05-22,Churned,148.79,Annual
SUB009261,CU009261,PL02,2022-11-07,,Active,147.84,Monthly
SUB009262,CU009262,PL02,2022-10-21,,Active,140.89,Annual
SUB009263,CU009263,PL03,2022-01-06,,Active,342.98,Annual
SUB009264,CU009264,PL03,2026-06-18,,Active,409.0,Monthly
SUB009265,CU009265,PL01,2023-08-11,,Active,60.66,Monthly
SUB009266,CU009266,PL02,2023-12-02,,Active,137.87,Annual
SUB009267,CU009267,PL02,2022-12-05,,Active,134.81,Monthly
SUB009268,CU009268,PL02,2024-07-26,,Active,166.78,Annual
SUB009269,CU009269,PL02,2023-03-26,,Active,160.29,Monthly
SUB009270,CU009270,PL03,2026-03-28,,Active,424.72,Monthly
SUB009271,CU009271,PL03,2026-06-02,,Active,408.74,Annual
SUB009272,CU009272,PL03,2022-10-13,2025-07-05,Churned,398.17,Monthly
SUB009273,CU009273,PL02,2024-12-04,,Active,129.77,Annual
SUB009274,CU009274,PL01,2024-12-25,,Active,47.1,Monthly
SUB009275,CU009275,PL01,2023-05-14,,Active,53.44,Annual
SUB009276,CU009276,PL01,2025-02-12,,Active,56.79,Monthly
SUB009277,CU009277,PL03,2023-02-01,,Active,415.16,Monthly
SUB009278,CU009278,PL03,2023-10-21,,Active,359.91,Monthly
SUB009279,CU009279,PL03,2022-03-13,,Active,378.67,Annual
SUB009280,CU009280,PL04,2024-06-25,,Active,1123.46,Annual
SUB009281,CU009281,PL02,2025-07-05,,Active,179.67,Monthly
SUB009282,CU009282,PL01,2025-05-22,,Active,60.72,Annual
SUB009283,CU009283,PL02,2023-12-22,,Active,149.29,Annual
SUB009284,CU009284,PL01,2024-11-30,2026-02-04,Churned,43.85,Annual
SUB009285,CU009285,PL03,2026-01-20,2026-05-19,Churned,491.91,Annual
SUB009286,CU009286,PL01,2025-11-21,2026-04-16,Churned,56.69,Monthly
SUB009287,CU009287,PL02,2025-08-01,,Active,176.26,Annual
SUB009288,CU009288,PL01,2022-11-24,,Active,51.11,Monthly
SUB009289,CU009289,PL01,2023-10-25,,Active,46.99,Monthly
SUB009290,CU009290,PL01,2022-08-15,2025-08-28,Churned,46.81,Annual
SUB009291,CU009291,PL02,2023-10-05,2024-06-08,Churned,145.39,Monthly
SUB009292,CU009292,PL01,2023-10-05,,Active,51.12,Annual
SUB009293,CU009293,PL04,2023-03-21,,Active,1481.44,Annual
SUB009294,CU009294,PL02,2026-05-11,,Active,132.07,Annual
SUB009295,CU009295,PL04,2025-09-20,2026-05-20,Churned,1381.27,Annual
SUB009296,CU009296,PL01,2022-08-01,,Active,56.38,Monthly
SUB009297,CU009297,PL01,2024-07-14,2025-08-13,Churned,55.67,Monthly
SUB009298,CU009298,PL02,2025-08-03,,Active,141.14,Monthly
SUB009299,CU009299,PL03,2022-07-26,,Active,372.67,Annual
SUB009300,CU009300,PL01,2023-06-10,,Active,42.27,Monthly
SUB009301,CU009301,PL03,2022-06-14,,Active,488.19,Monthly
SUB009302,CU009302,PL02,2022-10-20,2023-08-31,Churned,157.12,Annual
SUB009303,CU009303,PL02,2025-02-17,,Active,169.39,Annual
SUB009304,CU009304,PL01,2024-02-21,,Active,45.02,Annual
SUB009305,CU009305,PL01,2022-05-18,,Active,46.56,Annual
SUB009306,CU009306,PL02,2023-12-21,,Active,152.63,Annual
SUB009307,CU009307,PL01,2024-07-27,2026-01-24,Churned,48.63,Monthly
SUB009308,CU009308,PL03,2022-04-22,,Active,373.76,Annual
SUB009309,CU009309,PL04,2026-03-17,,Active,1438.52,Monthly
SUB009310,CU009310,PL01,2025-07-16,,Active,45.27,Monthly
SUB009311,CU009311,PL01,2023-09-20,2024-12-02,Churned,50.17,Monthly
SUB009312,CU009312,PL04,2022-01-27,,Active,1077.18,Monthly
SUB009313,CU009313,PL02,2026-05-20,,Active,142.89,Monthly
SUB009314,CU009314,PL02,2025-08-11,,Active,185.19,Annual
SUB009315,CU009315,PL01,2024-01-22,,Active,49.58,Annual
SUB009316,CU009316,PL01,2025-01-16,2026-05-11,Churned,46.57,Annual
SUB009317,CU009317,PL02,2025-02-05,,Active,181.11,Annual
SUB009318,CU009318,PL02,2023-12-24,2026-01-10,Churned,173.11,Annual
SUB009319,CU009319,PL01,2026-04-16,,Active,60.69,Monthly
SUB009320,CU009320,PL01,2023-03-19,,Active,49.92,Annual
SUB009321,CU009321,PL01,2022-01-07,,Active,44.52,Monthly
SUB009322,CU009322,PL03,2022-07-28,,Active,467.65,Annual
SUB009323,CU009323,PL02,2022-05-12,,Active,166.9,Monthly
SUB009324,CU009324,PL01,2024-10-30,2025-08-06,Churned,45.51,Annual
SUB009325,CU009325,PL02,2022-07-14,2023-06-07,Churned,146.14,Monthly
SUB009326,CU009326,PL03,2026-01-19,2026-05-04,Churned,358.77,Monthly
SUB009327,CU009327,PL02,2022-09-04,,Active,157.49,Annual
SUB009328,CU009328,PL01,2022-06-17,,Active,52.13,Annual
SUB009329,CU009329,PL02,2025-12-21,,Active,161.52,Annual
SUB009330,CU009330,PL01,2025-04-08,,Active,53.69,Annual
SUB009331,CU009331,PL04,2025-10-28,,Active,1464.29,Annual
SUB009332,CU009332,PL02,2025-09-19,,Active,147.33,Monthly
SUB009333,CU009333,PL02,2022-02-15,,Active,171.18,Annual
SUB009334,CU009334,PL03,2024-11-10,,Active,393.72,Monthly
SUB009335,CU009335,PL03,2022-08-05,,Active,467.42,Annual
SUB009336,CU009336,PL02,2025-08-07,,Active,184.4,Annual
SUB009337,CU009337,PL01,2023-12-19,,Active,60.71,Annual
SUB009338,CU009338,PL01,2025-01-12,,Active,58.85,Annual
SUB009339,CU009339,PL03,2025-08-27,,Active,497.18,Annual
SUB009340,CU009340,PL02,2022-06-22,,Active,178.89,Monthly
SUB009341,CU009341,PL01,2024-06-30,,Active,56.78,Monthly
SUB009342,CU009342,PL03,2023-03-10,,Active,423.01,Annual
SUB009343,CU009343,PL04,2022-10-28,,Active,1323.83,Annual
SUB009344,CU009344,PL01,2022-02-21,,Active,59.11,Monthly
SUB009345,CU009345,PL03,2025-01-09,,Active,344.28,Annual
SUB009346,CU009346,PL01,2023-05-13,,Active,42.4,Monthly
SUB009347,CU009347,PL04,2024-11-14,,Active,1158.09,Annual
SUB009348,CU009348,PL01,2026-02-20,,Active,53.74,Monthly
SUB009349,CU009349,PL01,2024-01-26,,Active,59.34,Monthly
SUB009350,CU009350,PL01,2022-03-08,,Active,61.15,Annual
SUB009351,CU009351,PL03,2025-11-02,,Active,352.64,Monthly
SUB009352,CU009352,PL04,2022-09-15,,Active,1150.04,Monthly
SUB009353,CU009353,PL03,2022-01-15,,Active,427.23,Annual
SUB009354,CU009354,PL01,2023-09-19,2024-03-03,Churned,43.91,Annual
SUB009355,CU009355,PL03,2023-04-05,,Active,364.12,Monthly
SUB009356,CU009356,PL01,2026-02-28,,Active,50.98,Monthly
SUB009357,CU009357,PL01,2024-05-02,2026-08-02,Churned,43.17,Annual
SUB009358,CU009358,PL02,2022-12-23,2024-03-16,Churned,182.0,Monthly
SUB009359,CU009359,PL02,2022-12-15,,Active,155.78,Monthly
SUB009360,CU009360,PL02,2025-06-20,,Active,134.82,Monthly
SUB009361,CU009361,PL02,2023-05-04,,Active,133.3,Monthly
SUB009362,CU009362,PL02,2025-11-18,,Active,169.82,Monthly
SUB009363,CU009363,PL03,2025-05-21,2026-05-26,Churned,376.86,Monthly
SUB009364,CU009364,PL02,2022-10-03,,Active,175.52,Monthly
SUB009365,CU009365,PL02,2025-07-28,,Active,160.84,Annual
SUB009366,CU009366,PL01,2022-10-17,,Active,59.08,Annual
SUB009367,CU009367,PL02,2022-12-22,,Active,146.85,Annual
SUB009368,CU009368,PL02,2023-06-23,2024-03-10,Churned,156.91,Monthly
SUB009369,CU009369,PL01,2024-10-13,2026-01-06,Churned,49.1,Monthly
SUB009370,CU009370,PL01,2024-11-27,2025-10-28,Churned,45.94,Monthly
SUB009371,CU009371,PL04,2022-02-12,,Active,1104.29,Monthly
SUB009372,CU009372,PL04,2024-08-21,,Active,1283.5,Monthly
SUB009373,CU009373,PL01,2022-02-07,,Active,55.66,Monthly
SUB009374,CU009374,PL03,2022-08-27,,Active,440.19,Annual
SUB009375,CU009375,PL02,2024-10-26,,Active,182.26,Annual
SUB009376,CU009376,PL04,2026-05-07,,Active,1058.96,Annual
SUB009377,CU009377,PL01,2024-04-30,,Active,45.35,Annual
SUB009378,CU009378,PL03,2023-11-11,,Active,485.69,Annual
SUB009379,CU009379,PL02,2024-07-22,,Active,133.62,Annual
SUB009380,CU009380,PL02,2022-10-24,,Active,175.97,Annual
SUB009381,CU009381,PL01,2026-01-29,,Active,59.09,Monthly
SUB009382,CU009382,PL02,2026-01-05,2026-07-15,Churned,180.14,Monthly
SUB009383,CU009383,PL03,2025-12-21,,Active,353.81,Monthly
SUB009384,CU009384,PL01,2025-10-07,,Active,45.79,Annual
SUB009385,CU009385,PL02,2025-12-18,,Active,148.3,Annual
SUB009386,CU009386,PL02,2023-08-01,,Active,170.38,Monthly
SUB009387,CU009387,PL01,2026-05-20,,Active,43.63,Monthly
SUB009388,CU009388,PL02,2025-10-09,,Active,176.15,Annual
SUB009389,CU009389,PL04,2022-01-15,,Active,1168.64,Monthly
SUB009390,CU009390,PL02,2022-04-12,2023-03-27,Churned,127.71,Monthly
SUB009391,CU009391,PL02,2024-03-01,2025-04-14,Churned,134.12,Monthly
SUB009392,CU009392,PL03,2022-03-26,,Active,424.5,Annual
SUB009393,CU009393,PL01,2023-02-26,2025-05-08,Churned,51.58,Annual
SUB009394,CU009394,PL01,2022-09-20,,Active,42.88,Monthly
SUB009395,CU009395,PL01,2025-01-05,,Active,53.87,Monthly
SUB009396,CU009396,PL01,2022-08-18,2024-02-15,Churned,51.62,Annual
SUB009397,CU009397,PL03,2024-03-07,,Active,358.75,Monthly
SUB009398,CU009398,PL01,2023-05-07,,Active,45.81,Monthly
SUB009399,CU009399,PL02,2024-08-24,2025-06-08,Churned,181.58,Annual
SUB009400,CU009400,PL02,2022-11-03,,Active,143.4,Annual
SUB009401,CU009401,PL03,2023-09-13,,Active,406.37,Monthly
SUB009402,CU009402,PL01,2024-06-18,2026-04-25,Churned,52.03,Monthly
SUB009403,CU009403,PL01,2023-07-30,,Active,52.93,Monthly
SUB009404,CU009404,PL01,2024-04-24,,Active,49.02,Monthly
SUB009405,CU009405,PL03,2024-02-06,,Active,392.02,Annual
SUB009406,CU009406,PL01,2022-09-29,,Active,49.8,Monthly
SUB009407,CU009407,PL02,2023-06-26,2025-07-04,Churned,148.31,Annual
SUB009408,CU009408,PL03,2026-05-13,,Active,416.12,Annual
SUB009409,CU009409,PL03,2023-06-16,,Active,452.61,Monthly
SUB009410,CU009410,PL01,2024-05-07,,Active,61.07,Annual
SUB009411,CU009411,PL01,2023-02-12,,Active,50.29,Annual
SUB009412,CU009412,PL02,2026-02-05,,Active,133.72,Monthly
SUB009413,CU009413,PL04,2024-06-10,,Active,1385.34,Monthly
SUB009414,CU009414,PL02,2024-01-13,,Active,167.92,Monthly
SUB009415,CU009415,PL03,2024-08-15,,Active,422.64,Monthly
SUB009416,CU009416,PL03,2024-08-16,,Active,480.73,Monthly
SUB009417,CU009417,PL03,2025-08-27,,Active,449.09,Monthly
SUB009418,CU009418,PL01,2025-03-06,,Active,46.03,Annual
SUB009419,CU009419,PL03,2024-09-01,,Active,401.99,Annual
SUB009420,CU009420,PL02,2024-01-14,,Active,157.48,Annual
SUB009421,CU009421,PL02,2024-08-10,2026-06-07,Churned,159.42,Annual
SUB009422,CU009422,PL02,2025-07-10,,Active,164.21,Monthly
SUB009423,CU009423,PL03,2024-06-20,2025-10-27,Churned,342.29,Monthly
SUB009424,CU009424,PL03,2024-04-06,,Active,371.77,Annual
SUB009425,CU009425,PL01,2025-06-19,2026-07-28,Churned,52.17,Monthly
SUB009426,CU009426,PL01,2023-06-26,2025-02-03,Churned,52.04,Monthly
SUB009427,CU009427,PL02,2024-06-09,,Active,162.47,Monthly
SUB009428,CU009428,PL01,2022-03-08,2024-07-10,Churned,45.1,Monthly
SUB009429,CU009429,PL03,2023-04-08,,Active,375.78,Annual
SUB009430,CU009430,PL01,2022-11-27,,Active,43.22,Annual
SUB009431,CU009431,PL02,2026-01-07,,Active,143.31,Annual
SUB009432,CU009432,PL02,2023-03-23,2026-07-22,Churned,142.1,Monthly
SUB009433,CU009433,PL01,2022-10-11,2023-11-07,Churned,57.44,Annual
SUB009434,CU009434,PL02,2024-06-09,,Active,140.35,Annual
SUB009435,CU009435,PL01,2024-11-20,,Active,59.5,Annual
SUB009436,CU009436,PL01,2024-12-09,2025-07-12,Churned,45.25,Annual
SUB009437,CU009437,PL03,2026-06-19,,Active,467.51,Monthly
SUB009438,CU009438,PL02,2023-09-01,,Active,160.35,Monthly
SUB009439,CU009439,PL01,2022-12-23,2023-04-02,Churned,57.8,Annual
SUB009440,CU009440,PL04,2023-03-31,2025-02-10,Churned,1459.61,Annual
SUB009441,CU009441,PL03,2026-05-24,,Active,430.98,Annual
SUB009442,CU009442,PL01,2024-02-29,,Active,59.68,Annual
SUB009443,CU009443,PL01,2025-05-08,,Active,51.91,Monthly
SUB009444,CU009444,PL03,2025-11-25,,Active,474.87,Annual
SUB009445,CU009445,PL02,2025-06-23,,Active,143.82,Annual
SUB009446,CU009446,PL01,2023-02-19,,Active,50.61,Monthly
SUB009447,CU009447,PL03,2022-07-10,,Active,393.07,Monthly
SUB009448,CU009448,PL01,2025-11-17,2026-07-05,Churned,53.14,Monthly
SUB009449,CU009449,PL02,2023-03-12,,Active,155.97,Annual
SUB009450,CU009450,PL02,2025-06-28,,Active,149.92,Monthly
SUB009451,CU009451,PL02,2022-02-16,,Active,184.28,Annual
SUB009452,CU009452,PL03,2024-08-13,,Active,388.84,Monthly
SUB009453,CU009453,PL02,2023-05-02,,Active,184.02,Annual
SUB009454,CU009454,PL01,2026-03-20,,Active,56.44,Annual
SUB009455,CU009455,PL04,2023-12-30,,Active,1497.55,Monthly
SUB009456,CU009456,PL01,2025-01-24,,Active,59.94,Monthly
SUB009457,CU009457,PL02,2023-08-28,,Active,150.51,Annual
SUB009458,CU009458,PL03,2022-12-15,,Active,433.66,Monthly
SUB009459,CU009459,PL02,2024-04-27,,Active,142.09,Monthly
SUB009460,CU009460,PL01,2022-08-23,2023-09-02,Churned,51.79,Monthly
SUB009461,CU009461,PL03,2022-01-15,,Active,368.02,Monthly
SUB009462,CU009462,PL01,2024-07-29,2025-05-08,Churned,48.53,Annual
SUB009463,CU009463,PL01,2025-05-13,,Active,56.66,Annual
SUB009464,CU009464,PL02,2025-07-20,,Active,165.31,Monthly
SUB009465,CU009465,PL01,2026-02-09,2026-07-26,Churned,41.71,Monthly
SUB009466,CU009466,PL03,2022-06-19,,Active,426.16,Monthly
SUB009467,CU009467,PL03,2025-09-29,,Active,433.68,Monthly
SUB009468,CU009468,PL01,2022-12-27,2025-10-10,Churned,41.65,Monthly
SUB009469,CU009469,PL01,2024-06-01,,Active,44.37,Monthly
SUB009470,CU009470,PL01,2022-06-27,,Active,45.72,Monthly
SUB009471,CU009471,PL02,2023-09-24,,Active,174.82,Monthly
SUB009472,CU009472,PL02,2023-11-22,,Active,140.63,Monthly
SUB009473,CU009473,PL04,2024-07-07,,Active,1226.85,Annual
SUB009474,CU009474,PL01,2026-01-14,,Active,48.43,Monthly
SUB009475,CU009475,PL03,2025-11-24,,Active,421.45,Annual
SUB009476,CU009476,PL03,2023-04-05,,Active,468.19,Annual
SUB009477,CU009477,PL03,2022-02-17,2023-07-20,Churned,409.57,Monthly
SUB009478,CU009478,PL02,2025-01-02,,Active,169.86,Annual
SUB009479,CU009479,PL01,2023-03-12,,Active,60.48,Monthly
SUB009480,CU009480,PL01,2026-03-15,,Active,51.45,Monthly
SUB009481,CU009481,PL01,2025-09-20,,Active,47.24,Monthly
SUB009482,CU009482,PL02,2026-03-10,,Active,177.68,Monthly
SUB009483,CU009483,PL02,2026-06-06,,Active,140.61,Monthly
SUB009484,CU009484,PL01,2023-05-23,,Active,47.09,Monthly
SUB009485,CU009485,PL01,2022-07-01,,Active,58.2,Annual
SUB009486,CU009486,PL01,2023-11-21,2025-06-21,Churned,53.86,Annual
SUB009487,CU009487,PL04,2022-11-25,,Active,1410.63,Annual
SUB009488,CU009488,PL03,2024-04-19,,Active,462.32,Monthly
SUB009489,CU009489,PL02,2026-05-21,,Active,147.4,Monthly
SUB009490,CU009490,PL01,2022-07-13,2025-07-28,Churned,41.68,Monthly
SUB009491,CU009491,PL02,2024-04-24,2025-08-01,Churned,145.86,Monthly
SUB009492,CU009492,PL01,2023-04-11,,Active,47.08,Annual
SUB009493,CU009493,PL02,2025-03-24,2025-12-26,Churned,184.02,Annual
SUB009494,CU009494,PL03,2023-10-11,2025-09-11,Churned,486.07,Monthly
SUB009495,CU009495,PL01,2025-06-18,,Active,48.72,Annual
SUB009496,CU009496,PL02,2022-11-14,,Active,132.91,Monthly
SUB009497,CU009497,PL01,2024-05-05,2025-02-20,Churned,54.1,Monthly
SUB009498,CU009498,PL03,2025-08-03,,Active,369.39,Monthly
SUB009499,CU009499,PL02,2023-10-07,,Active,159.36,Annual
SUB009500,CU009500,PL03,2024-02-28,,Active,464.21,Annual
SUB009501,CU009501,PL03,2022-09-18,,Active,449.07,Monthly
SUB009502,CU009502,PL01,2022-02-11,,Active,57.15,Monthly
SUB009503,CU009503,PL02,2023-02-22,,Active,165.49,Monthly
SUB009504,CU009504,PL02,2026-02-10,,Active,179.61,Annual
SUB009505,CU009505,PL01,2025-01-27,,Active,52.53,Annual
SUB009506,CU009506,PL01,2025-07-30,2026-08-20,Churned,52.37,Monthly
SUB009507,CU009507,PL01,2022-11-17,,Active,56.29,Annual
SUB009508,CU009508,PL03,2022-08-08,,Active,363.22,Monthly
SUB009509,CU009509,PL03,2026-05-20,,Active,431.07,Annual
SUB009510,CU009510,PL02,2025-04-13,,Active,179.29,Annual
SUB009511,CU009511,PL03,2024-08-25,,Active,464.38,Annual
SUB009512,CU009512,PL03,2025-03-17,,Active,363.67,Annual
SUB009513,CU009513,PL02,2023-11-17,,Active,137.34,Monthly
SUB009514,CU009514,PL04,2026-02-20,,Active,1483.39,Annual
SUB009515,CU009515,PL01,2023-04-08,,Active,50.25,Monthly
SUB009516,CU009516,PL01,2025-12-02,2026-07-21,Churned,45.33,Annual
SUB009517,CU009517,PL03,2022-02-15,,Active,417.78,Annual
SUB009518,CU009518,PL03,2022-11-01,,Active,475.55,Annual
SUB009519,CU009519,PL01,2024-06-08,2025-03-14,Churned,55.53,Annual
SUB009520,CU009520,PL01,2022-04-04,,Active,46.15,Monthly
SUB009521,CU009521,PL03,2023-08-23,,Active,476.67,Annual
SUB009522,CU009522,PL02,2025-11-06,,Active,151.11,Monthly
SUB009523,CU009523,PL02,2023-06-28,,Active,157.59,Annual
SUB009524,CU009524,PL01,2025-02-06,2025-10-10,Churned,57.25,Monthly
SUB009525,CU009525,PL04,2025-08-21,,Active,1348.92,Annual
SUB009526,CU009526,PL02,2026-05-17,,Active,169.8,Monthly
SUB009527,CU009527,PL02,2026-06-22,,Active,146.46,Monthly
SUB009528,CU009528,PL02,2023-10-09,,Active,141.24,Annual
SUB009529,CU009529,PL01,2025-03-25,,Active,52.97,Annual
SUB009530,CU009530,PL01,2026-01-01,,Active,58.34,Annual
SUB009531,CU009531,PL02,2023-12-29,,Active,170.35,Annual
SUB009532,CU009532,PL02,2026-01-02,,Active,137.48,Annual
SUB009533,CU009533,PL03,2022-12-19,,Active,387.73,Annual
SUB009534,CU009534,PL03,2026-01-17,,Active,387.84,Annual
SUB009535,CU009535,PL04,2022-10-16,,Active,1086.2,Monthly
SUB009536,CU009536,PL01,2022-11-20,,Active,56.34,Annual
SUB009537,CU009537,PL03,2024-01-11,,Active,390.3,Annual
SUB009538,CU009538,PL03,2023-11-05,,Active,498.41,Annual
SUB009539,CU009539,PL01,2025-12-04,2026-05-15,Churned,56.79,Annual
SUB009540,CU009540,PL01,2024-08-28,2025-10-07,Churned,49.0,Annual
SUB009541,CU009541,PL02,2026-02-09,,Active,156.45,Monthly
SUB009542,CU009542,PL02,2022-02-06,,Active,175.6,Annual
SUB009543,CU009543,PL04,2022-06-24,,Active,1410.16,Annual
SUB009544,CU009544,PL01,2024-09-01,2025-11-08,Churned,43.47,Annual
SUB009545,CU009545,PL01,2022-12-26,,Active,57.06,Monthly
SUB009546,CU009546,PL03,2022-11-07,,Active,440.37,Annual
SUB009547,CU009547,PL02,2024-10-01,,Active,148.92,Annual
SUB009548,CU009548,PL02,2025-09-06,,Active,182.42,Monthly
SUB009549,CU009549,PL01,2023-07-13,2025-04-04,Churned,60.63,Monthly
SUB009550,CU009550,PL02,2026-02-14,,Active,140.29,Monthly
SUB009551,CU009551,PL03,2022-03-31,,Active,423.94,Monthly
SUB009552,CU009552,PL01,2025-09-16,,Active,56.57,Monthly
SUB009553,CU009553,PL01,2022-07-02,,Active,53.53,Annual
SUB009554,CU009554,PL03,2025-12-10,,Active,357.32,Monthly
SUB009555,CU009555,PL04,2023-08-08,,Active,1230.52,Annual
SUB009556,CU009556,PL04,2024-03-12,,Active,1337.18,Annual
SUB009557,CU009557,PL02,2025-04-04,,Active,178.25,Annual
SUB009558,CU009558,PL02,2025-11-02,2026-07-15,Churned,136.16,Monthly
SUB009559,CU009559,PL02,2024-08-27,,Active,169.52,Monthly
SUB009560,CU009560,PL03,2022-09-18,,Active,443.32,Monthly
SUB009561,CU009561,PL02,2022-09-18,2024-04-16,Churned,167.54,Monthly
SUB009562,CU009562,PL02,2024-12-24,,Active,185.64,Monthly
SUB009563,CU009563,PL04,2025-10-10,,Active,1473.7,Monthly
SUB009564,CU009564,PL03,2024-10-25,,Active,448.55,Monthly
SUB009565,CU009565,PL02,2026-05-16,,Active,135.39,Monthly
SUB009566,CU009566,PL01,2022-06-12,2024-01-01,Churned,45.66,Monthly
SUB009567,CU009567,PL03,2022-09-25,,Active,382.55,Annual
SUB009568,CU009568,PL03,2026-02-21,,Active,425.79,Monthly
SUB009569,CU009569,PL02,2025-02-14,,Active,155.88,Monthly
SUB009570,CU009570,PL01,2025-01-27,2025-06-22,Churned,61.1,Annual
SUB009571,CU009571,PL02,2023-07-29,2025-08-27,Churned,140.18,Monthly
SUB009572,CU009572,PL01,2026-04-25,,Active,53.52,Monthly
SUB009573,CU009573,PL02,2024-11-01,,Active,159.05,Monthly
SUB009574,CU009574,PL01,2022-02-14,,Active,45.97,Annual
SUB009575,CU009575,PL02,2023-03-09,,Active,166.01,Monthly
SUB009576,CU009576,PL01,2023-11-16,2025-06-19,Churned,43.74,Monthly
SUB009577,CU009577,PL01,2023-09-07,,Active,50.0,Monthly
SUB009578,CU009578,PL02,2025-03-09,,Active,155.49,Monthly
SUB009579,CU009579,PL02,2022-10-23,,Active,151.06,Monthly
SUB009580,CU009580,PL01,2025-04-09,,Active,56.29,Annual
SUB009581,CU009581,PL02,2025-09-18,2026-08-29,Churned,182.57,Monthly
SUB009582,CU009582,PL01,2025-01-01,,Active,58.2,Monthly
SUB009583,CU009583,PL03,2024-05-23,,Active,409.88,Monthly
SUB009584,CU009584,PL04,2023-08-22,,Active,1258.46,Annual
SUB009585,CU009585,PL02,2022-02-17,,Active,173.06,Annual
SUB009586,CU009586,PL02,2025-12-03,,Active,180.62,Annual
SUB009587,CU009587,PL02,2025-06-04,,Active,181.48,Annual
SUB009588,CU009588,PL01,2023-03-16,,Active,45.05,Annual
SUB009589,CU009589,PL01,2022-09-28,,Active,53.39,Annual
SUB009590,CU009590,PL03,2023-02-27,,Active,378.49,Monthly
SUB009591,CU009591,PL01,2023-03-20,,Active,57.16,Monthly
SUB009592,CU009592,PL04,2023-11-06,,Active,1232.97,Monthly
SUB009593,CU009593,PL01,2024-02-22,2026-05-20,Churned,56.29,Monthly
SUB009594,CU009594,PL02,2023-08-15,,Active,132.02,Monthly
SUB009595,CU009595,PL01,2024-03-18,,Active,50.08,Annual
SUB009596,CU009596,PL04,2025-12-04,,Active,1407.57,Monthly
SUB009597,CU009597,PL03,2023-03-21,,Active,435.77,Monthly
SUB009598,CU009598,PL03,2023-10-22,,Active,473.35,Monthly
SUB009599,CU009599,PL01,2022-05-03,,Active,53.92,Monthly
SUB009600,CU009600,PL03,2022-08-14,,Active,491.95,Annual
SUB009601,CU009601,PL02,2023-03-20,,Active,160.91,Monthly
SUB009602,CU009602,PL03,2025-07-03,,Active,360.39,Annual
SUB009603,CU009603,PL02,2023-11-14,,Active,171.38,Monthly
SUB009604,CU009604,PL01,2023-01-14,,Active,54.81,Monthly
SUB009605,CU009605,PL02,2022-12-21,2023-07-31,Churned,182.85,Monthly
SUB009606,CU009606,PL01,2023-02-12,,Active,45.39,Monthly
SUB009607,CU009607,PL03,2025-04-13,,Active,498.72,Annual
SUB009608,CU009608,PL01,2024-03-05,,Active,48.72,Monthly
SUB009609,CU009609,PL03,2024-11-25,,Active,490.08,Monthly
SUB009610,CU009610,PL02,2025-12-09,,Active,144.75,Monthly
SUB009611,CU009611,PL02,2024-11-19,,Active,182.01,Monthly
SUB009612,CU009612,PL04,2025-04-25,,Active,1028.2,Monthly
SUB009613,CU009613,PL02,2024-01-09,,Active,172.22,Monthly
SUB009614,CU009614,PL04,2024-11-10,,Active,1054.3,Annual
SUB009615,CU009615,PL01,2026-03-23,,Active,46.65,Monthly
SUB009616,CU009616,PL01,2022-06-27,2024-01-08,Churned,56.57,Annual
SUB009617,CU009617,PL03,2023-06-29,,Active,465.6,Monthly
SUB009618,CU009618,PL02,2024-01-14,,Active,154.18,Monthly
SUB009619,CU009619,PL01,2025-08-24,,Active,58.73,Monthly
SUB009620,CU009620,PL03,2022-05-16,,Active,405.06,Monthly
SUB009621,CU009621,PL02,2026-03-19,,Active,142.12,Annual
SUB009622,CU009622,PL03,2026-06-16,,Active,354.08,Annual
SUB009623,CU009623,PL02,2025-06-25,,Active,158.68,Monthly
SUB009624,CU009624,PL04,2023-12-29,,Active,1298.76,Monthly
SUB009625,CU009625,PL04,2024-06-17,,Active,1294.98,Annual
SUB009626,CU009626,PL03,2025-08-15,,Active,477.78,Monthly
SUB009627,CU009627,PL02,2026-04-22,,Active,173.57,Annual
SUB009628,CU009628,PL04,2025-09-21,,Active,1119.02,Monthly
SUB009629,CU009629,PL02,2023-10-09,,Active,178.94,Monthly
SUB009630,CU009630,PL01,2025-06-17,,Active,60.83,Annual
SUB009631,CU009631,PL01,2024-07-04,,Active,47.37,Annual
SUB009632,CU009632,PL04,2022-11-09,,Active,1484.85,Monthly
SUB009633,CU009633,PL02,2023-12-25,,Active,168.18,Annual
SUB009634,CU009634,PL01,2025-06-28,,Active,48.84,Annual
SUB009635,CU009635,PL01,2025-01-07,2025-12-16,Churned,51.57,Annual
SUB009636,CU009636,PL01,2022-04-10,,Active,55.95,Monthly
SUB009637,CU009637,PL01,2023-01-25,2025-06-21,Churned,53.73,Annual
SUB009638,CU009638,PL03,2025-06-26,,Active,476.57,Monthly
SUB009639,CU009639,PL02,2023-03-11,,Active,153.39,Monthly
SUB009640,CU009640,PL03,2025-05-06,,Active,466.18,Monthly
SUB009641,CU009641,PL02,2025-08-19,,Active,162.26,Annual
SUB009642,CU009642,PL01,2025-08-10,2026-03-05,Churned,48.14,Annual
SUB009643,CU009643,PL02,2025-09-16,,Active,136.3,Monthly
SUB009644,CU009644,PL01,2026-05-05,,Active,48.15,Monthly
SUB009645,CU009645,PL01,2024-11-30,,Active,44.95,Monthly
SUB009646,CU009646,PL01,2022-09-02,,Active,42.01,Monthly
SUB009647,CU009647,PL02,2022-04-20,,Active,145.78,Annual
SUB009648,CU009648,PL02,2024-11-30,,Active,176.36,Monthly
SUB009649,CU009649,PL02,2025-02-21,,Active,163.55,Monthly
SUB009650,CU009650,PL03,2026-01-12,,Active,447.45,Monthly
SUB009651,CU009651,PL02,2026-01-25,,Active,140.88,Monthly
SUB009652,CU009652,PL02,2026-03-06,,Active,133.98,Annual
SUB009653,CU009653,PL03,2025-02-19,,Active,354.44,Monthly
SUB009654,CU009654,PL01,2024-04-10,,Active,60.46,Monthly
SUB009655,CU009655,PL01,2022-04-10,,Active,60.93,Monthly
SUB009656,CU009656,PL02,2022-09-14,,Active,154.58,Monthly
SUB009657,CU009657,PL02,2023-07-07,,Active,151.15,Annual
SUB009658,CU009658,PL02,2023-09-04,2024-07-12,Churned,159.53,Monthly
SUB009659,CU009659,PL02,2024-03-22,,Active,179.84,Monthly
SUB009660,CU009660,PL02,2023-10-10,,Active,145.29,Monthly
SUB009661,CU009661,PL01,2024-03-09,,Active,59.64,Annual
SUB009662,CU009662,PL02,2024-09-04,,Active,158.46,Annual
SUB009663,CU009663,PL02,2025-06-09,,Active,153.03,Monthly
SUB009664,CU009664,PL02,2025-10-19,,Active,164.48,Annual
SUB009665,CU009665,PL01,2026-06-01,,Active,59.82,Annual
SUB009666,CU009666,PL01,2026-04-01,,Active,48.66,Annual
SUB009667,CU009667,PL02,2022-04-11,,Active,132.1,Annual
SUB009668,CU009668,PL01,2025-07-03,,Active,47.08,Annual
SUB009669,CU009669,PL01,2023-06-23,,Active,47.86,Annual
SUB009670,CU009670,PL04,2025-04-12,,Active,1155.35,Monthly
SUB009671,CU009671,PL03,2022-01-05,,Active,488.04,Annual
SUB009672,CU009672,PL02,2024-08-02,,Active,138.72,Monthly
SUB009673,CU009673,PL01,2024-03-19,,Active,54.05,Monthly
SUB009674,CU009674,PL01,2023-12-22,2024-09-19,Churned,47.0,Monthly
SUB009675,CU009675,PL01,2023-11-08,2024-09-05,Churned,57.13,Annual
SUB009676,CU009676,PL02,2022-11-01,,Active,186.07,Monthly
SUB009677,CU009677,PL01,2026-03-06,,Active,44.02,Annual
SUB009678,CU009678,PL02,2025-02-10,,Active,145.56,Monthly
SUB009679,CU009679,PL03,2026-03-13,,Active,366.95,Annual
SUB009680,CU009680,PL01,2024-11-26,,Active,59.15,Annual
SUB009681,CU009681,PL03,2025-12-01,,Active,482.88,Monthly
SUB009682,CU009682,PL01,2024-02-28,2026-06-17,Churned,48.67,Monthly
SUB009683,CU009683,PL01,2024-07-09,,Active,50.74,Annual
SUB009684,CU009684,PL02,2025-02-04,,Active,141.14,Monthly
SUB009685,CU009685,PL02,2022-04-22,2025-09-21,Churned,153.86,Annual
SUB009686,CU009686,PL04,2024-03-06,2025-01-14,Churned,1078.74,Monthly
SUB009687,CU009687,PL03,2025-11-21,,Active,369.7,Monthly
SUB009688,CU009688,PL01,2026-05-28,,Active,56.45,Annual
SUB009689,CU009689,PL01,2022-01-26,,Active,50.96,Monthly
SUB009690,CU009690,PL03,2026-01-26,,Active,433.65,Annual
SUB009691,CU009691,PL04,2022-11-06,,Active,1413.95,Monthly
SUB009692,CU009692,PL02,2023-06-17,,Active,140.85,Monthly
SUB009693,CU009693,PL01,2023-05-19,,Active,46.34,Monthly
SUB009694,CU009694,PL02,2024-09-26,,Active,144.52,Annual
SUB009695,CU009695,PL02,2026-03-16,,Active,145.05,Annual
SUB009696,CU009696,PL01,2022-10-16,2024-08-29,Churned,59.21,Annual
SUB009697,CU009697,PL03,2023-07-10,,Active,423.64,Annual
SUB009698,CU009698,PL02,2024-09-06,,Active,157.38,Monthly
SUB009699,CU009699,PL02,2026-03-07,,Active,127.89,Monthly
SUB009700,CU009700,PL02,2022-03-12,,Active,166.07,Monthly
SUB009701,CU009701,PL02,2025-09-13,,Active,134.2,Monthly
SUB009702,CU009702,PL03,2022-07-13,,Active,388.96,Annual
SUB009703,CU009703,PL02,2026-04-16,,Active,184.54,Monthly
SUB009704,CU009704,PL01,2022-04-08,2024-10-20,Churned,58.07,Monthly
SUB009705,CU009705,PL01,2023-05-05,2025-05-07,Churned,55.59,Annual
SUB009706,CU009706,PL02,2022-10-02,2023-03-05,Churned,178.52,Monthly
SUB009707,CU009707,PL01,2025-06-09,,Active,46.5,Annual
SUB009708,CU009708,PL01,2025-06-25,,Active,45.98,Monthly
SUB009709,CU009709,PL04,2022-02-17,,Active,1396.78,Monthly
SUB009710,CU009710,PL01,2023-09-18,2024-07-25,Churned,59.06,Annual
SUB009711,CU009711,PL02,2022-08-22,,Active,134.94,Monthly
SUB009712,CU009712,PL02,2022-08-15,,Active,163.75,Annual
SUB009713,CU009713,PL02,2026-04-23,,Active,146.91,Annual
SUB009714,CU009714,PL04,2024-04-08,,Active,1444.06,Annual
SUB009715,CU009715,PL01,2026-04-09,,Active,46.6,Annual
SUB009716,CU009716,PL02,2023-11-27,2025-03-04,Churned,171.58,Monthly
SUB009717,CU009717,PL02,2024-07-17,,Active,182.69,Monthly
SUB009718,CU009718,PL01,2025-02-02,,Active,43.44,Monthly
SUB009719,CU009719,PL03,2025-12-20,,Active,389.55,Annual
SUB009720,CU009720,PL02,2022-11-18,,Active,149.27,Monthly
SUB009721,CU009721,PL02,2022-11-17,,Active,160.97,Annual
SUB009722,CU009722,PL02,2024-09-11,,Active,161.25,Monthly
SUB009723,CU009723,PL01,2025-11-05,,Active,53.69,Monthly
SUB009724,CU009724,PL01,2023-03-15,,Active,57.42,Monthly
SUB009725,CU009725,PL01,2025-04-21,,Active,49.87,Monthly
SUB009726,CU009726,PL02,2025-01-01,2026-03-24,Churned,134.47,Monthly
SUB009727,CU009727,PL01,2022-09-08,2024-12-09,Churned,43.88,Monthly
SUB009728,CU009728,PL02,2023-07-18,,Active,176.84,Annual
SUB009729,CU009729,PL01,2024-05-16,2025-04-06,Churned,47.31,Monthly
SUB009730,CU009730,PL02,2022-06-08,,Active,139.92,Monthly
SUB009731,CU009731,PL02,2026-01-22,,Active,146.97,Monthly
SUB009732,CU009732,PL02,2023-04-11,,Active,147.4,Monthly
SUB009733,CU009733,PL01,2023-03-02,,Active,54.15,Monthly
SUB009734,CU009734,PL02,2024-03-31,2024-11-11,Churned,137.27,Annual
SUB009735,CU009735,PL03,2022-12-15,,Active,448.88,Annual
SUB009736,CU009736,PL01,2025-04-23,,Active,43.26,Monthly
SUB009737,CU009737,PL02,2026-06-15,,Active,173.42,Annual
SUB009738,CU009738,PL04,2025-12-20,,Active,1401.82,Monthly
SUB009739,CU009739,PL02,2024-05-02,,Active,177.29,Annual
SUB009740,CU009740,PL01,2026-02-01,2026-06-20,Churned,53.49,Annual
SUB009741,CU009741,PL03,2023-05-06,,Active,395.29,Annual
SUB009742,CU009742,PL01,2024-11-01,2026-02-07,Churned,44.97,Monthly
SUB009743,CU009743,PL04,2025-02-06,,Active,1357.4,Monthly
SUB009744,CU009744,PL04,2024-06-10,,Active,1121.4,Monthly
SUB009745,CU009745,PL03,2022-10-24,,Active,462.26,Monthly
SUB009746,CU009746,PL02,2023-01-11,,Active,135.96,Annual
SUB009747,CU009747,PL03,2026-01-11,2026-05-02,Churned,451.76,Annual
SUB009748,CU009748,PL02,2022-03-12,2025-02-01,Churned,174.57,Annual
SUB009749,CU009749,PL02,2023-01-29,2025-04-13,Churned,156.47,Annual
SUB009750,CU009750,PL01,2024-08-26,,Active,53.39,Annual
SUB009751,CU009751,PL01,2025-09-09,,Active,58.92,Monthly
SUB009752,CU009752,PL01,2025-04-14,,Active,52.24,Monthly
SUB009753,CU009753,PL02,2024-12-04,,Active,154.55,Annual
SUB009754,CU009754,PL03,2023-05-24,2023-11-23,Churned,405.69,Monthly
SUB009755,CU009755,PL01,2025-04-23,,Active,42.25,Monthly
SUB009756,CU009756,PL02,2022-07-31,,Active,171.5,Annual
SUB009757,CU009757,PL01,2024-05-05,,Active,47.56,Monthly
SUB009758,CU009758,PL01,2023-12-11,2026-01-27,Churned,57.91,Monthly
SUB009759,CU009759,PL01,2024-08-30,,Active,55.43,Monthly
SUB009760,CU009760,PL01,2025-01-24,,Active,41.88,Annual
SUB009761,CU009761,PL01,2023-06-27,,Active,44.11,Monthly
SUB009762,CU009762,PL03,2026-05-11,,Active,427.6,Monthly
SUB009763,CU009763,PL03,2023-12-19,2025-03-20,Churned,420.99,Monthly
SUB009764,CU009764,PL02,2026-03-22,,Active,150.28,Monthly
SUB009765,CU009765,PL04,2024-05-31,,Active,1411.33,Annual
SUB009766,CU009766,PL01,2024-08-17,,Active,57.17,Monthly
SUB009767,CU009767,PL03,2023-03-04,,Active,458.65,Annual
SUB009768,CU009768,PL02,2025-07-03,,Active,150.87,Monthly
SUB009769,CU009769,PL01,2022-04-20,2025-06-17,Churned,59.7,Monthly
SUB009770,CU009770,PL02,2022-10-23,,Active,158.13,Monthly
SUB009771,CU009771,PL01,2026-04-15,,Active,54.24,Monthly
SUB009772,CU009772,PL03,2024-02-02,,Active,444.91,Annual
SUB009773,CU009773,PL02,2025-07-01,,Active,175.83,Annual
SUB009774,CU009774,PL02,2025-10-19,,Active,166.48,Annual
SUB009775,CU009775,PL01,2024-08-06,,Active,44.86,Monthly
SUB009776,CU009776,PL03,2023-10-26,2024-02-11,Churned,470.04,Annual
SUB009777,CU009777,PL01,2022-12-25,,Active,56.75,Annual
SUB009778,CU009778,PL02,2023-12-15,,Active,128.63,Monthly
SUB009779,CU009779,PL02,2022-12-30,,Active,146.47,Annual
SUB009780,CU009780,PL04,2025-08-31,,Active,1100.38,Annual
SUB009781,CU009781,PL02,2023-11-15,2025-12-26,Churned,177.91,Annual
SUB009782,CU009782,PL01,2025-08-01,,Active,59.37,Monthly
SUB009783,CU009783,PL01,2022-07-25,,Active,45.19,Annual
SUB009784,CU009784,PL01,2025-12-15,2026-04-17,Churned,60.61,Monthly
SUB009785,CU009785,PL01,2023-05-30,2025-10-19,Churned,57.93,Monthly
SUB009786,CU009786,PL02,2023-02-24,,Active,168.23,Monthly
SUB009787,CU009787,PL01,2022-09-18,,Active,46.31,Monthly
SUB009788,CU009788,PL03,2023-07-15,,Active,478.62,Annual
SUB009789,CU009789,PL01,2024-10-09,,Active,43.19,Monthly
SUB009790,CU009790,PL01,2026-05-27,,Active,60.97,Monthly
SUB009791,CU009791,PL03,2024-07-04,,Active,476.84,Annual
SUB009792,CU009792,PL03,2024-05-16,,Active,483.66,Annual
SUB009793,CU009793,PL01,2025-04-05,2025-10-01,Churned,47.75,Monthly
SUB009794,CU009794,PL04,2024-10-09,,Active,1426.08,Monthly
SUB009795,CU009795,PL02,2023-03-22,2025-12-09,Churned,171.0,Annual
SUB009796,CU009796,PL03,2026-03-02,2026-07-01,Churned,476.56,Monthly
SUB009797,CU009797,PL02,2025-12-27,,Active,142.01,Monthly
SUB009798,CU009798,PL02,2023-11-09,,Active,127.61,Monthly
SUB009799,CU009799,PL04,2024-03-25,,Active,1375.5,Monthly
SUB009800,CU009800,PL01,2022-02-16,,Active,41.75,Annual
SUB009801,CU009801,PL04,2026-01-27,,Active,1257.82,Monthly
SUB009802,CU009802,PL03,2024-10-06,2026-05-17,Churned,430.28,Monthly
SUB009803,CU009803,PL01,2023-09-11,,Active,46.01,Annual
SUB009804,CU009804,PL02,2024-08-12,2025-11-10,Churned,148.76,Monthly
SUB009805,CU009805,PL02,2023-09-27,2024-07-26,Churned,141.15,Annual
SUB009806,CU009806,PL03,2023-07-28,,Active,431.43,Annual
SUB009807,CU009807,PL01,2022-05-31,,Active,57.38,Annual
SUB009808,CU009808,PL01,2023-11-20,,Active,47.57,Annual
SUB009809,CU009809,PL02,2026-05-05,,Active,177.2,Monthly
SUB009810,CU009810,PL01,2023-01-25,,Active,56.5,Annual
SUB009811,CU009811,PL02,2024-10-01,,Active,130.1,Monthly
SUB009812,CU009812,PL03,2022-03-07,,Active,393.87,Monthly
SUB009813,CU009813,PL02,2026-06-27,,Active,144.22,Annual
SUB009814,CU009814,PL01,2022-01-10,,Active,48.56,Monthly
SUB009815,CU009815,PL02,2022-04-30,,Active,153.0,Annual
SUB009816,CU009816,PL04,2025-04-24,,Active,1364.67,Monthly
SUB009817,CU009817,PL03,2025-04-09,,Active,467.08,Monthly
SUB009818,CU009818,PL02,2026-03-21,,Active,182.9,Monthly
SUB009819,CU009819,PL01,2022-10-23,,Active,58.14,Monthly
SUB009820,CU009820,PL01,2025-10-13,,Active,59.77,Monthly
SUB009821,CU009821,PL03,2022-02-14,,Active,478.06,Monthly
SUB009822,CU009822,PL02,2023-05-24,,Active,165.95,Annual
SUB009823,CU009823,PL02,2025-10-17,,Active,134.87,Monthly
SUB009824,CU009824,PL01,2025-02-27,,Active,47.26,Monthly
SUB009825,CU009825,PL01,2022-05-25,,Active,57.91,Monthly
SUB009826,CU009826,PL02,2022-07-16,,Active,134.18,Annual
SUB009827,CU009827,PL01,2022-12-04,2025-05-08,Churned,46.11,Annual
SUB009828,CU009828,PL03,2025-10-06,,Active,426.84,Annual
SUB009829,CU009829,PL01,2025-05-03,,Active,53.1,Annual
SUB009830,CU009830,PL03,2023-10-28,,Active,395.58,Monthly
SUB009831,CU009831,PL02,2024-07-17,,Active,135.67,Annual
SUB009832,CU009832,PL01,2025-12-09,,Active,53.15,Annual
SUB009833,CU009833,PL01,2025-04-10,2026-01-30,Churned,60.4,Annual
SUB009834,CU009834,PL02,2023-10-14,,Active,169.74,Monthly
SUB009835,CU009835,PL02,2024-03-26,,Active,181.84,Monthly
SUB009836,CU009836,PL01,2023-10-08,,Active,52.43,Annual
SUB009837,CU009837,PL04,2026-04-05,,Active,1426.6,Monthly
SUB009838,CU009838,PL02,2022-04-13,,Active,152.0,Monthly
SUB009839,CU009839,PL02,2025-07-05,,Active,172.97,Monthly
SUB009840,CU009840,PL01,2022-10-24,,Active,46.99,Annual
SUB009841,CU009841,PL04,2022-12-12,,Active,1391.29,Monthly
SUB009842,CU009842,PL01,2022-11-26,,Active,57.55,Monthly
SUB009843,CU009843,PL02,2023-01-03,,Active,152.55,Monthly
SUB009844,CU009844,PL01,2026-06-14,,Active,42.11,Monthly
SUB009845,CU009845,PL02,2024-09-26,,Active,153.01,Monthly
SUB009846,CU009846,PL01,2023-08-05,,Active,48.59,Monthly
SUB009847,CU009847,PL01,2026-02-23,,Active,48.19,Monthly
SUB009848,CU009848,PL02,2025-08-30,,Active,169.12,Annual
SUB009849,CU009849,PL01,2023-08-10,,Active,58.58,Monthly
SUB009850,CU009850,PL02,2024-01-02,,Active,148.9,Annual
SUB009851,CU009851,PL02,2025-07-30,,Active,129.51,Annual
SUB009852,CU009852,PL02,2023-12-12,,Active,151.26,Annual
SUB009853,CU009853,PL01,2023-11-08,,Active,43.48,Annual
SUB009854,CU009854,PL01,2022-01-11,,Active,57.8,Annual
SUB009855,CU009855,PL02,2024-04-26,,Active,152.92,Monthly
SUB009856,CU009856,PL03,2025-03-23,,Active,348.29,Monthly
SUB009857,CU009857,PL02,2025-10-18,,Active,176.84,Annual
SUB009858,CU009858,PL03,2025-02-20,,Active,401.14,Monthly
SUB009859,CU009859,PL02,2022-10-15,,Active,143.53,Annual
SUB009860,CU009860,PL01,2024-12-14,,Active,48.31,Monthly
SUB009861,CU009861,PL01,2022-06-17,,Active,57.67,Annual
SUB009862,CU009862,PL03,2022-01-15,,Active,428.8,Annual
SUB009863,CU009863,PL01,2022-06-20,2023-10-30,Churned,48.48,Annual
SUB009864,CU009864,PL01,2026-04-06,,Active,60.33,Monthly
SUB009865,CU009865,PL01,2024-02-03,,Active,52.13,Monthly
SUB009866,CU009866,PL02,2022-10-01,,Active,156.71,Annual
SUB009867,CU009867,PL02,2025-08-10,,Active,133.78,Monthly
SUB009868,CU009868,PL01,2026-02-05,,Active,48.76,Annual
SUB009869,CU009869,PL01,2025-11-15,2026-04-22,Churned,61.05,Monthly
SUB009870,CU009870,PL03,2024-03-13,,Active,458.45,Monthly
SUB009871,CU009871,PL01,2026-03-12,,Active,43.89,Annual
SUB009872,CU009872,PL02,2025-07-26,,Active,175.03,Monthly
SUB009873,CU009873,PL02,2023-04-30,,Active,180.94,Monthly
SUB009874,CU009874,PL02,2024-02-13,,Active,175.71,Annual
SUB009875,CU009875,PL01,2022-09-05,,Active,51.42,Annual
SUB009876,CU009876,PL02,2022-08-19,,Active,180.11,Monthly
SUB009877,CU009877,PL02,2022-05-08,,Active,168.43,Monthly
SUB009878,CU009878,PL03,2024-05-03,,Active,358.1,Monthly
SUB009879,CU009879,PL01,2025-12-02,,Active,50.93,Monthly
SUB009880,CU009880,PL01,2022-02-07,2023-08-13,Churned,53.03,Annual
SUB009881,CU009881,PL02,2025-11-19,,Active,146.33,Annual
SUB009882,CU009882,PL03,2023-09-22,,Active,340.82,Annual
SUB009883,CU009883,PL01,2025-03-22,2025-06-24,Churned,53.34,Monthly
SUB009884,CU009884,PL02,2024-12-30,2025-11-12,Churned,170.45,Monthly
SUB009885,CU009885,PL02,2023-07-15,2025-03-05,Churned,147.07,Annual
SUB009886,CU009886,PL01,2022-09-17,,Active,50.76,Annual
SUB009887,CU009887,PL02,2023-12-31,2026-01-24,Churned,147.63,Annual
SUB009888,CU009888,PL03,2022-07-09,,Active,495.92,Monthly
SUB009889,CU009889,PL04,2022-08-20,,Active,1346.27,Monthly
SUB009890,CU009890,PL04,2024-12-11,,Active,1446.1,Annual
SUB009891,CU009891,PL02,2025-03-22,,Active,131.39,Monthly
SUB009892,CU009892,PL03,2022-02-10,,Active,448.4,Annual
SUB009893,CU009893,PL01,2026-03-17,,Active,60.79,Annual
SUB009894,CU009894,PL02,2022-02-27,2024-10-06,Churned,171.46,Monthly
SUB009895,CU009895,PL01,2022-10-13,2023-07-04,Churned,55.44,Monthly
SUB009896,CU009896,PL03,2022-08-10,,Active,434.26,Monthly
SUB009897,CU009897,PL01,2025-11-14,,Active,60.13,Annual
SUB009898,CU009898,PL01,2025-10-14,,Active,50.31,Monthly
SUB009899,CU009899,PL03,2022-01-16,,Active,432.76,Monthly
SUB009900,CU009900,PL03,2024-10-31,,Active,395.16,Monthly
SUB009901,CU009901,PL02,2026-04-15,,Active,137.81,Monthly
SUB009902,CU009902,PL01,2023-03-13,,Active,58.35,Monthly
SUB009903,CU009903,PL02,2022-06-02,,Active,134.38,Monthly
SUB009904,CU009904,PL01,2024-11-29,2026-04-13,Churned,57.1,Monthly
SUB009905,CU009905,PL02,2026-04-25,,Active,137.51,Annual
SUB009906,CU009906,PL03,2022-12-27,,Active,403.51,Annual
SUB009907,CU009907,PL02,2023-09-04,,Active,171.97,Monthly
SUB009908,CU009908,PL03,2023-12-22,,Active,391.81,Annual
SUB009909,CU009909,PL04,2022-04-01,,Active,1399.68,Monthly
SUB009910,CU009910,PL04,2024-08-09,,Active,1151.21,Monthly
SUB009911,CU009911,PL01,2023-06-21,2026-04-24,Churned,42.55,Monthly
SUB009912,CU009912,PL02,2023-11-05,,Active,171.54,Monthly
SUB009913,CU009913,PL04,2022-02-12,,Active,1234.69,Annual
SUB009914,CU009914,PL01,2025-04-01,,Active,52.87,Annual
SUB009915,CU009915,PL01,2023-07-03,,Active,57.33,Monthly
SUB009916,CU009916,PL01,2025-06-25,2025-11-30,Churned,48.0,Annual
SUB009917,CU009917,PL02,2022-05-04,,Active,143.27,Annual
SUB009918,CU009918,PL03,2022-04-02,,Active,410.09,Monthly
SUB009919,CU009919,PL02,2022-02-01,,Active,127.21,Annual
SUB009920,CU009920,PL02,2025-11-12,,Active,172.16,Annual
SUB009921,CU009921,PL02,2026-03-08,,Active,160.63,Monthly
SUB009922,CU009922,PL02,2022-12-05,,Active,150.13,Monthly
SUB009923,CU009923,PL02,2024-05-22,,Active,148.95,Annual
SUB009924,CU009924,PL01,2022-09-24,,Active,43.38,Monthly
SUB009925,CU009925,PL01,2023-04-05,,Active,57.71,Annual
SUB009926,CU009926,PL03,2022-11-19,,Active,347.19,Monthly
SUB009927,CU009927,PL01,2022-07-19,,Active,52.72,Monthly
SUB009928,CU009928,PL02,2025-07-18,,Active,181.85,Monthly
SUB009929,CU009929,PL01,2024-05-24,2026-05-09,Churned,49.31,Monthly
SUB009930,CU009930,PL01,2025-10-17,2026-08-24,Churned,52.45,Monthly
SUB009931,CU009931,PL04,2025-04-18,,Active,1397.99,Monthly
SUB009932,CU009932,PL03,2023-12-10,,Active,495.87,Monthly
SUB009933,CU009933,PL02,2024-09-15,,Active,172.08,Annual
SUB009934,CU009934,PL04,2022-06-03,,Active,1219.27,Monthly
SUB009935,CU009935,PL01,2022-06-08,,Active,58.86,Monthly
SUB009936,CU009936,PL03,2023-04-15,,Active,345.96,Monthly
SUB009937,CU009937,PL01,2022-08-26,,Active,57.04,Monthly
SUB009938,CU009938,PL02,2023-02-27,,Active,142.42,Annual
SUB009939,CU009939,PL01,2025-04-19,,Active,56.69,Monthly
SUB009940,CU009940,PL01,2024-11-10,2025-09-01,Churned,59.03,Annual
SUB009941,CU009941,PL01,2022-03-03,,Active,44.61,Annual
SUB009942,CU009942,PL02,2024-01-27,,Active,129.09,Monthly
SUB009943,CU009943,PL01,2024-01-27,,Active,46.9,Annual
SUB009944,CU009944,PL01,2024-05-26,,Active,52.85,Monthly
SUB009945,CU009945,PL04,2022-12-30,,Active,1281.37,Monthly
SUB009946,CU009946,PL01,2024-02-03,,Active,58.48,Monthly
SUB009947,CU009947,PL03,2026-01-20,,Active,497.6,Monthly
SUB009948,CU009948,PL02,2023-11-25,,Active,126.73,Annual
SUB009949,CU009949,PL01,2025-06-11,,Active,56.31,Monthly
SUB009950,CU009950,PL01,2025-05-27,,Active,43.47,Annual
SUB009951,CU009951,PL02,2022-12-18,,Active,164.06,Annual
SUB009952,CU009952,PL01,2026-05-30,,Active,58.8,Annual
SUB009953,CU009953,PL01,2024-09-06,2025-06-13,Churned,53.54,Monthly
SUB009954,CU009954,PL02,2026-01-09,,Active,134.12,Monthly
SUB009955,CU009955,PL01,2023-10-19,,Active,56.9,Monthly
SUB009956,CU009956,PL02,2023-10-01,,Active,141.23,Annual
SUB009957,CU009957,PL03,2022-11-29,,Active,380.11,Annual
SUB009958,CU009958,PL01,2024-08-28,,Active,58.45,Monthly
SUB009959,CU009959,PL02,2024-07-28,,Active,180.64,Monthly
SUB009960,CU009960,PL01,2026-02-24,2026-07-21,Churned,60.19,Annual
SUB009961,CU009961,PL02,2022-04-25,,Active,147.37,Annual
SUB009962,CU009962,PL01,2023-01-11,,Active,48.41,Monthly
SUB009963,CU009963,PL03,2024-06-24,,Active,486.01,Annual
SUB009964,CU009964,PL02,2022-06-30,,Active,171.7,Annual
SUB009965,CU009965,PL03,2024-11-24,,Active,384.61,Annual
SUB009966,CU009966,PL02,2022-05-09,,Active,172.28,Annual
SUB009967,CU009967,PL03,2024-11-25,,Active,475.09,Monthly
SUB009968,CU009968,PL04,2023-08-02,,Active,1286.23,Monthly
SUB009969,CU009969,PL01,2024-02-29,2025-10-26,Churned,53.82,Monthly
SUB009970,CU009970,PL03,2023-04-20,2023-08-30,Churned,441.97,Monthly
SUB009971,CU009971,PL01,2022-03-04,,Active,52.44,Monthly
SUB009972,CU009972,PL03,2025-06-17,,Active,360.33,Annual
SUB009973,CU009973,PL04,2025-05-29,,Active,1460.47,Monthly
SUB009974,CU009974,PL01,2022-02-21,,Active,56.33,Annual
SUB009975,CU009975,PL01,2022-11-12,2023-10-03,Churned,50.62,Annual
SUB009976,CU009976,PL03,2023-07-29,,Active,437.8,Monthly
SUB009977,CU009977,PL01,2025-03-23,,Active,48.22,Monthly
SUB009978,CU009978,PL02,2023-08-22,,Active,139.91,Annual
SUB009979,CU009979,PL01,2022-11-28,,Active,60.88,Monthly
SUB009980,CU009980,PL04,2025-06-07,,Active,1496.77,Monthly
SUB009981,CU009981,PL02,2024-06-17,,Active,155.12,Annual
SUB009982,CU009982,PL04,2023-10-13,,Active,1256.29,Annual
SUB009983,CU009983,PL04,2023-01-20,,Active,1259.19,Annual
SUB009984,CU009984,PL04,2023-03-05,,Active,1390.11,Annual
SUB009985,CU009985,PL01,2023-06-15,,Active,48.69,Annual
SUB009986,CU009986,PL01,2025-02-12,2026-02-21,Churned,45.29,Annual
SUB009987,CU009987,PL01,2024-10-23,,Active,50.6,Monthly
SUB009988,CU009988,PL03,2026-05-23,,Active,461.35,Annual
SUB009989,CU009989,PL01,2024-12-28,,Active,46.79,Monthly
SUB009990,CU009990,PL02,2026-06-28,,Active,137.51,Monthly
SUB009991,CU009991,PL01,2025-08-04,,Active,46.98,Annual
SUB009992,CU009992,PL02,2026-02-27,,Active,139.35,Monthly
SUB009993,CU009993,PL04,2026-05-12,,Active,1495.05,Annual
SUB009994,CU009994,PL03,2023-11-21,,Active,481.83,Monthly
SUB009995,CU009995,PL02,2022-08-02,,Active,146.04,Monthly
SUB009996,CU009996,PL01,2023-07-09,,Active,56.14,Annual
SUB009997,CU009997,PL03,2025-07-21,,Active,425.71,Monthly
SUB009998,CU009998,PL01,2025-11-21,2026-06-19,Churned,56.27,Annual
SUB009999,CU009999,PL01,2022-01-31,,Active,41.7,Annual
SUB010000,CU010000,PL02,2023-05-29,,Active,160.26,Annual
SUB010001,CU010001,PL02,2022-08-13,,Active,167.24,Annual
SUB010002,CU010002,PL02,2023-01-20,,Active,145.53,Annual
SUB010003,CU010003,PL02,2022-10-09,,Active,144.89,Annual
SUB010004,CU010004,PL04,2024-11-29,,Active,1440.86,Annual
SUB010005,CU010005,PL02,2025-07-28,,Active,159.18,Monthly
SUB010006,CU010006,PL02,2026-02-24,2026-08-16,Churned,171.12,Annual
SUB010007,CU010007,PL02,2026-01-06,,Active,135.78,Annual
SUB010008,CU010008,PL02,2022-01-22,,Active,153.96,Annual
SUB010009,CU010009,PL01,2023-10-30,,Active,50.71,Monthly
SUB010010,CU010010,PL01,2023-03-04,,Active,59.62,Annual
SUB010011,CU010011,PL02,2026-04-17,,Active,166.05,Annual
SUB010012,CU010012,PL01,2022-01-27,,Active,58.9,Monthly
SUB010013,CU010013,PL03,2025-02-11,,Active,405.74,Annual
SUB010014,CU010014,PL02,2025-07-01,,Active,171.85,Annual
SUB010015,CU010015,PL01,2025-06-26,,Active,49.69,Annual
SUB010016,CU010016,PL03,2022-09-29,,Active,430.87,Annual
SUB010017,CU010017,PL02,2023-03-31,2025-12-05,Churned,127.31,Annual
SUB010018,CU010018,PL02,2023-06-15,,Active,128.42,Annual
SUB010019,CU010019,PL02,2025-11-24,,Active,152.59,Annual
SUB010020,CU010020,PL02,2024-02-21,,Active,175.2,Annual
SUB010021,CU010021,PL04,2025-02-24,,Active,1386.01,Monthly
SUB010022,CU010022,PL01,2025-03-27,,Active,42.84,Annual
SUB010023,CU010023,PL02,2023-05-15,,Active,142.04,Annual
SUB010024,CU010024,PL01,2023-03-31,,Active,45.87,Monthly
SUB010025,CU010025,PL01,2022-11-27,,Active,52.95,Annual
SUB010026,CU010026,PL04,2022-07-23,,Active,1329.76,Annual
SUB010027,CU010027,PL01,2024-05-23,2026-03-13,Churned,47.53,Annual
SUB010028,CU010028,PL01,2022-05-24,,Active,53.36,Annual
SUB010029,CU010029,PL01,2026-06-11,,Active,48.52,Monthly
SUB010030,CU010030,PL02,2023-02-12,,Active,137.9,Monthly
SUB010031,CU010031,PL03,2024-05-15,,Active,444.23,Annual
SUB010032,CU010032,PL01,2023-10-19,,Active,52.45,Monthly
SUB010033,CU010033,PL01,2025-05-23,,Active,49.33,Monthly
SUB010034,CU010034,PL01,2025-11-11,,Active,58.65,Monthly
SUB010035,CU010035,PL01,2024-06-06,,Active,51.46,Monthly
SUB010036,CU010036,PL03,2025-03-14,,Active,443.61,Annual
SUB010037,CU010037,PL01,2022-05-19,,Active,55.32,Annual
SUB010038,CU010038,PL02,2024-07-16,2025-12-19,Churned,129.42,Annual
SUB010039,CU010039,PL01,2024-08-21,,Active,50.54,Annual
SUB010040,CU010040,PL03,2023-07-15,,Active,418.49,Monthly
SUB010041,CU010041,PL01,2024-06-22,,Active,43.83,Annual
SUB010042,CU010042,PL02,2025-02-13,,Active,180.59,Annual
SUB010043,CU010043,PL04,2023-07-17,,Active,1153.31,Annual
SUB010044,CU010044,PL02,2025-07-21,,Active,167.61,Annual
SUB010045,CU010045,PL02,2025-11-26,,Active,183.16,Annual
SUB010046,CU010046,PL04,2023-07-17,,Active,1280.78,Monthly
SUB010047,CU010047,PL01,2024-01-30,,Active,53.05,Annual
SUB010048,CU010048,PL01,2023-09-06,,Active,50.5,Annual
SUB010049,CU010049,PL03,2022-05-01,2026-01-14,Churned,404.29,Monthly
SUB010050,CU010050,PL03,2024-05-03,,Active,430.32,Annual
SUB010051,CU010051,PL01,2023-05-15,2024-04-20,Churned,52.54,Monthly
SUB010052,CU010052,PL02,2026-06-08,,Active,154.72,Monthly
SUB010053,CU010053,PL01,2025-01-12,2025-11-13,Churned,51.81,Monthly
SUB010054,CU010054,PL01,2023-01-29,,Active,41.65,Annual
SUB010055,CU010055,PL01,2022-08-18,2025-11-15,Churned,54.43,Annual
SUB010056,CU010056,PL01,2025-06-10,2026-03-25,Churned,52.86,Monthly
SUB010057,CU010057,PL02,2022-01-05,,Active,147.71,Monthly
SUB010058,CU010058,PL04,2023-08-01,,Active,1099.51,Annual
SUB010059,CU010059,PL02,2023-05-09,,Active,142.55,Annual
SUB010060,CU010060,PL01,2025-04-24,,Active,54.99,Annual
SUB010061,CU010061,PL03,2024-05-04,,Active,456.3,Monthly
SUB010062,CU010062,PL02,2023-01-12,,Active,152.51,Monthly
SUB010063,CU010063,PL01,2023-02-28,,Active,54.49,Annual
SUB010064,CU010064,PL01,2025-12-19,2026-07-14,Churned,44.42,Annual
SUB010065,CU010065,PL02,2022-11-15,,Active,160.46,Annual
SUB010066,CU010066,PL01,2025-05-04,2025-12-09,Churned,48.27,Monthly
SUB010067,CU010067,PL01,2022-08-05,,Active,42.03,Annual
SUB010068,CU010068,PL01,2025-04-14,,Active,56.03,Annual
SUB010069,CU010069,PL03,2023-08-17,,Active,456.49,Annual
SUB010070,CU010070,PL02,2025-06-03,2025-10-11,Churned,151.71,Monthly
SUB010071,CU010071,PL02,2024-10-18,2026-04-12,Churned,138.86,Monthly
SUB010072,CU010072,PL01,2022-03-02,2024-02-05,Churned,50.32,Annual
SUB010073,CU010073,PL03,2023-11-01,,Active,388.4,Monthly
SUB010074,CU010074,PL02,2022-09-09,2026-04-28,Churned,172.03,Monthly
SUB010075,CU010075,PL01,2022-09-16,,Active,51.83,Monthly
SUB010076,CU010076,PL02,2022-10-29,,Active,147.56,Annual
SUB010077,CU010077,PL01,2026-05-17,,Active,55.34,Annual
SUB010078,CU010078,PL03,2022-08-22,,Active,483.21,Monthly
SUB010079,CU010079,PL02,2023-04-11,,Active,156.11,Annual
SUB010080,CU010080,PL01,2024-10-01,,Active,47.53,Monthly
SUB010081,CU010081,PL03,2024-12-24,2026-06-25,Churned,472.04,Monthly
SUB010082,CU010082,PL01,2023-10-03,,Active,46.33,Annual
SUB010083,CU010083,PL01,2025-10-08,,Active,60.34,Annual
SUB010084,CU010084,PL01,2026-04-29,,Active,42.22,Annual
SUB010085,CU010085,PL03,2023-02-03,,Active,469.42,Monthly
SUB010086,CU010086,PL02,2024-06-22,,Active,150.4,Annual
SUB010087,CU010087,PL04,2023-01-03,2024-03-18,Churned,1402.63,Annual
SUB010088,CU010088,PL02,2025-06-05,2026-06-18,Churned,133.72,Annual
SUB010089,CU010089,PL02,2025-05-23,,Active,129.36,Monthly
SUB010090,CU010090,PL04,2022-02-19,,Active,1114.72,Annual
SUB010091,CU010091,PL01,2022-05-11,,Active,50.57,Monthly
SUB010092,CU010092,PL04,2022-05-07,,Active,1356.86,Annual
SUB010093,CU010093,PL03,2023-12-25,,Active,427.52,Annual
SUB010094,CU010094,PL01,2023-09-08,,Active,58.54,Monthly
SUB010095,CU010095,PL03,2022-10-07,,Active,469.24,Monthly
SUB010096,CU010096,PL02,2025-12-13,,Active,175.4,Monthly
SUB010097,CU010097,PL02,2025-01-08,,Active,158.6,Annual
SUB010098,CU010098,PL02,2026-02-07,,Active,165.21,Monthly
SUB010099,CU010099,PL03,2024-12-25,,Active,449.73,Monthly
SUB010100,CU010100,PL03,2025-02-07,2025-05-12,Churned,494.72,Annual
SUB010101,CU010101,PL01,2026-04-27,,Active,59.78,Annual
SUB010102,CU010102,PL01,2023-12-11,,Active,53.15,Annual
SUB010103,CU010103,PL03,2024-02-27,2025-10-15,Churned,473.19,Monthly
SUB010104,CU010104,PL02,2022-12-20,,Active,146.78,Monthly
SUB010105,CU010105,PL01,2025-12-30,2026-03-31,Churned,58.17,Annual
SUB010106,CU010106,PL01,2022-02-10,,Active,61.09,Monthly
SUB010107,CU010107,PL02,2023-02-02,,Active,183.68,Monthly
SUB010108,CU010108,PL02,2024-02-08,,Active,171.52,Monthly
SUB010109,CU010109,PL04,2023-09-24,2024-07-23,Churned,1298.2,Monthly
SUB010110,CU010110,PL01,2026-04-17,,Active,57.55,Monthly
SUB010111,CU010111,PL01,2025-02-08,,Active,43.19,Monthly
SUB010112,CU010112,PL01,2023-05-01,,Active,44.23,Monthly
SUB010113,CU010113,PL02,2024-04-09,,Active,132.34,Monthly
SUB010114,CU010114,PL01,2026-01-09,,Active,47.65,Annual
SUB010115,CU010115,PL02,2025-05-08,,Active,156.8,Annual
SUB010116,CU010116,PL01,2025-11-09,2026-05-06,Churned,57.02,Annual
SUB010117,CU010117,PL03,2025-08-30,,Active,373.79,Annual
SUB010118,CU010118,PL02,2024-12-16,2025-10-11,Churned,136.1,Monthly
SUB010119,CU010119,PL01,2023-12-05,,Active,45.13,Monthly
SUB010120,CU010120,PL04,2023-12-23,,Active,1292.13,Annual
SUB010121,CU010121,PL01,2023-07-05,,Active,50.83,Annual
SUB010122,CU010122,PL02,2023-03-23,,Active,138.26,Monthly
SUB010123,CU010123,PL02,2024-07-17,,Active,160.81,Annual
SUB010124,CU010124,PL02,2022-08-15,,Active,139.19,Annual
SUB010125,CU010125,PL02,2025-04-02,,Active,177.41,Monthly
SUB010126,CU010126,PL01,2025-10-26,,Active,51.09,Monthly
SUB010127,CU010127,PL02,2024-01-15,,Active,133.76,Annual
SUB010128,CU010128,PL01,2025-08-21,,Active,55.53,Annual
SUB010129,CU010129,PL02,2024-12-12,,Active,169.79,Annual
SUB010130,CU010130,PL01,2023-08-24,,Active,45.16,Annual
SUB010131,CU010131,PL03,2025-07-08,,Active,437.33,Monthly
SUB010132,CU010132,PL01,2025-02-16,2026-07-16,Churned,54.13,Annual
SUB010133,CU010133,PL02,2025-03-15,,Active,144.18,Annual
SUB010134,CU010134,PL01,2024-06-21,,Active,45.95,Monthly
SUB010135,CU010135,PL01,2022-10-02,,Active,56.52,Annual
SUB010136,CU010136,PL01,2024-03-10,,Active,44.69,Annual
SUB010137,CU010137,PL01,2022-12-21,,Active,60.45,Monthly
SUB010138,CU010138,PL01,2025-02-24,,Active,47.72,Monthly
SUB010139,CU010139,PL02,2022-05-01,,Active,173.08,Monthly
SUB010140,CU010140,PL01,2025-12-15,,Active,50.38,Monthly
SUB010141,CU010141,PL03,2022-01-28,2022-05-17,Churned,453.25,Monthly
SUB010142,CU010142,PL01,2022-10-02,2025-10-16,Churned,44.41,Annual
SUB010143,CU010143,PL03,2023-01-14,,Active,377.23,Monthly
SUB010144,CU010144,PL03,2022-04-22,,Active,381.25,Monthly
SUB010145,CU010145,PL01,2025-09-15,,Active,48.39,Monthly
SUB010146,CU010146,PL02,2024-12-06,2025-09-09,Churned,175.65,Annual
SUB010147,CU010147,PL01,2026-05-18,,Active,48.76,Monthly
SUB010148,CU010148,PL01,2023-11-02,2025-07-14,Churned,51.16,Annual
SUB010149,CU010149,PL01,2022-05-09,2025-03-20,Churned,59.11,Monthly
SUB010150,CU010150,PL02,2025-03-06,,Active,177.34,Monthly
SUB010151,CU010151,PL01,2023-11-29,2025-10-23,Churned,43.55,Monthly
SUB010152,CU010152,PL03,2026-03-12,,Active,403.22,Monthly
SUB010153,CU010153,PL04,2024-08-04,,Active,1147.52,Annual
SUB010154,CU010154,PL02,2023-10-03,,Active,128.1,Monthly
SUB010155,CU010155,PL02,2025-01-21,2025-12-14,Churned,131.79,Annual
SUB010156,CU010156,PL03,2023-12-19,,Active,495.63,Monthly
SUB010157,CU010157,PL01,2025-05-15,,Active,41.88,Annual
SUB010158,CU010158,PL02,2025-09-18,,Active,127.62,Annual
SUB010159,CU010159,PL01,2025-07-20,,Active,55.94,Annual
SUB010160,CU010160,PL02,2024-11-19,,Active,162.61,Monthly
SUB010161,CU010161,PL01,2026-02-23,,Active,55.7,Annual
SUB010162,CU010162,PL02,2026-04-26,,Active,176.74,Annual
SUB010163,CU010163,PL02,2022-08-28,,Active,156.6,Monthly
SUB010164,CU010164,PL03,2023-12-06,2024-05-28,Churned,408.18,Monthly
SUB010165,CU010165,PL02,2024-10-15,2025-10-09,Churned,169.85,Annual
SUB010166,CU010166,PL02,2023-11-08,,Active,160.91,Annual
SUB010167,CU010167,PL03,2024-10-10,,Active,455.12,Annual
SUB010168,CU010168,PL03,2023-11-09,2025-09-08,Churned,474.73,Monthly
SUB010169,CU010169,PL02,2025-07-29,,Active,167.44,Monthly
SUB010170,CU010170,PL02,2023-08-31,,Active,168.55,Monthly
SUB010171,CU010171,PL03,2023-08-26,,Active,474.08,Monthly
SUB010172,CU010172,PL02,2024-12-22,,Active,133.16,Monthly
SUB010173,CU010173,PL03,2025-08-04,,Active,382.24,Monthly
SUB010174,CU010174,PL02,2023-07-27,,Active,144.33,Monthly
SUB010175,CU010175,PL02,2023-09-07,,Active,139.17,Annual
SUB010176,CU010176,PL01,2022-11-23,,Active,41.72,Monthly
SUB010177,CU010177,PL01,2023-04-11,,Active,55.24,Monthly
SUB010178,CU010178,PL02,2022-11-20,,Active,141.73,Annual
SUB010179,CU010179,PL02,2022-02-17,,Active,144.49,Annual
SUB010180,CU010180,PL02,2025-03-30,,Active,150.38,Monthly
SUB010181,CU010181,PL02,2024-11-30,,Active,139.32,Monthly
SUB010182,CU010182,PL02,2023-06-10,,Active,174.95,Annual
SUB010183,CU010183,PL01,2025-01-01,2026-05-31,Churned,45.84,Monthly
SUB010184,CU010184,PL02,2023-05-21,,Active,148.71,Monthly
SUB010185,CU010185,PL03,2023-12-27,,Active,348.36,Annual
SUB010186,CU010186,PL02,2025-06-24,,Active,180.82,Monthly
SUB010187,CU010187,PL04,2023-03-31,,Active,1133.44,Annual
SUB010188,CU010188,PL01,2023-09-30,,Active,42.02,Monthly
SUB010189,CU010189,PL02,2024-10-29,,Active,132.52,Annual
SUB010190,CU010190,PL01,2023-03-19,2023-08-13,Churned,58.95,Monthly
SUB010191,CU010191,PL03,2025-03-21,,Active,455.1,Annual
SUB010192,CU010192,PL01,2025-11-17,2026-04-21,Churned,46.98,Monthly
SUB010193,CU010193,PL01,2025-02-20,,Active,56.59,Annual
SUB010194,CU010194,PL02,2022-01-08,,Active,174.83,Monthly
SUB010195,CU010195,PL01,2022-09-16,2024-08-24,Churned,44.83,Annual
SUB010196,CU010196,PL03,2024-05-20,,Active,358.57,Annual
SUB010197,CU010197,PL02,2026-03-29,,Active,182.7,Annual
SUB010198,CU010198,PL02,2022-12-25,,Active,168.59,Monthly
SUB010199,CU010199,PL04,2023-05-11,,Active,1460.67,Annual
SUB010200,CU010200,PL03,2023-02-10,,Active,488.74,Annual
SUB010201,CU010201,PL01,2023-07-25,,Active,50.69,Annual
SUB010202,CU010202,PL02,2023-07-03,,Active,178.89,Annual
SUB010203,CU010203,PL02,2024-03-27,,Active,131.36,Monthly
SUB010204,CU010204,PL02,2023-10-26,,Active,161.6,Annual
SUB010205,CU010205,PL01,2023-10-01,2025-12-02,Churned,50.15,Monthly
SUB010206,CU010206,PL03,2022-06-06,,Active,351.22,Annual
SUB010207,CU010207,PL02,2026-06-19,,Active,184.32,Annual
SUB010208,CU010208,PL03,2025-02-19,,Active,456.35,Annual
SUB010209,CU010209,PL03,2023-04-14,,Active,390.23,Annual
SUB010210,CU010210,PL02,2024-10-10,,Active,153.85,Annual
SUB010211,CU010211,PL01,2024-02-10,,Active,59.23,Monthly
SUB010212,CU010212,PL03,2023-08-23,,Active,357.62,Annual
SUB010213,CU010213,PL01,2022-08-19,2026-07-23,Churned,45.03,Monthly
SUB010214,CU010214,PL02,2024-12-09,,Active,132.73,Annual
SUB010215,CU010215,PL01,2025-01-08,2025-11-03,Churned,42.52,Monthly
SUB010216,CU010216,PL01,2022-03-11,,Active,49.7,Monthly
SUB010217,CU010217,PL04,2024-12-01,,Active,1073.49,Monthly
SUB010218,CU010218,PL04,2025-02-11,,Active,1066.15,Annual
SUB010219,CU010219,PL01,2022-03-12,2026-03-10,Churned,45.59,Monthly
SUB010220,CU010220,PL01,2024-04-13,,Active,46.7,Monthly
SUB010221,CU010221,PL01,2024-03-07,2024-11-15,Churned,56.71,Annual
SUB010222,CU010222,PL01,2023-05-14,,Active,49.78,Monthly
SUB010223,CU010223,PL02,2026-01-27,,Active,158.42,Annual
SUB010224,CU010224,PL04,2022-10-22,,Active,1151.71,Annual
SUB010225,CU010225,PL02,2022-02-13,,Active,134.38,Annual
SUB010226,CU010226,PL02,2024-03-25,,Active,183.31,Annual
SUB010227,CU010227,PL01,2026-02-17,,Active,52.07,Monthly
SUB010228,CU010228,PL03,2024-11-06,,Active,361.59,Monthly
SUB010229,CU010229,PL01,2026-03-27,,Active,52.53,Annual
SUB010230,CU010230,PL02,2025-11-24,,Active,180.88,Monthly
SUB010231,CU010231,PL04,2022-06-23,,Active,1357.41,Monthly
SUB010232,CU010232,PL02,2025-09-08,,Active,177.28,Annual
SUB010233,CU010233,PL04,2023-11-12,,Active,1473.2,Annual
SUB010234,CU010234,PL02,2022-11-27,,Active,144.93,Monthly
SUB010235,CU010235,PL01,2024-09-12,,Active,46.94,Monthly
SUB010236,CU010236,PL02,2026-03-15,,Active,180.87,Annual
SUB010237,CU010237,PL03,2022-09-06,,Active,415.75,Annual
SUB010238,CU010238,PL01,2023-11-22,2025-03-16,Churned,48.69,Annual
SUB010239,CU010239,PL02,2023-03-30,,Active,152.5,Annual
SUB010240,CU010240,PL03,2023-02-07,2025-07-07,Churned,452.18,Annual
SUB010241,CU010241,PL02,2023-03-14,,Active,163.06,Annual
SUB010242,CU010242,PL01,2026-04-08,,Active,55.59,Monthly
SUB010243,CU010243,PL01,2024-06-24,2025-05-04,Churned,44.28,Monthly
SUB010244,CU010244,PL01,2024-09-03,,Active,44.23,Annual
SUB010245,CU010245,PL02,2024-11-01,,Active,186.1,Monthly
SUB010246,CU010246,PL01,2024-07-11,,Active,47.97,Monthly
SUB010247,CU010247,PL01,2025-01-07,,Active,44.44,Annual
SUB010248,CU010248,PL01,2023-04-28,,Active,43.92,Annual
SUB010249,CU010249,PL01,2025-01-03,2025-06-15,Churned,42.02,Monthly
SUB010250,CU010250,PL01,2025-09-25,,Active,50.5,Monthly
SUB010251,CU010251,PL01,2024-02-23,,Active,49.46,Monthly
SUB010252,CU010252,PL03,2024-05-20,2025-06-06,Churned,433.0,Annual
SUB010253,CU010253,PL01,2024-03-05,,Active,45.74,Monthly
SUB010254,CU010254,PL02,2023-03-01,,Active,169.38,Monthly
SUB010255,CU010255,PL01,2025-07-25,2026-02-25,Churned,53.43,Monthly
SUB010256,CU010256,PL01,2022-03-08,,Active,44.59,Monthly
SUB010257,CU010257,PL01,2025-06-09,,Active,53.24,Annual
SUB010258,CU010258,PL02,2026-04-24,,Active,132.58,Annual
SUB010259,CU010259,PL01,2024-05-20,,Active,59.96,Annual
SUB010260,CU010260,PL01,2022-04-27,,Active,56.18,Annual
SUB010261,CU010261,PL01,2023-04-06,2023-09-28,Churned,49.28,Monthly
SUB010262,CU010262,PL01,2025-05-27,,Active,57.89,Annual
SUB010263,CU010263,PL03,2024-05-15,,Active,412.21,Annual
SUB010264,CU010264,PL02,2022-08-23,,Active,179.23,Annual
SUB010265,CU010265,PL01,2023-03-18,,Active,58.54,Monthly
SUB010266,CU010266,PL02,2022-03-13,,Active,139.51,Annual
SUB010267,CU010267,PL02,2025-02-22,,Active,166.25,Monthly
SUB010268,CU010268,PL02,2023-01-10,,Active,175.24,Annual
SUB010269,CU010269,PL01,2025-01-09,2025-12-05,Churned,42.11,Monthly
SUB010270,CU010270,PL02,2025-10-20,,Active,139.37,Monthly
SUB010271,CU010271,PL01,2026-02-11,2026-08-18,Churned,60.66,Monthly
SUB010272,CU010272,PL01,2025-11-07,2026-02-24,Churned,60.14,Monthly
SUB010273,CU010273,PL01,2022-12-17,,Active,44.45,Annual
SUB010274,CU010274,PL01,2024-06-07,,Active,59.01,Annual
SUB010275,CU010275,PL03,2023-09-16,,Active,458.46,Monthly
SUB010276,CU010276,PL02,2024-10-14,,Active,139.09,Annual
SUB010277,CU010277,PL01,2025-07-19,2026-01-02,Churned,43.4,Monthly
SUB010278,CU010278,PL04,2024-04-01,,Active,1317.86,Monthly
SUB010279,CU010279,PL04,2023-02-24,,Active,1241.96,Monthly
SUB010280,CU010280,PL01,2025-04-20,,Active,52.38,Annual
SUB010281,CU010281,PL03,2024-02-12,2025-12-19,Churned,382.16,Annual
SUB010282,CU010282,PL03,2026-05-25,,Active,399.92,Annual
SUB010283,CU010283,PL01,2023-02-25,,Active,52.46,Annual
SUB010284,CU010284,PL01,2023-10-16,,Active,57.98,Monthly
SUB010285,CU010285,PL01,2022-03-20,,Active,49.43,Annual
SUB010286,CU010286,PL03,2024-05-25,,Active,416.57,Annual
SUB010287,CU010287,PL01,2023-02-24,2023-06-07,Churned,42.61,Monthly
SUB010288,CU010288,PL03,2025-08-01,,Active,365.16,Monthly
SUB010289,CU010289,PL01,2023-08-14,2025-10-24,Churned,52.5,Annual
SUB010290,CU010290,PL02,2026-03-01,,Active,177.61,Monthly
SUB010291,CU010291,PL03,2023-04-20,,Active,374.57,Annual
SUB010292,CU010292,PL02,2025-11-08,2026-07-04,Churned,161.82,Monthly
SUB010293,CU010293,PL01,2023-09-01,,Active,60.08,Annual
SUB010294,CU010294,PL01,2022-05-06,,Active,44.88,Annual
SUB010295,CU010295,PL04,2024-08-26,,Active,1043.41,Annual
SUB010296,CU010296,PL03,2025-06-05,,Active,460.71,Annual
SUB010297,CU010297,PL01,2025-06-15,,Active,57.36,Monthly
SUB010298,CU010298,PL01,2023-12-05,,Active,57.5,Monthly
SUB010299,CU010299,PL03,2022-07-29,,Active,397.65,Monthly
SUB010300,CU010300,PL03,2022-08-13,2024-11-02,Churned,495.63,Annual
SUB010301,CU010301,PL01,2023-06-01,2024-07-07,Churned,61.11,Annual
SUB010302,CU010302,PL02,2023-08-13,,Active,130.44,Monthly
SUB010303,CU010303,PL03,2025-08-13,,Active,370.6,Annual
SUB010304,CU010304,PL02,2022-07-01,,Active,148.32,Monthly
SUB010305,CU010305,PL02,2022-04-17,2023-03-26,Churned,185.21,Annual
SUB010306,CU010306,PL03,2022-03-01,,Active,479.4,Annual
SUB010307,CU010307,PL04,2022-06-07,,Active,1174.6,Monthly
SUB010308,CU010308,PL01,2022-02-14,,Active,48.86,Monthly
SUB010309,CU010309,PL02,2022-09-08,,Active,157.99,Monthly
SUB010310,CU010310,PL02,2022-03-18,,Active,176.66,Monthly
SUB010311,CU010311,PL04,2026-03-31,,Active,1134.43,Annual
SUB010312,CU010312,PL02,2025-08-12,2025-11-30,Churned,136.14,Annual
SUB010313,CU010313,PL04,2023-10-19,,Active,1431.6,Annual
SUB010314,CU010314,PL01,2023-06-21,,Active,41.96,Annual
SUB010315,CU010315,PL01,2026-06-01,,Active,45.15,Monthly
SUB010316,CU010316,PL02,2022-10-07,,Active,186.15,Annual
SUB010317,CU010317,PL02,2025-06-07,,Active,152.72,Monthly
SUB010318,CU010318,PL03,2023-11-02,,Active,407.76,Annual
SUB010319,CU010319,PL01,2025-11-03,,Active,61.17,Annual
SUB010320,CU010320,PL04,2022-08-09,,Active,1417.22,Annual
SUB010321,CU010321,PL02,2026-03-01,,Active,180.62,Monthly
SUB010322,CU010322,PL01,2022-07-10,,Active,47.92,Monthly
SUB010323,CU010323,PL02,2026-01-09,,Active,137.45,Annual
SUB010324,CU010324,PL02,2024-02-21,,Active,183.49,Annual
SUB010325,CU010325,PL01,2022-01-30,2024-04-24,Churned,48.11,Monthly
SUB010326,CU010326,PL03,2025-11-22,,Active,422.54,Annual
SUB010327,CU010327,PL04,2025-11-30,,Active,1488.2,Monthly
SUB010328,CU010328,PL04,2024-02-05,,Active,1129.83,Monthly
SUB010329,CU010329,PL03,2024-11-14,,Active,377.23,Monthly
SUB010330,CU010330,PL01,2022-05-02,,Active,55.53,Annual
SUB010331,CU010331,PL02,2024-01-18,,Active,153.98,Annual
SUB010332,CU010332,PL01,2023-02-13,,Active,49.19,Monthly
SUB010333,CU010333,PL02,2023-05-21,,Active,154.35,Annual
SUB010334,CU010334,PL02,2024-07-20,2026-01-20,Churned,140.23,Annual
SUB010335,CU010335,PL01,2026-05-05,,Active,42.28,Annual
SUB010336,CU010336,PL02,2023-05-21,2026-07-09,Churned,130.13,Monthly
SUB010337,CU010337,PL02,2025-07-10,2026-04-18,Churned,157.12,Annual
SUB010338,CU010338,PL03,2022-02-25,2025-03-30,Churned,392.34,Annual
SUB010339,CU010339,PL02,2025-12-06,,Active,155.05,Annual
SUB010340,CU010340,PL01,2025-06-12,,Active,60.74,Annual
SUB010341,CU010341,PL03,2023-11-03,,Active,379.3,Annual
SUB010342,CU010342,PL02,2025-02-12,,Active,140.35,Monthly
SUB010343,CU010343,PL02,2022-12-08,2025-10-13,Churned,128.12,Monthly
SUB010344,CU010344,PL01,2025-08-18,,Active,52.7,Annual
SUB010345,CU010345,PL01,2024-12-03,,Active,49.36,Annual
SUB010346,CU010346,PL03,2024-08-31,,Active,401.75,Monthly
SUB010347,CU010347,PL02,2026-03-09,,Active,165.5,Monthly
SUB010348,CU010348,PL02,2022-06-25,,Active,181.67,Monthly
SUB010349,CU010349,PL01,2026-03-13,,Active,52.01,Annual
SUB010350,CU010350,PL03,2023-01-11,2024-03-02,Churned,416.75,Monthly
SUB010351,CU010351,PL03,2024-08-18,,Active,464.83,Annual
SUB010352,CU010352,PL03,2024-09-03,,Active,484.11,Monthly
SUB010353,CU010353,PL02,2026-04-20,,Active,136.61,Monthly
SUB010354,CU010354,PL04,2026-01-10,2026-06-18,Churned,1237.68,Annual
SUB010355,CU010355,PL01,2023-06-26,,Active,46.78,Monthly
SUB010356,CU010356,PL03,2023-01-01,,Active,420.26,Monthly
SUB010357,CU010357,PL02,2026-01-20,,Active,154.27,Monthly
SUB010358,CU010358,PL01,2023-02-27,,Active,44.61,Annual
SUB010359,CU010359,PL01,2022-03-28,,Active,50.37,Monthly
SUB010360,CU010360,PL04,2022-01-30,,Active,1094.3,Annual
SUB010361,CU010361,PL01,2022-02-22,,Active,55.71,Monthly
SUB010362,CU010362,PL02,2025-10-18,,Active,150.49,Annual
SUB010363,CU010363,PL02,2026-02-15,,Active,140.76,Monthly
SUB010364,CU010364,PL01,2023-04-11,2026-03-03,Churned,50.57,Monthly
SUB010365,CU010365,PL03,2026-04-13,,Active,428.34,Annual
SUB010366,CU010366,PL02,2026-01-20,,Active,131.71,Monthly
SUB010367,CU010367,PL02,2023-07-22,,Active,147.08,Annual
SUB010368,CU010368,PL02,2022-09-21,,Active,162.41,Monthly
SUB010369,CU010369,PL03,2024-09-12,,Active,468.18,Annual
SUB010370,CU010370,PL02,2022-07-11,,Active,126.93,Monthly
SUB010371,CU010371,PL01,2024-12-06,,Active,55.7,Monthly
SUB010372,CU010372,PL02,2024-08-26,,Active,173.7,Monthly
SUB010373,CU010373,PL02,2026-01-15,2026-05-10,Churned,182.87,Monthly
SUB010374,CU010374,PL03,2025-05-11,,Active,426.52,Monthly
SUB010375,CU010375,PL01,2026-03-30,,Active,56.97,Annual
SUB010376,CU010376,PL02,2023-01-20,,Active,173.89,Monthly
SUB010377,CU010377,PL02,2023-05-27,2026-06-26,Churned,159.58,Monthly
SUB010378,CU010378,PL04,2025-01-17,,Active,1271.77,Annual
SUB010379,CU010379,PL01,2024-07-14,2026-03-04,Churned,55.86,Annual
SUB010380,CU010380,PL01,2023-05-23,2026-05-06,Churned,47.1,Monthly
SUB010381,CU010381,PL01,2023-05-19,,Active,42.43,Monthly
SUB010382,CU010382,PL01,2025-08-08,,Active,56.45,Monthly
SUB010383,CU010383,PL03,2024-05-04,,Active,493.88,Monthly
SUB010384,CU010384,PL02,2024-05-27,,Active,176.79,Annual
SUB010385,CU010385,PL02,2023-09-15,,Active,165.66,Annual
SUB010386,CU010386,PL01,2026-04-11,,Active,51.17,Annual
SUB010387,CU010387,PL04,2025-08-14,,Active,1221.9,Annual
SUB010388,CU010388,PL02,2025-01-23,,Active,147.39,Monthly
SUB010389,CU010389,PL02,2022-10-31,,Active,150.74,Annual
SUB010390,CU010390,PL01,2022-03-21,,Active,45.99,Monthly
SUB010391,CU010391,PL04,2023-05-06,,Active,1080.18,Monthly
SUB010392,CU010392,PL02,2022-09-24,,Active,128.54,Annual
SUB010393,CU010393,PL01,2025-03-16,,Active,44.76,Monthly
SUB010394,CU010394,PL03,2025-02-13,,Active,418.27,Monthly
SUB010395,CU010395,PL04,2023-12-03,,Active,1101.16,Monthly
SUB010396,CU010396,PL02,2024-10-19,,Active,180.2,Annual
SUB010397,CU010397,PL01,2025-01-20,,Active,47.27,Annual
SUB010398,CU010398,PL04,2024-06-11,,Active,1217.68,Annual
SUB010399,CU010399,PL03,2023-10-04,,Active,403.09,Annual
SUB010400,CU010400,PL04,2022-10-17,,Active,1434.93,Annual
SUB010401,CU010401,PL02,2026-01-23,,Active,170.92,Annual
SUB010402,CU010402,PL01,2025-09-03,,Active,46.96,Monthly
SUB010403,CU010403,PL02,2024-08-15,2025-03-07,Churned,177.97,Monthly
SUB010404,CU010404,PL04,2023-08-04,,Active,1081.63,Annual
SUB010405,CU010405,PL03,2025-01-17,,Active,494.15,Annual
SUB010406,CU010406,PL01,2026-06-04,,Active,52.13,Annual
SUB010407,CU010407,PL02,2023-01-04,,Active,165.83,Annual
SUB010408,CU010408,PL01,2024-08-21,,Active,56.16,Monthly
SUB010409,CU010409,PL04,2022-10-11,,Active,1034.22,Monthly
SUB010410,CU010410,PL01,2024-10-18,2026-01-02,Churned,60.06,Annual
SUB010411,CU010411,PL02,2026-04-27,,Active,170.24,Monthly
SUB010412,CU010412,PL03,2026-05-10,,Active,462.28,Monthly
SUB010413,CU010413,PL01,2023-11-14,2025-08-11,Churned,52.63,Annual
SUB010414,CU010414,PL01,2025-02-03,,Active,42.46,Annual
SUB010415,CU010415,PL01,2024-08-15,,Active,42.6,Annual
SUB010416,CU010416,PL02,2024-05-19,,Active,130.38,Annual
SUB010417,CU010417,PL04,2022-10-05,,Active,1184.19,Monthly
SUB010418,CU010418,PL04,2022-04-16,,Active,1190.31,Annual
SUB010419,CU010419,PL02,2025-11-07,,Active,151.7,Monthly
SUB010420,CU010420,PL02,2024-10-26,,Active,159.6,Monthly
SUB010421,CU010421,PL02,2022-10-25,,Active,142.97,Monthly
SUB010422,CU010422,PL01,2026-01-06,,Active,53.26,Annual
SUB010423,CU010423,PL01,2022-04-10,,Active,52.89,Annual
SUB010424,CU010424,PL01,2024-02-05,,Active,54.14,Monthly
SUB010425,CU010425,PL02,2025-03-12,,Active,133.19,Annual
SUB010426,CU010426,PL04,2023-01-02,,Active,1091.25,Monthly
SUB010427,CU010427,PL03,2024-05-25,2026-01-19,Churned,438.28,Annual
SUB010428,CU010428,PL01,2025-09-21,2026-01-04,Churned,45.48,Monthly
SUB010429,CU010429,PL01,2026-04-15,,Active,52.01,Annual
SUB010430,CU010430,PL02,2024-10-18,,Active,171.78,Annual
SUB010431,CU010431,PL03,2022-01-02,2026-08-13,Churned,410.93,Monthly
SUB010432,CU010432,PL03,2024-10-27,,Active,347.38,Monthly
SUB010433,CU010433,PL01,2024-08-17,,Active,55.01,Monthly
SUB010434,CU010434,PL01,2025-11-02,,Active,58.84,Annual
SUB010435,CU010435,PL02,2023-08-26,,Active,174.12,Annual
SUB010436,CU010436,PL01,2022-11-17,,Active,44.39,Annual
SUB010437,CU010437,PL01,2023-05-26,2025-03-14,Churned,48.73,Monthly
SUB010438,CU010438,PL04,2026-03-25,,Active,1185.69,Monthly
SUB010439,CU010439,PL04,2025-02-20,,Active,1379.91,Monthly
SUB010440,CU010440,PL01,2025-01-13,,Active,44.32,Annual
SUB010441,CU010441,PL02,2022-02-10,,Active,175.16,Monthly
SUB010442,CU010442,PL02,2022-06-21,2024-09-17,Churned,129.89,Annual
SUB010443,CU010443,PL02,2022-09-04,,Active,181.74,Annual
SUB010444,CU010444,PL03,2022-01-17,2025-04-16,Churned,341.19,Annual
SUB010445,CU010445,PL04,2025-11-23,,Active,1135.89,Annual
SUB010446,CU010446,PL02,2026-04-15,,Active,159.17,Monthly
SUB010447,CU010447,PL02,2025-10-02,2026-05-28,Churned,176.34,Annual
SUB010448,CU010448,PL02,2024-08-31,,Active,161.12,Annual
SUB010449,CU010449,PL02,2024-01-20,2025-07-29,Churned,136.05,Monthly
SUB010450,CU010450,PL01,2022-02-25,,Active,53.91,Monthly
SUB010451,CU010451,PL01,2026-03-09,,Active,56.35,Monthly
SUB010452,CU010452,PL01,2025-03-27,,Active,42.99,Monthly
SUB010453,CU010453,PL03,2024-10-25,,Active,369.59,Monthly
SUB010454,CU010454,PL02,2024-12-11,,Active,173.52,Annual
SUB010455,CU010455,PL01,2026-04-04,,Active,55.19,Monthly
SUB010456,CU010456,PL02,2022-06-25,,Active,138.08,Annual
SUB010457,CU010457,PL01,2023-04-11,,Active,56.88,Monthly
SUB010458,CU010458,PL04,2024-02-23,2026-03-26,Churned,1421.72,Monthly
SUB010459,CU010459,PL01,2025-02-28,,Active,47.02,Annual
SUB010460,CU010460,PL02,2023-11-26,,Active,157.31,Monthly
SUB010461,CU010461,PL01,2025-01-19,,Active,58.73,Monthly
SUB010462,CU010462,PL04,2024-04-24,,Active,1296.22,Monthly
SUB010463,CU010463,PL01,2022-03-01,,Active,45.25,Monthly
SUB010464,CU010464,PL03,2026-03-28,,Active,345.63,Monthly
SUB010465,CU010465,PL04,2025-08-04,,Active,1091.0,Monthly
SUB010466,CU010466,PL02,2025-01-01,2026-01-22,Churned,146.98,Monthly
SUB010467,CU010467,PL01,2024-10-05,,Active,50.77,Annual
SUB010468,CU010468,PL01,2022-09-02,,Active,48.81,Monthly
SUB010469,CU010469,PL02,2024-03-25,,Active,130.73,Annual
SUB010470,CU010470,PL03,2022-01-28,,Active,466.7,Monthly
SUB010471,CU010471,PL02,2026-05-14,,Active,143.88,Monthly
SUB010472,CU010472,PL02,2026-06-05,,Active,134.9,Annual
SUB010473,CU010473,PL03,2023-01-10,,Active,359.69,Annual
SUB010474,CU010474,PL02,2023-01-14,,Active,145.88,Monthly
SUB010475,CU010475,PL01,2022-08-26,2024-08-31,Churned,45.48,Monthly
SUB010476,CU010476,PL04,2025-01-20,2026-08-07,Churned,1356.41,Monthly
SUB010477,CU010477,PL02,2025-03-15,,Active,153.77,Annual
SUB010478,CU010478,PL02,2022-03-23,,Active,161.52,Monthly
SUB010479,CU010479,PL03,2024-03-31,,Active,425.36,Monthly
SUB010480,CU010480,PL01,2024-03-14,2026-03-30,Churned,46.34,Monthly
SUB010481,CU010481,PL01,2025-01-22,,Active,52.19,Annual
SUB010482,CU010482,PL01,2022-01-24,,Active,48.24,Annual
SUB010483,CU010483,PL03,2025-09-20,,Active,430.53,Monthly
SUB010484,CU010484,PL03,2023-04-07,,Active,477.66,Annual
SUB010485,CU010485,PL04,2024-10-04,,Active,1106.31,Monthly
SUB010486,CU010486,PL01,2025-11-23,,Active,54.83,Annual
SUB010487,CU010487,PL01,2025-12-28,,Active,58.16,Annual
SUB010488,CU010488,PL01,2025-11-09,,Active,58.6,Annual
SUB010489,CU010489,PL02,2024-04-25,,Active,145.35,Monthly
SUB010490,CU010490,PL03,2024-10-02,,Active,404.85,Monthly
SUB010491,CU010491,PL02,2024-04-27,2024-08-02,Churned,131.22,Annual
SUB010492,CU010492,PL02,2026-02-21,2026-06-27,Churned,151.53,Monthly
SUB010493,CU010493,PL01,2024-10-10,,Active,44.42,Monthly
SUB010494,CU010494,PL02,2022-07-06,,Active,163.04,Annual
SUB010495,CU010495,PL03,2023-11-06,,Active,493.01,Monthly
SUB010496,CU010496,PL01,2025-11-23,,Active,44.66,Monthly
SUB010497,CU010497,PL02,2025-06-26,,Active,133.65,Monthly
SUB010498,CU010498,PL02,2024-01-03,,Active,145.3,Annual
SUB010499,CU010499,PL04,2024-04-24,,Active,1049.37,Annual
SUB010500,CU010500,PL01,2025-10-31,,Active,48.31,Monthly
SUB010501,CU010501,PL02,2025-10-15,,Active,177.63,Annual
SUB010502,CU010502,PL03,2024-12-24,,Active,431.52,Annual
SUB010503,CU010503,PL03,2022-04-27,,Active,454.26,Annual
SUB010504,CU010504,PL01,2022-12-13,,Active,44.19,Annual
SUB010505,CU010505,PL03,2024-09-05,,Active,368.16,Annual
SUB010506,CU010506,PL03,2025-01-19,,Active,342.17,Annual
SUB010507,CU010507,PL02,2025-02-11,,Active,137.34,Annual
SUB010508,CU010508,PL04,2022-02-27,2025-08-18,Churned,1062.22,Monthly
SUB010509,CU010509,PL03,2023-09-10,,Active,472.14,Monthly
SUB010510,CU010510,PL02,2022-07-10,2026-02-08,Churned,135.73,Annual
SUB010511,CU010511,PL01,2025-10-23,,Active,54.71,Annual
SUB010512,CU010512,PL02,2023-11-24,,Active,145.33,Annual
SUB010513,CU010513,PL01,2023-12-16,,Active,60.4,Annual
SUB010514,CU010514,PL04,2024-06-19,,Active,1140.06,Monthly
SUB010515,CU010515,PL02,2022-09-28,2025-10-01,Churned,184.13,Monthly
SUB010516,CU010516,PL04,2023-06-26,,Active,1139.29,Monthly
SUB010517,CU010517,PL01,2024-04-04,2025-05-30,Churned,49.39,Annual
SUB010518,CU010518,PL01,2024-04-06,,Active,54.79,Monthly
SUB010519,CU010519,PL02,2023-02-15,,Active,178.73,Monthly
SUB010520,CU010520,PL01,2023-06-25,,Active,43.17,Annual
SUB010521,CU010521,PL01,2023-02-11,2023-09-02,Churned,42.77,Monthly
SUB010522,CU010522,PL01,2022-04-06,,Active,60.22,Annual
SUB010523,CU010523,PL02,2026-01-06,,Active,146.09,Annual
SUB010524,CU010524,PL04,2025-02-17,,Active,1023.81,Monthly
SUB010525,CU010525,PL03,2023-12-25,,Active,386.03,Monthly
SUB010526,CU010526,PL03,2022-01-19,,Active,395.45,Monthly
SUB010527,CU010527,PL01,2022-04-09,,Active,47.5,Monthly
SUB010528,CU010528,PL03,2023-02-04,,Active,479.95,Annual
SUB010529,CU010529,PL01,2026-05-23,,Active,59.54,Monthly
SUB010530,CU010530,PL03,2025-07-23,,Active,443.07,Monthly
SUB010531,CU010531,PL03,2024-12-28,,Active,485.37,Monthly
SUB010532,CU010532,PL03,2022-03-23,,Active,496.42,Monthly
SUB010533,CU010533,PL01,2022-06-14,2023-07-08,Churned,56.64,Monthly
SUB010534,CU010534,PL03,2023-03-19,,Active,409.81,Annual
SUB010535,CU010535,PL01,2022-12-26,,Active,51.44,Annual
SUB010536,CU010536,PL01,2024-07-12,,Active,60.27,Annual
SUB010537,CU010537,PL01,2025-12-25,,Active,41.92,Annual
SUB010538,CU010538,PL02,2023-04-11,,Active,155.49,Monthly
SUB010539,CU010539,PL03,2024-03-29,,Active,491.95,Annual
SUB010540,CU010540,PL01,2023-04-13,,Active,42.08,Monthly
SUB010541,CU010541,PL04,2024-10-27,,Active,1424.25,Annual
SUB010542,CU010542,PL01,2024-10-12,,Active,57.17,Annual
SUB010543,CU010543,PL01,2024-12-26,,Active,54.41,Annual
SUB010544,CU010544,PL03,2022-03-31,2025-12-21,Churned,373.84,Annual
SUB010545,CU010545,PL01,2022-07-14,,Active,46.75,Annual
SUB010546,CU010546,PL02,2023-12-28,,Active,158.12,Monthly
SUB010547,CU010547,PL02,2025-04-19,,Active,159.48,Monthly
SUB010548,CU010548,PL04,2025-06-30,,Active,1134.3,Annual
SUB010549,CU010549,PL02,2025-09-06,,Active,183.31,Annual
SUB010550,CU010550,PL03,2022-12-11,,Active,436.45,Monthly
SUB010551,CU010551,PL02,2022-07-10,,Active,132.8,Monthly
SUB010552,CU010552,PL04,2023-06-14,,Active,1351.97,Annual
SUB010553,CU010553,PL04,2022-06-27,,Active,1043.0,Monthly
SUB010554,CU010554,PL03,2025-02-19,,Active,431.04,Annual
SUB010555,CU010555,PL02,2022-07-30,,Active,174.12,Annual
SUB010556,CU010556,PL02,2026-05-07,,Active,151.22,Annual
SUB010557,CU010557,PL02,2022-08-22,,Active,151.64,Monthly
SUB010558,CU010558,PL01,2026-05-26,,Active,49.46,Annual
SUB010559,CU010559,PL02,2022-02-18,,Active,157.67,Annual
SUB010560,CU010560,PL03,2022-09-24,,Active,447.63,Annual
SUB010561,CU010561,PL03,2024-09-08,,Active,496.98,Monthly
SUB010562,CU010562,PL03,2023-10-07,,Active,425.21,Monthly
SUB010563,CU010563,PL01,2026-02-20,,Active,58.74,Monthly
SUB010564,CU010564,PL02,2024-05-30,,Active,167.18,Monthly
SUB010565,CU010565,PL01,2022-01-20,2026-05-13,Churned,49.51,Annual
SUB010566,CU010566,PL01,2022-05-10,,Active,44.13,Annual
SUB010567,CU010567,PL01,2024-06-19,,Active,60.39,Annual
SUB010568,CU010568,PL01,2023-01-16,,Active,42.23,Monthly
SUB010569,CU010569,PL01,2025-01-07,,Active,45.81,Monthly
SUB010570,CU010570,PL01,2023-04-11,,Active,42.1,Monthly
SUB010571,CU010571,PL03,2022-08-15,,Active,433.04,Monthly
SUB010572,CU010572,PL03,2024-07-16,,Active,380.94,Annual
SUB010573,CU010573,PL04,2026-06-13,,Active,1038.4,Annual
SUB010574,CU010574,PL03,2025-02-23,,Active,415.15,Annual
SUB010575,CU010575,PL03,2024-11-13,,Active,357.29,Annual
SUB010576,CU010576,PL02,2022-05-10,,Active,130.76,Annual
SUB010577,CU010577,PL02,2025-07-14,,Active,174.24,Annual
SUB010578,CU010578,PL01,2025-09-05,,Active,44.23,Monthly
SUB010579,CU010579,PL01,2024-07-09,,Active,44.42,Annual
SUB010580,CU010580,PL03,2023-12-01,,Active,457.34,Monthly
SUB010581,CU010581,PL01,2025-03-06,,Active,52.63,Annual
SUB010582,CU010582,PL03,2025-02-14,,Active,348.24,Annual
SUB010583,CU010583,PL01,2022-04-14,,Active,45.87,Monthly
SUB010584,CU010584,PL03,2025-12-13,,Active,423.21,Annual
SUB010585,CU010585,PL01,2022-10-18,2026-02-02,Churned,46.12,Annual
SUB010586,CU010586,PL01,2025-12-26,,Active,51.01,Annual
SUB010587,CU010587,PL01,2023-04-12,2025-05-05,Churned,45.93,Monthly
SUB010588,CU010588,PL04,2024-11-27,,Active,1078.04,Annual
SUB010589,CU010589,PL01,2023-08-10,,Active,43.22,Monthly
SUB010590,CU010590,PL03,2026-05-11,,Active,432.84,Monthly
SUB010591,CU010591,PL04,2023-09-21,,Active,1040.23,Annual
SUB010592,CU010592,PL03,2025-03-04,,Active,346.06,Monthly
SUB010593,CU010593,PL02,2026-03-15,,Active,177.33,Annual
SUB010594,CU010594,PL03,2023-11-27,2025-03-23,Churned,443.71,Annual
SUB010595,CU010595,PL01,2024-04-14,,Active,52.53,Monthly
SUB010596,CU010596,PL01,2022-10-29,,Active,59.87,Monthly
SUB010597,CU010597,PL01,2025-04-21,,Active,48.72,Monthly
SUB010598,CU010598,PL02,2023-05-30,,Active,128.31,Annual
SUB010599,CU010599,PL03,2025-06-08,,Active,368.75,Monthly
SUB010600,CU010600,PL01,2024-06-27,2025-02-19,Churned,56.32,Monthly
SUB010601,CU010601,PL03,2022-05-11,,Active,415.39,Annual
SUB010602,CU010602,PL03,2023-08-11,,Active,435.63,Monthly
SUB010603,CU010603,PL01,2023-06-24,2025-03-07,Churned,45.87,Monthly
SUB010604,CU010604,PL01,2023-04-10,,Active,43.93,Annual
SUB010605,CU010605,PL02,2025-04-27,,Active,182.92,Annual
SUB010606,CU010606,PL01,2025-10-06,,Active,43.93,Monthly
SUB010607,CU010607,PL02,2023-03-19,,Active,165.46,Monthly
SUB010608,CU010608,PL04,2024-06-26,2026-02-12,Churned,1254.37,Annual
SUB010609,CU010609,PL01,2024-12-15,,Active,58.96,Annual
SUB010610,CU010610,PL02,2022-02-14,,Active,144.41,Annual
SUB010611,CU010611,PL03,2023-02-01,,Active,382.4,Annual
SUB010612,CU010612,PL02,2024-07-03,,Active,171.45,Monthly
SUB010613,CU010613,PL02,2022-09-09,,Active,146.55,Monthly
SUB010614,CU010614,PL02,2023-02-10,,Active,148.33,Annual
SUB010615,CU010615,PL03,2022-07-31,,Active,473.09,Annual
SUB010616,CU010616,PL03,2024-07-21,,Active,403.08,Monthly
SUB010617,CU010617,PL02,2023-10-12,,Active,182.87,Annual
SUB010618,CU010618,PL01,2022-05-07,2025-11-19,Churned,43.61,Monthly
SUB010619,CU010619,PL01,2024-10-15,,Active,50.49,Monthly
SUB010620,CU010620,PL03,2023-07-12,,Active,420.04,Monthly
SUB010621,CU010621,PL03,2026-01-05,2026-08-25,Churned,453.0,Monthly
SUB010622,CU010622,PL04,2022-09-19,,Active,1219.87,Annual
SUB010623,CU010623,PL01,2026-04-01,,Active,60.75,Annual
SUB010624,CU010624,PL01,2026-05-29,,Active,50.01,Monthly
SUB010625,CU010625,PL03,2022-05-08,,Active,452.89,Monthly
SUB010626,CU010626,PL03,2023-05-24,,Active,427.64,Annual
SUB010627,CU010627,PL02,2023-09-08,2026-01-06,Churned,174.06,Monthly
SUB010628,CU010628,PL04,2022-10-30,,Active,1359.5,Annual
SUB010629,CU010629,PL01,2025-09-22,,Active,42.69,Annual
SUB010630,CU010630,PL01,2025-09-03,,Active,54.68,Annual
SUB010631,CU010631,PL02,2022-01-04,,Active,171.66,Annual
SUB010632,CU010632,PL02,2026-03-10,,Active,168.88,Monthly
SUB010633,CU010633,PL03,2023-10-02,2024-10-12,Churned,489.22,Annual
SUB010634,CU010634,PL01,2025-09-07,,Active,57.82,Monthly
SUB010635,CU010635,PL02,2024-03-30,,Active,130.85,Annual
SUB010636,CU010636,PL02,2023-07-08,,Active,160.75,Monthly
SUB010637,CU010637,PL02,2024-12-07,2026-04-20,Churned,169.19,Monthly
SUB010638,CU010638,PL01,2022-07-31,,Active,49.83,Annual
SUB010639,CU010639,PL01,2022-06-20,2025-05-16,Churned,44.15,Monthly
SUB010640,CU010640,PL02,2023-09-14,,Active,172.6,Annual
SUB010641,CU010641,PL01,2022-09-24,,Active,53.45,Monthly
SUB010642,CU010642,PL03,2023-03-15,,Active,424.12,Monthly
SUB010643,CU010643,PL04,2026-02-09,,Active,1265.71,Monthly
SUB010644,CU010644,PL01,2026-02-03,,Active,59.37,Monthly
SUB010645,CU010645,PL02,2022-08-30,2025-09-01,Churned,165.88,Annual
SUB010646,CU010646,PL02,2023-03-13,,Active,149.92,Annual
SUB010647,CU010647,PL02,2023-06-28,,Active,181.15,Monthly
SUB010648,CU010648,PL01,2022-07-29,2025-10-26,Churned,54.03,Monthly
SUB010649,CU010649,PL02,2022-01-24,,Active,142.2,Annual
SUB010650,CU010650,PL03,2022-01-22,,Active,364.21,Monthly
SUB010651,CU010651,PL03,2024-08-08,,Active,366.44,Monthly
SUB010652,CU010652,PL04,2022-02-23,,Active,1177.27,Annual
SUB010653,CU010653,PL01,2023-05-28,2026-06-11,Churned,48.93,Monthly
SUB010654,CU010654,PL03,2025-06-11,2025-10-13,Churned,414.73,Annual
SUB010655,CU010655,PL01,2022-04-11,,Active,50.63,Monthly
SUB010656,CU010656,PL02,2025-08-31,,Active,167.76,Annual
SUB010657,CU010657,PL03,2022-06-16,,Active,439.22,Monthly
SUB010658,CU010658,PL01,2022-03-04,,Active,44.34,Monthly
SUB010659,CU010659,PL03,2026-04-21,,Active,355.93,Monthly
SUB010660,CU010660,PL03,2026-03-11,,Active,384.13,Monthly
SUB010661,CU010661,PL04,2025-10-23,,Active,1155.13,Annual
SUB010662,CU010662,PL02,2023-07-07,,Active,184.21,Monthly
SUB010663,CU010663,PL03,2025-06-26,,Active,400.37,Monthly
SUB010664,CU010664,PL01,2025-08-02,,Active,53.19,Annual
SUB010665,CU010665,PL03,2022-05-27,,Active,473.95,Annual
SUB010666,CU010666,PL01,2025-08-04,,Active,59.87,Monthly
SUB010667,CU010667,PL02,2022-10-09,,Active,178.17,Monthly
SUB010668,CU010668,PL02,2023-10-30,,Active,159.39,Monthly
SUB010669,CU010669,PL02,2024-06-26,,Active,129.44,Annual
SUB010670,CU010670,PL02,2023-08-08,,Active,149.61,Annual
SUB010671,CU010671,PL02,2023-07-11,,Active,141.05,Annual
SUB010672,CU010672,PL01,2022-05-17,,Active,46.95,Annual
SUB010673,CU010673,PL01,2023-09-23,,Active,60.39,Annual
SUB010674,CU010674,PL01,2023-06-16,,Active,47.15,Annual
SUB010675,CU010675,PL01,2022-05-11,,Active,52.88,Monthly
SUB010676,CU010676,PL02,2024-03-16,,Active,132.39,Annual
SUB010677,CU010677,PL04,2022-09-10,,Active,1147.0,Monthly
SUB010678,CU010678,PL03,2023-01-23,,Active,463.07,Monthly
SUB010679,CU010679,PL02,2022-07-18,,Active,178.71,Annual
SUB010680,CU010680,PL02,2024-01-19,,Active,129.12,Annual
SUB010681,CU010681,PL01,2026-01-05,,Active,52.65,Annual
SUB010682,CU010682,PL01,2026-05-12,,Active,56.89,Annual
SUB010683,CU010683,PL03,2024-02-18,,Active,449.36,Monthly
SUB010684,CU010684,PL04,2022-07-26,2024-06-12,Churned,1233.24,Annual
SUB010685,CU010685,PL01,2022-07-28,,Active,45.37,Monthly
SUB010686,CU010686,PL01,2024-07-14,,Active,50.52,Monthly
SUB010687,CU010687,PL01,2025-02-22,,Active,52.32,Annual
SUB010688,CU010688,PL02,2022-04-03,2022-07-28,Churned,181.52,Monthly
SUB010689,CU010689,PL02,2025-11-03,,Active,140.53,Monthly
SUB010690,CU010690,PL01,2023-06-20,2024-07-13,Churned,61.01,Monthly
SUB010691,CU010691,PL03,2026-06-07,,Active,354.11,Annual
SUB010692,CU010692,PL03,2025-02-04,,Active,481.55,Annual
SUB010693,CU010693,PL01,2023-12-15,,Active,51.78,Annual
SUB010694,CU010694,PL01,2025-09-11,2026-02-27,Churned,49.41,Annual
SUB010695,CU010695,PL01,2022-12-01,,Active,58.23,Annual
SUB010696,CU010696,PL02,2023-07-11,2024-08-03,Churned,154.14,Annual
SUB010697,CU010697,PL03,2025-12-18,2026-05-15,Churned,455.45,Annual
SUB010698,CU010698,PL02,2022-02-06,,Active,153.16,Monthly
SUB010699,CU010699,PL03,2025-08-28,,Active,406.88,Annual
SUB010700,CU010700,PL02,2023-02-23,,Active,172.73,Annual
SUB010701,CU010701,PL02,2024-02-18,,Active,166.68,Monthly
SUB010702,CU010702,PL02,2023-03-13,,Active,147.44,Monthly
SUB010703,CU010703,PL02,2022-01-10,,Active,135.64,Annual
SUB010704,CU010704,PL01,2023-01-02,,Active,42.24,Monthly
SUB010705,CU010705,PL01,2023-12-01,2025-10-15,Churned,57.57,Annual
SUB010706,CU010706,PL02,2023-05-21,,Active,151.16,Monthly
SUB010707,CU010707,PL01,2025-05-20,2026-01-27,Churned,47.46,Monthly
SUB010708,CU010708,PL02,2022-10-31,,Active,173.22,Annual
SUB010709,CU010709,PL03,2025-06-20,,Active,403.87,Monthly
SUB010710,CU010710,PL03,2024-08-13,,Active,344.33,Monthly
SUB010711,CU010711,PL01,2025-06-01,2026-02-14,Churned,45.71,Monthly
SUB010712,CU010712,PL02,2026-01-07,,Active,143.65,Annual
SUB010713,CU010713,PL02,2023-11-01,,Active,170.87,Monthly
SUB010714,CU010714,PL02,2024-09-03,2026-03-02,Churned,166.73,Monthly
SUB010715,CU010715,PL03,2023-01-09,,Active,379.85,Annual
SUB010716,CU010716,PL03,2023-07-04,,Active,339.62,Monthly
SUB010717,CU010717,PL03,2022-10-20,,Active,437.81,Annual
SUB010718,CU010718,PL02,2024-03-15,,Active,145.52,Monthly
SUB010719,CU010719,PL02,2026-05-29,,Active,171.14,Monthly
SUB010720,CU010720,PL03,2023-01-16,,Active,423.95,Annual
SUB010721,CU010721,PL02,2022-03-15,,Active,129.35,Monthly
SUB010722,CU010722,PL01,2025-05-06,,Active,54.44,Annual
SUB010723,CU010723,PL03,2026-05-07,,Active,474.99,Monthly
SUB010724,CU010724,PL04,2026-04-20,,Active,1391.05,Monthly
SUB010725,CU010725,PL01,2023-06-07,,Active,56.31,Monthly
SUB010726,CU010726,PL02,2025-04-18,,Active,186.23,Annual
SUB010727,CU010727,PL02,2024-01-08,,Active,130.83,Annual
SUB010728,CU010728,PL01,2022-06-24,2023-07-24,Churned,42.12,Annual
SUB010729,CU010729,PL03,2024-06-05,,Active,467.13,Annual
SUB010730,CU010730,PL02,2023-09-15,2026-06-18,Churned,177.35,Monthly
SUB010731,CU010731,PL02,2023-07-30,2025-07-12,Churned,129.01,Annual
SUB010732,CU010732,PL02,2024-01-04,2025-08-01,Churned,132.54,Monthly
SUB010733,CU010733,PL03,2023-02-24,,Active,382.17,Annual
SUB010734,CU010734,PL02,2024-08-30,2025-07-13,Churned,174.96,Monthly
SUB010735,CU010735,PL04,2024-01-16,,Active,1327.1,Monthly
SUB010736,CU010736,PL02,2023-12-24,,Active,135.86,Monthly
SUB010737,CU010737,PL02,2025-03-14,,Active,163.9,Annual
SUB010738,CU010738,PL03,2023-03-29,,Active,355.67,Annual
SUB010739,CU010739,PL02,2022-05-24,,Active,153.11,Monthly
SUB010740,CU010740,PL02,2024-04-20,2025-02-14,Churned,160.19,Monthly
SUB010741,CU010741,PL01,2023-11-04,,Active,47.7,Monthly
SUB010742,CU010742,PL02,2026-06-10,,Active,133.38,Annual
SUB010743,CU010743,PL02,2026-05-28,,Active,131.69,Monthly
SUB010744,CU010744,PL02,2022-02-19,,Active,179.99,Monthly
SUB010745,CU010745,PL03,2023-05-30,,Active,450.95,Annual
SUB010746,CU010746,PL01,2023-12-29,,Active,48.19,Annual
SUB010747,CU010747,PL02,2024-07-29,,Active,161.07,Annual
SUB010748,CU010748,PL02,2025-07-29,,Active,138.64,Monthly
SUB010749,CU010749,PL01,2025-04-01,,Active,58.74,Monthly
SUB010750,CU010750,PL01,2026-06-30,,Active,41.93,Monthly
SUB010751,CU010751,PL01,2024-08-31,,Active,59.66,Monthly
SUB010752,CU010752,PL01,2024-05-28,2024-12-13,Churned,52.81,Monthly
SUB010753,CU010753,PL01,2023-01-05,,Active,58.99,Annual
SUB010754,CU010754,PL01,2025-02-02,,Active,49.5,Monthly
SUB010755,CU010755,PL02,2024-04-11,,Active,127.08,Monthly
SUB010756,CU010756,PL01,2022-03-17,,Active,44.84,Monthly
SUB010757,CU010757,PL03,2025-11-03,,Active,446.93,Monthly
SUB010758,CU010758,PL01,2026-02-03,,Active,50.09,Annual
SUB010759,CU010759,PL01,2026-03-19,,Active,42.56,Annual
SUB010760,CU010760,PL03,2026-06-02,,Active,341.08,Monthly
SUB010761,CU010761,PL03,2026-06-21,,Active,444.38,Monthly
SUB010762,CU010762,PL02,2025-09-09,,Active,140.2,Annual
SUB010763,CU010763,PL03,2026-04-19,,Active,389.11,Monthly
SUB010764,CU010764,PL03,2022-10-23,,Active,480.81,Annual
SUB010765,CU010765,PL01,2023-06-14,,Active,52.67,Annual
SUB010766,CU010766,PL02,2025-09-29,,Active,127.92,Annual
SUB010767,CU010767,PL02,2023-10-05,,Active,183.91,Annual
SUB010768,CU010768,PL02,2024-08-19,,Active,137.54,Monthly
SUB010769,CU010769,PL02,2023-11-10,2026-04-12,Churned,152.39,Annual
SUB010770,CU010770,PL01,2022-08-29,,Active,54.93,Annual
SUB010771,CU010771,PL02,2025-10-30,,Active,157.71,Monthly
SUB010772,CU010772,PL03,2024-09-21,,Active,391.18,Monthly
SUB010773,CU010773,PL01,2024-02-10,,Active,47.63,Monthly
SUB010774,CU010774,PL02,2023-11-22,2025-06-23,Churned,169.92,Annual
SUB010775,CU010775,PL01,2022-02-05,,Active,46.5,Annual
SUB010776,CU010776,PL01,2024-07-12,,Active,60.75,Annual
SUB010777,CU010777,PL03,2025-03-04,,Active,482.61,Monthly
SUB010778,CU010778,PL01,2023-03-22,2025-04-04,Churned,59.84,Annual
SUB010779,CU010779,PL02,2026-04-26,,Active,174.42,Annual
SUB010780,CU010780,PL02,2023-09-16,2023-12-19,Churned,167.33,Annual
SUB010781,CU010781,PL03,2022-02-06,,Active,449.33,Monthly
SUB010782,CU010782,PL04,2025-12-31,,Active,1074.43,Monthly
SUB010783,CU010783,PL02,2025-08-25,2026-01-31,Churned,178.94,Monthly
SUB010784,CU010784,PL02,2022-06-10,,Active,161.15,Annual
SUB010785,CU010785,PL01,2026-03-12,,Active,45.15,Annual
SUB010786,CU010786,PL02,2025-01-17,,Active,151.83,Annual
SUB010787,CU010787,PL01,2026-01-01,,Active,58.65,Monthly
SUB010788,CU010788,PL03,2024-09-28,2025-11-04,Churned,343.16,Monthly
SUB010789,CU010789,PL01,2024-03-29,,Active,60.96,Monthly
SUB010790,CU010790,PL02,2022-03-16,,Active,153.72,Annual
SUB010791,CU010791,PL04,2026-02-15,,Active,1022.75,Monthly
SUB010792,CU010792,PL01,2022-02-16,,Active,61.25,Monthly
SUB010793,CU010793,PL02,2026-05-30,,Active,177.49,Annual
SUB010794,CU010794,PL01,2024-02-11,,Active,56.59,Annual
SUB010795,CU010795,PL01,2023-11-08,,Active,56.5,Monthly
SUB010796,CU010796,PL03,2022-06-24,,Active,492.26,Annual
SUB010797,CU010797,PL01,2024-04-03,,Active,56.14,Annual
SUB010798,CU010798,PL03,2026-01-20,,Active,434.28,Annual
SUB010799,CU010799,PL01,2023-02-25,2023-07-06,Churned,58.98,Monthly
SUB010800,CU010800,PL02,2023-02-05,,Active,185.75,Annual
SUB010801,CU010801,PL01,2025-09-07,2026-06-08,Churned,55.47,Monthly
SUB010802,CU010802,PL03,2022-07-29,,Active,377.9,Annual
SUB010803,CU010803,PL02,2022-11-08,,Active,159.45,Monthly
SUB010804,CU010804,PL01,2025-09-16,,Active,59.28,Monthly
SUB010805,CU010805,PL02,2022-09-13,2023-12-17,Churned,140.91,Monthly
SUB010806,CU010806,PL02,2024-08-19,,Active,140.02,Annual
SUB010807,CU010807,PL03,2024-01-10,,Active,356.1,Annual
SUB010808,CU010808,PL01,2022-10-14,,Active,53.46,Monthly
SUB010809,CU010809,PL01,2024-03-25,,Active,43.2,Annual
SUB010810,CU010810,PL01,2026-04-19,,Active,61.12,Monthly
SUB010811,CU010811,PL02,2025-10-04,,Active,160.09,Annual
SUB010812,CU010812,PL01,2022-03-21,2025-06-19,Churned,47.09,Annual
SUB010813,CU010813,PL02,2025-08-11,,Active,172.75,Annual
SUB010814,CU010814,PL01,2022-07-02,2025-08-23,Churned,57.95,Monthly
SUB010815,CU010815,PL01,2025-12-04,2026-06-22,Churned,45.29,Monthly
SUB010816,CU010816,PL02,2022-04-25,,Active,163.6,Annual
SUB010817,CU010817,PL03,2024-06-24,,Active,429.0,Annual
SUB010818,CU010818,PL03,2023-04-06,,Active,370.16,Monthly
SUB010819,CU010819,PL02,2025-09-14,,Active,162.24,Annual
SUB010820,CU010820,PL03,2023-06-01,,Active,437.89,Annual
SUB010821,CU010821,PL02,2023-12-14,,Active,144.52,Monthly
SUB010822,CU010822,PL04,2024-03-11,,Active,1396.92,Monthly
SUB010823,CU010823,PL01,2024-02-17,,Active,59.77,Monthly
SUB010824,CU010824,PL01,2025-09-14,,Active,49.38,Monthly
SUB010825,CU010825,PL03,2026-03-26,,Active,450.45,Annual
SUB010826,CU010826,PL01,2024-05-15,,Active,49.96,Annual
SUB010827,CU010827,PL02,2024-04-26,,Active,154.84,Annual
SUB010828,CU010828,PL01,2025-10-03,,Active,49.62,Annual
SUB010829,CU010829,PL03,2024-01-05,,Active,433.67,Monthly
SUB010830,CU010830,PL01,2026-05-05,,Active,42.51,Annual
SUB010831,CU010831,PL03,2025-08-12,,Active,359.45,Annual
SUB010832,CU010832,PL01,2025-10-24,,Active,61.24,Monthly
SUB010833,CU010833,PL01,2025-07-11,2025-11-29,Churned,61.24,Annual
SUB010834,CU010834,PL01,2024-03-10,2025-05-17,Churned,57.75,Monthly
SUB010835,CU010835,PL01,2023-07-22,2024-03-29,Churned,53.3,Monthly
SUB010836,CU010836,PL01,2025-08-04,,Active,53.27,Monthly
SUB010837,CU010837,PL04,2022-01-25,,Active,1057.24,Annual
SUB010838,CU010838,PL01,2022-04-17,,Active,44.5,Annual
SUB010839,CU010839,PL01,2024-05-03,2024-08-18,Churned,53.77,Monthly
SUB010840,CU010840,PL04,2023-04-21,,Active,1343.88,Monthly
SUB010841,CU010841,PL03,2023-10-07,,Active,394.33,Annual
SUB010842,CU010842,PL01,2026-02-19,,Active,52.02,Monthly
SUB010843,CU010843,PL03,2024-05-01,2025-01-22,Churned,378.97,Annual
SUB010844,CU010844,PL04,2023-02-24,,Active,1226.16,Monthly
SUB010845,CU010845,PL02,2023-12-01,,Active,131.23,Monthly
SUB010846,CU010846,PL03,2024-10-31,2026-06-04,Churned,393.88,Monthly
SUB010847,CU010847,PL02,2022-09-29,,Active,154.66,Monthly
SUB010848,CU010848,PL01,2025-05-30,2026-03-08,Churned,51.92,Annual
SUB010849,CU010849,PL02,2022-12-14,,Active,133.67,Monthly
SUB010850,CU010850,PL03,2023-10-23,2025-04-25,Churned,459.35,Monthly
SUB010851,CU010851,PL03,2024-01-25,,Active,466.4,Monthly
SUB010852,CU010852,PL04,2024-07-27,,Active,1165.87,Monthly
SUB010853,CU010853,PL01,2022-04-26,2025-07-23,Churned,50.64,Monthly
SUB010854,CU010854,PL03,2026-05-07,,Active,416.22,Annual
SUB010855,CU010855,PL02,2022-01-28,,Active,152.97,Annual
SUB010856,CU010856,PL01,2024-08-10,,Active,45.08,Monthly
SUB010857,CU010857,PL02,2024-03-21,,Active,145.71,Monthly
SUB010858,CU010858,PL03,2023-04-04,,Active,486.0,Monthly
SUB010859,CU010859,PL01,2023-07-25,,Active,45.28,Annual
SUB010860,CU010860,PL04,2025-07-05,,Active,1120.49,Annual
SUB010861,CU010861,PL03,2024-07-08,,Active,425.12,Annual
SUB010862,CU010862,PL02,2022-05-02,,Active,185.24,Annual
SUB010863,CU010863,PL02,2026-05-20,,Active,154.04,Annual
SUB010864,CU010864,PL02,2022-05-23,,Active,152.28,Annual
SUB010865,CU010865,PL02,2022-08-26,,Active,161.28,Annual
SUB010866,CU010866,PL01,2023-04-02,2025-01-02,Churned,44.84,Monthly
SUB010867,CU010867,PL03,2022-05-31,,Active,378.61,Annual
SUB010868,CU010868,PL02,2024-10-28,,Active,169.51,Annual
SUB010869,CU010869,PL01,2026-01-08,,Active,45.4,Monthly
SUB010870,CU010870,PL02,2022-09-16,,Active,154.0,Monthly
SUB010871,CU010871,PL03,2023-06-23,,Active,415.09,Monthly
SUB010872,CU010872,PL01,2026-01-06,,Active,51.85,Annual
SUB010873,CU010873,PL01,2022-11-27,,Active,49.31,Annual
SUB010874,CU010874,PL03,2023-09-17,,Active,425.72,Monthly
SUB010875,CU010875,PL04,2023-10-22,,Active,1110.59,Annual
SUB010876,CU010876,PL02,2026-05-29,,Active,142.96,Monthly
SUB010877,CU010877,PL03,2022-07-05,,Active,473.55,Annual
SUB010878,CU010878,PL03,2025-11-02,,Active,432.94,Annual
SUB010879,CU010879,PL01,2023-03-04,,Active,43.94,Monthly
SUB010880,CU010880,PL04,2022-02-08,,Active,1347.94,Monthly
SUB010881,CU010881,PL01,2023-01-16,2025-02-26,Churned,50.43,Annual
SUB010882,CU010882,PL01,2023-05-01,,Active,60.77,Annual
SUB010883,CU010883,PL01,2025-09-07,2026-01-03,Churned,59.95,Monthly
SUB010884,CU010884,PL01,2025-02-10,,Active,60.44,Monthly
SUB010885,CU010885,PL01,2022-08-02,,Active,51.64,Annual
SUB010886,CU010886,PL01,2025-12-25,,Active,47.29,Monthly
SUB010887,CU010887,PL03,2025-02-07,,Active,488.82,Annual
SUB010888,CU010888,PL04,2025-04-24,,Active,1047.56,Monthly
SUB010889,CU010889,PL01,2026-02-16,2026-06-24,Churned,48.66,Annual
SUB010890,CU010890,PL03,2025-01-12,,Active,435.09,Annual
SUB010891,CU010891,PL01,2024-05-15,,Active,45.52,Monthly
SUB010892,CU010892,PL01,2024-08-31,,Active,46.41,Monthly
SUB010893,CU010893,PL01,2024-04-04,,Active,56.66,Annual
SUB010894,CU010894,PL03,2025-07-23,,Active,438.63,Annual
SUB010895,CU010895,PL02,2025-07-02,,Active,134.02,Monthly
SUB010896,CU010896,PL03,2025-07-17,,Active,450.71,Annual
SUB010897,CU010897,PL04,2022-02-02,,Active,1323.71,Monthly
SUB010898,CU010898,PL01,2022-07-18,,Active,59.64,Monthly
SUB010899,CU010899,PL03,2025-10-06,,Active,339.38,Annual
SUB010900,CU010900,PL02,2025-02-24,,Active,165.77,Monthly
SUB010901,CU010901,PL01,2022-01-28,,Active,42.5,Annual
SUB010902,CU010902,PL04,2023-07-21,,Active,1276.78,Monthly
SUB010903,CU010903,PL02,2022-08-15,,Active,141.84,Annual
SUB010904,CU010904,PL03,2025-02-06,2025-12-25,Churned,391.37,Annual
SUB010905,CU010905,PL03,2023-09-26,,Active,478.5,Annual
SUB010906,CU010906,PL02,2026-04-08,,Active,149.33,Annual
SUB010907,CU010907,PL01,2025-06-30,,Active,54.09,Annual
SUB010908,CU010908,PL02,2024-05-01,,Active,177.09,Monthly
SUB010909,CU010909,PL01,2026-06-06,,Active,56.39,Monthly
SUB010910,CU010910,PL02,2022-01-31,,Active,167.66,Monthly
SUB010911,CU010911,PL04,2022-05-18,,Active,1189.27,Monthly
SUB010912,CU010912,PL01,2024-08-02,,Active,48.55,Annual
SUB010913,CU010913,PL02,2024-08-26,2025-08-10,Churned,145.37,Monthly
SUB010914,CU010914,PL01,2022-02-03,2026-02-15,Churned,48.84,Annual
SUB010915,CU010915,PL02,2024-01-31,2026-01-08,Churned,137.88,Annual
SUB010916,CU010916,PL02,2024-09-25,,Active,182.48,Annual
SUB010917,CU010917,PL02,2022-07-18,,Active,135.49,Monthly
SUB010918,CU010918,PL01,2022-07-15,,Active,49.75,Monthly
SUB010919,CU010919,PL01,2025-04-09,2026-01-15,Churned,52.82,Monthly
SUB010920,CU010920,PL01,2025-01-03,,Active,55.47,Monthly
SUB010921,CU010921,PL01,2022-01-20,,Active,48.3,Annual
SUB010922,CU010922,PL03,2024-07-08,,Active,361.11,Monthly
SUB010923,CU010923,PL03,2024-10-22,2025-03-25,Churned,400.0,Annual
SUB010924,CU010924,PL01,2023-08-12,,Active,46.52,Annual
SUB010925,CU010925,PL02,2023-01-05,,Active,169.51,Monthly
SUB010926,CU010926,PL01,2025-01-13,,Active,55.98,Monthly
SUB010927,CU010927,PL01,2024-04-04,,Active,52.48,Annual
SUB010928,CU010928,PL03,2023-07-11,2023-11-18,Churned,453.68,Annual
SUB010929,CU010929,PL01,2026-05-14,,Active,49.83,Monthly
SUB010930,CU010930,PL02,2024-04-14,2025-12-22,Churned,156.63,Monthly
SUB010931,CU010931,PL01,2025-06-27,,Active,52.62,Annual
SUB010932,CU010932,PL03,2024-02-17,,Active,424.18,Monthly
SUB010933,CU010933,PL01,2022-12-24,,Active,47.2,Monthly
SUB010934,CU010934,PL01,2023-06-26,,Active,45.42,Monthly
SUB010935,CU010935,PL01,2026-01-19,,Active,45.65,Monthly
SUB010936,CU010936,PL04,2023-09-07,,Active,1135.78,Monthly
SUB010937,CU010937,PL01,2024-06-16,,Active,55.36,Monthly
SUB010938,CU010938,PL02,2023-05-11,,Active,149.48,Annual
SUB010939,CU010939,PL01,2022-08-21,,Active,45.61,Annual
SUB010940,CU010940,PL03,2025-04-24,,Active,379.96,Annual
SUB010941,CU010941,PL01,2025-09-08,,Active,42.24,Annual
SUB010942,CU010942,PL01,2023-08-28,,Active,57.74,Monthly
SUB010943,CU010943,PL01,2023-11-20,,Active,49.19,Monthly
SUB010944,CU010944,PL01,2023-05-19,,Active,60.06,Annual
SUB010945,CU010945,PL01,2023-01-02,,Active,56.18,Annual
SUB010946,CU010946,PL03,2025-09-27,,Active,389.52,Annual
SUB010947,CU010947,PL01,2025-07-07,2026-03-30,Churned,55.44,Annual
SUB010948,CU010948,PL01,2022-03-23,,Active,59.1,Monthly
SUB010949,CU010949,PL02,2025-03-07,,Active,169.96,Monthly
SUB010950,CU010950,PL02,2026-01-10,,Active,142.52,Annual
SUB010951,CU010951,PL01,2022-05-15,,Active,50.61,Monthly
SUB010952,CU010952,PL04,2023-02-18,,Active,1229.45,Monthly
SUB010953,CU010953,PL02,2025-03-01,,Active,146.85,Annual
SUB010954,CU010954,PL01,2023-09-16,,Active,45.05,Monthly
SUB010955,CU010955,PL04,2023-05-09,,Active,1108.26,Monthly
SUB010956,CU010956,PL03,2022-12-13,,Active,383.35,Monthly
SUB010957,CU010957,PL04,2025-12-26,,Active,1192.55,Annual
SUB010958,CU010958,PL01,2025-06-04,,Active,48.81,Annual
SUB010959,CU010959,PL02,2023-11-11,,Active,173.82,Annual
SUB010960,CU010960,PL01,2024-05-25,2025-07-04,Churned,41.96,Annual
SUB010961,CU010961,PL01,2025-03-01,2025-11-24,Churned,50.15,Annual
SUB010962,CU010962,PL02,2024-01-20,,Active,177.08,Annual
SUB010963,CU010963,PL03,2023-04-07,,Active,382.54,Monthly
SUB010964,CU010964,PL01,2023-12-10,2024-10-15,Churned,54.02,Monthly
SUB010965,CU010965,PL02,2022-07-30,,Active,128.77,Monthly
SUB010966,CU010966,PL03,2025-11-25,,Active,424.9,Monthly
SUB010967,CU010967,PL02,2023-04-13,,Active,152.87,Monthly
SUB010968,CU010968,PL04,2025-08-21,,Active,1060.32,Annual
SUB010969,CU010969,PL02,2024-06-15,2025-10-09,Churned,147.25,Monthly
SUB010970,CU010970,PL01,2026-02-14,,Active,45.31,Annual
SUB010971,CU010971,PL02,2022-10-04,,Active,151.22,Monthly
SUB010972,CU010972,PL02,2026-04-17,,Active,143.67,Annual
SUB010973,CU010973,PL02,2025-09-26,,Active,172.86,Monthly
SUB010974,CU010974,PL03,2022-07-04,,Active,368.91,Annual
SUB010975,CU010975,PL02,2025-08-30,2026-05-16,Churned,138.45,Monthly
SUB010976,CU010976,PL03,2026-04-04,,Active,444.27,Monthly
SUB010977,CU010977,PL02,2022-08-14,2025-11-08,Churned,161.24,Monthly
SUB010978,CU010978,PL01,2022-10-01,,Active,55.63,Annual
SUB010979,CU010979,PL02,2024-02-09,2025-09-28,Churned,159.96,Monthly
SUB010980,CU010980,PL02,2022-05-10,,Active,169.31,Monthly
SUB010981,CU010981,PL02,2022-09-27,,Active,140.59,Annual
SUB010982,CU010982,PL04,2023-04-11,,Active,1107.85,Annual
SUB010983,CU010983,PL04,2024-10-08,,Active,1396.51,Annual
SUB010984,CU010984,PL01,2023-06-13,,Active,49.26,Annual
SUB010985,CU010985,PL04,2024-01-30,,Active,1043.35,Annual
SUB010986,CU010986,PL01,2022-03-05,,Active,57.22,Monthly
SUB010987,CU010987,PL02,2023-01-10,,Active,154.15,Monthly
SUB010988,CU010988,PL01,2026-05-25,,Active,46.69,Annual
SUB010989,CU010989,PL02,2022-11-03,,Active,174.86,Monthly
SUB010990,CU010990,PL03,2024-12-13,,Active,433.68,Annual
SUB010991,CU010991,PL04,2023-04-24,,Active,1355.0,Monthly
SUB010992,CU010992,PL03,2023-08-12,,Active,412.6,Annual
SUB010993,CU010993,PL03,2025-12-17,,Active,418.38,Annual
SUB010994,CU010994,PL01,2026-04-09,,Active,56.7,Annual
SUB010995,CU010995,PL03,2025-01-05,,Active,497.36,Annual
SUB010996,CU010996,PL02,2026-02-04,,Active,144.76,Monthly
SUB010997,CU010997,PL03,2022-08-06,,Active,381.24,Annual
SUB010998,CU010998,PL02,2025-03-14,,Active,150.92,Annual
SUB010999,CU010999,PL01,2024-03-07,,Active,54.52,Monthly
SUB011000,CU011000,PL02,2026-04-27,,Active,183.35,Annual
SUB011001,CU011001,PL01,2026-03-07,,Active,46.84,Monthly
SUB011002,CU011002,PL02,2023-09-03,,Active,144.66,Annual
SUB011003,CU011003,PL03,2025-03-15,,Active,385.64,Monthly
SUB011004,CU011004,PL02,2023-11-08,2025-04-04,Churned,159.09,Monthly
SUB011005,CU011005,PL01,2022-06-25,,Active,53.41,Annual
SUB011006,CU011006,PL01,2026-05-31,,Active,45.2,Annual
SUB011007,CU011007,PL01,2023-07-24,,Active,57.02,Annual
SUB011008,CU011008,PL01,2023-11-22,,Active,60.88,Monthly
SUB011009,CU011009,PL02,2024-03-07,,Active,153.95,Monthly
SUB011010,CU011010,PL03,2023-10-07,,Active,404.14,Monthly
SUB011011,CU011011,PL01,2023-08-15,2025-12-13,Churned,53.58,Annual
SUB011012,CU011012,PL02,2022-02-03,,Active,139.44,Monthly
SUB011013,CU011013,PL01,2023-09-05,,Active,59.3,Monthly
SUB011014,CU011014,PL02,2026-02-24,2026-07-14,Churned,178.9,Annual
SUB011015,CU011015,PL01,2023-05-10,2025-04-26,Churned,42.49,Monthly
SUB011016,CU011016,PL01,2023-02-11,,Active,57.79,Annual
SUB011017,CU011017,PL01,2025-06-28,2026-02-11,Churned,49.36,Monthly
SUB011018,CU011018,PL01,2023-04-27,,Active,55.45,Monthly
SUB011019,CU011019,PL02,2025-06-04,,Active,143.97,Monthly
SUB011020,CU011020,PL02,2022-03-16,2025-03-16,Churned,150.47,Monthly
SUB011021,CU011021,PL01,2022-07-03,,Active,57.51,Monthly
SUB011022,CU011022,PL01,2022-08-23,,Active,56.61,Annual
SUB011023,CU011023,PL03,2026-01-26,,Active,368.55,Annual
SUB011024,CU011024,PL01,2022-07-24,,Active,50.87,Annual
SUB011025,CU011025,PL01,2022-01-26,2022-12-30,Churned,55.7,Monthly
SUB011026,CU011026,PL04,2024-10-30,,Active,1024.3,Annual
SUB011027,CU011027,PL01,2022-06-23,2026-05-24,Churned,53.61,Annual
SUB011028,CU011028,PL01,2022-05-18,,Active,53.82,Annual
SUB011029,CU011029,PL01,2025-10-18,,Active,42.82,Annual
SUB011030,CU011030,PL02,2025-03-03,,Active,137.64,Annual
SUB011031,CU011031,PL04,2023-11-10,,Active,1126.98,Monthly
SUB011032,CU011032,PL01,2022-02-01,,Active,46.49,Monthly
SUB011033,CU011033,PL03,2024-05-22,,Active,344.31,Annual
SUB011034,CU011034,PL01,2026-03-18,,Active,56.24,Annual
SUB011035,CU011035,PL03,2022-12-12,,Active,466.8,Annual
SUB011036,CU011036,PL02,2024-04-22,2025-07-23,Churned,161.19,Annual
SUB011037,CU011037,PL03,2026-03-30,,Active,364.57,Annual
SUB011038,CU011038,PL03,2024-01-20,,Active,382.19,Annual
SUB011039,CU011039,PL02,2023-07-12,,Active,137.22,Annual
SUB011040,CU011040,PL03,2026-06-17,,Active,422.32,Monthly
SUB011041,CU011041,PL02,2022-04-24,,Active,174.5,Monthly
SUB011042,CU011042,PL02,2026-01-15,,Active,133.18,Annual
SUB011043,CU011043,PL02,2024-02-18,2024-08-24,Churned,131.13,Monthly
SUB011044,CU011044,PL04,2025-08-13,,Active,1388.7,Monthly
SUB011045,CU011045,PL02,2023-02-02,,Active,132.19,Annual
SUB011046,CU011046,PL02,2026-06-06,,Active,146.44,Monthly
SUB011047,CU011047,PL02,2025-02-08,2026-05-08,Churned,127.93,Annual
SUB011048,CU011048,PL02,2024-05-16,,Active,159.16,Monthly
SUB011049,CU011049,PL03,2025-10-25,2026-08-26,Churned,477.08,Annual
SUB011050,CU011050,PL03,2022-04-03,,Active,444.15,Annual
SUB011051,CU011051,PL01,2023-05-27,,Active,56.97,Annual
SUB011052,CU011052,PL02,2024-09-07,,Active,132.82,Annual
SUB011053,CU011053,PL01,2023-04-26,,Active,58.29,Annual
SUB011054,CU011054,PL01,2023-09-19,,Active,53.31,Annual
SUB011055,CU011055,PL01,2023-04-23,,Active,44.85,Monthly
SUB011056,CU011056,PL03,2025-06-02,,Active,430.47,Annual
SUB011057,CU011057,PL02,2022-09-07,,Active,177.71,Monthly
SUB011058,CU011058,PL01,2025-03-03,,Active,41.7,Monthly
SUB011059,CU011059,PL01,2026-05-09,,Active,57.08,Monthly
SUB011060,CU011060,PL02,2024-01-07,,Active,160.31,Monthly
SUB011061,CU011061,PL04,2023-02-11,2024-03-24,Churned,1225.45,Annual
SUB011062,CU011062,PL03,2025-04-29,2025-07-30,Churned,406.64,Annual
SUB011063,CU011063,PL01,2025-03-15,,Active,53.21,Annual
SUB011064,CU011064,PL02,2024-12-25,,Active,148.89,Annual
SUB011065,CU011065,PL01,2024-12-08,,Active,43.22,Monthly
SUB011066,CU011066,PL01,2022-02-28,,Active,52.97,Monthly
SUB011067,CU011067,PL03,2024-05-28,,Active,476.82,Annual
SUB011068,CU011068,PL02,2025-09-29,2026-07-25,Churned,128.77,Monthly
SUB011069,CU011069,PL01,2026-05-01,,Active,52.86,Annual
SUB011070,CU011070,PL03,2022-10-07,,Active,448.07,Monthly
SUB011071,CU011071,PL01,2022-10-22,,Active,49.35,Monthly
SUB011072,CU011072,PL01,2022-04-19,2024-05-24,Churned,44.88,Annual
SUB011073,CU011073,PL01,2025-09-14,,Active,59.48,Annual
SUB011074,CU011074,PL02,2024-03-17,,Active,140.46,Annual
SUB011075,CU011075,PL01,2022-11-06,,Active,46.53,Monthly
SUB011076,CU011076,PL01,2026-03-29,,Active,55.73,Annual
SUB011077,CU011077,PL04,2025-09-11,,Active,1319.44,Monthly
SUB011078,CU011078,PL01,2023-05-01,2025-05-20,Churned,46.85,Monthly
SUB011079,CU011079,PL02,2024-06-27,2025-05-23,Churned,180.08,Annual
SUB011080,CU011080,PL02,2025-09-29,,Active,171.73,Monthly
SUB011081,CU011081,PL03,2024-08-13,,Active,410.75,Annual
SUB011082,CU011082,PL03,2022-03-19,,Active,382.86,Monthly
SUB011083,CU011083,PL01,2022-04-15,,Active,55.07,Annual
SUB011084,CU011084,PL01,2023-09-08,,Active,44.82,Annual
SUB011085,CU011085,PL03,2024-04-02,,Active,407.22,Monthly
SUB011086,CU011086,PL04,2023-03-23,,Active,1492.63,Monthly
SUB011087,CU011087,PL03,2024-07-11,,Active,416.8,Monthly
SUB011088,CU011088,PL03,2023-03-30,,Active,418.4,Monthly
SUB011089,CU011089,PL03,2023-04-21,2025-12-12,Churned,431.83,Annual
SUB011090,CU011090,PL03,2025-12-21,2026-06-16,Churned,498.4,Monthly
SUB011091,CU011091,PL03,2024-07-05,,Active,474.17,Annual
SUB011092,CU011092,PL02,2024-10-01,,Active,139.48,Annual
SUB011093,CU011093,PL02,2025-03-12,,Active,176.64,Annual
SUB011094,CU011094,PL01,2024-06-22,,Active,42.67,Annual
SUB011095,CU011095,PL03,2022-11-26,,Active,485.33,Monthly
SUB011096,CU011096,PL01,2022-10-01,,Active,54.06,Annual
SUB011097,CU011097,PL01,2024-09-23,2025-08-11,Churned,52.53,Annual
SUB011098,CU011098,PL02,2024-04-13,,Active,177.97,Annual
SUB011099,CU011099,PL02,2023-06-06,,Active,145.4,Annual
SUB011100,CU011100,PL02,2023-09-04,,Active,169.78,Monthly
SUB011101,CU011101,PL01,2025-01-27,,Active,61.08,Annual
SUB011102,CU011102,PL03,2022-08-28,,Active,381.22,Monthly
SUB011103,CU011103,PL04,2025-11-29,,Active,1123.51,Annual
SUB011104,CU011104,PL02,2024-02-24,,Active,148.19,Annual
SUB011105,CU011105,PL03,2023-06-12,,Active,395.6,Monthly
SUB011106,CU011106,PL01,2022-04-09,2025-01-26,Churned,46.26,Annual
SUB011107,CU011107,PL02,2025-11-23,,Active,138.09,Annual
SUB011108,CU011108,PL02,2026-02-09,,Active,144.58,Annual
SUB011109,CU011109,PL03,2024-10-24,,Active,463.88,Monthly
SUB011110,CU011110,PL02,2022-07-19,,Active,130.58,Monthly
SUB011111,CU011111,PL02,2026-02-17,,Active,141.74,Monthly
SUB011112,CU011112,PL02,2024-10-06,,Active,145.94,Monthly
SUB011113,CU011113,PL02,2024-06-03,2025-09-16,Churned,156.61,Monthly
SUB011114,CU011114,PL03,2026-05-20,,Active,417.15,Annual
SUB011115,CU011115,PL01,2023-05-06,2026-08-10,Churned,43.62,Monthly
SUB011116,CU011116,PL03,2024-03-23,,Active,459.12,Monthly
SUB011117,CU011117,PL01,2023-05-05,,Active,46.45,Annual
SUB011118,CU011118,PL04,2026-04-29,,Active,1308.14,Monthly
SUB011119,CU011119,PL01,2023-07-12,,Active,60.44,Annual
SUB011120,CU011120,PL01,2024-07-07,2024-12-26,Churned,42.97,Monthly
SUB011121,CU011121,PL02,2023-11-13,2026-08-01,Churned,176.99,Annual
SUB011122,CU011122,PL01,2023-12-03,,Active,50.01,Monthly
SUB011123,CU011123,PL01,2024-06-12,,Active,42.15,Annual
SUB011124,CU011124,PL01,2025-02-06,2025-12-04,Churned,46.89,Annual
SUB011125,CU011125,PL01,2024-05-19,,Active,57.42,Annual
SUB011126,CU011126,PL01,2022-09-08,,Active,47.43,Monthly
SUB011127,CU011127,PL02,2024-07-27,,Active,131.64,Annual
SUB011128,CU011128,PL01,2026-05-27,,Active,41.77,Monthly
SUB011129,CU011129,PL02,2024-03-27,,Active,142.44,Monthly
SUB011130,CU011130,PL02,2025-03-13,,Active,167.51,Annual
SUB011131,CU011131,PL03,2025-10-18,,Active,411.42,Monthly
SUB011132,CU011132,PL01,2022-04-30,,Active,43.01,Annual
SUB011133,CU011133,PL02,2026-01-01,,Active,169.6,Annual
SUB011134,CU011134,PL03,2024-05-06,,Active,432.39,Annual
SUB011135,CU011135,PL01,2023-09-26,,Active,54.78,Annual
SUB011136,CU011136,PL03,2023-04-30,2025-06-03,Churned,389.24,Monthly
SUB011137,CU011137,PL03,2024-03-23,,Active,434.49,Monthly
SUB011138,CU011138,PL01,2026-06-12,,Active,57.59,Monthly
SUB011139,CU011139,PL01,2024-10-11,2025-03-15,Churned,49.3,Annual
SUB011140,CU011140,PL02,2024-05-03,2026-01-31,Churned,185.98,Monthly
SUB011141,CU011141,PL02,2024-11-20,,Active,146.65,Monthly
SUB011142,CU011142,PL02,2024-09-01,,Active,158.33,Annual
SUB011143,CU011143,PL02,2022-09-25,,Active,128.18,Annual
SUB011144,CU011144,PL02,2023-06-05,,Active,179.02,Annual
SUB011145,CU011145,PL02,2026-06-06,,Active,160.37,Monthly
SUB011146,CU011146,PL02,2024-01-03,,Active,159.1,Monthly
SUB011147,CU011147,PL03,2022-06-06,2023-11-23,Churned,458.69,Annual
SUB011148,CU011148,PL04,2023-08-06,,Active,1151.91,Annual
SUB011149,CU011149,PL02,2023-08-08,2025-05-18,Churned,156.19,Annual
SUB011150,CU011150,PL02,2023-12-31,,Active,157.92,Annual
SUB011151,CU011151,PL04,2025-12-17,,Active,1087.37,Annual
SUB011152,CU011152,PL02,2025-09-01,,Active,147.29,Annual
SUB011153,CU011153,PL02,2022-05-08,,Active,143.19,Monthly
SUB011154,CU011154,PL02,2022-09-26,,Active,164.33,Monthly
SUB011155,CU011155,PL04,2026-02-08,,Active,1257.15,Monthly
SUB011156,CU011156,PL02,2026-02-14,,Active,184.74,Monthly
SUB011157,CU011157,PL03,2023-07-11,,Active,362.02,Monthly
SUB011158,CU011158,PL02,2026-03-25,,Active,131.19,Annual
SUB011159,CU011159,PL01,2024-10-31,,Active,44.74,Annual
SUB011160,CU011160,PL02,2024-04-03,,Active,159.44,Monthly
SUB011161,CU011161,PL01,2022-02-07,2026-08-16,Churned,46.34,Annual
SUB011162,CU011162,PL02,2022-06-09,,Active,175.06,Annual
SUB011163,CU011163,PL01,2025-09-14,,Active,57.27,Monthly
SUB011164,CU011164,PL01,2025-10-24,,Active,46.95,Annual
SUB011165,CU011165,PL01,2022-12-02,,Active,51.68,Monthly
SUB011166,CU011166,PL02,2023-08-26,,Active,134.92,Annual
SUB011167,CU011167,PL01,2022-01-07,2023-06-15,Churned,54.65,Monthly
SUB011168,CU011168,PL01,2025-09-11,,Active,52.76,Monthly
SUB011169,CU011169,PL02,2023-12-26,,Active,169.94,Monthly
SUB011170,CU011170,PL02,2022-09-26,,Active,173.0,Annual
SUB011171,CU011171,PL01,2024-05-19,2024-12-14,Churned,54.24,Monthly
SUB011172,CU011172,PL01,2024-06-02,,Active,42.42,Annual
SUB011173,CU011173,PL01,2024-03-30,,Active,55.84,Annual
SUB011174,CU011174,PL03,2022-02-26,,Active,365.54,Annual
SUB011175,CU011175,PL04,2026-06-01,,Active,1101.15,Annual
SUB011176,CU011176,PL02,2024-07-11,,Active,141.35,Monthly
SUB011177,CU011177,PL01,2022-10-30,,Active,44.46,Monthly
SUB011178,CU011178,PL01,2025-10-07,,Active,61.09,Monthly
SUB011179,CU011179,PL04,2025-10-12,,Active,1240.29,Annual
SUB011180,CU011180,PL03,2026-04-27,,Active,358.02,Monthly
SUB011181,CU011181,PL04,2025-01-16,,Active,1383.89,Annual
SUB011182,CU011182,PL01,2024-02-06,2024-08-05,Churned,58.2,Annual
SUB011183,CU011183,PL03,2024-01-12,,Active,457.94,Annual
SUB011184,CU011184,PL01,2025-04-22,2025-08-02,Churned,55.97,Monthly
SUB011185,CU011185,PL01,2024-12-22,2025-03-25,Churned,53.34,Monthly
SUB011186,CU011186,PL02,2022-08-10,,Active,153.63,Annual
SUB011187,CU011187,PL02,2022-01-15,,Active,175.67,Annual
SUB011188,CU011188,PL01,2026-06-05,,Active,53.48,Annual
SUB011189,CU011189,PL01,2022-04-28,,Active,52.91,Annual
SUB011190,CU011190,PL02,2026-01-11,,Active,132.96,Monthly
SUB011191,CU011191,PL03,2022-08-16,,Active,442.02,Monthly
SUB011192,CU011192,PL02,2024-09-25,,Active,148.47,Annual
SUB011193,CU011193,PL03,2025-05-28,2025-10-23,Churned,436.81,Annual
SUB011194,CU011194,PL02,2022-08-08,,Active,183.77,Monthly
SUB011195,CU011195,PL03,2023-08-23,2026-08-27,Churned,442.9,Monthly
SUB011196,CU011196,PL04,2023-12-10,,Active,1176.62,Annual
SUB011197,CU011197,PL03,2025-08-12,,Active,389.22,Annual
SUB011198,CU011198,PL04,2023-02-25,,Active,1362.65,Monthly
SUB011199,CU011199,PL02,2024-12-16,,Active,172.41,Monthly
SUB011200,CU011200,PL01,2022-04-02,,Active,52.34,Monthly
SUB011201,CU011201,PL02,2023-11-25,,Active,166.43,Annual
SUB011202,CU011202,PL01,2023-06-16,,Active,42.31,Annual
SUB011203,CU011203,PL01,2024-11-27,,Active,51.73,Annual
SUB011204,CU011204,PL03,2023-09-13,,Active,447.99,Monthly
SUB011205,CU011205,PL01,2023-12-25,,Active,60.94,Annual
SUB011206,CU011206,PL01,2025-07-15,,Active,52.07,Monthly
SUB011207,CU011207,PL02,2023-06-06,,Active,160.66,Annual
SUB011208,CU011208,PL03,2026-04-06,,Active,447.69,Monthly
SUB011209,CU011209,PL02,2025-03-23,,Active,185.68,Monthly
SUB011210,CU011210,PL03,2025-02-27,2026-03-30,Churned,357.62,Monthly
SUB011211,CU011211,PL03,2024-04-01,,Active,482.99,Annual
SUB011212,CU011212,PL02,2022-11-27,,Active,150.27,Annual
SUB011213,CU011213,PL02,2024-01-30,,Active,150.12,Monthly
SUB011214,CU011214,PL04,2023-12-08,,Active,1037.97,Monthly
SUB011215,CU011215,PL02,2025-09-23,2026-08-21,Churned,161.69,Monthly
SUB011216,CU011216,PL01,2024-04-15,,Active,57.36,Monthly
SUB011217,CU011217,PL01,2024-10-18,,Active,57.24,Monthly
SUB011218,CU011218,PL02,2026-01-04,,Active,146.37,Annual
SUB011219,CU011219,PL02,2025-08-13,,Active,172.64,Monthly
SUB011220,CU011220,PL02,2025-01-09,2025-08-25,Churned,136.59,Monthly
SUB011221,CU011221,PL04,2022-01-11,,Active,1274.89,Annual
SUB011222,CU011222,PL02,2025-10-06,,Active,154.21,Annual
SUB011223,CU011223,PL02,2026-04-07,,Active,181.4,Monthly
SUB011224,CU011224,PL02,2024-06-30,,Active,144.56,Annual
SUB011225,CU011225,PL04,2023-12-17,,Active,1078.59,Monthly
SUB011226,CU011226,PL01,2022-09-17,,Active,50.64,Annual
SUB011227,CU011227,PL01,2024-09-08,,Active,51.05,Monthly
SUB011228,CU011228,PL02,2026-04-07,,Active,143.21,Annual
SUB011229,CU011229,PL03,2023-11-25,2026-05-25,Churned,456.95,Monthly
SUB011230,CU011230,PL03,2024-07-26,,Active,455.32,Annual
SUB011231,CU011231,PL04,2022-10-07,,Active,1040.17,Monthly
SUB011232,CU011232,PL02,2026-03-21,,Active,154.99,Monthly
SUB011233,CU011233,PL04,2023-03-22,,Active,1210.91,Annual
SUB011234,CU011234,PL01,2025-12-27,,Active,43.48,Monthly
SUB011235,CU011235,PL02,2022-09-15,,Active,144.65,Monthly
SUB011236,CU011236,PL03,2023-06-16,,Active,461.38,Monthly
SUB011237,CU011237,PL01,2022-09-02,2025-03-26,Churned,47.5,Annual
SUB011238,CU011238,PL03,2023-02-27,,Active,437.04,Monthly
SUB011239,CU011239,PL03,2023-03-28,,Active,485.43,Annual
SUB011240,CU011240,PL04,2022-08-07,,Active,1050.73,Monthly
SUB011241,CU011241,PL04,2022-11-06,,Active,1491.7,Annual
SUB011242,CU011242,PL02,2022-09-27,,Active,177.24,Annual
SUB011243,CU011243,PL01,2022-06-23,,Active,46.16,Monthly
SUB011244,CU011244,PL02,2023-09-18,,Active,159.54,Monthly
SUB011245,CU011245,PL01,2024-03-06,,Active,58.22,Annual
SUB011246,CU011246,PL01,2024-06-25,,Active,60.5,Annual
SUB011247,CU011247,PL01,2025-05-22,,Active,47.88,Annual
SUB011248,CU011248,PL01,2023-12-15,,Active,60.98,Annual
SUB011249,CU011249,PL01,2026-02-06,2026-08-07,Churned,48.29,Annual
SUB011250,CU011250,PL04,2025-04-11,,Active,1305.88,Annual
SUB011251,CU011251,PL02,2026-05-17,,Active,157.08,Annual
SUB011252,CU011252,PL03,2025-09-19,,Active,354.46,Monthly
SUB011253,CU011253,PL01,2022-06-19,,Active,60.5,Monthly
SUB011254,CU011254,PL02,2023-12-10,,Active,155.78,Annual
SUB011255,CU011255,PL04,2024-03-29,2025-11-19,Churned,1380.45,Monthly
SUB011256,CU011256,PL03,2024-04-20,,Active,346.91,Monthly
SUB011257,CU011257,PL01,2024-08-20,,Active,42.74,Annual
SUB011258,CU011258,PL01,2026-02-12,,Active,54.53,Annual
SUB011259,CU011259,PL02,2022-06-29,,Active,168.74,Monthly
SUB011260,CU011260,PL01,2024-03-12,2025-05-14,Churned,51.75,Annual
SUB011261,CU011261,PL02,2024-08-20,2026-04-04,Churned,128.57,Monthly
SUB011262,CU011262,PL01,2022-02-09,,Active,57.92,Monthly
SUB011263,CU011263,PL01,2026-03-12,,Active,54.01,Monthly
SUB011264,CU011264,PL01,2025-10-29,2026-07-25,Churned,43.1,Monthly
SUB011265,CU011265,PL02,2026-02-04,,Active,182.92,Annual
SUB011266,CU011266,PL01,2023-11-24,,Active,42.88,Monthly
SUB011267,CU011267,PL01,2022-09-21,,Active,43.21,Monthly
SUB011268,CU011268,PL03,2026-04-19,,Active,457.11,Monthly
SUB011269,CU011269,PL01,2024-10-19,,Active,54.99,Monthly
SUB011270,CU011270,PL03,2025-10-31,,Active,391.77,Annual
SUB011271,CU011271,PL01,2022-09-02,,Active,54.7,Annual
SUB011272,CU011272,PL02,2022-03-31,2024-05-23,Churned,157.09,Annual
SUB011273,CU011273,PL02,2022-07-14,2023-11-15,Churned,155.23,Annual
SUB011274,CU011274,PL01,2025-08-19,,Active,42.76,Annual
SUB011275,CU011275,PL04,2025-11-10,,Active,1339.56,Monthly
SUB011276,CU011276,PL02,2024-12-24,,Active,183.76,Annual
SUB011277,CU011277,PL03,2022-11-21,,Active,378.05,Annual
SUB011278,CU011278,PL02,2025-08-08,,Active,164.0,Monthly
SUB011279,CU011279,PL02,2024-09-04,,Active,166.31,Annual
SUB011280,CU011280,PL03,2023-10-08,,Active,358.22,Annual
SUB011281,CU011281,PL02,2022-09-01,,Active,178.61,Monthly
SUB011282,CU011282,PL02,2022-03-13,,Active,178.43,Monthly
SUB011283,CU011283,PL02,2024-01-01,,Active,154.88,Annual
SUB011284,CU011284,PL01,2022-05-05,,Active,49.1,Annual
SUB011285,CU011285,PL02,2025-10-30,,Active,138.94,Monthly
SUB011286,CU011286,PL02,2026-06-28,,Active,162.09,Annual
SUB011287,CU011287,PL02,2023-07-31,,Active,142.75,Monthly
SUB011288,CU011288,PL04,2024-08-07,,Active,1297.32,Annual
SUB011289,CU011289,PL02,2024-07-23,,Active,148.65,Monthly
SUB011290,CU011290,PL02,2022-05-04,2023-12-27,Churned,170.17,Monthly
SUB011291,CU011291,PL02,2024-04-17,,Active,151.04,Annual
SUB011292,CU011292,PL04,2023-11-14,,Active,1453.3,Monthly
SUB011293,CU011293,PL02,2022-03-04,,Active,136.99,Monthly
SUB011294,CU011294,PL02,2022-11-06,,Active,149.31,Monthly
SUB011295,CU011295,PL02,2024-08-12,,Active,182.38,Annual
SUB011296,CU011296,PL03,2022-02-15,,Active,496.33,Annual
SUB011297,CU011297,PL03,2023-07-31,,Active,446.31,Annual
SUB011298,CU011298,PL02,2024-01-17,,Active,150.81,Annual
SUB011299,CU011299,PL04,2026-06-09,,Active,1477.02,Monthly
SUB011300,CU011300,PL01,2024-11-05,,Active,43.12,Monthly
SUB011301,CU011301,PL03,2024-10-29,,Active,432.21,Annual
SUB011302,CU011302,PL01,2022-04-28,,Active,51.66,Annual
SUB011303,CU011303,PL02,2026-03-01,,Active,186.09,Monthly
SUB011304,CU011304,PL02,2026-06-09,,Active,171.59,Annual
SUB011305,CU011305,PL02,2026-04-16,,Active,175.26,Annual
SUB011306,CU011306,PL01,2022-01-18,,Active,52.54,Monthly
SUB011307,CU011307,PL02,2025-07-30,,Active,171.62,Annual
SUB011308,CU011308,PL03,2022-11-07,,Active,485.16,Annual
SUB011309,CU011309,PL02,2024-10-13,,Active,157.68,Annual
SUB011310,CU011310,PL03,2024-08-22,,Active,350.1,Monthly
SUB011311,CU011311,PL01,2022-09-19,2023-11-18,Churned,48.93,Annual
SUB011312,CU011312,PL02,2023-04-22,,Active,132.8,Annual
SUB011313,CU011313,PL02,2023-04-11,,Active,141.77,Annual
SUB011314,CU011314,PL01,2023-06-21,2024-08-15,Churned,57.06,Monthly
SUB011315,CU011315,PL01,2025-11-03,2026-02-14,Churned,44.94,Monthly
SUB011316,CU011316,PL02,2024-02-21,,Active,133.11,Annual
SUB011317,CU011317,PL02,2023-07-17,2025-05-05,Churned,139.66,Monthly
SUB011318,CU011318,PL02,2026-03-04,,Active,136.83,Annual
SUB011319,CU011319,PL02,2024-06-18,2026-07-31,Churned,132.8,Annual
SUB011320,CU011320,PL03,2024-03-04,2026-02-23,Churned,368.61,Monthly
SUB011321,CU011321,PL01,2024-09-19,2025-12-10,Churned,46.45,Monthly
SUB011322,CU011322,PL02,2022-01-27,,Active,127.51,Monthly
SUB011323,CU011323,PL01,2022-08-21,,Active,60.19,Monthly
SUB011324,CU011324,PL02,2024-01-22,2025-04-25,Churned,162.02,Annual
SUB011325,CU011325,PL02,2022-12-14,2023-09-28,Churned,138.63,Monthly
SUB011326,CU011326,PL02,2022-03-01,,Active,147.52,Annual
SUB011327,CU011327,PL02,2023-09-07,,Active,149.04,Annual
SUB011328,CU011328,PL02,2023-10-21,,Active,135.81,Monthly
SUB011329,CU011329,PL03,2023-11-02,,Active,411.85,Annual
SUB011330,CU011330,PL04,2026-05-08,,Active,1129.11,Monthly
SUB011331,CU011331,PL01,2023-02-20,2024-07-12,Churned,52.31,Annual
SUB011332,CU011332,PL01,2024-04-10,,Active,61.17,Monthly
SUB011333,CU011333,PL01,2025-07-27,,Active,45.99,Monthly
SUB011334,CU011334,PL02,2023-11-15,,Active,152.28,Annual
SUB011335,CU011335,PL04,2025-04-30,,Active,1434.91,Annual
SUB011336,CU011336,PL02,2023-11-20,,Active,131.97,Annual
SUB011337,CU011337,PL02,2025-06-13,,Active,182.21,Annual
SUB011338,CU011338,PL02,2023-05-23,,Active,145.77,Monthly
SUB011339,CU011339,PL03,2024-08-20,,Active,388.41,Annual
SUB011340,CU011340,PL01,2026-01-21,,Active,60.25,Annual
SUB011341,CU011341,PL03,2024-11-03,,Active,482.16,Monthly
SUB011342,CU011342,PL02,2022-11-12,2024-06-06,Churned,137.42,Monthly
SUB011343,CU011343,PL02,2023-05-24,,Active,177.1,Monthly
SUB011344,CU011344,PL02,2026-01-03,,Active,151.74,Annual
SUB011345,CU011345,PL01,2024-08-28,2025-10-17,Churned,59.64,Monthly
SUB011346,CU011346,PL02,2025-11-20,,Active,151.09,Monthly
SUB011347,CU011347,PL02,2024-01-06,,Active,133.38,Annual
SUB011348,CU011348,PL01,2025-01-04,,Active,51.22,Monthly
SUB011349,CU011349,PL02,2024-06-14,2025-05-28,Churned,170.88,Annual
SUB011350,CU011350,PL02,2025-06-26,,Active,181.75,Monthly
SUB011351,CU011351,PL01,2025-08-14,,Active,51.6,Monthly
SUB011352,CU011352,PL02,2026-05-21,,Active,153.56,Annual
SUB011353,CU011353,PL01,2025-10-24,2026-03-22,Churned,51.91,Annual
SUB011354,CU011354,PL03,2022-10-23,,Active,418.13,Annual
SUB011355,CU011355,PL03,2024-02-09,,Active,395.88,Annual
SUB011356,CU011356,PL01,2023-03-06,,Active,47.58,Annual
SUB011357,CU011357,PL02,2024-04-04,,Active,170.87,Monthly
SUB011358,CU011358,PL02,2024-05-29,,Active,135.35,Monthly
SUB011359,CU011359,PL02,2026-05-27,,Active,166.21,Monthly
SUB011360,CU011360,PL01,2025-03-13,,Active,58.51,Monthly
SUB011361,CU011361,PL04,2025-02-03,,Active,1033.03,Annual
SUB011362,CU011362,PL03,2023-03-24,,Active,401.12,Annual
SUB011363,CU011363,PL01,2024-05-30,,Active,55.13,Annual
SUB011364,CU011364,PL02,2023-08-29,,Active,135.9,Monthly
SUB011365,CU011365,PL03,2022-10-01,,Active,495.96,Monthly
SUB011366,CU011366,PL03,2023-11-20,,Active,466.23,Annual
SUB011367,CU011367,PL01,2022-05-14,,Active,43.32,Annual
SUB011368,CU011368,PL03,2023-08-19,,Active,466.25,Annual
SUB011369,CU011369,PL03,2026-04-30,,Active,384.44,Annual
SUB011370,CU011370,PL03,2022-02-28,,Active,344.87,Monthly
SUB011371,CU011371,PL04,2023-02-23,,Active,1183.71,Monthly
SUB011372,CU011372,PL01,2022-05-29,,Active,42.09,Monthly
SUB011373,CU011373,PL02,2022-04-14,2026-04-12,Churned,166.31,Monthly
SUB011374,CU011374,PL04,2024-09-24,,Active,1477.67,Monthly
SUB011375,CU011375,PL03,2023-08-12,,Active,368.81,Annual
SUB011376,CU011376,PL01,2024-06-26,,Active,52.72,Annual
SUB011377,CU011377,PL01,2022-01-05,,Active,43.51,Annual
SUB011378,CU011378,PL01,2025-07-10,2026-04-11,Churned,53.98,Annual
SUB011379,CU011379,PL01,2026-01-28,,Active,42.16,Monthly
SUB011380,CU011380,PL02,2023-07-15,,Active,165.58,Annual
SUB011381,CU011381,PL01,2025-10-01,,Active,55.89,Annual
SUB011382,CU011382,PL02,2022-03-13,,Active,132.82,Monthly
SUB011383,CU011383,PL03,2026-05-05,,Active,469.39,Monthly
SUB011384,CU011384,PL03,2026-03-09,,Active,372.95,Annual
SUB011385,CU011385,PL02,2024-03-12,,Active,173.7,Monthly
SUB011386,CU011386,PL03,2025-08-06,,Active,340.91,Annual
SUB011387,CU011387,PL01,2025-07-25,2026-03-19,Churned,52.65,Annual
SUB011388,CU011388,PL01,2026-06-11,,Active,43.9,Monthly
SUB011389,CU011389,PL03,2023-10-18,,Active,414.87,Annual
SUB011390,CU011390,PL03,2023-01-03,,Active,374.39,Monthly
SUB011391,CU011391,PL03,2023-01-03,,Active,343.08,Monthly
SUB011392,CU011392,PL01,2024-02-22,2026-01-29,Churned,50.22,Annual
SUB011393,CU011393,PL02,2024-03-19,,Active,185.03,Annual
SUB011394,CU011394,PL03,2025-05-12,,Active,394.57,Annual
SUB011395,CU011395,PL02,2022-10-29,,Active,174.32,Annual
SUB011396,CU011396,PL01,2023-07-05,2026-04-04,Churned,60.94,Annual
SUB011397,CU011397,PL03,2023-07-24,,Active,358.78,Monthly
SUB011398,CU011398,PL04,2023-10-17,,Active,1258.91,Annual
SUB011399,CU011399,PL02,2022-06-15,,Active,128.03,Annual
SUB011400,CU011400,PL04,2023-09-12,,Active,1177.83,Monthly
SUB011401,CU011401,PL01,2022-01-03,,Active,53.85,Annual
SUB011402,CU011402,PL02,2022-12-06,2024-07-11,Churned,132.31,Annual
SUB011403,CU011403,PL03,2022-03-20,2023-06-08,Churned,401.81,Annual
SUB011404,CU011404,PL01,2024-11-25,,Active,60.5,Monthly
SUB011405,CU011405,PL01,2022-12-02,,Active,42.92,Annual
SUB011406,CU011406,PL04,2024-02-28,,Active,1383.6,Monthly
SUB011407,CU011407,PL02,2024-11-30,,Active,174.28,Monthly
SUB011408,CU011408,PL02,2023-08-11,,Active,160.52,Monthly
SUB011409,CU011409,PL02,2023-10-20,,Active,137.2,Monthly
SUB011410,CU011410,PL02,2022-01-18,,Active,143.97,Monthly
SUB011411,CU011411,PL02,2023-06-22,,Active,179.22,Annual
SUB011412,CU011412,PL01,2024-01-15,,Active,55.37,Monthly
SUB011413,CU011413,PL02,2024-06-24,,Active,171.6,Annual
SUB011414,CU011414,PL02,2024-09-06,,Active,138.09,Annual
SUB011415,CU011415,PL01,2025-07-29,,Active,59.61,Monthly
SUB011416,CU011416,PL02,2025-02-25,,Active,164.34,Annual
SUB011417,CU011417,PL02,2026-05-10,,Active,141.92,Annual
SUB011418,CU011418,PL01,2025-01-11,,Active,56.26,Monthly
SUB011419,CU011419,PL01,2023-02-22,,Active,50.49,Annual
SUB011420,CU011420,PL03,2026-01-03,,Active,448.12,Monthly
SUB011421,CU011421,PL01,2024-05-04,,Active,53.47,Monthly
SUB011422,CU011422,PL04,2025-12-19,,Active,1250.86,Annual
SUB011423,CU011423,PL02,2024-01-17,,Active,141.61,Monthly
SUB011424,CU011424,PL01,2024-08-22,2026-01-22,Churned,42.08,Annual
SUB011425,CU011425,PL02,2024-06-18,,Active,147.09,Monthly
SUB011426,CU011426,PL01,2022-10-06,,Active,56.42,Monthly
SUB011427,CU011427,PL02,2025-07-23,2026-01-05,Churned,169.73,Annual
SUB011428,CU011428,PL03,2022-02-25,,Active,409.28,Annual
SUB011429,CU011429,PL02,2022-04-25,2023-05-10,Churned,158.71,Annual
SUB011430,CU011430,PL01,2022-02-26,2024-07-19,Churned,58.3,Monthly
SUB011431,CU011431,PL01,2024-08-30,2025-11-21,Churned,45.19,Monthly
SUB011432,CU011432,PL03,2025-10-24,2026-05-18,Churned,396.91,Monthly
SUB011433,CU011433,PL04,2024-01-29,,Active,1440.23,Monthly
SUB011434,CU011434,PL02,2024-01-09,2024-09-26,Churned,178.29,Monthly
SUB011435,CU011435,PL04,2022-04-06,,Active,1274.65,Annual
SUB011436,CU011436,PL01,2026-02-21,,Active,45.74,Annual
SUB011437,CU011437,PL03,2022-08-31,,Active,444.84,Annual
SUB011438,CU011438,PL01,2025-09-03,,Active,49.81,Monthly
SUB011439,CU011439,PL02,2025-05-31,,Active,143.67,Monthly
SUB011440,CU011440,PL02,2022-03-08,,Active,170.07,Monthly
SUB011441,CU011441,PL02,2022-01-27,2022-08-20,Churned,166.14,Annual
SUB011442,CU011442,PL02,2022-04-23,,Active,145.03,Monthly
SUB011443,CU011443,PL02,2022-05-14,,Active,152.93,Annual
SUB011444,CU011444,PL03,2023-02-10,,Active,440.04,Monthly
SUB011445,CU011445,PL03,2025-05-31,,Active,376.74,Annual
SUB011446,CU011446,PL03,2025-06-14,,Active,440.2,Annual
SUB011447,CU011447,PL01,2026-06-16,,Active,44.54,Monthly
SUB011448,CU011448,PL02,2026-03-15,,Active,166.41,Monthly
SUB011449,CU011449,PL02,2026-01-11,,Active,145.24,Monthly
SUB011450,CU011450,PL02,2024-06-29,2024-12-28,Churned,161.78,Monthly
SUB011451,CU011451,PL02,2024-01-20,2024-12-22,Churned,131.23,Annual
SUB011452,CU011452,PL04,2026-06-28,,Active,1164.81,Monthly
SUB011453,CU011453,PL03,2022-11-07,,Active,456.12,Annual
SUB011454,CU011454,PL02,2024-05-04,,Active,164.75,Monthly
SUB011455,CU011455,PL02,2025-03-15,2026-03-14,Churned,133.24,Monthly
SUB011456,CU011456,PL03,2023-08-24,,Active,448.07,Monthly
SUB011457,CU011457,PL02,2024-10-05,,Active,146.11,Monthly
SUB011458,CU011458,PL01,2024-09-13,,Active,60.35,Monthly
SUB011459,CU011459,PL02,2024-03-26,,Active,159.24,Annual
SUB011460,CU011460,PL01,2022-09-11,,Active,47.49,Monthly
SUB011461,CU011461,PL02,2025-09-10,,Active,166.97,Annual
SUB011462,CU011462,PL03,2025-05-02,2025-08-01,Churned,438.76,Annual
SUB011463,CU011463,PL04,2024-09-13,,Active,1487.67,Annual
SUB011464,CU011464,PL02,2025-05-31,,Active,130.04,Monthly
SUB011465,CU011465,PL03,2025-06-14,,Active,400.07,Annual
SUB011466,CU011466,PL02,2022-12-14,,Active,155.34,Annual
SUB011467,CU011467,PL03,2024-11-10,,Active,433.32,Monthly
SUB011468,CU011468,PL02,2024-01-01,,Active,136.12,Annual
SUB011469,CU011469,PL02,2024-03-20,,Active,132.05,Annual
SUB011470,CU011470,PL01,2023-02-21,,Active,42.5,Annual
SUB011471,CU011471,PL03,2024-05-29,2024-12-08,Churned,441.95,Monthly
SUB011472,CU011472,PL01,2025-07-12,,Active,52.98,Monthly
SUB011473,CU011473,PL01,2022-10-07,,Active,52.73,Annual
SUB011474,CU011474,PL02,2025-09-12,,Active,132.9,Monthly
SUB011475,CU011475,PL03,2022-12-26,2023-05-24,Churned,478.86,Monthly
SUB011476,CU011476,PL02,2022-02-05,,Active,149.13,Monthly
SUB011477,CU011477,PL01,2022-07-24,2023-12-02,Churned,42.55,Annual
SUB011478,CU011478,PL04,2024-11-02,,Active,1107.31,Annual
SUB011479,CU011479,PL02,2025-05-27,,Active,158.97,Annual
SUB011480,CU011480,PL01,2022-08-11,,Active,54.74,Annual
SUB011481,CU011481,PL01,2022-03-29,,Active,55.62,Annual
SUB011482,CU011482,PL01,2022-02-08,,Active,51.66,Monthly
SUB011483,CU011483,PL03,2024-10-22,,Active,426.09,Annual
SUB011484,CU011484,PL01,2024-01-08,,Active,42.67,Annual
SUB011485,CU011485,PL01,2022-05-19,,Active,44.93,Monthly
SUB011486,CU011486,PL01,2022-07-25,,Active,43.64,Monthly
SUB011487,CU011487,PL03,2024-08-08,,Active,410.89,Annual
SUB011488,CU011488,PL02,2023-05-01,,Active,143.06,Monthly
SUB011489,CU011489,PL02,2025-06-19,2026-04-30,Churned,182.99,Annual
SUB011490,CU011490,PL03,2025-06-09,2026-05-31,Churned,485.71,Monthly
SUB011491,CU011491,PL01,2023-12-30,2025-05-03,Churned,42.65,Annual
SUB011492,CU011492,PL03,2025-11-24,,Active,398.24,Annual
SUB011493,CU011493,PL01,2022-05-18,,Active,51.94,Monthly
SUB011494,CU011494,PL01,2022-01-03,2024-09-05,Churned,48.54,Annual
SUB011495,CU011495,PL01,2022-12-27,,Active,59.57,Annual
SUB011496,CU011496,PL01,2023-09-10,,Active,51.54,Monthly
SUB011497,CU011497,PL03,2023-12-15,,Active,405.71,Monthly
SUB011498,CU011498,PL01,2025-05-19,2026-04-20,Churned,45.92,Annual
SUB011499,CU011499,PL01,2022-11-04,,Active,59.56,Monthly
SUB011500,CU011500,PL03,2023-05-31,2025-10-06,Churned,415.23,Annual
SUB011501,CU011501,PL02,2025-12-22,,Active,162.65,Annual
SUB011502,CU011502,PL02,2024-12-11,,Active,168.23,Annual
SUB011503,CU011503,PL02,2022-01-11,,Active,182.43,Monthly
SUB011504,CU011504,PL03,2025-02-24,,Active,482.3,Annual
SUB011505,CU011505,PL03,2022-07-11,,Active,490.47,Monthly
SUB011506,CU011506,PL01,2023-10-15,2026-07-01,Churned,50.26,Annual
SUB011507,CU011507,PL03,2023-11-15,,Active,399.22,Annual
SUB011508,CU011508,PL04,2025-08-29,,Active,1121.14,Monthly
SUB011509,CU011509,PL04,2025-08-29,,Active,1155.83,Annual
SUB011510,CU011510,PL04,2023-11-01,,Active,1039.69,Monthly
SUB011511,CU011511,PL01,2025-03-13,2025-10-06,Churned,45.11,Monthly
SUB011512,CU011512,PL02,2024-01-05,,Active,151.93,Annual
SUB011513,CU011513,PL02,2022-07-26,,Active,136.85,Monthly
SUB011514,CU011514,PL02,2022-03-07,,Active,180.63,Monthly
SUB011515,CU011515,PL02,2026-01-26,,Active,172.26,Monthly
SUB011516,CU011516,PL01,2024-04-24,2025-05-21,Churned,46.36,Monthly
SUB011517,CU011517,PL02,2025-07-31,2026-02-10,Churned,174.63,Annual
SUB011518,CU011518,PL01,2022-02-24,,Active,48.93,Annual
SUB011519,CU011519,PL01,2023-04-14,,Active,50.84,Monthly
SUB011520,CU011520,PL01,2022-11-12,,Active,51.26,Annual
SUB011521,CU011521,PL02,2026-03-24,,Active,172.29,Monthly
SUB011522,CU011522,PL01,2025-10-19,,Active,59.19,Annual
SUB011523,CU011523,PL03,2025-12-31,,Active,406.63,Annual
SUB011524,CU011524,PL02,2024-05-04,2024-12-08,Churned,178.72,Monthly
SUB011525,CU011525,PL02,2024-06-09,,Active,134.74,Annual
SUB011526,CU011526,PL03,2023-09-14,,Active,411.07,Monthly
SUB011527,CU011527,PL02,2025-01-27,,Active,142.02,Monthly
SUB011528,CU011528,PL02,2025-02-11,,Active,181.73,Annual
SUB011529,CU011529,PL03,2022-06-11,,Active,442.36,Annual
SUB011530,CU011530,PL02,2024-12-15,,Active,178.26,Annual
SUB011531,CU011531,PL03,2023-08-27,,Active,386.9,Annual
SUB011532,CU011532,PL01,2023-04-03,,Active,48.77,Annual
SUB011533,CU011533,PL01,2026-04-26,,Active,47.08,Annual
SUB011534,CU011534,PL01,2022-05-19,,Active,59.46,Monthly
SUB011535,CU011535,PL03,2024-09-09,,Active,474.76,Annual
SUB011536,CU011536,PL01,2024-05-25,,Active,54.67,Monthly
SUB011537,CU011537,PL02,2022-05-26,,Active,176.07,Monthly
SUB011538,CU011538,PL02,2024-03-26,,Active,163.85,Annual
SUB011539,CU011539,PL03,2024-01-20,,Active,445.49,Monthly
SUB011540,CU011540,PL02,2025-01-24,,Active,176.19,Monthly
SUB011541,CU011541,PL01,2022-03-01,,Active,54.03,Monthly
SUB011542,CU011542,PL02,2026-06-17,,Active,145.78,Annual
SUB011543,CU011543,PL01,2025-11-26,,Active,52.08,Monthly
SUB011544,CU011544,PL01,2022-07-12,,Active,48.63,Annual
SUB011545,CU011545,PL02,2026-05-09,,Active,159.3,Annual
SUB011546,CU011546,PL02,2026-04-06,,Active,165.03,Annual
SUB011547,CU011547,PL03,2024-12-01,,Active,340.85,Annual
SUB011548,CU011548,PL02,2025-08-22,,Active,171.27,Monthly
SUB011549,CU011549,PL03,2022-12-27,,Active,357.07,Annual
SUB011550,CU011550,PL04,2023-11-07,,Active,1099.56,Annual
SUB011551,CU011551,PL02,2023-09-20,2026-01-26,Churned,175.19,Annual
SUB011552,CU011552,PL02,2023-06-02,,Active,170.15,Annual
SUB011553,CU011553,PL01,2024-08-18,2026-04-23,Churned,50.15,Annual
SUB011554,CU011554,PL01,2023-03-09,,Active,47.67,Annual
SUB011555,CU011555,PL03,2022-01-19,,Active,351.57,Monthly
SUB011556,CU011556,PL02,2023-01-10,,Active,158.72,Annual
SUB011557,CU011557,PL01,2024-02-12,,Active,43.37,Annual
SUB011558,CU011558,PL02,2026-04-14,,Active,180.39,Annual
SUB011559,CU011559,PL02,2025-11-11,,Active,182.86,Annual
SUB011560,CU011560,PL04,2026-06-10,,Active,1454.91,Monthly
SUB011561,CU011561,PL03,2025-05-16,,Active,456.1,Annual
SUB011562,CU011562,PL01,2023-05-19,,Active,56.51,Annual
SUB011563,CU011563,PL03,2024-11-01,,Active,431.44,Annual
SUB011564,CU011564,PL03,2022-01-23,,Active,431.81,Monthly
SUB011565,CU011565,PL01,2022-08-25,,Active,56.6,Monthly
SUB011566,CU011566,PL01,2026-03-27,,Active,47.85,Monthly
SUB011567,CU011567,PL01,2024-03-07,,Active,56.74,Annual
SUB011568,CU011568,PL01,2025-06-30,,Active,59.7,Annual
SUB011569,CU011569,PL01,2025-02-27,,Active,42.47,Annual
SUB011570,CU011570,PL01,2024-07-13,,Active,55.87,Annual
SUB011571,CU011571,PL02,2023-10-24,2025-07-19,Churned,142.73,Monthly
SUB011572,CU011572,PL03,2024-03-20,,Active,446.66,Monthly
SUB011573,CU011573,PL04,2023-07-25,,Active,1205.76,Monthly
SUB011574,CU011574,PL03,2023-06-18,,Active,467.96,Monthly
SUB011575,CU011575,PL03,2026-04-26,,Active,487.58,Monthly
SUB011576,CU011576,PL02,2026-06-28,,Active,159.59,Monthly
SUB011577,CU011577,PL02,2023-07-23,2024-10-29,Churned,143.61,Annual
SUB011578,CU011578,PL03,2026-06-11,,Active,382.71,Monthly
SUB011579,CU011579,PL01,2025-02-02,2025-08-06,Churned,58.14,Annual
SUB011580,CU011580,PL03,2024-08-12,,Active,365.07,Monthly
SUB011581,CU011581,PL01,2025-03-20,,Active,56.89,Monthly
SUB011582,CU011582,PL01,2022-02-15,2026-08-27,Churned,58.52,Annual
SUB011583,CU011583,PL01,2026-05-06,,Active,53.24,Monthly
SUB011584,CU011584,PL03,2022-06-16,2024-12-22,Churned,442.35,Annual
SUB011585,CU011585,PL03,2022-09-11,,Active,401.98,Annual
SUB011586,CU011586,PL02,2026-01-29,2026-05-05,Churned,136.33,Monthly
SUB011587,CU011587,PL02,2023-01-02,,Active,150.97,Monthly
SUB011588,CU011588,PL02,2023-04-29,2026-05-30,Churned,172.84,Monthly
SUB011589,CU011589,PL03,2026-01-17,2026-04-22,Churned,486.04,Monthly
SUB011590,CU011590,PL02,2025-04-26,,Active,146.6,Annual
SUB011591,CU011591,PL02,2025-07-31,2026-02-20,Churned,168.32,Monthly
SUB011592,CU011592,PL02,2025-06-14,,Active,154.48,Monthly
SUB011593,CU011593,PL01,2024-04-10,,Active,47.68,Monthly
SUB011594,CU011594,PL01,2025-08-01,2026-02-12,Churned,58.25,Annual
SUB011595,CU011595,PL02,2022-09-27,,Active,175.78,Annual
SUB011596,CU011596,PL03,2023-01-15,,Active,422.23,Annual
SUB011597,CU011597,PL03,2025-08-20,2025-12-21,Churned,365.23,Annual
SUB011598,CU011598,PL04,2022-04-07,,Active,1046.79,Annual
SUB011599,CU011599,PL02,2023-05-22,2024-07-21,Churned,151.74,Annual
SUB011600,CU011600,PL02,2022-08-03,,Active,162.94,Annual
SUB011601,CU011601,PL01,2025-05-23,,Active,50.64,Annual
SUB011602,CU011602,PL01,2023-11-21,2024-04-06,Churned,41.91,Monthly
SUB011603,CU011603,PL02,2024-09-03,,Active,138.09,Monthly
SUB011604,CU011604,PL01,2022-11-18,,Active,48.11,Monthly
SUB011605,CU011605,PL02,2023-03-07,,Active,153.72,Monthly
SUB011606,CU011606,PL03,2023-05-28,,Active,492.85,Annual
SUB011607,CU011607,PL03,2026-03-10,,Active,349.6,Monthly
SUB011608,CU011608,PL01,2025-05-15,,Active,42.7,Annual
SUB011609,CU011609,PL04,2024-10-29,,Active,1055.77,Annual
SUB011610,CU011610,PL02,2023-01-02,,Active,168.56,Monthly
SUB011611,CU011611,PL02,2022-05-03,,Active,144.04,Annual
SUB011612,CU011612,PL01,2026-03-11,,Active,53.44,Monthly
SUB011613,CU011613,PL01,2023-08-01,2025-02-14,Churned,53.33,Monthly
SUB011614,CU011614,PL03,2024-11-30,,Active,401.99,Annual
SUB011615,CU011615,PL02,2026-06-25,,Active,171.29,Annual
SUB011616,CU011616,PL02,2026-03-08,,Active,132.98,Monthly
SUB011617,CU011617,PL02,2024-09-25,,Active,179.19,Annual
SUB011618,CU011618,PL01,2022-03-06,,Active,48.01,Annual
SUB011619,CU011619,PL03,2024-07-28,2024-11-04,Churned,459.17,Monthly
SUB011620,CU011620,PL03,2024-11-08,,Active,412.21,Annual
SUB011621,CU011621,PL04,2026-03-29,,Active,1489.6,Monthly
SUB011622,CU011622,PL01,2026-01-15,,Active,45.26,Annual
SUB011623,CU011623,PL01,2024-04-01,,Active,41.9,Annual
SUB011624,CU011624,PL01,2026-03-17,,Active,44.35,Monthly
SUB011625,CU011625,PL02,2023-10-13,,Active,185.71,Annual
SUB011626,CU011626,PL02,2024-12-01,,Active,134.97,Annual
SUB011627,CU011627,PL03,2024-09-05,,Active,459.44,Annual
SUB011628,CU011628,PL02,2026-06-01,,Active,158.37,Monthly
SUB011629,CU011629,PL02,2022-09-22,,Active,134.83,Monthly
SUB011630,CU011630,PL01,2024-11-19,,Active,43.03,Monthly
SUB011631,CU011631,PL01,2023-09-08,,Active,60.83,Monthly
SUB011632,CU011632,PL02,2026-03-07,,Active,134.89,Annual
SUB011633,CU011633,PL03,2022-03-30,,Active,453.87,Monthly
SUB011634,CU011634,PL02,2024-08-30,,Active,175.33,Monthly
SUB011635,CU011635,PL02,2023-10-30,,Active,147.56,Monthly
SUB011636,CU011636,PL03,2022-12-10,,Active,410.19,Annual
SUB011637,CU011637,PL02,2022-01-18,2022-08-02,Churned,141.16,Monthly
SUB011638,CU011638,PL03,2022-06-08,,Active,402.22,Monthly
SUB011639,CU011639,PL02,2023-08-08,,Active,164.72,Annual
SUB011640,CU011640,PL01,2023-12-28,,Active,42.09,Monthly
SUB011641,CU011641,PL03,2022-05-29,,Active,463.21,Annual
SUB011642,CU011642,PL02,2023-07-14,2023-11-05,Churned,138.1,Annual
SUB011643,CU011643,PL02,2025-12-17,2026-03-22,Churned,141.48,Annual
SUB011644,CU011644,PL01,2025-09-20,,Active,54.68,Annual
SUB011645,CU011645,PL02,2025-02-18,,Active,139.07,Monthly
SUB011646,CU011646,PL02,2025-02-26,,Active,184.81,Annual
SUB011647,CU011647,PL04,2024-06-06,,Active,1206.87,Annual
SUB011648,CU011648,PL02,2025-11-08,2026-06-09,Churned,144.41,Annual
SUB011649,CU011649,PL02,2023-07-15,2026-02-17,Churned,128.11,Monthly
SUB011650,CU011650,PL01,2023-09-13,,Active,43.23,Monthly
SUB011651,CU011651,PL02,2023-08-20,,Active,152.57,Monthly
SUB011652,CU011652,PL01,2026-04-18,,Active,60.32,Monthly
SUB011653,CU011653,PL04,2024-07-16,,Active,1098.09,Annual
SUB011654,CU011654,PL01,2023-05-23,2024-04-01,Churned,59.9,Monthly
SUB011655,CU011655,PL01,2025-06-05,,Active,55.77,Monthly
SUB011656,CU011656,PL01,2025-11-24,2026-04-14,Churned,60.78,Annual
SUB011657,CU011657,PL01,2022-01-10,,Active,58.0,Monthly
SUB011658,CU011658,PL02,2026-01-20,,Active,147.33,Annual
SUB011659,CU011659,PL03,2022-10-28,,Active,438.24,Annual
SUB011660,CU011660,PL02,2026-03-08,,Active,138.48,Monthly
SUB011661,CU011661,PL03,2022-10-28,,Active,346.85,Monthly
SUB011662,CU011662,PL01,2025-01-16,2025-04-16,Churned,47.04,Monthly
SUB011663,CU011663,PL01,2023-06-28,,Active,49.39,Monthly
SUB011664,CU011664,PL02,2024-04-21,2026-05-14,Churned,140.87,Annual
SUB011665,CU011665,PL02,2024-07-30,,Active,162.13,Annual
SUB011666,CU011666,PL03,2025-12-30,,Active,379.99,Annual
SUB011667,CU011667,PL02,2023-10-28,,Active,176.77,Annual
SUB011668,CU011668,PL02,2024-05-13,,Active,154.64,Monthly
SUB011669,CU011669,PL02,2024-10-21,2026-03-28,Churned,167.99,Monthly
SUB011670,CU011670,PL01,2025-12-16,,Active,43.73,Monthly
SUB011671,CU011671,PL03,2022-08-30,,Active,480.53,Monthly
SUB011672,CU011672,PL02,2023-03-19,,Active,184.56,Annual
SUB011673,CU011673,PL01,2023-02-26,2026-01-31,Churned,57.42,Annual
SUB011674,CU011674,PL02,2024-09-22,2025-09-29,Churned,130.64,Annual
SUB011675,CU011675,PL04,2022-09-19,,Active,1054.21,Monthly
SUB011676,CU011676,PL02,2023-10-21,,Active,130.96,Monthly
SUB011677,CU011677,PL03,2025-04-20,2026-06-01,Churned,355.62,Annual
SUB011678,CU011678,PL03,2023-02-01,2024-10-06,Churned,425.47,Annual
SUB011679,CU011679,PL02,2025-04-06,,Active,154.13,Monthly
SUB011680,CU011680,PL03,2023-09-13,,Active,430.82,Annual
SUB011681,CU011681,PL01,2024-12-29,,Active,51.6,Annual
SUB011682,CU011682,PL03,2025-02-22,,Active,458.11,Annual
SUB011683,CU011683,PL02,2024-04-10,2025-03-08,Churned,148.34,Annual
SUB011684,CU011684,PL01,2025-10-27,,Active,44.69,Annual
SUB011685,CU011685,PL03,2025-03-15,,Active,396.18,Annual
SUB011686,CU011686,PL01,2025-08-23,,Active,45.33,Monthly
SUB011687,CU011687,PL01,2024-06-10,,Active,52.61,Annual
SUB011688,CU011688,PL03,2024-05-29,,Active,372.13,Annual
SUB011689,CU011689,PL02,2024-05-15,,Active,156.8,Annual
SUB011690,CU011690,PL03,2025-07-19,,Active,490.81,Annual
SUB011691,CU011691,PL01,2025-09-20,,Active,60.05,Monthly
SUB011692,CU011692,PL02,2025-12-02,,Active,177.74,Monthly
SUB011693,CU011693,PL04,2026-02-25,,Active,1387.09,Monthly
SUB011694,CU011694,PL01,2025-01-21,2025-08-11,Churned,41.94,Monthly
SUB011695,CU011695,PL04,2022-10-06,,Active,1281.18,Annual
SUB011696,CU011696,PL03,2023-04-21,2025-10-15,Churned,346.21,Monthly
SUB011697,CU011697,PL01,2023-07-05,,Active,57.76,Annual
SUB011698,CU011698,PL01,2024-09-05,,Active,59.67,Annual
SUB011699,CU011699,PL01,2025-01-10,,Active,49.51,Annual
SUB011700,CU011700,PL03,2022-05-04,,Active,346.95,Annual
SUB011701,CU011701,PL01,2023-01-28,,Active,51.1,Annual
SUB011702,CU011702,PL01,2023-10-24,,Active,43.57,Annual
SUB011703,CU011703,PL03,2022-01-03,,Active,431.46,Monthly
SUB011704,CU011704,PL01,2025-05-19,,Active,48.11,Monthly
SUB011705,CU011705,PL02,2025-02-27,,Active,159.94,Monthly
SUB011706,CU011706,PL02,2025-12-16,,Active,146.87,Monthly
SUB011707,CU011707,PL01,2024-05-05,,Active,60.61,Monthly
SUB011708,CU011708,PL02,2024-07-25,,Active,163.94,Annual
SUB011709,CU011709,PL04,2024-04-15,,Active,1122.46,Monthly
SUB011710,CU011710,PL03,2025-05-23,,Active,409.89,Annual
SUB011711,CU011711,PL02,2023-10-15,,Active,149.7,Annual
SUB011712,CU011712,PL03,2025-04-26,,Active,464.69,Monthly
SUB011713,CU011713,PL04,2023-06-10,,Active,1024.75,Annual
SUB011714,CU011714,PL03,2025-08-16,,Active,483.08,Annual
SUB011715,CU011715,PL01,2025-08-11,,Active,52.69,Monthly
SUB011716,CU011716,PL01,2025-03-21,,Active,52.61,Monthly
SUB011717,CU011717,PL03,2022-09-19,,Active,479.87,Monthly
SUB011718,CU011718,PL01,2022-04-29,,Active,43.53,Monthly
SUB011719,CU011719,PL01,2024-05-20,2026-02-26,Churned,59.86,Monthly
SUB011720,CU011720,PL01,2025-03-28,,Active,42.86,Annual
SUB011721,CU011721,PL02,2024-11-28,2026-06-26,Churned,157.72,Monthly
SUB011722,CU011722,PL02,2024-09-16,2026-01-12,Churned,158.86,Monthly
SUB011723,CU011723,PL01,2022-05-30,,Active,44.95,Annual
SUB011724,CU011724,PL01,2023-03-22,,Active,60.41,Annual
SUB011725,CU011725,PL02,2024-05-01,,Active,155.38,Annual
SUB011726,CU011726,PL02,2022-01-18,,Active,133.33,Annual
SUB011727,CU011727,PL03,2025-06-28,2025-10-31,Churned,476.03,Annual
SUB011728,CU011728,PL04,2022-12-02,,Active,1296.72,Annual
SUB011729,CU011729,PL04,2025-10-13,,Active,1183.59,Annual
SUB011730,CU011730,PL03,2025-05-31,,Active,402.3,Annual
SUB011731,CU011731,PL04,2024-03-23,,Active,1086.26,Annual
SUB011732,CU011732,PL01,2025-07-29,,Active,50.11,Annual
SUB011733,CU011733,PL02,2025-05-14,,Active,143.94,Monthly
SUB011734,CU011734,PL02,2025-07-14,,Active,183.77,Monthly
SUB011735,CU011735,PL02,2024-07-16,,Active,154.46,Annual
SUB011736,CU011736,PL02,2023-11-10,,Active,169.65,Annual
SUB011737,CU011737,PL02,2022-03-13,,Active,176.31,Annual
SUB011738,CU011738,PL04,2023-06-20,,Active,1130.28,Monthly
SUB011739,CU011739,PL02,2025-01-06,,Active,131.79,Annual
SUB011740,CU011740,PL03,2023-11-14,,Active,477.71,Annual
SUB011741,CU011741,PL02,2024-12-21,,Active,167.45,Monthly
SUB011742,CU011742,PL03,2022-06-26,2026-01-25,Churned,466.93,Annual
SUB011743,CU011743,PL03,2025-04-20,,Active,493.42,Monthly
SUB011744,CU011744,PL02,2023-10-24,2026-04-23,Churned,141.6,Annual
SUB011745,CU011745,PL03,2025-05-09,,Active,355.21,Annual
SUB011746,CU011746,PL04,2026-04-06,,Active,1489.22,Annual
SUB011747,CU011747,PL02,2026-02-27,,Active,161.58,Annual
SUB011748,CU011748,PL01,2025-08-04,2026-03-27,Churned,60.99,Monthly
SUB011749,CU011749,PL01,2025-01-13,,Active,57.97,Monthly
SUB011750,CU011750,PL01,2022-02-17,,Active,52.78,Annual
SUB011751,CU011751,PL01,2024-03-08,,Active,55.02,Annual
SUB011752,CU011752,PL01,2023-02-15,2024-06-20,Churned,50.78,Monthly
SUB011753,CU011753,PL01,2025-02-06,,Active,44.35,Annual
SUB011754,CU011754,PL03,2023-11-10,2025-02-27,Churned,340.05,Annual
SUB011755,CU011755,PL03,2024-07-18,,Active,468.21,Monthly
SUB011756,CU011756,PL02,2026-05-07,,Active,135.98,Monthly
SUB011757,CU011757,PL01,2026-04-06,,Active,55.51,Monthly
SUB011758,CU011758,PL02,2025-02-24,,Active,176.14,Annual
SUB011759,CU011759,PL01,2025-08-30,,Active,53.78,Annual
SUB011760,CU011760,PL03,2023-03-22,2026-06-03,Churned,409.41,Annual
SUB011761,CU011761,PL03,2022-12-26,,Active,406.87,Annual
SUB011762,CU011762,PL01,2022-07-07,,Active,55.04,Annual
SUB011763,CU011763,PL01,2023-04-12,,Active,59.73,Monthly
SUB011764,CU011764,PL01,2025-03-14,2025-07-11,Churned,57.22,Monthly
SUB011765,CU011765,PL02,2023-11-17,,Active,166.49,Annual
SUB011766,CU011766,PL02,2025-03-09,,Active,131.57,Annual
SUB011767,CU011767,PL02,2024-11-08,,Active,170.73,Annual
SUB011768,CU011768,PL01,2022-02-13,,Active,53.56,Monthly
SUB011769,CU011769,PL01,2024-07-16,,Active,53.5,Monthly
SUB011770,CU011770,PL04,2023-06-15,,Active,1167.57,Monthly
SUB011771,CU011771,PL03,2025-12-03,2026-07-03,Churned,464.87,Monthly
SUB011772,CU011772,PL03,2022-05-25,,Active,491.79,Annual
SUB011773,CU011773,PL03,2022-09-20,,Active,352.63,Monthly
SUB011774,CU011774,PL03,2025-07-29,,Active,445.76,Monthly
SUB011775,CU011775,PL03,2023-10-17,,Active,412.62,Annual
SUB011776,CU011776,PL01,2025-12-09,,Active,59.78,Annual
SUB011777,CU011777,PL01,2025-12-29,2026-07-05,Churned,56.08,Annual
SUB011778,CU011778,PL02,2023-12-14,,Active,145.0,Monthly
SUB011779,CU011779,PL01,2024-07-02,,Active,60.16,Monthly
SUB011780,CU011780,PL03,2024-04-18,,Active,491.55,Monthly
SUB011781,CU011781,PL02,2023-01-01,,Active,131.29,Monthly
SUB011782,CU011782,PL01,2024-08-15,2025-05-30,Churned,48.04,Monthly
SUB011783,CU011783,PL02,2026-03-13,,Active,132.33,Monthly
SUB011784,CU011784,PL01,2025-05-23,,Active,42.95,Monthly
SUB011785,CU011785,PL01,2025-12-20,,Active,43.18,Annual
SUB011786,CU011786,PL01,2022-02-07,,Active,53.9,Monthly
SUB011787,CU011787,PL02,2023-01-23,,Active,131.67,Annual
SUB011788,CU011788,PL02,2022-09-06,,Active,182.61,Monthly
SUB011789,CU011789,PL02,2024-08-31,2025-03-24,Churned,178.29,Annual
SUB011790,CU011790,PL01,2022-08-30,,Active,57.72,Annual
SUB011791,CU011791,PL01,2023-11-29,2024-11-29,Churned,60.29,Monthly
SUB011792,CU011792,PL03,2026-03-26,,Active,366.7,Annual
SUB011793,CU011793,PL03,2025-01-02,,Active,383.89,Monthly
SUB011794,CU011794,PL04,2022-03-02,,Active,1271.06,Annual
SUB011795,CU011795,PL03,2023-08-06,,Active,459.86,Annual
SUB011796,CU011796,PL03,2024-08-01,,Active,446.43,Annual
SUB011797,CU011797,PL03,2024-05-11,,Active,341.8,Annual
SUB011798,CU011798,PL03,2024-04-05,,Active,389.45,Annual
SUB011799,CU011799,PL04,2025-08-17,,Active,1149.35,Monthly
SUB011800,CU011800,PL02,2025-07-27,,Active,127.68,Annual
SUB011801,CU011801,PL03,2026-02-01,,Active,433.12,Monthly
SUB011802,CU011802,PL02,2022-12-23,,Active,184.75,Annual
SUB011803,CU011803,PL01,2025-07-09,2025-10-22,Churned,46.62,Annual
SUB011804,CU011804,PL02,2025-02-25,,Active,158.76,Annual
SUB011805,CU011805,PL02,2023-11-13,,Active,140.82,Monthly
SUB011806,CU011806,PL03,2022-10-01,,Active,398.96,Annual
SUB011807,CU011807,PL02,2022-08-18,,Active,168.57,Annual
SUB011808,CU011808,PL02,2026-06-01,,Active,139.13,Monthly
SUB011809,CU011809,PL01,2023-09-03,,Active,45.96,Annual
SUB011810,CU011810,PL02,2022-09-27,2023-06-21,Churned,143.53,Monthly
SUB011811,CU011811,PL01,2026-03-09,,Active,56.14,Annual
SUB011812,CU011812,PL03,2026-01-02,2026-05-18,Churned,425.53,Annual
SUB011813,CU011813,PL04,2024-08-08,,Active,1050.15,Monthly
SUB011814,CU011814,PL04,2023-03-09,2024-05-22,Churned,1271.0,Annual
SUB011815,CU011815,PL03,2024-11-27,,Active,461.77,Annual
SUB011816,CU011816,PL02,2025-01-18,,Active,133.32,Monthly
SUB011817,CU011817,PL02,2025-12-19,,Active,172.21,Monthly
SUB011818,CU011818,PL03,2024-06-27,,Active,412.28,Monthly
SUB011819,CU011819,PL02,2025-04-10,,Active,179.31,Monthly
SUB011820,CU011820,PL01,2024-06-08,,Active,54.04,Annual
SUB011821,CU011821,PL02,2022-03-12,,Active,152.66,Annual
SUB011822,CU011822,PL01,2022-05-01,2024-11-01,Churned,43.62,Monthly
SUB011823,CU011823,PL01,2026-04-28,,Active,59.01,Monthly
SUB011824,CU011824,PL01,2022-05-07,,Active,51.33,Monthly
SUB011825,CU011825,PL01,2022-05-30,,Active,51.01,Monthly
SUB011826,CU011826,PL01,2025-12-13,,Active,47.19,Monthly
SUB011827,CU011827,PL02,2025-05-26,,Active,130.82,Annual
SUB011828,CU011828,PL01,2026-03-25,,Active,57.79,Annual
SUB011829,CU011829,PL02,2024-03-20,,Active,164.84,Annual
SUB011830,CU011830,PL03,2022-10-09,,Active,344.85,Monthly
SUB011831,CU011831,PL02,2023-08-23,2026-03-22,Churned,156.48,Annual
SUB011832,CU011832,PL01,2023-10-25,,Active,49.16,Annual
SUB011833,CU011833,PL02,2025-03-23,,Active,131.54,Monthly
SUB011834,CU011834,PL03,2023-07-23,2024-11-03,Churned,389.44,Monthly
SUB011835,CU011835,PL03,2024-06-22,,Active,377.48,Monthly
SUB011836,CU011836,PL02,2024-08-15,,Active,155.31,Annual
SUB011837,CU011837,PL01,2022-11-24,2025-01-14,Churned,45.91,Monthly
SUB011838,CU011838,PL03,2022-04-15,,Active,399.97,Monthly
SUB011839,CU011839,PL01,2026-02-26,,Active,55.91,Annual
SUB011840,CU011840,PL01,2024-05-23,,Active,45.67,Monthly
SUB011841,CU011841,PL03,2026-02-03,,Active,470.74,Annual
SUB011842,CU011842,PL01,2025-07-27,2026-08-03,Churned,50.37,Annual
SUB011843,CU011843,PL02,2023-11-06,,Active,150.98,Monthly
SUB011844,CU011844,PL01,2025-10-02,,Active,48.9,Monthly
SUB011845,CU011845,PL01,2024-02-13,,Active,46.96,Annual
SUB011846,CU011846,PL01,2023-07-03,,Active,56.64,Monthly
SUB011847,CU011847,PL02,2024-03-12,,Active,156.1,Monthly
SUB011848,CU011848,PL04,2026-04-27,,Active,1081.32,Monthly
SUB011849,CU011849,PL01,2023-05-06,2025-06-16,Churned,61.15,Monthly
SUB011850,CU011850,PL01,2023-05-20,,Active,44.59,Annual
SUB011851,CU011851,PL03,2023-12-20,,Active,481.75,Monthly
SUB011852,CU011852,PL03,2025-10-10,,Active,486.59,Monthly
SUB011853,CU011853,PL04,2022-08-23,,Active,1473.22,Monthly
SUB011854,CU011854,PL02,2025-03-09,,Active,182.36,Annual
SUB011855,CU011855,PL03,2022-02-13,,Active,349.1,Annual
SUB011856,CU011856,PL02,2022-11-19,,Active,154.37,Monthly
SUB011857,CU011857,PL01,2023-03-08,,Active,49.44,Annual
SUB011858,CU011858,PL04,2026-01-11,,Active,1061.18,Monthly
SUB011859,CU011859,PL01,2026-01-09,,Active,53.53,Annual
SUB011860,CU011860,PL01,2024-10-13,,Active,47.1,Annual
SUB011861,CU011861,PL02,2023-05-21,,Active,133.81,Annual
SUB011862,CU011862,PL03,2024-02-25,,Active,405.05,Annual
SUB011863,CU011863,PL02,2024-08-12,,Active,131.37,Monthly
SUB011864,CU011864,PL03,2022-10-19,,Active,412.56,Annual
SUB011865,CU011865,PL02,2025-12-15,,Active,167.23,Monthly
SUB011866,CU011866,PL01,2022-03-20,,Active,46.36,Monthly
SUB011867,CU011867,PL01,2025-08-26,2026-07-12,Churned,43.47,Annual
SUB011868,CU011868,PL01,2024-06-06,,Active,44.56,Monthly
SUB011869,CU011869,PL04,2025-10-16,2026-02-19,Churned,1458.22,Monthly
SUB011870,CU011870,PL02,2022-10-26,,Active,140.64,Monthly
SUB011871,CU011871,PL02,2026-03-20,,Active,142.68,Monthly
SUB011872,CU011872,PL01,2023-02-08,,Active,49.06,Monthly
SUB011873,CU011873,PL01,2022-07-04,2024-02-09,Churned,47.72,Annual
SUB011874,CU011874,PL01,2026-03-14,,Active,51.55,Monthly
SUB011875,CU011875,PL03,2025-07-31,,Active,409.9,Annual
SUB011876,CU011876,PL01,2022-12-28,,Active,44.67,Monthly
SUB011877,CU011877,PL02,2024-07-25,,Active,156.52,Annual
SUB011878,CU011878,PL01,2025-09-12,,Active,49.94,Monthly
SUB011879,CU011879,PL01,2025-08-31,,Active,50.5,Monthly
SUB011880,CU011880,PL03,2024-11-23,2025-12-22,Churned,482.51,Monthly
SUB011881,CU011881,PL02,2023-09-18,,Active,175.67,Annual
SUB011882,CU011882,PL04,2026-04-06,,Active,1041.44,Annual
SUB011883,CU011883,PL02,2025-07-17,,Active,185.41,Monthly
SUB011884,CU011884,PL04,2026-03-18,,Active,1391.17,Monthly
SUB011885,CU011885,PL01,2022-04-08,,Active,51.57,Monthly
SUB011886,CU011886,PL01,2024-02-08,2025-10-08,Churned,45.72,Annual
SUB011887,CU011887,PL03,2026-04-16,,Active,366.5,Annual
SUB011888,CU011888,PL01,2023-11-11,2025-01-24,Churned,49.3,Monthly
SUB011889,CU011889,PL01,2023-11-16,,Active,56.81,Monthly
SUB011890,CU011890,PL01,2024-08-27,,Active,48.69,Annual
SUB011891,CU011891,PL03,2022-07-19,,Active,390.93,Monthly
SUB011892,CU011892,PL01,2023-08-02,,Active,51.04,Annual
SUB011893,CU011893,PL01,2023-06-09,,Active,52.07,Annual
SUB011894,CU011894,PL02,2025-04-28,,Active,135.35,Monthly
SUB011895,CU011895,PL01,2023-11-20,,Active,42.75,Monthly
SUB011896,CU011896,PL01,2022-11-17,,Active,45.55,Monthly
SUB011897,CU011897,PL01,2022-02-28,,Active,46.88,Monthly
SUB011898,CU011898,PL02,2026-01-15,,Active,170.19,Monthly
SUB011899,CU011899,PL01,2025-10-13,2026-02-18,Churned,46.1,Monthly
SUB011900,CU011900,PL04,2024-03-09,,Active,1423.55,Annual
SUB011901,CU011901,PL03,2025-08-13,,Active,459.56,Annual
SUB011902,CU011902,PL01,2023-06-16,,Active,45.57,Monthly
SUB011903,CU011903,PL02,2023-04-06,,Active,134.73,Monthly
SUB011904,CU011904,PL03,2026-04-05,,Active,453.87,Annual
SUB011905,CU011905,PL03,2023-09-13,,Active,432.48,Monthly
SUB011906,CU011906,PL01,2024-04-29,,Active,53.37,Annual
SUB011907,CU011907,PL01,2026-03-04,,Active,53.41,Monthly
SUB011908,CU011908,PL01,2022-05-04,2023-07-28,Churned,50.3,Monthly
SUB011909,CU011909,PL03,2022-06-04,,Active,383.41,Annual
SUB011910,CU011910,PL02,2022-01-10,,Active,181.46,Annual
SUB011911,CU011911,PL03,2023-07-17,,Active,426.01,Annual
SUB011912,CU011912,PL01,2025-08-21,,Active,48.41,Annual
SUB011913,CU011913,PL01,2024-12-10,,Active,46.67,Monthly
SUB011914,CU011914,PL02,2023-06-11,,Active,146.39,Monthly
SUB011915,CU011915,PL02,2022-03-02,,Active,178.46,Monthly
SUB011916,CU011916,PL03,2022-07-01,,Active,426.2,Annual
SUB011917,CU011917,PL02,2022-10-05,,Active,159.48,Annual
SUB011918,CU011918,PL02,2025-11-26,,Active,142.64,Monthly
SUB011919,CU011919,PL02,2022-06-28,,Active,161.01,Monthly
SUB011920,CU011920,PL02,2024-06-06,,Active,157.74,Annual
SUB011921,CU011921,PL01,2024-05-04,,Active,57.33,Monthly
SUB011922,CU011922,PL03,2023-04-27,,Active,381.24,Monthly
SUB011923,CU011923,PL01,2024-04-29,,Active,60.83,Monthly
SUB011924,CU011924,PL03,2026-05-25,,Active,350.34,Monthly
SUB011925,CU011925,PL02,2024-09-17,,Active,175.01,Annual
SUB011926,CU011926,PL02,2024-11-01,2025-12-19,Churned,143.97,Monthly
SUB011927,CU011927,PL04,2024-05-15,,Active,1417.77,Monthly
SUB011928,CU011928,PL01,2024-09-20,2026-01-29,Churned,52.09,Annual
SUB011929,CU011929,PL02,2024-06-16,,Active,162.09,Annual
SUB011930,CU011930,PL03,2023-02-21,,Active,447.15,Annual
SUB011931,CU011931,PL03,2025-02-02,,Active,459.11,Monthly
SUB011932,CU011932,PL02,2022-05-23,,Active,146.92,Monthly
SUB011933,CU011933,PL01,2025-06-28,2025-10-26,Churned,45.88,Annual
SUB011934,CU011934,PL01,2023-04-05,,Active,53.85,Annual
SUB011935,CU011935,PL01,2024-05-19,,Active,57.47,Monthly
SUB011936,CU011936,PL01,2023-11-21,,Active,44.66,Monthly
SUB011937,CU011937,PL02,2022-09-22,2024-12-17,Churned,173.52,Annual
SUB011938,CU011938,PL01,2023-03-03,,Active,56.11,Annual
SUB011939,CU011939,PL01,2022-05-27,,Active,45.93,Monthly
SUB011940,CU011940,PL01,2025-02-19,,Active,58.75,Monthly
SUB011941,CU011941,PL03,2024-04-22,,Active,480.48,Monthly
SUB011942,CU011942,PL01,2026-01-15,,Active,41.96,Monthly
SUB011943,CU011943,PL02,2025-04-11,,Active,137.63,Monthly
SUB011944,CU011944,PL01,2022-05-17,2025-10-27,Churned,58.48,Monthly
SUB011945,CU011945,PL02,2023-07-28,,Active,154.11,Monthly
SUB011946,CU011946,PL02,2025-07-14,,Active,162.64,Annual
SUB011947,CU011947,PL02,2023-10-08,,Active,152.45,Monthly
SUB011948,CU011948,PL02,2022-05-28,,Active,168.06,Monthly
SUB011949,CU011949,PL02,2022-03-08,,Active,128.82,Annual
SUB011950,CU011950,PL01,2025-04-03,,Active,57.68,Monthly
SUB011951,CU011951,PL03,2023-01-19,,Active,490.16,Annual
SUB011952,CU011952,PL03,2024-02-03,,Active,361.07,Annual
SUB011953,CU011953,PL03,2026-05-20,,Active,377.92,Annual
SUB011954,CU011954,PL02,2023-03-12,2026-01-01,Churned,153.07,Monthly
SUB011955,CU011955,PL02,2022-09-29,,Active,160.81,Annual
SUB011956,CU011956,PL02,2022-11-30,2026-01-04,Churned,164.4,Monthly
SUB011957,CU011957,PL01,2025-03-29,,Active,57.81,Annual
SUB011958,CU011958,PL02,2022-05-11,,Active,158.65,Monthly
SUB011959,CU011959,PL03,2022-01-25,2026-06-23,Churned,379.5,Annual
SUB011960,CU011960,PL01,2023-10-11,,Active,42.86,Monthly
SUB011961,CU011961,PL03,2022-04-19,,Active,484.36,Annual
SUB011962,CU011962,PL02,2023-10-16,,Active,140.07,Monthly
SUB011963,CU011963,PL04,2024-08-14,,Active,1391.04,Monthly
SUB011964,CU011964,PL02,2025-09-10,,Active,133.2,Monthly
SUB011965,CU011965,PL02,2022-03-02,,Active,155.39,Monthly
SUB011966,CU011966,PL02,2023-01-09,,Active,132.12,Annual
SUB011967,CU011967,PL03,2024-04-14,,Active,471.84,Monthly
SUB011968,CU011968,PL02,2022-03-31,,Active,134.9,Monthly
SUB011969,CU011969,PL02,2023-03-09,2024-05-30,Churned,173.17,Monthly
SUB011970,CU011970,PL03,2023-07-19,,Active,420.8,Monthly
SUB011971,CU011971,PL02,2023-01-10,,Active,148.53,Monthly
SUB011972,CU011972,PL02,2022-06-12,,Active,160.88,Annual
SUB011973,CU011973,PL01,2023-01-13,,Active,61.22,Monthly
SUB011974,CU011974,PL01,2022-01-23,,Active,47.75,Monthly
SUB011975,CU011975,PL03,2024-12-14,,Active,368.72,Annual
SUB011976,CU011976,PL04,2025-12-31,,Active,1286.57,Annual
SUB011977,CU011977,PL02,2026-01-31,,Active,129.1,Monthly
SUB011978,CU011978,PL01,2023-03-28,,Active,60.34,Monthly
SUB011979,CU011979,PL02,2025-07-02,,Active,148.5,Annual
SUB011980,CU011980,PL02,2025-03-13,,Active,129.48,Monthly
SUB011981,CU011981,PL02,2025-11-22,,Active,137.08,Monthly
SUB011982,CU011982,PL02,2026-06-21,,Active,177.63,Monthly
SUB011983,CU011983,PL01,2022-10-15,,Active,46.19,Monthly
SUB011984,CU011984,PL01,2026-02-07,2026-07-29,Churned,54.84,Annual
SUB011985,CU011985,PL02,2026-02-10,,Active,159.21,Annual
SUB011986,CU011986,PL03,2024-08-30,2025-01-18,Churned,442.56,Monthly
SUB011987,CU011987,PL02,2024-08-25,,Active,133.98,Monthly
SUB011988,CU011988,PL02,2022-03-28,,Active,174.61,Annual
SUB011989,CU011989,PL01,2024-06-05,,Active,44.93,Annual
SUB011990,CU011990,PL01,2026-03-21,,Active,50.24,Annual
SUB011991,CU011991,PL04,2024-12-31,,Active,1457.35,Annual
SUB011992,CU011992,PL01,2023-01-21,2024-03-18,Churned,56.76,Annual
SUB011993,CU011993,PL01,2023-05-15,,Active,57.98,Monthly
SUB011994,CU011994,PL03,2025-03-13,,Active,482.46,Annual
SUB011995,CU011995,PL03,2023-04-09,,Active,476.37,Monthly
SUB011996,CU011996,PL02,2024-05-14,,Active,183.2,Annual
SUB011997,CU011997,PL03,2022-05-10,,Active,414.83,Monthly
SUB011998,CU011998,PL03,2025-06-07,,Active,416.65,Annual
SUB011999,CU011999,PL02,2025-07-18,,Active,133.12,Monthly
SUB012000,CU012000,PL01,2022-12-01,,Active,48.91,Annual
