Date,EntityID,ClosingCashAUD
2022-01-01,E01,2156701.32
2022-01-02,E01,2241224.35
2022-01-03,E01,2160967.6
2022-01-04,E01,2101710.83
2022-01-05,E01,2068845.58
2022-01-06,E01,2046319.6
2022-01-07,E01,2119889.24
2022-01-08,E01,2199338.42
2022-01-09,E01,2178919.86
2022-01-10,E01,2322109.6
2022-01-11,E01,2313752.15
2022-01-12,E01,2259505.27
2022-01-13,E01,2357972.15
2022-01-14,E01,2321555.93
2022-01-15,E01,2314012.78
2022-01-16,E01,2349406.02
2022-01-17,E01,2358108.14
2022-01-18,E01,2336867.29
2022-01-19,E01,2421162.91
2022-01-20,E01,2406724.48
2022-01-21,E01,2356257.6
2022-01-22,E01,2369757.06
2022-01-23,E01,2349794.43
2022-01-24,E01,2295249.76
2022-01-25,E01,2264849.29
2022-01-26,E01,2336359.93
2022-01-27,E01,2301314.75
2022-01-28,E01,2262267.62
2022-01-29,E01,2231614.21
2022-01-30,E01,2132728.86
2022-01-31,E01,2124552.03
2022-02-01,E01,2183577.38
2022-02-02,E01,2304534.58
2022-02-03,E01,2330984.87
2022-02-04,E01,2273755.12
2022-02-05,E01,2274562.2
2022-02-06,E01,2216326.17
2022-02-07,E01,2195763.73
2022-02-08,E01,2172115.32
2022-02-09,E01,2118669.78
2022-02-10,E01,2129387.36
2022-02-11,E01,2169194.23
2022-02-12,E01,2200220.68
2022-02-13,E01,2288606.19
2022-02-14,E01,2392388.67
2022-02-15,E01,2368128.01
2022-02-16,E01,2278084.19
2022-02-17,E01,2342892.54
2022-02-18,E01,2278674.51
2022-02-19,E01,2217386.43
2022-02-20,E01,2239320.0
2022-02-21,E01,2201231.0
2022-02-22,E01,2251582.54
2022-02-23,E01,2356532.25
2022-02-24,E01,2341575.02
2022-02-25,E01,2323843.66
2022-02-26,E01,2280659.45
2022-02-27,E01,2121166.71
2022-02-28,E01,2154075.16
2022-03-01,E01,2236533.52
2022-03-02,E01,2271353.82
2022-03-03,E01,2269091.99
2022-03-04,E01,2247669.46
2022-03-05,E01,2187592.11
2022-03-06,E01,2174765.58
2022-03-07,E01,2175780.1
2022-03-08,E01,2120096.27
2022-03-09,E01,1990041.11
2022-03-10,E01,1997684.18
2022-03-11,E01,2060100.21
2022-03-12,E01,1967845.1
2022-03-13,E01,1916649.55
2022-03-14,E01,2033654.92
2022-03-15,E01,2037695.6
2022-03-16,E01,2024812.91
2022-03-17,E01,1997446.41
2022-03-18,E01,2081610.17
2022-03-19,E01,2072475.71
2022-03-20,E01,2012927.95
2022-03-21,E01,2027665.29
2022-03-22,E01,2173947.28
2022-03-23,E01,2167988.95
2022-03-24,E01,2106431.38
2022-03-25,E01,2144519.73
2022-03-26,E01,2134308.08
2022-03-27,E01,2078454.16
2022-03-28,E01,2134023.37
2022-03-29,E01,2199421.18
2022-03-30,E01,2242405.07
2022-03-31,E01,2263246.74
2022-04-01,E01,2313308.41
2022-04-02,E01,2267471.39
2022-04-03,E01,2223018.7
2022-04-04,E01,2162590.66
2022-04-05,E01,2237084.22
2022-04-06,E01,2187006.78
2022-04-07,E01,2207102.09
2022-04-08,E01,2239724.93
2022-04-09,E01,2252927.92
2022-04-10,E01,2294327.32
2022-04-11,E01,2361103.71
2022-04-12,E01,2418472.3
2022-04-13,E01,2288004.11
2022-04-14,E01,2242161.84
2022-04-15,E01,2218463.93
2022-04-16,E01,2211398.02
2022-04-17,E01,2162461.93
2022-04-18,E01,2214946.69
2022-04-19,E01,2159847.56
2022-04-20,E01,2125552.61
2022-04-21,E01,2141024.04
2022-04-22,E01,2208954.86
2022-04-23,E01,2320434.37
2022-04-24,E01,2436286.84
2022-04-25,E01,2450610.25
2022-04-26,E01,2429231.19
2022-04-27,E01,2529171.5
2022-04-28,E01,2592802.49
2022-04-29,E01,2540769.44
2022-04-30,E01,2607678.54
2022-05-01,E01,2599696.29
2022-05-02,E01,2616899.48
2022-05-03,E01,2725066.43
2022-05-04,E01,2844937.52
2022-05-05,E01,2870010.53
2022-05-06,E01,2897730.26
2022-05-07,E01,2913295.42
2022-05-08,E01,2918985.15
2022-05-09,E01,2893982.98
2022-05-10,E01,2937648.18
2022-05-11,E01,2913631.61
2022-05-12,E01,2999017.66
2022-05-13,E01,3050773.66
2022-05-14,E01,3034495.37
2022-05-15,E01,2872447.7
2022-05-16,E01,2900710.64
2022-05-17,E01,2804072.88
2022-05-18,E01,2768886.66
2022-05-19,E01,2744620.43
2022-05-20,E01,2716468.88
2022-05-21,E01,2710071.07
2022-05-22,E01,2681284.57
2022-05-23,E01,2731017.15
2022-05-24,E01,2739327.1
2022-05-25,E01,2699552.62
2022-05-26,E01,2844970.2
2022-05-27,E01,2709312.31
2022-05-28,E01,2706102.94
2022-05-29,E01,2604311.86
2022-05-30,E01,2704958.85
2022-05-31,E01,2753354.76
2022-06-01,E01,2577505.28
2022-06-02,E01,2633035.81
2022-06-03,E01,2684052.15
2022-06-04,E01,2757938.4
2022-06-05,E01,2766312.17
2022-06-06,E01,2797494.2
2022-06-07,E01,2721200.62
2022-06-08,E01,2760222.03
2022-06-09,E01,2806742.05
2022-06-10,E01,2798947.92
2022-06-11,E01,2788347.58
2022-06-12,E01,2836134.13
2022-06-13,E01,2768391.06
2022-06-14,E01,2746349.42
2022-06-15,E01,2700201.01
2022-06-16,E01,2682336.8
2022-06-17,E01,2640380.82
2022-06-18,E01,2649931.66
2022-06-19,E01,2609590.8
2022-06-20,E01,2579271.73
2022-06-21,E01,2517570.59
2022-06-22,E01,2465642.3
2022-06-23,E01,2309233.77
2022-06-24,E01,2364974.92
2022-06-25,E01,2466901.32
2022-06-26,E01,2428199.69
2022-06-27,E01,2401404.56
2022-06-28,E01,2403586.27
2022-06-29,E01,2424336.7
2022-06-30,E01,2414439.77
2022-07-01,E01,2344520.8
2022-07-02,E01,2386108.46
2022-07-03,E01,2411725.77
2022-07-04,E01,2504255.43
2022-07-05,E01,2493870.96
2022-07-06,E01,2497225.14
2022-07-07,E01,2542860.71
2022-07-08,E01,2582848.08
2022-07-09,E01,2553778.15
2022-07-10,E01,2542516.38
2022-07-11,E01,2527887.32
2022-07-12,E01,2520071.19
2022-07-13,E01,2483170.73
2022-07-14,E01,2648133.84
2022-07-15,E01,2622502.18
2022-07-16,E01,2657413.88
2022-07-17,E01,2625712.28
2022-07-18,E01,2597665.14
2022-07-19,E01,2638967.18
2022-07-20,E01,2567181.87
2022-07-21,E01,2542269.43
2022-07-22,E01,2523651.63
2022-07-23,E01,2553849.12
2022-07-24,E01,2624300.6
2022-07-25,E01,2588732.72
2022-07-26,E01,2601636.1
2022-07-27,E01,2568377.61
2022-07-28,E01,2601829.99
2022-07-29,E01,2590280.84
2022-07-30,E01,2674999.8
2022-07-31,E01,2760552.55
2022-08-01,E01,2712025.44
2022-08-02,E01,2644189.93
2022-08-03,E01,2611270.71
2022-08-04,E01,2652977.89
2022-08-05,E01,2601703.73
2022-08-06,E01,2524575.88
2022-08-07,E01,2453044.96
2022-08-08,E01,2568478.72
2022-08-09,E01,2491655.66
2022-08-10,E01,2520867.92
2022-08-11,E01,2506490.45
2022-08-12,E01,2516788.24
2022-08-13,E01,2534302.23
2022-08-14,E01,2583246.06
2022-08-15,E01,2567257.53
2022-08-16,E01,2528784.36
2022-08-17,E01,2425036.24
2022-08-18,E01,2230932.06
2022-08-19,E01,2225282.11
2022-08-20,E01,2264635.43
2022-08-21,E01,2227411.81
2022-08-22,E01,2256653.91
2022-08-23,E01,2313708.48
2022-08-24,E01,2331740.02
2022-08-25,E01,2514927.72
2022-08-26,E01,2536934.64
2022-08-27,E01,2596506.9
2022-08-28,E01,2580097.15
2022-08-29,E01,2599890.04
2022-08-30,E01,2537153.55
2022-08-31,E01,2554911.83
2022-09-01,E01,2558400.13
2022-09-02,E01,2482225.5
2022-09-03,E01,2530502.12
2022-09-04,E01,2524902.47
2022-09-05,E01,2493412.34
2022-09-06,E01,2425964.1
2022-09-07,E01,2375387.33
2022-09-08,E01,2280070.76
2022-09-09,E01,2339374.5
2022-09-10,E01,2321756.89
2022-09-11,E01,2301089.87
2022-09-12,E01,2287096.46
2022-09-13,E01,2203185.25
2022-09-14,E01,2223643.12
2022-09-15,E01,2183629.3
2022-09-16,E01,2049636.41
2022-09-17,E01,2119786.37
2022-09-18,E01,2145710.86
2022-09-19,E01,2069693.65
2022-09-20,E01,2056000.71
2022-09-21,E01,1975407.03
2022-09-22,E01,1892120.35
2022-09-23,E01,1921181.25
2022-09-24,E01,1941806.28
2022-09-25,E01,1890615.5
2022-09-26,E01,1862127.8
2022-09-27,E01,1939641.95
2022-09-28,E01,2011028.37
2022-09-29,E01,2015323.71
2022-09-30,E01,2097930.37
2022-10-01,E01,2049362.19
2022-10-02,E01,1971225.69
2022-10-03,E01,1946132.99
2022-10-04,E01,2044794.1
2022-10-05,E01,2091356.63
2022-10-06,E01,2099650.73
2022-10-07,E01,2191522.88
2022-10-08,E01,2152423.78
2022-10-09,E01,2135228.97
2022-10-10,E01,2231891.28
2022-10-11,E01,2223704.52
2022-10-12,E01,2178325.85
2022-10-13,E01,2199609.08
2022-10-14,E01,2126372.47
2022-10-15,E01,2160797.06
2022-10-16,E01,1993376.75
2022-10-17,E01,2052775.79
2022-10-18,E01,2052826.45
2022-10-19,E01,2034814.31
2022-10-20,E01,2029289.08
2022-10-21,E01,2055477.71
2022-10-22,E01,2153882.98
2022-10-23,E01,2160990.81
2022-10-24,E01,2342118.53
2022-10-25,E01,2240229.17
2022-10-26,E01,2378750.3
2022-10-27,E01,2407642.56
2022-10-28,E01,2390571.16
2022-10-29,E01,2412704.1
2022-10-30,E01,2442550.72
2022-10-31,E01,2284936.9
2022-11-01,E01,2166207.01
2022-11-02,E01,2154290.27
2022-11-03,E01,2156346.56
2022-11-04,E01,2160737.89
2022-11-05,E01,2241783.0
2022-11-06,E01,2351738.5
2022-11-07,E01,2440948.84
2022-11-08,E01,2426990.74
2022-11-09,E01,2522526.76
2022-11-10,E01,2654406.01
2022-11-11,E01,2553638.48
2022-11-12,E01,2352663.9
2022-11-13,E01,2371784.79
2022-11-14,E01,2369180.19
2022-11-15,E01,2339224.0
2022-11-16,E01,2323135.82
2022-11-17,E01,2279558.96
2022-11-18,E01,2389826.79
2022-11-19,E01,2432338.7
2022-11-20,E01,2344456.25
2022-11-21,E01,2376618.92
2022-11-22,E01,2361616.49
2022-11-23,E01,2389745.36
2022-11-24,E01,2392272.49
2022-11-25,E01,2333120.67
2022-11-26,E01,2268075.15
2022-11-27,E01,2292148.74
2022-11-28,E01,2143781.42
2022-11-29,E01,2118827.5
2022-11-30,E01,2058668.62
2022-12-01,E01,2065504.05
2022-12-02,E01,2195508.06
2022-12-03,E01,2087157.23
2022-12-04,E01,1987076.58
2022-12-05,E01,1871754.85
2022-12-06,E01,1798516.07
2022-12-07,E01,1729060.8
2022-12-08,E01,1753023.6
2022-12-09,E01,1719867.98
2022-12-10,E01,1612837.01
2022-12-11,E01,1575549.23
2022-12-12,E01,1568061.21
2022-12-13,E01,1513535.65
2022-12-14,E01,1552021.74
2022-12-15,E01,1569499.42
2022-12-16,E01,1511326.3
2022-12-17,E01,1568470.56
2022-12-18,E01,1455373.27
2022-12-19,E01,1389490.95
2022-12-20,E01,1409715.01
2022-12-21,E01,1403579.6
2022-12-22,E01,1333131.11
2022-12-23,E01,1432350.45
2022-12-24,E01,1469324.66
2022-12-25,E01,1408608.41
2022-12-26,E01,1362439.68
2022-12-27,E01,1333415.17
2022-12-28,E01,1382415.94
2022-12-29,E01,1324413.55
2022-12-30,E01,1227642.18
2022-12-31,E01,1096133.18
2023-01-01,E01,1113182.4
2023-01-02,E01,1213872.5
2023-01-03,E01,1264526.96
2023-01-04,E01,1262434.35
2023-01-05,E01,1392951.29
2023-01-06,E01,1425064.23
2023-01-07,E01,1485256.81
2023-01-08,E01,1496466.68
2023-01-09,E01,1577381.52
2023-01-10,E01,1520500.89
2023-01-11,E01,1484048.71
2023-01-12,E01,1472002.53
2023-01-13,E01,1425472.0
2023-01-14,E01,1429001.42
2023-01-15,E01,1579522.99
2023-01-16,E01,1543785.56
2023-01-17,E01,1533236.57
2023-01-18,E01,1573017.65
2023-01-19,E01,1526897.31
2023-01-20,E01,1498520.61
2023-01-21,E01,1417868.83
2023-01-22,E01,1379065.88
2023-01-23,E01,1222071.26
2023-01-24,E01,1180460.8
2023-01-25,E01,1137296.38
2023-01-26,E01,1276083.55
2023-01-27,E01,1425413.86
2023-01-28,E01,1439779.84
2023-01-29,E01,1423887.03
2023-01-30,E01,1436567.14
2023-01-31,E01,1384095.91
2023-02-01,E01,1250509.76
2023-02-02,E01,1291693.73
2023-02-03,E01,1258841.35
2023-02-04,E01,1240045.74
2023-02-05,E01,1178988.47
2023-02-06,E01,1182263.35
2023-02-07,E01,1264410.36
2023-02-08,E01,1243215.51
2023-02-09,E01,1126439.17
2023-02-10,E01,1156757.21
2023-02-11,E01,1185392.1
2023-02-12,E01,1138866.68
2023-02-13,E01,1122238.94
2023-02-14,E01,1231358.19
2023-02-15,E01,1186342.6
2023-02-16,E01,1230044.41
2023-02-17,E01,1175800.33
2023-02-18,E01,1158117.01
2023-02-19,E01,1120498.05
2023-02-20,E01,1165187.58
2023-02-21,E01,1115754.43
2023-02-22,E01,1110311.06
2023-02-23,E01,1120517.89
2023-02-24,E01,1182242.78
2023-02-25,E01,1272253.93
2023-02-26,E01,1270874.29
2023-02-27,E01,1354063.47
2023-02-28,E01,1309586.59
2023-03-01,E01,1304249.78
2023-03-02,E01,1162980.69
2023-03-03,E01,1091315.95
2023-03-04,E01,1025267.9
2023-03-05,E01,1116354.52
2023-03-06,E01,1081330.52
2023-03-07,E01,972767.91
2023-03-08,E01,905689.8
2023-03-09,E01,924456.05
2023-03-10,E01,917908.47
2023-03-11,E01,964116.23
2023-03-12,E01,886277.98
2023-03-13,E01,874309.4
2023-03-14,E01,899412.99
2023-03-15,E01,936508.74
2023-03-16,E01,913989.62
2023-03-17,E01,918649.19
2023-03-18,E01,780804.29
2023-03-19,E01,858889.93
2023-03-20,E01,887339.88
2023-03-21,E01,861318.62
2023-03-22,E01,950648.32
2023-03-23,E01,912990.77
2023-03-24,E01,748790.7
2023-03-25,E01,726383.26
2023-03-26,E01,812623.05
2023-03-27,E01,1005517.62
2023-03-28,E01,1140885.66
2023-03-29,E01,1244307.01
2023-03-30,E01,1239722.03
2023-03-31,E01,1164568.24
2023-04-01,E01,1219478.57
2023-04-02,E01,1274591.71
2023-04-03,E01,1354214.28
2023-04-04,E01,1357264.17
2023-04-05,E01,1337556.77
2023-04-06,E01,1283642.64
2023-04-07,E01,1268852.55
2023-04-08,E01,1246178.82
2023-04-09,E01,1261552.31
2023-04-10,E01,1278654.4
2023-04-11,E01,1176660.54
2023-04-12,E01,1174692.45
2023-04-13,E01,1090779.2
2023-04-14,E01,1111234.47
2023-04-15,E01,1074956.47
2023-04-16,E01,1084716.9
2023-04-17,E01,990162.53
2023-04-18,E01,1082654.39
2023-04-19,E01,1106408.87
2023-04-20,E01,941875.62
2023-04-21,E01,824508.72
2023-04-22,E01,827798.23
2023-04-23,E01,719626.74
2023-04-24,E01,769249.25
2023-04-25,E01,731268.6
2023-04-26,E01,800811.89
2023-04-27,E01,727022.82
2023-04-28,E01,891528.28
2023-04-29,E01,869405.33
2023-04-30,E01,937252.9
2023-05-01,E01,1035505.68
2023-05-02,E01,1128220.24
2023-05-03,E01,1078422.25
2023-05-04,E01,1120470.3
2023-05-05,E01,957672.87
2023-05-06,E01,817273.59
2023-05-07,E01,774524.49
2023-05-08,E01,784294.94
2023-05-09,E01,823196.51
2023-05-10,E01,821441.28
2023-05-11,E01,862363.72
2023-05-12,E01,910036.86
2023-05-13,E01,943624.47
2023-05-14,E01,928677.94
2023-05-15,E01,993099.22
2023-05-16,E01,994649.43
2023-05-17,E01,995537.54
2023-05-18,E01,971027.64
2023-05-19,E01,953609.25
2023-05-20,E01,976846.11
2023-05-21,E01,918744.93
2023-05-22,E01,864702.97
2023-05-23,E01,785092.39
2023-05-24,E01,839115.41
2023-05-25,E01,898776.04
2023-05-26,E01,885468.34
2023-05-27,E01,898646.29
2023-05-28,E01,896039.24
2023-05-29,E01,943655.71
2023-05-30,E01,908298.69
2023-05-31,E01,838386.09
2023-06-01,E01,875770.75
2023-06-02,E01,766371.49
2023-06-03,E01,706313.92
2023-06-04,E01,731347.07
2023-06-05,E01,666620.93
2023-06-06,E01,586927.39
2023-06-07,E01,563474.62
2023-06-08,E01,454673.19
2023-06-09,E01,438150.96
2023-06-10,E01,439707.0
2023-06-11,E01,488483.51
2023-06-12,E01,399052.55
2023-06-13,E01,453032.76
2023-06-14,E01,487662.53
2023-06-15,E01,430371.14
2023-06-16,E01,415486.72
2023-06-17,E01,404221.42
2023-06-18,E01,363311.98
2023-06-19,E01,391454.88
2023-06-20,E01,331362.78
2023-06-21,E01,231723.93
2023-06-22,E01,296102.77
2023-06-23,E01,224149.72
2023-06-24,E01,224061.74
2023-06-25,E01,260332.13
2023-06-26,E01,136452.31
2023-06-27,E01,79936.46
2023-06-28,E01,50000.0
2023-06-29,E01,85890.37
2023-06-30,E01,178281.43
2023-07-01,E01,134085.83
2023-07-02,E01,150407.06
2023-07-03,E01,239547.09
2023-07-04,E01,168323.52
2023-07-05,E01,50000.0
2023-07-06,E01,70843.09
2023-07-07,E01,127937.73
2023-07-08,E01,122210.74
2023-07-09,E01,228699.25
2023-07-10,E01,164484.27
2023-07-11,E01,92255.22
2023-07-12,E01,159325.71
2023-07-13,E01,157330.73
2023-07-14,E01,129523.8
2023-07-15,E01,113051.48
2023-07-16,E01,140878.18
2023-07-17,E01,183538.79
2023-07-18,E01,159916.29
2023-07-19,E01,131605.47
2023-07-20,E01,93684.21
2023-07-21,E01,135391.37
2023-07-22,E01,226294.37
2023-07-23,E01,279308.76
2023-07-24,E01,321133.73
2023-07-25,E01,284167.52
2023-07-26,E01,215991.24
2023-07-27,E01,255297.04
2023-07-28,E01,306800.04
2023-07-29,E01,304346.86
2023-07-30,E01,391894.01
2023-07-31,E01,311074.75
2023-08-01,E01,209119.03
2023-08-02,E01,230258.93
2023-08-03,E01,238826.36
2023-08-04,E01,241434.32
2023-08-05,E01,324734.35
2023-08-06,E01,231143.81
2023-08-07,E01,332851.33
2023-08-08,E01,288763.89
2023-08-09,E01,203588.72
2023-08-10,E01,281190.58
2023-08-11,E01,338309.03
2023-08-12,E01,222244.37
2023-08-13,E01,190302.96
2023-08-14,E01,91065.24
2023-08-15,E01,78166.1
2023-08-16,E01,125402.95
2023-08-17,E01,109572.33
2023-08-18,E01,86284.76
2023-08-19,E01,174984.64
2023-08-20,E01,163299.02
2023-08-21,E01,98574.23
2023-08-22,E01,51496.96
2023-08-23,E01,111081.47
2023-08-24,E01,50000.0
2023-08-25,E01,72392.9
2023-08-26,E01,75674.63
2023-08-27,E01,79870.25
2023-08-28,E01,89657.77
2023-08-29,E01,114175.34
2023-08-30,E01,55956.01
2023-08-31,E01,50000.0
2023-09-01,E01,50000.0
2023-09-02,E01,60512.3
2023-09-03,E01,68512.7
2023-09-04,E01,50000.0
2023-09-05,E01,56846.07
2023-09-06,E01,50000.0
2023-09-07,E01,94242.14
2023-09-08,E01,127944.2
2023-09-09,E01,260247.79
2023-09-10,E01,249677.76
2023-09-11,E01,191255.65
2023-09-12,E01,303979.87
2023-09-13,E01,266753.74
2023-09-14,E01,157765.27
2023-09-15,E01,85107.36
2023-09-16,E01,126815.67
2023-09-17,E01,156390.68
2023-09-18,E01,223556.44
2023-09-19,E01,325967.73
2023-09-20,E01,361688.08
2023-09-21,E01,382468.61
2023-09-22,E01,418377.5
2023-09-23,E01,369449.41
2023-09-24,E01,468793.12
2023-09-25,E01,440676.62
2023-09-26,E01,577549.62
2023-09-27,E01,591926.73
2023-09-28,E01,591653.98
2023-09-29,E01,577159.62
2023-09-30,E01,622707.4
2023-10-01,E01,655990.17
2023-10-02,E01,731685.4
2023-10-03,E01,717390.89
2023-10-04,E01,699179.54
2023-10-05,E01,832108.53
2023-10-06,E01,846378.18
2023-10-07,E01,729810.25
2023-10-08,E01,711984.79
2023-10-09,E01,740185.12
2023-10-10,E01,678787.6
2023-10-11,E01,626055.71
2023-10-12,E01,689500.35
2023-10-13,E01,721721.02
2023-10-14,E01,786917.31
2023-10-15,E01,680273.93
2023-10-16,E01,715218.47
2023-10-17,E01,632251.34
2023-10-18,E01,607442.24
2023-10-19,E01,683834.28
2023-10-20,E01,610609.24
2023-10-21,E01,675359.47
2023-10-22,E01,745751.22
2023-10-23,E01,838159.79
2023-10-24,E01,774898.66
2023-10-25,E01,713559.9
2023-10-26,E01,725318.68
2023-10-27,E01,719866.05
2023-10-28,E01,658517.75
2023-10-29,E01,682818.31
2023-10-30,E01,683448.84
2023-10-31,E01,739351.22
2023-11-01,E01,695891.28
2023-11-02,E01,699187.73
2023-11-03,E01,623794.72
2023-11-04,E01,629505.3
2023-11-05,E01,641699.75
2023-11-06,E01,606977.86
2023-11-07,E01,627333.54
2023-11-08,E01,585946.35
2023-11-09,E01,613773.1
2023-11-10,E01,604236.61
2023-11-11,E01,582892.48
2023-11-12,E01,738552.48
2023-11-13,E01,744207.68
2023-11-14,E01,735384.84
2023-11-15,E01,564261.33
2023-11-16,E01,600068.15
2023-11-17,E01,619834.44
2023-11-18,E01,635826.27
2023-11-19,E01,632917.63
2023-11-20,E01,700145.53
2023-11-21,E01,698921.66
2023-11-22,E01,654932.71
2023-11-23,E01,649087.58
2023-11-24,E01,559748.82
2023-11-25,E01,536166.53
2023-11-26,E01,570634.55
2023-11-27,E01,532620.62
2023-11-28,E01,468228.52
2023-11-29,E01,304527.55
2023-11-30,E01,427709.96
2023-12-01,E01,438815.37
2023-12-02,E01,446055.28
2023-12-03,E01,509312.44
2023-12-04,E01,543637.86
2023-12-05,E01,557726.16
2023-12-06,E01,679940.34
2023-12-07,E01,536391.86
2023-12-08,E01,494633.05
2023-12-09,E01,544336.04
2023-12-10,E01,587094.39
2023-12-11,E01,631116.71
2023-12-12,E01,669359.81
2023-12-13,E01,600052.45
2023-12-14,E01,667172.02
2023-12-15,E01,755727.68
2023-12-16,E01,720357.73
2023-12-17,E01,792852.92
2023-12-18,E01,717069.83
2023-12-19,E01,766466.77
2023-12-20,E01,801321.66
2023-12-21,E01,870672.66
2023-12-22,E01,846234.1
2023-12-23,E01,798809.65
2023-12-24,E01,833844.61
2023-12-25,E01,817211.96
2023-12-26,E01,902614.97
2023-12-27,E01,798732.81
2023-12-28,E01,820099.04
2023-12-29,E01,796380.24
2023-12-30,E01,835535.57
2023-12-31,E01,894069.58
2024-01-01,E01,884404.03
2024-01-02,E01,793422.66
2024-01-03,E01,792429.52
2024-01-04,E01,759410.0
2024-01-05,E01,799613.58
2024-01-06,E01,833057.0
2024-01-07,E01,734398.88
2024-01-08,E01,736030.33
2024-01-09,E01,644153.92
2024-01-10,E01,562336.06
2024-01-11,E01,497865.1
2024-01-12,E01,544599.53
2024-01-13,E01,581921.81
2024-01-14,E01,531833.75
2024-01-15,E01,527476.18
2024-01-16,E01,512734.69
2024-01-17,E01,550844.62
2024-01-18,E01,534086.58
2024-01-19,E01,635424.22
2024-01-20,E01,500144.59
2024-01-21,E01,514583.73
2024-01-22,E01,381230.19
2024-01-23,E01,397192.6
2024-01-24,E01,475426.98
2024-01-25,E01,432548.86
2024-01-26,E01,363136.62
2024-01-27,E01,446502.56
2024-01-28,E01,545231.64
2024-01-29,E01,565664.37
2024-01-30,E01,608471.95
2024-01-31,E01,618987.13
2024-02-01,E01,505574.63
2024-02-02,E01,518968.59
2024-02-03,E01,615384.8
2024-02-04,E01,651843.27
2024-02-05,E01,593616.67
2024-02-06,E01,525232.47
2024-02-07,E01,501861.07
2024-02-08,E01,527081.11
2024-02-09,E01,571693.39
2024-02-10,E01,539886.01
2024-02-11,E01,367160.34
2024-02-12,E01,315333.54
2024-02-13,E01,233462.41
2024-02-14,E01,222092.18
2024-02-15,E01,318161.05
2024-02-16,E01,327053.17
2024-02-17,E01,256360.86
2024-02-18,E01,214576.82
2024-02-19,E01,183392.07
2024-02-20,E01,276248.89
2024-02-21,E01,224143.41
2024-02-22,E01,234321.31
2024-02-23,E01,162759.5
2024-02-24,E01,170861.27
2024-02-25,E01,180927.2
2024-02-26,E01,106487.65
2024-02-27,E01,50000.0
2024-02-28,E01,114902.13
2024-02-29,E01,50000.0
2024-03-01,E01,154347.96
2024-03-02,E01,62888.62
2024-03-03,E01,206187.86
2024-03-04,E01,209149.93
2024-03-05,E01,325657.86
2024-03-06,E01,259415.27
2024-03-07,E01,372177.95
2024-03-08,E01,377277.57
2024-03-09,E01,391531.57
2024-03-10,E01,396346.58
2024-03-11,E01,417933.71
2024-03-12,E01,479067.7
2024-03-13,E01,445421.8
2024-03-14,E01,392172.09
2024-03-15,E01,328281.75
2024-03-16,E01,380842.04
2024-03-17,E01,382586.29
2024-03-18,E01,466461.86
2024-03-19,E01,440560.81
2024-03-20,E01,463956.04
2024-03-21,E01,539590.44
2024-03-22,E01,437144.24
2024-03-23,E01,387444.72
2024-03-24,E01,347203.95
2024-03-25,E01,383170.85
2024-03-26,E01,343165.36
2024-03-27,E01,413777.28
2024-03-28,E01,445704.84
2024-03-29,E01,405734.52
2024-03-30,E01,280869.0
2024-03-31,E01,213435.47
2024-04-01,E01,252826.3
2024-04-02,E01,167582.9
2024-04-03,E01,213662.9
2024-04-04,E01,165017.04
2024-04-05,E01,208612.75
2024-04-06,E01,240468.18
2024-04-07,E01,257913.86
2024-04-08,E01,213903.11
2024-04-09,E01,284902.48
2024-04-10,E01,321130.8
2024-04-11,E01,311893.71
2024-04-12,E01,284550.68
2024-04-13,E01,278479.42
2024-04-14,E01,357707.73
2024-04-15,E01,326718.94
2024-04-16,E01,271488.55
2024-04-17,E01,336107.37
2024-04-18,E01,301320.17
2024-04-19,E01,342637.04
2024-04-20,E01,380093.85
2024-04-21,E01,438138.52
2024-04-22,E01,401433.04
2024-04-23,E01,377437.56
2024-04-24,E01,306609.03
2024-04-25,E01,264453.57
2024-04-26,E01,322730.47
2024-04-27,E01,258337.02
2024-04-28,E01,323004.55
2024-04-29,E01,314778.6
2024-04-30,E01,349413.16
2024-05-01,E01,259273.91
2024-05-02,E01,373128.39
2024-05-03,E01,386826.71
2024-05-04,E01,412711.92
2024-05-05,E01,497338.12
2024-05-06,E01,505020.12
2024-05-07,E01,478860.89
2024-05-08,E01,427209.44
2024-05-09,E01,389160.48
2024-05-10,E01,276350.44
2024-05-11,E01,278558.22
2024-05-12,E01,230102.27
2024-05-13,E01,242917.37
2024-05-14,E01,315215.83
2024-05-15,E01,462815.01
2024-05-16,E01,411757.11
2024-05-17,E01,416973.97
2024-05-18,E01,447901.89
2024-05-19,E01,421047.89
2024-05-20,E01,366251.92
2024-05-21,E01,370615.19
2024-05-22,E01,398217.65
2024-05-23,E01,350191.3
2024-05-24,E01,290671.38
2024-05-25,E01,255213.69
2024-05-26,E01,322827.16
2024-05-27,E01,397840.83
2024-05-28,E01,399824.97
2024-05-29,E01,332258.72
2024-05-30,E01,339745.28
2024-05-31,E01,332369.5
2024-06-01,E01,339400.86
2024-06-02,E01,215457.92
2024-06-03,E01,213731.24
2024-06-04,E01,254199.26
2024-06-05,E01,263430.17
2024-06-06,E01,265835.99
2024-06-07,E01,263581.23
2024-06-08,E01,180353.49
2024-06-09,E01,133318.95
2024-06-10,E01,116024.18
2024-06-11,E01,111033.84
2024-06-12,E01,137507.66
2024-06-13,E01,176919.04
2024-06-14,E01,285518.73
2024-06-15,E01,314079.56
2024-06-16,E01,299179.27
2024-06-17,E01,285675.74
2024-06-18,E01,170753.01
2024-06-19,E01,117406.62
2024-06-20,E01,150705.08
2024-06-21,E01,178229.99
2024-06-22,E01,215561.55
2024-06-23,E01,198991.19
2024-06-24,E01,190130.2
2024-06-25,E01,314162.01
2024-06-26,E01,321273.92
2024-06-27,E01,343180.8
2024-06-28,E01,303659.33
2024-06-29,E01,379362.31
2024-06-30,E01,408804.18
2024-07-01,E01,415756.09
2024-07-02,E01,373656.68
2024-07-03,E01,348657.79
2024-07-04,E01,378621.28
2024-07-05,E01,357732.6
2024-07-06,E01,376490.64
2024-07-07,E01,387638.83
2024-07-08,E01,279268.18
2024-07-09,E01,301168.39
2024-07-10,E01,322144.96
2024-07-11,E01,194919.74
2024-07-12,E01,198277.26
2024-07-13,E01,326407.34
2024-07-14,E01,358378.05
2024-07-15,E01,386750.49
2024-07-16,E01,361061.25
2024-07-17,E01,387710.32
2024-07-18,E01,395116.12
2024-07-19,E01,389113.52
2024-07-20,E01,325567.65
2024-07-21,E01,299789.49
2024-07-22,E01,396520.99
2024-07-23,E01,410917.65
2024-07-24,E01,425588.42
2024-07-25,E01,454798.29
2024-07-26,E01,432923.52
2024-07-27,E01,320453.07
2024-07-28,E01,324423.85
2024-07-29,E01,300541.67
2024-07-30,E01,195855.73
2024-07-31,E01,222149.83
2024-08-01,E01,365801.79
2024-08-02,E01,281610.66
2024-08-03,E01,343462.73
2024-08-04,E01,467324.5
2024-08-05,E01,343402.16
2024-08-06,E01,461726.84
2024-08-07,E01,366192.69
2024-08-08,E01,259939.61
2024-08-09,E01,231584.02
2024-08-10,E01,214956.69
2024-08-11,E01,164840.27
2024-08-12,E01,50000.0
2024-08-13,E01,52586.36
2024-08-14,E01,50000.0
2024-08-15,E01,58876.88
2024-08-16,E01,50000.0
2024-08-17,E01,99259.64
2024-08-18,E01,181953.21
2024-08-19,E01,223644.0
2024-08-20,E01,246430.44
2024-08-21,E01,208798.04
2024-08-22,E01,289910.17
2024-08-23,E01,219871.31
2024-08-24,E01,223326.52
2024-08-25,E01,326035.76
2024-08-26,E01,420803.12
2024-08-27,E01,318303.77
2024-08-28,E01,242749.05
2024-08-29,E01,147767.74
2024-08-30,E01,167956.18
2024-08-31,E01,231131.55
2024-09-01,E01,204781.89
2024-09-02,E01,204434.76
2024-09-03,E01,198018.63
2024-09-04,E01,122653.99
2024-09-05,E01,178758.77
2024-09-06,E01,158347.78
2024-09-07,E01,116734.99
2024-09-08,E01,142633.88
2024-09-09,E01,132860.21
2024-09-10,E01,50000.0
2024-09-11,E01,50000.0
2024-09-12,E01,105789.84
2024-09-13,E01,156934.26
2024-09-14,E01,231994.88
2024-09-15,E01,173832.85
2024-09-16,E01,262023.2
2024-09-17,E01,291549.79
2024-09-18,E01,168833.74
2024-09-19,E01,241486.69
2024-09-20,E01,210126.73
2024-09-21,E01,239033.51
2024-09-22,E01,283379.78
2024-09-23,E01,335667.26
2024-09-24,E01,369245.42
2024-09-25,E01,365631.81
2024-09-26,E01,363895.19
2024-09-27,E01,335432.27
2024-09-28,E01,462654.92
2024-09-29,E01,338757.92
2024-09-30,E01,203927.72
2024-10-01,E01,247155.06
2024-10-02,E01,104928.41
2024-10-03,E01,150760.91
2024-10-04,E01,130245.45
2024-10-05,E01,211572.63
2024-10-06,E01,227945.78
2024-10-07,E01,82353.59
2024-10-08,E01,124110.33
2024-10-09,E01,155169.23
2024-10-10,E01,112593.18
2024-10-11,E01,96687.3
2024-10-12,E01,140556.12
2024-10-13,E01,146772.29
2024-10-14,E01,50000.0
2024-10-15,E01,75039.24
2024-10-16,E01,240963.83
2024-10-17,E01,256921.85
2024-10-18,E01,231315.88
2024-10-19,E01,413941.39
2024-10-20,E01,488758.3
2024-10-21,E01,479086.42
2024-10-22,E01,493844.16
2024-10-23,E01,534841.5
2024-10-24,E01,639368.86
2024-10-25,E01,561265.51
2024-10-26,E01,522760.05
2024-10-27,E01,548059.91
2024-10-28,E01,534493.2
2024-10-29,E01,511253.14
2024-10-30,E01,542181.88
2024-10-31,E01,451111.78
2024-11-01,E01,470694.07
2024-11-02,E01,428417.72
2024-11-03,E01,516131.04
2024-11-04,E01,475334.68
2024-11-05,E01,484210.61
2024-11-06,E01,504199.14
2024-11-07,E01,380529.3
2024-11-08,E01,271367.07
2024-11-09,E01,323847.02
2024-11-10,E01,308031.17
2024-11-11,E01,393545.98
2024-11-12,E01,457811.15
2024-11-13,E01,393186.05
2024-11-14,E01,247663.8
2024-11-15,E01,297793.77
2024-11-16,E01,178168.33
2024-11-17,E01,153478.39
2024-11-18,E01,50000.0
2024-11-19,E01,50000.0
2024-11-20,E01,50000.0
2024-11-21,E01,90389.22
2024-11-22,E01,95316.87
2024-11-23,E01,150972.48
2024-11-24,E01,73488.57
2024-11-25,E01,50000.0
2024-11-26,E01,50000.0
2024-11-27,E01,50000.0
2024-11-28,E01,73608.2
2024-11-29,E01,50000.0
2024-11-30,E01,62116.37
2024-12-01,E01,50000.0
2024-12-02,E01,62604.85
2024-12-03,E01,50000.0
2024-12-04,E01,113164.66
2024-12-05,E01,62578.72
2024-12-06,E01,70345.7
2024-12-07,E01,67848.62
2024-12-08,E01,146944.99
2024-12-09,E01,98954.14
2024-12-10,E01,50000.0
2024-12-11,E01,50000.0
2024-12-12,E01,50000.0
2024-12-13,E01,134389.07
2024-12-14,E01,142874.03
2024-12-15,E01,142340.48
2024-12-16,E01,77827.75
2024-12-17,E01,186464.59
2024-12-18,E01,294154.44
2024-12-19,E01,363940.83
2024-12-20,E01,417073.83
2024-12-21,E01,382145.39
2024-12-22,E01,273997.63
2024-12-23,E01,309253.67
2024-12-24,E01,270114.01
2024-12-25,E01,333958.49
2024-12-26,E01,319088.58
2024-12-27,E01,346040.09
2024-12-28,E01,421654.74
2024-12-29,E01,376113.97
2024-12-30,E01,417514.98
2024-12-31,E01,432636.71
2025-01-01,E01,541421.5
2025-01-02,E01,515696.6
2025-01-03,E01,466167.13
2025-01-04,E01,459602.28
2025-01-05,E01,426963.06
2025-01-06,E01,344062.69
2025-01-07,E01,442153.77
2025-01-08,E01,467677.95
2025-01-09,E01,489217.38
2025-01-10,E01,483088.46
2025-01-11,E01,442651.89
2025-01-12,E01,441360.76
2025-01-13,E01,331293.93
2025-01-14,E01,381667.16
2025-01-15,E01,319445.66
2025-01-16,E01,256748.02
2025-01-17,E01,314833.4
2025-01-18,E01,307693.97
2025-01-19,E01,237169.31
2025-01-20,E01,294093.22
2025-01-21,E01,334474.61
2025-01-22,E01,339842.32
2025-01-23,E01,263356.09
2025-01-24,E01,246939.64
2025-01-25,E01,147291.43
2025-01-26,E01,238081.22
2025-01-27,E01,237157.07
2025-01-28,E01,272426.42
2025-01-29,E01,314958.01
2025-01-30,E01,276839.13
2025-01-31,E01,317128.97
2025-02-01,E01,273221.23
2025-02-02,E01,210829.93
2025-02-03,E01,256821.75
2025-02-04,E01,250413.41
2025-02-05,E01,273751.0
2025-02-06,E01,384219.11
2025-02-07,E01,478843.27
2025-02-08,E01,426689.63
2025-02-09,E01,418284.6
2025-02-10,E01,366675.31
2025-02-11,E01,385151.89
2025-02-12,E01,394125.56
2025-02-13,E01,370762.74
2025-02-14,E01,421356.91
2025-02-15,E01,341654.21
2025-02-16,E01,284755.05
2025-02-17,E01,181481.07
2025-02-18,E01,241363.41
2025-02-19,E01,226041.81
2025-02-20,E01,269060.32
2025-02-21,E01,287647.19
2025-02-22,E01,230830.79
2025-02-23,E01,80734.84
2025-02-24,E01,50000.0
2025-02-25,E01,96744.25
2025-02-26,E01,87949.77
2025-02-27,E01,50000.0
2025-02-28,E01,50000.0
2025-03-01,E01,128371.7
2025-03-02,E01,228549.93
2025-03-03,E01,186950.16
2025-03-04,E01,157750.42
2025-03-05,E01,170290.25
2025-03-06,E01,189617.97
2025-03-07,E01,168037.82
2025-03-08,E01,300854.67
2025-03-09,E01,267137.86
2025-03-10,E01,207070.98
2025-03-11,E01,185711.36
2025-03-12,E01,201228.33
2025-03-13,E01,125679.15
2025-03-14,E01,141200.28
2025-03-15,E01,71740.64
2025-03-16,E01,132620.46
2025-03-17,E01,66077.7
2025-03-18,E01,50000.0
2025-03-19,E01,94762.69
2025-03-20,E01,67825.06
2025-03-21,E01,97508.67
2025-03-22,E01,50000.0
2025-03-23,E01,50000.0
2025-03-24,E01,143974.58
2025-03-25,E01,153653.74
2025-03-26,E01,121051.56
2025-03-27,E01,209681.51
2025-03-28,E01,208430.7
2025-03-29,E01,275377.13
2025-03-30,E01,290981.64
2025-03-31,E01,179537.36
2025-04-01,E01,154559.16
2025-04-02,E01,166882.66
2025-04-03,E01,57226.8
2025-04-04,E01,106022.11
2025-04-05,E01,172493.5
2025-04-06,E01,151539.9
2025-04-07,E01,253054.26
2025-04-08,E01,213519.54
2025-04-09,E01,166245.84
2025-04-10,E01,228314.37
2025-04-11,E01,230071.37
2025-04-12,E01,230761.03
2025-04-13,E01,265147.46
2025-04-14,E01,273993.8
2025-04-15,E01,363976.15
2025-04-16,E01,355882.47
2025-04-17,E01,384217.23
2025-04-18,E01,468337.34
2025-04-19,E01,539829.25
2025-04-20,E01,483935.25
2025-04-21,E01,497526.9
2025-04-22,E01,519936.87
2025-04-23,E01,500626.67
2025-04-24,E01,518329.31
2025-04-25,E01,507089.43
2025-04-26,E01,618518.22
2025-04-27,E01,669252.46
2025-04-28,E01,639840.46
2025-04-29,E01,643399.95
2025-04-30,E01,667469.83
2025-05-01,E01,654141.67
2025-05-02,E01,638477.3
2025-05-03,E01,679887.93
2025-05-04,E01,652038.74
2025-05-05,E01,617600.92
2025-05-06,E01,636833.67
2025-05-07,E01,599724.94
2025-05-08,E01,480192.64
2025-05-09,E01,501230.35
2025-05-10,E01,504146.6
2025-05-11,E01,442660.98
2025-05-12,E01,599403.27
2025-05-13,E01,478896.77
2025-05-14,E01,451005.86
2025-05-15,E01,466741.54
2025-05-16,E01,518817.92
2025-05-17,E01,654087.38
2025-05-18,E01,737945.01
2025-05-19,E01,686519.34
2025-05-20,E01,731237.71
2025-05-21,E01,714682.15
2025-05-22,E01,738309.25
2025-05-23,E01,705802.18
2025-05-24,E01,855070.83
2025-05-25,E01,943287.32
2025-05-26,E01,908673.34
2025-05-27,E01,911284.09
2025-05-28,E01,999673.27
2025-05-29,E01,1199033.83
2025-05-30,E01,1240916.69
2025-05-31,E01,1327202.11
2025-06-01,E01,1335305.21
2025-06-02,E01,1487962.52
2025-06-03,E01,1531193.1
2025-06-04,E01,1568582.22
2025-06-05,E01,1554854.75
2025-06-06,E01,1471640.77
2025-06-07,E01,1465879.81
2025-06-08,E01,1294211.62
2025-06-09,E01,1252667.87
2025-06-10,E01,1203145.47
2025-06-11,E01,1130384.22
2025-06-12,E01,1158069.31
2025-06-13,E01,1188236.09
2025-06-14,E01,1223619.02
2025-06-15,E01,1224803.47
2025-06-16,E01,1223616.81
2025-06-17,E01,1181129.49
2025-06-18,E01,1125298.23
2025-06-19,E01,1112142.28
2025-06-20,E01,1039157.51
2025-06-21,E01,950002.98
2025-06-22,E01,1106050.46
2025-06-23,E01,1137871.07
2025-06-24,E01,1228650.44
2025-06-25,E01,1185080.27
2025-06-26,E01,1201688.96
2025-06-27,E01,1325204.44
2025-06-28,E01,1243636.88
2025-06-29,E01,1337030.85
2025-06-30,E01,1401951.39
2025-07-01,E01,1471653.48
2025-07-02,E01,1489120.92
2025-07-03,E01,1622329.68
2025-07-04,E01,1590556.07
2025-07-05,E01,1520095.06
2025-07-06,E01,1520363.06
2025-07-07,E01,1489110.73
2025-07-08,E01,1445702.59
2025-07-09,E01,1456852.0
2025-07-10,E01,1484756.67
2025-07-11,E01,1539582.06
2025-07-12,E01,1603193.35
2025-07-13,E01,1561387.73
2025-07-14,E01,1619435.82
2025-07-15,E01,1586266.61
2025-07-16,E01,1593489.24
2025-07-17,E01,1637343.21
2025-07-18,E01,1569919.21
2025-07-19,E01,1563924.65
2025-07-20,E01,1622421.3
2025-07-21,E01,1555991.63
2025-07-22,E01,1543398.01
2025-07-23,E01,1450354.23
2025-07-24,E01,1330112.64
2025-07-25,E01,1454692.07
2025-07-26,E01,1492982.2
2025-07-27,E01,1421631.51
2025-07-28,E01,1372686.96
2025-07-29,E01,1307839.66
2025-07-30,E01,1360891.69
2025-07-31,E01,1308819.45
2025-08-01,E01,1366543.97
2025-08-02,E01,1338936.84
2025-08-03,E01,1391307.44
2025-08-04,E01,1323598.33
2025-08-05,E01,1427400.91
2025-08-06,E01,1442636.49
2025-08-07,E01,1387410.13
2025-08-08,E01,1300012.0
2025-08-09,E01,1217568.34
2025-08-10,E01,1156933.14
2025-08-11,E01,1072252.61
2025-08-12,E01,1024811.07
2025-08-13,E01,975890.53
2025-08-14,E01,972558.21
2025-08-15,E01,881147.73
2025-08-16,E01,808914.44
2025-08-17,E01,775264.25
2025-08-18,E01,787921.51
2025-08-19,E01,829249.51
2025-08-20,E01,795454.8
2025-08-21,E01,774536.27
2025-08-22,E01,758400.14
2025-08-23,E01,844841.35
2025-08-24,E01,856273.93
2025-08-25,E01,990541.17
2025-08-26,E01,1036639.56
2025-08-27,E01,1163828.6
2025-08-28,E01,1131720.84
2025-08-29,E01,1105197.55
2025-08-30,E01,1046049.35
2025-08-31,E01,1058073.4
2025-09-01,E01,1011425.05
2025-09-02,E01,963708.5
2025-09-03,E01,920579.43
2025-09-04,E01,916083.67
2025-09-05,E01,941859.94
2025-09-06,E01,934528.59
2025-09-07,E01,988579.8
2025-09-08,E01,1033159.84
2025-09-09,E01,1055509.75
2025-09-10,E01,1158781.29
2025-09-11,E01,1156376.61
2025-09-12,E01,1171101.74
2025-09-13,E01,1202129.44
2025-09-14,E01,1223486.8
2025-09-15,E01,1147103.1
2025-09-16,E01,1189066.31
2025-09-17,E01,1265906.69
2025-09-18,E01,1248633.48
2025-09-19,E01,1267466.33
2025-09-20,E01,1296214.77
2025-09-21,E01,1224477.19
2025-09-22,E01,1207713.96
2025-09-23,E01,1167664.94
2025-09-24,E01,1273914.5
2025-09-25,E01,1280203.41
2025-09-26,E01,1392705.03
2025-09-27,E01,1315214.84
2025-09-28,E01,1339118.63
2025-09-29,E01,1397761.32
2025-09-30,E01,1493755.58
2025-10-01,E01,1556020.08
2025-10-02,E01,1564606.72
2025-10-03,E01,1474278.68
2025-10-04,E01,1383166.82
2025-10-05,E01,1359219.56
2025-10-06,E01,1238153.05
2025-10-07,E01,1293014.68
2025-10-08,E01,1229810.27
2025-10-09,E01,1253910.15
2025-10-10,E01,1216378.13
2025-10-11,E01,1215734.41
2025-10-12,E01,1262657.03
2025-10-13,E01,1352494.77
2025-10-14,E01,1213776.5
2025-10-15,E01,1159797.72
2025-10-16,E01,1214885.16
2025-10-17,E01,1228324.94
2025-10-18,E01,1148568.61
2025-10-19,E01,1139129.27
2025-10-20,E01,1157753.87
2025-10-21,E01,1265187.31
2025-10-22,E01,1268657.54
2025-10-23,E01,1366824.66
2025-10-24,E01,1271435.55
2025-10-25,E01,1377852.71
2025-10-26,E01,1345120.37
2025-10-27,E01,1272090.72
2025-10-28,E01,1319268.2
2025-10-29,E01,1290360.51
2025-10-30,E01,1329441.91
2025-10-31,E01,1318337.57
2025-11-01,E01,1315308.75
2025-11-02,E01,1411315.15
2025-11-03,E01,1487233.7
2025-11-04,E01,1537293.13
2025-11-05,E01,1570358.01
2025-11-06,E01,1662526.83
2025-11-07,E01,1732261.66
2025-11-08,E01,1809383.33
2025-11-09,E01,1859050.9
2025-11-10,E01,1936246.45
2025-11-11,E01,1929629.17
2025-11-12,E01,1882470.19
2025-11-13,E01,1867241.58
2025-11-14,E01,1842972.03
2025-11-15,E01,1836085.82
2025-11-16,E01,1855314.52
2025-11-17,E01,1751936.9
2025-11-18,E01,1709148.07
2025-11-19,E01,1583925.88
2025-11-20,E01,1620598.7
2025-11-21,E01,1674657.4
2025-11-22,E01,1624988.55
2025-11-23,E01,1651091.25
2025-11-24,E01,1606211.67
2025-11-25,E01,1649119.05
2025-11-26,E01,1636975.74
2025-11-27,E01,1663215.58
2025-11-28,E01,1709747.77
2025-11-29,E01,1834972.12
2025-11-30,E01,1790908.15
2025-12-01,E01,1849982.94
2025-12-02,E01,1867692.76
2025-12-03,E01,1954649.22
2025-12-04,E01,2040292.77
2025-12-05,E01,2033871.46
2025-12-06,E01,1982072.29
2025-12-07,E01,2081337.55
2025-12-08,E01,2069178.21
2025-12-09,E01,2147942.54
2025-12-10,E01,2259915.57
2025-12-11,E01,2254852.53
2025-12-12,E01,2241817.14
2025-12-13,E01,2171531.84
2025-12-14,E01,2130581.08
2025-12-15,E01,2055067.55
2025-12-16,E01,2134011.55
2025-12-17,E01,2048157.56
2025-12-18,E01,1999517.85
2025-12-19,E01,1893452.91
2025-12-20,E01,1880323.44
2025-12-21,E01,1898607.62
2025-12-22,E01,1885964.42
2025-12-23,E01,1986738.56
2025-12-24,E01,2026185.45
2025-12-25,E01,1985819.1
2025-12-26,E01,1926892.53
2025-12-27,E01,1912033.49
2025-12-28,E01,1939635.47
2025-12-29,E01,1992326.22
2025-12-30,E01,1973152.67
2025-12-31,E01,1824485.53
2026-01-01,E01,1847370.16
2026-01-02,E01,1785141.63
2026-01-03,E01,1816472.09
2026-01-04,E01,1763148.06
2026-01-05,E01,1786347.2
2026-01-06,E01,1882360.1
2026-01-07,E01,1906404.33
2026-01-08,E01,1882745.66
2026-01-09,E01,1910200.92
2026-01-10,E01,1842482.94
2026-01-11,E01,1794502.96
2026-01-12,E01,1820477.72
2026-01-13,E01,1893011.51
2026-01-14,E01,1971980.24
2026-01-15,E01,1993170.48
2026-01-16,E01,2032331.81
2026-01-17,E01,2016845.12
2026-01-18,E01,2039567.22
2026-01-19,E01,2043882.03
2026-01-20,E01,2087238.29
2026-01-21,E01,2064210.08
2026-01-22,E01,2093662.77
2026-01-23,E01,2107238.3
2026-01-24,E01,2084189.54
2026-01-25,E01,2084827.17
2026-01-26,E01,2055431.7
2026-01-27,E01,2099740.3
2026-01-28,E01,2096804.63
2026-01-29,E01,2144990.78
2026-01-30,E01,2139883.02
2026-01-31,E01,2112039.74
2026-02-01,E01,2054672.27
2026-02-02,E01,1997869.33
2026-02-03,E01,2091296.49
2026-02-04,E01,2091145.47
2026-02-05,E01,2007510.93
2026-02-06,E01,1915014.42
2026-02-07,E01,1940944.81
2026-02-08,E01,2068323.14
2026-02-09,E01,2022710.58
2026-02-10,E01,1973164.78
2026-02-11,E01,1931515.55
2026-02-12,E01,1939790.99
2026-02-13,E01,2023609.74
2026-02-14,E01,2035516.35
2026-02-15,E01,2071313.59
2026-02-16,E01,2012090.78
2026-02-17,E01,1971985.58
2026-02-18,E01,1975346.09
2026-02-19,E01,1978725.9
2026-02-20,E01,1988867.02
2026-02-21,E01,2048787.05
2026-02-22,E01,2118112.91
2026-02-23,E01,2090901.61
2026-02-24,E01,2136589.81
2026-02-25,E01,2188767.97
2026-02-26,E01,2122541.83
2026-02-27,E01,2155565.52
2026-02-28,E01,2256601.64
2026-03-01,E01,2271015.1
2026-03-02,E01,2294858.7
2026-03-03,E01,2333582.97
2026-03-04,E01,2378959.59
2026-03-05,E01,2423912.41
2026-03-06,E01,2482432.33
2026-03-07,E01,2562094.74
2026-03-08,E01,2505167.17
2026-03-09,E01,2565351.97
2026-03-10,E01,2652619.32
2026-03-11,E01,2635036.59
2026-03-12,E01,2569416.13
2026-03-13,E01,2475550.38
2026-03-14,E01,2500614.72
2026-03-15,E01,2413746.83
2026-03-16,E01,2439733.6
2026-03-17,E01,2475660.78
2026-03-18,E01,2498940.15
2026-03-19,E01,2487055.8
2026-03-20,E01,2438791.53
2026-03-21,E01,2454370.18
2026-03-22,E01,2537839.22
2026-03-23,E01,2507377.63
2026-03-24,E01,2598789.1
2026-03-25,E01,2560302.39
2026-03-26,E01,2672836.19
2026-03-27,E01,2698047.69
2026-03-28,E01,2791127.92
2026-03-29,E01,2886193.02
2026-03-30,E01,2820102.37
2026-03-31,E01,2723806.01
2026-04-01,E01,2749241.74
2026-04-02,E01,2745621.4
2026-04-03,E01,2809117.66
2026-04-04,E01,2850750.06
2026-04-05,E01,2836410.4
2026-04-06,E01,2753223.09
2026-04-07,E01,2807390.55
2026-04-08,E01,2770040.13
2026-04-09,E01,2842470.07
2026-04-10,E01,2840166.42
2026-04-11,E01,2852169.76
2026-04-12,E01,2834459.84
2026-04-13,E01,2782324.97
2026-04-14,E01,2751748.59
2026-04-15,E01,2827778.01
2026-04-16,E01,2865975.94
2026-04-17,E01,2990447.81
2026-04-18,E01,3029082.0
2026-04-19,E01,2951269.24
2026-04-20,E01,3070721.97
2026-04-21,E01,3067665.8
2026-04-22,E01,3109011.83
2026-04-23,E01,3049911.68
2026-04-24,E01,3009196.78
2026-04-25,E01,3084406.19
2026-04-26,E01,3143166.76
2026-04-27,E01,3159935.75
2026-04-28,E01,3091267.91
2026-04-29,E01,3079279.8
2026-04-30,E01,3173906.01
2026-05-01,E01,3198096.86
2026-05-02,E01,3218557.93
2026-05-03,E01,3309828.66
2026-05-04,E01,3334803.27
2026-05-05,E01,3324067.14
2026-05-06,E01,3448436.32
2026-05-07,E01,3354773.84
2026-05-08,E01,3338094.9
2026-05-09,E01,3288554.72
2026-05-10,E01,3247979.09
2026-05-11,E01,3242592.33
2026-05-12,E01,3321587.0
2026-05-13,E01,3415875.35
2026-05-14,E01,3449920.91
2026-05-15,E01,3477175.06
2026-05-16,E01,3534162.55
2026-05-17,E01,3578863.79
2026-05-18,E01,3590737.52
2026-05-19,E01,3541452.91
2026-05-20,E01,3663645.84
2026-05-21,E01,3759055.46
2026-05-22,E01,3761377.75
2026-05-23,E01,3778134.24
2026-05-24,E01,3897048.64
2026-05-25,E01,3842554.17
2026-05-26,E01,3941961.97
2026-05-27,E01,3925235.88
2026-05-28,E01,3918605.99
2026-05-29,E01,3880880.95
2026-05-30,E01,3852393.73
2026-05-31,E01,3750226.49
2026-06-01,E01,3673607.38
2026-06-02,E01,3629276.16
2026-06-03,E01,3519378.9
2026-06-04,E01,3480202.42
2026-06-05,E01,3355070.42
2026-06-06,E01,3512055.08
2026-06-07,E01,3533413.74
2026-06-08,E01,3449502.27
2026-06-09,E01,3341645.77
2026-06-10,E01,3358067.23
2026-06-11,E01,3338065.31
2026-06-12,E01,3376468.5
2026-06-13,E01,3418185.78
2026-06-14,E01,3473215.68
2026-06-15,E01,3603212.38
2026-06-16,E01,3476926.01
2026-06-17,E01,3611643.78
2026-06-18,E01,3613619.03
2026-06-19,E01,3569281.85
2026-06-20,E01,3628525.27
2026-06-21,E01,3606296.02
2026-06-22,E01,3502134.6
2026-06-23,E01,3450874.72
2026-06-24,E01,3551085.47
2026-06-25,E01,3502206.77
2026-06-26,E01,3571828.62
2026-06-27,E01,3521419.8
2026-06-28,E01,3467969.66
2026-06-29,E01,3429035.82
2026-06-30,E01,3381242.22
2026-07-01,E01,3430363.55
2026-07-02,E01,3454798.88
2026-07-03,E01,3498785.29
2026-07-04,E01,3539184.94
2026-07-05,E01,3486531.17
2026-07-06,E01,3584497.11
2026-07-07,E01,3580106.54
2026-07-08,E01,3582779.06
2026-07-09,E01,3649095.86
2026-07-10,E01,3670048.85
2026-07-11,E01,3625084.84
2026-07-12,E01,3713571.58
2026-07-13,E01,3706977.07
2026-07-14,E01,3658945.04
2026-07-15,E01,3644672.62
2026-07-16,E01,3747029.91
2026-07-17,E01,3812774.36
2026-07-18,E01,3927880.66
2026-07-19,E01,3920033.16
2026-07-20,E01,3834742.1
2026-07-21,E01,3902936.76
2026-07-22,E01,3834307.99
2026-07-23,E01,3944925.04
2026-07-24,E01,3855623.15
2026-07-25,E01,3847488.39
2026-07-26,E01,3830636.56
2026-07-27,E01,3892585.2
2026-07-28,E01,3916666.18
2026-07-29,E01,3956899.2
2026-07-30,E01,3999191.03
2026-07-31,E01,4003877.47
2026-08-01,E01,4000976.94
2026-08-02,E01,3896943.31
2026-08-03,E01,3895896.19
2026-08-04,E01,3834016.84
2026-08-05,E01,3821375.64
2026-08-06,E01,3888725.14
2026-08-07,E01,4016521.73
2026-08-08,E01,3966096.54
2026-08-09,E01,3979715.9
2026-08-10,E01,3982835.64
2026-08-11,E01,4041071.09
2026-08-12,E01,4048273.74
2026-08-13,E01,4094928.72
2026-08-14,E01,4215289.25
2026-08-15,E01,4222333.74
2026-08-16,E01,4316813.16
2026-08-17,E01,4321960.92
2026-08-18,E01,4308789.89
2026-08-19,E01,4274178.0
2026-08-20,E01,4268969.79
2026-08-21,E01,4315871.19
2026-08-22,E01,4322149.87
2026-08-23,E01,4276458.47
2026-08-24,E01,4358116.12
2026-08-25,E01,4203844.46
2026-08-26,E01,4178423.63
2026-08-27,E01,4261371.1
2026-08-28,E01,4388133.52
2026-08-29,E01,4298914.73
2026-08-30,E01,4252865.42
2026-08-31,E01,4243804.64
2022-01-01,E02,2530295.35
2022-01-02,E02,2592718.15
2022-01-03,E02,2550640.22
2022-01-04,E02,2538601.06
2022-01-05,E02,2543856.75
2022-01-06,E02,2537294.05
2022-01-07,E02,2542485.91
2022-01-08,E02,2557939.62
2022-01-09,E02,2637668.73
2022-01-10,E02,2645031.44
2022-01-11,E02,2598477.99
2022-01-12,E02,2495120.03
2022-01-13,E02,2498475.65
2022-01-14,E02,2586076.04
2022-01-15,E02,2560741.43
2022-01-16,E02,2451222.87
2022-01-17,E02,2381234.72
2022-01-18,E02,2351181.22
2022-01-19,E02,2434626.89
2022-01-20,E02,2447946.94
2022-01-21,E02,2450644.71
2022-01-22,E02,2478510.48
2022-01-23,E02,2498730.85
2022-01-24,E02,2475448.84
2022-01-25,E02,2511535.41
2022-01-26,E02,2482060.56
2022-01-27,E02,2380297.0
2022-01-28,E02,2396279.48
2022-01-29,E02,2550581.0
2022-01-30,E02,2643126.99
2022-01-31,E02,2555382.61
2022-02-01,E02,2509012.23
2022-02-02,E02,2459200.62
2022-02-03,E02,2340358.32
2022-02-04,E02,2260931.37
2022-02-05,E02,2161352.14
2022-02-06,E02,2183446.1
2022-02-07,E02,2358666.73
2022-02-08,E02,2250896.54
2022-02-09,E02,2202167.2
2022-02-10,E02,2198644.45
2022-02-11,E02,2134339.87
2022-02-12,E02,2048095.64
2022-02-13,E02,2084691.57
2022-02-14,E02,2093210.43
2022-02-15,E02,2138596.42
2022-02-16,E02,2110073.38
2022-02-17,E02,2108266.0
2022-02-18,E02,1954287.02
2022-02-19,E02,2021421.55
2022-02-20,E02,2015824.56
2022-02-21,E02,2115113.28
2022-02-22,E02,2152214.27
2022-02-23,E02,2157189.9
2022-02-24,E02,2191430.34
2022-02-25,E02,2310201.01
2022-02-26,E02,2391172.12
2022-02-27,E02,2449426.11
2022-02-28,E02,2497461.45
2022-03-01,E02,2532430.74
2022-03-02,E02,2579472.83
2022-03-03,E02,2516623.52
2022-03-04,E02,2590564.24
2022-03-05,E02,2556585.98
2022-03-06,E02,2578256.85
2022-03-07,E02,2543281.31
2022-03-08,E02,2444907.58
2022-03-09,E02,2393557.92
2022-03-10,E02,2323114.58
2022-03-11,E02,2317995.03
2022-03-12,E02,2435362.73
2022-03-13,E02,2553279.33
2022-03-14,E02,2511840.11
2022-03-15,E02,2595173.82
2022-03-16,E02,2570555.53
2022-03-17,E02,2501664.85
2022-03-18,E02,2537729.82
2022-03-19,E02,2495668.58
2022-03-20,E02,2561638.65
2022-03-21,E02,2444684.05
2022-03-22,E02,2393830.32
2022-03-23,E02,2420206.88
2022-03-24,E02,2558903.31
2022-03-25,E02,2516188.55
2022-03-26,E02,2581845.3
2022-03-27,E02,2578394.16
2022-03-28,E02,2558735.45
2022-03-29,E02,2600638.72
2022-03-30,E02,2612177.68
2022-03-31,E02,2564520.45
2022-04-01,E02,2547422.72
2022-04-02,E02,2590728.55
2022-04-03,E02,2626573.7
2022-04-04,E02,2605103.76
2022-04-05,E02,2707042.1
2022-04-06,E02,2699559.06
2022-04-07,E02,2663502.32
2022-04-08,E02,2700087.3
2022-04-09,E02,2655732.78
2022-04-10,E02,2756040.38
2022-04-11,E02,2684563.74
2022-04-12,E02,2757317.79
2022-04-13,E02,2828569.93
2022-04-14,E02,2795519.15
2022-04-15,E02,2926762.04
2022-04-16,E02,2980851.94
2022-04-17,E02,3034955.17
2022-04-18,E02,3121708.5
2022-04-19,E02,3185938.3
2022-04-20,E02,3200343.22
2022-04-21,E02,3094092.11
2022-04-22,E02,3108760.31
2022-04-23,E02,3150152.79
2022-04-24,E02,3226692.4
2022-04-25,E02,3160888.65
2022-04-26,E02,3198856.58
2022-04-27,E02,3126759.27
2022-04-28,E02,3239070.34
2022-04-29,E02,3222203.25
2022-04-30,E02,3198079.14
2022-05-01,E02,3266490.19
2022-05-02,E02,3250251.88
2022-05-03,E02,3260140.83
2022-05-04,E02,3255928.51
2022-05-05,E02,3286888.67
2022-05-06,E02,3264784.08
2022-05-07,E02,3162893.58
2022-05-08,E02,3103356.8
2022-05-09,E02,3047896.43
2022-05-10,E02,3068047.2
2022-05-11,E02,3172013.61
2022-05-12,E02,3165954.58
2022-05-13,E02,3194042.91
2022-05-14,E02,3227595.68
2022-05-15,E02,3266616.2
2022-05-16,E02,3315267.06
2022-05-17,E02,3388251.41
2022-05-18,E02,3442292.89
2022-05-19,E02,3398028.83
2022-05-20,E02,3374049.53
2022-05-21,E02,3401050.08
2022-05-22,E02,3413630.99
2022-05-23,E02,3397292.99
2022-05-24,E02,3455918.97
2022-05-25,E02,3489943.63
2022-05-26,E02,3446817.5
2022-05-27,E02,3505905.98
2022-05-28,E02,3470543.57
2022-05-29,E02,3506410.89
2022-05-30,E02,3510984.78
2022-05-31,E02,3451912.76
2022-06-01,E02,3511099.08
2022-06-02,E02,3408871.73
2022-06-03,E02,3432480.7
2022-06-04,E02,3559834.96
2022-06-05,E02,3451301.19
2022-06-06,E02,3468286.6
2022-06-07,E02,3457160.7
2022-06-08,E02,3484951.32
2022-06-09,E02,3351176.5
2022-06-10,E02,3330682.08
2022-06-11,E02,3328702.57
2022-06-12,E02,3198382.55
2022-06-13,E02,3245970.04
2022-06-14,E02,3256362.7
2022-06-15,E02,3231096.99
2022-06-16,E02,3217468.72
2022-06-17,E02,3251531.28
2022-06-18,E02,3320754.09
2022-06-19,E02,3258370.99
2022-06-20,E02,3242060.31
2022-06-21,E02,3280771.41
2022-06-22,E02,3367477.16
2022-06-23,E02,3347584.39
2022-06-24,E02,3279306.06
2022-06-25,E02,3241859.47
2022-06-26,E02,3168404.46
2022-06-27,E02,3189442.99
2022-06-28,E02,3333579.09
2022-06-29,E02,3283057.99
2022-06-30,E02,3395643.92
2022-07-01,E02,3381621.94
2022-07-02,E02,3394524.39
2022-07-03,E02,3317368.81
2022-07-04,E02,3294838.29
2022-07-05,E02,3303949.03
2022-07-06,E02,3230656.84
2022-07-07,E02,3171228.17
2022-07-08,E02,3192693.03
2022-07-09,E02,3240079.11
2022-07-10,E02,3253428.08
2022-07-11,E02,3334012.09
2022-07-12,E02,3244846.26
2022-07-13,E02,3171088.69
2022-07-14,E02,3161746.69
2022-07-15,E02,3027657.11
2022-07-16,E02,2930711.63
2022-07-17,E02,2953347.06
2022-07-18,E02,3059219.84
2022-07-19,E02,3058958.72
2022-07-20,E02,3094155.02
2022-07-21,E02,3214709.54
2022-07-22,E02,3224207.86
2022-07-23,E02,3239500.36
2022-07-24,E02,3285855.08
2022-07-25,E02,3183212.71
2022-07-26,E02,3153822.21
2022-07-27,E02,3145694.1
2022-07-28,E02,3077687.85
2022-07-29,E02,3039638.33
2022-07-30,E02,3081748.56
2022-07-31,E02,3187031.61
2022-08-01,E02,3129529.31
2022-08-02,E02,3017854.27
2022-08-03,E02,2994477.08
2022-08-04,E02,3045420.33
2022-08-05,E02,3019391.09
2022-08-06,E02,3043656.67
2022-08-07,E02,3040316.54
2022-08-08,E02,3115526.71
2022-08-09,E02,3118437.24
2022-08-10,E02,3184997.75
2022-08-11,E02,3113591.93
2022-08-12,E02,3162795.54
2022-08-13,E02,3219457.15
2022-08-14,E02,3294102.33
2022-08-15,E02,3448750.63
2022-08-16,E02,3408527.49
2022-08-17,E02,3422103.98
2022-08-18,E02,3343962.32
2022-08-19,E02,3262912.6
2022-08-20,E02,3405161.66
2022-08-21,E02,3352012.2
2022-08-22,E02,3367209.37
2022-08-23,E02,3321294.9
2022-08-24,E02,3319206.65
2022-08-25,E02,3397630.32
2022-08-26,E02,3439296.17
2022-08-27,E02,3210619.49
2022-08-28,E02,3248217.89
2022-08-29,E02,3272578.07
2022-08-30,E02,3276631.36
2022-08-31,E02,3336823.7
2022-09-01,E02,3262768.61
2022-09-02,E02,3374682.91
2022-09-03,E02,3495939.29
2022-09-04,E02,3470392.0
2022-09-05,E02,3480897.34
2022-09-06,E02,3496451.62
2022-09-07,E02,3589884.07
2022-09-08,E02,3660297.68
2022-09-09,E02,3650782.83
2022-09-10,E02,3571353.48
2022-09-11,E02,3570029.74
2022-09-12,E02,3506282.88
2022-09-13,E02,3479993.57
2022-09-14,E02,3469273.19
2022-09-15,E02,3479636.74
2022-09-16,E02,3475484.84
2022-09-17,E02,3467598.5
2022-09-18,E02,3344787.16
2022-09-19,E02,3345124.9
2022-09-20,E02,3510568.82
2022-09-21,E02,3539663.79
2022-09-22,E02,3523787.43
2022-09-23,E02,3532196.43
2022-09-24,E02,3385811.85
2022-09-25,E02,3544300.75
2022-09-26,E02,3661839.22
2022-09-27,E02,3634460.65
2022-09-28,E02,3580397.93
2022-09-29,E02,3578418.36
2022-09-30,E02,3426552.89
2022-10-01,E02,3502257.77
2022-10-02,E02,3449283.15
2022-10-03,E02,3565329.16
2022-10-04,E02,3486951.54
2022-10-05,E02,3437112.78
2022-10-06,E02,3425637.09
2022-10-07,E02,3398336.65
2022-10-08,E02,3392069.97
2022-10-09,E02,3327925.85
2022-10-10,E02,3255126.85
2022-10-11,E02,3303498.32
2022-10-12,E02,3336652.71
2022-10-13,E02,3373222.44
2022-10-14,E02,3409343.77
2022-10-15,E02,3300567.57
2022-10-16,E02,3254813.93
2022-10-17,E02,3223130.54
2022-10-18,E02,3326728.64
2022-10-19,E02,3323506.17
2022-10-20,E02,3308007.19
2022-10-21,E02,3318867.78
2022-10-22,E02,3205703.91
2022-10-23,E02,3149546.65
2022-10-24,E02,3100579.24
2022-10-25,E02,3124859.79
2022-10-26,E02,3203979.47
2022-10-27,E02,3207711.35
2022-10-28,E02,3158086.31
2022-10-29,E02,3184395.75
2022-10-30,E02,3275698.18
2022-10-31,E02,3217538.83
2022-11-01,E02,3177881.63
2022-11-02,E02,3201560.16
2022-11-03,E02,3125450.1
2022-11-04,E02,3166314.65
2022-11-05,E02,3176742.26
2022-11-06,E02,3201167.53
2022-11-07,E02,3308678.76
2022-11-08,E02,3279204.97
2022-11-09,E02,3317174.75
2022-11-10,E02,3325535.47
2022-11-11,E02,3276177.9
2022-11-12,E02,3286972.54
2022-11-13,E02,3219775.26
2022-11-14,E02,3198941.18
2022-11-15,E02,3173932.02
2022-11-16,E02,3247731.99
2022-11-17,E02,3314768.5
2022-11-18,E02,3192017.76
2022-11-19,E02,3051897.65
2022-11-20,E02,3093714.53
2022-11-21,E02,3139649.85
2022-11-22,E02,3145190.5
2022-11-23,E02,3234961.36
2022-11-24,E02,3199970.16
2022-11-25,E02,3206364.12
2022-11-26,E02,3177894.9
2022-11-27,E02,3260571.87
2022-11-28,E02,3262707.87
2022-11-29,E02,3377060.8
2022-11-30,E02,3416462.27
2022-12-01,E02,3464352.73
2022-12-02,E02,3496396.09
2022-12-03,E02,3594222.04
2022-12-04,E02,3649198.7
2022-12-05,E02,3726917.62
2022-12-06,E02,3725712.4
2022-12-07,E02,3668030.26
2022-12-08,E02,3649911.09
2022-12-09,E02,3633716.27
2022-12-10,E02,3681391.31
2022-12-11,E02,3648262.42
2022-12-12,E02,3681464.37
2022-12-13,E02,3704543.92
2022-12-14,E02,3720916.59
2022-12-15,E02,3699065.59
2022-12-16,E02,3719016.18
2022-12-17,E02,3652648.48
2022-12-18,E02,3617333.73
2022-12-19,E02,3635281.19
2022-12-20,E02,3583195.93
2022-12-21,E02,3518888.67
2022-12-22,E02,3543158.45
2022-12-23,E02,3508266.78
2022-12-24,E02,3397753.18
2022-12-25,E02,3360341.65
2022-12-26,E02,3381893.67
2022-12-27,E02,3369223.7
2022-12-28,E02,3409063.8
2022-12-29,E02,3457068.6
2022-12-30,E02,3432179.99
2022-12-31,E02,3468236.24
2023-01-01,E02,3392881.1
2023-01-02,E02,3417181.8
2023-01-03,E02,3390614.12
2023-01-04,E02,3413431.28
2023-01-05,E02,3319664.03
2023-01-06,E02,3308667.25
2023-01-07,E02,3311575.03
2023-01-08,E02,3224640.53
2023-01-09,E02,3228471.93
2023-01-10,E02,3128871.14
2023-01-11,E02,3135942.5
2023-01-12,E02,3177564.32
2023-01-13,E02,3184682.84
2023-01-14,E02,3145015.02
2023-01-15,E02,3194170.47
2023-01-16,E02,3161813.18
2023-01-17,E02,3113810.69
2023-01-18,E02,3125965.87
2023-01-19,E02,3072429.06
2023-01-20,E02,3067500.7
2023-01-21,E02,3094213.64
2023-01-22,E02,2954278.89
2023-01-23,E02,3018827.67
2023-01-24,E02,2980275.98
2023-01-25,E02,2895841.24
2023-01-26,E02,2772613.0
2023-01-27,E02,2821768.8
2023-01-28,E02,2936389.66
2023-01-29,E02,2888241.49
2023-01-30,E02,2921772.23
2023-01-31,E02,3045024.91
2023-02-01,E02,3126964.9
2023-02-02,E02,3124191.9
2023-02-03,E02,3178321.06
2023-02-04,E02,3226952.23
2023-02-05,E02,3147381.34
2023-02-06,E02,3176579.18
2023-02-07,E02,3210964.51
2023-02-08,E02,3145230.79
2023-02-09,E02,3140206.85
2023-02-10,E02,3139607.97
2023-02-11,E02,3215987.55
2023-02-12,E02,3148031.25
2023-02-13,E02,3162679.24
2023-02-14,E02,3128131.13
2023-02-15,E02,3128470.07
2023-02-16,E02,3094501.78
2023-02-17,E02,3077737.73
2023-02-18,E02,2975199.35
2023-02-19,E02,2909493.82
2023-02-20,E02,2917572.27
2023-02-21,E02,2872063.73
2023-02-22,E02,2908908.31
2023-02-23,E02,2913189.25
2023-02-24,E02,2783537.35
2023-02-25,E02,2769593.62
2023-02-26,E02,2792573.64
2023-02-27,E02,2787014.31
2023-02-28,E02,2737107.38
2023-03-01,E02,2780248.51
2023-03-02,E02,2908709.93
2023-03-03,E02,2973898.41
2023-03-04,E02,3009602.12
2023-03-05,E02,2900615.89
2023-03-06,E02,2937198.74
2023-03-07,E02,2930342.72
2023-03-08,E02,3041647.39
2023-03-09,E02,3012863.05
2023-03-10,E02,3048474.15
2023-03-11,E02,2980147.24
2023-03-12,E02,2917676.78
2023-03-13,E02,2953037.18
2023-03-14,E02,2928049.67
2023-03-15,E02,2937933.95
2023-03-16,E02,2879204.69
2023-03-17,E02,2791276.94
2023-03-18,E02,2734124.96
2023-03-19,E02,2672145.28
2023-03-20,E02,2675979.5
2023-03-21,E02,2673128.19
2023-03-22,E02,2657720.09
2023-03-23,E02,2678254.71
2023-03-24,E02,2642841.59
2023-03-25,E02,2621269.26
2023-03-26,E02,2774240.43
2023-03-27,E02,2761738.32
2023-03-28,E02,2709855.35
2023-03-29,E02,2668204.51
2023-03-30,E02,2594840.98
2023-03-31,E02,2669775.9
2023-04-01,E02,2798599.06
2023-04-02,E02,2761364.77
2023-04-03,E02,2666453.74
2023-04-04,E02,2698461.67
2023-04-05,E02,2616251.48
2023-04-06,E02,2584520.13
2023-04-07,E02,2594711.63
2023-04-08,E02,2606019.49
2023-04-09,E02,2649691.87
2023-04-10,E02,2634122.05
2023-04-11,E02,2622604.91
2023-04-12,E02,2708979.07
2023-04-13,E02,2771609.32
2023-04-14,E02,2715457.78
2023-04-15,E02,2799141.3
2023-04-16,E02,2818643.73
2023-04-17,E02,2779401.48
2023-04-18,E02,2706041.97
2023-04-19,E02,2723927.19
2023-04-20,E02,2745861.4
2023-04-21,E02,2713921.1
2023-04-22,E02,2735813.48
2023-04-23,E02,2780245.59
2023-04-24,E02,2815219.23
2023-04-25,E02,2843370.87
2023-04-26,E02,2845725.09
2023-04-27,E02,2767418.79
2023-04-28,E02,2733882.64
2023-04-29,E02,2849717.49
2023-04-30,E02,2871627.83
2023-05-01,E02,2933242.13
2023-05-02,E02,2983771.76
2023-05-03,E02,3020727.84
2023-05-04,E02,2905870.42
2023-05-05,E02,2893211.0
2023-05-06,E02,2831723.59
2023-05-07,E02,2912174.62
2023-05-08,E02,2827780.53
2023-05-09,E02,2778907.97
2023-05-10,E02,2735766.94
2023-05-11,E02,2734096.85
2023-05-12,E02,2761333.15
2023-05-13,E02,2744119.83
2023-05-14,E02,2711518.45
2023-05-15,E02,2636495.65
2023-05-16,E02,2489444.61
2023-05-17,E02,2546852.21
2023-05-18,E02,2597213.79
2023-05-19,E02,2715970.56
2023-05-20,E02,2681669.2
2023-05-21,E02,2711534.34
2023-05-22,E02,2728929.62
2023-05-23,E02,2675048.28
2023-05-24,E02,2741563.21
2023-05-25,E02,2831728.08
2023-05-26,E02,2824186.68
2023-05-27,E02,2898531.44
2023-05-28,E02,2916210.6
2023-05-29,E02,3105068.81
2023-05-30,E02,3109985.12
2023-05-31,E02,3213638.23
2023-06-01,E02,3183467.62
2023-06-02,E02,3096449.4
2023-06-03,E02,3212616.7
2023-06-04,E02,3278934.84
2023-06-05,E02,3239965.55
2023-06-06,E02,3252589.44
2023-06-07,E02,3338405.59
2023-06-08,E02,3290746.54
2023-06-09,E02,3309117.17
2023-06-10,E02,3312014.83
2023-06-11,E02,3438034.16
2023-06-12,E02,3454167.48
2023-06-13,E02,3496246.67
2023-06-14,E02,3405057.07
2023-06-15,E02,3369118.91
2023-06-16,E02,3306079.94
2023-06-17,E02,3286771.96
2023-06-18,E02,3264456.79
2023-06-19,E02,3240734.4
2023-06-20,E02,3223725.2
2023-06-21,E02,3150938.89
2023-06-22,E02,3160330.81
2023-06-23,E02,3148507.27
2023-06-24,E02,3066973.96
2023-06-25,E02,3159082.47
2023-06-26,E02,3231323.44
2023-06-27,E02,3185453.42
2023-06-28,E02,3266043.97
2023-06-29,E02,3301923.8
2023-06-30,E02,3316444.4
2023-07-01,E02,3462189.4
2023-07-02,E02,3479343.41
2023-07-03,E02,3446571.98
2023-07-04,E02,3454373.11
2023-07-05,E02,3491514.67
2023-07-06,E02,3601015.13
2023-07-07,E02,3717523.74
2023-07-08,E02,3765082.34
2023-07-09,E02,3720863.65
2023-07-10,E02,3697154.06
2023-07-11,E02,3636404.17
2023-07-12,E02,3631613.92
2023-07-13,E02,3550540.24
2023-07-14,E02,3600886.3
2023-07-15,E02,3688647.69
2023-07-16,E02,3596291.84
2023-07-17,E02,3569296.5
2023-07-18,E02,3590830.5
2023-07-19,E02,3531340.77
2023-07-20,E02,3575970.09
2023-07-21,E02,3662064.06
2023-07-22,E02,3640987.16
2023-07-23,E02,3557038.33
2023-07-24,E02,3604092.13
2023-07-25,E02,3428270.57
2023-07-26,E02,3410216.26
2023-07-27,E02,3374794.57
2023-07-28,E02,3257377.09
2023-07-29,E02,3254153.68
2023-07-30,E02,3123189.26
2023-07-31,E02,3135775.23
2023-08-01,E02,3089030.77
2023-08-02,E02,3168716.89
2023-08-03,E02,3257217.51
2023-08-04,E02,3176839.23
2023-08-05,E02,3271398.85
2023-08-06,E02,3260462.94
2023-08-07,E02,3209813.41
2023-08-08,E02,3194432.51
2023-08-09,E02,3212336.0
2023-08-10,E02,3115620.92
2023-08-11,E02,3096155.57
2023-08-12,E02,3023354.18
2023-08-13,E02,3092029.54
2023-08-14,E02,3041713.16
2023-08-15,E02,3046140.95
2023-08-16,E02,3037459.77
2023-08-17,E02,3090869.44
2023-08-18,E02,3035278.17
2023-08-19,E02,3090621.64
2023-08-20,E02,3141078.53
2023-08-21,E02,3078700.43
2023-08-22,E02,3159349.78
2023-08-23,E02,3118898.87
2023-08-24,E02,3118342.53
2023-08-25,E02,3163714.35
2023-08-26,E02,3134461.02
2023-08-27,E02,3218703.6
2023-08-28,E02,3241590.6
2023-08-29,E02,3233018.74
2023-08-30,E02,3274552.63
2023-08-31,E02,3372478.01
2023-09-01,E02,3457373.6
2023-09-02,E02,3507247.49
2023-09-03,E02,3550021.06
2023-09-04,E02,3650652.74
2023-09-05,E02,3719594.22
2023-09-06,E02,3588527.59
2023-09-07,E02,3511124.33
2023-09-08,E02,3394773.05
2023-09-09,E02,3291184.09
2023-09-10,E02,3223055.6
2023-09-11,E02,3167175.39
2023-09-12,E02,3277333.67
2023-09-13,E02,3327744.65
2023-09-14,E02,3258749.46
2023-09-15,E02,3115887.66
2023-09-16,E02,3130024.29
2023-09-17,E02,3105772.85
2023-09-18,E02,3137557.91
2023-09-19,E02,3128797.74
2023-09-20,E02,3120566.12
2023-09-21,E02,3136017.13
2023-09-22,E02,3168690.94
2023-09-23,E02,3094600.23
2023-09-24,E02,3083568.65
2023-09-25,E02,3076799.66
2023-09-26,E02,3067720.99
2023-09-27,E02,2995083.15
2023-09-28,E02,2969725.68
2023-09-29,E02,2946405.8
2023-09-30,E02,2951816.62
2023-10-01,E02,2961284.37
2023-10-02,E02,2999223.41
2023-10-03,E02,3037131.8
2023-10-04,E02,3028830.47
2023-10-05,E02,3037170.04
2023-10-06,E02,3028755.13
2023-10-07,E02,2988702.46
2023-10-08,E02,3077155.2
2023-10-09,E02,2985350.34
2023-10-10,E02,2921518.02
2023-10-11,E02,2948365.07
2023-10-12,E02,2888840.74
2023-10-13,E02,2881168.63
2023-10-14,E02,2806102.04
2023-10-15,E02,2741337.75
2023-10-16,E02,2700697.2
2023-10-17,E02,2625992.32
2023-10-18,E02,2577990.51
2023-10-19,E02,2542109.15
2023-10-20,E02,2621517.25
2023-10-21,E02,2639122.9
2023-10-22,E02,2691423.53
2023-10-23,E02,2730319.57
2023-10-24,E02,2756968.45
2023-10-25,E02,2846535.06
2023-10-26,E02,2815098.46
2023-10-27,E02,2743722.47
2023-10-28,E02,2749916.84
2023-10-29,E02,2700501.11
2023-10-30,E02,2704385.64
2023-10-31,E02,2860246.48
2023-11-01,E02,2772165.1
2023-11-02,E02,2838254.37
2023-11-03,E02,2867770.79
2023-11-04,E02,2774225.67
2023-11-05,E02,2744902.67
2023-11-06,E02,2765995.0
2023-11-07,E02,2834357.87
2023-11-08,E02,2754763.4
2023-11-09,E02,2744628.3
2023-11-10,E02,2774391.74
2023-11-11,E02,2721129.34
2023-11-12,E02,2888025.02
2023-11-13,E02,2999379.4
2023-11-14,E02,3006227.37
2023-11-15,E02,3111942.35
2023-11-16,E02,3128264.1
2023-11-17,E02,3065708.91
2023-11-18,E02,3098536.63
2023-11-19,E02,3140614.33
2023-11-20,E02,3169978.2
2023-11-21,E02,3117828.9
2023-11-22,E02,3138301.58
2023-11-23,E02,3173337.23
2023-11-24,E02,3221399.34
2023-11-25,E02,3207371.69
2023-11-26,E02,3297343.79
2023-11-27,E02,3205897.45
2023-11-28,E02,3147134.5
2023-11-29,E02,3245665.37
2023-11-30,E02,3193475.82
2023-12-01,E02,3087842.59
2023-12-02,E02,3069605.35
2023-12-03,E02,3169453.94
2023-12-04,E02,3056305.18
2023-12-05,E02,3054139.62
2023-12-06,E02,3025455.61
2023-12-07,E02,3008491.47
2023-12-08,E02,3081911.14
2023-12-09,E02,3049018.77
2023-12-10,E02,3103941.44
2023-12-11,E02,3066145.18
2023-12-12,E02,3159155.59
2023-12-13,E02,3308200.27
2023-12-14,E02,3454036.17
2023-12-15,E02,3414288.84
2023-12-16,E02,3444465.24
2023-12-17,E02,3387390.34
2023-12-18,E02,3495809.48
2023-12-19,E02,3539065.72
2023-12-20,E02,3440054.45
2023-12-21,E02,3359779.0
2023-12-22,E02,3386501.7
2023-12-23,E02,3429738.46
2023-12-24,E02,3459511.21
2023-12-25,E02,3392996.11
2023-12-26,E02,3387314.16
2023-12-27,E02,3486804.34
2023-12-28,E02,3634560.37
2023-12-29,E02,3523104.32
2023-12-30,E02,3589266.52
2023-12-31,E02,3535749.87
2024-01-01,E02,3524717.11
2024-01-02,E02,3535904.3
2024-01-03,E02,3525828.0
2024-01-04,E02,3535447.77
2024-01-05,E02,3505300.15
2024-01-06,E02,3338992.14
2024-01-07,E02,3317754.73
2024-01-08,E02,3334249.35
2024-01-09,E02,3272584.01
2024-01-10,E02,3272484.69
2024-01-11,E02,3276660.84
2024-01-12,E02,3334519.22
2024-01-13,E02,3306822.38
2024-01-14,E02,3279800.53
2024-01-15,E02,3126818.88
2024-01-16,E02,3176386.83
2024-01-17,E02,3162016.07
2024-01-18,E02,3160772.16
2024-01-19,E02,3133280.99
2024-01-20,E02,3276029.25
2024-01-21,E02,3237060.27
2024-01-22,E02,3232542.75
2024-01-23,E02,3167615.89
2024-01-24,E02,3116717.68
2024-01-25,E02,3143048.0
2024-01-26,E02,3130388.94
2024-01-27,E02,3090027.18
2024-01-28,E02,3076168.31
2024-01-29,E02,3177222.82
2024-01-30,E02,3220272.2
2024-01-31,E02,3220572.68
2024-02-01,E02,3268640.81
2024-02-02,E02,3299931.27
2024-02-03,E02,3305525.14
2024-02-04,E02,3312534.02
2024-02-05,E02,3367543.94
2024-02-06,E02,3457858.31
2024-02-07,E02,3472318.34
2024-02-08,E02,3441985.83
2024-02-09,E02,3327756.93
2024-02-10,E02,3397606.45
2024-02-11,E02,3480666.59
2024-02-12,E02,3421570.51
2024-02-13,E02,3448758.09
2024-02-14,E02,3496442.36
2024-02-15,E02,3462111.9
2024-02-16,E02,3509738.27
2024-02-17,E02,3492745.93
2024-02-18,E02,3498355.13
2024-02-19,E02,3545964.96
2024-02-20,E02,3654189.64
2024-02-21,E02,3681425.83
2024-02-22,E02,3733383.08
2024-02-23,E02,3685454.35
2024-02-24,E02,3605621.9
2024-02-25,E02,3586474.35
2024-02-26,E02,3670498.11
2024-02-27,E02,3721101.51
2024-02-28,E02,3657666.74
2024-02-29,E02,3704562.07
2024-03-01,E02,3622559.11
2024-03-02,E02,3558563.63
2024-03-03,E02,3525078.59
2024-03-04,E02,3663218.63
2024-03-05,E02,3652974.45
2024-03-06,E02,3534279.43
2024-03-07,E02,3513039.2
2024-03-08,E02,3485875.87
2024-03-09,E02,3575904.6
2024-03-10,E02,3698069.03
2024-03-11,E02,3688994.47
2024-03-12,E02,3766667.35
2024-03-13,E02,3770844.66
2024-03-14,E02,3745241.7
2024-03-15,E02,3715000.27
2024-03-16,E02,3749308.4
2024-03-17,E02,3744407.39
2024-03-18,E02,3699303.38
2024-03-19,E02,3697602.6
2024-03-20,E02,3806894.66
2024-03-21,E02,3895197.8
2024-03-22,E02,3946843.64
2024-03-23,E02,3962277.08
2024-03-24,E02,3974280.51
2024-03-25,E02,4019985.32
2024-03-26,E02,3971558.93
2024-03-27,E02,4023427.14
2024-03-28,E02,4103544.8
2024-03-29,E02,4023829.32
2024-03-30,E02,4065944.28
2024-03-31,E02,4035788.14
2024-04-01,E02,4112149.48
2024-04-02,E02,4111072.77
2024-04-03,E02,4076224.03
2024-04-04,E02,3995022.44
2024-04-05,E02,4049602.9
2024-04-06,E02,4056079.14
2024-04-07,E02,4099453.19
2024-04-08,E02,4064275.1
2024-04-09,E02,4107091.06
2024-04-10,E02,4234010.98
2024-04-11,E02,4231585.05
2024-04-12,E02,4265662.01
2024-04-13,E02,4204333.97
2024-04-14,E02,4100980.33
2024-04-15,E02,4153714.73
2024-04-16,E02,4257356.81
2024-04-17,E02,4186459.47
2024-04-18,E02,4174819.06
2024-04-19,E02,4280101.39
2024-04-20,E02,4330424.27
2024-04-21,E02,4384272.52
2024-04-22,E02,4516519.63
2024-04-23,E02,4572494.33
2024-04-24,E02,4591043.19
2024-04-25,E02,4618575.78
2024-04-26,E02,4471285.68
2024-04-27,E02,4507026.88
2024-04-28,E02,4477002.83
2024-04-29,E02,4459788.16
2024-04-30,E02,4477568.3
2024-05-01,E02,4527070.02
2024-05-02,E02,4461549.71
2024-05-03,E02,4400430.83
2024-05-04,E02,4439181.84
2024-05-05,E02,4538005.25
2024-05-06,E02,4507747.9
2024-05-07,E02,4517334.9
2024-05-08,E02,4523512.93
2024-05-09,E02,4502435.79
2024-05-10,E02,4615942.93
2024-05-11,E02,4578489.59
2024-05-12,E02,4571457.18
2024-05-13,E02,4577993.12
2024-05-14,E02,4508899.62
2024-05-15,E02,4530624.31
2024-05-16,E02,4354895.48
2024-05-17,E02,4331633.62
2024-05-18,E02,4355787.91
2024-05-19,E02,4336204.06
2024-05-20,E02,4279539.09
2024-05-21,E02,4307077.73
2024-05-22,E02,4289038.47
2024-05-23,E02,4229659.39
2024-05-24,E02,4193754.29
2024-05-25,E02,4152662.51
2024-05-26,E02,4224866.39
2024-05-27,E02,4279513.37
2024-05-28,E02,4199805.17
2024-05-29,E02,4149106.19
2024-05-30,E02,4117494.24
2024-05-31,E02,4169490.83
2024-06-01,E02,4105666.16
2024-06-02,E02,4173070.22
2024-06-03,E02,4191346.65
2024-06-04,E02,4199870.06
2024-06-05,E02,4236614.34
2024-06-06,E02,4195636.46
2024-06-07,E02,4156354.72
2024-06-08,E02,4115167.99
2024-06-09,E02,4059409.96
2024-06-10,E02,4057152.37
2024-06-11,E02,4032394.34
2024-06-12,E02,4081735.41
2024-06-13,E02,4079578.42
2024-06-14,E02,4071801.97
2024-06-15,E02,4004997.99
2024-06-16,E02,3995145.92
2024-06-17,E02,3930043.39
2024-06-18,E02,3998349.45
2024-06-19,E02,3960772.35
2024-06-20,E02,3980093.56
2024-06-21,E02,3930162.78
2024-06-22,E02,3811454.86
2024-06-23,E02,3764404.47
2024-06-24,E02,3873844.42
2024-06-25,E02,3656672.37
2024-06-26,E02,3741832.37
2024-06-27,E02,3848652.78
2024-06-28,E02,3840434.1
2024-06-29,E02,3863146.0
2024-06-30,E02,3981690.13
2024-07-01,E02,3878432.88
2024-07-02,E02,3804322.75
2024-07-03,E02,3810331.01
2024-07-04,E02,3838887.02
2024-07-05,E02,3761041.59
2024-07-06,E02,3839275.32
2024-07-07,E02,3853837.3
2024-07-08,E02,3866001.59
2024-07-09,E02,3802393.69
2024-07-10,E02,3852313.77
2024-07-11,E02,3785062.64
2024-07-12,E02,3722046.47
2024-07-13,E02,3729840.62
2024-07-14,E02,3691548.53
2024-07-15,E02,3691410.86
2024-07-16,E02,3571977.67
2024-07-17,E02,3529111.14
2024-07-18,E02,3511401.04
2024-07-19,E02,3576749.93
2024-07-20,E02,3633660.67
2024-07-21,E02,3798456.86
2024-07-22,E02,3678675.78
2024-07-23,E02,3486560.9
2024-07-24,E02,3513089.54
2024-07-25,E02,3507346.44
2024-07-26,E02,3466871.08
2024-07-27,E02,3462814.38
2024-07-28,E02,3427913.26
2024-07-29,E02,3455513.3
2024-07-30,E02,3427384.61
2024-07-31,E02,3427767.54
2024-08-01,E02,3412521.24
2024-08-02,E02,3381474.86
2024-08-03,E02,3384047.03
2024-08-04,E02,3343829.02
2024-08-05,E02,3421643.96
2024-08-06,E02,3383498.39
2024-08-07,E02,3329913.44
2024-08-08,E02,3316689.11
2024-08-09,E02,3232922.13
2024-08-10,E02,3226677.61
2024-08-11,E02,3150290.42
2024-08-12,E02,3268094.4
2024-08-13,E02,3278511.51
2024-08-14,E02,3239183.22
2024-08-15,E02,3183433.61
2024-08-16,E02,3272640.29
2024-08-17,E02,3242863.12
2024-08-18,E02,3388840.81
2024-08-19,E02,3400568.73
2024-08-20,E02,3374839.53
2024-08-21,E02,3346025.25
2024-08-22,E02,3307457.47
2024-08-23,E02,3256171.56
2024-08-24,E02,3351042.35
2024-08-25,E02,3348120.1
2024-08-26,E02,3444096.76
2024-08-27,E02,3455561.24
2024-08-28,E02,3462916.17
2024-08-29,E02,3630217.68
2024-08-30,E02,3563166.46
2024-08-31,E02,3562387.25
2024-09-01,E02,3524256.77
2024-09-02,E02,3523466.6
2024-09-03,E02,3470087.71
2024-09-04,E02,3463403.52
2024-09-05,E02,3435141.72
2024-09-06,E02,3381688.88
2024-09-07,E02,3445257.55
2024-09-08,E02,3482567.49
2024-09-09,E02,3416437.48
2024-09-10,E02,3341134.9
2024-09-11,E02,3403579.08
2024-09-12,E02,3409394.93
2024-09-13,E02,3320739.92
2024-09-14,E02,3317239.76
2024-09-15,E02,3234873.81
2024-09-16,E02,3219150.73
2024-09-17,E02,3182489.39
2024-09-18,E02,3237012.45
2024-09-19,E02,3205296.14
2024-09-20,E02,3262623.38
2024-09-21,E02,3252202.98
2024-09-22,E02,3297447.7
2024-09-23,E02,3348886.53
2024-09-24,E02,3337869.27
2024-09-25,E02,3287272.44
2024-09-26,E02,3290131.44
2024-09-27,E02,3184039.52
2024-09-28,E02,3224075.93
2024-09-29,E02,3236617.34
2024-09-30,E02,3090018.36
2024-10-01,E02,3014273.17
2024-10-02,E02,2984869.79
2024-10-03,E02,3020093.62
2024-10-04,E02,3086999.71
2024-10-05,E02,3024601.07
2024-10-06,E02,2848348.27
2024-10-07,E02,2889308.86
2024-10-08,E02,2948965.29
2024-10-09,E02,2854353.64
2024-10-10,E02,2858684.2
2024-10-11,E02,2874451.74
2024-10-12,E02,2862872.39
2024-10-13,E02,2793881.13
2024-10-14,E02,2801673.04
2024-10-15,E02,2846218.07
2024-10-16,E02,2894132.18
2024-10-17,E02,2847952.36
2024-10-18,E02,2799854.7
2024-10-19,E02,2830024.24
2024-10-20,E02,2791292.93
2024-10-21,E02,2821241.04
2024-10-22,E02,2864616.47
2024-10-23,E02,2862544.39
2024-10-24,E02,2855777.3
2024-10-25,E02,2796726.05
2024-10-26,E02,2780383.85
2024-10-27,E02,2772696.01
2024-10-28,E02,2728385.22
2024-10-29,E02,2819472.25
2024-10-30,E02,2875872.83
2024-10-31,E02,2897394.42
2024-11-01,E02,2832115.06
2024-11-02,E02,2825538.78
2024-11-03,E02,2877265.42
2024-11-04,E02,2920847.71
2024-11-05,E02,2878498.39
2024-11-06,E02,2959262.16
2024-11-07,E02,2952784.16
2024-11-08,E02,3000567.68
2024-11-09,E02,2989623.71
2024-11-10,E02,2950630.38
2024-11-11,E02,2994094.88
2024-11-12,E02,2990775.76
2024-11-13,E02,3090213.68
2024-11-14,E02,3076117.04
2024-11-15,E02,3050850.68
2024-11-16,E02,3035787.97
2024-11-17,E02,2955140.15
2024-11-18,E02,2950823.8
2024-11-19,E02,2972122.96
2024-11-20,E02,2983929.41
2024-11-21,E02,3069695.97
2024-11-22,E02,3052555.59
2024-11-23,E02,3120923.36
2024-11-24,E02,3088745.99
2024-11-25,E02,3122256.92
2024-11-26,E02,3175402.87
2024-11-27,E02,3253091.62
2024-11-28,E02,3227143.36
2024-11-29,E02,3263592.0
2024-11-30,E02,3298677.79
2024-12-01,E02,3281012.14
2024-12-02,E02,3149943.32
2024-12-03,E02,3063551.23
2024-12-04,E02,2940794.18
2024-12-05,E02,2882612.44
2024-12-06,E02,2821884.74
2024-12-07,E02,2695688.69
2024-12-08,E02,2627541.27
2024-12-09,E02,2611779.77
2024-12-10,E02,2653841.87
2024-12-11,E02,2650470.83
2024-12-12,E02,2674242.07
2024-12-13,E02,2727195.11
2024-12-14,E02,2773800.21
2024-12-15,E02,2761842.41
2024-12-16,E02,2788147.95
2024-12-17,E02,2651834.06
2024-12-18,E02,2604892.26
2024-12-19,E02,2575544.03
2024-12-20,E02,2557343.6
2024-12-21,E02,2503591.21
2024-12-22,E02,2515051.52
2024-12-23,E02,2614814.97
2024-12-24,E02,2570861.13
2024-12-25,E02,2619668.89
2024-12-26,E02,2653139.05
2024-12-27,E02,2612359.51
2024-12-28,E02,2618817.8
2024-12-29,E02,2640984.38
2024-12-30,E02,2676792.38
2024-12-31,E02,2744489.92
2025-01-01,E02,2879809.76
2025-01-02,E02,3003276.5
2025-01-03,E02,2930357.83
2025-01-04,E02,2936466.05
2025-01-05,E02,2818646.57
2025-01-06,E02,2850862.66
2025-01-07,E02,2851400.06
2025-01-08,E02,2882366.74
2025-01-09,E02,2934051.34
2025-01-10,E02,2996497.11
2025-01-11,E02,3052633.32
2025-01-12,E02,3154218.24
2025-01-13,E02,3106522.32
2025-01-14,E02,3036089.76
2025-01-15,E02,3108239.59
2025-01-16,E02,3019732.86
2025-01-17,E02,2936572.05
2025-01-18,E02,3045496.36
2025-01-19,E02,3086624.46
2025-01-20,E02,3097548.72
2025-01-21,E02,3138292.38
2025-01-22,E02,3080619.02
2025-01-23,E02,3032768.6
2025-01-24,E02,3025559.65
2025-01-25,E02,2996049.66
2025-01-26,E02,3052103.48
2025-01-27,E02,2930566.36
2025-01-28,E02,2852433.13
2025-01-29,E02,2830434.56
2025-01-30,E02,2767670.75
2025-01-31,E02,2801453.58
2025-02-01,E02,2840253.01
2025-02-02,E02,2859812.57
2025-02-03,E02,2861771.83
2025-02-04,E02,2899716.51
2025-02-05,E02,2897759.52
2025-02-06,E02,2824183.42
2025-02-07,E02,2970421.92
2025-02-08,E02,2980326.12
2025-02-09,E02,3015871.27
2025-02-10,E02,2947329.27
2025-02-11,E02,3055027.14
2025-02-12,E02,2990417.83
2025-02-13,E02,3023262.19
2025-02-14,E02,3108939.65
2025-02-15,E02,2994703.41
2025-02-16,E02,3032596.13
2025-02-17,E02,3046083.59
2025-02-18,E02,2996811.88
2025-02-19,E02,3130920.16
2025-02-20,E02,3046833.75
2025-02-21,E02,3021719.44
2025-02-22,E02,3063849.84
2025-02-23,E02,3137388.69
2025-02-24,E02,3097972.27
2025-02-25,E02,3132598.44
2025-02-26,E02,3167764.71
2025-02-27,E02,3191980.71
2025-02-28,E02,3122672.73
2025-03-01,E02,3051163.84
2025-03-02,E02,3015987.18
2025-03-03,E02,2946350.48
2025-03-04,E02,2919999.1
2025-03-05,E02,2944255.55
2025-03-06,E02,2898540.76
2025-03-07,E02,2895591.53
2025-03-08,E02,2934574.15
2025-03-09,E02,3049716.93
2025-03-10,E02,3045710.08
2025-03-11,E02,3004210.37
2025-03-12,E02,3050961.74
2025-03-13,E02,3092679.98
2025-03-14,E02,3164257.13
2025-03-15,E02,3218942.1
2025-03-16,E02,3221207.87
2025-03-17,E02,3223442.94
2025-03-18,E02,3380788.26
2025-03-19,E02,3397004.11
2025-03-20,E02,3450979.12
2025-03-21,E02,3395698.67
2025-03-22,E02,3379972.02
2025-03-23,E02,3319412.2
2025-03-24,E02,3387725.29
2025-03-25,E02,3390595.4
2025-03-26,E02,3471257.63
2025-03-27,E02,3527276.1
2025-03-28,E02,3514748.72
2025-03-29,E02,3576982.23
2025-03-30,E02,3674163.3
2025-03-31,E02,3814141.52
2025-04-01,E02,3785384.24
2025-04-02,E02,3833347.66
2025-04-03,E02,3857920.03
2025-04-04,E02,3892797.82
2025-04-05,E02,3915199.32
2025-04-06,E02,3842076.4
2025-04-07,E02,3778233.45
2025-04-08,E02,3791156.74
2025-04-09,E02,3822209.12
2025-04-10,E02,3747291.17
2025-04-11,E02,3709675.07
2025-04-12,E02,3837564.48
2025-04-13,E02,3809084.47
2025-04-14,E02,3760656.45
2025-04-15,E02,3670452.49
2025-04-16,E02,3780601.16
2025-04-17,E02,3820854.18
2025-04-18,E02,3949417.05
2025-04-19,E02,3896282.96
2025-04-20,E02,3992896.84
2025-04-21,E02,4066531.05
2025-04-22,E02,3987863.13
2025-04-23,E02,4123544.8
2025-04-24,E02,4027106.05
2025-04-25,E02,3975822.35
2025-04-26,E02,3966766.13
2025-04-27,E02,4009660.02
2025-04-28,E02,3949330.02
2025-04-29,E02,3969346.94
2025-04-30,E02,4073562.78
2025-05-01,E02,3947672.16
2025-05-02,E02,4039434.55
2025-05-03,E02,3990586.67
2025-05-04,E02,3972695.15
2025-05-05,E02,3965206.84
2025-05-06,E02,3972569.97
2025-05-07,E02,3944257.06
2025-05-08,E02,3967227.74
2025-05-09,E02,4041913.94
2025-05-10,E02,4019617.18
2025-05-11,E02,3998104.46
2025-05-12,E02,3989509.13
2025-05-13,E02,4059657.35
2025-05-14,E02,3989125.75
2025-05-15,E02,4089099.9
2025-05-16,E02,4047801.99
2025-05-17,E02,4029041.05
2025-05-18,E02,3956281.85
2025-05-19,E02,3953342.0
2025-05-20,E02,3945396.27
2025-05-21,E02,3925205.55
2025-05-22,E02,3908536.36
2025-05-23,E02,3924431.37
2025-05-24,E02,4000555.44
2025-05-25,E02,3996585.5
2025-05-26,E02,3937506.56
2025-05-27,E02,3985195.18
2025-05-28,E02,3957045.07
2025-05-29,E02,3940250.77
2025-05-30,E02,4066253.39
2025-05-31,E02,4007478.69
2025-06-01,E02,3995218.35
2025-06-02,E02,4001030.59
2025-06-03,E02,3995929.15
2025-06-04,E02,3992889.29
2025-06-05,E02,4110803.96
2025-06-06,E02,4050223.98
2025-06-07,E02,3965764.1
2025-06-08,E02,4016113.36
2025-06-09,E02,4141956.93
2025-06-10,E02,4072117.69
2025-06-11,E02,4138261.21
2025-06-12,E02,4086926.16
2025-06-13,E02,4078087.2
2025-06-14,E02,4068485.45
2025-06-15,E02,4112370.04
2025-06-16,E02,4074486.62
2025-06-17,E02,3987572.44
2025-06-18,E02,3974206.94
2025-06-19,E02,3968145.43
2025-06-20,E02,3951207.68
2025-06-21,E02,3986372.01
2025-06-22,E02,3862963.51
2025-06-23,E02,3846891.42
2025-06-24,E02,3768561.74
2025-06-25,E02,3791985.19
2025-06-26,E02,3688132.57
2025-06-27,E02,3733290.96
2025-06-28,E02,3775573.94
2025-06-29,E02,3756543.39
2025-06-30,E02,3779408.81
2025-07-01,E02,3816824.77
2025-07-02,E02,3970638.02
2025-07-03,E02,3936590.75
2025-07-04,E02,3919534.73
2025-07-05,E02,3941526.46
2025-07-06,E02,4081868.51
2025-07-07,E02,4092610.57
2025-07-08,E02,4045035.74
2025-07-09,E02,3933874.61
2025-07-10,E02,3963037.3
2025-07-11,E02,4019734.87
2025-07-12,E02,3974180.37
2025-07-13,E02,3966394.73
2025-07-14,E02,3885727.98
2025-07-15,E02,3862173.46
2025-07-16,E02,3879350.6
2025-07-17,E02,3949266.64
2025-07-18,E02,3969717.26
2025-07-19,E02,3980771.4
2025-07-20,E02,3980025.77
2025-07-21,E02,3898234.91
2025-07-22,E02,3891823.42
2025-07-23,E02,3850530.87
2025-07-24,E02,3772609.45
2025-07-25,E02,3868125.5
2025-07-26,E02,3893201.76
2025-07-27,E02,3806378.3
2025-07-28,E02,3834857.33
2025-07-29,E02,3861683.6
2025-07-30,E02,3983913.41
2025-07-31,E02,3955852.89
2025-08-01,E02,3979254.87
2025-08-02,E02,3915216.48
2025-08-03,E02,3887433.56
2025-08-04,E02,3906839.47
2025-08-05,E02,3947458.47
2025-08-06,E02,4017393.39
2025-08-07,E02,3943549.49
2025-08-08,E02,3998921.96
2025-08-09,E02,3881550.53
2025-08-10,E02,3838997.65
2025-08-11,E02,3803053.66
2025-08-12,E02,3816086.4
2025-08-13,E02,3851119.96
2025-08-14,E02,3824877.74
2025-08-15,E02,3770394.97
2025-08-16,E02,3746416.29
2025-08-17,E02,3766374.58
2025-08-18,E02,3697779.16
2025-08-19,E02,3588272.76
2025-08-20,E02,3686952.45
2025-08-21,E02,3619692.02
2025-08-22,E02,3635725.43
2025-08-23,E02,3499578.79
2025-08-24,E02,3416551.16
2025-08-25,E02,3334814.93
2025-08-26,E02,3322124.77
2025-08-27,E02,3317441.77
2025-08-28,E02,3312960.32
2025-08-29,E02,3343029.42
2025-08-30,E02,3264879.28
2025-08-31,E02,3254369.94
2025-09-01,E02,3207900.02
2025-09-02,E02,3150938.54
2025-09-03,E02,3032319.68
2025-09-04,E02,2923500.21
2025-09-05,E02,3023263.93
2025-09-06,E02,2865211.49
2025-09-07,E02,2963719.29
2025-09-08,E02,3030161.68
2025-09-09,E02,3019679.86
2025-09-10,E02,3061300.83
2025-09-11,E02,3058403.17
2025-09-12,E02,3088907.15
2025-09-13,E02,3147683.05
2025-09-14,E02,2996738.87
2025-09-15,E02,2887496.62
2025-09-16,E02,2958046.01
2025-09-17,E02,2915488.92
2025-09-18,E02,2814600.38
2025-09-19,E02,2846169.58
2025-09-20,E02,2892892.89
2025-09-21,E02,2814028.0
2025-09-22,E02,2728028.98
2025-09-23,E02,2666984.84
2025-09-24,E02,2647335.73
2025-09-25,E02,2534656.79
2025-09-26,E02,2577146.78
2025-09-27,E02,2527188.44
2025-09-28,E02,2573198.35
2025-09-29,E02,2418152.21
2025-09-30,E02,2538335.74
2025-10-01,E02,2490958.45
2025-10-02,E02,2497674.3
2025-10-03,E02,2465792.76
2025-10-04,E02,2535513.47
2025-10-05,E02,2550434.67
2025-10-06,E02,2560762.1
2025-10-07,E02,2515554.42
2025-10-08,E02,2552682.17
2025-10-09,E02,2628737.58
2025-10-10,E02,2690225.01
2025-10-11,E02,2709926.68
2025-10-12,E02,2734472.03
2025-10-13,E02,2821180.88
2025-10-14,E02,2908950.31
2025-10-15,E02,2961769.31
2025-10-16,E02,2998966.03
2025-10-17,E02,3106776.92
2025-10-18,E02,3040335.89
2025-10-19,E02,2963464.94
2025-10-20,E02,2915551.5
2025-10-21,E02,2945392.56
2025-10-22,E02,2878718.05
2025-10-23,E02,3049184.68
2025-10-24,E02,3068765.33
2025-10-25,E02,3013778.12
2025-10-26,E02,2923029.1
2025-10-27,E02,3018099.5
2025-10-28,E02,2992657.82
2025-10-29,E02,3118895.41
2025-10-30,E02,3062097.39
2025-10-31,E02,3162269.29
2025-11-01,E02,3052789.34
2025-11-02,E02,3118967.15
2025-11-03,E02,3180889.69
2025-11-04,E02,3190958.65
2025-11-05,E02,3147296.49
2025-11-06,E02,3149346.9
2025-11-07,E02,3059448.31
2025-11-08,E02,3071755.12
2025-11-09,E02,3083304.79
2025-11-10,E02,3062671.85
2025-11-11,E02,3069605.16
2025-11-12,E02,2967803.71
2025-11-13,E02,2968909.82
2025-11-14,E02,2976123.6
2025-11-15,E02,2903365.42
2025-11-16,E02,2872563.18
2025-11-17,E02,2913479.06
2025-11-18,E02,3049354.42
2025-11-19,E02,3111927.37
2025-11-20,E02,3210660.34
2025-11-21,E02,3134157.18
2025-11-22,E02,3181601.77
2025-11-23,E02,3099179.79
2025-11-24,E02,3094971.62
2025-11-25,E02,3078925.05
2025-11-26,E02,3041540.18
2025-11-27,E02,3017058.39
2025-11-28,E02,3067587.03
2025-11-29,E02,3107578.82
2025-11-30,E02,3105417.5
2025-12-01,E02,3253045.52
2025-12-02,E02,3260124.47
2025-12-03,E02,3222937.11
2025-12-04,E02,3217784.56
2025-12-05,E02,3245823.64
2025-12-06,E02,3189855.91
2025-12-07,E02,3062878.36
2025-12-08,E02,3062110.34
2025-12-09,E02,2985952.35
2025-12-10,E02,2935625.77
2025-12-11,E02,2974053.47
2025-12-12,E02,2958703.01
2025-12-13,E02,2954953.57
2025-12-14,E02,3009827.38
2025-12-15,E02,3079258.19
2025-12-16,E02,3022653.11
2025-12-17,E02,2938297.36
2025-12-18,E02,2879897.44
2025-12-19,E02,3009337.0
2025-12-20,E02,2950022.5
2025-12-21,E02,2947363.44
2025-12-22,E02,2968075.23
2025-12-23,E02,2899856.35
2025-12-24,E02,2772604.87
2025-12-25,E02,2699027.62
2025-12-26,E02,2830975.76
2025-12-27,E02,2830621.58
2025-12-28,E02,2962325.15
2025-12-29,E02,2855106.33
2025-12-30,E02,2871539.34
2025-12-31,E02,2895015.85
2026-01-01,E02,2889773.74
2026-01-02,E02,2868911.11
2026-01-03,E02,2880744.4
2026-01-04,E02,2825807.8
2026-01-05,E02,2850219.61
2026-01-06,E02,2916430.05
2026-01-07,E02,2933870.53
2026-01-08,E02,2752278.83
2026-01-09,E02,2796976.74
2026-01-10,E02,2772792.38
2026-01-11,E02,2794205.65
2026-01-12,E02,2727591.25
2026-01-13,E02,2751137.87
2026-01-14,E02,2706117.66
2026-01-15,E02,2779913.63
2026-01-16,E02,2938161.61
2026-01-17,E02,2902447.35
2026-01-18,E02,2967862.99
2026-01-19,E02,2932422.33
2026-01-20,E02,3003690.71
2026-01-21,E02,2969545.86
2026-01-22,E02,2963124.31
2026-01-23,E02,2973246.63
2026-01-24,E02,2962058.36
2026-01-25,E02,3104753.14
2026-01-26,E02,3110704.64
2026-01-27,E02,3086335.44
2026-01-28,E02,3102873.66
2026-01-29,E02,3138975.86
2026-01-30,E02,3074234.5
2026-01-31,E02,3070479.69
2026-02-01,E02,3192925.66
2026-02-02,E02,3171611.49
2026-02-03,E02,3125009.32
2026-02-04,E02,3050185.14
2026-02-05,E02,3024126.32
2026-02-06,E02,2925902.47
2026-02-07,E02,2995082.67
2026-02-08,E02,3005832.24
2026-02-09,E02,3165107.51
2026-02-10,E02,3210248.45
2026-02-11,E02,3141662.28
2026-02-12,E02,3175742.37
2026-02-13,E02,3194804.18
2026-02-14,E02,3271454.77
2026-02-15,E02,3243285.65
2026-02-16,E02,3302087.09
2026-02-17,E02,3337782.41
2026-02-18,E02,3439375.6
2026-02-19,E02,3634798.18
2026-02-20,E02,3649997.51
2026-02-21,E02,3598866.13
2026-02-22,E02,3540076.97
2026-02-23,E02,3458551.43
2026-02-24,E02,3570192.12
2026-02-25,E02,3551827.53
2026-02-26,E02,3446548.84
2026-02-27,E02,3483634.71
2026-02-28,E02,3583864.15
2026-03-01,E02,3454525.25
2026-03-02,E02,3504002.46
2026-03-03,E02,3573740.31
2026-03-04,E02,3578706.98
2026-03-05,E02,3501079.65
2026-03-06,E02,3615857.58
2026-03-07,E02,3671639.03
2026-03-08,E02,3681444.08
2026-03-09,E02,3791530.38
2026-03-10,E02,3783114.75
2026-03-11,E02,3798119.61
2026-03-12,E02,3782686.09
2026-03-13,E02,3872857.77
2026-03-14,E02,3813214.2
2026-03-15,E02,3890297.98
2026-03-16,E02,3903635.65
2026-03-17,E02,3834088.98
2026-03-18,E02,3847726.59
2026-03-19,E02,3879449.49
2026-03-20,E02,3944574.89
2026-03-21,E02,4096057.07
2026-03-22,E02,4000125.03
2026-03-23,E02,3924098.29
2026-03-24,E02,3955579.47
2026-03-25,E02,3929850.08
2026-03-26,E02,3959214.48
2026-03-27,E02,3998961.69
2026-03-28,E02,3937287.64
2026-03-29,E02,4034391.53
2026-03-30,E02,4094642.16
2026-03-31,E02,4077624.57
2026-04-01,E02,3964052.23
2026-04-02,E02,3914751.19
2026-04-03,E02,3892979.19
2026-04-04,E02,3917889.02
2026-04-05,E02,3987416.45
2026-04-06,E02,4041411.86
2026-04-07,E02,4050320.87
2026-04-08,E02,4120602.12
2026-04-09,E02,4218278.6
2026-04-10,E02,4303784.31
2026-04-11,E02,4240663.52
2026-04-12,E02,4263506.86
2026-04-13,E02,4210104.7
2026-04-14,E02,4124248.27
2026-04-15,E02,4057415.98
2026-04-16,E02,4097420.47
2026-04-17,E02,4231987.46
2026-04-18,E02,4189950.53
2026-04-19,E02,4186348.1
2026-04-20,E02,4050636.89
2026-04-21,E02,3923471.57
2026-04-22,E02,3921434.44
2026-04-23,E02,3893732.18
2026-04-24,E02,3934858.97
2026-04-25,E02,3946351.42
2026-04-26,E02,3952697.56
2026-04-27,E02,3977255.55
2026-04-28,E02,3900268.98
2026-04-29,E02,3907912.87
2026-04-30,E02,3784101.54
2026-05-01,E02,3692951.32
2026-05-02,E02,3672405.43
2026-05-03,E02,3574970.08
2026-05-04,E02,3411223.0
2026-05-05,E02,3364486.17
2026-05-06,E02,3266844.83
2026-05-07,E02,3242976.58
2026-05-08,E02,3254986.64
2026-05-09,E02,3287704.04
2026-05-10,E02,3258038.93
2026-05-11,E02,3311457.31
2026-05-12,E02,3337791.95
2026-05-13,E02,3408525.03
2026-05-14,E02,3435583.48
2026-05-15,E02,3419231.79
2026-05-16,E02,3477429.72
2026-05-17,E02,3427451.26
2026-05-18,E02,3410194.79
2026-05-19,E02,3342345.21
2026-05-20,E02,3280959.47
2026-05-21,E02,3254600.14
2026-05-22,E02,3359596.63
2026-05-23,E02,3271481.94
2026-05-24,E02,3330325.67
2026-05-25,E02,3400327.34
2026-05-26,E02,3383293.85
2026-05-27,E02,3291666.43
2026-05-28,E02,3228015.51
2026-05-29,E02,3289609.9
2026-05-30,E02,3352473.85
2026-05-31,E02,3430295.8
2026-06-01,E02,3355162.18
2026-06-02,E02,3407631.51
2026-06-03,E02,3362041.18
2026-06-04,E02,3361093.49
2026-06-05,E02,3236780.19
2026-06-06,E02,3241073.67
2026-06-07,E02,3253422.47
2026-06-08,E02,3285943.47
2026-06-09,E02,3349247.91
2026-06-10,E02,3401987.57
2026-06-11,E02,3304499.2
2026-06-12,E02,3201102.9
2026-06-13,E02,3204803.14
2026-06-14,E02,3230225.91
2026-06-15,E02,3178713.06
2026-06-16,E02,3207124.33
2026-06-17,E02,3136380.94
2026-06-18,E02,3075845.39
2026-06-19,E02,3032209.92
2026-06-20,E02,3162988.23
2026-06-21,E02,3259496.42
2026-06-22,E02,3307734.3
2026-06-23,E02,3291757.34
2026-06-24,E02,3269151.24
2026-06-25,E02,3326565.09
2026-06-26,E02,3340045.23
2026-06-27,E02,3379574.42
2026-06-28,E02,3480437.95
2026-06-29,E02,3376147.9
2026-06-30,E02,3377973.5
2026-07-01,E02,3325101.05
2026-07-02,E02,3355383.79
2026-07-03,E02,3294800.97
2026-07-04,E02,3439615.31
2026-07-05,E02,3382462.47
2026-07-06,E02,3354487.76
2026-07-07,E02,3333821.8
2026-07-08,E02,3263125.51
2026-07-09,E02,3399161.06
2026-07-10,E02,3394214.25
2026-07-11,E02,3379862.86
2026-07-12,E02,3367230.14
2026-07-13,E02,3448964.94
2026-07-14,E02,3396443.91
2026-07-15,E02,3396899.74
2026-07-16,E02,3461272.47
2026-07-17,E02,3534572.66
2026-07-18,E02,3513736.92
2026-07-19,E02,3498207.33
2026-07-20,E02,3545321.75
2026-07-21,E02,3529387.15
2026-07-22,E02,3495375.35
2026-07-23,E02,3474564.64
2026-07-24,E02,3492994.68
2026-07-25,E02,3474865.75
2026-07-26,E02,3525597.38
2026-07-27,E02,3435055.51
2026-07-28,E02,3357545.69
2026-07-29,E02,3329538.48
2026-07-30,E02,3263333.2
2026-07-31,E02,3351678.59
2026-08-01,E02,3371054.47
2026-08-02,E02,3354893.88
2026-08-03,E02,3275518.61
2026-08-04,E02,3312987.49
2026-08-05,E02,3338421.76
2026-08-06,E02,3374139.62
2026-08-07,E02,3392381.48
2026-08-08,E02,3393509.02
2026-08-09,E02,3390775.99
2026-08-10,E02,3387656.38
2026-08-11,E02,3341177.12
2026-08-12,E02,3243223.94
2026-08-13,E02,3227600.4
2026-08-14,E02,3100971.44
2026-08-15,E02,3132945.43
2026-08-16,E02,3197134.55
2026-08-17,E02,3145211.56
2026-08-18,E02,3031812.41
2026-08-19,E02,3042678.37
2026-08-20,E02,3027705.39
2026-08-21,E02,3083656.89
2026-08-22,E02,3133195.51
2026-08-23,E02,3054374.46
2026-08-24,E02,3068884.53
2026-08-25,E02,3097454.87
2026-08-26,E02,3118916.73
2026-08-27,E02,3247806.28
2026-08-28,E02,3286658.42
2026-08-29,E02,3335917.22
2026-08-30,E02,3223310.3
2026-08-31,E02,3099705.32
2022-01-01,E03,3061350.11
2022-01-02,E03,3006690.08
2022-01-03,E03,3142452.11
2022-01-04,E03,3161617.87
2022-01-05,E03,3137468.78
2022-01-06,E03,3247046.05
2022-01-07,E03,3248057.7
2022-01-08,E03,3346305.08
2022-01-09,E03,3262989.74
2022-01-10,E03,3132927.73
2022-01-11,E03,3168791.7
2022-01-12,E03,3214296.93
2022-01-13,E03,3100629.59
2022-01-14,E03,3044430.92
2022-01-15,E03,3031814.31
2022-01-16,E03,2938520.41
2022-01-17,E03,2947826.17
2022-01-18,E03,2925712.29
2022-01-19,E03,2845634.11
2022-01-20,E03,2776473.0
2022-01-21,E03,2768488.21
2022-01-22,E03,2853602.05
2022-01-23,E03,2901727.51
2022-01-24,E03,2903699.72
2022-01-25,E03,2946305.04
2022-01-26,E03,2880183.06
2022-01-27,E03,2984643.81
2022-01-28,E03,2953256.81
2022-01-29,E03,2997557.45
2022-01-30,E03,2991784.21
2022-01-31,E03,2978425.38
2022-02-01,E03,2932413.83
2022-02-02,E03,2971769.41
2022-02-03,E03,2928632.13
2022-02-04,E03,2932271.12
2022-02-05,E03,2888453.16
2022-02-06,E03,2905426.43
2022-02-07,E03,2948834.26
2022-02-08,E03,2958191.36
2022-02-09,E03,2938329.81
2022-02-10,E03,3005723.46
2022-02-11,E03,3115219.85
2022-02-12,E03,3148902.61
2022-02-13,E03,3114270.73
2022-02-14,E03,3050717.43
2022-02-15,E03,3092818.39
2022-02-16,E03,3077779.13
2022-02-17,E03,3049597.87
2022-02-18,E03,3081276.94
2022-02-19,E03,3098094.94
2022-02-20,E03,3124404.2
2022-02-21,E03,3070423.6
2022-02-22,E03,3082578.54
2022-02-23,E03,2992603.95
2022-02-24,E03,3017025.44
2022-02-25,E03,3080893.12
2022-02-26,E03,3044038.37
2022-02-27,E03,3105922.74
2022-02-28,E03,3141276.14
2022-03-01,E03,3160307.83
2022-03-02,E03,3132320.28
2022-03-03,E03,3149569.15
2022-03-04,E03,3048183.72
2022-03-05,E03,3046503.24
2022-03-06,E03,3110096.39
2022-03-07,E03,3089395.55
2022-03-08,E03,3115414.44
2022-03-09,E03,3118886.3
2022-03-10,E03,3168960.32
2022-03-11,E03,3265579.67
2022-03-12,E03,3245228.51
2022-03-13,E03,3407666.99
2022-03-14,E03,3308548.03
2022-03-15,E03,3293927.23
2022-03-16,E03,3330218.74
2022-03-17,E03,3350083.59
2022-03-18,E03,3278238.36
2022-03-19,E03,3150808.7
2022-03-20,E03,3087122.48
2022-03-21,E03,3043514.85
2022-03-22,E03,3066833.61
2022-03-23,E03,3109406.37
2022-03-24,E03,3095230.95
2022-03-25,E03,3138734.99
2022-03-26,E03,3092292.14
2022-03-27,E03,3182819.54
2022-03-28,E03,3107639.62
2022-03-29,E03,3133936.93
2022-03-30,E03,3256423.35
2022-03-31,E03,3232004.54
2022-04-01,E03,3113343.23
2022-04-02,E03,3043004.39
2022-04-03,E03,3018929.82
2022-04-04,E03,3051527.01
2022-04-05,E03,3036496.53
2022-04-06,E03,3038104.58
2022-04-07,E03,3051707.91
2022-04-08,E03,3141388.21
2022-04-09,E03,3201075.67
2022-04-10,E03,3186607.51
2022-04-11,E03,3148719.27
2022-04-12,E03,3201114.47
2022-04-13,E03,3269145.48
2022-04-14,E03,3349284.02
2022-04-15,E03,3416383.55
2022-04-16,E03,3481511.94
2022-04-17,E03,3615681.36
2022-04-18,E03,3623266.25
2022-04-19,E03,3564749.56
2022-04-20,E03,3628414.67
2022-04-21,E03,3550330.69
2022-04-22,E03,3541823.38
2022-04-23,E03,3587025.46
2022-04-24,E03,3507066.07
2022-04-25,E03,3543925.34
2022-04-26,E03,3515952.75
2022-04-27,E03,3530327.04
2022-04-28,E03,3535617.83
2022-04-29,E03,3481772.12
2022-04-30,E03,3510763.73
2022-05-01,E03,3614267.11
2022-05-02,E03,3670333.76
2022-05-03,E03,3609755.82
2022-05-04,E03,3576946.35
2022-05-05,E03,3634891.4
2022-05-06,E03,3701240.68
2022-05-07,E03,3695865.19
2022-05-08,E03,3711175.84
2022-05-09,E03,3600346.25
2022-05-10,E03,3551828.96
2022-05-11,E03,3641543.01
2022-05-12,E03,3699627.0
2022-05-13,E03,3767898.64
2022-05-14,E03,3622054.31
2022-05-15,E03,3750859.72
2022-05-16,E03,3791454.77
2022-05-17,E03,3774831.54
2022-05-18,E03,3724855.56
2022-05-19,E03,3676045.95
2022-05-20,E03,3606239.11
2022-05-21,E03,3600170.78
2022-05-22,E03,3545662.59
2022-05-23,E03,3618260.39
2022-05-24,E03,3558579.08
2022-05-25,E03,3556378.77
2022-05-26,E03,3519281.18
2022-05-27,E03,3439226.12
2022-05-28,E03,3363744.59
2022-05-29,E03,3287565.59
2022-05-30,E03,3274117.25
2022-05-31,E03,3269524.55
2022-06-01,E03,3277332.97
2022-06-02,E03,3226678.79
2022-06-03,E03,3209257.06
2022-06-04,E03,3295295.17
2022-06-05,E03,3310009.05
2022-06-06,E03,3342670.57
2022-06-07,E03,3322418.45
2022-06-08,E03,3287960.38
2022-06-09,E03,3293341.54
2022-06-10,E03,3367600.87
2022-06-11,E03,3399419.54
2022-06-12,E03,3365771.47
2022-06-13,E03,3430969.6
2022-06-14,E03,3541006.18
2022-06-15,E03,3503396.93
2022-06-16,E03,3473995.14
2022-06-17,E03,3462753.52
2022-06-18,E03,3368125.94
2022-06-19,E03,3366107.7
2022-06-20,E03,3275949.78
2022-06-21,E03,3249726.74
2022-06-22,E03,3356499.46
2022-06-23,E03,3291804.84
2022-06-24,E03,3341184.89
2022-06-25,E03,3395968.61
2022-06-26,E03,3418911.2
2022-06-27,E03,3380559.51
2022-06-28,E03,3405524.78
2022-06-29,E03,3353889.39
2022-06-30,E03,3399752.75
2022-07-01,E03,3314292.02
2022-07-02,E03,3372902.21
2022-07-03,E03,3495831.24
2022-07-04,E03,3495550.16
2022-07-05,E03,3395887.31
2022-07-06,E03,3372313.52
2022-07-07,E03,3363656.78
2022-07-08,E03,3440842.61
2022-07-09,E03,3314022.22
2022-07-10,E03,3328599.26
2022-07-11,E03,3344174.65
2022-07-12,E03,3344506.61
2022-07-13,E03,3283514.33
2022-07-14,E03,3319772.82
2022-07-15,E03,3415382.39
2022-07-16,E03,3330547.35
2022-07-17,E03,3284767.93
2022-07-18,E03,3303535.31
2022-07-19,E03,3338512.88
2022-07-20,E03,3341687.27
2022-07-21,E03,3300414.27
2022-07-22,E03,3303401.86
2022-07-23,E03,3208945.66
2022-07-24,E03,3262858.24
2022-07-25,E03,3204628.03
2022-07-26,E03,3157035.69
2022-07-27,E03,3165033.77
2022-07-28,E03,3182920.66
2022-07-29,E03,3369214.35
2022-07-30,E03,3397691.69
2022-07-31,E03,3380039.69
2022-08-01,E03,3360036.57
2022-08-02,E03,3367161.32
2022-08-03,E03,3408076.6
2022-08-04,E03,3490621.28
2022-08-05,E03,3476828.31
2022-08-06,E03,3563583.29
2022-08-07,E03,3569246.54
2022-08-08,E03,3501508.7
2022-08-09,E03,3525577.6
2022-08-10,E03,3548767.31
2022-08-11,E03,3561917.54
2022-08-12,E03,3572166.83
2022-08-13,E03,3624536.0
2022-08-14,E03,3634726.41
2022-08-15,E03,3752525.63
2022-08-16,E03,3807281.01
2022-08-17,E03,3800525.13
2022-08-18,E03,3781545.79
2022-08-19,E03,3727995.87
2022-08-20,E03,3644020.26
2022-08-21,E03,3688771.23
2022-08-22,E03,3695936.68
2022-08-23,E03,3643316.09
2022-08-24,E03,3607415.21
2022-08-25,E03,3581468.19
2022-08-26,E03,3622611.7
2022-08-27,E03,3649901.94
2022-08-28,E03,3633735.72
2022-08-29,E03,3720761.99
2022-08-30,E03,3712759.08
2022-08-31,E03,3692115.98
2022-09-01,E03,3636364.47
2022-09-02,E03,3777805.12
2022-09-03,E03,3736253.99
2022-09-04,E03,3724091.7
2022-09-05,E03,3747202.04
2022-09-06,E03,3731424.83
2022-09-07,E03,3674403.07
2022-09-08,E03,3667543.83
2022-09-09,E03,3613553.53
2022-09-10,E03,3598556.72
2022-09-11,E03,3534545.05
2022-09-12,E03,3534296.15
2022-09-13,E03,3620896.13
2022-09-14,E03,3633353.71
2022-09-15,E03,3531711.54
2022-09-16,E03,3431530.76
2022-09-17,E03,3517955.58
2022-09-18,E03,3485735.91
2022-09-19,E03,3460072.16
2022-09-20,E03,3451697.14
2022-09-21,E03,3452135.04
2022-09-22,E03,3587316.69
2022-09-23,E03,3532289.39
2022-09-24,E03,3526154.79
2022-09-25,E03,3507509.15
2022-09-26,E03,3551359.39
2022-09-27,E03,3469478.4
2022-09-28,E03,3410133.65
2022-09-29,E03,3453447.76
2022-09-30,E03,3561057.03
2022-10-01,E03,3607838.52
2022-10-02,E03,3593239.79
2022-10-03,E03,3515319.84
2022-10-04,E03,3427071.48
2022-10-05,E03,3470790.9
2022-10-06,E03,3502061.72
2022-10-07,E03,3465197.7
2022-10-08,E03,3432032.98
2022-10-09,E03,3374310.92
2022-10-10,E03,3435852.36
2022-10-11,E03,3446134.98
2022-10-12,E03,3402230.46
2022-10-13,E03,3449641.55
2022-10-14,E03,3485624.98
2022-10-15,E03,3520865.3
2022-10-16,E03,3488551.08
2022-10-17,E03,3496379.37
2022-10-18,E03,3572740.59
2022-10-19,E03,3509559.58
2022-10-20,E03,3481094.38
2022-10-21,E03,3519592.36
2022-10-22,E03,3553596.41
2022-10-23,E03,3573458.17
2022-10-24,E03,3520783.42
2022-10-25,E03,3512041.77
2022-10-26,E03,3555656.34
2022-10-27,E03,3646990.64
2022-10-28,E03,3641612.97
2022-10-29,E03,3676342.67
2022-10-30,E03,3605322.58
2022-10-31,E03,3749293.26
2022-11-01,E03,3702646.85
2022-11-02,E03,3615870.27
2022-11-03,E03,3638885.68
2022-11-04,E03,3710616.56
2022-11-05,E03,3722101.56
2022-11-06,E03,3806312.68
2022-11-07,E03,3899709.4
2022-11-08,E03,3944950.6
2022-11-09,E03,3965987.31
2022-11-10,E03,4106143.28
2022-11-11,E03,4134004.66
2022-11-12,E03,4154197.6
2022-11-13,E03,4161315.28
2022-11-14,E03,4089091.86
2022-11-15,E03,4057621.01
2022-11-16,E03,4080608.31
2022-11-17,E03,4061179.92
2022-11-18,E03,4071367.18
2022-11-19,E03,3969776.59
2022-11-20,E03,3997452.24
2022-11-21,E03,4099813.61
2022-11-22,E03,4095659.05
2022-11-23,E03,3983128.52
2022-11-24,E03,3934124.67
2022-11-25,E03,3835199.57
2022-11-26,E03,3703563.14
2022-11-27,E03,3801494.3
2022-11-28,E03,3795851.91
2022-11-29,E03,3876957.37
2022-11-30,E03,3857728.19
2022-12-01,E03,3761845.95
2022-12-02,E03,3771098.74
2022-12-03,E03,3694964.64
2022-12-04,E03,3649337.28
2022-12-05,E03,3782214.6
2022-12-06,E03,3661382.82
2022-12-07,E03,3814508.05
2022-12-08,E03,3918955.74
2022-12-09,E03,4021546.36
2022-12-10,E03,3908756.92
2022-12-11,E03,3967819.89
2022-12-12,E03,4021969.45
2022-12-13,E03,3916491.74
2022-12-14,E03,3894756.68
2022-12-15,E03,3945021.16
2022-12-16,E03,3950806.85
2022-12-17,E03,4026026.1
2022-12-18,E03,4097312.09
2022-12-19,E03,3965617.39
2022-12-20,E03,3793012.61
2022-12-21,E03,3791917.4
2022-12-22,E03,3832194.6
2022-12-23,E03,3792174.83
2022-12-24,E03,3926082.7
2022-12-25,E03,3792559.1
2022-12-26,E03,3743590.72
2022-12-27,E03,3852786.8
2022-12-28,E03,3889737.44
2022-12-29,E03,3897806.04
2022-12-30,E03,3785656.77
2022-12-31,E03,3773246.95
2023-01-01,E03,3820374.31
2023-01-02,E03,3790628.13
2023-01-03,E03,3724441.37
2023-01-04,E03,3684417.65
2023-01-05,E03,3672336.76
2023-01-06,E03,3670803.73
2023-01-07,E03,3775511.48
2023-01-08,E03,3708332.29
2023-01-09,E03,3776816.78
2023-01-10,E03,3925713.38
2023-01-11,E03,3922443.1
2023-01-12,E03,3985351.38
2023-01-13,E03,3976449.41
2023-01-14,E03,3842115.46
2023-01-15,E03,3870050.31
2023-01-16,E03,3835717.55
2023-01-17,E03,3912860.08
2023-01-18,E03,3868645.37
2023-01-19,E03,3827614.31
2023-01-20,E03,3778381.43
2023-01-21,E03,3733797.53
2023-01-22,E03,3730726.9
2023-01-23,E03,3715362.28
2023-01-24,E03,3742894.13
2023-01-25,E03,3816227.62
2023-01-26,E03,3705426.43
2023-01-27,E03,3748124.69
2023-01-28,E03,3762873.15
2023-01-29,E03,3864113.62
2023-01-30,E03,3785338.81
2023-01-31,E03,3758370.06
2023-02-01,E03,3749825.44
2023-02-02,E03,3768423.77
2023-02-03,E03,3789830.88
2023-02-04,E03,3796598.91
2023-02-05,E03,3706624.02
2023-02-06,E03,3834642.62
2023-02-07,E03,3767202.32
2023-02-08,E03,3830888.83
2023-02-09,E03,3850438.93
2023-02-10,E03,3901210.91
2023-02-11,E03,3981022.67
2023-02-12,E03,4004812.49
2023-02-13,E03,4017335.79
2023-02-14,E03,3992756.35
2023-02-15,E03,4010578.76
2023-02-16,E03,3938366.96
2023-02-17,E03,4038346.49
2023-02-18,E03,4016968.29
2023-02-19,E03,4028332.39
2023-02-20,E03,4075358.62
2023-02-21,E03,4061157.77
2023-02-22,E03,4105894.47
2023-02-23,E03,4099574.98
2023-02-24,E03,3976579.68
2023-02-25,E03,4065284.98
2023-02-26,E03,4082403.3
2023-02-27,E03,4010699.72
2023-02-28,E03,3924479.25
2023-03-01,E03,3900396.78
2023-03-02,E03,3895649.94
2023-03-03,E03,3880346.89
2023-03-04,E03,3902131.48
2023-03-05,E03,3903868.53
2023-03-06,E03,4021834.98
2023-03-07,E03,3962555.15
2023-03-08,E03,3931103.84
2023-03-09,E03,3924118.75
2023-03-10,E03,3954587.13
2023-03-11,E03,3968652.17
2023-03-12,E03,4088513.1
2023-03-13,E03,4039058.97
2023-03-14,E03,4049807.23
2023-03-15,E03,4196566.38
2023-03-16,E03,4216319.57
2023-03-17,E03,4156766.75
2023-03-18,E03,4050238.28
2023-03-19,E03,4023621.2
2023-03-20,E03,3941117.54
2023-03-21,E03,4034397.4
2023-03-22,E03,3982507.72
2023-03-23,E03,4022359.58
2023-03-24,E03,3979556.68
2023-03-25,E03,3945171.8
2023-03-26,E03,3883031.89
2023-03-27,E03,4001326.88
2023-03-28,E03,4006575.81
2023-03-29,E03,4064491.34
2023-03-30,E03,4059486.39
2023-03-31,E03,4144178.48
2023-04-01,E03,4200029.35
2023-04-02,E03,4078853.15
2023-04-03,E03,4162448.9
2023-04-04,E03,4156490.26
2023-04-05,E03,4137978.77
2023-04-06,E03,4197534.85
2023-04-07,E03,4102848.92
2023-04-08,E03,4139124.12
2023-04-09,E03,4125956.24
2023-04-10,E03,4163635.28
2023-04-11,E03,4055813.78
2023-04-12,E03,4080139.5
2023-04-13,E03,4121416.37
2023-04-14,E03,4174078.1
2023-04-15,E03,4160742.86
2023-04-16,E03,4123219.26
2023-04-17,E03,4139360.34
2023-04-18,E03,3976146.91
2023-04-19,E03,3947517.01
2023-04-20,E03,4006156.79
2023-04-21,E03,3894982.43
2023-04-22,E03,3918682.08
2023-04-23,E03,3957205.96
2023-04-24,E03,3935765.68
2023-04-25,E03,3897764.8
2023-04-26,E03,3942133.82
2023-04-27,E03,3950672.18
2023-04-28,E03,3750123.12
2023-04-29,E03,3592364.15
2023-04-30,E03,3673579.16
2023-05-01,E03,3731996.69
2023-05-02,E03,3712626.41
2023-05-03,E03,3795178.62
2023-05-04,E03,3850697.88
2023-05-05,E03,3803654.31
2023-05-06,E03,3867081.41
2023-05-07,E03,3727290.5
2023-05-08,E03,3764818.59
2023-05-09,E03,3779813.4
2023-05-10,E03,3795322.42
2023-05-11,E03,3773581.61
2023-05-12,E03,3835857.68
2023-05-13,E03,3937252.74
2023-05-14,E03,4030507.29
2023-05-15,E03,3990694.87
2023-05-16,E03,3968871.17
2023-05-17,E03,4053756.71
2023-05-18,E03,3952455.36
2023-05-19,E03,4071810.9
2023-05-20,E03,4013328.41
2023-05-21,E03,3966177.25
2023-05-22,E03,3970893.24
2023-05-23,E03,4002671.42
2023-05-24,E03,3986350.62
2023-05-25,E03,4036993.69
2023-05-26,E03,4041151.43
2023-05-27,E03,4127891.34
2023-05-28,E03,4198930.56
2023-05-29,E03,4221255.48
2023-05-30,E03,4198542.39
2023-05-31,E03,4249706.8
2023-06-01,E03,4249950.3
2023-06-02,E03,4322747.03
2023-06-03,E03,4377469.59
2023-06-04,E03,4334914.91
2023-06-05,E03,4327705.57
2023-06-06,E03,4302503.41
2023-06-07,E03,4331572.13
2023-06-08,E03,4460038.34
2023-06-09,E03,4509966.22
2023-06-10,E03,4525533.53
2023-06-11,E03,4579535.98
2023-06-12,E03,4567781.45
2023-06-13,E03,4553155.18
2023-06-14,E03,4461117.01
2023-06-15,E03,4483816.93
2023-06-16,E03,4524071.54
2023-06-17,E03,4627332.95
2023-06-18,E03,4685728.95
2023-06-19,E03,4634935.82
2023-06-20,E03,4712338.41
2023-06-21,E03,4753195.01
2023-06-22,E03,4782912.94
2023-06-23,E03,4750685.95
2023-06-24,E03,4814551.59
2023-06-25,E03,4882107.03
2023-06-26,E03,4865686.83
2023-06-27,E03,4874151.83
2023-06-28,E03,4794941.63
2023-06-29,E03,4750526.75
2023-06-30,E03,4804374.33
2023-07-01,E03,4813014.18
2023-07-02,E03,4820693.53
2023-07-03,E03,4822378.53
2023-07-04,E03,4871993.16
2023-07-05,E03,4826279.0
2023-07-06,E03,4817176.39
2023-07-07,E03,4658084.08
2023-07-08,E03,4670754.06
2023-07-09,E03,4527563.57
2023-07-10,E03,4565869.12
2023-07-11,E03,4530611.01
2023-07-12,E03,4511895.43
2023-07-13,E03,4486006.23
2023-07-14,E03,4469691.37
2023-07-15,E03,4510815.0
2023-07-16,E03,4468196.17
2023-07-17,E03,4471112.33
2023-07-18,E03,4520889.4
2023-07-19,E03,4520778.65
2023-07-20,E03,4512141.03
2023-07-21,E03,4574475.94
2023-07-22,E03,4578331.72
2023-07-23,E03,4566860.99
2023-07-24,E03,4595593.5
2023-07-25,E03,4548548.46
2023-07-26,E03,4499272.55
2023-07-27,E03,4449012.87
2023-07-28,E03,4352655.22
2023-07-29,E03,4407563.1
2023-07-30,E03,4419347.24
2023-07-31,E03,4379735.81
2023-08-01,E03,4401988.86
2023-08-02,E03,4545847.22
2023-08-03,E03,4672698.57
2023-08-04,E03,4679359.51
2023-08-05,E03,4755237.28
2023-08-06,E03,4743558.37
2023-08-07,E03,4582175.99
2023-08-08,E03,4579848.74
2023-08-09,E03,4536276.78
2023-08-10,E03,4565469.34
2023-08-11,E03,4607946.84
2023-08-12,E03,4635338.7
2023-08-13,E03,4478704.95
2023-08-14,E03,4482996.22
2023-08-15,E03,4375577.09
2023-08-16,E03,4316070.81
2023-08-17,E03,4419162.68
2023-08-18,E03,4474685.04
2023-08-19,E03,4416292.92
2023-08-20,E03,4418777.51
2023-08-21,E03,4286079.62
2023-08-22,E03,4274433.21
2023-08-23,E03,4272695.33
2023-08-24,E03,4420274.43
2023-08-25,E03,4382797.28
2023-08-26,E03,4377476.41
2023-08-27,E03,4372013.89
2023-08-28,E03,4416249.72
2023-08-29,E03,4355868.13
2023-08-30,E03,4504537.28
2023-08-31,E03,4476549.37
2023-09-01,E03,4471256.89
2023-09-02,E03,4436816.08
2023-09-03,E03,4512041.79
2023-09-04,E03,4523519.42
2023-09-05,E03,4701082.14
2023-09-06,E03,4630069.18
2023-09-07,E03,4703057.48
2023-09-08,E03,4773230.9
2023-09-09,E03,4913190.86
2023-09-10,E03,4876498.19
2023-09-11,E03,4931664.38
2023-09-12,E03,4922765.39
2023-09-13,E03,4894758.85
2023-09-14,E03,4859571.0
2023-09-15,E03,4983125.33
2023-09-16,E03,5079274.2
2023-09-17,E03,5064364.05
2023-09-18,E03,5039884.04
2023-09-19,E03,4970119.47
2023-09-20,E03,4966291.29
2023-09-21,E03,5044233.04
2023-09-22,E03,5064769.89
2023-09-23,E03,5016130.6
2023-09-24,E03,5024289.87
2023-09-25,E03,4996361.97
2023-09-26,E03,4984884.3
2023-09-27,E03,4987986.91
2023-09-28,E03,4995628.15
2023-09-29,E03,4993706.92
2023-09-30,E03,4989880.46
2023-10-01,E03,5174850.88
2023-10-02,E03,5188270.32
2023-10-03,E03,5120515.86
2023-10-04,E03,5125584.93
2023-10-05,E03,5093488.57
2023-10-06,E03,5098322.79
2023-10-07,E03,5176226.41
2023-10-08,E03,5247798.49
2023-10-09,E03,5189421.8
2023-10-10,E03,5173267.11
2023-10-11,E03,5275482.28
2023-10-12,E03,5202706.23
2023-10-13,E03,5204529.1
2023-10-14,E03,5192490.0
2023-10-15,E03,5297101.89
2023-10-16,E03,5302660.75
2023-10-17,E03,5297702.69
2023-10-18,E03,5413206.58
2023-10-19,E03,5348197.16
2023-10-20,E03,5310996.31
2023-10-21,E03,5234142.26
2023-10-22,E03,5363399.23
2023-10-23,E03,5243726.34
2023-10-24,E03,5354545.04
2023-10-25,E03,5423357.05
2023-10-26,E03,5491712.48
2023-10-27,E03,5442370.3
2023-10-28,E03,5430357.03
2023-10-29,E03,5378841.97
2023-10-30,E03,5397822.04
2023-10-31,E03,5438741.42
2023-11-01,E03,5398950.95
2023-11-02,E03,5465542.57
2023-11-03,E03,5480971.51
2023-11-04,E03,5508536.72
2023-11-05,E03,5634683.12
2023-11-06,E03,5618006.62
2023-11-07,E03,5623546.73
2023-11-08,E03,5604171.89
2023-11-09,E03,5657449.93
2023-11-10,E03,5628300.57
2023-11-11,E03,5687448.02
2023-11-12,E03,5693741.41
2023-11-13,E03,5720313.93
2023-11-14,E03,5808735.11
2023-11-15,E03,5815837.19
2023-11-16,E03,5817781.34
2023-11-17,E03,5989908.79
2023-11-18,E03,6035195.69
2023-11-19,E03,5989719.19
2023-11-20,E03,5929215.18
2023-11-21,E03,5990120.81
2023-11-22,E03,5955408.73
2023-11-23,E03,5942742.34
2023-11-24,E03,6026161.25
2023-11-25,E03,6027541.51
2023-11-26,E03,6091828.39
2023-11-27,E03,5959877.27
2023-11-28,E03,5994163.8
2023-11-29,E03,6030668.75
2023-11-30,E03,6035939.84
2023-12-01,E03,6014787.25
2023-12-02,E03,6033210.16
2023-12-03,E03,5986186.23
2023-12-04,E03,6019758.82
2023-12-05,E03,5992462.75
2023-12-06,E03,5922778.94
2023-12-07,E03,6027192.14
2023-12-08,E03,6004478.13
2023-12-09,E03,5999712.19
2023-12-10,E03,6005398.56
2023-12-11,E03,6059055.27
2023-12-12,E03,6097801.66
2023-12-13,E03,6008954.74
2023-12-14,E03,6021562.37
2023-12-15,E03,6015118.5
2023-12-16,E03,5991227.3
2023-12-17,E03,6053021.05
2023-12-18,E03,6012489.0
2023-12-19,E03,5996523.33
2023-12-20,E03,6034692.85
2023-12-21,E03,6015957.08
2023-12-22,E03,5947455.69
2023-12-23,E03,5901898.23
2023-12-24,E03,5955004.18
2023-12-25,E03,5965446.77
2023-12-26,E03,5977954.16
2023-12-27,E03,5965889.9
2023-12-28,E03,6013193.35
2023-12-29,E03,5997370.53
2023-12-30,E03,6044020.93
2023-12-31,E03,5951032.58
2024-01-01,E03,5979368.39
2024-01-02,E03,5942963.43
2024-01-03,E03,5868095.73
2024-01-04,E03,5913957.3
2024-01-05,E03,5872781.7
2024-01-06,E03,5865643.67
2024-01-07,E03,5995146.36
2024-01-08,E03,5890913.23
2024-01-09,E03,5811218.56
2024-01-10,E03,5858326.35
2024-01-11,E03,5798383.59
2024-01-12,E03,5825280.59
2024-01-13,E03,5803297.3
2024-01-14,E03,5747792.77
2024-01-15,E03,5746224.47
2024-01-16,E03,5732610.54
2024-01-17,E03,5801114.46
2024-01-18,E03,5729848.84
2024-01-19,E03,5765347.16
2024-01-20,E03,5829057.52
2024-01-21,E03,5856141.47
2024-01-22,E03,5856912.08
2024-01-23,E03,5711677.78
2024-01-24,E03,5623502.34
2024-01-25,E03,5667375.09
2024-01-26,E03,5711345.56
2024-01-27,E03,5611866.45
2024-01-28,E03,5559467.81
2024-01-29,E03,5449277.85
2024-01-30,E03,5502848.88
2024-01-31,E03,5437715.17
2024-02-01,E03,5360461.51
2024-02-02,E03,5388844.33
2024-02-03,E03,5355989.23
2024-02-04,E03,5201970.82
2024-02-05,E03,5205157.93
2024-02-06,E03,5203085.92
2024-02-07,E03,5193554.4
2024-02-08,E03,5215951.79
2024-02-09,E03,5156353.71
2024-02-10,E03,5080210.42
2024-02-11,E03,5102881.27
2024-02-12,E03,5104623.48
2024-02-13,E03,5065260.71
2024-02-14,E03,5113479.47
2024-02-15,E03,5121840.15
2024-02-16,E03,5116142.55
2024-02-17,E03,5056550.21
2024-02-18,E03,4985061.98
2024-02-19,E03,4970667.4
2024-02-20,E03,4927520.77
2024-02-21,E03,4944871.82
2024-02-22,E03,4974786.38
2024-02-23,E03,5071381.84
2024-02-24,E03,5105061.81
2024-02-25,E03,5040097.49
2024-02-26,E03,5079036.74
2024-02-27,E03,5041245.09
2024-02-28,E03,4997768.45
2024-02-29,E03,4970488.09
2024-03-01,E03,4983849.74
2024-03-02,E03,4918613.11
2024-03-03,E03,4914220.92
2024-03-04,E03,4774657.55
2024-03-05,E03,4772741.53
2024-03-06,E03,4733038.74
2024-03-07,E03,4688356.33
2024-03-08,E03,4628969.26
2024-03-09,E03,4611522.74
2024-03-10,E03,4612127.92
2024-03-11,E03,4741267.76
2024-03-12,E03,4771933.57
2024-03-13,E03,4798148.55
2024-03-14,E03,4840332.64
2024-03-15,E03,4825453.75
2024-03-16,E03,4737923.99
2024-03-17,E03,4774189.41
2024-03-18,E03,4771393.02
2024-03-19,E03,4783537.16
2024-03-20,E03,4721035.49
2024-03-21,E03,4684975.87
2024-03-22,E03,4786458.07
2024-03-23,E03,4859801.3
2024-03-24,E03,4836112.73
2024-03-25,E03,4902630.38
2024-03-26,E03,4796119.93
2024-03-27,E03,4826081.09
2024-03-28,E03,4796499.53
2024-03-29,E03,4750294.79
2024-03-30,E03,4707653.38
2024-03-31,E03,4785924.6
2024-04-01,E03,4798027.98
2024-04-02,E03,4806230.22
2024-04-03,E03,4853507.31
2024-04-04,E03,4891694.15
2024-04-05,E03,4860615.69
2024-04-06,E03,4946050.5
2024-04-07,E03,4775853.29
2024-04-08,E03,4883114.18
2024-04-09,E03,4872148.51
2024-04-10,E03,4922662.75
2024-04-11,E03,4922201.45
2024-04-12,E03,4803780.39
2024-04-13,E03,4803572.0
2024-04-14,E03,4793556.8
2024-04-15,E03,4856229.23
2024-04-16,E03,4849190.99
2024-04-17,E03,4842650.6
2024-04-18,E03,4895618.65
2024-04-19,E03,4818556.69
2024-04-20,E03,4741676.53
2024-04-21,E03,4725431.55
2024-04-22,E03,4685172.61
2024-04-23,E03,4771646.11
2024-04-24,E03,4825233.7
2024-04-25,E03,4741409.73
2024-04-26,E03,4754590.65
2024-04-27,E03,4755765.38
2024-04-28,E03,4712676.69
2024-04-29,E03,4744435.21
2024-04-30,E03,4661783.78
2024-05-01,E03,4599712.79
2024-05-02,E03,4671425.45
2024-05-03,E03,4653403.69
2024-05-04,E03,4645877.29
2024-05-05,E03,4675817.51
2024-05-06,E03,4759727.07
2024-05-07,E03,4633495.62
2024-05-08,E03,4605479.76
2024-05-09,E03,4660915.48
2024-05-10,E03,4708608.07
2024-05-11,E03,4833975.13
2024-05-12,E03,4749573.04
2024-05-13,E03,4736290.05
2024-05-14,E03,4664946.42
2024-05-15,E03,4704409.95
2024-05-16,E03,4701609.82
2024-05-17,E03,4650161.03
2024-05-18,E03,4665280.62
2024-05-19,E03,4754000.73
2024-05-20,E03,4791918.11
2024-05-21,E03,4740988.72
2024-05-22,E03,4667074.69
2024-05-23,E03,4671301.84
2024-05-24,E03,4660995.17
2024-05-25,E03,4498424.07
2024-05-26,E03,4538001.91
2024-05-27,E03,4519232.76
2024-05-28,E03,4475362.07
2024-05-29,E03,4433073.05
2024-05-30,E03,4417333.8
2024-05-31,E03,4383733.6
2024-06-01,E03,4412686.11
2024-06-02,E03,4482684.2
2024-06-03,E03,4516919.79
2024-06-04,E03,4503990.16
2024-06-05,E03,4597111.43
2024-06-06,E03,4615383.93
2024-06-07,E03,4583120.25
2024-06-08,E03,4503252.48
2024-06-09,E03,4497043.65
2024-06-10,E03,4483889.5
2024-06-11,E03,4399071.72
2024-06-12,E03,4398833.72
2024-06-13,E03,4514150.44
2024-06-14,E03,4466086.14
2024-06-15,E03,4525714.61
2024-06-16,E03,4526494.28
2024-06-17,E03,4661018.48
2024-06-18,E03,4616288.43
2024-06-19,E03,4658960.8
2024-06-20,E03,4653004.32
2024-06-21,E03,4724503.75
2024-06-22,E03,4616212.23
2024-06-23,E03,4568692.55
2024-06-24,E03,4726148.7
2024-06-25,E03,4684731.03
2024-06-26,E03,4671764.94
2024-06-27,E03,4656772.82
2024-06-28,E03,4595717.22
2024-06-29,E03,4575133.3
2024-06-30,E03,4525831.37
2024-07-01,E03,4455185.26
2024-07-02,E03,4479920.33
2024-07-03,E03,4523755.13
2024-07-04,E03,4658547.17
2024-07-05,E03,4623537.4
2024-07-06,E03,4574853.27
2024-07-07,E03,4620285.77
2024-07-08,E03,4516968.77
2024-07-09,E03,4513422.55
2024-07-10,E03,4507874.17
2024-07-11,E03,4611904.36
2024-07-12,E03,4608974.85
2024-07-13,E03,4539203.69
2024-07-14,E03,4527538.91
2024-07-15,E03,4467898.31
2024-07-16,E03,4466550.63
2024-07-17,E03,4594290.98
2024-07-18,E03,4629138.35
2024-07-19,E03,4616263.15
2024-07-20,E03,4510403.08
2024-07-21,E03,4554697.6
2024-07-22,E03,4559398.69
2024-07-23,E03,4624532.28
2024-07-24,E03,4578031.09
2024-07-25,E03,4548068.26
2024-07-26,E03,4566103.74
2024-07-27,E03,4570599.87
2024-07-28,E03,4487346.1
2024-07-29,E03,4435217.52
2024-07-30,E03,4333298.98
2024-07-31,E03,4365252.11
2024-08-01,E03,4488224.69
2024-08-02,E03,4471561.24
2024-08-03,E03,4521380.24
2024-08-04,E03,4519462.15
2024-08-05,E03,4485479.76
2024-08-06,E03,4416099.32
2024-08-07,E03,4417758.61
2024-08-08,E03,4389703.1
2024-08-09,E03,4367655.52
2024-08-10,E03,4285486.89
2024-08-11,E03,4228136.95
2024-08-12,E03,4232677.64
2024-08-13,E03,4266181.0
2024-08-14,E03,4259297.75
2024-08-15,E03,4162921.61
2024-08-16,E03,4176939.45
2024-08-17,E03,4200479.85
2024-08-18,E03,4167438.56
2024-08-19,E03,4184880.51
2024-08-20,E03,4206975.97
2024-08-21,E03,4273261.26
2024-08-22,E03,4274024.45
2024-08-23,E03,4295012.9
2024-08-24,E03,4342952.17
2024-08-25,E03,4361388.53
2024-08-26,E03,4284366.06
2024-08-27,E03,4230571.54
2024-08-28,E03,4191951.99
2024-08-29,E03,4126371.71
2024-08-30,E03,4070811.74
2024-08-31,E03,4102061.42
2024-09-01,E03,4090132.59
2024-09-02,E03,4043425.79
2024-09-03,E03,4055160.76
2024-09-04,E03,4038921.1
2024-09-05,E03,3972654.25
2024-09-06,E03,4004900.62
2024-09-07,E03,3845912.48
2024-09-08,E03,3795449.98
2024-09-09,E03,3703515.1
2024-09-10,E03,3699333.26
2024-09-11,E03,3781016.29
2024-09-12,E03,3811310.19
2024-09-13,E03,3897742.86
2024-09-14,E03,3967521.4
2024-09-15,E03,3943966.65
2024-09-16,E03,4020302.38
2024-09-17,E03,4156676.71
2024-09-18,E03,4218858.86
2024-09-19,E03,4293006.99
2024-09-20,E03,4324976.31
2024-09-21,E03,4343739.64
2024-09-22,E03,4415351.98
2024-09-23,E03,4412782.7
2024-09-24,E03,4358436.96
2024-09-25,E03,4453945.7
2024-09-26,E03,4483197.22
2024-09-27,E03,4508399.33
2024-09-28,E03,4424934.15
2024-09-29,E03,4539957.6
2024-09-30,E03,4518489.86
2024-10-01,E03,4491453.76
2024-10-02,E03,4508301.65
2024-10-03,E03,4418581.86
2024-10-04,E03,4388691.25
2024-10-05,E03,4452738.25
2024-10-06,E03,4479810.54
2024-10-07,E03,4459267.4
2024-10-08,E03,4385492.11
2024-10-09,E03,4423518.0
2024-10-10,E03,4559215.82
2024-10-11,E03,4525735.63
2024-10-12,E03,4481033.94
2024-10-13,E03,4446367.21
2024-10-14,E03,4341890.54
2024-10-15,E03,4271595.52
2024-10-16,E03,4346411.48
2024-10-17,E03,4318277.43
2024-10-18,E03,4308101.29
2024-10-19,E03,4316540.93
2024-10-20,E03,4212174.36
2024-10-21,E03,4199618.48
2024-10-22,E03,4330908.69
2024-10-23,E03,4388912.47
2024-10-24,E03,4347027.29
2024-10-25,E03,4308374.25
2024-10-26,E03,4317642.06
2024-10-27,E03,4317748.77
2024-10-28,E03,4353275.45
2024-10-29,E03,4296251.55
2024-10-30,E03,4217300.85
2024-10-31,E03,4148996.56
2024-11-01,E03,4220882.01
2024-11-02,E03,4158075.31
2024-11-03,E03,4060057.7
2024-11-04,E03,3996151.85
2024-11-05,E03,3933541.67
2024-11-06,E03,4016895.58
2024-11-07,E03,4048775.48
2024-11-08,E03,3992051.59
2024-11-09,E03,3998770.12
2024-11-10,E03,4047404.83
2024-11-11,E03,3979680.69
2024-11-12,E03,3978879.44
2024-11-13,E03,4027814.12
2024-11-14,E03,3959119.02
2024-11-15,E03,3782501.28
2024-11-16,E03,3753194.74
2024-11-17,E03,3748668.82
2024-11-18,E03,3766126.2
2024-11-19,E03,3739545.57
2024-11-20,E03,3654649.3
2024-11-21,E03,3723707.68
2024-11-22,E03,3737416.92
2024-11-23,E03,3740073.34
2024-11-24,E03,3746117.21
2024-11-25,E03,3787507.5
2024-11-26,E03,3711877.93
2024-11-27,E03,3827904.59
2024-11-28,E03,3801964.12
2024-11-29,E03,3760656.7
2024-11-30,E03,3694224.86
2024-12-01,E03,3679360.4
2024-12-02,E03,3643887.26
2024-12-03,E03,3683585.6
2024-12-04,E03,3796245.31
2024-12-05,E03,3789968.16
2024-12-06,E03,3931694.14
2024-12-07,E03,3794234.46
2024-12-08,E03,3781316.89
2024-12-09,E03,3856736.63
2024-12-10,E03,3957047.82
2024-12-11,E03,3935338.09
2024-12-12,E03,3981985.52
2024-12-13,E03,4042186.72
2024-12-14,E03,3961348.35
2024-12-15,E03,3945672.39
2024-12-16,E03,4035199.86
2024-12-17,E03,4064227.06
2024-12-18,E03,4147539.72
2024-12-19,E03,4052602.49
2024-12-20,E03,4135174.36
2024-12-21,E03,4046086.65
2024-12-22,E03,4042043.19
2024-12-23,E03,4033819.16
2024-12-24,E03,3992242.06
2024-12-25,E03,4016461.16
2024-12-26,E03,4050880.38
2024-12-27,E03,4097869.5
2024-12-28,E03,4214724.12
2024-12-29,E03,4171275.18
2024-12-30,E03,4113325.05
2024-12-31,E03,4014016.99
2025-01-01,E03,4053114.13
2025-01-02,E03,4083920.55
2025-01-03,E03,4116964.23
2025-01-04,E03,4008523.94
2025-01-05,E03,4003671.14
2025-01-06,E03,4026550.62
2025-01-07,E03,4101047.28
2025-01-08,E03,4139100.46
2025-01-09,E03,4151155.92
2025-01-10,E03,4164687.32
2025-01-11,E03,4143348.67
2025-01-12,E03,4076319.29
2025-01-13,E03,4037561.67
2025-01-14,E03,3951871.67
2025-01-15,E03,3946898.7
2025-01-16,E03,3924190.91
2025-01-17,E03,3936777.3
2025-01-18,E03,3902407.11
2025-01-19,E03,3893979.66
2025-01-20,E03,3892373.26
2025-01-21,E03,3961634.17
2025-01-22,E03,3857670.2
2025-01-23,E03,3801528.22
2025-01-24,E03,3890554.81
2025-01-25,E03,4027376.46
2025-01-26,E03,3898640.46
2025-01-27,E03,3879950.26
2025-01-28,E03,3802308.95
2025-01-29,E03,3824690.49
2025-01-30,E03,3787434.59
2025-01-31,E03,3817028.42
2025-02-01,E03,3813930.02
2025-02-02,E03,3958797.04
2025-02-03,E03,3863392.44
2025-02-04,E03,3858634.57
2025-02-05,E03,3816190.19
2025-02-06,E03,3778065.98
2025-02-07,E03,3919670.63
2025-02-08,E03,3961140.88
2025-02-09,E03,3980412.88
2025-02-10,E03,3952819.86
2025-02-11,E03,3888902.49
2025-02-12,E03,4022042.51
2025-02-13,E03,4064163.52
2025-02-14,E03,4148294.53
2025-02-15,E03,4148471.86
2025-02-16,E03,4232352.76
2025-02-17,E03,4287315.15
2025-02-18,E03,4214771.52
2025-02-19,E03,4200427.57
2025-02-20,E03,4307443.48
2025-02-21,E03,4386383.43
2025-02-22,E03,4362648.1
2025-02-23,E03,4314371.01
2025-02-24,E03,4435695.55
2025-02-25,E03,4432596.13
2025-02-26,E03,4527552.14
2025-02-27,E03,4600857.37
2025-02-28,E03,4559021.16
2025-03-01,E03,4631312.31
2025-03-02,E03,4673943.93
2025-03-03,E03,4699675.82
2025-03-04,E03,4693879.38
2025-03-05,E03,4733274.84
2025-03-06,E03,4699653.69
2025-03-07,E03,4742440.4
2025-03-08,E03,4698451.41
2025-03-09,E03,4698342.04
2025-03-10,E03,4778220.54
2025-03-11,E03,4801703.52
2025-03-12,E03,4733990.78
2025-03-13,E03,4735573.63
2025-03-14,E03,4758851.59
2025-03-15,E03,4776106.86
2025-03-16,E03,4884664.14
2025-03-17,E03,4827016.54
2025-03-18,E03,4744772.59
2025-03-19,E03,4805586.25
2025-03-20,E03,4724549.28
2025-03-21,E03,4725474.63
2025-03-22,E03,4767221.93
2025-03-23,E03,4770498.26
2025-03-24,E03,4625488.49
2025-03-25,E03,4679618.6
2025-03-26,E03,4541266.06
2025-03-27,E03,4481428.63
2025-03-28,E03,4560940.28
2025-03-29,E03,4525061.2
2025-03-30,E03,4420115.74
2025-03-31,E03,4501381.67
2025-04-01,E03,4500247.92
2025-04-02,E03,4480626.65
2025-04-03,E03,4442541.93
2025-04-04,E03,4561210.63
2025-04-05,E03,4475168.12
2025-04-06,E03,4585001.85
2025-04-07,E03,4564565.69
2025-04-08,E03,4694113.86
2025-04-09,E03,4784216.73
2025-04-10,E03,4873418.42
2025-04-11,E03,4995252.74
2025-04-12,E03,5108592.56
2025-04-13,E03,5093217.52
2025-04-14,E03,5065024.35
2025-04-15,E03,4962960.31
2025-04-16,E03,4963651.61
2025-04-17,E03,4960793.49
2025-04-18,E03,4991685.5
2025-04-19,E03,4990349.64
2025-04-20,E03,5007555.35
2025-04-21,E03,5027425.26
2025-04-22,E03,5043739.28
2025-04-23,E03,5118788.89
2025-04-24,E03,5057269.36
2025-04-25,E03,5056262.99
2025-04-26,E03,5063784.12
2025-04-27,E03,5044318.69
2025-04-28,E03,5015352.67
2025-04-29,E03,4996864.75
2025-04-30,E03,4787957.43
2025-05-01,E03,4739535.36
2025-05-02,E03,4746864.41
2025-05-03,E03,4717719.68
2025-05-04,E03,4850250.87
2025-05-05,E03,4952124.46
2025-05-06,E03,4824768.54
2025-05-07,E03,4912995.78
2025-05-08,E03,4864741.57
2025-05-09,E03,4923832.77
2025-05-10,E03,4922331.66
2025-05-11,E03,4834210.93
2025-05-12,E03,4813605.26
2025-05-13,E03,4914768.59
2025-05-14,E03,4984079.86
2025-05-15,E03,4972595.99
2025-05-16,E03,5025999.79
2025-05-17,E03,5062822.22
2025-05-18,E03,4964699.93
2025-05-19,E03,4956242.67
2025-05-20,E03,4996164.02
2025-05-21,E03,5016125.17
2025-05-22,E03,5048000.19
2025-05-23,E03,5079576.74
2025-05-24,E03,5079979.37
2025-05-25,E03,5041853.06
2025-05-26,E03,5076283.59
2025-05-27,E03,5064191.27
2025-05-28,E03,5162452.51
2025-05-29,E03,5118387.73
2025-05-30,E03,5181603.68
2025-05-31,E03,5072099.32
2025-06-01,E03,5154295.47
2025-06-02,E03,5179407.81
2025-06-03,E03,5121952.15
2025-06-04,E03,5188245.56
2025-06-05,E03,5258594.96
2025-06-06,E03,5334278.34
2025-06-07,E03,5329543.87
2025-06-08,E03,5382652.92
2025-06-09,E03,5374124.88
2025-06-10,E03,5224649.82
2025-06-11,E03,5274044.81
2025-06-12,E03,5284702.19
2025-06-13,E03,5238139.46
2025-06-14,E03,5332323.85
2025-06-15,E03,5429276.42
2025-06-16,E03,5482434.31
2025-06-17,E03,5538362.06
2025-06-18,E03,5423965.5
2025-06-19,E03,5407608.73
2025-06-20,E03,5427246.43
2025-06-21,E03,5422605.86
2025-06-22,E03,5461623.64
2025-06-23,E03,5428222.44
2025-06-24,E03,5472661.96
2025-06-25,E03,5551890.97
2025-06-26,E03,5485076.26
2025-06-27,E03,5610301.18
2025-06-28,E03,5610787.71
2025-06-29,E03,5617525.9
2025-06-30,E03,5693597.52
2025-07-01,E03,5714117.76
2025-07-02,E03,5640941.75
2025-07-03,E03,5602020.61
2025-07-04,E03,5582795.55
2025-07-05,E03,5523304.7
2025-07-06,E03,5514028.15
2025-07-07,E03,5558974.7
2025-07-08,E03,5542770.76
2025-07-09,E03,5563824.95
2025-07-10,E03,5602969.34
2025-07-11,E03,5681066.2
2025-07-12,E03,5720283.6
2025-07-13,E03,5768568.02
2025-07-14,E03,5771601.78
2025-07-15,E03,5774696.16
2025-07-16,E03,5895139.31
2025-07-17,E03,5927600.89
2025-07-18,E03,6020841.31
2025-07-19,E03,6162186.55
2025-07-20,E03,6218549.4
2025-07-21,E03,6246293.77
2025-07-22,E03,6238936.24
2025-07-23,E03,6212050.49
2025-07-24,E03,6190519.19
2025-07-25,E03,6279614.3
2025-07-26,E03,6252275.1
2025-07-27,E03,6184930.5
2025-07-28,E03,6083750.65
2025-07-29,E03,6010184.42
2025-07-30,E03,6040548.53
2025-07-31,E03,5961557.62
2025-08-01,E03,5961632.01
2025-08-02,E03,6012800.22
2025-08-03,E03,6021152.25
2025-08-04,E03,5916619.32
2025-08-05,E03,5879104.93
2025-08-06,E03,5828350.96
2025-08-07,E03,5855836.09
2025-08-08,E03,5895987.09
2025-08-09,E03,5841990.46
2025-08-10,E03,5889237.61
2025-08-11,E03,5825533.09
2025-08-12,E03,5858193.52
2025-08-13,E03,5899714.85
2025-08-14,E03,6032280.59
2025-08-15,E03,6061225.3
2025-08-16,E03,6057432.58
2025-08-17,E03,6003399.94
2025-08-18,E03,5944997.05
2025-08-19,E03,5860301.9
2025-08-20,E03,5837582.74
2025-08-21,E03,5850639.08
2025-08-22,E03,5851606.63
2025-08-23,E03,5814535.35
2025-08-24,E03,5806734.0
2025-08-25,E03,5767790.84
2025-08-26,E03,5774847.02
2025-08-27,E03,5810290.13
2025-08-28,E03,5974068.55
2025-08-29,E03,5895862.93
2025-08-30,E03,5971900.48
2025-08-31,E03,5909805.33
2025-09-01,E03,5845223.67
2025-09-02,E03,5752684.96
2025-09-03,E03,5763053.07
2025-09-04,E03,5879769.29
2025-09-05,E03,5860628.68
2025-09-06,E03,5762154.5
2025-09-07,E03,5640839.54
2025-09-08,E03,5706231.68
2025-09-09,E03,5785057.84
2025-09-10,E03,5755308.2
2025-09-11,E03,6001877.65
2025-09-12,E03,5992524.92
2025-09-13,E03,6002088.95
2025-09-14,E03,6009796.56
2025-09-15,E03,5823886.38
2025-09-16,E03,5879605.05
2025-09-17,E03,5886959.66
2025-09-18,E03,5913649.06
2025-09-19,E03,5949270.23
2025-09-20,E03,6002132.45
2025-09-21,E03,6037752.32
2025-09-22,E03,5984575.14
2025-09-23,E03,6070733.48
2025-09-24,E03,5964211.03
2025-09-25,E03,5988586.91
2025-09-26,E03,5979021.28
2025-09-27,E03,6059739.74
2025-09-28,E03,6087345.65
2025-09-29,E03,6139610.65
2025-09-30,E03,6135934.24
2025-10-01,E03,6148916.65
2025-10-02,E03,6088383.16
2025-10-03,E03,6117099.48
2025-10-04,E03,6060931.83
2025-10-05,E03,6054710.96
2025-10-06,E03,5973535.6
2025-10-07,E03,5971961.33
2025-10-08,E03,5971682.28
2025-10-09,E03,5956961.8
2025-10-10,E03,5956644.84
2025-10-11,E03,5935755.23
2025-10-12,E03,6043556.56
2025-10-13,E03,6023860.4
2025-10-14,E03,6051414.4
2025-10-15,E03,6140772.08
2025-10-16,E03,6135462.52
2025-10-17,E03,6053550.31
2025-10-18,E03,6016083.0
2025-10-19,E03,5870471.16
2025-10-20,E03,5820226.92
2025-10-21,E03,5687072.19
2025-10-22,E03,5583956.72
2025-10-23,E03,5658109.97
2025-10-24,E03,5733185.31
2025-10-25,E03,5611923.77
2025-10-26,E03,5492511.74
2025-10-27,E03,5634590.47
2025-10-28,E03,5657368.07
2025-10-29,E03,5657267.51
2025-10-30,E03,5675677.41
2025-10-31,E03,5692685.94
2025-11-01,E03,5658770.55
2025-11-02,E03,5578669.16
2025-11-03,E03,5564600.27
2025-11-04,E03,5617478.02
2025-11-05,E03,5715257.32
2025-11-06,E03,5772349.02
2025-11-07,E03,5731703.08
2025-11-08,E03,5623921.74
2025-11-09,E03,5652779.58
2025-11-10,E03,5606440.72
2025-11-11,E03,5627138.62
2025-11-12,E03,5640938.72
2025-11-13,E03,5552538.66
2025-11-14,E03,5634997.76
2025-11-15,E03,5531206.43
2025-11-16,E03,5542644.31
2025-11-17,E03,5570696.67
2025-11-18,E03,5478152.4
2025-11-19,E03,5546946.03
2025-11-20,E03,5574852.28
2025-11-21,E03,5695313.97
2025-11-22,E03,5760687.78
2025-11-23,E03,5745136.6
2025-11-24,E03,5738897.56
2025-11-25,E03,5795840.93
2025-11-26,E03,5818963.99
2025-11-27,E03,5927472.1
2025-11-28,E03,5869333.3
2025-11-29,E03,5764638.91
2025-11-30,E03,5706958.82
2025-12-01,E03,5804407.25
2025-12-02,E03,5666579.73
2025-12-03,E03,5651989.8
2025-12-04,E03,5452220.41
2025-12-05,E03,5537902.61
2025-12-06,E03,5662691.44
2025-12-07,E03,5651538.39
2025-12-08,E03,5648057.8
2025-12-09,E03,5554717.65
2025-12-10,E03,5505739.35
2025-12-11,E03,5453977.83
2025-12-12,E03,5439722.26
2025-12-13,E03,5379130.33
2025-12-14,E03,5397760.62
2025-12-15,E03,5464975.35
2025-12-16,E03,5534797.07
2025-12-17,E03,5591180.05
2025-12-18,E03,5562014.76
2025-12-19,E03,5498315.62
2025-12-20,E03,5548779.83
2025-12-21,E03,5553752.77
2025-12-22,E03,5672226.52
2025-12-23,E03,5630736.09
2025-12-24,E03,5607736.08
2025-12-25,E03,5569651.91
2025-12-26,E03,5590043.84
2025-12-27,E03,5577760.0
2025-12-28,E03,5489678.24
2025-12-29,E03,5511254.93
2025-12-30,E03,5557005.63
2025-12-31,E03,5604969.55
2026-01-01,E03,5679493.05
2026-01-02,E03,5658409.58
2026-01-03,E03,5608753.89
2026-01-04,E03,5641983.31
2026-01-05,E03,5637000.52
2026-01-06,E03,5603900.45
2026-01-07,E03,5561095.29
2026-01-08,E03,5576069.42
2026-01-09,E03,5519398.83
2026-01-10,E03,5490781.7
2026-01-11,E03,5372675.68
2026-01-12,E03,5432134.77
2026-01-13,E03,5546063.31
2026-01-14,E03,5536647.11
2026-01-15,E03,5516613.37
2026-01-16,E03,5515266.5
2026-01-17,E03,5602151.3
2026-01-18,E03,5694265.14
2026-01-19,E03,5745347.64
2026-01-20,E03,5771426.1
2026-01-21,E03,5806722.83
2026-01-22,E03,5855657.95
2026-01-23,E03,5977113.62
2026-01-24,E03,5978519.86
2026-01-25,E03,6009450.8
2026-01-26,E03,5987940.69
2026-01-27,E03,5936005.7
2026-01-28,E03,5953898.47
2026-01-29,E03,5983440.63
2026-01-30,E03,6009142.25
2026-01-31,E03,5951462.8
2026-02-01,E03,5897656.49
2026-02-02,E03,5807169.03
2026-02-03,E03,5743254.31
2026-02-04,E03,5639714.54
2026-02-05,E03,5515102.59
2026-02-06,E03,5569046.0
2026-02-07,E03,5513152.21
2026-02-08,E03,5581245.72
2026-02-09,E03,5574989.2
2026-02-10,E03,5567736.63
2026-02-11,E03,5599663.99
2026-02-12,E03,5569885.58
2026-02-13,E03,5561171.9
2026-02-14,E03,5687048.0
2026-02-15,E03,5680855.74
2026-02-16,E03,5740990.53
2026-02-17,E03,5753395.42
2026-02-18,E03,5786904.29
2026-02-19,E03,5739708.17
2026-02-20,E03,5694425.9
2026-02-21,E03,5640692.72
2026-02-22,E03,5594591.87
2026-02-23,E03,5664520.94
2026-02-24,E03,5603193.81
2026-02-25,E03,5600194.21
2026-02-26,E03,5556022.27
2026-02-27,E03,5628033.83
2026-02-28,E03,5521346.18
2026-03-01,E03,5615821.76
2026-03-02,E03,5652579.05
2026-03-03,E03,5662499.72
2026-03-04,E03,5697231.44
2026-03-05,E03,5745261.19
2026-03-06,E03,5710417.57
2026-03-07,E03,5624973.6
2026-03-08,E03,5601947.61
2026-03-09,E03,5609390.68
2026-03-10,E03,5739346.32
2026-03-11,E03,5742523.46
2026-03-12,E03,5730261.62
2026-03-13,E03,5580706.44
2026-03-14,E03,5579632.72
2026-03-15,E03,5613254.86
2026-03-16,E03,5577085.4
2026-03-17,E03,5611599.27
2026-03-18,E03,5612461.37
2026-03-19,E03,5563271.71
2026-03-20,E03,5608652.09
2026-03-21,E03,5454180.12
2026-03-22,E03,5430947.78
2026-03-23,E03,5472566.76
2026-03-24,E03,5388763.72
2026-03-25,E03,5376322.67
2026-03-26,E03,5340475.24
2026-03-27,E03,5302250.47
2026-03-28,E03,5345987.28
2026-03-29,E03,5316804.94
2026-03-30,E03,5188105.9
2026-03-31,E03,5184879.6
2026-04-01,E03,5218668.23
2026-04-02,E03,5224287.26
2026-04-03,E03,5174091.71
2026-04-04,E03,5231854.1
2026-04-05,E03,5298549.22
2026-04-06,E03,5263623.34
2026-04-07,E03,5408122.1
2026-04-08,E03,5411548.15
2026-04-09,E03,5418198.94
2026-04-10,E03,5402942.16
2026-04-11,E03,5492844.21
2026-04-12,E03,5514859.77
2026-04-13,E03,5524648.9
2026-04-14,E03,5420816.14
2026-04-15,E03,5436975.53
2026-04-16,E03,5522485.62
2026-04-17,E03,5349535.81
2026-04-18,E03,5414164.07
2026-04-19,E03,5354096.73
2026-04-20,E03,5367045.22
2026-04-21,E03,5390613.67
2026-04-22,E03,5461884.24
2026-04-23,E03,5484462.05
2026-04-24,E03,5607716.27
2026-04-25,E03,5591689.56
2026-04-26,E03,5632697.14
2026-04-27,E03,5601755.7
2026-04-28,E03,5582770.97
2026-04-29,E03,5574237.59
2026-04-30,E03,5597190.79
2026-05-01,E03,5638488.97
2026-05-02,E03,5603984.17
2026-05-03,E03,5719842.43
2026-05-04,E03,5783771.99
2026-05-05,E03,5868175.45
2026-05-06,E03,5883111.92
2026-05-07,E03,5878438.46
2026-05-08,E03,5779578.41
2026-05-09,E03,5816419.84
2026-05-10,E03,5971092.92
2026-05-11,E03,5888692.42
2026-05-12,E03,5991644.69
2026-05-13,E03,6007147.38
2026-05-14,E03,5975853.72
2026-05-15,E03,6058486.7
2026-05-16,E03,6047577.6
2026-05-17,E03,6031440.75
2026-05-18,E03,6110981.45
2026-05-19,E03,6156782.14
2026-05-20,E03,6117506.99
2026-05-21,E03,6194902.14
2026-05-22,E03,6123733.74
2026-05-23,E03,6139006.54
2026-05-24,E03,6185574.79
2026-05-25,E03,6140691.48
2026-05-26,E03,6063499.9
2026-05-27,E03,5969700.47
2026-05-28,E03,6001360.99
2026-05-29,E03,5975765.62
2026-05-30,E03,5926113.59
2026-05-31,E03,5868683.24
2026-06-01,E03,5807116.43
2026-06-02,E03,5846064.04
2026-06-03,E03,5843733.19
2026-06-04,E03,5879628.1
2026-06-05,E03,5857947.53
2026-06-06,E03,5921680.35
2026-06-07,E03,5880570.66
2026-06-08,E03,5965080.86
2026-06-09,E03,5956807.03
2026-06-10,E03,5998067.66
2026-06-11,E03,5932867.58
2026-06-12,E03,5883653.75
2026-06-13,E03,5955456.91
2026-06-14,E03,5964574.9
2026-06-15,E03,5902053.07
2026-06-16,E03,5881218.86
2026-06-17,E03,5924663.81
2026-06-18,E03,6061493.43
2026-06-19,E03,6096545.0
2026-06-20,E03,6025176.25
2026-06-21,E03,6037598.51
2026-06-22,E03,6079858.4
2026-06-23,E03,6083065.52
2026-06-24,E03,6116368.49
2026-06-25,E03,5996835.55
2026-06-26,E03,6102064.04
2026-06-27,E03,6016193.35
2026-06-28,E03,6036040.37
2026-06-29,E03,6060622.02
2026-06-30,E03,6080042.54
2026-07-01,E03,6203653.11
2026-07-02,E03,6166776.69
2026-07-03,E03,6159392.39
2026-07-04,E03,6134787.15
2026-07-05,E03,6206713.84
2026-07-06,E03,6170401.21
2026-07-07,E03,6242996.01
2026-07-08,E03,6183137.73
2026-07-09,E03,6205057.13
2026-07-10,E03,6227744.34
2026-07-11,E03,6189528.25
2026-07-12,E03,6133090.4
2026-07-13,E03,6248856.84
2026-07-14,E03,6323090.68
2026-07-15,E03,6391803.64
2026-07-16,E03,6456516.34
2026-07-17,E03,6381478.76
2026-07-18,E03,6396924.42
2026-07-19,E03,6501196.18
2026-07-20,E03,6380635.85
2026-07-21,E03,6388210.43
2026-07-22,E03,6163789.6
2026-07-23,E03,6223554.33
2026-07-24,E03,6205815.65
2026-07-25,E03,6132437.1
2026-07-26,E03,6129951.13
2026-07-27,E03,6115908.6
2026-07-28,E03,6186784.02
2026-07-29,E03,6273107.62
2026-07-30,E03,6223694.0
2026-07-31,E03,6233876.14
2026-08-01,E03,6215606.72
2026-08-02,E03,6179422.25
2026-08-03,E03,6184694.67
2026-08-04,E03,6207856.96
2026-08-05,E03,6096238.48
2026-08-06,E03,6068736.26
2026-08-07,E03,6123176.68
2026-08-08,E03,6161148.18
2026-08-09,E03,6231434.27
2026-08-10,E03,6223593.67
2026-08-11,E03,6236984.35
2026-08-12,E03,6233237.06
2026-08-13,E03,6377828.79
2026-08-14,E03,6392615.51
2026-08-15,E03,6304876.18
2026-08-16,E03,6354818.43
2026-08-17,E03,6453693.9
2026-08-18,E03,6391060.68
2026-08-19,E03,6333793.65
2026-08-20,E03,6387283.52
2026-08-21,E03,6425782.04
2026-08-22,E03,6387871.51
2026-08-23,E03,6346817.83
2026-08-24,E03,6428208.94
2026-08-25,E03,6276417.47
2026-08-26,E03,6178718.27
2026-08-27,E03,6175465.87
2026-08-28,E03,6226257.71
2026-08-29,E03,6231401.39
2026-08-30,E03,6224253.77
2026-08-31,E03,6223981.48
2022-01-01,E04,2083951.87
2022-01-02,E04,2007962.11
2022-01-03,E04,2176939.51
2022-01-04,E04,2254250.09
2022-01-05,E04,2244349.56
2022-01-06,E04,2279131.8
2022-01-07,E04,2266316.82
2022-01-08,E04,2265886.96
2022-01-09,E04,2261316.64
2022-01-10,E04,2193452.82
2022-01-11,E04,2176318.57
2022-01-12,E04,2181269.81
2022-01-13,E04,2191189.83
2022-01-14,E04,2269574.77
2022-01-15,E04,2320190.29
2022-01-16,E04,2329725.04
2022-01-17,E04,2348918.51
2022-01-18,E04,2411989.7
2022-01-19,E04,2312281.44
2022-01-20,E04,2327569.45
2022-01-21,E04,2301800.6
2022-01-22,E04,2251554.52
2022-01-23,E04,2255993.09
2022-01-24,E04,2286642.64
2022-01-25,E04,2259695.38
2022-01-26,E04,2221462.91
2022-01-27,E04,2242683.56
2022-01-28,E04,2207559.04
2022-01-29,E04,2208341.06
2022-01-30,E04,2148734.01
2022-01-31,E04,2144441.4
2022-02-01,E04,2220628.05
2022-02-02,E04,2245402.99
2022-02-03,E04,2217671.26
2022-02-04,E04,2169085.97
2022-02-05,E04,2122666.22
2022-02-06,E04,2210550.69
2022-02-07,E04,2218028.9
2022-02-08,E04,2243922.43
2022-02-09,E04,2201171.77
2022-02-10,E04,2139439.56
2022-02-11,E04,2265887.93
2022-02-12,E04,2345514.76
2022-02-13,E04,2361616.34
2022-02-14,E04,2272218.16
2022-02-15,E04,2240657.66
2022-02-16,E04,2353430.63
2022-02-17,E04,2395504.2
2022-02-18,E04,2449113.38
2022-02-19,E04,2363462.5
2022-02-20,E04,2342679.78
2022-02-21,E04,2297477.83
2022-02-22,E04,2287990.78
2022-02-23,E04,2321604.32
2022-02-24,E04,2192286.97
2022-02-25,E04,2289842.49
2022-02-26,E04,2300296.09
2022-02-27,E04,2152371.62
2022-02-28,E04,2180340.03
2022-03-01,E04,2093872.54
2022-03-02,E04,2069499.28
2022-03-03,E04,2039953.15
2022-03-04,E04,2013637.82
2022-03-05,E04,2051908.69
2022-03-06,E04,1998161.87
2022-03-07,E04,1996464.92
2022-03-08,E04,2072283.78
2022-03-09,E04,2089194.63
2022-03-10,E04,2089585.14
2022-03-11,E04,2156683.55
2022-03-12,E04,2214415.7
2022-03-13,E04,2223456.05
2022-03-14,E04,2155569.45
2022-03-15,E04,2181808.26
2022-03-16,E04,2179016.22
2022-03-17,E04,2044098.03
2022-03-18,E04,2082901.39
2022-03-19,E04,2019908.53
2022-03-20,E04,2017862.39
2022-03-21,E04,1983338.78
2022-03-22,E04,1977964.25
2022-03-23,E04,2019929.7
2022-03-24,E04,1980085.81
2022-03-25,E04,1912771.78
2022-03-26,E04,1909852.54
2022-03-27,E04,1923802.02
2022-03-28,E04,1867884.1
2022-03-29,E04,1910660.35
2022-03-30,E04,1869140.16
2022-03-31,E04,1888784.86
2022-04-01,E04,1809727.81
2022-04-02,E04,1764145.65
2022-04-03,E04,1723142.68
2022-04-04,E04,1626407.55
2022-04-05,E04,1704383.19
2022-04-06,E04,1666187.85
2022-04-07,E04,1696119.98
2022-04-08,E04,1658826.98
2022-04-09,E04,1630661.99
2022-04-10,E04,1524674.31
2022-04-11,E04,1442899.21
2022-04-12,E04,1449906.27
2022-04-13,E04,1487646.4
2022-04-14,E04,1544844.66
2022-04-15,E04,1634287.25
2022-04-16,E04,1691441.12
2022-04-17,E04,1724781.7
2022-04-18,E04,1635305.9
2022-04-19,E04,1689524.26
2022-04-20,E04,1638740.52
2022-04-21,E04,1579877.67
2022-04-22,E04,1555543.77
2022-04-23,E04,1634651.28
2022-04-24,E04,1699660.55
2022-04-25,E04,1639130.48
2022-04-26,E04,1685960.33
2022-04-27,E04,1711094.51
2022-04-28,E04,1659264.34
2022-04-29,E04,1642536.08
2022-04-30,E04,1670631.97
2022-05-01,E04,1771224.24
2022-05-02,E04,1734244.48
2022-05-03,E04,1732323.11
2022-05-04,E04,1563531.06
2022-05-05,E04,1499500.68
2022-05-06,E04,1451409.46
2022-05-07,E04,1404739.99
2022-05-08,E04,1502070.79
2022-05-09,E04,1521012.86
2022-05-10,E04,1421507.68
2022-05-11,E04,1378504.34
2022-05-12,E04,1361802.74
2022-05-13,E04,1184880.97
2022-05-14,E04,1233891.72
2022-05-15,E04,1203201.76
2022-05-16,E04,1167772.73
2022-05-17,E04,1186473.54
2022-05-18,E04,1180569.81
2022-05-19,E04,1155550.95
2022-05-20,E04,1079876.62
2022-05-21,E04,1064771.04
2022-05-22,E04,1082079.99
2022-05-23,E04,830967.92
2022-05-24,E04,721432.27
2022-05-25,E04,697598.42
2022-05-26,E04,698694.1
2022-05-27,E04,658121.28
2022-05-28,E04,619540.24
2022-05-29,E04,605493.12
2022-05-30,E04,587500.28
2022-05-31,E04,593869.95
2022-06-01,E04,516545.32
2022-06-02,E04,570442.81
2022-06-03,E04,531845.3
2022-06-04,E04,566318.58
2022-06-05,E04,524606.41
2022-06-06,E04,535288.14
2022-06-07,E04,490402.83
2022-06-08,E04,534927.9
2022-06-09,E04,499374.39
2022-06-10,E04,481413.07
2022-06-11,E04,558128.35
2022-06-12,E04,581474.88
2022-06-13,E04,438833.69
2022-06-14,E04,471814.22
2022-06-15,E04,638990.57
2022-06-16,E04,620768.12
2022-06-17,E04,664067.07
2022-06-18,E04,663911.21
2022-06-19,E04,691974.22
2022-06-20,E04,820685.08
2022-06-21,E04,856757.2
2022-06-22,E04,824911.74
2022-06-23,E04,823456.07
2022-06-24,E04,784539.97
2022-06-25,E04,788922.03
2022-06-26,E04,705790.49
2022-06-27,E04,651735.54
2022-06-28,E04,664665.09
2022-06-29,E04,646336.81
2022-06-30,E04,673175.05
2022-07-01,E04,683930.25
2022-07-02,E04,738490.14
2022-07-03,E04,782428.37
2022-07-04,E04,799038.97
2022-07-05,E04,828675.57
2022-07-06,E04,867671.17
2022-07-07,E04,806792.96
2022-07-08,E04,830510.28
2022-07-09,E04,818440.23
2022-07-10,E04,919623.85
2022-07-11,E04,960013.8
2022-07-12,E04,1018279.04
2022-07-13,E04,1108227.74
2022-07-14,E04,1196454.24
2022-07-15,E04,1250007.17
2022-07-16,E04,1228683.13
2022-07-17,E04,1208302.67
2022-07-18,E04,1207198.72
2022-07-19,E04,1226026.7
2022-07-20,E04,1228664.78
2022-07-21,E04,1255394.29
2022-07-22,E04,1329577.11
2022-07-23,E04,1305907.46
2022-07-24,E04,1259543.44
2022-07-25,E04,1189204.83
2022-07-26,E04,1111510.92
2022-07-27,E04,1222552.43
2022-07-28,E04,1197740.07
2022-07-29,E04,1276021.17
2022-07-30,E04,1276348.7
2022-07-31,E04,1354271.36
2022-08-01,E04,1407020.21
2022-08-02,E04,1430886.09
2022-08-03,E04,1373024.2
2022-08-04,E04,1339883.42
2022-08-05,E04,1345597.24
2022-08-06,E04,1424151.69
2022-08-07,E04,1407115.62
2022-08-08,E04,1326826.75
2022-08-09,E04,1381783.1
2022-08-10,E04,1350106.92
2022-08-11,E04,1499068.58
2022-08-12,E04,1614222.95
2022-08-13,E04,1534571.39
2022-08-14,E04,1594371.15
2022-08-15,E04,1616903.91
2022-08-16,E04,1588988.42
2022-08-17,E04,1586209.82
2022-08-18,E04,1663350.51
2022-08-19,E04,1740833.38
2022-08-20,E04,1773373.17
2022-08-21,E04,1676728.89
2022-08-22,E04,1582883.46
2022-08-23,E04,1610112.05
2022-08-24,E04,1592536.29
2022-08-25,E04,1677051.98
2022-08-26,E04,1602986.46
2022-08-27,E04,1517117.06
2022-08-28,E04,1515672.91
2022-08-29,E04,1476033.98
2022-08-30,E04,1426760.56
2022-08-31,E04,1392137.13
2022-09-01,E04,1427061.53
2022-09-02,E04,1482854.62
2022-09-03,E04,1536980.13
2022-09-04,E04,1532596.14
2022-09-05,E04,1580613.07
2022-09-06,E04,1536459.13
2022-09-07,E04,1682934.82
2022-09-08,E04,1635208.99
2022-09-09,E04,1669366.1
2022-09-10,E04,1746527.85
2022-09-11,E04,1657944.64
2022-09-12,E04,1710751.18
2022-09-13,E04,1810142.02
2022-09-14,E04,1726392.91
2022-09-15,E04,1744072.45
2022-09-16,E04,1743112.4
2022-09-17,E04,1744574.02
2022-09-18,E04,1791426.82
2022-09-19,E04,1783218.94
2022-09-20,E04,1771749.95
2022-09-21,E04,1929260.75
2022-09-22,E04,1892117.84
2022-09-23,E04,1811270.23
2022-09-24,E04,1756503.43
2022-09-25,E04,1590288.81
2022-09-26,E04,1564927.91
2022-09-27,E04,1508638.25
2022-09-28,E04,1477948.36
2022-09-29,E04,1495839.37
2022-09-30,E04,1444096.94
2022-10-01,E04,1401117.07
2022-10-02,E04,1312816.95
2022-10-03,E04,1438085.52
2022-10-04,E04,1324288.55
2022-10-05,E04,1300749.51
2022-10-06,E04,1280487.7
2022-10-07,E04,1206585.4
2022-10-08,E04,1219543.12
2022-10-09,E04,1347089.6
2022-10-10,E04,1354616.85
2022-10-11,E04,1395396.9
2022-10-12,E04,1503117.68
2022-10-13,E04,1525087.72
2022-10-14,E04,1560800.44
2022-10-15,E04,1608211.14
2022-10-16,E04,1591379.06
2022-10-17,E04,1573378.27
2022-10-18,E04,1515257.62
2022-10-19,E04,1455312.47
2022-10-20,E04,1518831.29
2022-10-21,E04,1590253.03
2022-10-22,E04,1473329.64
2022-10-23,E04,1533960.3
2022-10-24,E04,1478575.66
2022-10-25,E04,1409984.43
2022-10-26,E04,1348911.47
2022-10-27,E04,1284163.74
2022-10-28,E04,1247697.3
2022-10-29,E04,1262193.68
2022-10-30,E04,1353276.53
2022-10-31,E04,1360291.43
2022-11-01,E04,1397309.03
2022-11-02,E04,1352592.06
2022-11-03,E04,1386746.96
2022-11-04,E04,1417318.46
2022-11-05,E04,1352574.94
2022-11-06,E04,1304500.07
2022-11-07,E04,1333796.93
2022-11-08,E04,1369903.98
2022-11-09,E04,1352846.88
2022-11-10,E04,1334861.6
2022-11-11,E04,1365166.48
2022-11-12,E04,1354162.19
2022-11-13,E04,1340589.64
2022-11-14,E04,1323108.28
2022-11-15,E04,1265809.32
2022-11-16,E04,1299696.67
2022-11-17,E04,1335097.8
2022-11-18,E04,1341130.47
2022-11-19,E04,1382888.93
2022-11-20,E04,1354121.6
2022-11-21,E04,1413559.41
2022-11-22,E04,1415033.24
2022-11-23,E04,1452327.5
2022-11-24,E04,1436562.72
2022-11-25,E04,1357472.96
2022-11-26,E04,1339783.61
2022-11-27,E04,1361988.53
2022-11-28,E04,1336465.3
2022-11-29,E04,1417462.65
2022-11-30,E04,1447146.43
2022-12-01,E04,1421674.3
2022-12-02,E04,1425804.01
2022-12-03,E04,1457557.42
2022-12-04,E04,1463590.25
2022-12-05,E04,1464516.72
2022-12-06,E04,1438397.85
2022-12-07,E04,1444306.14
2022-12-08,E04,1323370.94
2022-12-09,E04,1364298.04
2022-12-10,E04,1299622.44
2022-12-11,E04,1209427.59
2022-12-12,E04,1236365.31
2022-12-13,E04,1246998.81
2022-12-14,E04,1279529.25
2022-12-15,E04,1261745.95
2022-12-16,E04,1177618.95
2022-12-17,E04,1232437.23
2022-12-18,E04,1166183.72
2022-12-19,E04,1192607.35
2022-12-20,E04,1236712.88
2022-12-21,E04,1219649.86
2022-12-22,E04,1213985.88
2022-12-23,E04,1187700.88
2022-12-24,E04,1210699.97
2022-12-25,E04,1265411.26
2022-12-26,E04,1249449.71
2022-12-27,E04,1306971.28
2022-12-28,E04,1290510.75
2022-12-29,E04,1424119.43
2022-12-30,E04,1373557.44
2022-12-31,E04,1326184.68
2023-01-01,E04,1294257.12
2023-01-02,E04,1366209.42
2023-01-03,E04,1382236.0
2023-01-04,E04,1555360.88
2023-01-05,E04,1619547.5
2023-01-06,E04,1575358.1
2023-01-07,E04,1648692.47
2023-01-08,E04,1552796.51
2023-01-09,E04,1490386.97
2023-01-10,E04,1429109.42
2023-01-11,E04,1440049.98
2023-01-12,E04,1354504.81
2023-01-13,E04,1343964.08
2023-01-14,E04,1313741.39
2023-01-15,E04,1264747.47
2023-01-16,E04,1175173.58
2023-01-17,E04,1114068.56
2023-01-18,E04,1033135.43
2023-01-19,E04,958186.44
2023-01-20,E04,1019778.53
2023-01-21,E04,1024111.31
2023-01-22,E04,1075488.69
2023-01-23,E04,957704.16
2023-01-24,E04,946241.52
2023-01-25,E04,1070127.4
2023-01-26,E04,994767.79
2023-01-27,E04,911031.28
2023-01-28,E04,924491.67
2023-01-29,E04,949887.11
2023-01-30,E04,1079193.16
2023-01-31,E04,1068660.5
2023-02-01,E04,1046923.52
2023-02-02,E04,1032178.93
2023-02-03,E04,1002846.79
2023-02-04,E04,1039280.09
2023-02-05,E04,1019425.07
2023-02-06,E04,1017426.98
2023-02-07,E04,969029.65
2023-02-08,E04,973546.41
2023-02-09,E04,900676.78
2023-02-10,E04,903676.72
2023-02-11,E04,901636.3
2023-02-12,E04,963878.73
2023-02-13,E04,1081313.31
2023-02-14,E04,1128843.09
2023-02-15,E04,1208134.74
2023-02-16,E04,1108890.16
2023-02-17,E04,1037716.49
2023-02-18,E04,930345.94
2023-02-19,E04,990597.99
2023-02-20,E04,980242.73
2023-02-21,E04,1037281.42
2023-02-22,E04,1016074.71
2023-02-23,E04,1096731.89
2023-02-24,E04,1009085.8
2023-02-25,E04,922217.49
2023-02-26,E04,999797.75
2023-02-27,E04,940813.01
2023-02-28,E04,952598.62
2023-03-01,E04,1050671.8
2023-03-02,E04,939273.49
2023-03-03,E04,817744.46
2023-03-04,E04,922021.57
2023-03-05,E04,878439.48
2023-03-06,E04,1144234.75
2023-03-07,E04,1084353.29
2023-03-08,E04,1096076.47
2023-03-09,E04,1093895.91
2023-03-10,E04,1143254.67
2023-03-11,E04,1140917.41
2023-03-12,E04,1064087.51
2023-03-13,E04,1066932.99
2023-03-14,E04,1022837.56
2023-03-15,E04,1088588.07
2023-03-16,E04,1059475.63
2023-03-17,E04,1068754.96
2023-03-18,E04,1131615.54
2023-03-19,E04,1247223.21
2023-03-20,E04,1177195.52
2023-03-21,E04,1291338.21
2023-03-22,E04,1295216.59
2023-03-23,E04,1246918.82
2023-03-24,E04,1158232.21
2023-03-25,E04,1091609.73
2023-03-26,E04,1079614.1
2023-03-27,E04,1038376.64
2023-03-28,E04,1094605.69
2023-03-29,E04,1078679.06
2023-03-30,E04,1082547.69
2023-03-31,E04,934674.63
2023-04-01,E04,956931.6
2023-04-02,E04,857521.25
2023-04-03,E04,890144.75
2023-04-04,E04,903430.0
2023-04-05,E04,869479.8
2023-04-06,E04,722756.48
2023-04-07,E04,747386.93
2023-04-08,E04,739105.89
2023-04-09,E04,823357.24
2023-04-10,E04,873543.78
2023-04-11,E04,871190.34
2023-04-12,E04,808731.81
2023-04-13,E04,823210.41
2023-04-14,E04,765491.16
2023-04-15,E04,674486.66
2023-04-16,E04,815441.28
2023-04-17,E04,872258.11
2023-04-18,E04,887579.22
2023-04-19,E04,873046.0
2023-04-20,E04,861577.8
2023-04-21,E04,881417.16
2023-04-22,E04,907820.62
2023-04-23,E04,883215.0
2023-04-24,E04,937509.56
2023-04-25,E04,974676.34
2023-04-26,E04,990462.89
2023-04-27,E04,1084728.88
2023-04-28,E04,1125015.54
2023-04-29,E04,1297889.06
2023-04-30,E04,1274824.78
2023-05-01,E04,1179469.98
2023-05-02,E04,1181146.62
2023-05-03,E04,1191367.91
2023-05-04,E04,1169783.72
2023-05-05,E04,1194295.98
2023-05-06,E04,1155877.83
2023-05-07,E04,1252787.74
2023-05-08,E04,1363790.86
2023-05-09,E04,1276075.7
2023-05-10,E04,1381293.89
2023-05-11,E04,1279063.09
2023-05-12,E04,1196631.58
2023-05-13,E04,1257464.07
2023-05-14,E04,1290073.81
2023-05-15,E04,1157428.02
2023-05-16,E04,1118227.11
2023-05-17,E04,1000683.04
2023-05-18,E04,863216.34
2023-05-19,E04,794644.16
2023-05-20,E04,906051.45
2023-05-21,E04,917432.28
2023-05-22,E04,819981.23
2023-05-23,E04,760398.26
2023-05-24,E04,795050.39
2023-05-25,E04,732244.44
2023-05-26,E04,865231.52
2023-05-27,E04,921335.73
2023-05-28,E04,945676.95
2023-05-29,E04,906050.32
2023-05-30,E04,1046625.73
2023-05-31,E04,1143242.78
2023-06-01,E04,1057341.58
2023-06-02,E04,1033061.95
2023-06-03,E04,1031119.86
2023-06-04,E04,1036839.14
2023-06-05,E04,1036950.52
2023-06-06,E04,990832.32
2023-06-07,E04,1069240.17
2023-06-08,E04,1082698.15
2023-06-09,E04,983848.94
2023-06-10,E04,928328.72
2023-06-11,E04,897901.78
2023-06-12,E04,944657.16
2023-06-13,E04,975053.07
2023-06-14,E04,1045361.45
2023-06-15,E04,1032293.73
2023-06-16,E04,1087182.72
2023-06-17,E04,972407.42
2023-06-18,E04,1040868.34
2023-06-19,E04,1094314.86
2023-06-20,E04,1080976.02
2023-06-21,E04,1085168.79
2023-06-22,E04,1181041.32
2023-06-23,E04,1178187.23
2023-06-24,E04,1153375.88
2023-06-25,E04,1098056.44
2023-06-26,E04,1127616.89
2023-06-27,E04,1154159.28
2023-06-28,E04,1088584.8
2023-06-29,E04,1124735.58
2023-06-30,E04,995888.07
2023-07-01,E04,1049185.99
2023-07-02,E04,1172359.83
2023-07-03,E04,1081421.48
2023-07-04,E04,1172115.96
2023-07-05,E04,1112207.43
2023-07-06,E04,1200533.77
2023-07-07,E04,1229119.46
2023-07-08,E04,1239094.99
2023-07-09,E04,1271254.73
2023-07-10,E04,1283088.58
2023-07-11,E04,1407535.56
2023-07-12,E04,1418522.35
2023-07-13,E04,1445447.12
2023-07-14,E04,1462831.72
2023-07-15,E04,1562910.15
2023-07-16,E04,1557801.2
2023-07-17,E04,1732619.82
2023-07-18,E04,1695536.21
2023-07-19,E04,1626880.3
2023-07-20,E04,1636174.08
2023-07-21,E04,1658811.19
2023-07-22,E04,1706559.02
2023-07-23,E04,1754373.58
2023-07-24,E04,1678027.37
2023-07-25,E04,1641713.16
2023-07-26,E04,1655695.37
2023-07-27,E04,1631926.49
2023-07-28,E04,1658770.8
2023-07-29,E04,1584293.23
2023-07-30,E04,1557137.76
2023-07-31,E04,1577907.32
2023-08-01,E04,1519283.54
2023-08-02,E04,1657891.78
2023-08-03,E04,1661947.37
2023-08-04,E04,1631937.17
2023-08-05,E04,1550155.57
2023-08-06,E04,1512244.99
2023-08-07,E04,1446907.09
2023-08-08,E04,1371659.13
2023-08-09,E04,1391018.33
2023-08-10,E04,1397315.06
2023-08-11,E04,1418334.16
2023-08-12,E04,1404155.88
2023-08-13,E04,1386770.84
2023-08-14,E04,1305279.41
2023-08-15,E04,1310480.23
2023-08-16,E04,1383649.69
2023-08-17,E04,1353080.84
2023-08-18,E04,1422338.0
2023-08-19,E04,1338991.89
2023-08-20,E04,1289728.38
2023-08-21,E04,1353503.17
2023-08-22,E04,1277982.4
2023-08-23,E04,1179573.53
2023-08-24,E04,1171292.59
2023-08-25,E04,1257995.18
2023-08-26,E04,1361721.22
2023-08-27,E04,1300696.61
2023-08-28,E04,1318154.01
2023-08-29,E04,1315376.65
2023-08-30,E04,1426382.08
2023-08-31,E04,1342746.51
2023-09-01,E04,1245554.1
2023-09-02,E04,1208461.45
2023-09-03,E04,1177307.99
2023-09-04,E04,1299522.98
2023-09-05,E04,1240796.88
2023-09-06,E04,1231761.38
2023-09-07,E04,1241134.14
2023-09-08,E04,1174034.14
2023-09-09,E04,1225930.78
2023-09-10,E04,1236072.48
2023-09-11,E04,1210281.53
2023-09-12,E04,1277858.16
2023-09-13,E04,1329916.32
2023-09-14,E04,1341867.17
2023-09-15,E04,1322083.19
2023-09-16,E04,1366840.62
2023-09-17,E04,1417872.53
2023-09-18,E04,1432266.36
2023-09-19,E04,1463440.55
2023-09-20,E04,1352689.45
2023-09-21,E04,1306316.23
2023-09-22,E04,1377732.6
2023-09-23,E04,1326499.15
2023-09-24,E04,1418825.07
2023-09-25,E04,1406275.81
2023-09-26,E04,1429173.47
2023-09-27,E04,1517369.14
2023-09-28,E04,1584190.05
2023-09-29,E04,1662389.37
2023-09-30,E04,1754870.43
2023-10-01,E04,1829469.82
2023-10-02,E04,1763700.88
2023-10-03,E04,1861965.71
2023-10-04,E04,1856280.61
2023-10-05,E04,1936611.59
2023-10-06,E04,1941747.38
2023-10-07,E04,1957891.73
2023-10-08,E04,1945264.56
2023-10-09,E04,1900139.14
2023-10-10,E04,1812802.74
2023-10-11,E04,1863154.29
2023-10-12,E04,1921139.8
2023-10-13,E04,1902611.27
2023-10-14,E04,1762924.29
2023-10-15,E04,1782621.87
2023-10-16,E04,1723769.15
2023-10-17,E04,1881850.12
2023-10-18,E04,1789164.29
2023-10-19,E04,1884345.22
2023-10-20,E04,1942462.3
2023-10-21,E04,1823465.98
2023-10-22,E04,1828491.63
2023-10-23,E04,1849508.25
2023-10-24,E04,1840205.51
2023-10-25,E04,1755282.18
2023-10-26,E04,1678055.31
2023-10-27,E04,1778354.09
2023-10-28,E04,1818415.53
2023-10-29,E04,1774176.11
2023-10-30,E04,1841055.14
2023-10-31,E04,1862619.29
2023-11-01,E04,1844544.58
2023-11-02,E04,1848361.55
2023-11-03,E04,1973537.96
2023-11-04,E04,2048326.99
2023-11-05,E04,2085602.48
2023-11-06,E04,2043867.91
2023-11-07,E04,2033057.05
2023-11-08,E04,1963404.41
2023-11-09,E04,1963449.68
2023-11-10,E04,1954880.04
2023-11-11,E04,2118025.01
2023-11-12,E04,2160443.42
2023-11-13,E04,2141544.49
2023-11-14,E04,2237083.13
2023-11-15,E04,2237662.84
2023-11-16,E04,2258888.83
2023-11-17,E04,2273795.98
2023-11-18,E04,2269758.71
2023-11-19,E04,2231777.43
2023-11-20,E04,2268088.4
2023-11-21,E04,2281094.4
2023-11-22,E04,2255922.91
2023-11-23,E04,2172083.68
2023-11-24,E04,2131822.6
2023-11-25,E04,2082667.73
2023-11-26,E04,2081025.34
2023-11-27,E04,2183364.07
2023-11-28,E04,2122540.5
2023-11-29,E04,2099768.89
2023-11-30,E04,2123446.08
2023-12-01,E04,2144553.55
2023-12-02,E04,2008061.88
2023-12-03,E04,2036856.26
2023-12-04,E04,2132149.43
2023-12-05,E04,2273711.17
2023-12-06,E04,2415284.9
2023-12-07,E04,2377876.42
2023-12-08,E04,2372112.06
2023-12-09,E04,2413602.96
2023-12-10,E04,2315564.15
2023-12-11,E04,2371953.25
2023-12-12,E04,2306560.97
2023-12-13,E04,2302751.01
2023-12-14,E04,2243514.16
2023-12-15,E04,2227342.41
2023-12-16,E04,2264762.48
2023-12-17,E04,2300724.4
2023-12-18,E04,2266926.05
2023-12-19,E04,2285740.61
2023-12-20,E04,2337163.6
2023-12-21,E04,2528408.36
2023-12-22,E04,2483523.47
2023-12-23,E04,2576230.68
2023-12-24,E04,2494380.99
2023-12-25,E04,2506481.1
2023-12-26,E04,2515818.83
2023-12-27,E04,2443546.3
2023-12-28,E04,2373794.38
2023-12-29,E04,2345073.56
2023-12-30,E04,2312647.36
2023-12-31,E04,2295918.37
2024-01-01,E04,2241131.41
2024-01-02,E04,2215317.79
2024-01-03,E04,2196789.51
2024-01-04,E04,2200880.45
2024-01-05,E04,2106140.63
2024-01-06,E04,2084117.77
2024-01-07,E04,1999321.28
2024-01-08,E04,2062025.27
2024-01-09,E04,2017722.31
2024-01-10,E04,1984851.52
2024-01-11,E04,2017998.22
2024-01-12,E04,1999483.59
2024-01-13,E04,2015522.39
2024-01-14,E04,2159654.38
2024-01-15,E04,2324381.43
2024-01-16,E04,2220451.56
2024-01-17,E04,2217404.06
2024-01-18,E04,2152961.71
2024-01-19,E04,2110021.69
2024-01-20,E04,2134850.1
2024-01-21,E04,2091567.44
2024-01-22,E04,2002587.38
2024-01-23,E04,1968632.54
2024-01-24,E04,1914148.57
2024-01-25,E04,1932665.23
2024-01-26,E04,2047586.75
2024-01-27,E04,2080071.8
2024-01-28,E04,2048430.28
2024-01-29,E04,2009916.44
2024-01-30,E04,2132069.76
2024-01-31,E04,2155389.42
2024-02-01,E04,2040414.67
2024-02-02,E04,2035076.01
2024-02-03,E04,2019839.32
2024-02-04,E04,2119407.21
2024-02-05,E04,2255066.11
2024-02-06,E04,2305001.37
2024-02-07,E04,2250429.5
2024-02-08,E04,2240523.57
2024-02-09,E04,2357765.77
2024-02-10,E04,2342048.56
2024-02-11,E04,2351331.68
2024-02-12,E04,2302192.85
2024-02-13,E04,2267309.85
2024-02-14,E04,2290686.77
2024-02-15,E04,2249737.35
2024-02-16,E04,2326263.8
2024-02-17,E04,2389672.0
2024-02-18,E04,2445428.05
2024-02-19,E04,2516443.99
2024-02-20,E04,2473162.55
2024-02-21,E04,2508389.38
2024-02-22,E04,2548915.69
2024-02-23,E04,2611120.93
2024-02-24,E04,2514209.23
2024-02-25,E04,2553598.15
2024-02-26,E04,2599681.17
2024-02-27,E04,2575611.38
2024-02-28,E04,2570060.02
2024-02-29,E04,2525185.81
2024-03-01,E04,2466144.27
2024-03-02,E04,2447979.57
2024-03-03,E04,2346321.25
2024-03-04,E04,2305206.46
2024-03-05,E04,2248798.92
2024-03-06,E04,2210311.38
2024-03-07,E04,2278334.76
2024-03-08,E04,2249644.1
2024-03-09,E04,2321821.29
2024-03-10,E04,2240425.32
2024-03-11,E04,2208520.7
2024-03-12,E04,2272531.95
2024-03-13,E04,2400001.15
2024-03-14,E04,2429825.44
2024-03-15,E04,2461891.82
2024-03-16,E04,2492883.18
2024-03-17,E04,2520645.6
2024-03-18,E04,2585878.23
2024-03-19,E04,2713213.09
2024-03-20,E04,2729766.02
2024-03-21,E04,2674418.79
2024-03-22,E04,2754663.08
2024-03-23,E04,2759409.29
2024-03-24,E04,2792978.43
2024-03-25,E04,2781854.55
2024-03-26,E04,2715209.29
2024-03-27,E04,2691849.4
2024-03-28,E04,2684320.99
2024-03-29,E04,2788165.17
2024-03-30,E04,2612882.93
2024-03-31,E04,2606200.86
2024-04-01,E04,2591970.84
2024-04-02,E04,2719738.81
2024-04-03,E04,2736106.84
2024-04-04,E04,2729156.56
2024-04-05,E04,2771241.75
2024-04-06,E04,2718790.77
2024-04-07,E04,2754649.57
2024-04-08,E04,2848197.15
2024-04-09,E04,2811050.12
2024-04-10,E04,2836159.01
2024-04-11,E04,2816529.84
2024-04-12,E04,2888675.13
2024-04-13,E04,2963489.15
2024-04-14,E04,3003165.82
2024-04-15,E04,3071727.38
2024-04-16,E04,3144860.32
2024-04-17,E04,3125219.11
2024-04-18,E04,3198300.9
2024-04-19,E04,3164885.1
2024-04-20,E04,3313523.36
2024-04-21,E04,3214839.73
2024-04-22,E04,3192288.92
2024-04-23,E04,3175495.99
2024-04-24,E04,3183717.95
2024-04-25,E04,3102806.91
2024-04-26,E04,3014115.3
2024-04-27,E04,3007141.75
2024-04-28,E04,2946291.8
2024-04-29,E04,2976613.03
2024-04-30,E04,2960349.7
2024-05-01,E04,2994023.08
2024-05-02,E04,3051428.34
2024-05-03,E04,3087971.59
2024-05-04,E04,3040596.23
2024-05-05,E04,3020669.13
2024-05-06,E04,3039533.0
2024-05-07,E04,3049358.14
2024-05-08,E04,2973403.26
2024-05-09,E04,2960515.39
2024-05-10,E04,2797409.18
2024-05-11,E04,2816773.31
2024-05-12,E04,2794170.18
2024-05-13,E04,2794671.33
2024-05-14,E04,2813071.54
2024-05-15,E04,2864570.57
2024-05-16,E04,2886228.96
2024-05-17,E04,2908310.16
2024-05-18,E04,2953952.56
2024-05-19,E04,2962243.18
2024-05-20,E04,3023342.22
2024-05-21,E04,2922068.41
2024-05-22,E04,3001920.51
2024-05-23,E04,3033527.85
2024-05-24,E04,2982023.66
2024-05-25,E04,3043830.86
2024-05-26,E04,3023094.57
2024-05-27,E04,3022233.7
2024-05-28,E04,2872603.28
2024-05-29,E04,2956263.38
2024-05-30,E04,2957574.78
2024-05-31,E04,3110093.64
2024-06-01,E04,3151703.77
2024-06-02,E04,3129463.91
2024-06-03,E04,3094619.7
2024-06-04,E04,3045872.82
2024-06-05,E04,3114530.71
2024-06-06,E04,3090229.83
2024-06-07,E04,3049224.38
2024-06-08,E04,3031481.29
2024-06-09,E04,3020229.98
2024-06-10,E04,3003473.23
2024-06-11,E04,2979178.98
2024-06-12,E04,2902437.53
2024-06-13,E04,2925438.8
2024-06-14,E04,2881355.63
2024-06-15,E04,2865473.54
2024-06-16,E04,2882163.35
2024-06-17,E04,2906432.56
2024-06-18,E04,2815127.14
2024-06-19,E04,2765245.23
2024-06-20,E04,2656714.95
2024-06-21,E04,2807592.41
2024-06-22,E04,3081833.52
2024-06-23,E04,3176205.69
2024-06-24,E04,3184964.31
2024-06-25,E04,3106440.62
2024-06-26,E04,3166095.34
2024-06-27,E04,3332449.55
2024-06-28,E04,3207722.0
2024-06-29,E04,3284667.19
2024-06-30,E04,3290306.14
2024-07-01,E04,3236350.66
2024-07-02,E04,3249238.1
2024-07-03,E04,3262662.66
2024-07-04,E04,3230173.71
2024-07-05,E04,3400020.79
2024-07-06,E04,3396445.43
2024-07-07,E04,3360310.28
2024-07-08,E04,3416959.75
2024-07-09,E04,3483101.1
2024-07-10,E04,3574237.94
2024-07-11,E04,3530028.53
2024-07-12,E04,3386857.1
2024-07-13,E04,3375666.11
2024-07-14,E04,3398109.55
2024-07-15,E04,3454332.99
2024-07-16,E04,3619066.58
2024-07-17,E04,3499280.13
2024-07-18,E04,3532164.35
2024-07-19,E04,3667699.72
2024-07-20,E04,3886783.2
2024-07-21,E04,3941880.22
2024-07-22,E04,3900091.11
2024-07-23,E04,3948552.05
2024-07-24,E04,3873405.19
2024-07-25,E04,3765861.92
2024-07-26,E04,3728366.85
2024-07-27,E04,3733870.27
2024-07-28,E04,3885139.63
2024-07-29,E04,3854451.39
2024-07-30,E04,3812686.74
2024-07-31,E04,3924746.09
2024-08-01,E04,3862477.64
2024-08-02,E04,3790533.73
2024-08-03,E04,3791893.72
2024-08-04,E04,3819508.87
2024-08-05,E04,3885712.18
2024-08-06,E04,3872577.61
2024-08-07,E04,3913757.52
2024-08-08,E04,3858789.75
2024-08-09,E04,3834821.76
2024-08-10,E04,3901457.11
2024-08-11,E04,3955161.31
2024-08-12,E04,4071839.24
2024-08-13,E04,3986343.32
2024-08-14,E04,3921490.33
2024-08-15,E04,3986852.38
2024-08-16,E04,3987601.65
2024-08-17,E04,4070474.99
2024-08-18,E04,4199204.93
2024-08-19,E04,4191580.0
2024-08-20,E04,4102977.25
2024-08-21,E04,4051790.83
2024-08-22,E04,4119222.84
2024-08-23,E04,4206807.88
2024-08-24,E04,4177837.51
2024-08-25,E04,4346181.89
2024-08-26,E04,4165703.62
2024-08-27,E04,4176396.29
2024-08-28,E04,4127875.7
2024-08-29,E04,4161824.76
2024-08-30,E04,4121955.45
2024-08-31,E04,4212658.78
2024-09-01,E04,4182212.12
2024-09-02,E04,4297692.99
2024-09-03,E04,4262384.51
2024-09-04,E04,4295379.87
2024-09-05,E04,4171836.76
2024-09-06,E04,4326862.01
2024-09-07,E04,4218908.91
2024-09-08,E04,4155351.21
2024-09-09,E04,4195949.47
2024-09-10,E04,4178068.75
2024-09-11,E04,4317288.75
2024-09-12,E04,4273160.54
2024-09-13,E04,4316198.55
2024-09-14,E04,4385451.74
2024-09-15,E04,4243417.5
2024-09-16,E04,4259543.77
2024-09-17,E04,4387736.12
2024-09-18,E04,4420826.35
2024-09-19,E04,4555616.36
2024-09-20,E04,4477877.11
2024-09-21,E04,4568101.03
2024-09-22,E04,4445207.66
2024-09-23,E04,4439662.39
2024-09-24,E04,4579897.17
2024-09-25,E04,4694568.59
2024-09-26,E04,4746468.28
2024-09-27,E04,4768015.18
2024-09-28,E04,4870898.86
2024-09-29,E04,4812309.35
2024-09-30,E04,4743398.1
2024-10-01,E04,4785587.57
2024-10-02,E04,4728423.95
2024-10-03,E04,4703495.41
2024-10-04,E04,4709042.12
2024-10-05,E04,4605572.74
2024-10-06,E04,4658306.44
2024-10-07,E04,4667353.73
2024-10-08,E04,4654102.38
2024-10-09,E04,4572868.74
2024-10-10,E04,4625865.09
2024-10-11,E04,4594677.27
2024-10-12,E04,4587742.55
2024-10-13,E04,4666633.25
2024-10-14,E04,4647876.87
2024-10-15,E04,4507358.84
2024-10-16,E04,4501332.52
2024-10-17,E04,4403446.18
2024-10-18,E04,4427710.73
2024-10-19,E04,4493408.5
2024-10-20,E04,4472931.51
2024-10-21,E04,4468181.01
2024-10-22,E04,4452340.57
2024-10-23,E04,4481397.98
2024-10-24,E04,4476390.94
2024-10-25,E04,4477273.35
2024-10-26,E04,4419884.42
2024-10-27,E04,4431747.19
2024-10-28,E04,4526957.62
2024-10-29,E04,4535910.53
2024-10-30,E04,4491779.37
2024-10-31,E04,4519160.92
2024-11-01,E04,4562196.75
2024-11-02,E04,4543227.48
2024-11-03,E04,4560828.85
2024-11-04,E04,4476116.73
2024-11-05,E04,4443680.07
2024-11-06,E04,4399134.18
2024-11-07,E04,4461965.78
2024-11-08,E04,4518980.91
2024-11-09,E04,4574476.76
2024-11-10,E04,4604348.13
2024-11-11,E04,4678096.18
2024-11-12,E04,4613273.0
2024-11-13,E04,4649535.31
2024-11-14,E04,4717509.74
2024-11-15,E04,4760139.67
2024-11-16,E04,4642966.1
2024-11-17,E04,4686846.32
2024-11-18,E04,4643644.53
2024-11-19,E04,4684099.08
2024-11-20,E04,4651760.45
2024-11-21,E04,4676401.95
2024-11-22,E04,4774947.26
2024-11-23,E04,4758892.01
2024-11-24,E04,4733148.57
2024-11-25,E04,4813792.26
2024-11-26,E04,4832493.55
2024-11-27,E04,4823017.9
2024-11-28,E04,4832706.92
2024-11-29,E04,4855009.26
2024-11-30,E04,4758968.04
2024-12-01,E04,4815971.74
2024-12-02,E04,4998279.83
2024-12-03,E04,4893551.99
2024-12-04,E04,4810027.91
2024-12-05,E04,4868627.43
2024-12-06,E04,4919936.85
2024-12-07,E04,4962868.41
2024-12-08,E04,4832356.61
2024-12-09,E04,4817276.2
2024-12-10,E04,4874507.75
2024-12-11,E04,4995101.23
2024-12-12,E04,4924386.58
2024-12-13,E04,4970699.3
2024-12-14,E04,5071961.66
2024-12-15,E04,5021561.18
2024-12-16,E04,4994494.48
2024-12-17,E04,5119739.98
2024-12-18,E04,5042114.45
2024-12-19,E04,5068239.15
2024-12-20,E04,5069532.98
2024-12-21,E04,5161788.53
2024-12-22,E04,5138632.57
2024-12-23,E04,5147045.89
2024-12-24,E04,5209497.62
2024-12-25,E04,5133243.72
2024-12-26,E04,5054501.23
2024-12-27,E04,4989489.14
2024-12-28,E04,4995496.35
2024-12-29,E04,4974772.84
2024-12-30,E04,4857280.64
2024-12-31,E04,4865224.23
2025-01-01,E04,4780072.37
2025-01-02,E04,4770510.68
2025-01-03,E04,4853729.92
2025-01-04,E04,4911329.79
2025-01-05,E04,4855483.09
2025-01-06,E04,4924784.51
2025-01-07,E04,4955465.75
2025-01-08,E04,4943972.35
2025-01-09,E04,5093323.39
2025-01-10,E04,5132542.91
2025-01-11,E04,5127589.17
2025-01-12,E04,5196739.29
2025-01-13,E04,5168132.31
2025-01-14,E04,5196286.03
2025-01-15,E04,5237727.87
2025-01-16,E04,5226692.02
2025-01-17,E04,5194367.32
2025-01-18,E04,5181431.67
2025-01-19,E04,5113946.96
2025-01-20,E04,5122032.33
2025-01-21,E04,5028215.08
2025-01-22,E04,5000022.64
2025-01-23,E04,5020649.93
2025-01-24,E04,4971684.75
2025-01-25,E04,4974129.91
2025-01-26,E04,4993387.06
2025-01-27,E04,4954165.3
2025-01-28,E04,4919103.55
2025-01-29,E04,4839526.56
2025-01-30,E04,4914210.34
2025-01-31,E04,4917039.22
2025-02-01,E04,4990704.14
2025-02-02,E04,5124037.35
2025-02-03,E04,5101085.98
2025-02-04,E04,5077008.32
2025-02-05,E04,5041532.37
2025-02-06,E04,4947425.87
2025-02-07,E04,5067350.81
2025-02-08,E04,5058062.87
2025-02-09,E04,5015305.42
2025-02-10,E04,5059586.83
2025-02-11,E04,5165700.36
2025-02-12,E04,5218539.95
2025-02-13,E04,5174621.91
2025-02-14,E04,5072337.95
2025-02-15,E04,5090517.34
2025-02-16,E04,5103843.99
2025-02-17,E04,5025415.37
2025-02-18,E04,5007707.94
2025-02-19,E04,4892125.81
2025-02-20,E04,4915335.95
2025-02-21,E04,4892160.7
2025-02-22,E04,4966900.47
2025-02-23,E04,4949154.83
2025-02-24,E04,4998994.24
2025-02-25,E04,4896664.06
2025-02-26,E04,4838249.0
2025-02-27,E04,4964230.23
2025-02-28,E04,4863627.81
2025-03-01,E04,4870246.37
2025-03-02,E04,4885937.9
2025-03-03,E04,4705646.7
2025-03-04,E04,4698853.0
2025-03-05,E04,4735386.64
2025-03-06,E04,4756496.98
2025-03-07,E04,4781668.81
2025-03-08,E04,4638595.96
2025-03-09,E04,4625097.95
2025-03-10,E04,4745068.99
2025-03-11,E04,4740602.69
2025-03-12,E04,4741075.11
2025-03-13,E04,4739252.91
2025-03-14,E04,4807583.95
2025-03-15,E04,4762579.06
2025-03-16,E04,4621843.53
2025-03-17,E04,4656439.17
2025-03-18,E04,4626241.71
2025-03-19,E04,4599864.27
2025-03-20,E04,4625011.65
2025-03-21,E04,4742162.56
2025-03-22,E04,4818486.99
2025-03-23,E04,4886138.67
2025-03-24,E04,4848913.47
2025-03-25,E04,4955755.0
2025-03-26,E04,4995892.58
2025-03-27,E04,5000879.16
2025-03-28,E04,4903836.11
2025-03-29,E04,4954766.01
2025-03-30,E04,4978500.02
2025-03-31,E04,5001620.99
2025-04-01,E04,4998198.82
2025-04-02,E04,4997452.34
2025-04-03,E04,4901001.84
2025-04-04,E04,5034292.61
2025-04-05,E04,5000715.14
2025-04-06,E04,4969658.73
2025-04-07,E04,4804884.67
2025-04-08,E04,4860008.54
2025-04-09,E04,4840788.6
2025-04-10,E04,4826544.68
2025-04-11,E04,4813646.06
2025-04-12,E04,4868579.58
2025-04-13,E04,4916407.58
2025-04-14,E04,4855564.46
2025-04-15,E04,4819432.56
2025-04-16,E04,4809636.09
2025-04-17,E04,4730909.04
2025-04-18,E04,4684986.03
2025-04-19,E04,4650703.69
2025-04-20,E04,4729185.57
2025-04-21,E04,4705344.38
2025-04-22,E04,4644386.02
2025-04-23,E04,4639181.66
2025-04-24,E04,4671068.5
2025-04-25,E04,4686373.94
2025-04-26,E04,4603131.1
2025-04-27,E04,4721636.14
2025-04-28,E04,4679246.59
2025-04-29,E04,4695892.82
2025-04-30,E04,4763288.35
2025-05-01,E04,4709812.87
2025-05-02,E04,4729418.95
2025-05-03,E04,4770513.96
2025-05-04,E04,4806271.02
2025-05-05,E04,4696555.57
2025-05-06,E04,4671894.16
2025-05-07,E04,4633366.15
2025-05-08,E04,4542274.27
2025-05-09,E04,4546404.95
2025-05-10,E04,4503391.13
2025-05-11,E04,4467002.03
2025-05-12,E04,4508534.48
2025-05-13,E04,4496827.58
2025-05-14,E04,4489603.97
2025-05-15,E04,4511027.96
2025-05-16,E04,4597092.14
2025-05-17,E04,4629576.92
2025-05-18,E04,4631823.29
2025-05-19,E04,4689009.99
2025-05-20,E04,4675569.45
2025-05-21,E04,4611334.07
2025-05-22,E04,4520076.63
2025-05-23,E04,4437108.6
2025-05-24,E04,4355156.64
2025-05-25,E04,4430752.6
2025-05-26,E04,4382584.84
2025-05-27,E04,4317827.22
2025-05-28,E04,4242778.6
2025-05-29,E04,4135098.06
2025-05-30,E04,4092715.44
2025-05-31,E04,4121388.92
2025-06-01,E04,4108912.57
2025-06-02,E04,4077720.94
2025-06-03,E04,4113919.22
2025-06-04,E04,3960216.52
2025-06-05,E04,4002714.54
2025-06-06,E04,4008328.66
2025-06-07,E04,4050916.9
2025-06-08,E04,4242298.29
2025-06-09,E04,4182525.81
2025-06-10,E04,4131390.33
2025-06-11,E04,4084222.28
2025-06-12,E04,4192576.4
2025-06-13,E04,4270066.77
2025-06-14,E04,4312123.68
2025-06-15,E04,4180975.46
2025-06-16,E04,4239451.84
2025-06-17,E04,4143020.02
2025-06-18,E04,4061081.79
2025-06-19,E04,4070348.1
2025-06-20,E04,4037090.95
2025-06-21,E04,4016327.84
2025-06-22,E04,4124381.39
2025-06-23,E04,3998393.07
2025-06-24,E04,3919505.09
2025-06-25,E04,3800814.0
2025-06-26,E04,3906185.03
2025-06-27,E04,4024227.45
2025-06-28,E04,3994378.15
2025-06-29,E04,3916598.15
2025-06-30,E04,3942962.97
2025-07-01,E04,3888991.25
2025-07-02,E04,3828042.9
2025-07-03,E04,3809900.91
2025-07-04,E04,3859823.1
2025-07-05,E04,3792098.77
2025-07-06,E04,3883069.66
2025-07-07,E04,3906132.89
2025-07-08,E04,3912951.81
2025-07-09,E04,3955516.69
2025-07-10,E04,3905074.25
2025-07-11,E04,4012260.93
2025-07-12,E04,4038838.52
2025-07-13,E04,4129650.72
2025-07-14,E04,4191086.52
2025-07-15,E04,4297527.05
2025-07-16,E04,4294175.32
2025-07-17,E04,4352855.33
2025-07-18,E04,4367235.81
2025-07-19,E04,4420357.79
2025-07-20,E04,4422915.44
2025-07-21,E04,4396025.3
2025-07-22,E04,4308826.16
2025-07-23,E04,4303373.37
2025-07-24,E04,4288926.37
2025-07-25,E04,4291951.99
2025-07-26,E04,4373531.47
2025-07-27,E04,4332303.1
2025-07-28,E04,4371221.41
2025-07-29,E04,4424104.11
2025-07-30,E04,4480446.44
2025-07-31,E04,4520097.28
2025-08-01,E04,4466479.94
2025-08-02,E04,4527264.17
2025-08-03,E04,4507932.68
2025-08-04,E04,4620804.36
2025-08-05,E04,4613911.25
2025-08-06,E04,4589939.66
2025-08-07,E04,4538632.14
2025-08-08,E04,4496753.06
2025-08-09,E04,4474536.94
2025-08-10,E04,4493956.09
2025-08-11,E04,4454082.58
2025-08-12,E04,4461114.94
2025-08-13,E04,4519013.72
2025-08-14,E04,4555459.34
2025-08-15,E04,4574865.44
2025-08-16,E04,4569438.83
2025-08-17,E04,4548810.9
2025-08-18,E04,4566606.95
2025-08-19,E04,4503678.27
2025-08-20,E04,4521199.78
2025-08-21,E04,4499440.01
2025-08-22,E04,4479199.44
2025-08-23,E04,4515760.46
2025-08-24,E04,4516036.94
2025-08-25,E04,4499043.76
2025-08-26,E04,4508017.43
2025-08-27,E04,4544095.01
2025-08-28,E04,4585582.61
2025-08-29,E04,4647288.84
2025-08-30,E04,4744413.12
2025-08-31,E04,4843787.9
2025-09-01,E04,4901596.12
2025-09-02,E04,4924080.74
2025-09-03,E04,4978824.05
2025-09-04,E04,5027711.32
2025-09-05,E04,4993018.46
2025-09-06,E04,5015735.0
2025-09-07,E04,5094333.68
2025-09-08,E04,5125280.23
2025-09-09,E04,5116421.37
2025-09-10,E04,5067580.91
2025-09-11,E04,5096288.05
2025-09-12,E04,5155828.84
2025-09-13,E04,5197014.45
2025-09-14,E04,5250422.29
2025-09-15,E04,5264403.78
2025-09-16,E04,5340226.13
2025-09-17,E04,5340331.28
2025-09-18,E04,5279844.66
2025-09-19,E04,5390253.41
2025-09-20,E04,5289124.08
2025-09-21,E04,5269933.46
2025-09-22,E04,5387331.57
2025-09-23,E04,5418616.78
2025-09-24,E04,5531524.46
2025-09-25,E04,5672668.85
2025-09-26,E04,5688074.4
2025-09-27,E04,5732748.23
2025-09-28,E04,5684264.35
2025-09-29,E04,5622866.49
2025-09-30,E04,5588358.08
2025-10-01,E04,5591399.01
2025-10-02,E04,5668115.73
2025-10-03,E04,5663962.74
2025-10-04,E04,5699188.37
2025-10-05,E04,5684820.88
2025-10-06,E04,5672267.56
2025-10-07,E04,5766410.88
2025-10-08,E04,5675959.54
2025-10-09,E04,5709702.47
2025-10-10,E04,5643954.19
2025-10-11,E04,5633255.28
2025-10-12,E04,5600847.27
2025-10-13,E04,5628519.23
2025-10-14,E04,5429887.17
2025-10-15,E04,5413473.68
2025-10-16,E04,5304957.16
2025-10-17,E04,5247009.89
2025-10-18,E04,5143829.61
2025-10-19,E04,5218561.46
2025-10-20,E04,5338561.48
2025-10-21,E04,5300389.74
2025-10-22,E04,5433050.97
2025-10-23,E04,5233685.01
2025-10-24,E04,5189793.56
2025-10-25,E04,5360255.16
2025-10-26,E04,5381430.4
2025-10-27,E04,5446490.01
2025-10-28,E04,5506977.5
2025-10-29,E04,5568530.51
2025-10-30,E04,5555076.62
2025-10-31,E04,5642255.13
2025-11-01,E04,5698455.3
2025-11-02,E04,5751943.76
2025-11-03,E04,5739392.3
2025-11-04,E04,5733348.36
2025-11-05,E04,5740224.12
2025-11-06,E04,5740244.85
2025-11-07,E04,5815660.76
2025-11-08,E04,5827820.51
2025-11-09,E04,5867278.79
2025-11-10,E04,5971633.95
2025-11-11,E04,5913953.33
2025-11-12,E04,6029981.8
2025-11-13,E04,6066587.01
2025-11-14,E04,6050141.47
2025-11-15,E04,6116143.5
2025-11-16,E04,6225323.16
2025-11-17,E04,6225546.25
2025-11-18,E04,6176499.12
2025-11-19,E04,6211053.37
2025-11-20,E04,6272182.86
2025-11-21,E04,6215736.0
2025-11-22,E04,6226675.67
2025-11-23,E04,6152748.32
2025-11-24,E04,6146342.45
2025-11-25,E04,6154454.02
2025-11-26,E04,6114653.76
2025-11-27,E04,6067616.75
2025-11-28,E04,5952994.6
2025-11-29,E04,5952266.53
2025-11-30,E04,6041979.24
2025-12-01,E04,6086037.73
2025-12-02,E04,6145584.5
2025-12-03,E04,6037611.89
2025-12-04,E04,6006284.09
2025-12-05,E04,6096824.86
2025-12-06,E04,5980271.01
2025-12-07,E04,5979130.5
2025-12-08,E04,5910953.21
2025-12-09,E04,5876426.34
2025-12-10,E04,5834733.46
2025-12-11,E04,5909133.56
2025-12-12,E04,5935892.63
2025-12-13,E04,5900660.43
2025-12-14,E04,5864203.39
2025-12-15,E04,5893821.24
2025-12-16,E04,5880779.07
2025-12-17,E04,5887333.1
2025-12-18,E04,5857423.55
2025-12-19,E04,5778180.19
2025-12-20,E04,5757111.72
2025-12-21,E04,5861564.16
2025-12-22,E04,5965696.46
2025-12-23,E04,5939528.73
2025-12-24,E04,5966753.18
2025-12-25,E04,5905925.94
2025-12-26,E04,5837846.6
2025-12-27,E04,5801712.17
2025-12-28,E04,5723625.47
2025-12-29,E04,5787821.76
2025-12-30,E04,5685016.93
2025-12-31,E04,5659259.94
2026-01-01,E04,5775389.37
2026-01-02,E04,5827857.44
2026-01-03,E04,5819028.84
2026-01-04,E04,5722116.02
2026-01-05,E04,5687160.2
2026-01-06,E04,5721949.15
2026-01-07,E04,5753536.85
2026-01-08,E04,5645770.78
2026-01-09,E04,5616505.32
2026-01-10,E04,5600451.69
2026-01-11,E04,5635875.52
2026-01-12,E04,5546050.92
2026-01-13,E04,5542814.38
2026-01-14,E04,5688349.13
2026-01-15,E04,5685604.65
2026-01-16,E04,5698785.45
2026-01-17,E04,5712734.59
2026-01-18,E04,5666689.48
2026-01-19,E04,5666907.5
2026-01-20,E04,5696167.6
2026-01-21,E04,5795153.18
2026-01-22,E04,5777334.19
2026-01-23,E04,5857516.18
2026-01-24,E04,5802703.88
2026-01-25,E04,5819285.47
2026-01-26,E04,5768102.28
2026-01-27,E04,5723757.9
2026-01-28,E04,5647289.32
2026-01-29,E04,5693271.78
2026-01-30,E04,5660879.8
2026-01-31,E04,5741361.39
2026-02-01,E04,5756946.6
2026-02-02,E04,5816577.14
2026-02-03,E04,5781112.07
2026-02-04,E04,5845839.22
2026-02-05,E04,5865934.73
2026-02-06,E04,5852294.33
2026-02-07,E04,5928001.71
2026-02-08,E04,6000829.74
2026-02-09,E04,5997648.93
2026-02-10,E04,6013256.74
2026-02-11,E04,6143463.67
2026-02-12,E04,6184923.77
2026-02-13,E04,6213648.09
2026-02-14,E04,6205136.76
2026-02-15,E04,6140143.52
2026-02-16,E04,6209292.43
2026-02-17,E04,6289079.23
2026-02-18,E04,6296333.96
2026-02-19,E04,6194683.87
2026-02-20,E04,6141242.32
2026-02-21,E04,6158978.16
2026-02-22,E04,6174933.75
2026-02-23,E04,6323486.75
2026-02-24,E04,6302342.44
2026-02-25,E04,6217413.7
2026-02-26,E04,6206305.32
2026-02-27,E04,6201619.26
2026-02-28,E04,6153741.46
2026-03-01,E04,6179754.86
2026-03-02,E04,6137554.66
2026-03-03,E04,6169441.84
2026-03-04,E04,6167951.28
2026-03-05,E04,6193076.99
2026-03-06,E04,6143932.16
2026-03-07,E04,6019263.34
2026-03-08,E04,6040443.78
2026-03-09,E04,5992719.39
2026-03-10,E04,6008398.25
2026-03-11,E04,6036985.54
2026-03-12,E04,6039077.51
2026-03-13,E04,5971437.61
2026-03-14,E04,6005446.46
2026-03-15,E04,6084466.89
2026-03-16,E04,6034933.51
2026-03-17,E04,5999819.94
2026-03-18,E04,6035797.23
2026-03-19,E04,6083894.51
2026-03-20,E04,6023694.32
2026-03-21,E04,6077984.49
2026-03-22,E04,6109696.92
2026-03-23,E04,6131702.3
2026-03-24,E04,6135250.26
2026-03-25,E04,6159583.01
2026-03-26,E04,6168489.3
2026-03-27,E04,6072857.38
2026-03-28,E04,6066733.3
2026-03-29,E04,6090822.01
2026-03-30,E04,6017647.25
2026-03-31,E04,6103809.09
2026-04-01,E04,6113616.15
2026-04-02,E04,6142974.42
2026-04-03,E04,5986400.71
2026-04-04,E04,5952981.06
2026-04-05,E04,5924614.7
2026-04-06,E04,6150620.86
2026-04-07,E04,6184109.36
2026-04-08,E04,6133297.41
2026-04-09,E04,6219685.41
2026-04-10,E04,6222854.8
2026-04-11,E04,6255751.13
2026-04-12,E04,6359522.99
2026-04-13,E04,6341108.31
2026-04-14,E04,6372776.5
2026-04-15,E04,6594855.86
2026-04-16,E04,6632167.19
2026-04-17,E04,6684972.47
2026-04-18,E04,6661852.49
2026-04-19,E04,6648881.12
2026-04-20,E04,6597929.82
2026-04-21,E04,6561868.43
2026-04-22,E04,6570149.7
2026-04-23,E04,6548374.27
2026-04-24,E04,6550541.04
2026-04-25,E04,6612115.8
2026-04-26,E04,6508565.14
2026-04-27,E04,6456668.74
2026-04-28,E04,6478122.95
2026-04-29,E04,6499684.9
2026-04-30,E04,6445731.3
2026-05-01,E04,6502298.88
2026-05-02,E04,6325996.4
2026-05-03,E04,6392466.41
2026-05-04,E04,6361710.5
2026-05-05,E04,6519224.43
2026-05-06,E04,6564960.63
2026-05-07,E04,6544656.23
2026-05-08,E04,6593139.17
2026-05-09,E04,6490914.76
2026-05-10,E04,6551508.41
2026-05-11,E04,6540145.15
2026-05-12,E04,6648308.57
2026-05-13,E04,6726231.5
2026-05-14,E04,6761739.63
2026-05-15,E04,6691540.17
2026-05-16,E04,6676579.54
2026-05-17,E04,6654029.32
2026-05-18,E04,6667367.54
2026-05-19,E04,6771291.17
2026-05-20,E04,6674556.9
2026-05-21,E04,6636816.03
2026-05-22,E04,6618655.56
2026-05-23,E04,6578869.58
2026-05-24,E04,6677823.57
2026-05-25,E04,6638775.38
2026-05-26,E04,6670591.89
2026-05-27,E04,6684700.68
2026-05-28,E04,6655125.29
2026-05-29,E04,6617619.44
2026-05-30,E04,6595068.42
2026-05-31,E04,6548583.33
2026-06-01,E04,6687281.48
2026-06-02,E04,6680997.46
2026-06-03,E04,6599770.8
2026-06-04,E04,6601936.11
2026-06-05,E04,6618377.08
2026-06-06,E04,6631979.48
2026-06-07,E04,6611721.8
2026-06-08,E04,6599391.69
2026-06-09,E04,6694900.73
2026-06-10,E04,6782720.59
2026-06-11,E04,6832439.69
2026-06-12,E04,6745120.38
2026-06-13,E04,6806096.08
2026-06-14,E04,6781091.71
2026-06-15,E04,6696269.37
2026-06-16,E04,6656994.28
2026-06-17,E04,6683243.61
2026-06-18,E04,6696866.67
2026-06-19,E04,6678289.91
2026-06-20,E04,6637430.38
2026-06-21,E04,6650164.4
2026-06-22,E04,6649939.35
2026-06-23,E04,6719977.63
2026-06-24,E04,6632594.21
2026-06-25,E04,6647861.63
2026-06-26,E04,6667900.56
2026-06-27,E04,6718902.14
2026-06-28,E04,6807557.25
2026-06-29,E04,6706770.97
2026-06-30,E04,6674758.06
2026-07-01,E04,6570412.9
2026-07-02,E04,6595467.98
2026-07-03,E04,6516220.34
2026-07-04,E04,6504560.94
2026-07-05,E04,6550041.32
2026-07-06,E04,6535103.6
2026-07-07,E04,6564354.92
2026-07-08,E04,6516288.48
2026-07-09,E04,6445142.48
2026-07-10,E04,6430098.25
2026-07-11,E04,6439533.71
2026-07-12,E04,6506890.85
2026-07-13,E04,6534808.67
2026-07-14,E04,6504511.47
2026-07-15,E04,6325512.28
2026-07-16,E04,6295780.52
2026-07-17,E04,6199327.07
2026-07-18,E04,6124617.84
2026-07-19,E04,6114262.64
2026-07-20,E04,6236628.6
2026-07-21,E04,6194810.35
2026-07-22,E04,6134651.31
2026-07-23,E04,6068011.53
2026-07-24,E04,5961086.18
2026-07-25,E04,6017426.45
2026-07-26,E04,5951667.72
2026-07-27,E04,5957920.86
2026-07-28,E04,5922216.97
2026-07-29,E04,5876571.6
2026-07-30,E04,5901544.27
2026-07-31,E04,5878127.53
2026-08-01,E04,5867681.2
2026-08-02,E04,5866130.48
2026-08-03,E04,5956283.07
2026-08-04,E04,5929754.83
2026-08-05,E04,5896797.55
2026-08-06,E04,5967538.56
2026-08-07,E04,5965668.73
2026-08-08,E04,6025710.82
2026-08-09,E04,6053738.99
2026-08-10,E04,6027536.36
2026-08-11,E04,6067223.8
2026-08-12,E04,6005279.95
2026-08-13,E04,6010512.93
2026-08-14,E04,5987565.7
2026-08-15,E04,5969572.47
2026-08-16,E04,5914237.81
2026-08-17,E04,5920229.04
2026-08-18,E04,5849888.19
2026-08-19,E04,5901309.47
2026-08-20,E04,5976633.3
2026-08-21,E04,6017716.28
2026-08-22,E04,6021978.45
2026-08-23,E04,6057251.6
2026-08-24,E04,6141616.95
2026-08-25,E04,6067847.86
2026-08-26,E04,6019076.38
2026-08-27,E04,6090341.16
2026-08-28,E04,6089414.81
2026-08-29,E04,6019765.77
2026-08-30,E04,6101496.06
2026-08-31,E04,6024563.49
2022-01-01,E05,2281631.39
2022-01-02,E05,2239438.21
2022-01-03,E05,2256553.66
2022-01-04,E05,2336851.92
2022-01-05,E05,2300569.35
2022-01-06,E05,2304282.15
2022-01-07,E05,2453612.46
2022-01-08,E05,2436066.76
2022-01-09,E05,2453539.89
2022-01-10,E05,2475849.72
2022-01-11,E05,2433805.21
2022-01-12,E05,2439296.0
2022-01-13,E05,2500641.51
2022-01-14,E05,2627846.15
2022-01-15,E05,2718713.41
2022-01-16,E05,2688492.15
2022-01-17,E05,2695030.7
2022-01-18,E05,2709905.65
2022-01-19,E05,2766616.23
2022-01-20,E05,2844071.17
2022-01-21,E05,2862802.41
2022-01-22,E05,2858427.8
2022-01-23,E05,2847637.33
2022-01-24,E05,2801596.54
2022-01-25,E05,2859029.34
2022-01-26,E05,2913400.17
2022-01-27,E05,2865978.4
2022-01-28,E05,2781520.1
2022-01-29,E05,2827385.76
2022-01-30,E05,2813630.78
2022-01-31,E05,2713673.67
2022-02-01,E05,2755575.44
2022-02-02,E05,2725251.75
2022-02-03,E05,2736035.99
2022-02-04,E05,2832517.84
2022-02-05,E05,2928859.47
2022-02-06,E05,2947593.61
2022-02-07,E05,2935448.01
2022-02-08,E05,3085662.4
2022-02-09,E05,3147779.59
2022-02-10,E05,3184348.63
2022-02-11,E05,3182058.04
2022-02-12,E05,3167779.85
2022-02-13,E05,3171999.29
2022-02-14,E05,3187904.1
2022-02-15,E05,3195929.85
2022-02-16,E05,3108298.96
2022-02-17,E05,2975537.1
2022-02-18,E05,3074022.79
2022-02-19,E05,3141031.17
2022-02-20,E05,3173677.82
2022-02-21,E05,3227411.54
2022-02-22,E05,3120286.78
2022-02-23,E05,3041383.64
2022-02-24,E05,3060223.74
2022-02-25,E05,3003680.7
2022-02-26,E05,2956798.61
2022-02-27,E05,2980613.66
2022-02-28,E05,3018864.42
2022-03-01,E05,3103229.59
2022-03-02,E05,3067648.54
2022-03-03,E05,3067909.11
2022-03-04,E05,3008937.96
2022-03-05,E05,3047441.63
2022-03-06,E05,3048301.46
2022-03-07,E05,3078785.08
2022-03-08,E05,3170885.27
2022-03-09,E05,3271981.37
2022-03-10,E05,3282929.51
2022-03-11,E05,3379070.51
2022-03-12,E05,3324683.81
2022-03-13,E05,3322121.01
2022-03-14,E05,3311237.7
2022-03-15,E05,3232723.29
2022-03-16,E05,3254956.02
2022-03-17,E05,3264344.11
2022-03-18,E05,3267867.76
2022-03-19,E05,3298695.91
2022-03-20,E05,3279349.79
2022-03-21,E05,3243112.93
2022-03-22,E05,3260178.89
2022-03-23,E05,3311916.73
2022-03-24,E05,3293220.11
2022-03-25,E05,3358121.67
2022-03-26,E05,3387630.91
2022-03-27,E05,3395074.7
2022-03-28,E05,3376872.42
2022-03-29,E05,3403740.31
2022-03-30,E05,3526063.91
2022-03-31,E05,3416634.88
2022-04-01,E05,3384589.0
2022-04-02,E05,3333458.36
2022-04-03,E05,3303635.39
2022-04-04,E05,3293479.91
2022-04-05,E05,3283383.52
2022-04-06,E05,3331099.34
2022-04-07,E05,3275858.81
2022-04-08,E05,3413828.07
2022-04-09,E05,3487505.05
2022-04-10,E05,3547236.03
2022-04-11,E05,3545787.2
2022-04-12,E05,3472648.6
2022-04-13,E05,3505571.59
2022-04-14,E05,3586004.17
2022-04-15,E05,3472673.56
2022-04-16,E05,3339790.19
2022-04-17,E05,3235533.75
2022-04-18,E05,3228426.54
2022-04-19,E05,3257804.8
2022-04-20,E05,3161336.82
2022-04-21,E05,3210227.7
2022-04-22,E05,3096083.16
2022-04-23,E05,3145371.49
2022-04-24,E05,3210556.6
2022-04-25,E05,3309685.89
2022-04-26,E05,3310995.52
2022-04-27,E05,3373289.42
2022-04-28,E05,3323732.25
2022-04-29,E05,3373979.96
2022-04-30,E05,3417689.43
2022-05-01,E05,3580553.46
2022-05-02,E05,3540932.71
2022-05-03,E05,3553464.25
2022-05-04,E05,3458910.51
2022-05-05,E05,3492347.1
2022-05-06,E05,3524557.82
2022-05-07,E05,3601628.28
2022-05-08,E05,3708760.79
2022-05-09,E05,3731817.18
2022-05-10,E05,3681164.52
2022-05-11,E05,3686270.92
2022-05-12,E05,3710952.77
2022-05-13,E05,3645895.27
2022-05-14,E05,3710850.65
2022-05-15,E05,3722625.59
2022-05-16,E05,3721207.48
2022-05-17,E05,3758081.1
2022-05-18,E05,3949734.76
2022-05-19,E05,3888519.54
2022-05-20,E05,3907732.87
2022-05-21,E05,3900825.29
2022-05-22,E05,3843031.62
2022-05-23,E05,3774743.33
2022-05-24,E05,3856149.45
2022-05-25,E05,3764228.09
2022-05-26,E05,3669609.74
2022-05-27,E05,3633765.71
2022-05-28,E05,3663379.99
2022-05-29,E05,3709797.14
2022-05-30,E05,3725241.9
2022-05-31,E05,3665139.88
2022-06-01,E05,3574883.49
2022-06-02,E05,3607509.98
2022-06-03,E05,3661072.62
2022-06-04,E05,3657835.32
2022-06-05,E05,3751640.44
2022-06-06,E05,3826862.16
2022-06-07,E05,3835722.72
2022-06-08,E05,3769437.25
2022-06-09,E05,3841507.86
2022-06-10,E05,3860431.94
2022-06-11,E05,3897058.41
2022-06-12,E05,3839354.36
2022-06-13,E05,3942658.42
2022-06-14,E05,3964315.0
2022-06-15,E05,4068746.9
2022-06-16,E05,3963442.24
2022-06-17,E05,4009849.44
2022-06-18,E05,3996513.79
2022-06-19,E05,4006768.56
2022-06-20,E05,4096895.28
2022-06-21,E05,4051974.52
2022-06-22,E05,4070061.09
2022-06-23,E05,4141222.88
2022-06-24,E05,4109476.19
2022-06-25,E05,4075581.45
2022-06-26,E05,4126727.41
2022-06-27,E05,4117945.99
2022-06-28,E05,4122313.39
2022-06-29,E05,4114553.08
2022-06-30,E05,4180855.22
2022-07-01,E05,4195236.03
2022-07-02,E05,4286884.0
2022-07-03,E05,4196379.14
2022-07-04,E05,4155137.87
2022-07-05,E05,4329279.2
2022-07-06,E05,4271173.7
2022-07-07,E05,4284809.17
2022-07-08,E05,4366747.44
2022-07-09,E05,4423003.77
2022-07-10,E05,4389746.87
2022-07-11,E05,4439969.32
2022-07-12,E05,4400741.09
2022-07-13,E05,4416820.13
2022-07-14,E05,4411889.24
2022-07-15,E05,4428427.49
2022-07-16,E05,4544752.88
2022-07-17,E05,4580170.72
2022-07-18,E05,4622438.01
2022-07-19,E05,4519547.9
2022-07-20,E05,4492180.89
2022-07-21,E05,4518585.87
2022-07-22,E05,4520952.34
2022-07-23,E05,4547616.61
2022-07-24,E05,4471620.75
2022-07-25,E05,4430495.32
2022-07-26,E05,4426197.19
2022-07-27,E05,4432047.52
2022-07-28,E05,4352470.69
2022-07-29,E05,4353334.7
2022-07-30,E05,4364975.81
2022-07-31,E05,4458501.64
2022-08-01,E05,4423296.48
2022-08-02,E05,4438738.68
2022-08-03,E05,4485268.57
2022-08-04,E05,4358240.66
2022-08-05,E05,4288173.22
2022-08-06,E05,4323354.23
2022-08-07,E05,4284237.98
2022-08-08,E05,4305214.3
2022-08-09,E05,4282988.86
2022-08-10,E05,4399673.77
2022-08-11,E05,4393651.97
2022-08-12,E05,4364223.86
2022-08-13,E05,4410419.27
2022-08-14,E05,4420383.61
2022-08-15,E05,4294797.39
2022-08-16,E05,4337642.46
2022-08-17,E05,4374191.9
2022-08-18,E05,4391971.65
2022-08-19,E05,4412660.24
2022-08-20,E05,4420477.98
2022-08-21,E05,4437150.16
2022-08-22,E05,4434953.4
2022-08-23,E05,4424746.56
2022-08-24,E05,4340521.38
2022-08-25,E05,4270343.54
2022-08-26,E05,4253341.8
2022-08-27,E05,4215222.95
2022-08-28,E05,4234025.55
2022-08-29,E05,4182399.09
2022-08-30,E05,4292029.23
2022-08-31,E05,4212269.18
2022-09-01,E05,4175023.99
2022-09-02,E05,4199156.75
2022-09-03,E05,4214101.96
2022-09-04,E05,4180685.47
2022-09-05,E05,4156482.04
2022-09-06,E05,4113202.76
2022-09-07,E05,4207027.01
2022-09-08,E05,4227684.23
2022-09-09,E05,4217562.38
2022-09-10,E05,4221813.17
2022-09-11,E05,4150677.18
2022-09-12,E05,4187431.27
2022-09-13,E05,4304105.4
2022-09-14,E05,4271847.02
2022-09-15,E05,4179398.69
2022-09-16,E05,4214474.29
2022-09-17,E05,4148358.93
2022-09-18,E05,4173925.88
2022-09-19,E05,4155367.25
2022-09-20,E05,4178064.2
2022-09-21,E05,4212655.91
2022-09-22,E05,4120580.83
2022-09-23,E05,4131204.15
2022-09-24,E05,4165365.09
2022-09-25,E05,4160654.76
2022-09-26,E05,4118370.48
2022-09-27,E05,4172151.12
2022-09-28,E05,4245127.56
2022-09-29,E05,4165714.2
2022-09-30,E05,4106343.36
2022-10-01,E05,4145575.54
2022-10-02,E05,4154786.18
2022-10-03,E05,4277885.92
2022-10-04,E05,4305605.83
2022-10-05,E05,4272864.05
2022-10-06,E05,4396983.77
2022-10-07,E05,4175681.02
2022-10-08,E05,4194394.9
2022-10-09,E05,4162803.95
2022-10-10,E05,4093022.3
2022-10-11,E05,4085780.45
2022-10-12,E05,4036770.76
2022-10-13,E05,4083704.74
2022-10-14,E05,4054237.23
2022-10-15,E05,3965958.26
2022-10-16,E05,3959516.02
2022-10-17,E05,3920196.72
2022-10-18,E05,4004452.92
2022-10-19,E05,4077692.54
2022-10-20,E05,4231545.19
2022-10-21,E05,4129133.28
2022-10-22,E05,4120498.19
2022-10-23,E05,4087372.66
2022-10-24,E05,4073888.96
2022-10-25,E05,4149923.65
2022-10-26,E05,4147439.84
2022-10-27,E05,4073124.18
2022-10-28,E05,4054903.18
2022-10-29,E05,4076771.02
2022-10-30,E05,4133391.28
2022-10-31,E05,4077980.88
2022-11-01,E05,4063879.97
2022-11-02,E05,4044236.26
2022-11-03,E05,4137662.18
2022-11-04,E05,4153756.4
2022-11-05,E05,4167859.46
2022-11-06,E05,4254307.03
2022-11-07,E05,4272874.54
2022-11-08,E05,4195039.83
2022-11-09,E05,4230250.35
2022-11-10,E05,4269895.32
2022-11-11,E05,4273415.52
2022-11-12,E05,4268061.07
2022-11-13,E05,4292402.28
2022-11-14,E05,4335185.43
2022-11-15,E05,4312964.09
2022-11-16,E05,4309524.45
2022-11-17,E05,4333069.33
2022-11-18,E05,4298314.28
2022-11-19,E05,4279377.08
2022-11-20,E05,4285111.47
2022-11-21,E05,4238180.49
2022-11-22,E05,4289172.23
2022-11-23,E05,4329094.73
2022-11-24,E05,4333715.86
2022-11-25,E05,4387075.88
2022-11-26,E05,4418844.97
2022-11-27,E05,4433794.0
2022-11-28,E05,4429682.02
2022-11-29,E05,4499813.81
2022-11-30,E05,4527019.1
2022-12-01,E05,4419314.02
2022-12-02,E05,4394134.81
2022-12-03,E05,4330445.59
2022-12-04,E05,4281882.12
2022-12-05,E05,4276957.15
2022-12-06,E05,4241112.12
2022-12-07,E05,4315458.18
2022-12-08,E05,4388237.48
2022-12-09,E05,4381613.87
2022-12-10,E05,4435530.78
2022-12-11,E05,4480686.85
2022-12-12,E05,4567457.93
2022-12-13,E05,4614371.09
2022-12-14,E05,4721472.92
2022-12-15,E05,4766124.81
2022-12-16,E05,4703337.14
2022-12-17,E05,4787695.83
2022-12-18,E05,4844265.7
2022-12-19,E05,4818132.42
2022-12-20,E05,4752451.64
2022-12-21,E05,4679762.02
2022-12-22,E05,4670000.88
2022-12-23,E05,4587154.61
2022-12-24,E05,4486505.23
2022-12-25,E05,4404139.37
2022-12-26,E05,4372197.12
2022-12-27,E05,4441741.85
2022-12-28,E05,4471385.42
2022-12-29,E05,4462621.76
2022-12-30,E05,4367976.41
2022-12-31,E05,4321726.83
2023-01-01,E05,4240826.11
2023-01-02,E05,4218069.71
2023-01-03,E05,4157945.9
2023-01-04,E05,4077210.66
2023-01-05,E05,4001033.05
2023-01-06,E05,3930041.62
2023-01-07,E05,3823467.43
2023-01-08,E05,3987673.67
2023-01-09,E05,3977479.57
2023-01-10,E05,4033395.44
2023-01-11,E05,3982850.08
2023-01-12,E05,4014353.65
2023-01-13,E05,3976664.83
2023-01-14,E05,4031917.15
2023-01-15,E05,4142816.18
2023-01-16,E05,4177808.02
2023-01-17,E05,4084020.35
2023-01-18,E05,4173013.46
2023-01-19,E05,4186215.87
2023-01-20,E05,4136014.27
2023-01-21,E05,4165675.28
2023-01-22,E05,4128042.49
2023-01-23,E05,4144460.52
2023-01-24,E05,4172527.19
2023-01-25,E05,4134767.7
2023-01-26,E05,4163898.94
2023-01-27,E05,4120969.7
2023-01-28,E05,4002686.25
2023-01-29,E05,4017651.72
2023-01-30,E05,4025858.54
2023-01-31,E05,3954554.4
2023-02-01,E05,4040788.79
2023-02-02,E05,3991413.6
2023-02-03,E05,3960299.88
2023-02-04,E05,3943124.42
2023-02-05,E05,3950366.92
2023-02-06,E05,3951309.35
2023-02-07,E05,3976066.7
2023-02-08,E05,3961642.55
2023-02-09,E05,4036946.06
2023-02-10,E05,3979424.65
2023-02-11,E05,4031560.72
2023-02-12,E05,3927814.69
2023-02-13,E05,3979131.46
2023-02-14,E05,4070629.43
2023-02-15,E05,4148181.53
2023-02-16,E05,4105504.58
2023-02-17,E05,4069217.52
2023-02-18,E05,4152116.92
2023-02-19,E05,4103470.79
2023-02-20,E05,4068368.36
2023-02-21,E05,4159882.63
2023-02-22,E05,4148336.3
2023-02-23,E05,4131113.64
2023-02-24,E05,4151771.21
2023-02-25,E05,4155031.98
2023-02-26,E05,4281891.57
2023-02-27,E05,4409196.33
2023-02-28,E05,4457627.31
2023-03-01,E05,4525792.17
2023-03-02,E05,4613636.5
2023-03-03,E05,4640988.37
2023-03-04,E05,4580588.6
2023-03-05,E05,4636254.62
2023-03-06,E05,4684349.38
2023-03-07,E05,4576154.2
2023-03-08,E05,4657421.03
2023-03-09,E05,4706849.53
2023-03-10,E05,4842649.05
2023-03-11,E05,4818588.11
2023-03-12,E05,4935763.89
2023-03-13,E05,4951438.55
2023-03-14,E05,5014894.72
2023-03-15,E05,4991511.04
2023-03-16,E05,4914650.84
2023-03-17,E05,4864070.18
2023-03-18,E05,4859283.46
2023-03-19,E05,4900808.03
2023-03-20,E05,4909717.71
2023-03-21,E05,4945465.82
2023-03-22,E05,4939087.99
2023-03-23,E05,4904627.3
2023-03-24,E05,4834038.79
2023-03-25,E05,4959881.55
2023-03-26,E05,4885405.55
2023-03-27,E05,4905048.94
2023-03-28,E05,4920959.65
2023-03-29,E05,4924288.99
2023-03-30,E05,4896096.2
2023-03-31,E05,4918401.66
2023-04-01,E05,5000510.66
2023-04-02,E05,4981781.68
2023-04-03,E05,4973711.74
2023-04-04,E05,4978676.57
2023-04-05,E05,4979428.82
2023-04-06,E05,4924325.32
2023-04-07,E05,4883348.29
2023-04-08,E05,4850299.05
2023-04-09,E05,4799962.17
2023-04-10,E05,4891684.04
2023-04-11,E05,4870536.74
2023-04-12,E05,4848040.51
2023-04-13,E05,4878288.64
2023-04-14,E05,4865054.67
2023-04-15,E05,4793409.41
2023-04-16,E05,4806127.11
2023-04-17,E05,4869892.09
2023-04-18,E05,4730781.33
2023-04-19,E05,4627964.97
2023-04-20,E05,4616441.84
2023-04-21,E05,4685249.52
2023-04-22,E05,4680014.32
2023-04-23,E05,4665962.72
2023-04-24,E05,4648261.82
2023-04-25,E05,4744728.28
2023-04-26,E05,4724153.92
2023-04-27,E05,4733080.91
2023-04-28,E05,4717860.45
2023-04-29,E05,4681220.22
2023-04-30,E05,4662677.25
2023-05-01,E05,4676797.99
2023-05-02,E05,4648546.33
2023-05-03,E05,4682492.68
2023-05-04,E05,4652869.11
2023-05-05,E05,4720198.51
2023-05-06,E05,4663499.87
2023-05-07,E05,4708152.72
2023-05-08,E05,4702100.45
2023-05-09,E05,4610496.8
2023-05-10,E05,4601650.11
2023-05-11,E05,4607343.21
2023-05-12,E05,4550620.75
2023-05-13,E05,4398165.93
2023-05-14,E05,4322755.3
2023-05-15,E05,4371110.89
2023-05-16,E05,4397167.29
2023-05-17,E05,4445560.54
2023-05-18,E05,4369955.84
2023-05-19,E05,4473046.24
2023-05-20,E05,4534642.78
2023-05-21,E05,4531448.41
2023-05-22,E05,4546670.74
2023-05-23,E05,4466026.35
2023-05-24,E05,4474116.57
2023-05-25,E05,4495154.27
2023-05-26,E05,4349355.93
2023-05-27,E05,4319389.61
2023-05-28,E05,4353075.29
2023-05-29,E05,4386198.05
2023-05-30,E05,4430244.09
2023-05-31,E05,4351975.29
2023-06-01,E05,4347101.36
2023-06-02,E05,4288487.84
2023-06-03,E05,4283731.29
2023-06-04,E05,4334322.08
2023-06-05,E05,4302086.23
2023-06-06,E05,4356421.18
2023-06-07,E05,4323726.75
2023-06-08,E05,4395997.3
2023-06-09,E05,4406679.73
2023-06-10,E05,4424454.36
2023-06-11,E05,4453152.34
2023-06-12,E05,4470183.25
2023-06-13,E05,4494509.17
2023-06-14,E05,4601261.54
2023-06-15,E05,4585875.21
2023-06-16,E05,4648328.32
2023-06-17,E05,4670242.12
2023-06-18,E05,4561837.01
2023-06-19,E05,4617860.18
2023-06-20,E05,4592308.12
2023-06-21,E05,4566823.17
2023-06-22,E05,4587047.01
2023-06-23,E05,4583794.62
2023-06-24,E05,4660141.61
2023-06-25,E05,4777878.96
2023-06-26,E05,4820040.63
2023-06-27,E05,4890086.97
2023-06-28,E05,4915763.26
2023-06-29,E05,4887009.46
2023-06-30,E05,4949120.35
2023-07-01,E05,4998495.81
2023-07-02,E05,4934545.12
2023-07-03,E05,4894339.56
2023-07-04,E05,4869559.3
2023-07-05,E05,4889633.91
2023-07-06,E05,4889519.38
2023-07-07,E05,4854060.4
2023-07-08,E05,4849076.77
2023-07-09,E05,4884685.94
2023-07-10,E05,4854347.67
2023-07-11,E05,4761122.22
2023-07-12,E05,4806990.08
2023-07-13,E05,4764088.78
2023-07-14,E05,4716322.98
2023-07-15,E05,4843107.37
2023-07-16,E05,4815469.79
2023-07-17,E05,4709919.35
2023-07-18,E05,4733004.03
2023-07-19,E05,4706766.12
2023-07-20,E05,4633889.66
2023-07-21,E05,4649686.06
2023-07-22,E05,4552773.36
2023-07-23,E05,4585191.37
2023-07-24,E05,4645064.68
2023-07-25,E05,4581123.19
2023-07-26,E05,4576485.63
2023-07-27,E05,4519353.12
2023-07-28,E05,4669763.15
2023-07-29,E05,4863748.22
2023-07-30,E05,4878174.21
2023-07-31,E05,4826990.69
2023-08-01,E05,4825307.04
2023-08-02,E05,4836306.4
2023-08-03,E05,4811323.69
2023-08-04,E05,4782853.98
2023-08-05,E05,4862127.02
2023-08-06,E05,4829287.61
2023-08-07,E05,4893994.77
2023-08-08,E05,4856353.04
2023-08-09,E05,4843083.14
2023-08-10,E05,4802291.64
2023-08-11,E05,4799890.98
2023-08-12,E05,4783331.6
2023-08-13,E05,4712353.99
2023-08-14,E05,4766612.49
2023-08-15,E05,4845500.63
2023-08-16,E05,4925486.86
2023-08-17,E05,4904701.45
2023-08-18,E05,4983991.65
2023-08-19,E05,5049610.96
2023-08-20,E05,5085568.05
2023-08-21,E05,5135062.73
2023-08-22,E05,5030968.09
2023-08-23,E05,5080754.36
2023-08-24,E05,5175631.05
2023-08-25,E05,5316770.04
2023-08-26,E05,5379131.02
2023-08-27,E05,5283493.02
2023-08-28,E05,5429286.11
2023-08-29,E05,5465372.17
2023-08-30,E05,5513540.66
2023-08-31,E05,5353663.17
2023-09-01,E05,5310452.18
2023-09-02,E05,5257398.63
2023-09-03,E05,5260069.41
2023-09-04,E05,5276454.25
2023-09-05,E05,5227726.71
2023-09-06,E05,5162216.87
2023-09-07,E05,5232940.14
2023-09-08,E05,5263042.29
2023-09-09,E05,5273188.37
2023-09-10,E05,5354257.49
2023-09-11,E05,5367162.83
2023-09-12,E05,5325192.29
2023-09-13,E05,5360178.88
2023-09-14,E05,5261200.1
2023-09-15,E05,5222880.82
2023-09-16,E05,5302879.87
2023-09-17,E05,5320584.3
2023-09-18,E05,5337198.9
2023-09-19,E05,5377924.44
2023-09-20,E05,5346378.83
2023-09-21,E05,5327115.74
2023-09-22,E05,5296606.42
2023-09-23,E05,5361973.4
2023-09-24,E05,5289632.9
2023-09-25,E05,5250277.71
2023-09-26,E05,5256999.89
2023-09-27,E05,5416371.21
2023-09-28,E05,5424964.99
2023-09-29,E05,5379428.44
2023-09-30,E05,5302230.53
2023-10-01,E05,5285520.63
2023-10-02,E05,5254986.46
2023-10-03,E05,5230919.99
2023-10-04,E05,5287022.5
2023-10-05,E05,5266859.84
2023-10-06,E05,5233990.93
2023-10-07,E05,5261443.07
2023-10-08,E05,5269938.78
2023-10-09,E05,5243989.08
2023-10-10,E05,5244439.0
2023-10-11,E05,5134763.95
2023-10-12,E05,5237851.98
2023-10-13,E05,5255396.58
2023-10-14,E05,5281769.87
2023-10-15,E05,5223691.15
2023-10-16,E05,5224605.65
2023-10-17,E05,5193953.08
2023-10-18,E05,5227993.73
2023-10-19,E05,5188559.18
2023-10-20,E05,5264932.73
2023-10-21,E05,5310301.29
2023-10-22,E05,5262221.21
2023-10-23,E05,5239247.65
2023-10-24,E05,5278913.21
2023-10-25,E05,5363453.56
2023-10-26,E05,5311664.75
2023-10-27,E05,5335035.79
2023-10-28,E05,5414721.48
2023-10-29,E05,5373196.89
2023-10-30,E05,5453704.86
2023-10-31,E05,5541537.56
2023-11-01,E05,5629951.24
2023-11-02,E05,5678709.62
2023-11-03,E05,5663642.33
2023-11-04,E05,5642641.78
2023-11-05,E05,5779721.34
2023-11-06,E05,5692842.92
2023-11-07,E05,5629358.64
2023-11-08,E05,5616063.29
2023-11-09,E05,5578993.89
2023-11-10,E05,5630539.98
2023-11-11,E05,5597719.55
2023-11-12,E05,5537009.37
2023-11-13,E05,5605360.57
2023-11-14,E05,5693620.66
2023-11-15,E05,5817702.05
2023-11-16,E05,5835557.44
2023-11-17,E05,5859066.21
2023-11-18,E05,5847806.34
2023-11-19,E05,5784295.96
2023-11-20,E05,5839834.84
2023-11-21,E05,5837084.05
2023-11-22,E05,5725462.06
2023-11-23,E05,5751383.02
2023-11-24,E05,5729671.13
2023-11-25,E05,5702612.47
2023-11-26,E05,5706075.29
2023-11-27,E05,5798596.53
2023-11-28,E05,5855994.34
2023-11-29,E05,5795493.77
2023-11-30,E05,5664885.1
2023-12-01,E05,5601296.0
2023-12-02,E05,5757930.88
2023-12-03,E05,5743464.07
2023-12-04,E05,5726498.86
2023-12-05,E05,5709699.95
2023-12-06,E05,5750800.51
2023-12-07,E05,5787420.28
2023-12-08,E05,5732588.37
2023-12-09,E05,5809499.77
2023-12-10,E05,5807380.66
2023-12-11,E05,5781560.21
2023-12-12,E05,5823481.69
2023-12-13,E05,5890940.8
2023-12-14,E05,5838534.39
2023-12-15,E05,6019978.61
2023-12-16,E05,6011769.32
2023-12-17,E05,6006007.48
2023-12-18,E05,5935245.21
2023-12-19,E05,5932741.63
2023-12-20,E05,5902389.46
2023-12-21,E05,5908342.57
2023-12-22,E05,6002197.92
2023-12-23,E05,5939043.83
2023-12-24,E05,5895625.32
2023-12-25,E05,5932762.77
2023-12-26,E05,6058498.51
2023-12-27,E05,6111945.78
2023-12-28,E05,6138012.29
2023-12-29,E05,6186916.09
2023-12-30,E05,6185685.35
2023-12-31,E05,6197996.39
2024-01-01,E05,6183167.48
2024-01-02,E05,6003683.86
2024-01-03,E05,5972705.35
2024-01-04,E05,5921667.86
2024-01-05,E05,5890011.09
2024-01-06,E05,5896884.91
2024-01-07,E05,5892019.13
2024-01-08,E05,5834490.97
2024-01-09,E05,5939969.19
2024-01-10,E05,6064068.75
2024-01-11,E05,6030896.69
2024-01-12,E05,5989538.47
2024-01-13,E05,6021434.34
2024-01-14,E05,6031670.81
2024-01-15,E05,6100312.52
2024-01-16,E05,6181495.02
2024-01-17,E05,6192304.93
2024-01-18,E05,6232249.4
2024-01-19,E05,6187140.58
2024-01-20,E05,6081262.83
2024-01-21,E05,5989940.51
2024-01-22,E05,5959875.92
2024-01-23,E05,5916566.5
2024-01-24,E05,5778631.41
2024-01-25,E05,5838027.61
2024-01-26,E05,5874638.45
2024-01-27,E05,5788807.28
2024-01-28,E05,5810281.25
2024-01-29,E05,5871604.08
2024-01-30,E05,5907597.6
2024-01-31,E05,5950890.47
2024-02-01,E05,5876996.32
2024-02-02,E05,5886444.74
2024-02-03,E05,5980461.25
2024-02-04,E05,5953009.63
2024-02-05,E05,5868289.53
2024-02-06,E05,5803011.76
2024-02-07,E05,5824067.2
2024-02-08,E05,5863458.28
2024-02-09,E05,5838158.68
2024-02-10,E05,5839952.12
2024-02-11,E05,5716421.49
2024-02-12,E05,5686371.3
2024-02-13,E05,5616700.86
2024-02-14,E05,5629058.68
2024-02-15,E05,5604704.77
2024-02-16,E05,5576294.76
2024-02-17,E05,5646497.8
2024-02-18,E05,5587412.58
2024-02-19,E05,5596361.3
2024-02-20,E05,5511173.0
2024-02-21,E05,5503865.85
2024-02-22,E05,5464707.31
2024-02-23,E05,5486546.45
2024-02-24,E05,5509514.08
2024-02-25,E05,5497093.4
2024-02-26,E05,5531996.47
2024-02-27,E05,5533700.22
2024-02-28,E05,5593794.48
2024-02-29,E05,5712385.16
2024-03-01,E05,5715581.38
2024-03-02,E05,5692180.52
2024-03-03,E05,5665755.48
2024-03-04,E05,5720335.2
2024-03-05,E05,5638778.47
2024-03-06,E05,5605721.25
2024-03-07,E05,5489930.68
2024-03-08,E05,5601639.56
2024-03-09,E05,5669267.21
2024-03-10,E05,5714820.5
2024-03-11,E05,5752852.82
2024-03-12,E05,5853716.57
2024-03-13,E05,5926421.57
2024-03-14,E05,5925600.85
2024-03-15,E05,5868718.12
2024-03-16,E05,5939661.82
2024-03-17,E05,5929453.51
2024-03-18,E05,5912155.56
2024-03-19,E05,5876826.96
2024-03-20,E05,5797012.35
2024-03-21,E05,5661867.04
2024-03-22,E05,5625623.22
2024-03-23,E05,5550114.67
2024-03-24,E05,5493912.81
2024-03-25,E05,5419683.47
2024-03-26,E05,5334614.23
2024-03-27,E05,5344938.95
2024-03-28,E05,5329377.49
2024-03-29,E05,5337149.53
2024-03-30,E05,5384552.55
2024-03-31,E05,5338878.06
2024-04-01,E05,5404104.99
2024-04-02,E05,5400113.05
2024-04-03,E05,5324910.74
2024-04-04,E05,5296135.24
2024-04-05,E05,5308125.94
2024-04-06,E05,5292140.92
2024-04-07,E05,5329303.29
2024-04-08,E05,5307688.05
2024-04-09,E05,5200785.52
2024-04-10,E05,5379859.39
2024-04-11,E05,5249257.82
2024-04-12,E05,5155037.05
2024-04-13,E05,5154695.2
2024-04-14,E05,5117230.89
2024-04-15,E05,5009704.32
2024-04-16,E05,4943557.9
2024-04-17,E05,4866405.16
2024-04-18,E05,4863906.4
2024-04-19,E05,4773098.2
2024-04-20,E05,4862028.82
2024-04-21,E05,4916541.27
2024-04-22,E05,4937119.04
2024-04-23,E05,4927907.64
2024-04-24,E05,4897951.77
2024-04-25,E05,4978681.76
2024-04-26,E05,5047280.96
2024-04-27,E05,5176169.73
2024-04-28,E05,5097869.94
2024-04-29,E05,5099924.02
2024-04-30,E05,5123143.15
2024-05-01,E05,5178042.94
2024-05-02,E05,5160533.14
2024-05-03,E05,5091161.65
2024-05-04,E05,5102485.14
2024-05-05,E05,5154420.39
2024-05-06,E05,5112699.14
2024-05-07,E05,5152767.09
2024-05-08,E05,5071977.83
2024-05-09,E05,5155347.56
2024-05-10,E05,5225444.07
2024-05-11,E05,5241564.5
2024-05-12,E05,5264995.26
2024-05-13,E05,5143692.85
2024-05-14,E05,5079929.16
2024-05-15,E05,5092373.65
2024-05-16,E05,5151288.96
2024-05-17,E05,5108683.67
2024-05-18,E05,4986503.09
2024-05-19,E05,5026277.8
2024-05-20,E05,5091983.64
2024-05-21,E05,5156570.05
2024-05-22,E05,5056585.17
2024-05-23,E05,5085101.69
2024-05-24,E05,5050825.54
2024-05-25,E05,5056097.85
2024-05-26,E05,4998409.68
2024-05-27,E05,5125559.51
2024-05-28,E05,5072459.44
2024-05-29,E05,5082925.25
2024-05-30,E05,5054257.22
2024-05-31,E05,5091370.42
2024-06-01,E05,5092367.65
2024-06-02,E05,5031420.53
2024-06-03,E05,4881121.0
2024-06-04,E05,4867102.36
2024-06-05,E05,4913347.49
2024-06-06,E05,4948106.51
2024-06-07,E05,5016766.75
2024-06-08,E05,5042228.8
2024-06-09,E05,5038922.18
2024-06-10,E05,5013313.64
2024-06-11,E05,5035142.45
2024-06-12,E05,4968644.09
2024-06-13,E05,4859024.02
2024-06-14,E05,4930012.17
2024-06-15,E05,4909189.05
2024-06-16,E05,4941888.41
2024-06-17,E05,4843546.04
2024-06-18,E05,4836438.71
2024-06-19,E05,4913809.36
2024-06-20,E05,4898781.47
2024-06-21,E05,4797132.89
2024-06-22,E05,4760244.5
2024-06-23,E05,4679456.18
2024-06-24,E05,4688302.09
2024-06-25,E05,4625327.14
2024-06-26,E05,4615380.94
2024-06-27,E05,4658209.43
2024-06-28,E05,4654440.77
2024-06-29,E05,4633735.86
2024-06-30,E05,4760617.71
2024-07-01,E05,4790321.05
2024-07-02,E05,4773553.66
2024-07-03,E05,4713897.34
2024-07-04,E05,4570956.19
2024-07-05,E05,4539871.45
2024-07-06,E05,4582070.12
2024-07-07,E05,4653390.08
2024-07-08,E05,4641202.22
2024-07-09,E05,4705617.4
2024-07-10,E05,4747803.71
2024-07-11,E05,4718950.23
2024-07-12,E05,4744692.26
2024-07-13,E05,4774788.4
2024-07-14,E05,4753400.66
2024-07-15,E05,4803571.36
2024-07-16,E05,4852413.26
2024-07-17,E05,4828443.97
2024-07-18,E05,4895785.29
2024-07-19,E05,4939600.98
2024-07-20,E05,4928559.3
2024-07-21,E05,5178422.46
2024-07-22,E05,5122613.73
2024-07-23,E05,5090382.68
2024-07-24,E05,5190669.34
2024-07-25,E05,5228578.55
2024-07-26,E05,5229322.84
2024-07-27,E05,5188807.2
2024-07-28,E05,5309594.2
2024-07-29,E05,5283105.56
2024-07-30,E05,5339272.56
2024-07-31,E05,5241127.84
2024-08-01,E05,5189490.94
2024-08-02,E05,5157254.75
2024-08-03,E05,5019755.41
2024-08-04,E05,4996597.05
2024-08-05,E05,5130865.4
2024-08-06,E05,5075882.4
2024-08-07,E05,5037001.66
2024-08-08,E05,5011675.03
2024-08-09,E05,4981180.88
2024-08-10,E05,4914457.68
2024-08-11,E05,4853112.12
2024-08-12,E05,4872187.58
2024-08-13,E05,4922780.86
2024-08-14,E05,4924631.63
2024-08-15,E05,4976832.91
2024-08-16,E05,4883645.5
2024-08-17,E05,4890639.7
2024-08-18,E05,4916638.04
2024-08-19,E05,4873846.75
2024-08-20,E05,4908138.18
2024-08-21,E05,5027675.18
2024-08-22,E05,4925969.77
2024-08-23,E05,4914106.85
2024-08-24,E05,4964917.23
2024-08-25,E05,4828538.74
2024-08-26,E05,4834776.9
2024-08-27,E05,4858085.74
2024-08-28,E05,4884532.52
2024-08-29,E05,4957044.98
2024-08-30,E05,4914545.38
2024-08-31,E05,4871153.36
2024-09-01,E05,4908195.5
2024-09-02,E05,4797280.92
2024-09-03,E05,4685485.93
2024-09-04,E05,4741329.81
2024-09-05,E05,4792278.92
2024-09-06,E05,4781708.75
2024-09-07,E05,4810245.3
2024-09-08,E05,4782692.91
2024-09-09,E05,4794916.72
2024-09-10,E05,4751092.34
2024-09-11,E05,4702530.95
2024-09-12,E05,4699840.64
2024-09-13,E05,4651235.78
2024-09-14,E05,4598574.79
2024-09-15,E05,4738409.8
2024-09-16,E05,4746300.75
2024-09-17,E05,4634423.27
2024-09-18,E05,4614348.46
2024-09-19,E05,4553119.45
2024-09-20,E05,4571064.14
2024-09-21,E05,4647455.78
2024-09-22,E05,4646432.1
2024-09-23,E05,4694813.69
2024-09-24,E05,4742051.03
2024-09-25,E05,4759132.19
2024-09-26,E05,4791508.05
2024-09-27,E05,4738769.36
2024-09-28,E05,4764924.89
2024-09-29,E05,4813762.93
2024-09-30,E05,4859651.63
2024-10-01,E05,4829902.97
2024-10-02,E05,4804087.06
2024-10-03,E05,4856307.25
2024-10-04,E05,4849098.5
2024-10-05,E05,4897770.94
2024-10-06,E05,4865594.68
2024-10-07,E05,4915067.0
2024-10-08,E05,4926996.71
2024-10-09,E05,4839690.64
2024-10-10,E05,4765751.76
2024-10-11,E05,4812349.86
2024-10-12,E05,4720199.56
2024-10-13,E05,4791320.2
2024-10-14,E05,4846924.78
2024-10-15,E05,4995884.26
2024-10-16,E05,5002759.34
2024-10-17,E05,5058363.89
2024-10-18,E05,5034384.01
2024-10-19,E05,5068369.8
2024-10-20,E05,5148322.87
2024-10-21,E05,5208276.9
2024-10-22,E05,5247789.38
2024-10-23,E05,5231567.1
2024-10-24,E05,5199592.05
2024-10-25,E05,5117469.16
2024-10-26,E05,5048636.66
2024-10-27,E05,5051356.17
2024-10-28,E05,5063858.87
2024-10-29,E05,5042040.38
2024-10-30,E05,5015969.75
2024-10-31,E05,4968551.99
2024-11-01,E05,4956136.83
2024-11-02,E05,5032523.3
2024-11-03,E05,4995041.26
2024-11-04,E05,4973927.56
2024-11-05,E05,5018396.74
2024-11-06,E05,4910711.75
2024-11-07,E05,4924074.58
2024-11-08,E05,4788544.91
2024-11-09,E05,4893099.96
2024-11-10,E05,4720656.9
2024-11-11,E05,4751169.14
2024-11-12,E05,4849999.49
2024-11-13,E05,5032511.97
2024-11-14,E05,5143485.58
2024-11-15,E05,5081075.62
2024-11-16,E05,5043561.01
2024-11-17,E05,5029139.48
2024-11-18,E05,5022609.04
2024-11-19,E05,5111084.79
2024-11-20,E05,5128729.4
2024-11-21,E05,5160455.65
2024-11-22,E05,5240320.14
2024-11-23,E05,5110726.27
2024-11-24,E05,5207025.83
2024-11-25,E05,5095539.96
2024-11-26,E05,5078554.06
2024-11-27,E05,5049282.45
2024-11-28,E05,4981004.8
2024-11-29,E05,5007009.08
2024-11-30,E05,4983844.54
2024-12-01,E05,5116758.9
2024-12-02,E05,5204226.45
2024-12-03,E05,5183176.2
2024-12-04,E05,5188216.76
2024-12-05,E05,5234268.51
2024-12-06,E05,5267913.61
2024-12-07,E05,5130541.78
2024-12-08,E05,5098376.27
2024-12-09,E05,5103571.02
2024-12-10,E05,5088760.41
2024-12-11,E05,4991354.5
2024-12-12,E05,4863772.36
2024-12-13,E05,4836606.61
2024-12-14,E05,4909016.07
2024-12-15,E05,4927783.41
2024-12-16,E05,4801431.9
2024-12-17,E05,4830497.49
2024-12-18,E05,4781148.85
2024-12-19,E05,4820452.84
2024-12-20,E05,4783637.78
2024-12-21,E05,4765319.84
2024-12-22,E05,4731181.37
2024-12-23,E05,4602675.74
2024-12-24,E05,4552143.21
2024-12-25,E05,4514392.98
2024-12-26,E05,4627123.1
2024-12-27,E05,4509593.79
2024-12-28,E05,4567153.71
2024-12-29,E05,4572759.45
2024-12-30,E05,4677490.99
2024-12-31,E05,4722575.93
2025-01-01,E05,4686386.03
2025-01-02,E05,4573943.94
2025-01-03,E05,4654656.52
2025-01-04,E05,4664391.57
2025-01-05,E05,4709037.52
2025-01-06,E05,4719397.95
2025-01-07,E05,4599417.18
2025-01-08,E05,4560272.68
2025-01-09,E05,4587132.65
2025-01-10,E05,4603033.74
2025-01-11,E05,4615140.07
2025-01-12,E05,4654363.82
2025-01-13,E05,4597393.76
2025-01-14,E05,4607864.76
2025-01-15,E05,4611688.37
2025-01-16,E05,4548001.97
2025-01-17,E05,4503255.95
2025-01-18,E05,4537753.66
2025-01-19,E05,4406770.27
2025-01-20,E05,4443203.04
2025-01-21,E05,4555193.78
2025-01-22,E05,4628526.1
2025-01-23,E05,4663606.09
2025-01-24,E05,4606390.58
2025-01-25,E05,4412641.84
2025-01-26,E05,4477572.56
2025-01-27,E05,4505121.55
2025-01-28,E05,4509125.79
2025-01-29,E05,4521792.47
2025-01-30,E05,4629472.62
2025-01-31,E05,4629760.75
2025-02-01,E05,4602070.72
2025-02-02,E05,4580951.04
2025-02-03,E05,4510697.83
2025-02-04,E05,4565178.14
2025-02-05,E05,4473434.26
2025-02-06,E05,4523065.39
2025-02-07,E05,4549776.96
2025-02-08,E05,4583838.35
2025-02-09,E05,4440955.87
2025-02-10,E05,4287846.23
2025-02-11,E05,4281109.9
2025-02-12,E05,4257149.07
2025-02-13,E05,4169929.81
2025-02-14,E05,4004351.74
2025-02-15,E05,3958684.08
2025-02-16,E05,3977019.44
2025-02-17,E05,3964966.08
2025-02-18,E05,4027729.96
2025-02-19,E05,4050347.31
2025-02-20,E05,4054739.96
2025-02-21,E05,4018358.0
2025-02-22,E05,4143213.52
2025-02-23,E05,4196748.57
2025-02-24,E05,4121153.37
2025-02-25,E05,4107455.04
2025-02-26,E05,4152266.06
2025-02-27,E05,4167450.24
2025-02-28,E05,4192948.32
2025-03-01,E05,4256313.83
2025-03-02,E05,4333788.61
2025-03-03,E05,4284933.46
2025-03-04,E05,4215590.17
2025-03-05,E05,4200272.06
2025-03-06,E05,4054499.22
2025-03-07,E05,3971946.74
2025-03-08,E05,3943060.95
2025-03-09,E05,3833684.17
2025-03-10,E05,3876800.66
2025-03-11,E05,3962821.41
2025-03-12,E05,3908211.12
2025-03-13,E05,3993707.87
2025-03-14,E05,3906771.6
2025-03-15,E05,3824797.98
2025-03-16,E05,3840095.36
2025-03-17,E05,3809103.93
2025-03-18,E05,3766077.21
2025-03-19,E05,3760862.85
2025-03-20,E05,3826150.2
2025-03-21,E05,3940408.35
2025-03-22,E05,3900230.93
2025-03-23,E05,3886164.31
2025-03-24,E05,3785790.72
2025-03-25,E05,3852600.99
2025-03-26,E05,3887942.22
2025-03-27,E05,3987383.21
2025-03-28,E05,4018799.8
2025-03-29,E05,4065949.07
2025-03-30,E05,3993894.5
2025-03-31,E05,4041119.22
2025-04-01,E05,4191446.74
2025-04-02,E05,4240263.24
2025-04-03,E05,4264445.82
2025-04-04,E05,4330311.32
2025-04-05,E05,4336185.36
2025-04-06,E05,4336742.72
2025-04-07,E05,4302006.97
2025-04-08,E05,4371050.36
2025-04-09,E05,4424303.95
2025-04-10,E05,4337708.41
2025-04-11,E05,4400416.31
2025-04-12,E05,4419757.69
2025-04-13,E05,4433273.13
2025-04-14,E05,4392114.73
2025-04-15,E05,4295611.94
2025-04-16,E05,4303211.34
2025-04-17,E05,4273403.44
2025-04-18,E05,4325511.13
2025-04-19,E05,4306265.99
2025-04-20,E05,4425583.02
2025-04-21,E05,4355879.26
2025-04-22,E05,4283399.83
2025-04-23,E05,4315510.02
2025-04-24,E05,4405810.62
2025-04-25,E05,4414050.88
2025-04-26,E05,4532600.15
2025-04-27,E05,4655522.22
2025-04-28,E05,4707117.04
2025-04-29,E05,4780599.85
2025-04-30,E05,4881201.0
2025-05-01,E05,4946585.7
2025-05-02,E05,4909780.64
2025-05-03,E05,4862315.74
2025-05-04,E05,4869757.46
2025-05-05,E05,4873587.76
2025-05-06,E05,4940366.95
2025-05-07,E05,5040806.17
2025-05-08,E05,5012298.4
2025-05-09,E05,5027290.73
2025-05-10,E05,4902943.77
2025-05-11,E05,4963929.53
2025-05-12,E05,5007206.24
2025-05-13,E05,5002212.24
2025-05-14,E05,4980470.61
2025-05-15,E05,4875651.84
2025-05-16,E05,4793473.02
2025-05-17,E05,4843465.44
2025-05-18,E05,4803618.32
2025-05-19,E05,4816162.98
2025-05-20,E05,4806125.12
2025-05-21,E05,4825548.36
2025-05-22,E05,4867115.65
2025-05-23,E05,4879212.05
2025-05-24,E05,4813430.36
2025-05-25,E05,4750199.79
2025-05-26,E05,4701532.0
2025-05-27,E05,4757871.14
2025-05-28,E05,4779658.33
2025-05-29,E05,4779321.82
2025-05-30,E05,4847328.33
2025-05-31,E05,4947968.86
2025-06-01,E05,4938462.39
2025-06-02,E05,5029165.13
2025-06-03,E05,5016797.64
2025-06-04,E05,4982661.45
2025-06-05,E05,5027585.47
2025-06-06,E05,4912459.25
2025-06-07,E05,5013975.61
2025-06-08,E05,5008779.08
2025-06-09,E05,5014122.24
2025-06-10,E05,4924565.49
2025-06-11,E05,4916284.23
2025-06-12,E05,4986544.37
2025-06-13,E05,5110796.93
2025-06-14,E05,5168737.49
2025-06-15,E05,5306675.35
2025-06-16,E05,5289223.58
2025-06-17,E05,5357926.52
2025-06-18,E05,5360187.96
2025-06-19,E05,5431674.43
2025-06-20,E05,5493703.43
2025-06-21,E05,5527788.48
2025-06-22,E05,5550495.79
2025-06-23,E05,5538493.91
2025-06-24,E05,5599713.33
2025-06-25,E05,5598678.58
2025-06-26,E05,5548257.32
2025-06-27,E05,5387049.31
2025-06-28,E05,5367093.89
2025-06-29,E05,5374856.87
2025-06-30,E05,5388596.3
2025-07-01,E05,5229705.04
2025-07-02,E05,5108799.83
2025-07-03,E05,5129900.0
2025-07-04,E05,5054733.46
2025-07-05,E05,4925955.31
2025-07-06,E05,5010721.07
2025-07-07,E05,5061599.07
2025-07-08,E05,4975262.93
2025-07-09,E05,5120393.49
2025-07-10,E05,5010774.86
2025-07-11,E05,5046669.46
2025-07-12,E05,5114814.59
2025-07-13,E05,5193047.22
2025-07-14,E05,5142123.61
2025-07-15,E05,5088666.17
2025-07-16,E05,5016969.09
2025-07-17,E05,5073088.14
2025-07-18,E05,4936303.29
2025-07-19,E05,5037911.91
2025-07-20,E05,4916465.28
2025-07-21,E05,4848827.04
2025-07-22,E05,4836045.74
2025-07-23,E05,4743833.27
2025-07-24,E05,4633797.91
2025-07-25,E05,4606266.48
2025-07-26,E05,4579460.09
2025-07-27,E05,4567792.83
2025-07-28,E05,4653283.17
2025-07-29,E05,4635326.91
2025-07-30,E05,4583830.65
2025-07-31,E05,4588684.66
2025-08-01,E05,4669133.94
2025-08-02,E05,4695426.92
2025-08-03,E05,4694974.94
2025-08-04,E05,4741395.76
2025-08-05,E05,4704221.49
2025-08-06,E05,4672302.76
2025-08-07,E05,4725228.15
2025-08-08,E05,4789872.47
2025-08-09,E05,4792934.2
2025-08-10,E05,4665563.13
2025-08-11,E05,4718334.7
2025-08-12,E05,4782938.7
2025-08-13,E05,4713204.35
2025-08-14,E05,4671311.83
2025-08-15,E05,4617087.8
2025-08-16,E05,4545123.07
2025-08-17,E05,4583214.21
2025-08-18,E05,4593912.88
2025-08-19,E05,4653011.28
2025-08-20,E05,4665949.02
2025-08-21,E05,4672900.14
2025-08-22,E05,4682978.0
2025-08-23,E05,4669451.92
2025-08-24,E05,4688157.15
2025-08-25,E05,4703537.27
2025-08-26,E05,4700517.79
2025-08-27,E05,4740316.95
2025-08-28,E05,4608429.0
2025-08-29,E05,4471784.34
2025-08-30,E05,4284422.94
2025-08-31,E05,4229412.45
2025-09-01,E05,4140285.34
2025-09-02,E05,4022838.86
2025-09-03,E05,4006906.52
2025-09-04,E05,3962775.5
2025-09-05,E05,3954433.52
2025-09-06,E05,4055300.33
2025-09-07,E05,4005529.28
2025-09-08,E05,4086948.85
2025-09-09,E05,4061248.81
2025-09-10,E05,4008007.52
2025-09-11,E05,4011119.93
2025-09-12,E05,4097692.05
2025-09-13,E05,4100001.24
2025-09-14,E05,4192878.66
2025-09-15,E05,4243522.45
2025-09-16,E05,4170351.12
2025-09-17,E05,4194398.85
2025-09-18,E05,4113164.44
2025-09-19,E05,4091009.0
2025-09-20,E05,3975264.69
2025-09-21,E05,4034255.43
2025-09-22,E05,3849595.85
2025-09-23,E05,3862416.03
2025-09-24,E05,3850235.14
2025-09-25,E05,3845379.15
2025-09-26,E05,3977817.86
2025-09-27,E05,3975122.2
2025-09-28,E05,3994553.31
2025-09-29,E05,4007578.01
2025-09-30,E05,4041325.23
2025-10-01,E05,4017382.31
2025-10-02,E05,4014976.11
2025-10-03,E05,3995525.96
2025-10-04,E05,4030040.89
2025-10-05,E05,4043902.44
2025-10-06,E05,4220005.37
2025-10-07,E05,4265699.69
2025-10-08,E05,4223483.01
2025-10-09,E05,4150411.27
2025-10-10,E05,4042019.36
2025-10-11,E05,3920146.32
2025-10-12,E05,3927127.76
2025-10-13,E05,3999721.81
2025-10-14,E05,3884200.83
2025-10-15,E05,3867725.04
2025-10-16,E05,3939001.37
2025-10-17,E05,3943950.07
2025-10-18,E05,3955316.21
2025-10-19,E05,4008461.74
2025-10-20,E05,4029372.0
2025-10-21,E05,3991378.11
2025-10-22,E05,4028679.64
2025-10-23,E05,3928517.74
2025-10-24,E05,3878166.92
2025-10-25,E05,3735642.54
2025-10-26,E05,3723216.61
2025-10-27,E05,3649769.39
2025-10-28,E05,3742030.79
2025-10-29,E05,3786735.0
2025-10-30,E05,3713210.2
2025-10-31,E05,3733353.89
2025-11-01,E05,3730511.57
2025-11-02,E05,3675217.35
2025-11-03,E05,3722511.32
2025-11-04,E05,3741640.52
2025-11-05,E05,3717751.58
2025-11-06,E05,3656688.86
2025-11-07,E05,3627686.53
2025-11-08,E05,3621743.95
2025-11-09,E05,3677321.03
2025-11-10,E05,3592654.06
2025-11-11,E05,3485811.43
2025-11-12,E05,3519786.81
2025-11-13,E05,3431703.15
2025-11-14,E05,3465848.39
2025-11-15,E05,3381438.82
2025-11-16,E05,3304482.05
2025-11-17,E05,3318781.91
2025-11-18,E05,3388167.53
2025-11-19,E05,3458864.0
2025-11-20,E05,3428957.68
2025-11-21,E05,3392228.17
2025-11-22,E05,3415836.94
2025-11-23,E05,3378931.47
2025-11-24,E05,3489278.43
2025-11-25,E05,3439821.63
2025-11-26,E05,3491839.24
2025-11-27,E05,3356659.32
2025-11-28,E05,3308205.49
2025-11-29,E05,3237071.87
2025-11-30,E05,3192451.3
2025-12-01,E05,3246663.34
2025-12-02,E05,3307225.41
2025-12-03,E05,3335068.08
2025-12-04,E05,3396407.21
2025-12-05,E05,3334757.82
2025-12-06,E05,3308623.14
2025-12-07,E05,3327654.7
2025-12-08,E05,3360391.24
2025-12-09,E05,3305709.1
2025-12-10,E05,3222530.71
2025-12-11,E05,3155663.75
2025-12-12,E05,3233682.25
2025-12-13,E05,3256162.72
2025-12-14,E05,3287742.23
2025-12-15,E05,3287322.49
2025-12-16,E05,3266834.97
2025-12-17,E05,3413601.57
2025-12-18,E05,3418600.85
2025-12-19,E05,3549469.01
2025-12-20,E05,3546982.55
2025-12-21,E05,3422955.55
2025-12-22,E05,3390179.45
2025-12-23,E05,3394172.89
2025-12-24,E05,3421573.3
2025-12-25,E05,3440135.56
2025-12-26,E05,3371137.75
2025-12-27,E05,3318342.0
2025-12-28,E05,3264870.05
2025-12-29,E05,3268033.74
2025-12-30,E05,3301018.85
2025-12-31,E05,3242654.66
2026-01-01,E05,3178321.09
2026-01-02,E05,3115084.0
2026-01-03,E05,3183002.77
2026-01-04,E05,3196432.5
2026-01-05,E05,3026734.33
2026-01-06,E05,3089290.26
2026-01-07,E05,3155165.89
2026-01-08,E05,3106295.55
2026-01-09,E05,2992672.37
2026-01-10,E05,3015631.59
2026-01-11,E05,3134400.66
2026-01-12,E05,3156938.52
2026-01-13,E05,3156666.56
2026-01-14,E05,3051663.89
2026-01-15,E05,2993599.49
2026-01-16,E05,2954779.62
2026-01-17,E05,2924914.16
2026-01-18,E05,2990185.28
2026-01-19,E05,2913486.35
2026-01-20,E05,2890031.11
2026-01-21,E05,2854710.94
2026-01-22,E05,2880370.19
2026-01-23,E05,2911517.02
2026-01-24,E05,3022787.85
2026-01-25,E05,3014128.21
2026-01-26,E05,3054924.94
2026-01-27,E05,3055542.52
2026-01-28,E05,3140746.06
2026-01-29,E05,3205656.3
2026-01-30,E05,3259071.18
2026-01-31,E05,3238001.19
2026-02-01,E05,3211582.3
2026-02-02,E05,3144494.9
2026-02-03,E05,3132518.58
2026-02-04,E05,3174777.57
2026-02-05,E05,3130891.46
2026-02-06,E05,3163049.37
2026-02-07,E05,3198643.16
2026-02-08,E05,3185810.54
2026-02-09,E05,3112861.14
2026-02-10,E05,3125975.21
2026-02-11,E05,3110536.48
2026-02-12,E05,3137348.9
2026-02-13,E05,3228956.51
2026-02-14,E05,3098248.82
2026-02-15,E05,3053865.62
2026-02-16,E05,3184432.36
2026-02-17,E05,3076095.61
2026-02-18,E05,3066011.69
2026-02-19,E05,2985627.22
2026-02-20,E05,2926972.01
2026-02-21,E05,2976585.83
2026-02-22,E05,2842436.5
2026-02-23,E05,2775074.39
2026-02-24,E05,2830808.24
2026-02-25,E05,2807401.39
2026-02-26,E05,2868253.35
2026-02-27,E05,2782096.19
2026-02-28,E05,2805885.49
2026-03-01,E05,2773167.18
2026-03-02,E05,2806445.95
2026-03-03,E05,2752941.59
2026-03-04,E05,2784542.29
2026-03-05,E05,2711475.72
2026-03-06,E05,2673542.77
2026-03-07,E05,2591586.36
2026-03-08,E05,2752127.53
2026-03-09,E05,2775893.24
2026-03-10,E05,2800231.31
2026-03-11,E05,2821057.52
2026-03-12,E05,2777951.76
2026-03-13,E05,2716664.1
2026-03-14,E05,2640413.48
2026-03-15,E05,2611931.88
2026-03-16,E05,2652953.95
2026-03-17,E05,2742840.6
2026-03-18,E05,2656559.1
2026-03-19,E05,2653376.19
2026-03-20,E05,2589188.72
2026-03-21,E05,2511015.02
2026-03-22,E05,2559362.48
2026-03-23,E05,2582010.38
2026-03-24,E05,2696606.89
2026-03-25,E05,2596894.57
2026-03-26,E05,2537968.02
2026-03-27,E05,2461110.03
2026-03-28,E05,2465346.56
2026-03-29,E05,2553064.18
2026-03-30,E05,2663820.45
2026-03-31,E05,2591900.29
2026-04-01,E05,2590634.82
2026-04-02,E05,2604976.2
2026-04-03,E05,2707584.89
2026-04-04,E05,2817666.89
2026-04-05,E05,2794040.66
2026-04-06,E05,2688518.12
2026-04-07,E05,2740259.48
2026-04-08,E05,2737908.21
2026-04-09,E05,2756319.44
2026-04-10,E05,2670437.68
2026-04-11,E05,2688598.89
2026-04-12,E05,2741182.85
2026-04-13,E05,2763786.26
2026-04-14,E05,2750315.51
2026-04-15,E05,2760157.32
2026-04-16,E05,2643693.51
2026-04-17,E05,2608137.83
2026-04-18,E05,2625251.61
2026-04-19,E05,2562790.29
2026-04-20,E05,2507384.72
2026-04-21,E05,2555540.43
2026-04-22,E05,2569212.38
2026-04-23,E05,2546098.15
2026-04-24,E05,2663387.21
2026-04-25,E05,2669877.13
2026-04-26,E05,2686316.62
2026-04-27,E05,2687154.65
2026-04-28,E05,2723124.3
2026-04-29,E05,2664647.48
2026-04-30,E05,2695425.99
2026-05-01,E05,2590919.4
2026-05-02,E05,2674099.16
2026-05-03,E05,2773363.8
2026-05-04,E05,2748830.81
2026-05-05,E05,2871967.59
2026-05-06,E05,2959578.8
2026-05-07,E05,2912506.45
2026-05-08,E05,2900284.14
2026-05-09,E05,2923060.45
2026-05-10,E05,2858780.24
2026-05-11,E05,2930434.82
2026-05-12,E05,2849974.66
2026-05-13,E05,2891591.98
2026-05-14,E05,2855056.02
2026-05-15,E05,2853292.97
2026-05-16,E05,2831901.28
2026-05-17,E05,2771519.07
2026-05-18,E05,2768784.17
2026-05-19,E05,2734211.96
2026-05-20,E05,2809620.05
2026-05-21,E05,2720303.66
2026-05-22,E05,2813779.46
2026-05-23,E05,2834592.87
2026-05-24,E05,2931864.16
2026-05-25,E05,2920592.51
2026-05-26,E05,2886814.83
2026-05-27,E05,2859766.75
2026-05-28,E05,2829952.96
2026-05-29,E05,2900562.73
2026-05-30,E05,2954938.74
2026-05-31,E05,2816515.6
2026-06-01,E05,2791147.7
2026-06-02,E05,2778820.2
2026-06-03,E05,2742721.33
2026-06-04,E05,2572345.58
2026-06-05,E05,2572257.96
2026-06-06,E05,2588167.99
2026-06-07,E05,2593874.15
2026-06-08,E05,2550721.58
2026-06-09,E05,2518074.29
2026-06-10,E05,2423871.32
2026-06-11,E05,2538022.79
2026-06-12,E05,2565565.76
2026-06-13,E05,2644515.19
2026-06-14,E05,2573922.79
2026-06-15,E05,2586111.61
2026-06-16,E05,2622611.69
2026-06-17,E05,2596489.01
2026-06-18,E05,2572135.65
2026-06-19,E05,2516265.91
2026-06-20,E05,2509369.86
2026-06-21,E05,2433315.18
2026-06-22,E05,2340995.55
2026-06-23,E05,2366008.69
2026-06-24,E05,2565747.74
2026-06-25,E05,2606812.81
2026-06-26,E05,2620334.74
2026-06-27,E05,2535220.34
2026-06-28,E05,2623741.58
2026-06-29,E05,2645195.8
2026-06-30,E05,2650433.46
2026-07-01,E05,2610208.69
2026-07-02,E05,2537453.87
2026-07-03,E05,2535344.86
2026-07-04,E05,2531449.51
2026-07-05,E05,2574519.8
2026-07-06,E05,2650519.22
2026-07-07,E05,2690827.9
2026-07-08,E05,2760878.18
2026-07-09,E05,2820953.81
2026-07-10,E05,2847683.91
2026-07-11,E05,2833750.89
2026-07-12,E05,2809851.92
2026-07-13,E05,2878252.49
2026-07-14,E05,3015725.22
2026-07-15,E05,3008467.92
2026-07-16,E05,3020175.62
2026-07-17,E05,3013103.5
2026-07-18,E05,2980754.76
2026-07-19,E05,3045835.44
2026-07-20,E05,2980318.64
2026-07-21,E05,2999743.24
2026-07-22,E05,2986339.54
2026-07-23,E05,3099406.92
2026-07-24,E05,3091062.24
2026-07-25,E05,3229849.85
2026-07-26,E05,3177009.58
2026-07-27,E05,3211006.26
2026-07-28,E05,3199462.94
2026-07-29,E05,3162752.98
2026-07-30,E05,3194206.54
2026-07-31,E05,3294785.72
2026-08-01,E05,3343871.41
2026-08-02,E05,3423870.11
2026-08-03,E05,3302249.88
2026-08-04,E05,3168077.64
2026-08-05,E05,3089065.7
2026-08-06,E05,3104846.27
2026-08-07,E05,3002544.64
2026-08-08,E05,3042940.76
2026-08-09,E05,2897056.25
2026-08-10,E05,2911535.98
2026-08-11,E05,2866704.18
2026-08-12,E05,2863654.33
2026-08-13,E05,2805763.3
2026-08-14,E05,2682222.6
2026-08-15,E05,2687902.86
2026-08-16,E05,2624860.48
2026-08-17,E05,2695171.06
2026-08-18,E05,2660030.51
2026-08-19,E05,2701488.06
2026-08-20,E05,2695992.38
2026-08-21,E05,2579701.1
2026-08-22,E05,2566423.16
2026-08-23,E05,2654056.53
2026-08-24,E05,2722300.41
2026-08-25,E05,2702074.88
2026-08-26,E05,2700326.7
2026-08-27,E05,2710877.33
2026-08-28,E05,2666238.17
2026-08-29,E05,2702160.39
2026-08-30,E05,2766155.92
2026-08-31,E05,2768494.21
2022-01-01,E06,2558261.18
2022-01-02,E06,2527546.54
2022-01-03,E06,2557343.06
2022-01-04,E06,2625726.04
2022-01-05,E06,2552099.64
2022-01-06,E06,2635070.7
2022-01-07,E06,2603044.25
2022-01-08,E06,2675436.35
2022-01-09,E06,2656535.96
2022-01-10,E06,2643586.36
2022-01-11,E06,2809538.64
2022-01-12,E06,2785040.47
2022-01-13,E06,2756920.97
2022-01-14,E06,2761126.99
2022-01-15,E06,2769055.49
2022-01-16,E06,2766979.36
2022-01-17,E06,2686801.9
2022-01-18,E06,2784882.76
2022-01-19,E06,2836752.23
2022-01-20,E06,2862098.52
2022-01-21,E06,2850613.08
2022-01-22,E06,2890908.5
2022-01-23,E06,2953225.75
2022-01-24,E06,2960125.17
2022-01-25,E06,2945718.45
2022-01-26,E06,2844546.84
2022-01-27,E06,2910534.87
2022-01-28,E06,2946936.81
2022-01-29,E06,2914271.2
2022-01-30,E06,2899448.36
2022-01-31,E06,2903766.18
2022-02-01,E06,2858275.47
2022-02-02,E06,2859515.92
2022-02-03,E06,2898705.3
2022-02-04,E06,2995852.0
2022-02-05,E06,2921363.84
2022-02-06,E06,2789089.78
2022-02-07,E06,2745770.76
2022-02-08,E06,2676352.04
2022-02-09,E06,2652616.59
2022-02-10,E06,2707065.74
2022-02-11,E06,2731475.64
2022-02-12,E06,2795153.76
2022-02-13,E06,2770079.5
2022-02-14,E06,2791902.91
2022-02-15,E06,2762102.24
2022-02-16,E06,2813794.86
2022-02-17,E06,2979790.77
2022-02-18,E06,3053983.4
2022-02-19,E06,2966626.8
2022-02-20,E06,2934889.09
2022-02-21,E06,2708872.96
2022-02-22,E06,2694527.59
2022-02-23,E06,2679995.76
2022-02-24,E06,2776695.67
2022-02-25,E06,2726329.81
2022-02-26,E06,2782736.95
2022-02-27,E06,2794288.59
2022-02-28,E06,2785527.34
2022-03-01,E06,2853245.29
2022-03-02,E06,2991166.23
2022-03-03,E06,3138719.13
2022-03-04,E06,3148916.79
2022-03-05,E06,3008539.17
2022-03-06,E06,2917680.82
2022-03-07,E06,2865379.85
2022-03-08,E06,2823732.83
2022-03-09,E06,2881225.76
2022-03-10,E06,2844468.56
2022-03-11,E06,2872354.41
2022-03-12,E06,2902674.57
2022-03-13,E06,2864414.28
2022-03-14,E06,2859776.07
2022-03-15,E06,2768569.14
2022-03-16,E06,2800577.35
2022-03-17,E06,2770650.17
2022-03-18,E06,2814868.2
2022-03-19,E06,2853468.2
2022-03-20,E06,2732131.03
2022-03-21,E06,2698494.39
2022-03-22,E06,2764234.42
2022-03-23,E06,2784627.31
2022-03-24,E06,2714665.45
2022-03-25,E06,2686974.59
2022-03-26,E06,2602091.7
2022-03-27,E06,2617164.89
2022-03-28,E06,2700918.97
2022-03-29,E06,2604535.53
2022-03-30,E06,2607304.32
2022-03-31,E06,2603622.5
2022-04-01,E06,2605296.8
2022-04-02,E06,2649842.17
2022-04-03,E06,2543512.61
2022-04-04,E06,2519610.23
2022-04-05,E06,2568423.16
2022-04-06,E06,2675571.27
2022-04-07,E06,2647639.3
2022-04-08,E06,2625338.84
2022-04-09,E06,2580491.39
2022-04-10,E06,2624343.21
2022-04-11,E06,2601352.63
2022-04-12,E06,2564454.73
2022-04-13,E06,2420552.5
2022-04-14,E06,2394788.38
2022-04-15,E06,2483328.54
2022-04-16,E06,2413165.56
2022-04-17,E06,2342957.44
2022-04-18,E06,2425773.59
2022-04-19,E06,2444479.65
2022-04-20,E06,2531020.47
2022-04-21,E06,2564933.59
2022-04-22,E06,2663870.87
2022-04-23,E06,2611306.92
2022-04-24,E06,2578158.57
2022-04-25,E06,2560619.95
2022-04-26,E06,2569917.06
2022-04-27,E06,2508415.23
2022-04-28,E06,2519051.1
2022-04-29,E06,2492352.95
2022-04-30,E06,2617326.57
2022-05-01,E06,2516422.73
2022-05-02,E06,2451339.7
2022-05-03,E06,2390203.75
2022-05-04,E06,2452917.51
2022-05-05,E06,2502532.57
2022-05-06,E06,2540070.89
2022-05-07,E06,2572788.68
2022-05-08,E06,2715627.39
2022-05-09,E06,2827424.35
2022-05-10,E06,2826256.03
2022-05-11,E06,2813337.87
2022-05-12,E06,2847463.91
2022-05-13,E06,2805137.95
2022-05-14,E06,2871523.55
2022-05-15,E06,2948430.25
2022-05-16,E06,2908265.94
2022-05-17,E06,2872528.41
2022-05-18,E06,2944731.55
2022-05-19,E06,2925846.36
2022-05-20,E06,2983075.51
2022-05-21,E06,2920368.82
2022-05-22,E06,2968324.91
2022-05-23,E06,3001440.76
2022-05-24,E06,3041588.72
2022-05-25,E06,3192012.73
2022-05-26,E06,3233318.07
2022-05-27,E06,3068235.49
2022-05-28,E06,3088641.86
2022-05-29,E06,3106199.77
2022-05-30,E06,3146404.81
2022-05-31,E06,3221446.05
2022-06-01,E06,3250499.25
2022-06-02,E06,3181987.14
2022-06-03,E06,3056069.85
2022-06-04,E06,2973983.16
2022-06-05,E06,3029556.7
2022-06-06,E06,2999811.23
2022-06-07,E06,3013265.7
2022-06-08,E06,3014818.07
2022-06-09,E06,3086277.39
2022-06-10,E06,3092465.32
2022-06-11,E06,2994323.3
2022-06-12,E06,2989722.3
2022-06-13,E06,2953617.3
2022-06-14,E06,2969983.21
2022-06-15,E06,2973151.98
2022-06-16,E06,2991271.95
2022-06-17,E06,3107245.19
2022-06-18,E06,3091998.79
2022-06-19,E06,3216399.97
2022-06-20,E06,3290795.03
2022-06-21,E06,3291555.44
2022-06-22,E06,3269007.78
2022-06-23,E06,3191505.32
2022-06-24,E06,3308485.69
2022-06-25,E06,3258016.94
2022-06-26,E06,3317409.04
2022-06-27,E06,3416730.1
2022-06-28,E06,3396561.7
2022-06-29,E06,3414643.91
2022-06-30,E06,3481438.67
2022-07-01,E06,3450157.53
2022-07-02,E06,3414620.19
2022-07-03,E06,3497916.52
2022-07-04,E06,3404070.96
2022-07-05,E06,3468590.73
2022-07-06,E06,3458159.08
2022-07-07,E06,3482090.53
2022-07-08,E06,3623802.03
2022-07-09,E06,3660671.52
2022-07-10,E06,3589928.16
2022-07-11,E06,3589592.55
2022-07-12,E06,3585376.64
2022-07-13,E06,3560276.7
2022-07-14,E06,3632885.29
2022-07-15,E06,3595360.67
2022-07-16,E06,3623172.78
2022-07-17,E06,3556007.39
2022-07-18,E06,3554641.03
2022-07-19,E06,3524190.35
2022-07-20,E06,3559650.94
2022-07-21,E06,3523383.87
2022-07-22,E06,3544523.89
2022-07-23,E06,3531005.3
2022-07-24,E06,3654903.69
2022-07-25,E06,3602816.56
2022-07-26,E06,3516094.97
2022-07-27,E06,3454094.68
2022-07-28,E06,3496533.07
2022-07-29,E06,3530410.59
2022-07-30,E06,3472075.86
2022-07-31,E06,3388550.9
2022-08-01,E06,3546611.02
2022-08-02,E06,3548151.92
2022-08-03,E06,3561060.81
2022-08-04,E06,3664089.26
2022-08-05,E06,3600368.16
2022-08-06,E06,3612631.93
2022-08-07,E06,3641035.47
2022-08-08,E06,3723766.57
2022-08-09,E06,3724319.45
2022-08-10,E06,3813486.43
2022-08-11,E06,3928736.8
2022-08-12,E06,3982200.35
2022-08-13,E06,4051783.33
2022-08-14,E06,4086052.45
2022-08-15,E06,4155702.25
2022-08-16,E06,4167986.15
2022-08-17,E06,4106225.8
2022-08-18,E06,4113982.85
2022-08-19,E06,4209100.7
2022-08-20,E06,4200371.91
2022-08-21,E06,4155266.9
2022-08-22,E06,4255493.22
2022-08-23,E06,4185655.16
2022-08-24,E06,4163617.04
2022-08-25,E06,4138487.15
2022-08-26,E06,4142730.81
2022-08-27,E06,4211520.16
2022-08-28,E06,4166197.51
2022-08-29,E06,4109672.03
2022-08-30,E06,4077579.02
2022-08-31,E06,4108967.07
2022-09-01,E06,4041173.14
2022-09-02,E06,4234104.69
2022-09-03,E06,4219283.26
2022-09-04,E06,4198077.91
2022-09-05,E06,4293466.99
2022-09-06,E06,4277008.21
2022-09-07,E06,4223812.35
2022-09-08,E06,4213166.06
2022-09-09,E06,4181138.27
2022-09-10,E06,4151765.89
2022-09-11,E06,4138674.81
2022-09-12,E06,4198387.0
2022-09-13,E06,4262123.92
2022-09-14,E06,4251113.47
2022-09-15,E06,4218070.33
2022-09-16,E06,4260416.67
2022-09-17,E06,4185886.91
2022-09-18,E06,4236337.98
2022-09-19,E06,4398361.95
2022-09-20,E06,4383148.22
2022-09-21,E06,4490624.32
2022-09-22,E06,4544511.93
2022-09-23,E06,4617543.6
2022-09-24,E06,4618461.28
2022-09-25,E06,4735113.57
2022-09-26,E06,4740601.77
2022-09-27,E06,4685169.06
2022-09-28,E06,4808005.19
2022-09-29,E06,4977023.53
2022-09-30,E06,4940413.95
2022-10-01,E06,4934613.35
2022-10-02,E06,4917539.63
2022-10-03,E06,4927486.79
2022-10-04,E06,4884862.34
2022-10-05,E06,4957363.33
2022-10-06,E06,4916681.96
2022-10-07,E06,4906439.74
2022-10-08,E06,4914885.34
2022-10-09,E06,4857575.96
2022-10-10,E06,4913311.5
2022-10-11,E06,4938387.64
2022-10-12,E06,4942875.25
2022-10-13,E06,5020632.23
2022-10-14,E06,4980973.86
2022-10-15,E06,4942176.24
2022-10-16,E06,4910458.51
2022-10-17,E06,4931935.73
2022-10-18,E06,4955940.93
2022-10-19,E06,4945061.27
2022-10-20,E06,4880562.49
2022-10-21,E06,4971092.61
2022-10-22,E06,4857935.38
2022-10-23,E06,4940896.84
2022-10-24,E06,5067677.03
2022-10-25,E06,5116889.86
2022-10-26,E06,5111796.82
2022-10-27,E06,5083881.62
2022-10-28,E06,4941649.93
2022-10-29,E06,4923243.6
2022-10-30,E06,4961210.18
2022-10-31,E06,4830851.02
2022-11-01,E06,4825307.61
2022-11-02,E06,4917475.17
2022-11-03,E06,4921369.59
2022-11-04,E06,4728402.76
2022-11-05,E06,4689438.13
2022-11-06,E06,4624372.69
2022-11-07,E06,4633610.39
2022-11-08,E06,4618515.67
2022-11-09,E06,4466959.32
2022-11-10,E06,4455490.36
2022-11-11,E06,4532522.23
2022-11-12,E06,4519747.9
2022-11-13,E06,4548509.7
2022-11-14,E06,4526594.82
2022-11-15,E06,4459741.26
2022-11-16,E06,4535109.19
2022-11-17,E06,4516525.33
2022-11-18,E06,4548012.16
2022-11-19,E06,4433845.81
2022-11-20,E06,4492274.07
2022-11-21,E06,4398985.51
2022-11-22,E06,4498534.94
2022-11-23,E06,4567270.44
2022-11-24,E06,4523490.15
2022-11-25,E06,4610502.57
2022-11-26,E06,4678987.92
2022-11-27,E06,4619628.05
2022-11-28,E06,4503275.87
2022-11-29,E06,4482105.32
2022-11-30,E06,4410001.05
2022-12-01,E06,4442138.9
2022-12-02,E06,4558336.97
2022-12-03,E06,4492090.1
2022-12-04,E06,4609673.56
2022-12-05,E06,4644912.26
2022-12-06,E06,4561145.81
2022-12-07,E06,4646896.59
2022-12-08,E06,4657159.75
2022-12-09,E06,4567035.08
2022-12-10,E06,4732988.32
2022-12-11,E06,4725215.05
2022-12-12,E06,4680516.19
2022-12-13,E06,4767553.87
2022-12-14,E06,4808432.27
2022-12-15,E06,4842242.64
2022-12-16,E06,4860907.99
2022-12-17,E06,4860196.54
2022-12-18,E06,4972725.4
2022-12-19,E06,5042407.09
2022-12-20,E06,5014759.42
2022-12-21,E06,5018964.45
2022-12-22,E06,5067657.28
2022-12-23,E06,5111604.94
2022-12-24,E06,5049367.99
2022-12-25,E06,5049380.89
2022-12-26,E06,5071569.52
2022-12-27,E06,5104509.81
2022-12-28,E06,5075410.23
2022-12-29,E06,5010155.67
2022-12-30,E06,5056123.56
2022-12-31,E06,5019708.77
2023-01-01,E06,5114960.1
2023-01-02,E06,5144052.51
2023-01-03,E06,5132938.44
2023-01-04,E06,5131846.75
2023-01-05,E06,5164340.75
2023-01-06,E06,5148179.03
2023-01-07,E06,5106427.66
2023-01-08,E06,4997375.31
2023-01-09,E06,5043925.52
2023-01-10,E06,5076805.3
2023-01-11,E06,5068152.13
2023-01-12,E06,4986718.17
2023-01-13,E06,4972836.23
2023-01-14,E06,4799225.14
2023-01-15,E06,4868204.38
2023-01-16,E06,5038309.47
2023-01-17,E06,4956167.44
2023-01-18,E06,4978754.58
2023-01-19,E06,5011387.58
2023-01-20,E06,4975082.82
2023-01-21,E06,4954067.78
2023-01-22,E06,4959603.03
2023-01-23,E06,4912444.77
2023-01-24,E06,4775816.9
2023-01-25,E06,4889086.33
2023-01-26,E06,4823628.67
2023-01-27,E06,4929152.54
2023-01-28,E06,4892625.78
2023-01-29,E06,4895537.86
2023-01-30,E06,4864361.68
2023-01-31,E06,4926561.07
2023-02-01,E06,4958685.85
2023-02-02,E06,4901552.13
2023-02-03,E06,4889351.31
2023-02-04,E06,4983552.18
2023-02-05,E06,4984348.32
2023-02-06,E06,5054293.75
2023-02-07,E06,5105785.57
2023-02-08,E06,5057830.56
2023-02-09,E06,4952047.89
2023-02-10,E06,4924696.38
2023-02-11,E06,4928172.15
2023-02-12,E06,4919729.78
2023-02-13,E06,4798517.34
2023-02-14,E06,4815735.81
2023-02-15,E06,4836577.86
2023-02-16,E06,4832674.02
2023-02-17,E06,4848316.01
2023-02-18,E06,4819827.5
2023-02-19,E06,4863862.67
2023-02-20,E06,5016163.2
2023-02-21,E06,5026924.68
2023-02-22,E06,4977142.96
2023-02-23,E06,4792276.1
2023-02-24,E06,4808801.54
2023-02-25,E06,4851780.02
2023-02-26,E06,4804928.33
2023-02-27,E06,4811033.23
2023-02-28,E06,4870074.12
2023-03-01,E06,4928982.76
2023-03-02,E06,4921877.62
2023-03-03,E06,4922803.33
2023-03-04,E06,4974757.62
2023-03-05,E06,4935301.4
2023-03-06,E06,4942430.84
2023-03-07,E06,5037880.38
2023-03-08,E06,4994221.66
2023-03-09,E06,4971735.04
2023-03-10,E06,4949613.89
2023-03-11,E06,5106884.26
2023-03-12,E06,5059352.94
2023-03-13,E06,5114577.42
2023-03-14,E06,5106417.38
2023-03-15,E06,5028615.38
2023-03-16,E06,5025210.6
2023-03-17,E06,5208630.11
2023-03-18,E06,5283172.65
2023-03-19,E06,5272081.91
2023-03-20,E06,5211410.99
2023-03-21,E06,5268208.28
2023-03-22,E06,5097264.0
2023-03-23,E06,5156545.71
2023-03-24,E06,5184465.94
2023-03-25,E06,5309124.54
2023-03-26,E06,5241547.88
2023-03-27,E06,5212299.61
2023-03-28,E06,5166028.1
2023-03-29,E06,5205880.78
2023-03-30,E06,5273834.6
2023-03-31,E06,5254040.0
2023-04-01,E06,5297987.79
2023-04-02,E06,5198090.53
2023-04-03,E06,5195096.74
2023-04-04,E06,5130896.54
2023-04-05,E06,5116580.88
2023-04-06,E06,5151116.69
2023-04-07,E06,5142421.76
2023-04-08,E06,5128089.85
2023-04-09,E06,5098823.99
2023-04-10,E06,5182122.32
2023-04-11,E06,5223834.23
2023-04-12,E06,5184493.22
2023-04-13,E06,5070147.12
2023-04-14,E06,5145615.19
2023-04-15,E06,5148044.27
2023-04-16,E06,5143102.2
2023-04-17,E06,5249345.51
2023-04-18,E06,5224146.12
2023-04-19,E06,5102035.87
2023-04-20,E06,5076555.29
2023-04-21,E06,5066193.57
2023-04-22,E06,5155584.56
2023-04-23,E06,5073253.08
2023-04-24,E06,5070923.75
2023-04-25,E06,5070427.2
2023-04-26,E06,5042436.13
2023-04-27,E06,5047391.43
2023-04-28,E06,5044350.34
2023-04-29,E06,5070900.88
2023-04-30,E06,5040171.29
2023-05-01,E06,5010412.9
2023-05-02,E06,5108673.13
2023-05-03,E06,5121337.21
2023-05-04,E06,5120831.37
2023-05-05,E06,5148517.7
2023-05-06,E06,5018569.1
2023-05-07,E06,5015026.92
2023-05-08,E06,5014943.45
2023-05-09,E06,5067460.81
2023-05-10,E06,5074100.14
2023-05-11,E06,5085422.97
2023-05-12,E06,5044484.41
2023-05-13,E06,4965451.51
2023-05-14,E06,4984126.75
2023-05-15,E06,5005514.37
2023-05-16,E06,4862826.53
2023-05-17,E06,4932563.99
2023-05-18,E06,5097637.23
2023-05-19,E06,4960036.36
2023-05-20,E06,5017953.84
2023-05-21,E06,5004679.73
2023-05-22,E06,4970889.55
2023-05-23,E06,5061203.3
2023-05-24,E06,5027095.73
2023-05-25,E06,5107307.9
2023-05-26,E06,5143759.39
2023-05-27,E06,5014896.69
2023-05-28,E06,5042743.21
2023-05-29,E06,5062182.48
2023-05-30,E06,4975737.42
2023-05-31,E06,4851926.52
2023-06-01,E06,4875309.49
2023-06-02,E06,4883935.02
2023-06-03,E06,4845056.47
2023-06-04,E06,4803886.09
2023-06-05,E06,4853149.41
2023-06-06,E06,4838097.11
2023-06-07,E06,4815931.12
2023-06-08,E06,4818122.34
2023-06-09,E06,4716144.16
2023-06-10,E06,4662331.2
2023-06-11,E06,4668028.24
2023-06-12,E06,4687170.39
2023-06-13,E06,4612313.51
2023-06-14,E06,4658782.24
2023-06-15,E06,4757051.37
2023-06-16,E06,4829409.85
2023-06-17,E06,4909208.62
2023-06-18,E06,4939358.96
2023-06-19,E06,5018199.11
2023-06-20,E06,5155424.27
2023-06-21,E06,5111361.52
2023-06-22,E06,5134007.41
2023-06-23,E06,5122589.02
2023-06-24,E06,4974503.22
2023-06-25,E06,5009492.37
2023-06-26,E06,4994908.42
2023-06-27,E06,4966646.08
2023-06-28,E06,4995542.95
2023-06-29,E06,4978816.64
2023-06-30,E06,4908203.04
2023-07-01,E06,4897667.3
2023-07-02,E06,4940843.14
2023-07-03,E06,4931770.96
2023-07-04,E06,4874944.49
2023-07-05,E06,4824723.62
2023-07-06,E06,4856720.1
2023-07-07,E06,4844913.25
2023-07-08,E06,4825975.34
2023-07-09,E06,4908604.81
2023-07-10,E06,4986087.3
2023-07-11,E06,4956469.52
2023-07-12,E06,4891546.34
2023-07-13,E06,4894016.52
2023-07-14,E06,4733900.25
2023-07-15,E06,4768836.55
2023-07-16,E06,4819875.72
2023-07-17,E06,4871016.4
2023-07-18,E06,4828875.35
2023-07-19,E06,4777823.13
2023-07-20,E06,4672816.39
2023-07-21,E06,4577572.87
2023-07-22,E06,4585566.62
2023-07-23,E06,4563112.39
2023-07-24,E06,4551035.38
2023-07-25,E06,4607534.07
2023-07-26,E06,4506816.49
2023-07-27,E06,4516208.05
2023-07-28,E06,4458428.0
2023-07-29,E06,4537299.86
2023-07-30,E06,4549306.68
2023-07-31,E06,4485717.35
2023-08-01,E06,4524949.47
2023-08-02,E06,4384135.55
2023-08-03,E06,4358486.4
2023-08-04,E06,4376131.01
2023-08-05,E06,4327584.39
2023-08-06,E06,4291943.95
2023-08-07,E06,4322824.86
2023-08-08,E06,4289200.48
2023-08-09,E06,4317966.45
2023-08-10,E06,4379382.76
2023-08-11,E06,4358532.87
2023-08-12,E06,4353242.31
2023-08-13,E06,4328020.12
2023-08-14,E06,4203799.88
2023-08-15,E06,4225090.0
2023-08-16,E06,4232016.6
2023-08-17,E06,4175571.64
2023-08-18,E06,4168809.16
2023-08-19,E06,4255938.17
2023-08-20,E06,4288152.37
2023-08-21,E06,4379749.51
2023-08-22,E06,4397655.29
2023-08-23,E06,4366451.97
2023-08-24,E06,4305737.96
2023-08-25,E06,4302837.24
2023-08-26,E06,4323191.54
2023-08-27,E06,4166787.3
2023-08-28,E06,4200552.68
2023-08-29,E06,4162198.14
2023-08-30,E06,4150598.73
2023-08-31,E06,4168330.03
2023-09-01,E06,4141069.34
2023-09-02,E06,4155896.07
2023-09-03,E06,4096803.8
2023-09-04,E06,4070818.75
2023-09-05,E06,4128355.05
2023-09-06,E06,4173515.79
2023-09-07,E06,4146286.63
2023-09-08,E06,4160658.43
2023-09-09,E06,4132972.73
2023-09-10,E06,4097639.02
2023-09-11,E06,4142479.15
2023-09-12,E06,3975355.92
2023-09-13,E06,4087365.08
2023-09-14,E06,4057425.1
2023-09-15,E06,3994737.38
2023-09-16,E06,3870240.83
2023-09-17,E06,3898785.43
2023-09-18,E06,3915546.14
2023-09-19,E06,4112363.85
2023-09-20,E06,4102191.11
2023-09-21,E06,4123685.92
2023-09-22,E06,4112054.39
2023-09-23,E06,4036592.22
2023-09-24,E06,4116791.05
2023-09-25,E06,4096720.56
2023-09-26,E06,4078095.42
2023-09-27,E06,4005410.51
2023-09-28,E06,3975630.36
2023-09-29,E06,3945758.24
2023-09-30,E06,3944703.65
2023-10-01,E06,3875246.83
2023-10-02,E06,3999175.2
2023-10-03,E06,3982123.33
2023-10-04,E06,4077163.64
2023-10-05,E06,3979430.26
2023-10-06,E06,4001994.95
2023-10-07,E06,3997367.0
2023-10-08,E06,4129333.72
2023-10-09,E06,4217504.02
2023-10-10,E06,4145945.33
2023-10-11,E06,4148643.29
2023-10-12,E06,4208562.38
2023-10-13,E06,4237267.17
2023-10-14,E06,4209032.99
2023-10-15,E06,4174913.39
2023-10-16,E06,4150469.53
2023-10-17,E06,4161347.13
2023-10-18,E06,4157789.06
2023-10-19,E06,4181891.81
2023-10-20,E06,4183317.48
2023-10-21,E06,4207166.11
2023-10-22,E06,4145241.11
2023-10-23,E06,4156124.93
2023-10-24,E06,4189739.29
2023-10-25,E06,4207297.02
2023-10-26,E06,4190642.11
2023-10-27,E06,4228743.07
2023-10-28,E06,4147572.2
2023-10-29,E06,4248621.14
2023-10-30,E06,4261302.13
2023-10-31,E06,4106245.7
2023-11-01,E06,4201140.68
2023-11-02,E06,4330752.11
2023-11-03,E06,4398809.77
2023-11-04,E06,4469284.95
2023-11-05,E06,4348722.86
2023-11-06,E06,4214688.88
2023-11-07,E06,4140791.34
2023-11-08,E06,4032346.53
2023-11-09,E06,4013806.29
2023-11-10,E06,4056789.41
2023-11-11,E06,4057438.44
2023-11-12,E06,4024043.53
2023-11-13,E06,3981363.56
2023-11-14,E06,3969779.06
2023-11-15,E06,3917588.13
2023-11-16,E06,3933148.77
2023-11-17,E06,3950512.23
2023-11-18,E06,3918334.68
2023-11-19,E06,3865216.22
2023-11-20,E06,3928846.11
2023-11-21,E06,3909974.03
2023-11-22,E06,3907619.41
2023-11-23,E06,3757042.72
2023-11-24,E06,3798503.06
2023-11-25,E06,3785145.82
2023-11-26,E06,3895679.74
2023-11-27,E06,3901587.41
2023-11-28,E06,3992566.38
2023-11-29,E06,3925720.02
2023-11-30,E06,3950838.45
2023-12-01,E06,3840002.41
2023-12-02,E06,3851555.77
2023-12-03,E06,3907110.74
2023-12-04,E06,3865582.77
2023-12-05,E06,3762993.87
2023-12-06,E06,3773348.77
2023-12-07,E06,3736636.8
2023-12-08,E06,3745790.24
2023-12-09,E06,3723943.99
2023-12-10,E06,3681798.89
2023-12-11,E06,3714693.75
2023-12-12,E06,3696061.62
2023-12-13,E06,3644230.56
2023-12-14,E06,3655659.71
2023-12-15,E06,3694322.41
2023-12-16,E06,3706200.27
2023-12-17,E06,3686667.2
2023-12-18,E06,3632903.02
2023-12-19,E06,3786375.26
2023-12-20,E06,3861908.76
2023-12-21,E06,3820102.48
2023-12-22,E06,3860384.02
2023-12-23,E06,3905522.98
2023-12-24,E06,4016106.17
2023-12-25,E06,4073957.61
2023-12-26,E06,4088668.02
2023-12-27,E06,4069932.17
2023-12-28,E06,4122889.6
2023-12-29,E06,4147865.75
2023-12-30,E06,4156824.32
2023-12-31,E06,4266037.16
2024-01-01,E06,4302832.62
2024-01-02,E06,4312965.66
2024-01-03,E06,4282108.92
2024-01-04,E06,4350907.32
2024-01-05,E06,4292908.21
2024-01-06,E06,4333245.29
2024-01-07,E06,4223791.54
2024-01-08,E06,4299323.87
2024-01-09,E06,4153045.09
2024-01-10,E06,4130705.44
2024-01-11,E06,4113105.05
2024-01-12,E06,4145603.32
2024-01-13,E06,4137258.74
2024-01-14,E06,4127108.26
2024-01-15,E06,4106841.45
2024-01-16,E06,4072076.69
2024-01-17,E06,4087906.17
2024-01-18,E06,4015313.97
2024-01-19,E06,3898104.87
2024-01-20,E06,3977651.65
2024-01-21,E06,3882986.87
2024-01-22,E06,3983332.01
2024-01-23,E06,4032922.05
2024-01-24,E06,4084578.1
2024-01-25,E06,4059510.8
2024-01-26,E06,3973263.81
2024-01-27,E06,3876162.3
2024-01-28,E06,3871350.85
2024-01-29,E06,3959905.76
2024-01-30,E06,3849986.98
2024-01-31,E06,3804927.4
2024-02-01,E06,3746105.31
2024-02-02,E06,3718797.89
2024-02-03,E06,3714143.75
2024-02-04,E06,3711949.57
2024-02-05,E06,3745422.28
2024-02-06,E06,3791238.02
2024-02-07,E06,3766965.66
2024-02-08,E06,3808404.21
2024-02-09,E06,3862289.83
2024-02-10,E06,3892663.24
2024-02-11,E06,3916047.23
2024-02-12,E06,3874562.91
2024-02-13,E06,3789555.15
2024-02-14,E06,3928615.4
2024-02-15,E06,3924671.9
2024-02-16,E06,3891112.29
2024-02-17,E06,3888091.04
2024-02-18,E06,4024301.24
2024-02-19,E06,4036708.83
2024-02-20,E06,4097540.48
2024-02-21,E06,4046351.3
2024-02-22,E06,4063119.48
2024-02-23,E06,3912315.24
2024-02-24,E06,3921389.94
2024-02-25,E06,3857385.47
2024-02-26,E06,3877899.89
2024-02-27,E06,3781225.03
2024-02-28,E06,3809650.47
2024-02-29,E06,3750873.32
2024-03-01,E06,3695941.43
2024-03-02,E06,3702725.37
2024-03-03,E06,3808259.57
2024-03-04,E06,3789394.61
2024-03-05,E06,3717320.93
2024-03-06,E06,3584889.47
2024-03-07,E06,3484108.87
2024-03-08,E06,3462033.05
2024-03-09,E06,3424286.5
2024-03-10,E06,3405810.02
2024-03-11,E06,3361540.6
2024-03-12,E06,3268256.87
2024-03-13,E06,3341585.05
2024-03-14,E06,3301773.36
2024-03-15,E06,3322013.52
2024-03-16,E06,3313592.86
2024-03-17,E06,3278163.2
2024-03-18,E06,3318908.32
2024-03-19,E06,3295111.24
2024-03-20,E06,3327818.44
2024-03-21,E06,3393800.39
2024-03-22,E06,3496524.62
2024-03-23,E06,3464006.08
2024-03-24,E06,3476265.71
2024-03-25,E06,3378065.28
2024-03-26,E06,3495678.5
2024-03-27,E06,3417444.21
2024-03-28,E06,3330881.83
2024-03-29,E06,3386522.4
2024-03-30,E06,3397764.9
2024-03-31,E06,3365972.3
2024-04-01,E06,3429818.46
2024-04-02,E06,3491760.91
2024-04-03,E06,3544209.92
2024-04-04,E06,3474072.27
2024-04-05,E06,3519835.65
2024-04-06,E06,3505238.24
2024-04-07,E06,3416486.48
2024-04-08,E06,3497302.9
2024-04-09,E06,3469632.82
2024-04-10,E06,3467726.56
2024-04-11,E06,3576779.37
2024-04-12,E06,3571512.07
2024-04-13,E06,3516856.94
2024-04-14,E06,3516509.25
2024-04-15,E06,3563624.35
2024-04-16,E06,3464110.86
2024-04-17,E06,3474047.91
2024-04-18,E06,3489289.24
2024-04-19,E06,3475764.2
2024-04-20,E06,3550795.91
2024-04-21,E06,3483256.25
2024-04-22,E06,3493124.74
2024-04-23,E06,3457883.39
2024-04-24,E06,3478469.54
2024-04-25,E06,3367103.41
2024-04-26,E06,3452563.53
2024-04-27,E06,3459180.76
2024-04-28,E06,3468014.08
2024-04-29,E06,3556027.81
2024-04-30,E06,3598202.28
2024-05-01,E06,3625719.7
2024-05-02,E06,3661365.37
2024-05-03,E06,3610691.04
2024-05-04,E06,3545092.25
2024-05-05,E06,3468896.66
2024-05-06,E06,3510353.9
2024-05-07,E06,3502644.8
2024-05-08,E06,3578906.81
2024-05-09,E06,3651194.92
2024-05-10,E06,3644733.39
2024-05-11,E06,3697778.82
2024-05-12,E06,3806951.91
2024-05-13,E06,3762588.3
2024-05-14,E06,3799910.65
2024-05-15,E06,3776507.84
2024-05-16,E06,3819565.46
2024-05-17,E06,3659155.89
2024-05-18,E06,3634085.83
2024-05-19,E06,3650095.46
2024-05-20,E06,3688605.05
2024-05-21,E06,3594586.37
2024-05-22,E06,3616488.95
2024-05-23,E06,3591239.65
2024-05-24,E06,3520187.36
2024-05-25,E06,3527847.56
2024-05-26,E06,3485462.21
2024-05-27,E06,3509983.12
2024-05-28,E06,3525668.51
2024-05-29,E06,3562587.11
2024-05-30,E06,3556949.18
2024-05-31,E06,3544956.83
2024-06-01,E06,3531115.24
2024-06-02,E06,3440436.2
2024-06-03,E06,3432949.93
2024-06-04,E06,3481574.15
2024-06-05,E06,3383811.62
2024-06-06,E06,3409217.37
2024-06-07,E06,3302350.73
2024-06-08,E06,3281108.26
2024-06-09,E06,3300215.18
2024-06-10,E06,3355900.95
2024-06-11,E06,3410448.26
2024-06-12,E06,3496756.93
2024-06-13,E06,3569891.6
2024-06-14,E06,3609639.26
2024-06-15,E06,3553871.45
2024-06-16,E06,3448522.21
2024-06-17,E06,3535522.43
2024-06-18,E06,3603488.43
2024-06-19,E06,3587178.52
2024-06-20,E06,3606481.97
2024-06-21,E06,3558286.29
2024-06-22,E06,3618685.78
2024-06-23,E06,3687853.46
2024-06-24,E06,3677865.25
2024-06-25,E06,3737494.96
2024-06-26,E06,3695223.5
2024-06-27,E06,3652274.41
2024-06-28,E06,3596971.09
2024-06-29,E06,3527445.85
2024-06-30,E06,3537928.84
2024-07-01,E06,3617472.95
2024-07-02,E06,3577953.32
2024-07-03,E06,3606381.32
2024-07-04,E06,3634975.71
2024-07-05,E06,3610057.64
2024-07-06,E06,3621200.59
2024-07-07,E06,3649137.14
2024-07-08,E06,3648923.24
2024-07-09,E06,3611629.38
2024-07-10,E06,3570208.01
2024-07-11,E06,3654380.94
2024-07-12,E06,3641271.32
2024-07-13,E06,3571829.43
2024-07-14,E06,3628500.07
2024-07-15,E06,3521766.33
2024-07-16,E06,3585668.49
2024-07-17,E06,3563748.63
2024-07-18,E06,3663560.37
2024-07-19,E06,3688458.54
2024-07-20,E06,3702662.68
2024-07-21,E06,3691755.92
2024-07-22,E06,3663462.92
2024-07-23,E06,3662591.0
2024-07-24,E06,3751406.15
2024-07-25,E06,3711824.75
2024-07-26,E06,3773248.35
2024-07-27,E06,3822700.2
2024-07-28,E06,3789373.5
2024-07-29,E06,3734851.55
2024-07-30,E06,3772223.88
2024-07-31,E06,3745031.31
2024-08-01,E06,3777288.67
2024-08-02,E06,3863042.55
2024-08-03,E06,3824802.45
2024-08-04,E06,3772108.04
2024-08-05,E06,3676054.23
2024-08-06,E06,3756017.57
2024-08-07,E06,3758306.7
2024-08-08,E06,3747265.58
2024-08-09,E06,3757919.95
2024-08-10,E06,3784036.54
2024-08-11,E06,3869429.52
2024-08-12,E06,3902226.56
2024-08-13,E06,3844326.99
2024-08-14,E06,3956913.89
2024-08-15,E06,3892659.09
2024-08-16,E06,3916559.01
2024-08-17,E06,3905370.68
2024-08-18,E06,3968602.82
2024-08-19,E06,3965580.1
2024-08-20,E06,3981241.79
2024-08-21,E06,3915474.53
2024-08-22,E06,4010836.65
2024-08-23,E06,4034932.26
2024-08-24,E06,3998933.05
2024-08-25,E06,4088072.62
2024-08-26,E06,4060099.71
2024-08-27,E06,4058513.71
2024-08-28,E06,4050198.55
2024-08-29,E06,4091816.61
2024-08-30,E06,4170944.54
2024-08-31,E06,4266876.47
2024-09-01,E06,4236042.5
2024-09-02,E06,4248725.4
2024-09-03,E06,4278058.65
2024-09-04,E06,4249818.08
2024-09-05,E06,4272322.23
2024-09-06,E06,4286416.32
2024-09-07,E06,4311516.64
2024-09-08,E06,4416024.82
2024-09-09,E06,4374446.19
2024-09-10,E06,4405359.79
2024-09-11,E06,4371136.47
2024-09-12,E06,4279116.11
2024-09-13,E06,4288370.29
2024-09-14,E06,4279733.43
2024-09-15,E06,4346790.83
2024-09-16,E06,4401215.28
2024-09-17,E06,4525157.17
2024-09-18,E06,4446645.51
2024-09-19,E06,4344757.56
2024-09-20,E06,4279602.0
2024-09-21,E06,4177432.38
2024-09-22,E06,4226620.8
2024-09-23,E06,4224384.63
2024-09-24,E06,4349217.61
2024-09-25,E06,4348883.65
2024-09-26,E06,4431678.25
2024-09-27,E06,4433371.97
2024-09-28,E06,4395198.42
2024-09-29,E06,4341394.72
2024-09-30,E06,4345841.89
2024-10-01,E06,4278690.37
2024-10-02,E06,4295961.84
2024-10-03,E06,4258320.82
2024-10-04,E06,4435943.17
2024-10-05,E06,4446950.69
2024-10-06,E06,4372792.18
2024-10-07,E06,4310674.11
2024-10-08,E06,4337437.39
2024-10-09,E06,4351212.03
2024-10-10,E06,4363535.55
2024-10-11,E06,4295863.43
2024-10-12,E06,4269919.72
2024-10-13,E06,4257613.97
2024-10-14,E06,4229642.54
2024-10-15,E06,4187140.26
2024-10-16,E06,4073610.41
2024-10-17,E06,4134459.35
2024-10-18,E06,4159081.91
2024-10-19,E06,4244609.78
2024-10-20,E06,4240049.45
2024-10-21,E06,4151991.75
2024-10-22,E06,4066893.06
2024-10-23,E06,4092304.55
2024-10-24,E06,3977976.69
2024-10-25,E06,3970584.47
2024-10-26,E06,3923499.6
2024-10-27,E06,3823063.11
2024-10-28,E06,3746349.15
2024-10-29,E06,3608975.63
2024-10-30,E06,3627515.88
2024-10-31,E06,3686343.96
2024-11-01,E06,3720496.56
2024-11-02,E06,3743211.08
2024-11-03,E06,3733801.57
2024-11-04,E06,3793974.07
2024-11-05,E06,3662596.8
2024-11-06,E06,3760578.07
2024-11-07,E06,3903359.54
2024-11-08,E06,3890637.67
2024-11-09,E06,3831947.49
2024-11-10,E06,3844146.4
2024-11-11,E06,3907374.74
2024-11-12,E06,3876439.51
2024-11-13,E06,3850263.43
2024-11-14,E06,3767366.54
2024-11-15,E06,3748017.98
2024-11-16,E06,3703473.03
2024-11-17,E06,3764140.88
2024-11-18,E06,3797605.02
2024-11-19,E06,3715480.08
2024-11-20,E06,3726495.05
2024-11-21,E06,3805370.31
2024-11-22,E06,3820579.94
2024-11-23,E06,3783174.07
2024-11-24,E06,3722716.35
2024-11-25,E06,3674899.35
2024-11-26,E06,3644360.7
2024-11-27,E06,3554819.05
2024-11-28,E06,3516736.24
2024-11-29,E06,3641337.51
2024-11-30,E06,3676599.34
2024-12-01,E06,3720713.23
2024-12-02,E06,3706189.03
2024-12-03,E06,3637271.0
2024-12-04,E06,3588284.75
2024-12-05,E06,3637021.38
2024-12-06,E06,3675098.94
2024-12-07,E06,3633541.25
2024-12-08,E06,3520060.86
2024-12-09,E06,3456974.8
2024-12-10,E06,3413672.24
2024-12-11,E06,3386454.52
2024-12-12,E06,3452685.42
2024-12-13,E06,3434854.0
2024-12-14,E06,3452690.92
2024-12-15,E06,3472055.85
2024-12-16,E06,3477147.65
2024-12-17,E06,3471603.98
2024-12-18,E06,3492740.96
2024-12-19,E06,3567889.93
2024-12-20,E06,3553229.11
2024-12-21,E06,3519593.81
2024-12-22,E06,3506689.95
2024-12-23,E06,3488598.45
2024-12-24,E06,3520236.8
2024-12-25,E06,3549187.13
2024-12-26,E06,3507386.59
2024-12-27,E06,3452939.22
2024-12-28,E06,3480493.98
2024-12-29,E06,3500196.15
2024-12-30,E06,3456810.28
2024-12-31,E06,3411731.11
2025-01-01,E06,3389811.28
2025-01-02,E06,3399920.93
2025-01-03,E06,3357792.53
2025-01-04,E06,3388951.53
2025-01-05,E06,3278773.6
2025-01-06,E06,3122149.64
2025-01-07,E06,3143174.74
2025-01-08,E06,2986650.95
2025-01-09,E06,2970519.47
2025-01-10,E06,2996170.52
2025-01-11,E06,2957047.02
2025-01-12,E06,3019805.19
2025-01-13,E06,3002340.09
2025-01-14,E06,2890211.3
2025-01-15,E06,2920032.06
2025-01-16,E06,2811998.68
2025-01-17,E06,2754379.83
2025-01-18,E06,2712353.71
2025-01-19,E06,2638276.78
2025-01-20,E06,2595323.83
2025-01-21,E06,2595382.05
2025-01-22,E06,2524674.12
2025-01-23,E06,2513975.06
2025-01-24,E06,2494246.93
2025-01-25,E06,2526442.47
2025-01-26,E06,2550839.95
2025-01-27,E06,2592521.71
2025-01-28,E06,2728526.38
2025-01-29,E06,2732005.69
2025-01-30,E06,2806468.42
2025-01-31,E06,2775152.69
2025-02-01,E06,2808191.57
2025-02-02,E06,2789105.79
2025-02-03,E06,2759456.27
2025-02-04,E06,2726032.44
2025-02-05,E06,2732745.25
2025-02-06,E06,2611255.39
2025-02-07,E06,2469989.73
2025-02-08,E06,2461426.33
2025-02-09,E06,2420485.03
2025-02-10,E06,2461804.48
2025-02-11,E06,2424811.75
2025-02-12,E06,2318936.61
2025-02-13,E06,2399036.33
2025-02-14,E06,2394382.86
2025-02-15,E06,2399901.77
2025-02-16,E06,2417320.23
2025-02-17,E06,2388555.46
2025-02-18,E06,2325143.89
2025-02-19,E06,2308823.71
2025-02-20,E06,2267397.49
2025-02-21,E06,2209903.77
2025-02-22,E06,2215205.47
2025-02-23,E06,2279833.81
2025-02-24,E06,2175905.74
2025-02-25,E06,2161599.3
2025-02-26,E06,2153439.63
2025-02-27,E06,2161405.45
2025-02-28,E06,2166080.38
2025-03-01,E06,2171620.84
2025-03-02,E06,2178312.2
2025-03-03,E06,2135203.83
2025-03-04,E06,2097438.26
2025-03-05,E06,2104992.45
2025-03-06,E06,2079569.46
2025-03-07,E06,2099313.54
2025-03-08,E06,2106631.77
2025-03-09,E06,2148415.6
2025-03-10,E06,2138499.61
2025-03-11,E06,2080460.51
2025-03-12,E06,2027694.76
2025-03-13,E06,1956659.89
2025-03-14,E06,1989357.4
2025-03-15,E06,1888042.24
2025-03-16,E06,1954603.17
2025-03-17,E06,2019287.97
2025-03-18,E06,1977349.6
2025-03-19,E06,1910681.62
2025-03-20,E06,1931943.38
2025-03-21,E06,1991790.49
2025-03-22,E06,2099231.25
2025-03-23,E06,2000361.59
2025-03-24,E06,1984185.58
2025-03-25,E06,2085010.86
2025-03-26,E06,2111161.62
2025-03-27,E06,2096778.26
2025-03-28,E06,2126201.36
2025-03-29,E06,2151137.24
2025-03-30,E06,2186362.06
2025-03-31,E06,2206940.32
2025-04-01,E06,2305171.39
2025-04-02,E06,2267826.06
2025-04-03,E06,2268803.87
2025-04-04,E06,2216423.19
2025-04-05,E06,2254613.24
2025-04-06,E06,2222231.18
2025-04-07,E06,2144901.83
2025-04-08,E06,2186956.91
2025-04-09,E06,2192954.21
2025-04-10,E06,2214891.08
2025-04-11,E06,2285099.83
2025-04-12,E06,2337469.05
2025-04-13,E06,2325834.37
2025-04-14,E06,2324868.27
2025-04-15,E06,2354758.97
2025-04-16,E06,2407436.35
2025-04-17,E06,2478315.18
2025-04-18,E06,2494898.28
2025-04-19,E06,2348093.65
2025-04-20,E06,2400074.24
2025-04-21,E06,2385440.22
2025-04-22,E06,2398570.67
2025-04-23,E06,2454303.37
2025-04-24,E06,2358709.6
2025-04-25,E06,2359013.29
2025-04-26,E06,2440072.16
2025-04-27,E06,2427659.81
2025-04-28,E06,2389770.68
2025-04-29,E06,2375651.87
2025-04-30,E06,2467224.87
2025-05-01,E06,2448604.6
2025-05-02,E06,2465682.12
2025-05-03,E06,2386077.86
2025-05-04,E06,2452399.13
2025-05-05,E06,2463864.45
2025-05-06,E06,2395217.14
2025-05-07,E06,2329824.72
2025-05-08,E06,2243836.25
2025-05-09,E06,2293374.78
2025-05-10,E06,2306405.56
2025-05-11,E06,2391035.22
2025-05-12,E06,2357117.02
2025-05-13,E06,2329733.39
2025-05-14,E06,2340396.25
2025-05-15,E06,2281413.96
2025-05-16,E06,2306862.83
2025-05-17,E06,2329534.07
2025-05-18,E06,2407233.92
2025-05-19,E06,2315015.99
2025-05-20,E06,2313442.82
2025-05-21,E06,2379451.42
2025-05-22,E06,2491913.02
2025-05-23,E06,2384650.18
2025-05-24,E06,2406974.6
2025-05-25,E06,2449841.5
2025-05-26,E06,2390756.86
2025-05-27,E06,2410775.44
2025-05-28,E06,2327749.88
2025-05-29,E06,2277563.88
2025-05-30,E06,2154906.27
2025-05-31,E06,2050087.63
2025-06-01,E06,1857595.43
2025-06-02,E06,1842956.47
2025-06-03,E06,1869328.93
2025-06-04,E06,1856695.81
2025-06-05,E06,1802684.0
2025-06-06,E06,1833167.36
2025-06-07,E06,1770705.9
2025-06-08,E06,1739071.64
2025-06-09,E06,1755370.35
2025-06-10,E06,1789927.02
2025-06-11,E06,1795934.96
2025-06-12,E06,1700514.62
2025-06-13,E06,1671080.23
2025-06-14,E06,1740293.4
2025-06-15,E06,1679139.82
2025-06-16,E06,1751726.25
2025-06-17,E06,1770644.21
2025-06-18,E06,1875817.33
2025-06-19,E06,1830936.36
2025-06-20,E06,1794321.65
2025-06-21,E06,1823803.11
2025-06-22,E06,1775991.43
2025-06-23,E06,1729487.19
2025-06-24,E06,1642503.04
2025-06-25,E06,1610625.87
2025-06-26,E06,1571467.78
2025-06-27,E06,1676104.03
2025-06-28,E06,1626449.88
2025-06-29,E06,1637020.35
2025-06-30,E06,1529126.87
2025-07-01,E06,1560565.02
2025-07-02,E06,1546366.03
2025-07-03,E06,1542412.76
2025-07-04,E06,1566353.79
2025-07-05,E06,1653213.81
2025-07-06,E06,1717424.04
2025-07-07,E06,1738432.94
2025-07-08,E06,1774750.18
2025-07-09,E06,1836352.57
2025-07-10,E06,1814464.76
2025-07-11,E06,1800821.4
2025-07-12,E06,1753046.5
2025-07-13,E06,1785287.43
2025-07-14,E06,1805943.46
2025-07-15,E06,1768336.57
2025-07-16,E06,1690454.71
2025-07-17,E06,1729770.46
2025-07-18,E06,1739766.47
2025-07-19,E06,1775647.11
2025-07-20,E06,1824490.79
2025-07-21,E06,1932504.0
2025-07-22,E06,1857975.84
2025-07-23,E06,1898899.74
2025-07-24,E06,1911713.95
2025-07-25,E06,1899371.95
2025-07-26,E06,1953424.26
2025-07-27,E06,1985857.48
2025-07-28,E06,1968328.98
2025-07-29,E06,2036696.15
2025-07-30,E06,2016459.87
2025-07-31,E06,2026349.3
2025-08-01,E06,2082237.42
2025-08-02,E06,2050018.74
2025-08-03,E06,2110887.11
2025-08-04,E06,2136029.63
2025-08-05,E06,2270182.99
2025-08-06,E06,2165614.1
2025-08-07,E06,2161558.49
2025-08-08,E06,2134403.86
2025-08-09,E06,2239855.77
2025-08-10,E06,2262544.42
2025-08-11,E06,2344310.74
2025-08-12,E06,2301111.63
2025-08-13,E06,2397373.88
2025-08-14,E06,2580737.94
2025-08-15,E06,2611358.15
2025-08-16,E06,2663745.35
2025-08-17,E06,2628368.95
2025-08-18,E06,2564849.99
2025-08-19,E06,2563240.49
2025-08-20,E06,2648898.74
2025-08-21,E06,2623233.56
2025-08-22,E06,2627183.42
2025-08-23,E06,2687779.34
2025-08-24,E06,2734932.31
2025-08-25,E06,2605868.86
2025-08-26,E06,2637895.36
2025-08-27,E06,2575796.89
2025-08-28,E06,2596775.13
2025-08-29,E06,2705038.13
2025-08-30,E06,2603466.95
2025-08-31,E06,2593655.18
2025-09-01,E06,2611683.76
2025-09-02,E06,2618821.4
2025-09-03,E06,2592488.44
2025-09-04,E06,2637385.29
2025-09-05,E06,2593443.73
2025-09-06,E06,2556736.68
2025-09-07,E06,2522314.11
2025-09-08,E06,2406628.73
2025-09-09,E06,2308429.56
2025-09-10,E06,2258125.83
2025-09-11,E06,2368805.37
2025-09-12,E06,2415507.45
2025-09-13,E06,2398646.77
2025-09-14,E06,2374942.45
2025-09-15,E06,2336834.57
2025-09-16,E06,2349236.98
2025-09-17,E06,2315732.98
2025-09-18,E06,2304396.2
2025-09-19,E06,2266455.49
2025-09-20,E06,2207531.02
2025-09-21,E06,2310463.01
2025-09-22,E06,2273046.29
2025-09-23,E06,2308768.42
2025-09-24,E06,2296862.01
2025-09-25,E06,2240398.37
2025-09-26,E06,2225025.95
2025-09-27,E06,2149906.59
2025-09-28,E06,2134051.62
2025-09-29,E06,2222376.94
2025-09-30,E06,2234294.14
2025-10-01,E06,2119557.77
2025-10-02,E06,2174587.31
2025-10-03,E06,2142755.26
2025-10-04,E06,2189361.75
2025-10-05,E06,2108840.38
2025-10-06,E06,1998518.57
2025-10-07,E06,1979943.06
2025-10-08,E06,1839312.11
2025-10-09,E06,1875132.56
2025-10-10,E06,1949566.75
2025-10-11,E06,1896674.58
2025-10-12,E06,1819951.99
2025-10-13,E06,1784903.86
2025-10-14,E06,1820528.71
2025-10-15,E06,1796256.31
2025-10-16,E06,1718040.91
2025-10-17,E06,1785647.98
2025-10-18,E06,1879123.73
2025-10-19,E06,1867860.59
2025-10-20,E06,1905414.59
2025-10-21,E06,1935509.08
2025-10-22,E06,1922960.07
2025-10-23,E06,2011525.39
2025-10-24,E06,1964969.58
2025-10-25,E06,1961829.92
2025-10-26,E06,2011920.87
2025-10-27,E06,2022509.99
2025-10-28,E06,2043209.52
2025-10-29,E06,2120481.56
2025-10-30,E06,2134384.85
2025-10-31,E06,2045932.13
2025-11-01,E06,2143067.3
2025-11-02,E06,2094373.08
2025-11-03,E06,2171852.84
2025-11-04,E06,2125920.53
2025-11-05,E06,2125192.81
2025-11-06,E06,2151778.32
2025-11-07,E06,2032079.29
2025-11-08,E06,2145317.39
2025-11-09,E06,2235112.18
2025-11-10,E06,2182360.36
2025-11-11,E06,2121440.9
2025-11-12,E06,2076320.36
2025-11-13,E06,2192151.18
2025-11-14,E06,2158271.04
2025-11-15,E06,2136076.23
2025-11-16,E06,2087577.03
2025-11-17,E06,2114415.36
2025-11-18,E06,2067746.98
2025-11-19,E06,2111807.92
2025-11-20,E06,2193489.59
2025-11-21,E06,2099953.35
2025-11-22,E06,2157468.39
2025-11-23,E06,2178563.83
2025-11-24,E06,2172513.14
2025-11-25,E06,2203629.37
2025-11-26,E06,2285764.66
2025-11-27,E06,2297895.99
2025-11-28,E06,2360314.75
2025-11-29,E06,2275017.19
2025-11-30,E06,2147778.16
2025-12-01,E06,2220937.05
2025-12-02,E06,2213859.8
2025-12-03,E06,2121396.65
2025-12-04,E06,2189768.26
2025-12-05,E06,2174234.27
2025-12-06,E06,2184220.02
2025-12-07,E06,2354452.69
2025-12-08,E06,2286763.47
2025-12-09,E06,2190725.25
2025-12-10,E06,2222024.76
2025-12-11,E06,2132709.32
2025-12-12,E06,2083647.76
2025-12-13,E06,2092911.95
2025-12-14,E06,2023378.84
2025-12-15,E06,1994305.23
2025-12-16,E06,1930251.86
2025-12-17,E06,1875419.52
2025-12-18,E06,1861796.11
2025-12-19,E06,1924246.66
2025-12-20,E06,2004644.22
2025-12-21,E06,1981172.62
2025-12-22,E06,2098668.19
2025-12-23,E06,2060928.14
2025-12-24,E06,2055789.27
2025-12-25,E06,2122213.47
2025-12-26,E06,2069562.73
2025-12-27,E06,2179345.21
2025-12-28,E06,2082808.15
2025-12-29,E06,2047524.33
2025-12-30,E06,1960398.51
2025-12-31,E06,2004727.67
2026-01-01,E06,1969918.48
2026-01-02,E06,2109102.99
2026-01-03,E06,2198415.92
2026-01-04,E06,2301683.73
2026-01-05,E06,2271523.55
2026-01-06,E06,2370739.9
2026-01-07,E06,2407296.9
2026-01-08,E06,2338097.97
2026-01-09,E06,2238371.49
2026-01-10,E06,2232490.27
2026-01-11,E06,2179073.38
2026-01-12,E06,2125356.43
2026-01-13,E06,2180448.28
2026-01-14,E06,2223029.74
2026-01-15,E06,2163184.13
2026-01-16,E06,2096724.53
2026-01-17,E06,2078930.73
2026-01-18,E06,2056634.08
2026-01-19,E06,2072685.75
2026-01-20,E06,2044863.22
2026-01-21,E06,2146908.63
2026-01-22,E06,2086721.42
2026-01-23,E06,2102852.75
2026-01-24,E06,2105996.15
2026-01-25,E06,2021702.64
2026-01-26,E06,1932383.66
2026-01-27,E06,1908069.4
2026-01-28,E06,1959192.07
2026-01-29,E06,1893456.26
2026-01-30,E06,1907054.96
2026-01-31,E06,2009283.26
2026-02-01,E06,2018599.57
2026-02-02,E06,2019924.48
2026-02-03,E06,1993318.32
2026-02-04,E06,2042356.73
2026-02-05,E06,2061132.57
2026-02-06,E06,2053063.16
2026-02-07,E06,1984944.1
2026-02-08,E06,1910144.69
2026-02-09,E06,1926582.77
2026-02-10,E06,1884997.31
2026-02-11,E06,1812262.97
2026-02-12,E06,1853322.97
2026-02-13,E06,1881579.36
2026-02-14,E06,1979330.75
2026-02-15,E06,1881450.57
2026-02-16,E06,1918801.71
2026-02-17,E06,1850194.05
2026-02-18,E06,1799582.05
2026-02-19,E06,1701966.42
2026-02-20,E06,1699159.19
2026-02-21,E06,1570474.01
2026-02-22,E06,1548985.01
2026-02-23,E06,1625152.14
2026-02-24,E06,1518638.65
2026-02-25,E06,1400893.53
2026-02-26,E06,1438681.54
2026-02-27,E06,1417878.42
2026-02-28,E06,1393747.89
2026-03-01,E06,1448681.34
2026-03-02,E06,1461685.38
2026-03-03,E06,1364280.92
2026-03-04,E06,1378873.27
2026-03-05,E06,1271840.62
2026-03-06,E06,1346043.59
2026-03-07,E06,1404187.67
2026-03-08,E06,1444890.1
2026-03-09,E06,1495008.75
2026-03-10,E06,1526169.88
2026-03-11,E06,1538872.8
2026-03-12,E06,1528424.1
2026-03-13,E06,1571086.49
2026-03-14,E06,1504343.36
2026-03-15,E06,1638425.63
2026-03-16,E06,1679761.6
2026-03-17,E06,1692891.04
2026-03-18,E06,1601288.12
2026-03-19,E06,1512522.42
2026-03-20,E06,1558487.52
2026-03-21,E06,1539971.92
2026-03-22,E06,1590882.63
2026-03-23,E06,1473951.49
2026-03-24,E06,1425539.47
2026-03-25,E06,1471223.01
2026-03-26,E06,1466240.13
2026-03-27,E06,1526715.22
2026-03-28,E06,1584134.87
2026-03-29,E06,1637019.96
2026-03-30,E06,1536941.62
2026-03-31,E06,1588387.41
2026-04-01,E06,1678652.37
2026-04-02,E06,1739399.16
2026-04-03,E06,1688331.22
2026-04-04,E06,1585928.25
2026-04-05,E06,1570285.78
2026-04-06,E06,1580294.17
2026-04-07,E06,1574058.28
2026-04-08,E06,1517522.24
2026-04-09,E06,1577704.92
2026-04-10,E06,1638378.81
2026-04-11,E06,1697837.67
2026-04-12,E06,1610556.8
2026-04-13,E06,1680536.59
2026-04-14,E06,1722618.68
2026-04-15,E06,1694318.28
2026-04-16,E06,1585817.83
2026-04-17,E06,1620461.8
2026-04-18,E06,1616390.83
2026-04-19,E06,1571589.98
2026-04-20,E06,1666362.11
2026-04-21,E06,1585979.28
2026-04-22,E06,1628348.23
2026-04-23,E06,1667955.32
2026-04-24,E06,1629620.91
2026-04-25,E06,1581696.35
2026-04-26,E06,1492329.03
2026-04-27,E06,1427381.18
2026-04-28,E06,1367999.07
2026-04-29,E06,1444538.12
2026-04-30,E06,1519642.91
2026-05-01,E06,1503898.49
2026-05-02,E06,1654170.5
2026-05-03,E06,1685404.77
2026-05-04,E06,1593568.04
2026-05-05,E06,1633675.55
2026-05-06,E06,1673674.9
2026-05-07,E06,1687493.39
2026-05-08,E06,1761355.38
2026-05-09,E06,1708765.46
2026-05-10,E06,1747722.09
2026-05-11,E06,1813376.83
2026-05-12,E06,1784918.66
2026-05-13,E06,1831394.01
2026-05-14,E06,1910098.19
2026-05-15,E06,1845047.13
2026-05-16,E06,1861310.58
2026-05-17,E06,1939994.01
2026-05-18,E06,2051081.75
2026-05-19,E06,2001173.22
2026-05-20,E06,2078926.65
2026-05-21,E06,2137785.22
2026-05-22,E06,2271996.68
2026-05-23,E06,2317115.63
2026-05-24,E06,2320138.72
2026-05-25,E06,2429518.34
2026-05-26,E06,2517447.04
2026-05-27,E06,2526508.1
2026-05-28,E06,2478322.46
2026-05-29,E06,2561721.62
2026-05-30,E06,2539767.59
2026-05-31,E06,2595612.49
2026-06-01,E06,2661720.21
2026-06-02,E06,2608597.61
2026-06-03,E06,2711185.29
2026-06-04,E06,2735678.27
2026-06-05,E06,2809236.28
2026-06-06,E06,2912741.7
2026-06-07,E06,2874366.13
2026-06-08,E06,2940148.91
2026-06-09,E06,2892705.08
2026-06-10,E06,2932738.66
2026-06-11,E06,3012610.66
2026-06-12,E06,3041549.85
2026-06-13,E06,3200410.11
2026-06-14,E06,3175075.99
2026-06-15,E06,3163811.12
2026-06-16,E06,3121101.3
2026-06-17,E06,3178073.92
2026-06-18,E06,3239486.28
2026-06-19,E06,3223090.72
2026-06-20,E06,3250913.08
2026-06-21,E06,3209369.82
2026-06-22,E06,3105157.07
2026-06-23,E06,3083321.12
2026-06-24,E06,3117706.38
2026-06-25,E06,3177713.83
2026-06-26,E06,3201873.06
2026-06-27,E06,3183085.98
2026-06-28,E06,3169541.17
2026-06-29,E06,3223537.21
2026-06-30,E06,3303702.81
2026-07-01,E06,3320782.61
2026-07-02,E06,3278989.5
2026-07-03,E06,3209957.1
2026-07-04,E06,3228675.99
2026-07-05,E06,3230339.88
2026-07-06,E06,3311805.89
2026-07-07,E06,3347197.15
2026-07-08,E06,3433719.48
2026-07-09,E06,3437060.75
2026-07-10,E06,3323987.98
2026-07-11,E06,3328686.43
2026-07-12,E06,3492330.89
2026-07-13,E06,3521905.85
2026-07-14,E06,3517841.18
2026-07-15,E06,3594198.23
2026-07-16,E06,3510014.11
2026-07-17,E06,3559135.91
2026-07-18,E06,3629859.24
2026-07-19,E06,3640053.43
2026-07-20,E06,3634468.43
2026-07-21,E06,3616578.02
2026-07-22,E06,3742277.8
2026-07-23,E06,3617105.01
2026-07-24,E06,3624433.55
2026-07-25,E06,3713727.86
2026-07-26,E06,3705120.91
2026-07-27,E06,3792242.7
2026-07-28,E06,3670250.89
2026-07-29,E06,3669926.88
2026-07-30,E06,3599447.71
2026-07-31,E06,3580172.11
2026-08-01,E06,3574040.4
2026-08-02,E06,3540306.25
2026-08-03,E06,3525059.19
2026-08-04,E06,3592816.2
2026-08-05,E06,3612003.42
2026-08-06,E06,3622708.57
2026-08-07,E06,3546224.45
2026-08-08,E06,3431518.46
2026-08-09,E06,3490021.47
2026-08-10,E06,3466898.27
2026-08-11,E06,3457413.39
2026-08-12,E06,3474221.45
2026-08-13,E06,3433372.9
2026-08-14,E06,3339396.44
2026-08-15,E06,3353890.38
2026-08-16,E06,3220063.96
2026-08-17,E06,3401257.55
2026-08-18,E06,3370468.77
2026-08-19,E06,3453945.72
2026-08-20,E06,3509315.16
2026-08-21,E06,3445321.78
2026-08-22,E06,3541933.94
2026-08-23,E06,3501245.94
2026-08-24,E06,3420220.26
2026-08-25,E06,3421152.15
2026-08-26,E06,3347760.84
2026-08-27,E06,3347194.69
2026-08-28,E06,3286179.22
2026-08-29,E06,3195979.28
2026-08-30,E06,3227377.81
2026-08-31,E06,3134179.57
