Date,Currency,AUDPerUnit
2022-01-01,AUD,1.0092
2022-01-01,USD,1.4929
2022-01-01,GBP,1.8487
2022-01-01,EUR,1.6271
2022-01-01,SGD,1.1414
2022-01-01,CAD,1.0989
2022-01-02,AUD,1.0047
2022-01-02,USD,1.51
2022-01-02,GBP,1.9017
2022-01-02,EUR,1.6473
2022-01-02,SGD,1.1235
2022-01-02,CAD,1.108
2022-01-03,AUD,1.0009
2022-01-03,USD,1.4922
2022-01-03,GBP,1.9241
2022-01-03,EUR,1.6433
2022-01-03,SGD,1.1645
2022-01-03,CAD,1.0939
2022-01-04,AUD,1.0056
2022-01-04,USD,1.5018
2022-01-04,GBP,1.9287
2022-01-04,EUR,1.6703
2022-01-04,SGD,1.1106
2022-01-04,CAD,1.0739
2022-01-05,AUD,0.9883
2022-01-05,USD,1.4841
2022-01-05,GBP,1.8857
2022-01-05,EUR,1.6028
2022-01-05,SGD,1.1527
2022-01-05,CAD,1.1197
2022-01-06,AUD,0.9817
2022-01-06,USD,1.4675
2022-01-06,GBP,1.9033
2022-01-06,EUR,1.6419
2022-01-06,SGD,1.1261
2022-01-06,CAD,1.0957
2022-01-07,AUD,0.985
2022-01-07,USD,1.5278
2022-01-07,GBP,1.9617
2022-01-07,EUR,1.7056
2022-01-07,SGD,1.1285
2022-01-07,CAD,1.1097
2022-01-08,AUD,0.9967
2022-01-08,USD,1.4536
2022-01-08,GBP,1.9496
2022-01-08,EUR,1.6761
2022-01-08,SGD,1.1329
2022-01-08,CAD,1.0947
2022-01-09,AUD,0.9752
2022-01-09,USD,1.4677
2022-01-09,GBP,1.9227
2022-01-09,EUR,1.6484
2022-01-09,SGD,1.1329
2022-01-09,CAD,1.0968
2022-01-10,AUD,0.985
2022-01-10,USD,1.5202
2022-01-10,GBP,1.9281
2022-01-10,EUR,1.6407
2022-01-10,SGD,1.1215
2022-01-10,CAD,1.0665
2022-01-11,AUD,0.9768
2022-01-11,USD,1.5564
2022-01-11,GBP,1.9506
2022-01-11,EUR,1.6479
2022-01-11,SGD,1.1278
2022-01-11,CAD,1.0903
2022-01-12,AUD,0.9979
2022-01-12,USD,1.4917
2022-01-12,GBP,1.9355
2022-01-12,EUR,1.6669
2022-01-12,SGD,1.1252
2022-01-12,CAD,1.1115
2022-01-13,AUD,1.0046
2022-01-13,USD,1.5317
2022-01-13,GBP,1.9352
2022-01-13,EUR,1.6559
2022-01-13,SGD,1.1216
2022-01-13,CAD,1.1113
2022-01-14,AUD,1.0074
2022-01-14,USD,1.5264
2022-01-14,GBP,1.9174
2022-01-14,EUR,1.6697
2022-01-14,SGD,1.1322
2022-01-14,CAD,1.116
2022-01-15,AUD,1.0045
2022-01-15,USD,1.5141
2022-01-15,GBP,1.8897
2022-01-15,EUR,1.664
2022-01-15,SGD,1.1264
2022-01-15,CAD,1.1139
2022-01-16,AUD,0.9805
2022-01-16,USD,1.5359
2022-01-16,GBP,1.8682
2022-01-16,EUR,1.6476
2022-01-16,SGD,1.1236
2022-01-16,CAD,1.0699
2022-01-17,AUD,1.0032
2022-01-17,USD,1.5413
2022-01-17,GBP,1.916
2022-01-17,EUR,1.6467
2022-01-17,SGD,1.1123
2022-01-17,CAD,1.1146
2022-01-18,AUD,1.0184
2022-01-18,USD,1.5409
2022-01-18,GBP,1.9797
2022-01-18,EUR,1.6379
2022-01-18,SGD,1.1185
2022-01-18,CAD,1.0908
2022-01-19,AUD,1.0092
2022-01-19,USD,1.4939
2022-01-19,GBP,1.9049
2022-01-19,EUR,1.6701
2022-01-19,SGD,1.1678
2022-01-19,CAD,1.1283
2022-01-20,AUD,1.0151
2022-01-20,USD,1.5146
2022-01-20,GBP,1.9047
2022-01-20,EUR,1.6399
2022-01-20,SGD,1.1012
2022-01-20,CAD,1.1213
2022-01-21,AUD,1.0037
2022-01-21,USD,1.5173
2022-01-21,GBP,1.9343
2022-01-21,EUR,1.6425
2022-01-21,SGD,1.1433
2022-01-21,CAD,1.0975
2022-01-22,AUD,1.0243
2022-01-22,USD,1.501
2022-01-22,GBP,1.8952
2022-01-22,EUR,1.6361
2022-01-22,SGD,1.1466
2022-01-22,CAD,1.1085
2022-01-23,AUD,1.0158
2022-01-23,USD,1.4826
2022-01-23,GBP,1.8905
2022-01-23,EUR,1.6366
2022-01-23,SGD,1.1308
2022-01-23,CAD,1.0932
2022-01-24,AUD,0.9958
2022-01-24,USD,1.5005
2022-01-24,GBP,1.9387
2022-01-24,EUR,1.6468
2022-01-24,SGD,1.1137
2022-01-24,CAD,1.0937
2022-01-25,AUD,0.9996
2022-01-25,USD,1.5368
2022-01-25,GBP,1.9453
2022-01-25,EUR,1.6601
2022-01-25,SGD,1.1287
2022-01-25,CAD,1.1094
2022-01-26,AUD,1.0021
2022-01-26,USD,1.4964
2022-01-26,GBP,1.9376
2022-01-26,EUR,1.6572
2022-01-26,SGD,1.1431
2022-01-26,CAD,1.078
2022-01-27,AUD,0.993
2022-01-27,USD,1.501
2022-01-27,GBP,1.928
2022-01-27,EUR,1.6832
2022-01-27,SGD,1.1529
2022-01-27,CAD,1.0946
2022-01-28,AUD,0.9863
2022-01-28,USD,1.5213
2022-01-28,GBP,1.934
2022-01-28,EUR,1.6653
2022-01-28,SGD,1.1284
2022-01-28,CAD,1.1141
2022-01-29,AUD,1.0182
2022-01-29,USD,1.5031
2022-01-29,GBP,1.8889
2022-01-29,EUR,1.6644
2022-01-29,SGD,1.1752
2022-01-29,CAD,1.1008
2022-01-30,AUD,1.0076
2022-01-30,USD,1.4955
2022-01-30,GBP,1.909
2022-01-30,EUR,1.641
2022-01-30,SGD,1.147
2022-01-30,CAD,1.1109
2022-01-31,AUD,1.0054
2022-01-31,USD,1.5206
2022-01-31,GBP,1.939
2022-01-31,EUR,1.7157
2022-01-31,SGD,1.131
2022-01-31,CAD,1.131
2022-02-01,AUD,1.0008
2022-02-01,USD,1.4786
2022-02-01,GBP,1.9458
2022-02-01,EUR,1.648
2022-02-01,SGD,1.1118
2022-02-01,CAD,1.088
2022-02-02,AUD,1.0057
2022-02-02,USD,1.5124
2022-02-02,GBP,1.9298
2022-02-02,EUR,1.6624
2022-02-02,SGD,1.1581
2022-02-02,CAD,1.0926
2022-02-03,AUD,1.007
2022-02-03,USD,1.515
2022-02-03,GBP,1.8611
2022-02-03,EUR,1.5859
2022-02-03,SGD,1.1444
2022-02-03,CAD,1.1057
2022-02-04,AUD,0.9998
2022-02-04,USD,1.5401
2022-02-04,GBP,1.9215
2022-02-04,EUR,1.6721
2022-02-04,SGD,1.1344
2022-02-04,CAD,1.0963
2022-02-05,AUD,0.9924
2022-02-05,USD,1.4842
2022-02-05,GBP,1.9385
2022-02-05,EUR,1.6849
2022-02-05,SGD,1.1039
2022-02-05,CAD,1.0981
2022-02-06,AUD,0.9781
2022-02-06,USD,1.5377
2022-02-06,GBP,1.9489
2022-02-06,EUR,1.6352
2022-02-06,SGD,1.1271
2022-02-06,CAD,1.1372
2022-02-07,AUD,1.0006
2022-02-07,USD,1.5139
2022-02-07,GBP,1.9375
2022-02-07,EUR,1.6414
2022-02-07,SGD,1.1264
2022-02-07,CAD,1.1107
2022-02-08,AUD,1.0037
2022-02-08,USD,1.5218
2022-02-08,GBP,1.9449
2022-02-08,EUR,1.6607
2022-02-08,SGD,1.1388
2022-02-08,CAD,1.1052
2022-02-09,AUD,0.9674
2022-02-09,USD,1.5013
2022-02-09,GBP,1.9153
2022-02-09,EUR,1.6523
2022-02-09,SGD,1.1331
2022-02-09,CAD,1.102
2022-02-10,AUD,0.9753
2022-02-10,USD,1.4799
2022-02-10,GBP,1.9278
2022-02-10,EUR,1.6657
2022-02-10,SGD,1.1144
2022-02-10,CAD,1.1011
2022-02-11,AUD,0.9994
2022-02-11,USD,1.5748
2022-02-11,GBP,1.9021
2022-02-11,EUR,1.7134
2022-02-11,SGD,1.1448
2022-02-11,CAD,1.0624
2022-02-12,AUD,1.0086
2022-02-12,USD,1.5139
2022-02-12,GBP,1.8874
2022-02-12,EUR,1.6312
2022-02-12,SGD,1.1283
2022-02-12,CAD,1.0851
2022-02-13,AUD,1.0013
2022-02-13,USD,1.491
2022-02-13,GBP,1.92
2022-02-13,EUR,1.6368
2022-02-13,SGD,1.1518
2022-02-13,CAD,1.0852
2022-02-14,AUD,1.0132
2022-02-14,USD,1.5208
2022-02-14,GBP,1.9553
2022-02-14,EUR,1.7428
2022-02-14,SGD,1.1545
2022-02-14,CAD,1.0976
2022-02-15,AUD,1.0183
2022-02-15,USD,1.5345
2022-02-15,GBP,1.9074
2022-02-15,EUR,1.6348
2022-02-15,SGD,1.1352
2022-02-15,CAD,1.0832
2022-02-16,AUD,0.9907
2022-02-16,USD,1.5117
2022-02-16,GBP,1.8929
2022-02-16,EUR,1.6159
2022-02-16,SGD,1.1338
2022-02-16,CAD,1.0959
2022-02-17,AUD,1.0159
2022-02-17,USD,1.5158
2022-02-17,GBP,1.8696
2022-02-17,EUR,1.6471
2022-02-17,SGD,1.1045
2022-02-17,CAD,1.101
2022-02-18,AUD,1.0005
2022-02-18,USD,1.4949
2022-02-18,GBP,1.8808
2022-02-18,EUR,1.6646
2022-02-18,SGD,1.1251
2022-02-18,CAD,1.1006
2022-02-19,AUD,0.9912
2022-02-19,USD,1.517
2022-02-19,GBP,1.8832
2022-02-19,EUR,1.6221
2022-02-19,SGD,1.1555
2022-02-19,CAD,1.0946
2022-02-20,AUD,1.0344
2022-02-20,USD,1.5135
2022-02-20,GBP,1.9259
2022-02-20,EUR,1.6484
2022-02-20,SGD,1.1288
2022-02-20,CAD,1.1
2022-02-21,AUD,0.9849
2022-02-21,USD,1.5246
2022-02-21,GBP,1.894
2022-02-21,EUR,1.669
2022-02-21,SGD,1.1461
2022-02-21,CAD,1.1111
2022-02-22,AUD,0.9847
2022-02-22,USD,1.5403
2022-02-22,GBP,1.9195
2022-02-22,EUR,1.6624
2022-02-22,SGD,1.141
2022-02-22,CAD,1.139
2022-02-23,AUD,0.9783
2022-02-23,USD,1.5156
2022-02-23,GBP,1.8771
2022-02-23,EUR,1.6156
2022-02-23,SGD,1.1461
2022-02-23,CAD,1.1062
2022-02-24,AUD,0.987
2022-02-24,USD,1.5477
2022-02-24,GBP,1.8678
2022-02-24,EUR,1.6649
2022-02-24,SGD,1.1213
2022-02-24,CAD,1.1097
2022-02-25,AUD,1.0265
2022-02-25,USD,1.4995
2022-02-25,GBP,1.979
2022-02-25,EUR,1.6381
2022-02-25,SGD,1.1685
2022-02-25,CAD,1.0761
2022-02-26,AUD,1.0237
2022-02-26,USD,1.5154
2022-02-26,GBP,1.9202
2022-02-26,EUR,1.6393
2022-02-26,SGD,1.1205
2022-02-26,CAD,1.1257
2022-02-27,AUD,0.9951
2022-02-27,USD,1.5091
2022-02-27,GBP,1.9239
2022-02-27,EUR,1.6317
2022-02-27,SGD,1.1335
2022-02-27,CAD,1.0795
2022-02-28,AUD,0.9882
2022-02-28,USD,1.4895
2022-02-28,GBP,1.8836
2022-02-28,EUR,1.6061
2022-02-28,SGD,1.1321
2022-02-28,CAD,1.1204
2022-03-01,AUD,1.0156
2022-03-01,USD,1.486
2022-03-01,GBP,1.9098
2022-03-01,EUR,1.6082
2022-03-01,SGD,1.1282
2022-03-01,CAD,1.1092
2022-03-02,AUD,1.027
2022-03-02,USD,1.4993
2022-03-02,GBP,1.8802
2022-03-02,EUR,1.6427
2022-03-02,SGD,1.1123
2022-03-02,CAD,1.0965
2022-03-03,AUD,0.9808
2022-03-03,USD,1.52
2022-03-03,GBP,1.9203
2022-03-03,EUR,1.5961
2022-03-03,SGD,1.1306
2022-03-03,CAD,1.1157
2022-03-04,AUD,1.0075
2022-03-04,USD,1.4985
2022-03-04,GBP,1.9163
2022-03-04,EUR,1.6298
2022-03-04,SGD,1.1431
2022-03-04,CAD,1.1205
2022-03-05,AUD,1.0069
2022-03-05,USD,1.5023
2022-03-05,GBP,1.9184
2022-03-05,EUR,1.6422
2022-03-05,SGD,1.0994
2022-03-05,CAD,1.0749
2022-03-06,AUD,1.0143
2022-03-06,USD,1.5464
2022-03-06,GBP,1.9483
2022-03-06,EUR,1.6229
2022-03-06,SGD,1.1208
2022-03-06,CAD,1.0993
2022-03-07,AUD,1.0148
2022-03-07,USD,1.5099
2022-03-07,GBP,1.8752
2022-03-07,EUR,1.6312
2022-03-07,SGD,1.1157
2022-03-07,CAD,1.0758
2022-03-08,AUD,1.0071
2022-03-08,USD,1.5179
2022-03-08,GBP,1.9386
2022-03-08,EUR,1.6388
2022-03-08,SGD,1.1331
2022-03-08,CAD,1.0797
2022-03-09,AUD,1.0076
2022-03-09,USD,1.5246
2022-03-09,GBP,1.8877
2022-03-09,EUR,1.6491
2022-03-09,SGD,1.1492
2022-03-09,CAD,1.0814
2022-03-10,AUD,1.0116
2022-03-10,USD,1.503
2022-03-10,GBP,1.9322
2022-03-10,EUR,1.6652
2022-03-10,SGD,1.1244
2022-03-10,CAD,1.0943
2022-03-11,AUD,0.9995
2022-03-11,USD,1.5
2022-03-11,GBP,1.9051
2022-03-11,EUR,1.6341
2022-03-11,SGD,1.127
2022-03-11,CAD,1.0932
2022-03-12,AUD,1.018
2022-03-12,USD,1.5293
2022-03-12,GBP,1.9303
2022-03-12,EUR,1.6512
2022-03-12,SGD,1.172
2022-03-12,CAD,1.11
2022-03-13,AUD,1.0139
2022-03-13,USD,1.5306
2022-03-13,GBP,1.9192
2022-03-13,EUR,1.671
2022-03-13,SGD,1.1632
2022-03-13,CAD,1.1103
2022-03-14,AUD,0.9633
2022-03-14,USD,1.5188
2022-03-14,GBP,1.9232
2022-03-14,EUR,1.6092
2022-03-14,SGD,1.1286
2022-03-14,CAD,1.096
2022-03-15,AUD,0.9844
2022-03-15,USD,1.4633
2022-03-15,GBP,1.9997
2022-03-15,EUR,1.6023
2022-03-15,SGD,1.1298
2022-03-15,CAD,1.119
2022-03-16,AUD,1.0167
2022-03-16,USD,1.5021
2022-03-16,GBP,1.8898
2022-03-16,EUR,1.6285
2022-03-16,SGD,1.126
2022-03-16,CAD,1.0933
2022-03-17,AUD,1.0311
2022-03-17,USD,1.4971
2022-03-17,GBP,1.9125
2022-03-17,EUR,1.6613
2022-03-17,SGD,1.1302
2022-03-17,CAD,1.1234
2022-03-18,AUD,0.9888
2022-03-18,USD,1.5508
2022-03-18,GBP,1.9106
2022-03-18,EUR,1.6923
2022-03-18,SGD,1.1389
2022-03-18,CAD,1.113
2022-03-19,AUD,1.0138
2022-03-19,USD,1.5319
2022-03-19,GBP,1.8611
2022-03-19,EUR,1.6512
2022-03-19,SGD,1.1363
2022-03-19,CAD,1.0934
2022-03-20,AUD,1.0068
2022-03-20,USD,1.5041
2022-03-20,GBP,1.9975
2022-03-20,EUR,1.6953
2022-03-20,SGD,1.1275
2022-03-20,CAD,1.0808
2022-03-21,AUD,0.9871
2022-03-21,USD,1.515
2022-03-21,GBP,1.8837
2022-03-21,EUR,1.6044
2022-03-21,SGD,1.1378
2022-03-21,CAD,1.1139
2022-03-22,AUD,0.9957
2022-03-22,USD,1.5113
2022-03-22,GBP,1.8961
2022-03-22,EUR,1.6582
2022-03-22,SGD,1.1473
2022-03-22,CAD,1.1189
2022-03-23,AUD,0.9672
2022-03-23,USD,1.5083
2022-03-23,GBP,1.9314
2022-03-23,EUR,1.6528
2022-03-23,SGD,1.1474
2022-03-23,CAD,1.0884
2022-03-24,AUD,1.0162
2022-03-24,USD,1.5176
2022-03-24,GBP,1.9623
2022-03-24,EUR,1.6317
2022-03-24,SGD,1.1488
2022-03-24,CAD,1.0777
2022-03-25,AUD,1.004
2022-03-25,USD,1.5283
2022-03-25,GBP,1.8961
2022-03-25,EUR,1.6158
2022-03-25,SGD,1.1109
2022-03-25,CAD,1.0979
2022-03-26,AUD,1.0069
2022-03-26,USD,1.5273
2022-03-26,GBP,1.9218
2022-03-26,EUR,1.6654
2022-03-26,SGD,1.1535
2022-03-26,CAD,1.1096
2022-03-27,AUD,0.986
2022-03-27,USD,1.5038
2022-03-27,GBP,1.8775
2022-03-27,EUR,1.6415
2022-03-27,SGD,1.1562
2022-03-27,CAD,1.1021
2022-03-28,AUD,0.9845
2022-03-28,USD,1.5208
2022-03-28,GBP,1.9439
2022-03-28,EUR,1.6697
2022-03-28,SGD,1.138
2022-03-28,CAD,1.0897
2022-03-29,AUD,0.977
2022-03-29,USD,1.4975
2022-03-29,GBP,1.8995
2022-03-29,EUR,1.6305
2022-03-29,SGD,1.1242
2022-03-29,CAD,1.1157
2022-03-30,AUD,1.0044
2022-03-30,USD,1.5099
2022-03-30,GBP,1.8806
2022-03-30,EUR,1.6473
2022-03-30,SGD,1.1465
2022-03-30,CAD,1.1067
2022-03-31,AUD,0.9792
2022-03-31,USD,1.5195
2022-03-31,GBP,1.8868
2022-03-31,EUR,1.6553
2022-03-31,SGD,1.1551
2022-03-31,CAD,1.0896
2022-04-01,AUD,0.9964
2022-04-01,USD,1.5158
2022-04-01,GBP,1.9378
2022-04-01,EUR,1.6471
2022-04-01,SGD,1.1636
2022-04-01,CAD,1.1017
2022-04-02,AUD,1.0028
2022-04-02,USD,1.5147
2022-04-02,GBP,1.9155
2022-04-02,EUR,1.6615
2022-04-02,SGD,1.1353
2022-04-02,CAD,1.1018
2022-04-03,AUD,0.9852
2022-04-03,USD,1.5022
2022-04-03,GBP,1.9297
2022-04-03,EUR,1.6572
2022-04-03,SGD,1.1419
2022-04-03,CAD,1.0891
2022-04-04,AUD,0.9963
2022-04-04,USD,1.4973
2022-04-04,GBP,1.8756
2022-04-04,EUR,1.5947
2022-04-04,SGD,1.1286
2022-04-04,CAD,1.1042
2022-04-05,AUD,1.0032
2022-04-05,USD,1.4997
2022-04-05,GBP,1.9016
2022-04-05,EUR,1.6377
2022-04-05,SGD,1.1575
2022-04-05,CAD,1.1426
2022-04-06,AUD,0.9942
2022-04-06,USD,1.5355
2022-04-06,GBP,1.9065
2022-04-06,EUR,1.5948
2022-04-06,SGD,1.1269
2022-04-06,CAD,1.082
2022-04-07,AUD,1.0045
2022-04-07,USD,1.5185
2022-04-07,GBP,1.9217
2022-04-07,EUR,1.6612
2022-04-07,SGD,1.136
2022-04-07,CAD,1.1226
2022-04-08,AUD,1.0045
2022-04-08,USD,1.4948
2022-04-08,GBP,1.9405
2022-04-08,EUR,1.6559
2022-04-08,SGD,1.1477
2022-04-08,CAD,1.0852
2022-04-09,AUD,0.9961
2022-04-09,USD,1.522
2022-04-09,GBP,1.9429
2022-04-09,EUR,1.6701
2022-04-09,SGD,1.1475
2022-04-09,CAD,1.1078
2022-04-10,AUD,0.9862
2022-04-10,USD,1.5061
2022-04-10,GBP,1.9417
2022-04-10,EUR,1.6764
2022-04-10,SGD,1.1239
2022-04-10,CAD,1.1001
2022-04-11,AUD,1.0034
2022-04-11,USD,1.4965
2022-04-11,GBP,1.9308
2022-04-11,EUR,1.634
2022-04-11,SGD,1.1283
2022-04-11,CAD,1.0581
2022-04-12,AUD,1.0085
2022-04-12,USD,1.498
2022-04-12,GBP,1.8953
2022-04-12,EUR,1.6852
2022-04-12,SGD,1.1412
2022-04-12,CAD,1.1132
2022-04-13,AUD,1.001
2022-04-13,USD,1.4968
2022-04-13,GBP,1.9417
2022-04-13,EUR,1.6549
2022-04-13,SGD,1.1555
2022-04-13,CAD,1.1054
2022-04-14,AUD,0.9943
2022-04-14,USD,1.5109
2022-04-14,GBP,1.9402
2022-04-14,EUR,1.6344
2022-04-14,SGD,1.1341
2022-04-14,CAD,1.0854
2022-04-15,AUD,1.0053
2022-04-15,USD,1.5302
2022-04-15,GBP,1.8799
2022-04-15,EUR,1.6235
2022-04-15,SGD,1.1239
2022-04-15,CAD,1.1108
2022-04-16,AUD,1.0115
2022-04-16,USD,1.5201
2022-04-16,GBP,1.9296
2022-04-16,EUR,1.6297
2022-04-16,SGD,1.1791
2022-04-16,CAD,1.0639
2022-04-17,AUD,0.9965
2022-04-17,USD,1.5133
2022-04-17,GBP,1.9258
2022-04-17,EUR,1.6228
2022-04-17,SGD,1.1431
2022-04-17,CAD,1.1092
2022-04-18,AUD,1.0229
2022-04-18,USD,1.4957
2022-04-18,GBP,1.9437
2022-04-18,EUR,1.6651
2022-04-18,SGD,1.1631
2022-04-18,CAD,1.1085
2022-04-19,AUD,0.9761
2022-04-19,USD,1.5195
2022-04-19,GBP,1.8511
2022-04-19,EUR,1.6247
2022-04-19,SGD,1.128
2022-04-19,CAD,1.0862
2022-04-20,AUD,0.9962
2022-04-20,USD,1.4989
2022-04-20,GBP,1.9185
2022-04-20,EUR,1.6704
2022-04-20,SGD,1.1426
2022-04-20,CAD,1.1354
2022-04-21,AUD,1.0065
2022-04-21,USD,1.4757
2022-04-21,GBP,1.9529
2022-04-21,EUR,1.6717
2022-04-21,SGD,1.1473
2022-04-21,CAD,1.0932
2022-04-22,AUD,0.986
2022-04-22,USD,1.5397
2022-04-22,GBP,1.8891
2022-04-22,EUR,1.6914
2022-04-22,SGD,1.1095
2022-04-22,CAD,1.1257
2022-04-23,AUD,1.0274
2022-04-23,USD,1.505
2022-04-23,GBP,1.8876
2022-04-23,EUR,1.6396
2022-04-23,SGD,1.1349
2022-04-23,CAD,1.1143
2022-04-24,AUD,1.0287
2022-04-24,USD,1.5129
2022-04-24,GBP,1.9199
2022-04-24,EUR,1.6311
2022-04-24,SGD,1.1564
2022-04-24,CAD,1.0985
2022-04-25,AUD,1.0005
2022-04-25,USD,1.5063
2022-04-25,GBP,1.9261
2022-04-25,EUR,1.689
2022-04-25,SGD,1.151
2022-04-25,CAD,1.0778
2022-04-26,AUD,1.0104
2022-04-26,USD,1.5267
2022-04-26,GBP,1.8774
2022-04-26,EUR,1.6313
2022-04-26,SGD,1.148
2022-04-26,CAD,1.1065
2022-04-27,AUD,1.0123
2022-04-27,USD,1.5016
2022-04-27,GBP,1.9136
2022-04-27,EUR,1.6802
2022-04-27,SGD,1.1483
2022-04-27,CAD,1.0879
2022-04-28,AUD,0.9895
2022-04-28,USD,1.5089
2022-04-28,GBP,1.9097
2022-04-28,EUR,1.64
2022-04-28,SGD,1.1393
2022-04-28,CAD,1.1313
2022-04-29,AUD,0.9854
2022-04-29,USD,1.4884
2022-04-29,GBP,1.9462
2022-04-29,EUR,1.6407
2022-04-29,SGD,1.147
2022-04-29,CAD,1.0913
2022-04-30,AUD,1.0263
2022-04-30,USD,1.5301
2022-04-30,GBP,1.9007
2022-04-30,EUR,1.6598
2022-04-30,SGD,1.148
2022-04-30,CAD,1.1069
2022-05-01,AUD,0.9889
2022-05-01,USD,1.4992
2022-05-01,GBP,1.9156
2022-05-01,EUR,1.6101
2022-05-01,SGD,1.1184
2022-05-01,CAD,1.0834
2022-05-02,AUD,1.0082
2022-05-02,USD,1.5115
2022-05-02,GBP,1.869
2022-05-02,EUR,1.6258
2022-05-02,SGD,1.1534
2022-05-02,CAD,1.0723
2022-05-03,AUD,0.9881
2022-05-03,USD,1.4785
2022-05-03,GBP,1.8989
2022-05-03,EUR,1.6452
2022-05-03,SGD,1.1348
2022-05-03,CAD,1.0644
2022-05-04,AUD,0.9872
2022-05-04,USD,1.5003
2022-05-04,GBP,1.9272
2022-05-04,EUR,1.6477
2022-05-04,SGD,1.1384
2022-05-04,CAD,1.1061
2022-05-05,AUD,0.9912
2022-05-05,USD,1.4858
2022-05-05,GBP,1.8972
2022-05-05,EUR,1.6426
2022-05-05,SGD,1.1406
2022-05-05,CAD,1.1113
2022-05-06,AUD,0.9801
2022-05-06,USD,1.5404
2022-05-06,GBP,1.8977
2022-05-06,EUR,1.6335
2022-05-06,SGD,1.1116
2022-05-06,CAD,1.0971
2022-05-07,AUD,0.9658
2022-05-07,USD,1.5402
2022-05-07,GBP,1.8917
2022-05-07,EUR,1.6711
2022-05-07,SGD,1.1105
2022-05-07,CAD,1.121
2022-05-08,AUD,0.9839
2022-05-08,USD,1.5205
2022-05-08,GBP,1.9166
2022-05-08,EUR,1.6129
2022-05-08,SGD,1.1333
2022-05-08,CAD,1.0732
2022-05-09,AUD,0.9828
2022-05-09,USD,1.5142
2022-05-09,GBP,1.9216
2022-05-09,EUR,1.6061
2022-05-09,SGD,1.146
2022-05-09,CAD,1.0856
2022-05-10,AUD,1.0225
2022-05-10,USD,1.5248
2022-05-10,GBP,1.9481
2022-05-10,EUR,1.6675
2022-05-10,SGD,1.1398
2022-05-10,CAD,1.0955
2022-05-11,AUD,0.9779
2022-05-11,USD,1.5159
2022-05-11,GBP,1.9578
2022-05-11,EUR,1.6416
2022-05-11,SGD,1.1307
2022-05-11,CAD,1.0988
2022-05-12,AUD,0.9905
2022-05-12,USD,1.5219
2022-05-12,GBP,1.8187
2022-05-12,EUR,1.6718
2022-05-12,SGD,1.154
2022-05-12,CAD,1.1021
2022-05-13,AUD,0.9801
2022-05-13,USD,1.4897
2022-05-13,GBP,1.9251
2022-05-13,EUR,1.6232
2022-05-13,SGD,1.1435
2022-05-13,CAD,1.0909
2022-05-14,AUD,1.0118
2022-05-14,USD,1.5162
2022-05-14,GBP,1.933
2022-05-14,EUR,1.6127
2022-05-14,SGD,1.1305
2022-05-14,CAD,1.0878
2022-05-15,AUD,0.9819
2022-05-15,USD,1.4863
2022-05-15,GBP,1.9225
2022-05-15,EUR,1.638
2022-05-15,SGD,1.1056
2022-05-15,CAD,1.1223
2022-05-16,AUD,1.009
2022-05-16,USD,1.5149
2022-05-16,GBP,1.9039
2022-05-16,EUR,1.6779
2022-05-16,SGD,1.1502
2022-05-16,CAD,1.1082
2022-05-17,AUD,0.996
2022-05-17,USD,1.4832
2022-05-17,GBP,1.9625
2022-05-17,EUR,1.6606
2022-05-17,SGD,1.122
2022-05-17,CAD,1.0954
2022-05-18,AUD,1.0116
2022-05-18,USD,1.5022
2022-05-18,GBP,1.8996
2022-05-18,EUR,1.6647
2022-05-18,SGD,1.1052
2022-05-18,CAD,1.0968
2022-05-19,AUD,0.9965
2022-05-19,USD,1.5061
2022-05-19,GBP,1.9349
2022-05-19,EUR,1.6519
2022-05-19,SGD,1.1605
2022-05-19,CAD,1.0894
2022-05-20,AUD,0.9833
2022-05-20,USD,1.4812
2022-05-20,GBP,1.9037
2022-05-20,EUR,1.67
2022-05-20,SGD,1.1275
2022-05-20,CAD,1.0954
2022-05-21,AUD,1.0011
2022-05-21,USD,1.5255
2022-05-21,GBP,1.9247
2022-05-21,EUR,1.6415
2022-05-21,SGD,1.1231
2022-05-21,CAD,1.1178
2022-05-22,AUD,1.0241
2022-05-22,USD,1.5293
2022-05-22,GBP,1.8391
2022-05-22,EUR,1.6766
2022-05-22,SGD,1.1375
2022-05-22,CAD,1.0912
2022-05-23,AUD,0.9948
2022-05-23,USD,1.4731
2022-05-23,GBP,1.9574
2022-05-23,EUR,1.652
2022-05-23,SGD,1.1225
2022-05-23,CAD,1.0913
2022-05-24,AUD,1.0047
2022-05-24,USD,1.5258
2022-05-24,GBP,1.8938
2022-05-24,EUR,1.6807
2022-05-24,SGD,1.1378
2022-05-24,CAD,1.1257
2022-05-25,AUD,0.9962
2022-05-25,USD,1.5076
2022-05-25,GBP,1.8979
2022-05-25,EUR,1.6507
2022-05-25,SGD,1.1439
2022-05-25,CAD,1.1177
2022-05-26,AUD,1.0144
2022-05-26,USD,1.5269
2022-05-26,GBP,1.8836
2022-05-26,EUR,1.6325
2022-05-26,SGD,1.1288
2022-05-26,CAD,1.12
2022-05-27,AUD,1.0116
2022-05-27,USD,1.5285
2022-05-27,GBP,1.8839
2022-05-27,EUR,1.6623
2022-05-27,SGD,1.1314
2022-05-27,CAD,1.0958
2022-05-28,AUD,0.9987
2022-05-28,USD,1.5293
2022-05-28,GBP,1.9097
2022-05-28,EUR,1.6369
2022-05-28,SGD,1.1699
2022-05-28,CAD,1.1071
2022-05-29,AUD,0.998
2022-05-29,USD,1.4861
2022-05-29,GBP,1.9279
2022-05-29,EUR,1.6316
2022-05-29,SGD,1.1547
2022-05-29,CAD,1.1142
2022-05-30,AUD,0.9909
2022-05-30,USD,1.5224
2022-05-30,GBP,1.9392
2022-05-30,EUR,1.6696
2022-05-30,SGD,1.1351
2022-05-30,CAD,1.1094
2022-05-31,AUD,1.0117
2022-05-31,USD,1.4943
2022-05-31,GBP,1.896
2022-05-31,EUR,1.6175
2022-05-31,SGD,1.1055
2022-05-31,CAD,1.0644
2022-06-01,AUD,1.0108
2022-06-01,USD,1.5055
2022-06-01,GBP,1.9124
2022-06-01,EUR,1.6497
2022-06-01,SGD,1.1338
2022-06-01,CAD,1.0766
2022-06-02,AUD,0.9936
2022-06-02,USD,1.541
2022-06-02,GBP,1.8827
2022-06-02,EUR,1.647
2022-06-02,SGD,1.1407
2022-06-02,CAD,1.058
2022-06-03,AUD,1.0125
2022-06-03,USD,1.4884
2022-06-03,GBP,1.8973
2022-06-03,EUR,1.6614
2022-06-03,SGD,1.1491
2022-06-03,CAD,1.1162
2022-06-04,AUD,1.005
2022-06-04,USD,1.4897
2022-06-04,GBP,1.9621
2022-06-04,EUR,1.6549
2022-06-04,SGD,1.1349
2022-06-04,CAD,1.1265
2022-06-05,AUD,1.0084
2022-06-05,USD,1.4944
2022-06-05,GBP,1.9444
2022-06-05,EUR,1.659
2022-06-05,SGD,1.1407
2022-06-05,CAD,1.0804
2022-06-06,AUD,0.9858
2022-06-06,USD,1.5374
2022-06-06,GBP,1.8858
2022-06-06,EUR,1.6326
2022-06-06,SGD,1.1333
2022-06-06,CAD,1.1012
2022-06-07,AUD,0.9872
2022-06-07,USD,1.5083
2022-06-07,GBP,1.8825
2022-06-07,EUR,1.6834
2022-06-07,SGD,1.1509
2022-06-07,CAD,1.1041
2022-06-08,AUD,0.9878
2022-06-08,USD,1.5279
2022-06-08,GBP,1.9242
2022-06-08,EUR,1.5959
2022-06-08,SGD,1.1673
2022-06-08,CAD,1.1096
2022-06-09,AUD,0.994
2022-06-09,USD,1.5257
2022-06-09,GBP,1.9557
2022-06-09,EUR,1.6913
2022-06-09,SGD,1.1449
2022-06-09,CAD,1.0844
2022-06-10,AUD,1.0001
2022-06-10,USD,1.4894
2022-06-10,GBP,1.8875
2022-06-10,EUR,1.6461
2022-06-10,SGD,1.1338
2022-06-10,CAD,1.0938
2022-06-11,AUD,1.0218
2022-06-11,USD,1.5113
2022-06-11,GBP,1.8843
2022-06-11,EUR,1.6487
2022-06-11,SGD,1.1514
2022-06-11,CAD,1.0811
2022-06-12,AUD,1.0241
2022-06-12,USD,1.5466
2022-06-12,GBP,1.9447
2022-06-12,EUR,1.6762
2022-06-12,SGD,1.1429
2022-06-12,CAD,1.1216
2022-06-13,AUD,0.9673
2022-06-13,USD,1.5271
2022-06-13,GBP,1.9482
2022-06-13,EUR,1.6501
2022-06-13,SGD,1.1105
2022-06-13,CAD,1.0967
2022-06-14,AUD,0.9871
2022-06-14,USD,1.5086
2022-06-14,GBP,1.9077
2022-06-14,EUR,1.6756
2022-06-14,SGD,1.1357
2022-06-14,CAD,1.0705
2022-06-15,AUD,0.9928
2022-06-15,USD,1.5231
2022-06-15,GBP,1.909
2022-06-15,EUR,1.6186
2022-06-15,SGD,1.1395
2022-06-15,CAD,1.0866
2022-06-16,AUD,1.0034
2022-06-16,USD,1.4953
2022-06-16,GBP,1.8696
2022-06-16,EUR,1.6563
2022-06-16,SGD,1.126
2022-06-16,CAD,1.0954
2022-06-17,AUD,1.0068
2022-06-17,USD,1.4964
2022-06-17,GBP,1.905
2022-06-17,EUR,1.6555
2022-06-17,SGD,1.1669
2022-06-17,CAD,1.0719
2022-06-18,AUD,0.9943
2022-06-18,USD,1.5224
2022-06-18,GBP,1.9303
2022-06-18,EUR,1.6737
2022-06-18,SGD,1.1199
2022-06-18,CAD,1.0687
2022-06-19,AUD,0.9961
2022-06-19,USD,1.4648
2022-06-19,GBP,1.9061
2022-06-19,EUR,1.6932
2022-06-19,SGD,1.1579
2022-06-19,CAD,1.0929
2022-06-20,AUD,0.9714
2022-06-20,USD,1.4791
2022-06-20,GBP,1.9242
2022-06-20,EUR,1.6519
2022-06-20,SGD,1.1305
2022-06-20,CAD,1.0769
2022-06-21,AUD,1.0157
2022-06-21,USD,1.5583
2022-06-21,GBP,1.9346
2022-06-21,EUR,1.6925
2022-06-21,SGD,1.1448
2022-06-21,CAD,1.0924
2022-06-22,AUD,0.987
2022-06-22,USD,1.501
2022-06-22,GBP,1.847
2022-06-22,EUR,1.6297
2022-06-22,SGD,1.1177
2022-06-22,CAD,1.1028
2022-06-23,AUD,0.9976
2022-06-23,USD,1.4875
2022-06-23,GBP,1.9179
2022-06-23,EUR,1.6911
2022-06-23,SGD,1.1676
2022-06-23,CAD,1.0895
2022-06-24,AUD,0.9748
2022-06-24,USD,1.5212
2022-06-24,GBP,1.9051
2022-06-24,EUR,1.6759
2022-06-24,SGD,1.1582
2022-06-24,CAD,1.107
2022-06-25,AUD,1.0178
2022-06-25,USD,1.4808
2022-06-25,GBP,1.9025
2022-06-25,EUR,1.684
2022-06-25,SGD,1.159
2022-06-25,CAD,1.0882
2022-06-26,AUD,1.019
2022-06-26,USD,1.5115
2022-06-26,GBP,1.9019
2022-06-26,EUR,1.6779
2022-06-26,SGD,1.1146
2022-06-26,CAD,1.0884
2022-06-27,AUD,1.0035
2022-06-27,USD,1.4978
2022-06-27,GBP,1.9456
2022-06-27,EUR,1.6329
2022-06-27,SGD,1.1473
2022-06-27,CAD,1.115
2022-06-28,AUD,1.0186
2022-06-28,USD,1.4901
2022-06-28,GBP,1.9477
2022-06-28,EUR,1.6195
2022-06-28,SGD,1.144
2022-06-28,CAD,1.0897
2022-06-29,AUD,0.9765
2022-06-29,USD,1.542
2022-06-29,GBP,1.9329
2022-06-29,EUR,1.6545
2022-06-29,SGD,1.1262
2022-06-29,CAD,1.1163
2022-06-30,AUD,0.9844
2022-06-30,USD,1.5368
2022-06-30,GBP,1.8918
2022-06-30,EUR,1.6587
2022-06-30,SGD,1.1378
2022-06-30,CAD,1.0832
2022-07-01,AUD,0.9893
2022-07-01,USD,1.4902
2022-07-01,GBP,1.9077
2022-07-01,EUR,1.6618
2022-07-01,SGD,1.1208
2022-07-01,CAD,1.1121
2022-07-02,AUD,0.9996
2022-07-02,USD,1.4649
2022-07-02,GBP,1.9473
2022-07-02,EUR,1.6205
2022-07-02,SGD,1.1197
2022-07-02,CAD,1.0711
2022-07-03,AUD,0.9863
2022-07-03,USD,1.5197
2022-07-03,GBP,1.9367
2022-07-03,EUR,1.6551
2022-07-03,SGD,1.1393
2022-07-03,CAD,1.0914
2022-07-04,AUD,1.0151
2022-07-04,USD,1.4604
2022-07-04,GBP,1.8885
2022-07-04,EUR,1.6814
2022-07-04,SGD,1.1482
2022-07-04,CAD,1.0717
2022-07-05,AUD,0.9877
2022-07-05,USD,1.4985
2022-07-05,GBP,1.8877
2022-07-05,EUR,1.6499
2022-07-05,SGD,1.1648
2022-07-05,CAD,1.1143
2022-07-06,AUD,0.9972
2022-07-06,USD,1.499
2022-07-06,GBP,1.9227
2022-07-06,EUR,1.7066
2022-07-06,SGD,1.1574
2022-07-06,CAD,1.0995
2022-07-07,AUD,0.9907
2022-07-07,USD,1.4969
2022-07-07,GBP,1.8816
2022-07-07,EUR,1.6594
2022-07-07,SGD,1.1303
2022-07-07,CAD,1.1127
2022-07-08,AUD,0.9878
2022-07-08,USD,1.5172
2022-07-08,GBP,1.9129
2022-07-08,EUR,1.6384
2022-07-08,SGD,1.1514
2022-07-08,CAD,1.1043
2022-07-09,AUD,0.9975
2022-07-09,USD,1.5146
2022-07-09,GBP,1.9243
2022-07-09,EUR,1.6475
2022-07-09,SGD,1.1344
2022-07-09,CAD,1.0955
2022-07-10,AUD,0.9986
2022-07-10,USD,1.5645
2022-07-10,GBP,1.9165
2022-07-10,EUR,1.6396
2022-07-10,SGD,1.1296
2022-07-10,CAD,1.0949
2022-07-11,AUD,0.9898
2022-07-11,USD,1.5511
2022-07-11,GBP,1.9184
2022-07-11,EUR,1.6469
2022-07-11,SGD,1.1502
2022-07-11,CAD,1.0795
2022-07-12,AUD,0.9824
2022-07-12,USD,1.4929
2022-07-12,GBP,1.9013
2022-07-12,EUR,1.5864
2022-07-12,SGD,1.1248
2022-07-12,CAD,1.1006
2022-07-13,AUD,0.989
2022-07-13,USD,1.4997
2022-07-13,GBP,1.9052
2022-07-13,EUR,1.6296
2022-07-13,SGD,1.1105
2022-07-13,CAD,1.126
2022-07-14,AUD,0.9916
2022-07-14,USD,1.4938
2022-07-14,GBP,1.9039
2022-07-14,EUR,1.6456
2022-07-14,SGD,1.1234
2022-07-14,CAD,1.0753
2022-07-15,AUD,1.0021
2022-07-15,USD,1.4919
2022-07-15,GBP,1.8793
2022-07-15,EUR,1.6617
2022-07-15,SGD,1.15
2022-07-15,CAD,1.1161
2022-07-16,AUD,1.0338
2022-07-16,USD,1.5181
2022-07-16,GBP,1.9189
2022-07-16,EUR,1.6651
2022-07-16,SGD,1.1318
2022-07-16,CAD,1.0822
2022-07-17,AUD,1.001
2022-07-17,USD,1.5038
2022-07-17,GBP,1.9143
2022-07-17,EUR,1.6547
2022-07-17,SGD,1.1641
2022-07-17,CAD,1.0815
2022-07-18,AUD,0.9808
2022-07-18,USD,1.5077
2022-07-18,GBP,1.9018
2022-07-18,EUR,1.7103
2022-07-18,SGD,1.1504
2022-07-18,CAD,1.0904
2022-07-19,AUD,1.0003
2022-07-19,USD,1.5236
2022-07-19,GBP,1.8948
2022-07-19,EUR,1.6792
2022-07-19,SGD,1.1564
2022-07-19,CAD,1.0969
2022-07-20,AUD,0.997
2022-07-20,USD,1.4913
2022-07-20,GBP,1.9093
2022-07-20,EUR,1.5746
2022-07-20,SGD,1.1637
2022-07-20,CAD,1.1161
2022-07-21,AUD,0.9843
2022-07-21,USD,1.5017
2022-07-21,GBP,1.9189
2022-07-21,EUR,1.5972
2022-07-21,SGD,1.162
2022-07-21,CAD,1.1434
2022-07-22,AUD,1.0032
2022-07-22,USD,1.4923
2022-07-22,GBP,1.8879
2022-07-22,EUR,1.6143
2022-07-22,SGD,1.1412
2022-07-22,CAD,1.1013
2022-07-23,AUD,1.0117
2022-07-23,USD,1.4689
2022-07-23,GBP,1.9425
2022-07-23,EUR,1.6919
2022-07-23,SGD,1.1712
2022-07-23,CAD,1.138
2022-07-24,AUD,1.0151
2022-07-24,USD,1.5445
2022-07-24,GBP,1.9315
2022-07-24,EUR,1.6591
2022-07-24,SGD,1.1367
2022-07-24,CAD,1.0662
2022-07-25,AUD,0.9856
2022-07-25,USD,1.4802
2022-07-25,GBP,1.9358
2022-07-25,EUR,1.6616
2022-07-25,SGD,1.1035
2022-07-25,CAD,1.061
2022-07-26,AUD,0.9896
2022-07-26,USD,1.5237
2022-07-26,GBP,1.9175
2022-07-26,EUR,1.6072
2022-07-26,SGD,1.1394
2022-07-26,CAD,1.1027
2022-07-27,AUD,1.0184
2022-07-27,USD,1.5109
2022-07-27,GBP,1.8966
2022-07-27,EUR,1.6115
2022-07-27,SGD,1.112
2022-07-27,CAD,1.1094
2022-07-28,AUD,0.9866
2022-07-28,USD,1.5314
2022-07-28,GBP,1.9217
2022-07-28,EUR,1.6447
2022-07-28,SGD,1.1311
2022-07-28,CAD,1.0959
2022-07-29,AUD,1.0035
2022-07-29,USD,1.5119
2022-07-29,GBP,1.9271
2022-07-29,EUR,1.6163
2022-07-29,SGD,1.1212
2022-07-29,CAD,1.0951
2022-07-30,AUD,0.9901
2022-07-30,USD,1.5035
2022-07-30,GBP,1.8976
2022-07-30,EUR,1.6617
2022-07-30,SGD,1.1483
2022-07-30,CAD,1.096
2022-07-31,AUD,0.9992
2022-07-31,USD,1.4749
2022-07-31,GBP,1.9173
2022-07-31,EUR,1.6307
2022-07-31,SGD,1.1582
2022-07-31,CAD,1.1209
2022-08-01,AUD,1.0076
2022-08-01,USD,1.5082
2022-08-01,GBP,1.9717
2022-08-01,EUR,1.6619
2022-08-01,SGD,1.1591
2022-08-01,CAD,1.121
2022-08-02,AUD,0.9947
2022-08-02,USD,1.54
2022-08-02,GBP,1.9283
2022-08-02,EUR,1.6478
2022-08-02,SGD,1.1318
2022-08-02,CAD,1.0718
2022-08-03,AUD,1.0086
2022-08-03,USD,1.4925
2022-08-03,GBP,1.9159
2022-08-03,EUR,1.6356
2022-08-03,SGD,1.1701
2022-08-03,CAD,1.0735
2022-08-04,AUD,0.9817
2022-08-04,USD,1.5419
2022-08-04,GBP,1.8741
2022-08-04,EUR,1.6599
2022-08-04,SGD,1.1579
2022-08-04,CAD,1.1173
2022-08-05,AUD,0.9911
2022-08-05,USD,1.5265
2022-08-05,GBP,1.9528
2022-08-05,EUR,1.6366
2022-08-05,SGD,1.1159
2022-08-05,CAD,1.0685
2022-08-06,AUD,0.9966
2022-08-06,USD,1.545
2022-08-06,GBP,1.9498
2022-08-06,EUR,1.6698
2022-08-06,SGD,1.0983
2022-08-06,CAD,1.1047
2022-08-07,AUD,0.9678
2022-08-07,USD,1.4817
2022-08-07,GBP,1.9235
2022-08-07,EUR,1.6505
2022-08-07,SGD,1.1232
2022-08-07,CAD,1.1051
2022-08-08,AUD,0.9819
2022-08-08,USD,1.5146
2022-08-08,GBP,1.9244
2022-08-08,EUR,1.6268
2022-08-08,SGD,1.1148
2022-08-08,CAD,1.1321
2022-08-09,AUD,0.9829
2022-08-09,USD,1.486
2022-08-09,GBP,1.9632
2022-08-09,EUR,1.6671
2022-08-09,SGD,1.1449
2022-08-09,CAD,1.1184
2022-08-10,AUD,1.0237
2022-08-10,USD,1.5062
2022-08-10,GBP,1.9119
2022-08-10,EUR,1.6855
2022-08-10,SGD,1.1548
2022-08-10,CAD,1.1004
2022-08-11,AUD,1.0457
2022-08-11,USD,1.508
2022-08-11,GBP,1.9186
2022-08-11,EUR,1.6071
2022-08-11,SGD,1.1273
2022-08-11,CAD,1.1178
2022-08-12,AUD,1.002
2022-08-12,USD,1.5016
2022-08-12,GBP,1.9158
2022-08-12,EUR,1.6773
2022-08-12,SGD,1.1574
2022-08-12,CAD,1.1303
2022-08-13,AUD,0.9857
2022-08-13,USD,1.5017
2022-08-13,GBP,1.9111
2022-08-13,EUR,1.641
2022-08-13,SGD,1.1705
2022-08-13,CAD,1.0726
2022-08-14,AUD,1.0078
2022-08-14,USD,1.481
2022-08-14,GBP,1.9362
2022-08-14,EUR,1.7051
2022-08-14,SGD,1.1515
2022-08-14,CAD,1.0975
2022-08-15,AUD,1.0002
2022-08-15,USD,1.464
2022-08-15,GBP,1.8994
2022-08-15,EUR,1.6452
2022-08-15,SGD,1.1586
2022-08-15,CAD,1.0928
2022-08-16,AUD,1.0213
2022-08-16,USD,1.5112
2022-08-16,GBP,1.9646
2022-08-16,EUR,1.6474
2022-08-16,SGD,1.1663
2022-08-16,CAD,1.109
2022-08-17,AUD,1.0122
2022-08-17,USD,1.5035
2022-08-17,GBP,1.8893
2022-08-17,EUR,1.6749
2022-08-17,SGD,1.1288
2022-08-17,CAD,1.1212
2022-08-18,AUD,0.9813
2022-08-18,USD,1.4867
2022-08-18,GBP,1.9528
2022-08-18,EUR,1.651
2022-08-18,SGD,1.1613
2022-08-18,CAD,1.07
2022-08-19,AUD,1.01
2022-08-19,USD,1.51
2022-08-19,GBP,1.9148
2022-08-19,EUR,1.6717
2022-08-19,SGD,1.1204
2022-08-19,CAD,1.0965
2022-08-20,AUD,1.019
2022-08-20,USD,1.477
2022-08-20,GBP,1.8975
2022-08-20,EUR,1.6581
2022-08-20,SGD,1.1008
2022-08-20,CAD,1.096
2022-08-21,AUD,1.0114
2022-08-21,USD,1.5102
2022-08-21,GBP,1.9563
2022-08-21,EUR,1.6662
2022-08-21,SGD,1.1657
2022-08-21,CAD,1.1341
2022-08-22,AUD,0.9925
2022-08-22,USD,1.4861
2022-08-22,GBP,1.8974
2022-08-22,EUR,1.631
2022-08-22,SGD,1.1567
2022-08-22,CAD,1.0703
2022-08-23,AUD,1.0054
2022-08-23,USD,1.5025
2022-08-23,GBP,1.9579
2022-08-23,EUR,1.6772
2022-08-23,SGD,1.1476
2022-08-23,CAD,1.1044
2022-08-24,AUD,0.9889
2022-08-24,USD,1.5269
2022-08-24,GBP,1.885
2022-08-24,EUR,1.6829
2022-08-24,SGD,1.1523
2022-08-24,CAD,1.1014
2022-08-25,AUD,1.0012
2022-08-25,USD,1.51
2022-08-25,GBP,1.9216
2022-08-25,EUR,1.6223
2022-08-25,SGD,1.1468
2022-08-25,CAD,1.0807
2022-08-26,AUD,1.0066
2022-08-26,USD,1.5233
2022-08-26,GBP,1.9191
2022-08-26,EUR,1.6435
2022-08-26,SGD,1.1654
2022-08-26,CAD,1.097
2022-08-27,AUD,1.0061
2022-08-27,USD,1.5574
2022-08-27,GBP,1.9062
2022-08-27,EUR,1.727
2022-08-27,SGD,1.1334
2022-08-27,CAD,1.1021
2022-08-28,AUD,1.0066
2022-08-28,USD,1.5598
2022-08-28,GBP,1.9648
2022-08-28,EUR,1.6173
2022-08-28,SGD,1.1544
2022-08-28,CAD,1.1223
2022-08-29,AUD,0.9954
2022-08-29,USD,1.5252
2022-08-29,GBP,1.8823
2022-08-29,EUR,1.6647
2022-08-29,SGD,1.1251
2022-08-29,CAD,1.1036
2022-08-30,AUD,0.9921
2022-08-30,USD,1.4926
2022-08-30,GBP,1.9331
2022-08-30,EUR,1.6903
2022-08-30,SGD,1.1239
2022-08-30,CAD,1.13
2022-08-31,AUD,0.9961
2022-08-31,USD,1.5158
2022-08-31,GBP,1.9532
2022-08-31,EUR,1.7056
2022-08-31,SGD,1.1544
2022-08-31,CAD,1.0949
2022-09-01,AUD,0.9941
2022-09-01,USD,1.5019
2022-09-01,GBP,1.9206
2022-09-01,EUR,1.6685
2022-09-01,SGD,1.1467
2022-09-01,CAD,1.0935
2022-09-02,AUD,1.0192
2022-09-02,USD,1.5305
2022-09-02,GBP,1.9818
2022-09-02,EUR,1.6183
2022-09-02,SGD,1.1215
2022-09-02,CAD,1.099
2022-09-03,AUD,0.9938
2022-09-03,USD,1.4981
2022-09-03,GBP,1.8878
2022-09-03,EUR,1.6697
2022-09-03,SGD,1.0938
2022-09-03,CAD,1.1183
2022-09-04,AUD,0.9899
2022-09-04,USD,1.4854
2022-09-04,GBP,1.9616
2022-09-04,EUR,1.6414
2022-09-04,SGD,1.1484
2022-09-04,CAD,1.0835
2022-09-05,AUD,1.0125
2022-09-05,USD,1.4898
2022-09-05,GBP,1.8835
2022-09-05,EUR,1.6528
2022-09-05,SGD,1.1636
2022-09-05,CAD,1.1039
2022-09-06,AUD,1.0438
2022-09-06,USD,1.4729
2022-09-06,GBP,1.9175
2022-09-06,EUR,1.6369
2022-09-06,SGD,1.1376
2022-09-06,CAD,1.0927
2022-09-07,AUD,1.009
2022-09-07,USD,1.4629
2022-09-07,GBP,1.8786
2022-09-07,EUR,1.6715
2022-09-07,SGD,1.1394
2022-09-07,CAD,1.1168
2022-09-08,AUD,0.9791
2022-09-08,USD,1.5119
2022-09-08,GBP,1.9108
2022-09-08,EUR,1.6681
2022-09-08,SGD,1.1371
2022-09-08,CAD,1.1098
2022-09-09,AUD,1.0054
2022-09-09,USD,1.55
2022-09-09,GBP,1.9941
2022-09-09,EUR,1.661
2022-09-09,SGD,1.1639
2022-09-09,CAD,1.1205
2022-09-10,AUD,0.9965
2022-09-10,USD,1.5004
2022-09-10,GBP,1.9653
2022-09-10,EUR,1.6766
2022-09-10,SGD,1.1397
2022-09-10,CAD,1.1202
2022-09-11,AUD,0.996
2022-09-11,USD,1.5309
2022-09-11,GBP,1.906
2022-09-11,EUR,1.6566
2022-09-11,SGD,1.1101
2022-09-11,CAD,1.1131
2022-09-12,AUD,1.0181
2022-09-12,USD,1.4921
2022-09-12,GBP,1.933
2022-09-12,EUR,1.6529
2022-09-12,SGD,1.1255
2022-09-12,CAD,1.0763
2022-09-13,AUD,1.0076
2022-09-13,USD,1.4745
2022-09-13,GBP,1.9117
2022-09-13,EUR,1.6064
2022-09-13,SGD,1.1092
2022-09-13,CAD,1.0917
2022-09-14,AUD,0.9718
2022-09-14,USD,1.5227
2022-09-14,GBP,1.9443
2022-09-14,EUR,1.6241
2022-09-14,SGD,1.1383
2022-09-14,CAD,1.1144
2022-09-15,AUD,1.0053
2022-09-15,USD,1.5022
2022-09-15,GBP,1.8663
2022-09-15,EUR,1.6824
2022-09-15,SGD,1.1303
2022-09-15,CAD,1.1064
2022-09-16,AUD,1.0001
2022-09-16,USD,1.5229
2022-09-16,GBP,1.8959
2022-09-16,EUR,1.691
2022-09-16,SGD,1.1362
2022-09-16,CAD,1.0728
2022-09-17,AUD,0.9808
2022-09-17,USD,1.5256
2022-09-17,GBP,1.9137
2022-09-17,EUR,1.6626
2022-09-17,SGD,1.153
2022-09-17,CAD,1.1265
2022-09-18,AUD,1.0107
2022-09-18,USD,1.5153
2022-09-18,GBP,1.9632
2022-09-18,EUR,1.681
2022-09-18,SGD,1.1178
2022-09-18,CAD,1.0904
2022-09-19,AUD,0.9948
2022-09-19,USD,1.4627
2022-09-19,GBP,1.8862
2022-09-19,EUR,1.6864
2022-09-19,SGD,1.1535
2022-09-19,CAD,1.0657
2022-09-20,AUD,1.0088
2022-09-20,USD,1.5084
2022-09-20,GBP,1.9316
2022-09-20,EUR,1.6559
2022-09-20,SGD,1.1541
2022-09-20,CAD,1.0936
2022-09-21,AUD,0.9974
2022-09-21,USD,1.5376
2022-09-21,GBP,1.8845
2022-09-21,EUR,1.6897
2022-09-21,SGD,1.1375
2022-09-21,CAD,1.095
2022-09-22,AUD,1.0209
2022-09-22,USD,1.5017
2022-09-22,GBP,1.9106
2022-09-22,EUR,1.6771
2022-09-22,SGD,1.1404
2022-09-22,CAD,1.0732
2022-09-23,AUD,1.009
2022-09-23,USD,1.5401
2022-09-23,GBP,1.9421
2022-09-23,EUR,1.6283
2022-09-23,SGD,1.1309
2022-09-23,CAD,1.1196
2022-09-24,AUD,1.0264
2022-09-24,USD,1.5311
2022-09-24,GBP,1.8977
2022-09-24,EUR,1.608
2022-09-24,SGD,1.1251
2022-09-24,CAD,1.1082
2022-09-25,AUD,0.994
2022-09-25,USD,1.4857
2022-09-25,GBP,1.8885
2022-09-25,EUR,1.6545
2022-09-25,SGD,1.1451
2022-09-25,CAD,1.0822
2022-09-26,AUD,1.0056
2022-09-26,USD,1.5068
2022-09-26,GBP,1.9677
2022-09-26,EUR,1.6484
2022-09-26,SGD,1.1561
2022-09-26,CAD,1.1174
2022-09-27,AUD,0.9935
2022-09-27,USD,1.5231
2022-09-27,GBP,1.9096
2022-09-27,EUR,1.6104
2022-09-27,SGD,1.1476
2022-09-27,CAD,1.1191
2022-09-28,AUD,0.9866
2022-09-28,USD,1.5095
2022-09-28,GBP,1.9251
2022-09-28,EUR,1.6302
2022-09-28,SGD,1.1358
2022-09-28,CAD,1.0944
2022-09-29,AUD,0.9998
2022-09-29,USD,1.5213
2022-09-29,GBP,1.8815
2022-09-29,EUR,1.659
2022-09-29,SGD,1.1418
2022-09-29,CAD,1.0946
2022-09-30,AUD,1.0111
2022-09-30,USD,1.5124
2022-09-30,GBP,1.9358
2022-09-30,EUR,1.7048
2022-09-30,SGD,1.1282
2022-09-30,CAD,1.0925
2022-10-01,AUD,0.997
2022-10-01,USD,1.4897
2022-10-01,GBP,1.8994
2022-10-01,EUR,1.6126
2022-10-01,SGD,1.1469
2022-10-01,CAD,1.1004
2022-10-02,AUD,1.0141
2022-10-02,USD,1.5232
2022-10-02,GBP,1.8968
2022-10-02,EUR,1.6349
2022-10-02,SGD,1.1083
2022-10-02,CAD,1.1122
2022-10-03,AUD,1.0163
2022-10-03,USD,1.5041
2022-10-03,GBP,1.9258
2022-10-03,EUR,1.6989
2022-10-03,SGD,1.1221
2022-10-03,CAD,1.0981
2022-10-04,AUD,0.9911
2022-10-04,USD,1.4835
2022-10-04,GBP,1.953
2022-10-04,EUR,1.6515
2022-10-04,SGD,1.1346
2022-10-04,CAD,1.1028
2022-10-05,AUD,0.9885
2022-10-05,USD,1.5633
2022-10-05,GBP,1.9165
2022-10-05,EUR,1.6627
2022-10-05,SGD,1.1245
2022-10-05,CAD,1.0702
2022-10-06,AUD,1.0052
2022-10-06,USD,1.4784
2022-10-06,GBP,1.9933
2022-10-06,EUR,1.6618
2022-10-06,SGD,1.1694
2022-10-06,CAD,1.1287
2022-10-07,AUD,1.0035
2022-10-07,USD,1.4794
2022-10-07,GBP,1.9305
2022-10-07,EUR,1.6489
2022-10-07,SGD,1.1227
2022-10-07,CAD,1.1052
2022-10-08,AUD,0.9997
2022-10-08,USD,1.4905
2022-10-08,GBP,1.9359
2022-10-08,EUR,1.6099
2022-10-08,SGD,1.1601
2022-10-08,CAD,1.0804
2022-10-09,AUD,1.0089
2022-10-09,USD,1.5048
2022-10-09,GBP,1.9751
2022-10-09,EUR,1.6642
2022-10-09,SGD,1.1298
2022-10-09,CAD,1.1068
2022-10-10,AUD,0.9783
2022-10-10,USD,1.5289
2022-10-10,GBP,1.9713
2022-10-10,EUR,1.6775
2022-10-10,SGD,1.1393
2022-10-10,CAD,1.0941
2022-10-11,AUD,0.967
2022-10-11,USD,1.5094
2022-10-11,GBP,1.8973
2022-10-11,EUR,1.6533
2022-10-11,SGD,1.17
2022-10-11,CAD,1.0928
2022-10-12,AUD,0.965
2022-10-12,USD,1.522
2022-10-12,GBP,1.9243
2022-10-12,EUR,1.6505
2022-10-12,SGD,1.1659
2022-10-12,CAD,1.0976
2022-10-13,AUD,1.0091
2022-10-13,USD,1.5171
2022-10-13,GBP,1.897
2022-10-13,EUR,1.638
2022-10-13,SGD,1.1167
2022-10-13,CAD,1.1031
2022-10-14,AUD,1.0046
2022-10-14,USD,1.4972
2022-10-14,GBP,1.8948
2022-10-14,EUR,1.6565
2022-10-14,SGD,1.1337
2022-10-14,CAD,1.1005
2022-10-15,AUD,1.0055
2022-10-15,USD,1.4948
2022-10-15,GBP,1.8965
2022-10-15,EUR,1.6937
2022-10-15,SGD,1.1342
2022-10-15,CAD,1.0952
2022-10-16,AUD,1.0012
2022-10-16,USD,1.5045
2022-10-16,GBP,1.9219
2022-10-16,EUR,1.6334
2022-10-16,SGD,1.1676
2022-10-16,CAD,1.1002
2022-10-17,AUD,1.0085
2022-10-17,USD,1.5051
2022-10-17,GBP,1.8888
2022-10-17,EUR,1.6788
2022-10-17,SGD,1.1553
2022-10-17,CAD,1.1007
2022-10-18,AUD,0.9983
2022-10-18,USD,1.5164
2022-10-18,GBP,1.9472
2022-10-18,EUR,1.6831
2022-10-18,SGD,1.1612
2022-10-18,CAD,1.1074
2022-10-19,AUD,1.0091
2022-10-19,USD,1.5654
2022-10-19,GBP,1.9348
2022-10-19,EUR,1.6437
2022-10-19,SGD,1.1627
2022-10-19,CAD,1.0732
2022-10-20,AUD,0.987
2022-10-20,USD,1.5325
2022-10-20,GBP,1.8553
2022-10-20,EUR,1.6668
2022-10-20,SGD,1.1214
2022-10-20,CAD,1.1123
2022-10-21,AUD,1.0089
2022-10-21,USD,1.5143
2022-10-21,GBP,1.9131
2022-10-21,EUR,1.6469
2022-10-21,SGD,1.1367
2022-10-21,CAD,1.076
2022-10-22,AUD,0.9923
2022-10-22,USD,1.5482
2022-10-22,GBP,1.9006
2022-10-22,EUR,1.6609
2022-10-22,SGD,1.12
2022-10-22,CAD,1.1064
2022-10-23,AUD,0.9927
2022-10-23,USD,1.5007
2022-10-23,GBP,1.9617
2022-10-23,EUR,1.6673
2022-10-23,SGD,1.1118
2022-10-23,CAD,1.0778
2022-10-24,AUD,0.9941
2022-10-24,USD,1.5031
2022-10-24,GBP,1.9835
2022-10-24,EUR,1.6836
2022-10-24,SGD,1.1341
2022-10-24,CAD,1.1036
2022-10-25,AUD,1.0089
2022-10-25,USD,1.5365
2022-10-25,GBP,1.9597
2022-10-25,EUR,1.7138
2022-10-25,SGD,1.1391
2022-10-25,CAD,1.1036
2022-10-26,AUD,1.0269
2022-10-26,USD,1.5458
2022-10-26,GBP,1.9013
2022-10-26,EUR,1.6638
2022-10-26,SGD,1.1499
2022-10-26,CAD,1.1286
2022-10-27,AUD,1.0104
2022-10-27,USD,1.4888
2022-10-27,GBP,1.92
2022-10-27,EUR,1.6352
2022-10-27,SGD,1.1183
2022-10-27,CAD,1.0905
2022-10-28,AUD,0.993
2022-10-28,USD,1.4787
2022-10-28,GBP,1.9434
2022-10-28,EUR,1.6978
2022-10-28,SGD,1.1455
2022-10-28,CAD,1.1106
2022-10-29,AUD,0.9756
2022-10-29,USD,1.5004
2022-10-29,GBP,1.9341
2022-10-29,EUR,1.6675
2022-10-29,SGD,1.1426
2022-10-29,CAD,1.089
2022-10-30,AUD,0.9996
2022-10-30,USD,1.5191
2022-10-30,GBP,1.8938
2022-10-30,EUR,1.6553
2022-10-30,SGD,1.1461
2022-10-30,CAD,1.1113
2022-10-31,AUD,0.9798
2022-10-31,USD,1.5444
2022-10-31,GBP,1.9217
2022-10-31,EUR,1.6337
2022-10-31,SGD,1.1196
2022-10-31,CAD,1.0763
2022-11-01,AUD,1.0078
2022-11-01,USD,1.5348
2022-11-01,GBP,1.921
2022-11-01,EUR,1.6929
2022-11-01,SGD,1.1169
2022-11-01,CAD,1.0828
2022-11-02,AUD,1.0048
2022-11-02,USD,1.4946
2022-11-02,GBP,1.9127
2022-11-02,EUR,1.6546
2022-11-02,SGD,1.1552
2022-11-02,CAD,1.0814
2022-11-03,AUD,0.9948
2022-11-03,USD,1.4962
2022-11-03,GBP,1.9537
2022-11-03,EUR,1.6367
2022-11-03,SGD,1.1135
2022-11-03,CAD,1.106
2022-11-04,AUD,0.9738
2022-11-04,USD,1.4698
2022-11-04,GBP,1.9185
2022-11-04,EUR,1.6072
2022-11-04,SGD,1.112
2022-11-04,CAD,1.108
2022-11-05,AUD,0.9965
2022-11-05,USD,1.4927
2022-11-05,GBP,1.9306
2022-11-05,EUR,1.6527
2022-11-05,SGD,1.1211
2022-11-05,CAD,1.1033
2022-11-06,AUD,0.9952
2022-11-06,USD,1.5067
2022-11-06,GBP,1.9731
2022-11-06,EUR,1.6574
2022-11-06,SGD,1.149
2022-11-06,CAD,1.079
2022-11-07,AUD,0.9636
2022-11-07,USD,1.5347
2022-11-07,GBP,1.8826
2022-11-07,EUR,1.6319
2022-11-07,SGD,1.1608
2022-11-07,CAD,1.1061
2022-11-08,AUD,0.9878
2022-11-08,USD,1.5546
2022-11-08,GBP,1.8904
2022-11-08,EUR,1.645
2022-11-08,SGD,1.1258
2022-11-08,CAD,1.1164
2022-11-09,AUD,0.9914
2022-11-09,USD,1.5266
2022-11-09,GBP,1.9238
2022-11-09,EUR,1.6352
2022-11-09,SGD,1.1264
2022-11-09,CAD,1.0658
2022-11-10,AUD,0.9864
2022-11-10,USD,1.5573
2022-11-10,GBP,1.9137
2022-11-10,EUR,1.6408
2022-11-10,SGD,1.1191
2022-11-10,CAD,1.1174
2022-11-11,AUD,1.0194
2022-11-11,USD,1.5156
2022-11-11,GBP,1.9206
2022-11-11,EUR,1.6832
2022-11-11,SGD,1.1321
2022-11-11,CAD,1.0981
2022-11-12,AUD,0.9986
2022-11-12,USD,1.4956
2022-11-12,GBP,1.926
2022-11-12,EUR,1.6578
2022-11-12,SGD,1.1545
2022-11-12,CAD,1.143
2022-11-13,AUD,1.0145
2022-11-13,USD,1.5384
2022-11-13,GBP,1.9038
2022-11-13,EUR,1.6264
2022-11-13,SGD,1.1486
2022-11-13,CAD,1.1036
2022-11-14,AUD,0.9889
2022-11-14,USD,1.5157
2022-11-14,GBP,1.92
2022-11-14,EUR,1.6446
2022-11-14,SGD,1.1282
2022-11-14,CAD,1.1102
2022-11-15,AUD,0.9985
2022-11-15,USD,1.5023
2022-11-15,GBP,1.9132
2022-11-15,EUR,1.6591
2022-11-15,SGD,1.143
2022-11-15,CAD,1.1019
2022-11-16,AUD,0.9837
2022-11-16,USD,1.5159
2022-11-16,GBP,1.9078
2022-11-16,EUR,1.6644
2022-11-16,SGD,1.1174
2022-11-16,CAD,1.0909
2022-11-17,AUD,1.0136
2022-11-17,USD,1.5101
2022-11-17,GBP,1.943
2022-11-17,EUR,1.6688
2022-11-17,SGD,1.1284
2022-11-17,CAD,1.0489
2022-11-18,AUD,0.9918
2022-11-18,USD,1.5045
2022-11-18,GBP,1.9337
2022-11-18,EUR,1.6739
2022-11-18,SGD,1.1436
2022-11-18,CAD,1.0995
2022-11-19,AUD,0.9878
2022-11-19,USD,1.4936
2022-11-19,GBP,1.9001
2022-11-19,EUR,1.683
2022-11-19,SGD,1.1053
2022-11-19,CAD,1.1125
2022-11-20,AUD,1.0116
2022-11-20,USD,1.5124
2022-11-20,GBP,1.9168
2022-11-20,EUR,1.6062
2022-11-20,SGD,1.1194
2022-11-20,CAD,1.0938
2022-11-21,AUD,0.9817
2022-11-21,USD,1.5082
2022-11-21,GBP,1.9266
2022-11-21,EUR,1.6087
2022-11-21,SGD,1.1315
2022-11-21,CAD,1.1004
2022-11-22,AUD,1.0117
2022-11-22,USD,1.5401
2022-11-22,GBP,1.9561
2022-11-22,EUR,1.661
2022-11-22,SGD,1.1183
2022-11-22,CAD,1.1194
2022-11-23,AUD,1.0058
2022-11-23,USD,1.5406
2022-11-23,GBP,1.9355
2022-11-23,EUR,1.6703
2022-11-23,SGD,1.1308
2022-11-23,CAD,1.0932
2022-11-24,AUD,1.0078
2022-11-24,USD,1.4898
2022-11-24,GBP,1.9372
2022-11-24,EUR,1.658
2022-11-24,SGD,1.1409
2022-11-24,CAD,1.111
2022-11-25,AUD,0.979
2022-11-25,USD,1.5117
2022-11-25,GBP,1.9325
2022-11-25,EUR,1.6669
2022-11-25,SGD,1.1577
2022-11-25,CAD,1.0811
2022-11-26,AUD,0.9889
2022-11-26,USD,1.4959
2022-11-26,GBP,1.9152
2022-11-26,EUR,1.6671
2022-11-26,SGD,1.1108
2022-11-26,CAD,1.0901
2022-11-27,AUD,0.9969
2022-11-27,USD,1.5042
2022-11-27,GBP,1.9156
2022-11-27,EUR,1.6308
2022-11-27,SGD,1.1236
2022-11-27,CAD,1.1127
2022-11-28,AUD,1.0019
2022-11-28,USD,1.4702
2022-11-28,GBP,1.9756
2022-11-28,EUR,1.6328
2022-11-28,SGD,1.1727
2022-11-28,CAD,1.0952
2022-11-29,AUD,1.0035
2022-11-29,USD,1.5228
2022-11-29,GBP,1.9664
2022-11-29,EUR,1.6405
2022-11-29,SGD,1.1345
2022-11-29,CAD,1.1165
2022-11-30,AUD,0.9779
2022-11-30,USD,1.5033
2022-11-30,GBP,1.8903
2022-11-30,EUR,1.6786
2022-11-30,SGD,1.106
2022-11-30,CAD,1.0932
2022-12-01,AUD,0.9887
2022-12-01,USD,1.543
2022-12-01,GBP,1.9501
2022-12-01,EUR,1.6268
2022-12-01,SGD,1.1319
2022-12-01,CAD,1.0839
2022-12-02,AUD,0.9972
2022-12-02,USD,1.52
2022-12-02,GBP,1.955
2022-12-02,EUR,1.7183
2022-12-02,SGD,1.1593
2022-12-02,CAD,1.0869
2022-12-03,AUD,1.0104
2022-12-03,USD,1.5304
2022-12-03,GBP,1.9194
2022-12-03,EUR,1.6073
2022-12-03,SGD,1.1392
2022-12-03,CAD,1.1068
2022-12-04,AUD,1.0249
2022-12-04,USD,1.5592
2022-12-04,GBP,1.9056
2022-12-04,EUR,1.6523
2022-12-04,SGD,1.1426
2022-12-04,CAD,1.1131
2022-12-05,AUD,1.0062
2022-12-05,USD,1.4946
2022-12-05,GBP,1.9437
2022-12-05,EUR,1.6472
2022-12-05,SGD,1.1244
2022-12-05,CAD,1.0825
2022-12-06,AUD,1.0065
2022-12-06,USD,1.4926
2022-12-06,GBP,1.9305
2022-12-06,EUR,1.6677
2022-12-06,SGD,1.1713
2022-12-06,CAD,1.1076
2022-12-07,AUD,1.013
2022-12-07,USD,1.5185
2022-12-07,GBP,1.9565
2022-12-07,EUR,1.6323
2022-12-07,SGD,1.1464
2022-12-07,CAD,1.0833
2022-12-08,AUD,0.9928
2022-12-08,USD,1.5146
2022-12-08,GBP,1.9665
2022-12-08,EUR,1.6684
2022-12-08,SGD,1.1441
2022-12-08,CAD,1.1091
2022-12-09,AUD,0.9751
2022-12-09,USD,1.5147
2022-12-09,GBP,1.9609
2022-12-09,EUR,1.6652
2022-12-09,SGD,1.1305
2022-12-09,CAD,1.0844
2022-12-10,AUD,1.0007
2022-12-10,USD,1.5122
2022-12-10,GBP,1.8852
2022-12-10,EUR,1.6424
2022-12-10,SGD,1.1252
2022-12-10,CAD,1.0986
2022-12-11,AUD,1.005
2022-12-11,USD,1.4903
2022-12-11,GBP,1.9747
2022-12-11,EUR,1.6196
2022-12-11,SGD,1.1414
2022-12-11,CAD,1.0853
2022-12-12,AUD,0.9934
2022-12-12,USD,1.4814
2022-12-12,GBP,1.9067
2022-12-12,EUR,1.6728
2022-12-12,SGD,1.1562
2022-12-12,CAD,1.0988
2022-12-13,AUD,1.0253
2022-12-13,USD,1.5265
2022-12-13,GBP,1.9206
2022-12-13,EUR,1.6507
2022-12-13,SGD,1.1327
2022-12-13,CAD,1.1231
2022-12-14,AUD,1.0202
2022-12-14,USD,1.5006
2022-12-14,GBP,1.9
2022-12-14,EUR,1.6737
2022-12-14,SGD,1.1476
2022-12-14,CAD,1.1039
2022-12-15,AUD,0.996
2022-12-15,USD,1.4782
2022-12-15,GBP,1.908
2022-12-15,EUR,1.6352
2022-12-15,SGD,1.126
2022-12-15,CAD,1.1018
2022-12-16,AUD,1.006
2022-12-16,USD,1.4761
2022-12-16,GBP,1.8488
2022-12-16,EUR,1.6268
2022-12-16,SGD,1.1132
2022-12-16,CAD,1.0985
2022-12-17,AUD,1.0091
2022-12-17,USD,1.4759
2022-12-17,GBP,1.9398
2022-12-17,EUR,1.7021
2022-12-17,SGD,1.1479
2022-12-17,CAD,1.0993
2022-12-18,AUD,1.0001
2022-12-18,USD,1.4752
2022-12-18,GBP,1.9256
2022-12-18,EUR,1.692
2022-12-18,SGD,1.1432
2022-12-18,CAD,1.1194
2022-12-19,AUD,0.9943
2022-12-19,USD,1.5002
2022-12-19,GBP,1.9271
2022-12-19,EUR,1.6178
2022-12-19,SGD,1.1311
2022-12-19,CAD,1.1274
2022-12-20,AUD,1.0078
2022-12-20,USD,1.5394
2022-12-20,GBP,1.926
2022-12-20,EUR,1.6428
2022-12-20,SGD,1.1627
2022-12-20,CAD,1.0816
2022-12-21,AUD,1.0105
2022-12-21,USD,1.4863
2022-12-21,GBP,1.8417
2022-12-21,EUR,1.6712
2022-12-21,SGD,1.1589
2022-12-21,CAD,1.0905
2022-12-22,AUD,1.0241
2022-12-22,USD,1.484
2022-12-22,GBP,1.9206
2022-12-22,EUR,1.6641
2022-12-22,SGD,1.1033
2022-12-22,CAD,1.112
2022-12-23,AUD,0.9845
2022-12-23,USD,1.5012
2022-12-23,GBP,1.8725
2022-12-23,EUR,1.663
2022-12-23,SGD,1.1673
2022-12-23,CAD,1.1245
2022-12-24,AUD,0.9859
2022-12-24,USD,1.5344
2022-12-24,GBP,1.9274
2022-12-24,EUR,1.6405
2022-12-24,SGD,1.1158
2022-12-24,CAD,1.0865
2022-12-25,AUD,0.9948
2022-12-25,USD,1.4976
2022-12-25,GBP,1.944
2022-12-25,EUR,1.6249
2022-12-25,SGD,1.1299
2022-12-25,CAD,1.0607
2022-12-26,AUD,0.9977
2022-12-26,USD,1.4669
2022-12-26,GBP,1.9915
2022-12-26,EUR,1.6474
2022-12-26,SGD,1.1449
2022-12-26,CAD,1.0978
2022-12-27,AUD,1.0001
2022-12-27,USD,1.4974
2022-12-27,GBP,1.945
2022-12-27,EUR,1.6465
2022-12-27,SGD,1.1334
2022-12-27,CAD,1.0946
2022-12-28,AUD,1.0165
2022-12-28,USD,1.5298
2022-12-28,GBP,1.9516
2022-12-28,EUR,1.6674
2022-12-28,SGD,1.1238
2022-12-28,CAD,1.1304
2022-12-29,AUD,0.9971
2022-12-29,USD,1.4786
2022-12-29,GBP,1.8967
2022-12-29,EUR,1.6815
2022-12-29,SGD,1.1153
2022-12-29,CAD,1.1218
2022-12-30,AUD,0.9663
2022-12-30,USD,1.5439
2022-12-30,GBP,1.9052
2022-12-30,EUR,1.6739
2022-12-30,SGD,1.1214
2022-12-30,CAD,1.1282
2022-12-31,AUD,1.0085
2022-12-31,USD,1.5181
2022-12-31,GBP,1.926
2022-12-31,EUR,1.6943
2022-12-31,SGD,1.1324
2022-12-31,CAD,1.0737
2023-01-01,AUD,0.9961
2023-01-01,USD,1.5184
2023-01-01,GBP,1.9395
2023-01-01,EUR,1.6395
2023-01-01,SGD,1.156
2023-01-01,CAD,1.0666
2023-01-02,AUD,1.0222
2023-01-02,USD,1.5159
2023-01-02,GBP,1.8981
2023-01-02,EUR,1.6562
2023-01-02,SGD,1.1356
2023-01-02,CAD,1.0844
2023-01-03,AUD,1.0076
2023-01-03,USD,1.5074
2023-01-03,GBP,1.9066
2023-01-03,EUR,1.6731
2023-01-03,SGD,1.1154
2023-01-03,CAD,1.0873
2023-01-04,AUD,0.9901
2023-01-04,USD,1.5147
2023-01-04,GBP,1.9503
2023-01-04,EUR,1.6941
2023-01-04,SGD,1.1446
2023-01-04,CAD,1.0989
2023-01-05,AUD,1.0106
2023-01-05,USD,1.5142
2023-01-05,GBP,1.9099
2023-01-05,EUR,1.643
2023-01-05,SGD,1.1339
2023-01-05,CAD,1.1027
2023-01-06,AUD,1.0068
2023-01-06,USD,1.5259
2023-01-06,GBP,1.9172
2023-01-06,EUR,1.6166
2023-01-06,SGD,1.138
2023-01-06,CAD,1.1252
2023-01-07,AUD,0.9766
2023-01-07,USD,1.5114
2023-01-07,GBP,1.9125
2023-01-07,EUR,1.6229
2023-01-07,SGD,1.1237
2023-01-07,CAD,1.1099
2023-01-08,AUD,1.0141
2023-01-08,USD,1.5501
2023-01-08,GBP,1.8892
2023-01-08,EUR,1.6817
2023-01-08,SGD,1.1474
2023-01-08,CAD,1.1044
2023-01-09,AUD,1.0009
2023-01-09,USD,1.4966
2023-01-09,GBP,1.9108
2023-01-09,EUR,1.6538
2023-01-09,SGD,1.145
2023-01-09,CAD,1.1019
2023-01-10,AUD,0.9986
2023-01-10,USD,1.5467
2023-01-10,GBP,1.9118
2023-01-10,EUR,1.7356
2023-01-10,SGD,1.146
2023-01-10,CAD,1.0988
2023-01-11,AUD,1.0059
2023-01-11,USD,1.4823
2023-01-11,GBP,1.9278
2023-01-11,EUR,1.6402
2023-01-11,SGD,1.1675
2023-01-11,CAD,1.1005
2023-01-12,AUD,0.9818
2023-01-12,USD,1.5028
2023-01-12,GBP,1.8972
2023-01-12,EUR,1.6311
2023-01-12,SGD,1.1403
2023-01-12,CAD,1.094
2023-01-13,AUD,0.9896
2023-01-13,USD,1.5505
2023-01-13,GBP,1.8846
2023-01-13,EUR,1.6013
2023-01-13,SGD,1.1356
2023-01-13,CAD,1.0962
2023-01-14,AUD,1.0066
2023-01-14,USD,1.5194
2023-01-14,GBP,1.8789
2023-01-14,EUR,1.6127
2023-01-14,SGD,1.1403
2023-01-14,CAD,1.0973
2023-01-15,AUD,0.9921
2023-01-15,USD,1.5128
2023-01-15,GBP,1.9415
2023-01-15,EUR,1.6591
2023-01-15,SGD,1.1465
2023-01-15,CAD,1.1024
2023-01-16,AUD,1.0009
2023-01-16,USD,1.5331
2023-01-16,GBP,1.9029
2023-01-16,EUR,1.6133
2023-01-16,SGD,1.166
2023-01-16,CAD,1.0897
2023-01-17,AUD,0.995
2023-01-17,USD,1.5063
2023-01-17,GBP,1.8934
2023-01-17,EUR,1.6816
2023-01-17,SGD,1.1488
2023-01-17,CAD,1.0687
2023-01-18,AUD,1.0195
2023-01-18,USD,1.5294
2023-01-18,GBP,1.9244
2023-01-18,EUR,1.6562
2023-01-18,SGD,1.167
2023-01-18,CAD,1.1107
2023-01-19,AUD,1.0007
2023-01-19,USD,1.5215
2023-01-19,GBP,1.8887
2023-01-19,EUR,1.6371
2023-01-19,SGD,1.149
2023-01-19,CAD,1.1046
2023-01-20,AUD,1.0013
2023-01-20,USD,1.5396
2023-01-20,GBP,1.9503
2023-01-20,EUR,1.6492
2023-01-20,SGD,1.136
2023-01-20,CAD,1.0993
2023-01-21,AUD,0.9937
2023-01-21,USD,1.521
2023-01-21,GBP,1.9142
2023-01-21,EUR,1.6141
2023-01-21,SGD,1.1395
2023-01-21,CAD,1.0762
2023-01-22,AUD,0.9879
2023-01-22,USD,1.5309
2023-01-22,GBP,1.9142
2023-01-22,EUR,1.6489
2023-01-22,SGD,1.1518
2023-01-22,CAD,1.0985
2023-01-23,AUD,1.0248
2023-01-23,USD,1.5447
2023-01-23,GBP,1.9228
2023-01-23,EUR,1.6517
2023-01-23,SGD,1.1263
2023-01-23,CAD,1.0915
2023-01-24,AUD,0.9883
2023-01-24,USD,1.5185
2023-01-24,GBP,1.8904
2023-01-24,EUR,1.6737
2023-01-24,SGD,1.1145
2023-01-24,CAD,1.0863
2023-01-25,AUD,1.0168
2023-01-25,USD,1.5577
2023-01-25,GBP,1.8576
2023-01-25,EUR,1.6541
2023-01-25,SGD,1.1332
2023-01-25,CAD,1.1012
2023-01-26,AUD,1.0221
2023-01-26,USD,1.5025
2023-01-26,GBP,1.9584
2023-01-26,EUR,1.6552
2023-01-26,SGD,1.1019
2023-01-26,CAD,1.1195
2023-01-27,AUD,0.9911
2023-01-27,USD,1.5206
2023-01-27,GBP,1.9149
2023-01-27,EUR,1.6823
2023-01-27,SGD,1.1318
2023-01-27,CAD,1.1047
2023-01-28,AUD,1.0101
2023-01-28,USD,1.5168
2023-01-28,GBP,1.9662
2023-01-28,EUR,1.6269
2023-01-28,SGD,1.1496
2023-01-28,CAD,1.1186
2023-01-29,AUD,0.9908
2023-01-29,USD,1.5626
2023-01-29,GBP,1.8902
2023-01-29,EUR,1.6526
2023-01-29,SGD,1.1342
2023-01-29,CAD,1.0832
2023-01-30,AUD,1.0165
2023-01-30,USD,1.5104
2023-01-30,GBP,1.8997
2023-01-30,EUR,1.6513
2023-01-30,SGD,1.1524
2023-01-30,CAD,1.1077
2023-01-31,AUD,0.9962
2023-01-31,USD,1.5457
2023-01-31,GBP,1.9639
2023-01-31,EUR,1.6715
2023-01-31,SGD,1.1315
2023-01-31,CAD,1.0982
2023-02-01,AUD,0.9887
2023-02-01,USD,1.5109
2023-02-01,GBP,1.944
2023-02-01,EUR,1.6458
2023-02-01,SGD,1.118
2023-02-01,CAD,1.0888
2023-02-02,AUD,1.0189
2023-02-02,USD,1.5265
2023-02-02,GBP,1.9436
2023-02-02,EUR,1.6329
2023-02-02,SGD,1.1001
2023-02-02,CAD,1.0596
2023-02-03,AUD,0.9883
2023-02-03,USD,1.5478
2023-02-03,GBP,1.9346
2023-02-03,EUR,1.6422
2023-02-03,SGD,1.1396
2023-02-03,CAD,1.0972
2023-02-04,AUD,1.0122
2023-02-04,USD,1.485
2023-02-04,GBP,1.9045
2023-02-04,EUR,1.6292
2023-02-04,SGD,1.1343
2023-02-04,CAD,1.0967
2023-02-05,AUD,1.0055
2023-02-05,USD,1.5308
2023-02-05,GBP,1.9237
2023-02-05,EUR,1.6624
2023-02-05,SGD,1.1421
2023-02-05,CAD,1.0889
2023-02-06,AUD,1.0116
2023-02-06,USD,1.47
2023-02-06,GBP,1.8745
2023-02-06,EUR,1.67
2023-02-06,SGD,1.1294
2023-02-06,CAD,1.1104
2023-02-07,AUD,1.009
2023-02-07,USD,1.5051
2023-02-07,GBP,1.9089
2023-02-07,EUR,1.6507
2023-02-07,SGD,1.1383
2023-02-07,CAD,1.0808
2023-02-08,AUD,1.0142
2023-02-08,USD,1.507
2023-02-08,GBP,1.9189
2023-02-08,EUR,1.6574
2023-02-08,SGD,1.1402
2023-02-08,CAD,1.1208
2023-02-09,AUD,0.9958
2023-02-09,USD,1.4998
2023-02-09,GBP,1.904
2023-02-09,EUR,1.6621
2023-02-09,SGD,1.1173
2023-02-09,CAD,1.1105
2023-02-10,AUD,1.0123
2023-02-10,USD,1.5144
2023-02-10,GBP,1.9316
2023-02-10,EUR,1.6845
2023-02-10,SGD,1.1413
2023-02-10,CAD,1.0837
2023-02-11,AUD,1.0012
2023-02-11,USD,1.4677
2023-02-11,GBP,1.8448
2023-02-11,EUR,1.623
2023-02-11,SGD,1.1353
2023-02-11,CAD,1.0967
2023-02-12,AUD,1.0029
2023-02-12,USD,1.544
2023-02-12,GBP,1.9666
2023-02-12,EUR,1.6694
2023-02-12,SGD,1.141
2023-02-12,CAD,1.1167
2023-02-13,AUD,1.0029
2023-02-13,USD,1.4739
2023-02-13,GBP,1.9217
2023-02-13,EUR,1.6637
2023-02-13,SGD,1.1671
2023-02-13,CAD,1.1252
2023-02-14,AUD,0.9882
2023-02-14,USD,1.4955
2023-02-14,GBP,1.9377
2023-02-14,EUR,1.6781
2023-02-14,SGD,1.1814
2023-02-14,CAD,1.1292
2023-02-15,AUD,0.9753
2023-02-15,USD,1.5304
2023-02-15,GBP,1.9271
2023-02-15,EUR,1.6126
2023-02-15,SGD,1.135
2023-02-15,CAD,1.1211
2023-02-16,AUD,0.9986
2023-02-16,USD,1.4784
2023-02-16,GBP,1.9635
2023-02-16,EUR,1.6099
2023-02-16,SGD,1.1276
2023-02-16,CAD,1.119
2023-02-17,AUD,1.0178
2023-02-17,USD,1.4897
2023-02-17,GBP,1.8957
2023-02-17,EUR,1.6217
2023-02-17,SGD,1.1709
2023-02-17,CAD,1.11
2023-02-18,AUD,1.0231
2023-02-18,USD,1.4876
2023-02-18,GBP,1.912
2023-02-18,EUR,1.6808
2023-02-18,SGD,1.1262
2023-02-18,CAD,1.1248
2023-02-19,AUD,0.9917
2023-02-19,USD,1.4939
2023-02-19,GBP,1.8858
2023-02-19,EUR,1.6031
2023-02-19,SGD,1.1559
2023-02-19,CAD,1.1135
2023-02-20,AUD,1.0057
2023-02-20,USD,1.5123
2023-02-20,GBP,1.8793
2023-02-20,EUR,1.6343
2023-02-20,SGD,1.142
2023-02-20,CAD,1.0801
2023-02-21,AUD,1.0137
2023-02-21,USD,1.4943
2023-02-21,GBP,1.9026
2023-02-21,EUR,1.6507
2023-02-21,SGD,1.1461
2023-02-21,CAD,1.1238
2023-02-22,AUD,0.9963
2023-02-22,USD,1.4853
2023-02-22,GBP,1.8936
2023-02-22,EUR,1.6257
2023-02-22,SGD,1.1565
2023-02-22,CAD,1.1375
2023-02-23,AUD,1.0253
2023-02-23,USD,1.5201
2023-02-23,GBP,1.9303
2023-02-23,EUR,1.689
2023-02-23,SGD,1.131
2023-02-23,CAD,1.1057
2023-02-24,AUD,0.9857
2023-02-24,USD,1.4857
2023-02-24,GBP,1.8753
2023-02-24,EUR,1.6493
2023-02-24,SGD,1.1322
2023-02-24,CAD,1.1064
2023-02-25,AUD,0.9983
2023-02-25,USD,1.4469
2023-02-25,GBP,1.9341
2023-02-25,EUR,1.6481
2023-02-25,SGD,1.1385
2023-02-25,CAD,1.0958
2023-02-26,AUD,1.0186
2023-02-26,USD,1.507
2023-02-26,GBP,1.8632
2023-02-26,EUR,1.6519
2023-02-26,SGD,1.136
2023-02-26,CAD,1.0873
2023-02-27,AUD,0.9855
2023-02-27,USD,1.5061
2023-02-27,GBP,1.9409
2023-02-27,EUR,1.6623
2023-02-27,SGD,1.1264
2023-02-27,CAD,1.0886
2023-02-28,AUD,1.0033
2023-02-28,USD,1.5315
2023-02-28,GBP,1.9084
2023-02-28,EUR,1.6585
2023-02-28,SGD,1.1648
2023-02-28,CAD,1.1092
2023-03-01,AUD,0.9858
2023-03-01,USD,1.514
2023-03-01,GBP,1.9494
2023-03-01,EUR,1.647
2023-03-01,SGD,1.1398
2023-03-01,CAD,1.101
2023-03-02,AUD,0.9928
2023-03-02,USD,1.5103
2023-03-02,GBP,1.93
2023-03-02,EUR,1.6413
2023-03-02,SGD,1.179
2023-03-02,CAD,1.0876
2023-03-03,AUD,1.0084
2023-03-03,USD,1.4931
2023-03-03,GBP,1.9066
2023-03-03,EUR,1.6497
2023-03-03,SGD,1.151
2023-03-03,CAD,1.1061
2023-03-04,AUD,1.0268
2023-03-04,USD,1.4991
2023-03-04,GBP,1.9213
2023-03-04,EUR,1.6539
2023-03-04,SGD,1.137
2023-03-04,CAD,1.1014
2023-03-05,AUD,1.0103
2023-03-05,USD,1.4663
2023-03-05,GBP,1.9468
2023-03-05,EUR,1.6721
2023-03-05,SGD,1.1431
2023-03-05,CAD,1.0855
2023-03-06,AUD,1.0055
2023-03-06,USD,1.5423
2023-03-06,GBP,1.9342
2023-03-06,EUR,1.6593
2023-03-06,SGD,1.1304
2023-03-06,CAD,1.1
2023-03-07,AUD,1.017
2023-03-07,USD,1.5527
2023-03-07,GBP,1.9695
2023-03-07,EUR,1.62
2023-03-07,SGD,1.1643
2023-03-07,CAD,1.0949
2023-03-08,AUD,1.0083
2023-03-08,USD,1.5211
2023-03-08,GBP,1.9217
2023-03-08,EUR,1.6686
2023-03-08,SGD,1.1374
2023-03-08,CAD,1.0916
2023-03-09,AUD,1.0141
2023-03-09,USD,1.5302
2023-03-09,GBP,1.9264
2023-03-09,EUR,1.6404
2023-03-09,SGD,1.1315
2023-03-09,CAD,1.1039
2023-03-10,AUD,0.991
2023-03-10,USD,1.4913
2023-03-10,GBP,1.9404
2023-03-10,EUR,1.6947
2023-03-10,SGD,1.1361
2023-03-10,CAD,1.0765
2023-03-11,AUD,1.0212
2023-03-11,USD,1.5105
2023-03-11,GBP,1.8675
2023-03-11,EUR,1.6376
2023-03-11,SGD,1.1484
2023-03-11,CAD,1.1216
2023-03-12,AUD,0.9936
2023-03-12,USD,1.4969
2023-03-12,GBP,1.8959
2023-03-12,EUR,1.6774
2023-03-12,SGD,1.1399
2023-03-12,CAD,1.1182
2023-03-13,AUD,0.9647
2023-03-13,USD,1.5092
2023-03-13,GBP,1.9239
2023-03-13,EUR,1.6226
2023-03-13,SGD,1.1762
2023-03-13,CAD,1.1293
2023-03-14,AUD,0.9938
2023-03-14,USD,1.528
2023-03-14,GBP,1.965
2023-03-14,EUR,1.6432
2023-03-14,SGD,1.1202
2023-03-14,CAD,1.0882
2023-03-15,AUD,0.9929
2023-03-15,USD,1.5061
2023-03-15,GBP,1.9227
2023-03-15,EUR,1.6185
2023-03-15,SGD,1.1298
2023-03-15,CAD,1.1063
2023-03-16,AUD,1.0257
2023-03-16,USD,1.5058
2023-03-16,GBP,1.9036
2023-03-16,EUR,1.6479
2023-03-16,SGD,1.1155
2023-03-16,CAD,1.0941
2023-03-17,AUD,0.9997
2023-03-17,USD,1.5209
2023-03-17,GBP,1.9077
2023-03-17,EUR,1.6556
2023-03-17,SGD,1.1309
2023-03-17,CAD,1.0792
2023-03-18,AUD,0.9976
2023-03-18,USD,1.4935
2023-03-18,GBP,1.9312
2023-03-18,EUR,1.7163
2023-03-18,SGD,1.1698
2023-03-18,CAD,1.0827
2023-03-19,AUD,0.9976
2023-03-19,USD,1.4982
2023-03-19,GBP,1.9215
2023-03-19,EUR,1.6588
2023-03-19,SGD,1.1327
2023-03-19,CAD,1.1269
2023-03-20,AUD,1.0057
2023-03-20,USD,1.5302
2023-03-20,GBP,1.9349
2023-03-20,EUR,1.666
2023-03-20,SGD,1.1352
2023-03-20,CAD,1.0952
2023-03-21,AUD,1.0331
2023-03-21,USD,1.4916
2023-03-21,GBP,1.9593
2023-03-21,EUR,1.6898
2023-03-21,SGD,1.1351
2023-03-21,CAD,1.1147
2023-03-22,AUD,0.9898
2023-03-22,USD,1.4855
2023-03-22,GBP,1.9376
2023-03-22,EUR,1.6598
2023-03-22,SGD,1.12
2023-03-22,CAD,1.0849
2023-03-23,AUD,1.0036
2023-03-23,USD,1.5182
2023-03-23,GBP,1.9137
2023-03-23,EUR,1.6525
2023-03-23,SGD,1.1451
2023-03-23,CAD,1.0881
2023-03-24,AUD,0.9989
2023-03-24,USD,1.4989
2023-03-24,GBP,1.9158
2023-03-24,EUR,1.6053
2023-03-24,SGD,1.1713
2023-03-24,CAD,1.0906
2023-03-25,AUD,0.9798
2023-03-25,USD,1.4983
2023-03-25,GBP,1.9404
2023-03-25,EUR,1.6375
2023-03-25,SGD,1.1436
2023-03-25,CAD,1.1153
2023-03-26,AUD,1.017
2023-03-26,USD,1.4934
2023-03-26,GBP,1.9327
2023-03-26,EUR,1.647
2023-03-26,SGD,1.1408
2023-03-26,CAD,1.1162
2023-03-27,AUD,1.0029
2023-03-27,USD,1.5053
2023-03-27,GBP,1.9284
2023-03-27,EUR,1.6311
2023-03-27,SGD,1.1262
2023-03-27,CAD,1.0787
2023-03-28,AUD,0.9847
2023-03-28,USD,1.5228
2023-03-28,GBP,1.9477
2023-03-28,EUR,1.634
2023-03-28,SGD,1.1403
2023-03-28,CAD,1.1139
2023-03-29,AUD,0.9812
2023-03-29,USD,1.5246
2023-03-29,GBP,1.8977
2023-03-29,EUR,1.6732
2023-03-29,SGD,1.1425
2023-03-29,CAD,1.0959
2023-03-30,AUD,1.0009
2023-03-30,USD,1.4935
2023-03-30,GBP,1.9463
2023-03-30,EUR,1.6457
2023-03-30,SGD,1.1468
2023-03-30,CAD,1.119
2023-03-31,AUD,0.9945
2023-03-31,USD,1.5243
2023-03-31,GBP,1.9217
2023-03-31,EUR,1.6379
2023-03-31,SGD,1.1402
2023-03-31,CAD,1.1031
2023-04-01,AUD,0.9967
2023-04-01,USD,1.5472
2023-04-01,GBP,1.9005
2023-04-01,EUR,1.6886
2023-04-01,SGD,1.1133
2023-04-01,CAD,1.0752
2023-04-02,AUD,1.0194
2023-04-02,USD,1.4909
2023-04-02,GBP,1.9059
2023-04-02,EUR,1.6148
2023-04-02,SGD,1.1104
2023-04-02,CAD,1.1101
2023-04-03,AUD,0.9873
2023-04-03,USD,1.5036
2023-04-03,GBP,1.9254
2023-04-03,EUR,1.6821
2023-04-03,SGD,1.1343
2023-04-03,CAD,1.097
2023-04-04,AUD,0.9972
2023-04-04,USD,1.487
2023-04-04,GBP,1.9493
2023-04-04,EUR,1.6585
2023-04-04,SGD,1.1542
2023-04-04,CAD,1.0993
2023-04-05,AUD,1.0082
2023-04-05,USD,1.5197
2023-04-05,GBP,1.9236
2023-04-05,EUR,1.6404
2023-04-05,SGD,1.1189
2023-04-05,CAD,1.1068
2023-04-06,AUD,0.9903
2023-04-06,USD,1.5191
2023-04-06,GBP,1.9123
2023-04-06,EUR,1.6205
2023-04-06,SGD,1.1237
2023-04-06,CAD,1.1107
2023-04-07,AUD,1.007
2023-04-07,USD,1.4713
2023-04-07,GBP,1.9344
2023-04-07,EUR,1.6733
2023-04-07,SGD,1.1088
2023-04-07,CAD,1.1243
2023-04-08,AUD,0.9848
2023-04-08,USD,1.5053
2023-04-08,GBP,1.9366
2023-04-08,EUR,1.6281
2023-04-08,SGD,1.1436
2023-04-08,CAD,1.1231
2023-04-09,AUD,0.9923
2023-04-09,USD,1.5316
2023-04-09,GBP,1.923
2023-04-09,EUR,1.6768
2023-04-09,SGD,1.1347
2023-04-09,CAD,1.0779
2023-04-10,AUD,0.9889
2023-04-10,USD,1.5117
2023-04-10,GBP,1.8876
2023-04-10,EUR,1.5928
2023-04-10,SGD,1.1427
2023-04-10,CAD,1.0974
2023-04-11,AUD,0.9786
2023-04-11,USD,1.534
2023-04-11,GBP,1.8592
2023-04-11,EUR,1.6714
2023-04-11,SGD,1.156
2023-04-11,CAD,1.1175
2023-04-12,AUD,0.9957
2023-04-12,USD,1.501
2023-04-12,GBP,1.9096
2023-04-12,EUR,1.664
2023-04-12,SGD,1.1462
2023-04-12,CAD,1.0806
2023-04-13,AUD,0.9961
2023-04-13,USD,1.5105
2023-04-13,GBP,1.9363
2023-04-13,EUR,1.6564
2023-04-13,SGD,1.1233
2023-04-13,CAD,1.1191
2023-04-14,AUD,1.0066
2023-04-14,USD,1.5048
2023-04-14,GBP,1.9078
2023-04-14,EUR,1.6185
2023-04-14,SGD,1.1452
2023-04-14,CAD,1.1046
2023-04-15,AUD,1.0159
2023-04-15,USD,1.4949
2023-04-15,GBP,1.9191
2023-04-15,EUR,1.6557
2023-04-15,SGD,1.1483
2023-04-15,CAD,1.1356
2023-04-16,AUD,1.0046
2023-04-16,USD,1.4929
2023-04-16,GBP,1.9091
2023-04-16,EUR,1.6628
2023-04-16,SGD,1.1517
2023-04-16,CAD,1.0899
2023-04-17,AUD,0.9869
2023-04-17,USD,1.4877
2023-04-17,GBP,1.9461
2023-04-17,EUR,1.7021
2023-04-17,SGD,1.1476
2023-04-17,CAD,1.1184
2023-04-18,AUD,1.005
2023-04-18,USD,1.5237
2023-04-18,GBP,1.9147
2023-04-18,EUR,1.6423
2023-04-18,SGD,1.1461
2023-04-18,CAD,1.0903
2023-04-19,AUD,1.0022
2023-04-19,USD,1.5279
2023-04-19,GBP,1.897
2023-04-19,EUR,1.6487
2023-04-19,SGD,1.1281
2023-04-19,CAD,1.1166
2023-04-20,AUD,0.9951
2023-04-20,USD,1.4944
2023-04-20,GBP,1.9095
2023-04-20,EUR,1.6538
2023-04-20,SGD,1.1704
2023-04-20,CAD,1.1081
2023-04-21,AUD,0.9924
2023-04-21,USD,1.506
2023-04-21,GBP,1.8838
2023-04-21,EUR,1.688
2023-04-21,SGD,1.1361
2023-04-21,CAD,1.1025
2023-04-22,AUD,1.0096
2023-04-22,USD,1.5337
2023-04-22,GBP,1.8702
2023-04-22,EUR,1.6945
2023-04-22,SGD,1.1409
2023-04-22,CAD,1.0986
2023-04-23,AUD,0.9904
2023-04-23,USD,1.5061
2023-04-23,GBP,1.9211
2023-04-23,EUR,1.6278
2023-04-23,SGD,1.1362
2023-04-23,CAD,1.0896
2023-04-24,AUD,1.016
2023-04-24,USD,1.4872
2023-04-24,GBP,1.9451
2023-04-24,EUR,1.67
2023-04-24,SGD,1.1355
2023-04-24,CAD,1.105
2023-04-25,AUD,0.9887
2023-04-25,USD,1.5155
2023-04-25,GBP,1.8944
2023-04-25,EUR,1.673
2023-04-25,SGD,1.1277
2023-04-25,CAD,1.1044
2023-04-26,AUD,0.9849
2023-04-26,USD,1.5148
2023-04-26,GBP,1.9477
2023-04-26,EUR,1.6584
2023-04-26,SGD,1.1322
2023-04-26,CAD,1.1129
2023-04-27,AUD,1.002
2023-04-27,USD,1.4669
2023-04-27,GBP,1.9073
2023-04-27,EUR,1.6857
2023-04-27,SGD,1.1513
2023-04-27,CAD,1.1005
2023-04-28,AUD,0.995
2023-04-28,USD,1.5148
2023-04-28,GBP,1.8903
2023-04-28,EUR,1.663
2023-04-28,SGD,1.1375
2023-04-28,CAD,1.1238
2023-04-29,AUD,0.9697
2023-04-29,USD,1.5256
2023-04-29,GBP,1.8999
2023-04-29,EUR,1.6379
2023-04-29,SGD,1.1575
2023-04-29,CAD,1.1029
2023-04-30,AUD,1.0029
2023-04-30,USD,1.498
2023-04-30,GBP,1.971
2023-04-30,EUR,1.6052
2023-04-30,SGD,1.1563
2023-04-30,CAD,1.0654
2023-05-01,AUD,0.9946
2023-05-01,USD,1.5017
2023-05-01,GBP,1.9198
2023-05-01,EUR,1.5919
2023-05-01,SGD,1.1456
2023-05-01,CAD,1.1132
2023-05-02,AUD,1.0063
2023-05-02,USD,1.5069
2023-05-02,GBP,1.8758
2023-05-02,EUR,1.6371
2023-05-02,SGD,1.1365
2023-05-02,CAD,1.0966
2023-05-03,AUD,0.996
2023-05-03,USD,1.4966
2023-05-03,GBP,1.8525
2023-05-03,EUR,1.6558
2023-05-03,SGD,1.1357
2023-05-03,CAD,1.1005
2023-05-04,AUD,1.0051
2023-05-04,USD,1.4952
2023-05-04,GBP,1.92
2023-05-04,EUR,1.6383
2023-05-04,SGD,1.1102
2023-05-04,CAD,1.0752
2023-05-05,AUD,0.9913
2023-05-05,USD,1.5211
2023-05-05,GBP,1.9495
2023-05-05,EUR,1.6125
2023-05-05,SGD,1.1594
2023-05-05,CAD,1.0929
2023-05-06,AUD,1.0097
2023-05-06,USD,1.533
2023-05-06,GBP,1.8804
2023-05-06,EUR,1.6309
2023-05-06,SGD,1.1815
2023-05-06,CAD,1.1103
2023-05-07,AUD,0.9952
2023-05-07,USD,1.4812
2023-05-07,GBP,1.8977
2023-05-07,EUR,1.6791
2023-05-07,SGD,1.1095
2023-05-07,CAD,1.0671
2023-05-08,AUD,1.012
2023-05-08,USD,1.5411
2023-05-08,GBP,1.9056
2023-05-08,EUR,1.6586
2023-05-08,SGD,1.1148
2023-05-08,CAD,1.0838
2023-05-09,AUD,1.0268
2023-05-09,USD,1.5129
2023-05-09,GBP,1.9375
2023-05-09,EUR,1.6684
2023-05-09,SGD,1.1423
2023-05-09,CAD,1.1122
2023-05-10,AUD,1.0101
2023-05-10,USD,1.4717
2023-05-10,GBP,1.937
2023-05-10,EUR,1.6533
2023-05-10,SGD,1.1311
2023-05-10,CAD,1.0765
2023-05-11,AUD,1.0157
2023-05-11,USD,1.5057
2023-05-11,GBP,1.9224
2023-05-11,EUR,1.639
2023-05-11,SGD,1.157
2023-05-11,CAD,1.1049
2023-05-12,AUD,1.0016
2023-05-12,USD,1.5344
2023-05-12,GBP,1.9054
2023-05-12,EUR,1.6624
2023-05-12,SGD,1.1216
2023-05-12,CAD,1.1154
2023-05-13,AUD,0.9828
2023-05-13,USD,1.5135
2023-05-13,GBP,1.9763
2023-05-13,EUR,1.6309
2023-05-13,SGD,1.1413
2023-05-13,CAD,1.1188
2023-05-14,AUD,0.9796
2023-05-14,USD,1.5514
2023-05-14,GBP,1.8924
2023-05-14,EUR,1.6184
2023-05-14,SGD,1.1316
2023-05-14,CAD,1.0734
2023-05-15,AUD,1.0008
2023-05-15,USD,1.5009
2023-05-15,GBP,1.9308
2023-05-15,EUR,1.632
2023-05-15,SGD,1.1557
2023-05-15,CAD,1.0832
2023-05-16,AUD,0.9763
2023-05-16,USD,1.5317
2023-05-16,GBP,1.9693
2023-05-16,EUR,1.6558
2023-05-16,SGD,1.1153
2023-05-16,CAD,1.1137
2023-05-17,AUD,0.958
2023-05-17,USD,1.5138
2023-05-17,GBP,1.8782
2023-05-17,EUR,1.691
2023-05-17,SGD,1.1633
2023-05-17,CAD,1.0998
2023-05-18,AUD,1.0192
2023-05-18,USD,1.5077
2023-05-18,GBP,1.8906
2023-05-18,EUR,1.6783
2023-05-18,SGD,1.1294
2023-05-18,CAD,1.1088
2023-05-19,AUD,0.9959
2023-05-19,USD,1.4658
2023-05-19,GBP,1.9381
2023-05-19,EUR,1.6769
2023-05-19,SGD,1.1561
2023-05-19,CAD,1.1121
2023-05-20,AUD,0.996
2023-05-20,USD,1.4918
2023-05-20,GBP,1.9177
2023-05-20,EUR,1.6325
2023-05-20,SGD,1.146
2023-05-20,CAD,1.0905
2023-05-21,AUD,0.9729
2023-05-21,USD,1.53
2023-05-21,GBP,1.9058
2023-05-21,EUR,1.684
2023-05-21,SGD,1.1308
2023-05-21,CAD,1.1063
2023-05-22,AUD,1.016
2023-05-22,USD,1.5678
2023-05-22,GBP,1.9326
2023-05-22,EUR,1.5839
2023-05-22,SGD,1.1395
2023-05-22,CAD,1.0924
2023-05-23,AUD,0.9789
2023-05-23,USD,1.5068
2023-05-23,GBP,1.9301
2023-05-23,EUR,1.6592
2023-05-23,SGD,1.1323
2023-05-23,CAD,1.1093
2023-05-24,AUD,0.9865
2023-05-24,USD,1.552
2023-05-24,GBP,1.8866
2023-05-24,EUR,1.6558
2023-05-24,SGD,1.1473
2023-05-24,CAD,1.0601
2023-05-25,AUD,1.0138
2023-05-25,USD,1.5432
2023-05-25,GBP,1.8999
2023-05-25,EUR,1.6342
2023-05-25,SGD,1.1361
2023-05-25,CAD,1.094
2023-05-26,AUD,0.994
2023-05-26,USD,1.5179
2023-05-26,GBP,1.9522
2023-05-26,EUR,1.6543
2023-05-26,SGD,1.1423
2023-05-26,CAD,1.1097
2023-05-27,AUD,1.0084
2023-05-27,USD,1.542
2023-05-27,GBP,1.8688
2023-05-27,EUR,1.6391
2023-05-27,SGD,1.1448
2023-05-27,CAD,1.0949
2023-05-28,AUD,1.0022
2023-05-28,USD,1.4917
2023-05-28,GBP,1.9064
2023-05-28,EUR,1.6429
2023-05-28,SGD,1.1622
2023-05-28,CAD,1.0574
2023-05-29,AUD,1.0137
2023-05-29,USD,1.4828
2023-05-29,GBP,1.9707
2023-05-29,EUR,1.6274
2023-05-29,SGD,1.1337
2023-05-29,CAD,1.085
2023-05-30,AUD,0.9973
2023-05-30,USD,1.5359
2023-05-30,GBP,1.8696
2023-05-30,EUR,1.6377
2023-05-30,SGD,1.1409
2023-05-30,CAD,1.0879
2023-05-31,AUD,1.0012
2023-05-31,USD,1.4986
2023-05-31,GBP,1.8727
2023-05-31,EUR,1.6507
2023-05-31,SGD,1.0886
2023-05-31,CAD,1.1333
2023-06-01,AUD,1.0032
2023-06-01,USD,1.5266
2023-06-01,GBP,1.9187
2023-06-01,EUR,1.6661
2023-06-01,SGD,1.1457
2023-06-01,CAD,1.1352
2023-06-02,AUD,1.0106
2023-06-02,USD,1.5231
2023-06-02,GBP,1.9411
2023-06-02,EUR,1.6235
2023-06-02,SGD,1.1625
2023-06-02,CAD,1.0843
2023-06-03,AUD,1.0172
2023-06-03,USD,1.5185
2023-06-03,GBP,1.9045
2023-06-03,EUR,1.6468
2023-06-03,SGD,1.1624
2023-06-03,CAD,1.1171
2023-06-04,AUD,1.0107
2023-06-04,USD,1.4787
2023-06-04,GBP,1.8727
2023-06-04,EUR,1.6241
2023-06-04,SGD,1.1359
2023-06-04,CAD,1.1302
2023-06-05,AUD,0.9842
2023-06-05,USD,1.5244
2023-06-05,GBP,1.9579
2023-06-05,EUR,1.6658
2023-06-05,SGD,1.1478
2023-06-05,CAD,1.1326
2023-06-06,AUD,1.0138
2023-06-06,USD,1.5355
2023-06-06,GBP,1.9266
2023-06-06,EUR,1.6471
2023-06-06,SGD,1.1354
2023-06-06,CAD,1.1172
2023-06-07,AUD,1.0029
2023-06-07,USD,1.4808
2023-06-07,GBP,1.9807
2023-06-07,EUR,1.6444
2023-06-07,SGD,1.1521
2023-06-07,CAD,1.0995
2023-06-08,AUD,1.0105
2023-06-08,USD,1.5001
2023-06-08,GBP,1.9317
2023-06-08,EUR,1.6677
2023-06-08,SGD,1.1455
2023-06-08,CAD,1.1072
2023-06-09,AUD,1.0215
2023-06-09,USD,1.5355
2023-06-09,GBP,1.9317
2023-06-09,EUR,1.6401
2023-06-09,SGD,1.1257
2023-06-09,CAD,1.1034
2023-06-10,AUD,1.0127
2023-06-10,USD,1.5236
2023-06-10,GBP,1.9188
2023-06-10,EUR,1.6778
2023-06-10,SGD,1.129
2023-06-10,CAD,1.0999
2023-06-11,AUD,1.0251
2023-06-11,USD,1.5343
2023-06-11,GBP,1.9231
2023-06-11,EUR,1.6349
2023-06-11,SGD,1.1306
2023-06-11,CAD,1.0697
2023-06-12,AUD,1.0312
2023-06-12,USD,1.4909
2023-06-12,GBP,1.8982
2023-06-12,EUR,1.6852
2023-06-12,SGD,1.1642
2023-06-12,CAD,1.0874
2023-06-13,AUD,0.9949
2023-06-13,USD,1.4817
2023-06-13,GBP,1.9172
2023-06-13,EUR,1.6425
2023-06-13,SGD,1.1262
2023-06-13,CAD,1.0983
2023-06-14,AUD,1.0106
2023-06-14,USD,1.554
2023-06-14,GBP,1.9266
2023-06-14,EUR,1.6353
2023-06-14,SGD,1.1119
2023-06-14,CAD,1.118
2023-06-15,AUD,1.0056
2023-06-15,USD,1.5065
2023-06-15,GBP,1.9405
2023-06-15,EUR,1.6736
2023-06-15,SGD,1.1714
2023-06-15,CAD,1.1351
2023-06-16,AUD,0.9866
2023-06-16,USD,1.4598
2023-06-16,GBP,1.9039
2023-06-16,EUR,1.6539
2023-06-16,SGD,1.1564
2023-06-16,CAD,1.0907
2023-06-17,AUD,1.0038
2023-06-17,USD,1.4912
2023-06-17,GBP,1.9165
2023-06-17,EUR,1.6245
2023-06-17,SGD,1.1357
2023-06-17,CAD,1.0828
2023-06-18,AUD,0.9965
2023-06-18,USD,1.5174
2023-06-18,GBP,1.8575
2023-06-18,EUR,1.6715
2023-06-18,SGD,1.1735
2023-06-18,CAD,1.0998
2023-06-19,AUD,0.9999
2023-06-19,USD,1.4786
2023-06-19,GBP,1.8946
2023-06-19,EUR,1.6443
2023-06-19,SGD,1.1674
2023-06-19,CAD,1.0987
2023-06-20,AUD,1.0107
2023-06-20,USD,1.5053
2023-06-20,GBP,1.9147
2023-06-20,EUR,1.7201
2023-06-20,SGD,1.1476
2023-06-20,CAD,1.1168
2023-06-21,AUD,0.9814
2023-06-21,USD,1.4834
2023-06-21,GBP,1.8969
2023-06-21,EUR,1.6774
2023-06-21,SGD,1.1532
2023-06-21,CAD,1.1061
2023-06-22,AUD,0.9939
2023-06-22,USD,1.4684
2023-06-22,GBP,1.9174
2023-06-22,EUR,1.67
2023-06-22,SGD,1.1274
2023-06-22,CAD,1.1195
2023-06-23,AUD,1.0033
2023-06-23,USD,1.5358
2023-06-23,GBP,1.9262
2023-06-23,EUR,1.6266
2023-06-23,SGD,1.1464
2023-06-23,CAD,1.1093
2023-06-24,AUD,0.9927
2023-06-24,USD,1.5178
2023-06-24,GBP,1.9762
2023-06-24,EUR,1.6675
2023-06-24,SGD,1.1257
2023-06-24,CAD,1.0876
2023-06-25,AUD,1.0041
2023-06-25,USD,1.5228
2023-06-25,GBP,1.8389
2023-06-25,EUR,1.6647
2023-06-25,SGD,1.12
2023-06-25,CAD,1.0858
2023-06-26,AUD,1.0176
2023-06-26,USD,1.5243
2023-06-26,GBP,1.9261
2023-06-26,EUR,1.68
2023-06-26,SGD,1.1351
2023-06-26,CAD,1.066
2023-06-27,AUD,1.001
2023-06-27,USD,1.4861
2023-06-27,GBP,1.9436
2023-06-27,EUR,1.6403
2023-06-27,SGD,1.1267
2023-06-27,CAD,1.094
2023-06-28,AUD,0.9872
2023-06-28,USD,1.5235
2023-06-28,GBP,1.9127
2023-06-28,EUR,1.6975
2023-06-28,SGD,1.1331
2023-06-28,CAD,1.0969
2023-06-29,AUD,0.9887
2023-06-29,USD,1.5039
2023-06-29,GBP,1.9414
2023-06-29,EUR,1.6562
2023-06-29,SGD,1.1392
2023-06-29,CAD,1.122
2023-06-30,AUD,1.0056
2023-06-30,USD,1.5433
2023-06-30,GBP,1.9318
2023-06-30,EUR,1.6567
2023-06-30,SGD,1.1336
2023-06-30,CAD,1.0839
2023-07-01,AUD,1.0251
2023-07-01,USD,1.5504
2023-07-01,GBP,1.8875
2023-07-01,EUR,1.6797
2023-07-01,SGD,1.1566
2023-07-01,CAD,1.0949
2023-07-02,AUD,0.985
2023-07-02,USD,1.5375
2023-07-02,GBP,1.93
2023-07-02,EUR,1.6077
2023-07-02,SGD,1.1285
2023-07-02,CAD,1.123
2023-07-03,AUD,0.9639
2023-07-03,USD,1.4967
2023-07-03,GBP,1.9128
2023-07-03,EUR,1.6224
2023-07-03,SGD,1.128
2023-07-03,CAD,1.0779
2023-07-04,AUD,1.0008
2023-07-04,USD,1.5256
2023-07-04,GBP,1.92
2023-07-04,EUR,1.6649
2023-07-04,SGD,1.1215
2023-07-04,CAD,1.1156
2023-07-05,AUD,1.0082
2023-07-05,USD,1.4836
2023-07-05,GBP,1.8999
2023-07-05,EUR,1.6368
2023-07-05,SGD,1.1384
2023-07-05,CAD,1.0729
2023-07-06,AUD,0.9821
2023-07-06,USD,1.5096
2023-07-06,GBP,1.872
2023-07-06,EUR,1.638
2023-07-06,SGD,1.1364
2023-07-06,CAD,1.0982
2023-07-07,AUD,0.9996
2023-07-07,USD,1.5206
2023-07-07,GBP,1.8783
2023-07-07,EUR,1.632
2023-07-07,SGD,1.1323
2023-07-07,CAD,1.0945
2023-07-08,AUD,0.9858
2023-07-08,USD,1.4983
2023-07-08,GBP,1.955
2023-07-08,EUR,1.6082
2023-07-08,SGD,1.1422
2023-07-08,CAD,1.1239
2023-07-09,AUD,1.0076
2023-07-09,USD,1.5138
2023-07-09,GBP,1.9223
2023-07-09,EUR,1.63
2023-07-09,SGD,1.1518
2023-07-09,CAD,1.1072
2023-07-10,AUD,0.9899
2023-07-10,USD,1.5205
2023-07-10,GBP,1.9415
2023-07-10,EUR,1.6624
2023-07-10,SGD,1.1346
2023-07-10,CAD,1.0938
2023-07-11,AUD,0.9887
2023-07-11,USD,1.4996
2023-07-11,GBP,1.9391
2023-07-11,EUR,1.6331
2023-07-11,SGD,1.1811
2023-07-11,CAD,1.1428
2023-07-12,AUD,0.9991
2023-07-12,USD,1.5082
2023-07-12,GBP,1.9169
2023-07-12,EUR,1.7057
2023-07-12,SGD,1.116
2023-07-12,CAD,1.0978
2023-07-13,AUD,0.9889
2023-07-13,USD,1.497
2023-07-13,GBP,1.8429
2023-07-13,EUR,1.6467
2023-07-13,SGD,1.1182
2023-07-13,CAD,1.1079
2023-07-14,AUD,0.9851
2023-07-14,USD,1.5145
2023-07-14,GBP,1.9277
2023-07-14,EUR,1.5947
2023-07-14,SGD,1.1396
2023-07-14,CAD,1.1165
2023-07-15,AUD,0.9899
2023-07-15,USD,1.4976
2023-07-15,GBP,1.9959
2023-07-15,EUR,1.6625
2023-07-15,SGD,1.1547
2023-07-15,CAD,1.1105
2023-07-16,AUD,0.9996
2023-07-16,USD,1.5541
2023-07-16,GBP,1.9001
2023-07-16,EUR,1.6275
2023-07-16,SGD,1.1631
2023-07-16,CAD,1.0875
2023-07-17,AUD,1.0205
2023-07-17,USD,1.5091
2023-07-17,GBP,1.878
2023-07-17,EUR,1.6757
2023-07-17,SGD,1.1413
2023-07-17,CAD,1.0942
2023-07-18,AUD,1.0087
2023-07-18,USD,1.4821
2023-07-18,GBP,1.9149
2023-07-18,EUR,1.6343
2023-07-18,SGD,1.1004
2023-07-18,CAD,1.1327
2023-07-19,AUD,0.996
2023-07-19,USD,1.5229
2023-07-19,GBP,1.8633
2023-07-19,EUR,1.6365
2023-07-19,SGD,1.1348
2023-07-19,CAD,1.0896
2023-07-20,AUD,0.9928
2023-07-20,USD,1.5469
2023-07-20,GBP,1.927
2023-07-20,EUR,1.6783
2023-07-20,SGD,1.1566
2023-07-20,CAD,1.1273
2023-07-21,AUD,1.0064
2023-07-21,USD,1.4672
2023-07-21,GBP,1.8874
2023-07-21,EUR,1.6409
2023-07-21,SGD,1.133
2023-07-21,CAD,1.071
2023-07-22,AUD,0.992
2023-07-22,USD,1.5106
2023-07-22,GBP,1.9496
2023-07-22,EUR,1.6548
2023-07-22,SGD,1.1335
2023-07-22,CAD,1.0856
2023-07-23,AUD,0.9881
2023-07-23,USD,1.5157
2023-07-23,GBP,1.9182
2023-07-23,EUR,1.6766
2023-07-23,SGD,1.1479
2023-07-23,CAD,1.1002
2023-07-24,AUD,1.0056
2023-07-24,USD,1.5143
2023-07-24,GBP,1.9474
2023-07-24,EUR,1.6832
2023-07-24,SGD,1.1295
2023-07-24,CAD,1.101
2023-07-25,AUD,0.9887
2023-07-25,USD,1.4968
2023-07-25,GBP,1.8845
2023-07-25,EUR,1.61
2023-07-25,SGD,1.1395
2023-07-25,CAD,1.0942
2023-07-26,AUD,1.0029
2023-07-26,USD,1.5205
2023-07-26,GBP,1.888
2023-07-26,EUR,1.6412
2023-07-26,SGD,1.1254
2023-07-26,CAD,1.0935
2023-07-27,AUD,0.9908
2023-07-27,USD,1.475
2023-07-27,GBP,1.9205
2023-07-27,EUR,1.6671
2023-07-27,SGD,1.1261
2023-07-27,CAD,1.1113
2023-07-28,AUD,0.9879
2023-07-28,USD,1.4955
2023-07-28,GBP,1.9583
2023-07-28,EUR,1.6452
2023-07-28,SGD,1.1306
2023-07-28,CAD,1.0604
2023-07-29,AUD,1.0066
2023-07-29,USD,1.4899
2023-07-29,GBP,1.8715
2023-07-29,EUR,1.6298
2023-07-29,SGD,1.1355
2023-07-29,CAD,1.0913
2023-07-30,AUD,0.9987
2023-07-30,USD,1.56
2023-07-30,GBP,1.9809
2023-07-30,EUR,1.667
2023-07-30,SGD,1.1232
2023-07-30,CAD,1.0836
2023-07-31,AUD,0.9762
2023-07-31,USD,1.4816
2023-07-31,GBP,1.9437
2023-07-31,EUR,1.655
2023-07-31,SGD,1.1443
2023-07-31,CAD,1.1151
2023-08-01,AUD,1.0193
2023-08-01,USD,1.5263
2023-08-01,GBP,1.9544
2023-08-01,EUR,1.642
2023-08-01,SGD,1.1295
2023-08-01,CAD,1.1027
2023-08-02,AUD,1.0081
2023-08-02,USD,1.5418
2023-08-02,GBP,1.9173
2023-08-02,EUR,1.6566
2023-08-02,SGD,1.1435
2023-08-02,CAD,1.1162
2023-08-03,AUD,0.9942
2023-08-03,USD,1.5296
2023-08-03,GBP,1.9476
2023-08-03,EUR,1.639
2023-08-03,SGD,1.1254
2023-08-03,CAD,1.1137
2023-08-04,AUD,0.9843
2023-08-04,USD,1.5041
2023-08-04,GBP,1.8661
2023-08-04,EUR,1.657
2023-08-04,SGD,1.1228
2023-08-04,CAD,1.1185
2023-08-05,AUD,0.9901
2023-08-05,USD,1.5078
2023-08-05,GBP,1.8868
2023-08-05,EUR,1.6679
2023-08-05,SGD,1.1123
2023-08-05,CAD,1.0973
2023-08-06,AUD,1.0191
2023-08-06,USD,1.4856
2023-08-06,GBP,1.8855
2023-08-06,EUR,1.6217
2023-08-06,SGD,1.1557
2023-08-06,CAD,1.082
2023-08-07,AUD,1.0311
2023-08-07,USD,1.5103
2023-08-07,GBP,1.8704
2023-08-07,EUR,1.6407
2023-08-07,SGD,1.1252
2023-08-07,CAD,1.1042
2023-08-08,AUD,1.004
2023-08-08,USD,1.5154
2023-08-08,GBP,1.9212
2023-08-08,EUR,1.637
2023-08-08,SGD,1.1551
2023-08-08,CAD,1.068
2023-08-09,AUD,0.9809
2023-08-09,USD,1.474
2023-08-09,GBP,1.961
2023-08-09,EUR,1.6597
2023-08-09,SGD,1.1292
2023-08-09,CAD,1.1149
2023-08-10,AUD,1.0139
2023-08-10,USD,1.5211
2023-08-10,GBP,1.9654
2023-08-10,EUR,1.6687
2023-08-10,SGD,1.1508
2023-08-10,CAD,1.0896
2023-08-11,AUD,0.9891
2023-08-11,USD,1.4965
2023-08-11,GBP,1.9517
2023-08-11,EUR,1.6538
2023-08-11,SGD,1.151
2023-08-11,CAD,1.0711
2023-08-12,AUD,1.018
2023-08-12,USD,1.488
2023-08-12,GBP,1.9223
2023-08-12,EUR,1.6155
2023-08-12,SGD,1.1359
2023-08-12,CAD,1.0821
2023-08-13,AUD,1.0016
2023-08-13,USD,1.4971
2023-08-13,GBP,1.9143
2023-08-13,EUR,1.6649
2023-08-13,SGD,1.1568
2023-08-13,CAD,1.0972
2023-08-14,AUD,0.9703
2023-08-14,USD,1.505
2023-08-14,GBP,1.8892
2023-08-14,EUR,1.6428
2023-08-14,SGD,1.1375
2023-08-14,CAD,1.1131
2023-08-15,AUD,1.016
2023-08-15,USD,1.4975
2023-08-15,GBP,1.9193
2023-08-15,EUR,1.6624
2023-08-15,SGD,1.1451
2023-08-15,CAD,1.0815
2023-08-16,AUD,1.0043
2023-08-16,USD,1.5039
2023-08-16,GBP,1.9595
2023-08-16,EUR,1.6286
2023-08-16,SGD,1.1215
2023-08-16,CAD,1.1134
2023-08-17,AUD,1.0254
2023-08-17,USD,1.5258
2023-08-17,GBP,1.9788
2023-08-17,EUR,1.6421
2023-08-17,SGD,1.0985
2023-08-17,CAD,1.0959
2023-08-18,AUD,1.0003
2023-08-18,USD,1.5266
2023-08-18,GBP,1.9129
2023-08-18,EUR,1.5919
2023-08-18,SGD,1.1309
2023-08-18,CAD,1.0968
2023-08-19,AUD,0.9905
2023-08-19,USD,1.5123
2023-08-19,GBP,1.8474
2023-08-19,EUR,1.6562
2023-08-19,SGD,1.1441
2023-08-19,CAD,1.1001
2023-08-20,AUD,0.9904
2023-08-20,USD,1.4361
2023-08-20,GBP,1.9413
2023-08-20,EUR,1.6633
2023-08-20,SGD,1.1439
2023-08-20,CAD,1.126
2023-08-21,AUD,0.986
2023-08-21,USD,1.4788
2023-08-21,GBP,1.9233
2023-08-21,EUR,1.6634
2023-08-21,SGD,1.1394
2023-08-21,CAD,1.1028
2023-08-22,AUD,0.9845
2023-08-22,USD,1.5056
2023-08-22,GBP,1.8159
2023-08-22,EUR,1.6434
2023-08-22,SGD,1.1428
2023-08-22,CAD,1.0968
2023-08-23,AUD,1.0154
2023-08-23,USD,1.5205
2023-08-23,GBP,1.9528
2023-08-23,EUR,1.657
2023-08-23,SGD,1.1611
2023-08-23,CAD,1.0973
2023-08-24,AUD,0.9883
2023-08-24,USD,1.4843
2023-08-24,GBP,1.8833
2023-08-24,EUR,1.6371
2023-08-24,SGD,1.1486
2023-08-24,CAD,1.1073
2023-08-25,AUD,0.9807
2023-08-25,USD,1.5092
2023-08-25,GBP,1.9449
2023-08-25,EUR,1.6397
2023-08-25,SGD,1.137
2023-08-25,CAD,1.1132
2023-08-26,AUD,0.995
2023-08-26,USD,1.5085
2023-08-26,GBP,1.9413
2023-08-26,EUR,1.6456
2023-08-26,SGD,1.1394
2023-08-26,CAD,1.0669
2023-08-27,AUD,1.009
2023-08-27,USD,1.5051
2023-08-27,GBP,1.9266
2023-08-27,EUR,1.6382
2023-08-27,SGD,1.1371
2023-08-27,CAD,1.1141
2023-08-28,AUD,0.9925
2023-08-28,USD,1.5184
2023-08-28,GBP,1.9479
2023-08-28,EUR,1.6689
2023-08-28,SGD,1.1353
2023-08-28,CAD,1.0853
2023-08-29,AUD,1.0068
2023-08-29,USD,1.4926
2023-08-29,GBP,1.9021
2023-08-29,EUR,1.6744
2023-08-29,SGD,1.144
2023-08-29,CAD,1.0996
2023-08-30,AUD,1.0045
2023-08-30,USD,1.5062
2023-08-30,GBP,1.8957
2023-08-30,EUR,1.6323
2023-08-30,SGD,1.1317
2023-08-30,CAD,1.1045
2023-08-31,AUD,0.9724
2023-08-31,USD,1.5012
2023-08-31,GBP,1.8643
2023-08-31,EUR,1.6972
2023-08-31,SGD,1.1592
2023-08-31,CAD,1.0961
2023-09-01,AUD,0.9983
2023-09-01,USD,1.5275
2023-09-01,GBP,1.9091
2023-09-01,EUR,1.6048
2023-09-01,SGD,1.0969
2023-09-01,CAD,1.064
2023-09-02,AUD,1.0093
2023-09-02,USD,1.546
2023-09-02,GBP,1.9668
2023-09-02,EUR,1.6733
2023-09-02,SGD,1.1153
2023-09-02,CAD,1.0805
2023-09-03,AUD,0.9996
2023-09-03,USD,1.4928
2023-09-03,GBP,1.8628
2023-09-03,EUR,1.6373
2023-09-03,SGD,1.1232
2023-09-03,CAD,1.0702
2023-09-04,AUD,0.9985
2023-09-04,USD,1.5247
2023-09-04,GBP,1.8968
2023-09-04,EUR,1.6534
2023-09-04,SGD,1.1389
2023-09-04,CAD,1.1313
2023-09-05,AUD,1.0098
2023-09-05,USD,1.5361
2023-09-05,GBP,1.9173
2023-09-05,EUR,1.667
2023-09-05,SGD,1.1473
2023-09-05,CAD,1.0718
2023-09-06,AUD,1.0024
2023-09-06,USD,1.5085
2023-09-06,GBP,1.9158
2023-09-06,EUR,1.6525
2023-09-06,SGD,1.1248
2023-09-06,CAD,1.1292
2023-09-07,AUD,1.0156
2023-09-07,USD,1.5095
2023-09-07,GBP,1.9336
2023-09-07,EUR,1.6965
2023-09-07,SGD,1.166
2023-09-07,CAD,1.0734
2023-09-08,AUD,1.0195
2023-09-08,USD,1.5499
2023-09-08,GBP,1.8973
2023-09-08,EUR,1.6538
2023-09-08,SGD,1.149
2023-09-08,CAD,1.105
2023-09-09,AUD,0.9912
2023-09-09,USD,1.5286
2023-09-09,GBP,1.9318
2023-09-09,EUR,1.6485
2023-09-09,SGD,1.1382
2023-09-09,CAD,1.1213
2023-09-10,AUD,1.0324
2023-09-10,USD,1.5157
2023-09-10,GBP,1.9114
2023-09-10,EUR,1.6856
2023-09-10,SGD,1.116
2023-09-10,CAD,1.0906
2023-09-11,AUD,0.9836
2023-09-11,USD,1.4994
2023-09-11,GBP,1.9214
2023-09-11,EUR,1.6532
2023-09-11,SGD,1.1424
2023-09-11,CAD,1.0927
2023-09-12,AUD,1.0003
2023-09-12,USD,1.5145
2023-09-12,GBP,1.9405
2023-09-12,EUR,1.6777
2023-09-12,SGD,1.1516
2023-09-12,CAD,1.0863
2023-09-13,AUD,0.9926
2023-09-13,USD,1.5232
2023-09-13,GBP,1.8566
2023-09-13,EUR,1.6555
2023-09-13,SGD,1.1626
2023-09-13,CAD,1.1328
2023-09-14,AUD,0.9981
2023-09-14,USD,1.5052
2023-09-14,GBP,1.8775
2023-09-14,EUR,1.5996
2023-09-14,SGD,1.1462
2023-09-14,CAD,1.1019
2023-09-15,AUD,1.0082
2023-09-15,USD,1.4941
2023-09-15,GBP,1.9657
2023-09-15,EUR,1.6453
2023-09-15,SGD,1.1563
2023-09-15,CAD,1.0873
2023-09-16,AUD,0.9993
2023-09-16,USD,1.4814
2023-09-16,GBP,1.8955
2023-09-16,EUR,1.6183
2023-09-16,SGD,1.1088
2023-09-16,CAD,1.0687
2023-09-17,AUD,1.025
2023-09-17,USD,1.557
2023-09-17,GBP,1.9026
2023-09-17,EUR,1.6272
2023-09-17,SGD,1.1363
2023-09-17,CAD,1.0818
2023-09-18,AUD,1.0052
2023-09-18,USD,1.4978
2023-09-18,GBP,1.9112
2023-09-18,EUR,1.6401
2023-09-18,SGD,1.1214
2023-09-18,CAD,1.1071
2023-09-19,AUD,0.9867
2023-09-19,USD,1.4737
2023-09-19,GBP,1.9395
2023-09-19,EUR,1.6312
2023-09-19,SGD,1.1628
2023-09-19,CAD,1.0983
2023-09-20,AUD,1.003
2023-09-20,USD,1.468
2023-09-20,GBP,1.9393
2023-09-20,EUR,1.6483
2023-09-20,SGD,1.1788
2023-09-20,CAD,1.1397
2023-09-21,AUD,0.9869
2023-09-21,USD,1.4864
2023-09-21,GBP,1.9034
2023-09-21,EUR,1.625
2023-09-21,SGD,1.1295
2023-09-21,CAD,1.0944
2023-09-22,AUD,1.005
2023-09-22,USD,1.5053
2023-09-22,GBP,1.8554
2023-09-22,EUR,1.6761
2023-09-22,SGD,1.1568
2023-09-22,CAD,1.0894
2023-09-23,AUD,1.0051
2023-09-23,USD,1.4882
2023-09-23,GBP,1.92
2023-09-23,EUR,1.6195
2023-09-23,SGD,1.1446
2023-09-23,CAD,1.0875
2023-09-24,AUD,0.9999
2023-09-24,USD,1.489
2023-09-24,GBP,1.9425
2023-09-24,EUR,1.6403
2023-09-24,SGD,1.1024
2023-09-24,CAD,1.1198
2023-09-25,AUD,1.0136
2023-09-25,USD,1.5265
2023-09-25,GBP,1.9424
2023-09-25,EUR,1.638
2023-09-25,SGD,1.1308
2023-09-25,CAD,1.0869
2023-09-26,AUD,1.022
2023-09-26,USD,1.5301
2023-09-26,GBP,1.915
2023-09-26,EUR,1.6269
2023-09-26,SGD,1.1302
2023-09-26,CAD,1.1291
2023-09-27,AUD,1.003
2023-09-27,USD,1.5564
2023-09-27,GBP,1.9197
2023-09-27,EUR,1.6518
2023-09-27,SGD,1.1277
2023-09-27,CAD,1.0688
2023-09-28,AUD,0.9777
2023-09-28,USD,1.5244
2023-09-28,GBP,1.8829
2023-09-28,EUR,1.6908
2023-09-28,SGD,1.1023
2023-09-28,CAD,1.0897
2023-09-29,AUD,0.9941
2023-09-29,USD,1.531
2023-09-29,GBP,1.9606
2023-09-29,EUR,1.6274
2023-09-29,SGD,1.1382
2023-09-29,CAD,1.0992
2023-09-30,AUD,1.0059
2023-09-30,USD,1.4656
2023-09-30,GBP,1.9157
2023-09-30,EUR,1.6507
2023-09-30,SGD,1.1205
2023-09-30,CAD,1.1075
2023-10-01,AUD,1.0262
2023-10-01,USD,1.528
2023-10-01,GBP,1.9286
2023-10-01,EUR,1.6706
2023-10-01,SGD,1.0934
2023-10-01,CAD,1.1089
2023-10-02,AUD,1.0141
2023-10-02,USD,1.4749
2023-10-02,GBP,1.8695
2023-10-02,EUR,1.6052
2023-10-02,SGD,1.1728
2023-10-02,CAD,1.104
2023-10-03,AUD,0.9668
2023-10-03,USD,1.5033
2023-10-03,GBP,1.9499
2023-10-03,EUR,1.6537
2023-10-03,SGD,1.1877
2023-10-03,CAD,1.0942
2023-10-04,AUD,1.0053
2023-10-04,USD,1.5163
2023-10-04,GBP,1.8964
2023-10-04,EUR,1.6673
2023-10-04,SGD,1.1572
2023-10-04,CAD,1.1233
2023-10-05,AUD,1.0106
2023-10-05,USD,1.5268
2023-10-05,GBP,1.8898
2023-10-05,EUR,1.6789
2023-10-05,SGD,1.1544
2023-10-05,CAD,1.1097
2023-10-06,AUD,1.0077
2023-10-06,USD,1.5382
2023-10-06,GBP,1.9392
2023-10-06,EUR,1.6643
2023-10-06,SGD,1.1569
2023-10-06,CAD,1.0843
2023-10-07,AUD,1.0243
2023-10-07,USD,1.4913
2023-10-07,GBP,1.9623
2023-10-07,EUR,1.6842
2023-10-07,SGD,1.1428
2023-10-07,CAD,1.1196
2023-10-08,AUD,1.0102
2023-10-08,USD,1.5179
2023-10-08,GBP,1.9185
2023-10-08,EUR,1.6545
2023-10-08,SGD,1.1264
2023-10-08,CAD,1.0703
2023-10-09,AUD,0.9788
2023-10-09,USD,1.5443
2023-10-09,GBP,1.9011
2023-10-09,EUR,1.6836
2023-10-09,SGD,1.1487
2023-10-09,CAD,1.0841
2023-10-10,AUD,1.0015
2023-10-10,USD,1.5104
2023-10-10,GBP,1.9044
2023-10-10,EUR,1.7086
2023-10-10,SGD,1.1093
2023-10-10,CAD,1.0967
2023-10-11,AUD,1.0098
2023-10-11,USD,1.5029
2023-10-11,GBP,1.9006
2023-10-11,EUR,1.6406
2023-10-11,SGD,1.1533
2023-10-11,CAD,1.1075
2023-10-12,AUD,0.9882
2023-10-12,USD,1.5248
2023-10-12,GBP,1.9397
2023-10-12,EUR,1.6478
2023-10-12,SGD,1.127
2023-10-12,CAD,1.0952
2023-10-13,AUD,0.9994
2023-10-13,USD,1.5062
2023-10-13,GBP,1.9038
2023-10-13,EUR,1.6418
2023-10-13,SGD,1.1716
2023-10-13,CAD,1.1006
2023-10-14,AUD,1.0013
2023-10-14,USD,1.4965
2023-10-14,GBP,1.9327
2023-10-14,EUR,1.6233
2023-10-14,SGD,1.1712
2023-10-14,CAD,1.1107
2023-10-15,AUD,1.0328
2023-10-15,USD,1.5399
2023-10-15,GBP,1.9215
2023-10-15,EUR,1.6451
2023-10-15,SGD,1.1028
2023-10-15,CAD,1.0711
2023-10-16,AUD,0.9869
2023-10-16,USD,1.4956
2023-10-16,GBP,1.9407
2023-10-16,EUR,1.6888
2023-10-16,SGD,1.1357
2023-10-16,CAD,1.1044
2023-10-17,AUD,1.0163
2023-10-17,USD,1.5076
2023-10-17,GBP,1.9548
2023-10-17,EUR,1.6458
2023-10-17,SGD,1.1533
2023-10-17,CAD,1.0814
2023-10-18,AUD,1.0178
2023-10-18,USD,1.5062
2023-10-18,GBP,1.9451
2023-10-18,EUR,1.665
2023-10-18,SGD,1.1549
2023-10-18,CAD,1.117
2023-10-19,AUD,1.0157
2023-10-19,USD,1.5018
2023-10-19,GBP,1.9635
2023-10-19,EUR,1.6973
2023-10-19,SGD,1.1408
2023-10-19,CAD,1.113
2023-10-20,AUD,1.0211
2023-10-20,USD,1.5081
2023-10-20,GBP,1.8685
2023-10-20,EUR,1.6246
2023-10-20,SGD,1.125
2023-10-20,CAD,1.1198
2023-10-21,AUD,1.0052
2023-10-21,USD,1.5149
2023-10-21,GBP,1.9423
2023-10-21,EUR,1.6334
2023-10-21,SGD,1.1468
2023-10-21,CAD,1.0998
2023-10-22,AUD,0.9969
2023-10-22,USD,1.4739
2023-10-22,GBP,1.9149
2023-10-22,EUR,1.6597
2023-10-22,SGD,1.1426
2023-10-22,CAD,1.1138
2023-10-23,AUD,1.0003
2023-10-23,USD,1.5586
2023-10-23,GBP,1.8888
2023-10-23,EUR,1.6573
2023-10-23,SGD,1.1344
2023-10-23,CAD,1.0928
2023-10-24,AUD,1.026
2023-10-24,USD,1.5572
2023-10-24,GBP,1.9119
2023-10-24,EUR,1.6053
2023-10-24,SGD,1.1488
2023-10-24,CAD,1.0936
2023-10-25,AUD,0.9962
2023-10-25,USD,1.5018
2023-10-25,GBP,1.9057
2023-10-25,EUR,1.6178
2023-10-25,SGD,1.1288
2023-10-25,CAD,1.1133
2023-10-26,AUD,1.0007
2023-10-26,USD,1.515
2023-10-26,GBP,1.8856
2023-10-26,EUR,1.6358
2023-10-26,SGD,1.1435
2023-10-26,CAD,1.1051
2023-10-27,AUD,1.0162
2023-10-27,USD,1.5608
2023-10-27,GBP,1.8939
2023-10-27,EUR,1.6456
2023-10-27,SGD,1.1219
2023-10-27,CAD,1.0802
2023-10-28,AUD,1.0475
2023-10-28,USD,1.4997
2023-10-28,GBP,1.9751
2023-10-28,EUR,1.6368
2023-10-28,SGD,1.1131
2023-10-28,CAD,1.1025
2023-10-29,AUD,1.0068
2023-10-29,USD,1.5252
2023-10-29,GBP,1.9005
2023-10-29,EUR,1.6423
2023-10-29,SGD,1.1415
2023-10-29,CAD,1.1095
2023-10-30,AUD,0.9932
2023-10-30,USD,1.5089
2023-10-30,GBP,1.8906
2023-10-30,EUR,1.6828
2023-10-30,SGD,1.1419
2023-10-30,CAD,1.1184
2023-10-31,AUD,0.9868
2023-10-31,USD,1.5108
2023-10-31,GBP,1.9538
2023-10-31,EUR,1.6073
2023-10-31,SGD,1.1361
2023-10-31,CAD,1.0973
2023-11-01,AUD,0.9766
2023-11-01,USD,1.4869
2023-11-01,GBP,1.9452
2023-11-01,EUR,1.653
2023-11-01,SGD,1.161
2023-11-01,CAD,1.1098
2023-11-02,AUD,0.9794
2023-11-02,USD,1.5067
2023-11-02,GBP,1.9488
2023-11-02,EUR,1.6386
2023-11-02,SGD,1.1476
2023-11-02,CAD,1.0997
2023-11-03,AUD,0.9899
2023-11-03,USD,1.4826
2023-11-03,GBP,1.9006
2023-11-03,EUR,1.6211
2023-11-03,SGD,1.1727
2023-11-03,CAD,1.0815
2023-11-04,AUD,0.9866
2023-11-04,USD,1.4274
2023-11-04,GBP,1.927
2023-11-04,EUR,1.5948
2023-11-04,SGD,1.1231
2023-11-04,CAD,1.1165
2023-11-05,AUD,0.9853
2023-11-05,USD,1.5197
2023-11-05,GBP,1.9177
2023-11-05,EUR,1.6518
2023-11-05,SGD,1.1356
2023-11-05,CAD,1.0902
2023-11-06,AUD,0.9795
2023-11-06,USD,1.4926
2023-11-06,GBP,1.8505
2023-11-06,EUR,1.6624
2023-11-06,SGD,1.1646
2023-11-06,CAD,1.1043
2023-11-07,AUD,1.0061
2023-11-07,USD,1.534
2023-11-07,GBP,1.9611
2023-11-07,EUR,1.6383
2023-11-07,SGD,1.1267
2023-11-07,CAD,1.0987
2023-11-08,AUD,1.0072
2023-11-08,USD,1.4818
2023-11-08,GBP,1.9088
2023-11-08,EUR,1.6261
2023-11-08,SGD,1.1747
2023-11-08,CAD,1.0825
2023-11-09,AUD,1.02
2023-11-09,USD,1.5167
2023-11-09,GBP,1.9027
2023-11-09,EUR,1.6415
2023-11-09,SGD,1.1613
2023-11-09,CAD,1.1129
2023-11-10,AUD,1.0053
2023-11-10,USD,1.5149
2023-11-10,GBP,1.9014
2023-11-10,EUR,1.6423
2023-11-10,SGD,1.1482
2023-11-10,CAD,1.1061
2023-11-11,AUD,1.0144
2023-11-11,USD,1.5342
2023-11-11,GBP,1.9152
2023-11-11,EUR,1.6349
2023-11-11,SGD,1.1482
2023-11-11,CAD,1.0645
2023-11-12,AUD,0.999
2023-11-12,USD,1.5029
2023-11-12,GBP,1.9266
2023-11-12,EUR,1.6848
2023-11-12,SGD,1.1318
2023-11-12,CAD,1.1033
2023-11-13,AUD,0.9887
2023-11-13,USD,1.483
2023-11-13,GBP,1.9013
2023-11-13,EUR,1.637
2023-11-13,SGD,1.1521
2023-11-13,CAD,1.0989
2023-11-14,AUD,1.0182
2023-11-14,USD,1.5331
2023-11-14,GBP,1.9351
2023-11-14,EUR,1.6107
2023-11-14,SGD,1.1407
2023-11-14,CAD,1.0944
2023-11-15,AUD,1.0056
2023-11-15,USD,1.5326
2023-11-15,GBP,1.9535
2023-11-15,EUR,1.6589
2023-11-15,SGD,1.1649
2023-11-15,CAD,1.1174
2023-11-16,AUD,0.9952
2023-11-16,USD,1.5241
2023-11-16,GBP,1.931
2023-11-16,EUR,1.6727
2023-11-16,SGD,1.1522
2023-11-16,CAD,1.0761
2023-11-17,AUD,1.0024
2023-11-17,USD,1.5249
2023-11-17,GBP,1.9341
2023-11-17,EUR,1.6776
2023-11-17,SGD,1.174
2023-11-17,CAD,1.1161
2023-11-18,AUD,1.0037
2023-11-18,USD,1.501
2023-11-18,GBP,1.8703
2023-11-18,EUR,1.6415
2023-11-18,SGD,1.0997
2023-11-18,CAD,1.0951
2023-11-19,AUD,1.0206
2023-11-19,USD,1.4995
2023-11-19,GBP,1.9032
2023-11-19,EUR,1.622
2023-11-19,SGD,1.1669
2023-11-19,CAD,1.1057
2023-11-20,AUD,1.006
2023-11-20,USD,1.5122
2023-11-20,GBP,1.9195
2023-11-20,EUR,1.6798
2023-11-20,SGD,1.1549
2023-11-20,CAD,1.1092
2023-11-21,AUD,0.9882
2023-11-21,USD,1.5153
2023-11-21,GBP,1.912
2023-11-21,EUR,1.6637
2023-11-21,SGD,1.1103
2023-11-21,CAD,1.1047
2023-11-22,AUD,0.9839
2023-11-22,USD,1.5172
2023-11-22,GBP,1.9136
2023-11-22,EUR,1.6281
2023-11-22,SGD,1.112
2023-11-22,CAD,1.1161
2023-11-23,AUD,1.0036
2023-11-23,USD,1.4867
2023-11-23,GBP,1.9055
2023-11-23,EUR,1.6451
2023-11-23,SGD,1.1592
2023-11-23,CAD,1.0888
2023-11-24,AUD,1.0337
2023-11-24,USD,1.5102
2023-11-24,GBP,1.8495
2023-11-24,EUR,1.6663
2023-11-24,SGD,1.1375
2023-11-24,CAD,1.11
2023-11-25,AUD,0.9804
2023-11-25,USD,1.4806
2023-11-25,GBP,1.8966
2023-11-25,EUR,1.6315
2023-11-25,SGD,1.1613
2023-11-25,CAD,1.1069
2023-11-26,AUD,1.0101
2023-11-26,USD,1.5427
2023-11-26,GBP,1.9064
2023-11-26,EUR,1.6923
2023-11-26,SGD,1.1646
2023-11-26,CAD,1.0875
2023-11-27,AUD,0.9933
2023-11-27,USD,1.5063
2023-11-27,GBP,1.9171
2023-11-27,EUR,1.6351
2023-11-27,SGD,1.1394
2023-11-27,CAD,1.0808
2023-11-28,AUD,1.0098
2023-11-28,USD,1.5177
2023-11-28,GBP,1.8924
2023-11-28,EUR,1.6703
2023-11-28,SGD,1.1578
2023-11-28,CAD,1.1225
2023-11-29,AUD,1.0213
2023-11-29,USD,1.5259
2023-11-29,GBP,1.8709
2023-11-29,EUR,1.6693
2023-11-29,SGD,1.1378
2023-11-29,CAD,1.0769
2023-11-30,AUD,0.9927
2023-11-30,USD,1.4626
2023-11-30,GBP,1.9045
2023-11-30,EUR,1.6488
2023-11-30,SGD,1.1434
2023-11-30,CAD,1.092
2023-12-01,AUD,0.9755
2023-12-01,USD,1.5046
2023-12-01,GBP,1.9411
2023-12-01,EUR,1.6943
2023-12-01,SGD,1.1675
2023-12-01,CAD,1.0704
2023-12-02,AUD,0.9848
2023-12-02,USD,1.5036
2023-12-02,GBP,1.9259
2023-12-02,EUR,1.6641
2023-12-02,SGD,1.1508
2023-12-02,CAD,1.0977
2023-12-03,AUD,0.9808
2023-12-03,USD,1.4842
2023-12-03,GBP,1.9546
2023-12-03,EUR,1.6116
2023-12-03,SGD,1.1546
2023-12-03,CAD,1.094
2023-12-04,AUD,1.009
2023-12-04,USD,1.4924
2023-12-04,GBP,1.9191
2023-12-04,EUR,1.6506
2023-12-04,SGD,1.1558
2023-12-04,CAD,1.0841
2023-12-05,AUD,1.0058
2023-12-05,USD,1.5313
2023-12-05,GBP,1.9559
2023-12-05,EUR,1.6041
2023-12-05,SGD,1.1493
2023-12-05,CAD,1.0994
2023-12-06,AUD,1.003
2023-12-06,USD,1.5138
2023-12-06,GBP,1.9134
2023-12-06,EUR,1.6557
2023-12-06,SGD,1.1369
2023-12-06,CAD,1.1176
2023-12-07,AUD,1.0127
2023-12-07,USD,1.5323
2023-12-07,GBP,1.9253
2023-12-07,EUR,1.6661
2023-12-07,SGD,1.1405
2023-12-07,CAD,1.0887
2023-12-08,AUD,0.9906
2023-12-08,USD,1.4997
2023-12-08,GBP,1.9017
2023-12-08,EUR,1.6793
2023-12-08,SGD,1.1166
2023-12-08,CAD,1.1096
2023-12-09,AUD,0.9996
2023-12-09,USD,1.4947
2023-12-09,GBP,1.93
2023-12-09,EUR,1.6793
2023-12-09,SGD,1.1312
2023-12-09,CAD,1.1167
2023-12-10,AUD,1.0002
2023-12-10,USD,1.4885
2023-12-10,GBP,1.8856
2023-12-10,EUR,1.6346
2023-12-10,SGD,1.1307
2023-12-10,CAD,1.0879
2023-12-11,AUD,1.0215
2023-12-11,USD,1.4917
2023-12-11,GBP,1.9534
2023-12-11,EUR,1.6529
2023-12-11,SGD,1.1358
2023-12-11,CAD,1.1213
2023-12-12,AUD,0.9725
2023-12-12,USD,1.5144
2023-12-12,GBP,1.9293
2023-12-12,EUR,1.6701
2023-12-12,SGD,1.1278
2023-12-12,CAD,1.0813
2023-12-13,AUD,0.9733
2023-12-13,USD,1.5011
2023-12-13,GBP,1.9573
2023-12-13,EUR,1.6643
2023-12-13,SGD,1.1513
2023-12-13,CAD,1.0966
2023-12-14,AUD,0.9967
2023-12-14,USD,1.5103
2023-12-14,GBP,1.882
2023-12-14,EUR,1.6706
2023-12-14,SGD,1.121
2023-12-14,CAD,1.0823
2023-12-15,AUD,0.9932
2023-12-15,USD,1.5208
2023-12-15,GBP,1.9235
2023-12-15,EUR,1.6722
2023-12-15,SGD,1.1238
2023-12-15,CAD,1.1178
2023-12-16,AUD,0.9866
2023-12-16,USD,1.4888
2023-12-16,GBP,1.9254
2023-12-16,EUR,1.6449
2023-12-16,SGD,1.1348
2023-12-16,CAD,1.0881
2023-12-17,AUD,0.9673
2023-12-17,USD,1.5136
2023-12-17,GBP,1.9426
2023-12-17,EUR,1.6401
2023-12-17,SGD,1.1652
2023-12-17,CAD,1.0979
2023-12-18,AUD,0.983
2023-12-18,USD,1.4851
2023-12-18,GBP,1.9418
2023-12-18,EUR,1.6549
2023-12-18,SGD,1.1308
2023-12-18,CAD,1.0972
2023-12-19,AUD,1.0099
2023-12-19,USD,1.5103
2023-12-19,GBP,1.9093
2023-12-19,EUR,1.6482
2023-12-19,SGD,1.1488
2023-12-19,CAD,1.0984
2023-12-20,AUD,1.008
2023-12-20,USD,1.5352
2023-12-20,GBP,1.89
2023-12-20,EUR,1.6016
2023-12-20,SGD,1.1151
2023-12-20,CAD,1.132
2023-12-21,AUD,0.998
2023-12-21,USD,1.515
2023-12-21,GBP,1.944
2023-12-21,EUR,1.6471
2023-12-21,SGD,1.14
2023-12-21,CAD,1.1073
2023-12-22,AUD,0.9988
2023-12-22,USD,1.4844
2023-12-22,GBP,1.8744
2023-12-22,EUR,1.6347
2023-12-22,SGD,1.1428
2023-12-22,CAD,1.095
2023-12-23,AUD,1.0027
2023-12-23,USD,1.5837
2023-12-23,GBP,1.9598
2023-12-23,EUR,1.6425
2023-12-23,SGD,1.1582
2023-12-23,CAD,1.1131
2023-12-24,AUD,0.9568
2023-12-24,USD,1.4979
2023-12-24,GBP,1.9068
2023-12-24,EUR,1.5942
2023-12-24,SGD,1.1485
2023-12-24,CAD,1.0805
2023-12-25,AUD,1.0239
2023-12-25,USD,1.5378
2023-12-25,GBP,1.917
2023-12-25,EUR,1.6936
2023-12-25,SGD,1.1087
2023-12-25,CAD,1.0992
2023-12-26,AUD,1.0007
2023-12-26,USD,1.5294
2023-12-26,GBP,1.8955
2023-12-26,EUR,1.6447
2023-12-26,SGD,1.1369
2023-12-26,CAD,1.0988
2023-12-27,AUD,0.9728
2023-12-27,USD,1.5293
2023-12-27,GBP,1.9141
2023-12-27,EUR,1.6531
2023-12-27,SGD,1.1358
2023-12-27,CAD,1.1133
2023-12-28,AUD,1.012
2023-12-28,USD,1.4774
2023-12-28,GBP,1.9265
2023-12-28,EUR,1.6359
2023-12-28,SGD,1.148
2023-12-28,CAD,1.1423
2023-12-29,AUD,0.9932
2023-12-29,USD,1.5102
2023-12-29,GBP,1.9345
2023-12-29,EUR,1.669
2023-12-29,SGD,1.1535
2023-12-29,CAD,1.0745
2023-12-30,AUD,0.9652
2023-12-30,USD,1.5169
2023-12-30,GBP,1.9181
2023-12-30,EUR,1.6469
2023-12-30,SGD,1.145
2023-12-30,CAD,1.0855
2023-12-31,AUD,1.0074
2023-12-31,USD,1.5313
2023-12-31,GBP,1.9038
2023-12-31,EUR,1.6898
2023-12-31,SGD,1.145
2023-12-31,CAD,1.094
2024-01-01,AUD,0.9981
2024-01-01,USD,1.5225
2024-01-01,GBP,1.9136
2024-01-01,EUR,1.6296
2024-01-01,SGD,1.118
2024-01-01,CAD,1.1096
2024-01-02,AUD,1.0087
2024-01-02,USD,1.5202
2024-01-02,GBP,1.9285
2024-01-02,EUR,1.6534
2024-01-02,SGD,1.118
2024-01-02,CAD,1.0789
2024-01-03,AUD,1.0242
2024-01-03,USD,1.5334
2024-01-03,GBP,1.9222
2024-01-03,EUR,1.6089
2024-01-03,SGD,1.121
2024-01-03,CAD,1.0892
2024-01-04,AUD,0.9928
2024-01-04,USD,1.4972
2024-01-04,GBP,1.8919
2024-01-04,EUR,1.6365
2024-01-04,SGD,1.1352
2024-01-04,CAD,1.0924
2024-01-05,AUD,0.9998
2024-01-05,USD,1.5307
2024-01-05,GBP,1.9139
2024-01-05,EUR,1.6521
2024-01-05,SGD,1.1494
2024-01-05,CAD,1.1056
2024-01-06,AUD,0.9932
2024-01-06,USD,1.5207
2024-01-06,GBP,1.9564
2024-01-06,EUR,1.645
2024-01-06,SGD,1.156
2024-01-06,CAD,1.1081
2024-01-07,AUD,0.9821
2024-01-07,USD,1.4962
2024-01-07,GBP,1.9279
2024-01-07,EUR,1.6386
2024-01-07,SGD,1.1367
2024-01-07,CAD,1.0942
2024-01-08,AUD,1.0137
2024-01-08,USD,1.5205
2024-01-08,GBP,1.9217
2024-01-08,EUR,1.6714
2024-01-08,SGD,1.1556
2024-01-08,CAD,1.0907
2024-01-09,AUD,0.9863
2024-01-09,USD,1.4939
2024-01-09,GBP,1.857
2024-01-09,EUR,1.6512
2024-01-09,SGD,1.126
2024-01-09,CAD,1.0843
2024-01-10,AUD,0.9683
2024-01-10,USD,1.5043
2024-01-10,GBP,1.9387
2024-01-10,EUR,1.6928
2024-01-10,SGD,1.1485
2024-01-10,CAD,1.0985
2024-01-11,AUD,1.0062
2024-01-11,USD,1.5063
2024-01-11,GBP,1.8909
2024-01-11,EUR,1.6437
2024-01-11,SGD,1.1574
2024-01-11,CAD,1.1122
2024-01-12,AUD,0.9761
2024-01-12,USD,1.4817
2024-01-12,GBP,1.9357
2024-01-12,EUR,1.6794
2024-01-12,SGD,1.151
2024-01-12,CAD,1.0761
2024-01-13,AUD,1.0043
2024-01-13,USD,1.5051
2024-01-13,GBP,1.8927
2024-01-13,EUR,1.6238
2024-01-13,SGD,1.1227
2024-01-13,CAD,1.1258
2024-01-14,AUD,1.0001
2024-01-14,USD,1.4881
2024-01-14,GBP,1.929
2024-01-14,EUR,1.6329
2024-01-14,SGD,1.1484
2024-01-14,CAD,1.0878
2024-01-15,AUD,0.9893
2024-01-15,USD,1.5283
2024-01-15,GBP,1.8972
2024-01-15,EUR,1.679
2024-01-15,SGD,1.1386
2024-01-15,CAD,1.0883
2024-01-16,AUD,1.0129
2024-01-16,USD,1.4923
2024-01-16,GBP,1.9413
2024-01-16,EUR,1.655
2024-01-16,SGD,1.1188
2024-01-16,CAD,1.1164
2024-01-17,AUD,1.0261
2024-01-17,USD,1.518
2024-01-17,GBP,1.9003
2024-01-17,EUR,1.6717
2024-01-17,SGD,1.1548
2024-01-17,CAD,1.0906
2024-01-18,AUD,0.9987
2024-01-18,USD,1.5071
2024-01-18,GBP,1.9482
2024-01-18,EUR,1.6235
2024-01-18,SGD,1.1235
2024-01-18,CAD,1.0868
2024-01-19,AUD,0.9962
2024-01-19,USD,1.5017
2024-01-19,GBP,1.9566
2024-01-19,EUR,1.6627
2024-01-19,SGD,1.1316
2024-01-19,CAD,1.0798
2024-01-20,AUD,0.9914
2024-01-20,USD,1.4987
2024-01-20,GBP,1.8886
2024-01-20,EUR,1.6546
2024-01-20,SGD,1.144
2024-01-20,CAD,1.0945
2024-01-21,AUD,1.0041
2024-01-21,USD,1.5114
2024-01-21,GBP,1.8949
2024-01-21,EUR,1.639
2024-01-21,SGD,1.1312
2024-01-21,CAD,1.1037
2024-01-22,AUD,0.9959
2024-01-22,USD,1.5201
2024-01-22,GBP,1.9452
2024-01-22,EUR,1.6454
2024-01-22,SGD,1.1557
2024-01-22,CAD,1.1235
2024-01-23,AUD,0.9957
2024-01-23,USD,1.4816
2024-01-23,GBP,1.8718
2024-01-23,EUR,1.6461
2024-01-23,SGD,1.1335
2024-01-23,CAD,1.1226
2024-01-24,AUD,0.9854
2024-01-24,USD,1.4556
2024-01-24,GBP,1.9397
2024-01-24,EUR,1.6689
2024-01-24,SGD,1.1447
2024-01-24,CAD,1.088
2024-01-25,AUD,0.9963
2024-01-25,USD,1.4712
2024-01-25,GBP,1.9554
2024-01-25,EUR,1.6539
2024-01-25,SGD,1.1566
2024-01-25,CAD,1.1121
2024-01-26,AUD,1.0222
2024-01-26,USD,1.4895
2024-01-26,GBP,1.9147
2024-01-26,EUR,1.6674
2024-01-26,SGD,1.156
2024-01-26,CAD,1.1046
2024-01-27,AUD,0.9909
2024-01-27,USD,1.4886
2024-01-27,GBP,1.916
2024-01-27,EUR,1.6634
2024-01-27,SGD,1.1359
2024-01-27,CAD,1.0794
2024-01-28,AUD,1.0373
2024-01-28,USD,1.5046
2024-01-28,GBP,1.9055
2024-01-28,EUR,1.6689
2024-01-28,SGD,1.1481
2024-01-28,CAD,1.0987
2024-01-29,AUD,1.0095
2024-01-29,USD,1.4766
2024-01-29,GBP,1.9195
2024-01-29,EUR,1.6414
2024-01-29,SGD,1.1572
2024-01-29,CAD,1.0852
2024-01-30,AUD,1.0224
2024-01-30,USD,1.5102
2024-01-30,GBP,1.9307
2024-01-30,EUR,1.6794
2024-01-30,SGD,1.1381
2024-01-30,CAD,1.0859
2024-01-31,AUD,1.0026
2024-01-31,USD,1.5098
2024-01-31,GBP,1.91
2024-01-31,EUR,1.6541
2024-01-31,SGD,1.1383
2024-01-31,CAD,1.1025
2024-02-01,AUD,0.9626
2024-02-01,USD,1.5462
2024-02-01,GBP,1.9292
2024-02-01,EUR,1.6462
2024-02-01,SGD,1.139
2024-02-01,CAD,1.1123
2024-02-02,AUD,0.9901
2024-02-02,USD,1.4971
2024-02-02,GBP,1.943
2024-02-02,EUR,1.6253
2024-02-02,SGD,1.1402
2024-02-02,CAD,1.1129
2024-02-03,AUD,0.9601
2024-02-03,USD,1.4787
2024-02-03,GBP,1.9046
2024-02-03,EUR,1.6541
2024-02-03,SGD,1.1566
2024-02-03,CAD,1.081
2024-02-04,AUD,0.9818
2024-02-04,USD,1.54
2024-02-04,GBP,1.9259
2024-02-04,EUR,1.6248
2024-02-04,SGD,1.1567
2024-02-04,CAD,1.1149
2024-02-05,AUD,1.0192
2024-02-05,USD,1.5412
2024-02-05,GBP,1.9716
2024-02-05,EUR,1.6988
2024-02-05,SGD,1.1656
2024-02-05,CAD,1.1153
2024-02-06,AUD,0.9879
2024-02-06,USD,1.5383
2024-02-06,GBP,1.9339
2024-02-06,EUR,1.6176
2024-02-06,SGD,1.1419
2024-02-06,CAD,1.0883
2024-02-07,AUD,1.0157
2024-02-07,USD,1.5184
2024-02-07,GBP,1.857
2024-02-07,EUR,1.6289
2024-02-07,SGD,1.1422
2024-02-07,CAD,1.0813
2024-02-08,AUD,1.0076
2024-02-08,USD,1.4853
2024-02-08,GBP,1.91
2024-02-08,EUR,1.6793
2024-02-08,SGD,1.1514
2024-02-08,CAD,1.1162
2024-02-09,AUD,0.993
2024-02-09,USD,1.4972
2024-02-09,GBP,1.9334
2024-02-09,EUR,1.675
2024-02-09,SGD,1.1588
2024-02-09,CAD,1.0901
2024-02-10,AUD,1.0174
2024-02-10,USD,1.521
2024-02-10,GBP,1.9409
2024-02-10,EUR,1.6906
2024-02-10,SGD,1.1454
2024-02-10,CAD,1.0942
2024-02-11,AUD,1.0111
2024-02-11,USD,1.5077
2024-02-11,GBP,1.8697
2024-02-11,EUR,1.6735
2024-02-11,SGD,1.1208
2024-02-11,CAD,1.0777
2024-02-12,AUD,1.0046
2024-02-12,USD,1.4813
2024-02-12,GBP,1.963
2024-02-12,EUR,1.6267
2024-02-12,SGD,1.1633
2024-02-12,CAD,1.1072
2024-02-13,AUD,0.9991
2024-02-13,USD,1.5443
2024-02-13,GBP,1.9744
2024-02-13,EUR,1.6004
2024-02-13,SGD,1.1057
2024-02-13,CAD,1.1065
2024-02-14,AUD,0.9931
2024-02-14,USD,1.4996
2024-02-14,GBP,1.9112
2024-02-14,EUR,1.6354
2024-02-14,SGD,1.1129
2024-02-14,CAD,1.1077
2024-02-15,AUD,1.01
2024-02-15,USD,1.4741
2024-02-15,GBP,1.9001
2024-02-15,EUR,1.616
2024-02-15,SGD,1.1307
2024-02-15,CAD,1.0913
2024-02-16,AUD,1.0192
2024-02-16,USD,1.5335
2024-02-16,GBP,1.951
2024-02-16,EUR,1.6452
2024-02-16,SGD,1.1599
2024-02-16,CAD,1.1056
2024-02-17,AUD,1.0149
2024-02-17,USD,1.4657
2024-02-17,GBP,1.9168
2024-02-17,EUR,1.6853
2024-02-17,SGD,1.1449
2024-02-17,CAD,1.1054
2024-02-18,AUD,1.0186
2024-02-18,USD,1.5535
2024-02-18,GBP,1.9226
2024-02-18,EUR,1.6414
2024-02-18,SGD,1.1556
2024-02-18,CAD,1.0951
2024-02-19,AUD,0.9912
2024-02-19,USD,1.5268
2024-02-19,GBP,1.8856
2024-02-19,EUR,1.6375
2024-02-19,SGD,1.128
2024-02-19,CAD,1.1291
2024-02-20,AUD,0.9831
2024-02-20,USD,1.492
2024-02-20,GBP,1.891
2024-02-20,EUR,1.6517
2024-02-20,SGD,1.1184
2024-02-20,CAD,1.094
2024-02-21,AUD,0.9992
2024-02-21,USD,1.5596
2024-02-21,GBP,1.8919
2024-02-21,EUR,1.6242
2024-02-21,SGD,1.095
2024-02-21,CAD,1.1282
2024-02-22,AUD,1.0179
2024-02-22,USD,1.4869
2024-02-22,GBP,1.9316
2024-02-22,EUR,1.6329
2024-02-22,SGD,1.139
2024-02-22,CAD,1.1035
2024-02-23,AUD,0.999
2024-02-23,USD,1.5039
2024-02-23,GBP,1.947
2024-02-23,EUR,1.6984
2024-02-23,SGD,1.1636
2024-02-23,CAD,1.0958
2024-02-24,AUD,0.9973
2024-02-24,USD,1.4834
2024-02-24,GBP,1.968
2024-02-24,EUR,1.6245
2024-02-24,SGD,1.1591
2024-02-24,CAD,1.1287
2024-02-25,AUD,0.999
2024-02-25,USD,1.4991
2024-02-25,GBP,1.9367
2024-02-25,EUR,1.624
2024-02-25,SGD,1.1275
2024-02-25,CAD,1.0934
2024-02-26,AUD,0.9999
2024-02-26,USD,1.4558
2024-02-26,GBP,1.9348
2024-02-26,EUR,1.6792
2024-02-26,SGD,1.1422
2024-02-26,CAD,1.0897
2024-02-27,AUD,1.002
2024-02-27,USD,1.4737
2024-02-27,GBP,1.9531
2024-02-27,EUR,1.6658
2024-02-27,SGD,1.1094
2024-02-27,CAD,1.1067
2024-02-28,AUD,0.9784
2024-02-28,USD,1.5224
2024-02-28,GBP,1.9132
2024-02-28,EUR,1.6416
2024-02-28,SGD,1.1348
2024-02-28,CAD,1.1293
2024-02-29,AUD,0.9979
2024-02-29,USD,1.544
2024-02-29,GBP,1.9025
2024-02-29,EUR,1.6705
2024-02-29,SGD,1.1369
2024-02-29,CAD,1.0929
2024-03-01,AUD,0.9903
2024-03-01,USD,1.5122
2024-03-01,GBP,1.9774
2024-03-01,EUR,1.686
2024-03-01,SGD,1.1127
2024-03-01,CAD,1.0952
2024-03-02,AUD,1.016
2024-03-02,USD,1.5539
2024-03-02,GBP,1.8837
2024-03-02,EUR,1.6576
2024-03-02,SGD,1.1384
2024-03-02,CAD,1.1006
2024-03-03,AUD,0.9978
2024-03-03,USD,1.5151
2024-03-03,GBP,1.9626
2024-03-03,EUR,1.6557
2024-03-03,SGD,1.1317
2024-03-03,CAD,1.0816
2024-03-04,AUD,0.9928
2024-03-04,USD,1.4662
2024-03-04,GBP,1.9364
2024-03-04,EUR,1.6776
2024-03-04,SGD,1.1359
2024-03-04,CAD,1.0746
2024-03-05,AUD,1.003
2024-03-05,USD,1.533
2024-03-05,GBP,1.9063
2024-03-05,EUR,1.66
2024-03-05,SGD,1.1161
2024-03-05,CAD,1.066
2024-03-06,AUD,0.9953
2024-03-06,USD,1.4674
2024-03-06,GBP,1.8391
2024-03-06,EUR,1.6056
2024-03-06,SGD,1.1277
2024-03-06,CAD,1.1049
2024-03-07,AUD,1.0222
2024-03-07,USD,1.5091
2024-03-07,GBP,1.9196
2024-03-07,EUR,1.6214
2024-03-07,SGD,1.149
2024-03-07,CAD,1.1023
2024-03-08,AUD,0.9912
2024-03-08,USD,1.4985
2024-03-08,GBP,1.9147
2024-03-08,EUR,1.7006
2024-03-08,SGD,1.1571
2024-03-08,CAD,1.0888
2024-03-09,AUD,1.033
2024-03-09,USD,1.5031
2024-03-09,GBP,1.8984
2024-03-09,EUR,1.6785
2024-03-09,SGD,1.1374
2024-03-09,CAD,1.1105
2024-03-10,AUD,1.0307
2024-03-10,USD,1.5223
2024-03-10,GBP,1.9099
2024-03-10,EUR,1.6421
2024-03-10,SGD,1.1201
2024-03-10,CAD,1.1003
2024-03-11,AUD,0.9804
2024-03-11,USD,1.494
2024-03-11,GBP,1.9428
2024-03-11,EUR,1.6842
2024-03-11,SGD,1.1255
2024-03-11,CAD,1.1237
2024-03-12,AUD,0.9869
2024-03-12,USD,1.489
2024-03-12,GBP,1.9134
2024-03-12,EUR,1.6451
2024-03-12,SGD,1.1504
2024-03-12,CAD,1.0186
2024-03-13,AUD,0.999
2024-03-13,USD,1.5274
2024-03-13,GBP,1.9283
2024-03-13,EUR,1.6582
2024-03-13,SGD,1.1492
2024-03-13,CAD,1.0917
2024-03-14,AUD,0.982
2024-03-14,USD,1.5256
2024-03-14,GBP,1.954
2024-03-14,EUR,1.6357
2024-03-14,SGD,1.1411
2024-03-14,CAD,1.0987
2024-03-15,AUD,1.0126
2024-03-15,USD,1.531
2024-03-15,GBP,1.9313
2024-03-15,EUR,1.6194
2024-03-15,SGD,1.1512
2024-03-15,CAD,1.0938
2024-03-16,AUD,0.9925
2024-03-16,USD,1.5125
2024-03-16,GBP,1.9305
2024-03-16,EUR,1.6257
2024-03-16,SGD,1.1623
2024-03-16,CAD,1.1031
2024-03-17,AUD,1.0085
2024-03-17,USD,1.5297
2024-03-17,GBP,1.8946
2024-03-17,EUR,1.6689
2024-03-17,SGD,1.1555
2024-03-17,CAD,1.1124
2024-03-18,AUD,1.0067
2024-03-18,USD,1.4807
2024-03-18,GBP,1.9281
2024-03-18,EUR,1.656
2024-03-18,SGD,1.1439
2024-03-18,CAD,1.084
2024-03-19,AUD,1.0191
2024-03-19,USD,1.5034
2024-03-19,GBP,1.8932
2024-03-19,EUR,1.6423
2024-03-19,SGD,1.1447
2024-03-19,CAD,1.0741
2024-03-20,AUD,0.9974
2024-03-20,USD,1.4847
2024-03-20,GBP,1.9179
2024-03-20,EUR,1.6064
2024-03-20,SGD,1.1399
2024-03-20,CAD,1.0847
2024-03-21,AUD,0.9697
2024-03-21,USD,1.5086
2024-03-21,GBP,1.9087
2024-03-21,EUR,1.6178
2024-03-21,SGD,1.1232
2024-03-21,CAD,1.0833
2024-03-22,AUD,1.0002
2024-03-22,USD,1.5399
2024-03-22,GBP,1.8632
2024-03-22,EUR,1.7129
2024-03-22,SGD,1.1626
2024-03-22,CAD,1.0937
2024-03-23,AUD,0.9927
2024-03-23,USD,1.503
2024-03-23,GBP,1.9251
2024-03-23,EUR,1.6517
2024-03-23,SGD,1.1423
2024-03-23,CAD,1.0807
2024-03-24,AUD,1.0105
2024-03-24,USD,1.5326
2024-03-24,GBP,1.9168
2024-03-24,EUR,1.6285
2024-03-24,SGD,1.1589
2024-03-24,CAD,1.1004
2024-03-25,AUD,1.0034
2024-03-25,USD,1.5117
2024-03-25,GBP,1.9279
2024-03-25,EUR,1.6102
2024-03-25,SGD,1.1387
2024-03-25,CAD,1.0738
2024-03-26,AUD,1.0121
2024-03-26,USD,1.5231
2024-03-26,GBP,1.9343
2024-03-26,EUR,1.6178
2024-03-26,SGD,1.1576
2024-03-26,CAD,1.116
2024-03-27,AUD,0.9815
2024-03-27,USD,1.5367
2024-03-27,GBP,1.8936
2024-03-27,EUR,1.6234
2024-03-27,SGD,1.1278
2024-03-27,CAD,1.099
2024-03-28,AUD,1.0007
2024-03-28,USD,1.5106
2024-03-28,GBP,1.8897
2024-03-28,EUR,1.6245
2024-03-28,SGD,1.1265
2024-03-28,CAD,1.0879
2024-03-29,AUD,0.9977
2024-03-29,USD,1.5233
2024-03-29,GBP,1.9791
2024-03-29,EUR,1.6319
2024-03-29,SGD,1.1304
2024-03-29,CAD,1.0824
2024-03-30,AUD,1.0077
2024-03-30,USD,1.4892
2024-03-30,GBP,1.9405
2024-03-30,EUR,1.6213
2024-03-30,SGD,1.1443
2024-03-30,CAD,1.0908
2024-03-31,AUD,1.0124
2024-03-31,USD,1.5236
2024-03-31,GBP,1.8977
2024-03-31,EUR,1.6445
2024-03-31,SGD,1.1371
2024-03-31,CAD,1.081
2024-04-01,AUD,1.013
2024-04-01,USD,1.5076
2024-04-01,GBP,1.889
2024-04-01,EUR,1.6617
2024-04-01,SGD,1.1424
2024-04-01,CAD,1.1052
2024-04-02,AUD,0.9827
2024-04-02,USD,1.5079
2024-04-02,GBP,1.9263
2024-04-02,EUR,1.6808
2024-04-02,SGD,1.1336
2024-04-02,CAD,1.1201
2024-04-03,AUD,0.9805
2024-04-03,USD,1.4824
2024-04-03,GBP,1.8857
2024-04-03,EUR,1.6339
2024-04-03,SGD,1.1234
2024-04-03,CAD,1.1138
2024-04-04,AUD,1.0121
2024-04-04,USD,1.5262
2024-04-04,GBP,1.8934
2024-04-04,EUR,1.6475
2024-04-04,SGD,1.1294
2024-04-04,CAD,1.0905
2024-04-05,AUD,0.9906
2024-04-05,USD,1.5264
2024-04-05,GBP,1.9546
2024-04-05,EUR,1.6276
2024-04-05,SGD,1.1163
2024-04-05,CAD,1.0958
2024-04-06,AUD,1.0157
2024-04-06,USD,1.5429
2024-04-06,GBP,1.8858
2024-04-06,EUR,1.6199
2024-04-06,SGD,1.1373
2024-04-06,CAD,1.0911
2024-04-07,AUD,0.987
2024-04-07,USD,1.5021
2024-04-07,GBP,1.9102
2024-04-07,EUR,1.6294
2024-04-07,SGD,1.1362
2024-04-07,CAD,1.0938
2024-04-08,AUD,1.0032
2024-04-08,USD,1.4748
2024-04-08,GBP,1.9346
2024-04-08,EUR,1.6498
2024-04-08,SGD,1.159
2024-04-08,CAD,1.1281
2024-04-09,AUD,1.0096
2024-04-09,USD,1.515
2024-04-09,GBP,1.9191
2024-04-09,EUR,1.6989
2024-04-09,SGD,1.129
2024-04-09,CAD,1.0958
2024-04-10,AUD,0.9899
2024-04-10,USD,1.496
2024-04-10,GBP,1.9166
2024-04-10,EUR,1.6315
2024-04-10,SGD,1.1657
2024-04-10,CAD,1.0909
2024-04-11,AUD,0.9938
2024-04-11,USD,1.5301
2024-04-11,GBP,1.882
2024-04-11,EUR,1.6687
2024-04-11,SGD,1.1461
2024-04-11,CAD,1.1111
2024-04-12,AUD,1.0118
2024-04-12,USD,1.4653
2024-04-12,GBP,1.9283
2024-04-12,EUR,1.6389
2024-04-12,SGD,1.1359
2024-04-12,CAD,1.1056
2024-04-13,AUD,0.9797
2024-04-13,USD,1.4846
2024-04-13,GBP,1.9422
2024-04-13,EUR,1.6487
2024-04-13,SGD,1.1278
2024-04-13,CAD,1.0839
2024-04-14,AUD,0.994
2024-04-14,USD,1.5251
2024-04-14,GBP,1.9407
2024-04-14,EUR,1.6574
2024-04-14,SGD,1.1471
2024-04-14,CAD,1.0904
2024-04-15,AUD,1.0237
2024-04-15,USD,1.4836
2024-04-15,GBP,1.9577
2024-04-15,EUR,1.6475
2024-04-15,SGD,1.1475
2024-04-15,CAD,1.1225
2024-04-16,AUD,0.9835
2024-04-16,USD,1.4775
2024-04-16,GBP,1.9276
2024-04-16,EUR,1.6718
2024-04-16,SGD,1.1176
2024-04-16,CAD,1.091
2024-04-17,AUD,0.999
2024-04-17,USD,1.511
2024-04-17,GBP,1.886
2024-04-17,EUR,1.6216
2024-04-17,SGD,1.1105
2024-04-17,CAD,1.1009
2024-04-18,AUD,0.9955
2024-04-18,USD,1.5067
2024-04-18,GBP,1.8886
2024-04-18,EUR,1.6985
2024-04-18,SGD,1.1465
2024-04-18,CAD,1.1116
2024-04-19,AUD,0.9855
2024-04-19,USD,1.5143
2024-04-19,GBP,1.9055
2024-04-19,EUR,1.6299
2024-04-19,SGD,1.1215
2024-04-19,CAD,1.0962
2024-04-20,AUD,0.9896
2024-04-20,USD,1.4529
2024-04-20,GBP,1.8893
2024-04-20,EUR,1.652
2024-04-20,SGD,1.1549
2024-04-20,CAD,1.1277
2024-04-21,AUD,0.9877
2024-04-21,USD,1.5438
2024-04-21,GBP,1.9302
2024-04-21,EUR,1.6514
2024-04-21,SGD,1.1363
2024-04-21,CAD,1.0678
2024-04-22,AUD,0.9885
2024-04-22,USD,1.5268
2024-04-22,GBP,1.8773
2024-04-22,EUR,1.6747
2024-04-22,SGD,1.1398
2024-04-22,CAD,1.0993
2024-04-23,AUD,1.0174
2024-04-23,USD,1.4628
2024-04-23,GBP,1.8944
2024-04-23,EUR,1.7274
2024-04-23,SGD,1.1669
2024-04-23,CAD,1.0832
2024-04-24,AUD,0.9873
2024-04-24,USD,1.4936
2024-04-24,GBP,1.9233
2024-04-24,EUR,1.6739
2024-04-24,SGD,1.1487
2024-04-24,CAD,1.0997
2024-04-25,AUD,0.9708
2024-04-25,USD,1.4802
2024-04-25,GBP,1.892
2024-04-25,EUR,1.6264
2024-04-25,SGD,1.1439
2024-04-25,CAD,1.0798
2024-04-26,AUD,0.9844
2024-04-26,USD,1.4876
2024-04-26,GBP,1.8922
2024-04-26,EUR,1.6671
2024-04-26,SGD,1.1648
2024-04-26,CAD,1.0639
2024-04-27,AUD,1.0046
2024-04-27,USD,1.5414
2024-04-27,GBP,1.9022
2024-04-27,EUR,1.6285
2024-04-27,SGD,1.1069
2024-04-27,CAD,1.1235
2024-04-28,AUD,0.972
2024-04-28,USD,1.5413
2024-04-28,GBP,1.915
2024-04-28,EUR,1.6395
2024-04-28,SGD,1.145
2024-04-28,CAD,1.0982
2024-04-29,AUD,0.9814
2024-04-29,USD,1.4779
2024-04-29,GBP,1.9625
2024-04-29,EUR,1.6296
2024-04-29,SGD,1.1204
2024-04-29,CAD,1.1127
2024-04-30,AUD,1.0035
2024-04-30,USD,1.5146
2024-04-30,GBP,1.9419
2024-04-30,EUR,1.6899
2024-04-30,SGD,1.1518
2024-04-30,CAD,1.1071
2024-05-01,AUD,1.0004
2024-05-01,USD,1.5572
2024-05-01,GBP,1.9526
2024-05-01,EUR,1.6247
2024-05-01,SGD,1.1302
2024-05-01,CAD,1.1
2024-05-02,AUD,0.9914
2024-05-02,USD,1.5184
2024-05-02,GBP,1.8831
2024-05-02,EUR,1.7012
2024-05-02,SGD,1.1349
2024-05-02,CAD,1.1148
2024-05-03,AUD,1.0147
2024-05-03,USD,1.4851
2024-05-03,GBP,1.9482
2024-05-03,EUR,1.6036
2024-05-03,SGD,1.1662
2024-05-03,CAD,1.0803
2024-05-04,AUD,0.9735
2024-05-04,USD,1.5428
2024-05-04,GBP,1.9107
2024-05-04,EUR,1.6223
2024-05-04,SGD,1.1456
2024-05-04,CAD,1.1067
2024-05-05,AUD,1.0065
2024-05-05,USD,1.5075
2024-05-05,GBP,1.929
2024-05-05,EUR,1.6281
2024-05-05,SGD,1.1355
2024-05-05,CAD,1.1172
2024-05-06,AUD,1.0072
2024-05-06,USD,1.5389
2024-05-06,GBP,1.907
2024-05-06,EUR,1.6899
2024-05-06,SGD,1.1454
2024-05-06,CAD,1.1205
2024-05-07,AUD,1.0173
2024-05-07,USD,1.4901
2024-05-07,GBP,1.9886
2024-05-07,EUR,1.6739
2024-05-07,SGD,1.1419
2024-05-07,CAD,1.0968
2024-05-08,AUD,0.9962
2024-05-08,USD,1.5196
2024-05-08,GBP,1.9515
2024-05-08,EUR,1.63
2024-05-08,SGD,1.1207
2024-05-08,CAD,1.0955
2024-05-09,AUD,0.9697
2024-05-09,USD,1.5598
2024-05-09,GBP,1.8972
2024-05-09,EUR,1.6684
2024-05-09,SGD,1.1682
2024-05-09,CAD,1.087
2024-05-10,AUD,0.9921
2024-05-10,USD,1.5176
2024-05-10,GBP,1.9062
2024-05-10,EUR,1.6924
2024-05-10,SGD,1.13
2024-05-10,CAD,1.0843
2024-05-11,AUD,1.0171
2024-05-11,USD,1.511
2024-05-11,GBP,1.9219
2024-05-11,EUR,1.6789
2024-05-11,SGD,1.1451
2024-05-11,CAD,1.11
2024-05-12,AUD,0.9938
2024-05-12,USD,1.4941
2024-05-12,GBP,1.9312
2024-05-12,EUR,1.6871
2024-05-12,SGD,1.1559
2024-05-12,CAD,1.1097
2024-05-13,AUD,0.9727
2024-05-13,USD,1.5189
2024-05-13,GBP,1.9118
2024-05-13,EUR,1.6351
2024-05-13,SGD,1.0903
2024-05-13,CAD,1.0945
2024-05-14,AUD,0.985
2024-05-14,USD,1.5563
2024-05-14,GBP,1.8864
2024-05-14,EUR,1.6448
2024-05-14,SGD,1.1282
2024-05-14,CAD,1.1143
2024-05-15,AUD,0.9808
2024-05-15,USD,1.5063
2024-05-15,GBP,1.9564
2024-05-15,EUR,1.632
2024-05-15,SGD,1.1125
2024-05-15,CAD,1.0906
2024-05-16,AUD,1.0016
2024-05-16,USD,1.5006
2024-05-16,GBP,1.8866
2024-05-16,EUR,1.6513
2024-05-16,SGD,1.1706
2024-05-16,CAD,1.0965
2024-05-17,AUD,1.0217
2024-05-17,USD,1.5342
2024-05-17,GBP,1.898
2024-05-17,EUR,1.6668
2024-05-17,SGD,1.1565
2024-05-17,CAD,1.1163
2024-05-18,AUD,0.9969
2024-05-18,USD,1.5273
2024-05-18,GBP,1.9099
2024-05-18,EUR,1.6502
2024-05-18,SGD,1.1269
2024-05-18,CAD,1.0778
2024-05-19,AUD,1.0126
2024-05-19,USD,1.503
2024-05-19,GBP,1.8803
2024-05-19,EUR,1.6481
2024-05-19,SGD,1.1838
2024-05-19,CAD,1.0948
2024-05-20,AUD,1.0012
2024-05-20,USD,1.5086
2024-05-20,GBP,1.9055
2024-05-20,EUR,1.6487
2024-05-20,SGD,1.1702
2024-05-20,CAD,1.0891
2024-05-21,AUD,0.9768
2024-05-21,USD,1.4755
2024-05-21,GBP,1.9981
2024-05-21,EUR,1.6735
2024-05-21,SGD,1.1305
2024-05-21,CAD,1.107
2024-05-22,AUD,0.9916
2024-05-22,USD,1.5287
2024-05-22,GBP,1.9081
2024-05-22,EUR,1.6695
2024-05-22,SGD,1.1735
2024-05-22,CAD,1.0969
2024-05-23,AUD,1.0166
2024-05-23,USD,1.4972
2024-05-23,GBP,1.9141
2024-05-23,EUR,1.6206
2024-05-23,SGD,1.1694
2024-05-23,CAD,1.0809
2024-05-24,AUD,1.0116
2024-05-24,USD,1.4988
2024-05-24,GBP,1.8857
2024-05-24,EUR,1.6509
2024-05-24,SGD,1.1144
2024-05-24,CAD,1.078
2024-05-25,AUD,1.0191
2024-05-25,USD,1.4977
2024-05-25,GBP,1.9021
2024-05-25,EUR,1.6266
2024-05-25,SGD,1.1457
2024-05-25,CAD,1.1153
2024-05-26,AUD,0.9909
2024-05-26,USD,1.5168
2024-05-26,GBP,1.9352
2024-05-26,EUR,1.6722
2024-05-26,SGD,1.1386
2024-05-26,CAD,1.0767
2024-05-27,AUD,0.9851
2024-05-27,USD,1.5279
2024-05-27,GBP,1.9644
2024-05-27,EUR,1.6409
2024-05-27,SGD,1.1599
2024-05-27,CAD,1.1079
2024-05-28,AUD,1.0431
2024-05-28,USD,1.5212
2024-05-28,GBP,1.9352
2024-05-28,EUR,1.6286
2024-05-28,SGD,1.1462
2024-05-28,CAD,1.1041
2024-05-29,AUD,1.0034
2024-05-29,USD,1.4926
2024-05-29,GBP,1.9015
2024-05-29,EUR,1.676
2024-05-29,SGD,1.1253
2024-05-29,CAD,1.0858
2024-05-30,AUD,0.9761
2024-05-30,USD,1.5051
2024-05-30,GBP,1.8855
2024-05-30,EUR,1.6989
2024-05-30,SGD,1.1646
2024-05-30,CAD,1.0907
2024-05-31,AUD,1.0032
2024-05-31,USD,1.5087
2024-05-31,GBP,1.93
2024-05-31,EUR,1.6296
2024-05-31,SGD,1.1487
2024-05-31,CAD,1.1358
2024-06-01,AUD,0.9749
2024-06-01,USD,1.4951
2024-06-01,GBP,1.9247
2024-06-01,EUR,1.6688
2024-06-01,SGD,1.1128
2024-06-01,CAD,1.0917
2024-06-02,AUD,0.99
2024-06-02,USD,1.4801
2024-06-02,GBP,1.8533
2024-06-02,EUR,1.6443
2024-06-02,SGD,1.134
2024-06-02,CAD,1.0751
2024-06-03,AUD,1.0007
2024-06-03,USD,1.5333
2024-06-03,GBP,1.8852
2024-06-03,EUR,1.609
2024-06-03,SGD,1.1142
2024-06-03,CAD,1.0769
2024-06-04,AUD,0.9848
2024-06-04,USD,1.5517
2024-06-04,GBP,1.8895
2024-06-04,EUR,1.6199
2024-06-04,SGD,1.1636
2024-06-04,CAD,1.0833
2024-06-05,AUD,1.0092
2024-06-05,USD,1.5141
2024-06-05,GBP,1.8703
2024-06-05,EUR,1.5948
2024-06-05,SGD,1.1518
2024-06-05,CAD,1.1082
2024-06-06,AUD,0.9967
2024-06-06,USD,1.4824
2024-06-06,GBP,1.9214
2024-06-06,EUR,1.6272
2024-06-06,SGD,1.1342
2024-06-06,CAD,1.0955
2024-06-07,AUD,0.9793
2024-06-07,USD,1.5159
2024-06-07,GBP,1.975
2024-06-07,EUR,1.6552
2024-06-07,SGD,1.1156
2024-06-07,CAD,1.1045
2024-06-08,AUD,1.0183
2024-06-08,USD,1.5257
2024-06-08,GBP,1.9059
2024-06-08,EUR,1.6812
2024-06-08,SGD,1.1764
2024-06-08,CAD,1.0632
2024-06-09,AUD,1.0181
2024-06-09,USD,1.5385
2024-06-09,GBP,1.953
2024-06-09,EUR,1.6468
2024-06-09,SGD,1.1514
2024-06-09,CAD,1.0893
2024-06-10,AUD,1.0089
2024-06-10,USD,1.4948
2024-06-10,GBP,1.9514
2024-06-10,EUR,1.6639
2024-06-10,SGD,1.1311
2024-06-10,CAD,1.1074
2024-06-11,AUD,1.0052
2024-06-11,USD,1.499
2024-06-11,GBP,1.8955
2024-06-11,EUR,1.6737
2024-06-11,SGD,1.141
2024-06-11,CAD,1.0796
2024-06-12,AUD,0.9972
2024-06-12,USD,1.4936
2024-06-12,GBP,1.94
2024-06-12,EUR,1.6526
2024-06-12,SGD,1.1787
2024-06-12,CAD,1.081
2024-06-13,AUD,0.9941
2024-06-13,USD,1.5326
2024-06-13,GBP,1.8944
2024-06-13,EUR,1.6549
2024-06-13,SGD,1.1462
2024-06-13,CAD,1.1002
2024-06-14,AUD,0.9884
2024-06-14,USD,1.5478
2024-06-14,GBP,1.9318
2024-06-14,EUR,1.6694
2024-06-14,SGD,1.1497
2024-06-14,CAD,1.1441
2024-06-15,AUD,0.9877
2024-06-15,USD,1.544
2024-06-15,GBP,1.9307
2024-06-15,EUR,1.6467
2024-06-15,SGD,1.1509
2024-06-15,CAD,1.086
2024-06-16,AUD,1.0077
2024-06-16,USD,1.512
2024-06-16,GBP,1.921
2024-06-16,EUR,1.6682
2024-06-16,SGD,1.1752
2024-06-16,CAD,1.0951
2024-06-17,AUD,1.0062
2024-06-17,USD,1.5141
2024-06-17,GBP,1.8975
2024-06-17,EUR,1.6342
2024-06-17,SGD,1.1557
2024-06-17,CAD,1.0944
2024-06-18,AUD,0.991
2024-06-18,USD,1.5059
2024-06-18,GBP,1.9235
2024-06-18,EUR,1.665
2024-06-18,SGD,1.1135
2024-06-18,CAD,1.1024
2024-06-19,AUD,1.0039
2024-06-19,USD,1.5551
2024-06-19,GBP,1.9341
2024-06-19,EUR,1.6597
2024-06-19,SGD,1.1129
2024-06-19,CAD,1.1338
2024-06-20,AUD,0.9877
2024-06-20,USD,1.5269
2024-06-20,GBP,1.9577
2024-06-20,EUR,1.6532
2024-06-20,SGD,1.1622
2024-06-20,CAD,1.1077
2024-06-21,AUD,1.0146
2024-06-21,USD,1.4916
2024-06-21,GBP,1.895
2024-06-21,EUR,1.6532
2024-06-21,SGD,1.1593
2024-06-21,CAD,1.0915
2024-06-22,AUD,1.0078
2024-06-22,USD,1.5148
2024-06-22,GBP,1.9136
2024-06-22,EUR,1.6675
2024-06-22,SGD,1.1482
2024-06-22,CAD,1.087
2024-06-23,AUD,0.9966
2024-06-23,USD,1.5006
2024-06-23,GBP,1.9176
2024-06-23,EUR,1.6357
2024-06-23,SGD,1.1473
2024-06-23,CAD,1.1001
2024-06-24,AUD,0.9916
2024-06-24,USD,1.5063
2024-06-24,GBP,1.898
2024-06-24,EUR,1.6471
2024-06-24,SGD,1.1398
2024-06-24,CAD,1.0907
2024-06-25,AUD,0.969
2024-06-25,USD,1.4645
2024-06-25,GBP,1.948
2024-06-25,EUR,1.6452
2024-06-25,SGD,1.1319
2024-06-25,CAD,1.1036
2024-06-26,AUD,1.0007
2024-06-26,USD,1.5187
2024-06-26,GBP,1.9258
2024-06-26,EUR,1.6836
2024-06-26,SGD,1.1406
2024-06-26,CAD,1.1381
2024-06-27,AUD,0.9828
2024-06-27,USD,1.4966
2024-06-27,GBP,1.9726
2024-06-27,EUR,1.6689
2024-06-27,SGD,1.1345
2024-06-27,CAD,1.0941
2024-06-28,AUD,1.0147
2024-06-28,USD,1.5343
2024-06-28,GBP,1.8689
2024-06-28,EUR,1.6629
2024-06-28,SGD,1.1303
2024-06-28,CAD,1.1337
2024-06-29,AUD,1.0128
2024-06-29,USD,1.51
2024-06-29,GBP,1.9484
2024-06-29,EUR,1.6656
2024-06-29,SGD,1.1623
2024-06-29,CAD,1.0829
2024-06-30,AUD,0.9886
2024-06-30,USD,1.5301
2024-06-30,GBP,1.9161
2024-06-30,EUR,1.6412
2024-06-30,SGD,1.1401
2024-06-30,CAD,1.0972
2024-07-01,AUD,1.0116
2024-07-01,USD,1.4755
2024-07-01,GBP,1.8865
2024-07-01,EUR,1.6508
2024-07-01,SGD,1.1447
2024-07-01,CAD,1.0919
2024-07-02,AUD,0.9897
2024-07-02,USD,1.4789
2024-07-02,GBP,1.9474
2024-07-02,EUR,1.6253
2024-07-02,SGD,1.1535
2024-07-02,CAD,1.0973
2024-07-03,AUD,1.0098
2024-07-03,USD,1.4774
2024-07-03,GBP,1.9335
2024-07-03,EUR,1.6604
2024-07-03,SGD,1.1393
2024-07-03,CAD,1.1459
2024-07-04,AUD,0.9877
2024-07-04,USD,1.55
2024-07-04,GBP,1.9135
2024-07-04,EUR,1.7458
2024-07-04,SGD,1.1713
2024-07-04,CAD,1.144
2024-07-05,AUD,1.0217
2024-07-05,USD,1.5508
2024-07-05,GBP,1.932
2024-07-05,EUR,1.6561
2024-07-05,SGD,1.1345
2024-07-05,CAD,1.0931
2024-07-06,AUD,0.9974
2024-07-06,USD,1.5204
2024-07-06,GBP,1.9227
2024-07-06,EUR,1.7088
2024-07-06,SGD,1.1547
2024-07-06,CAD,1.1276
2024-07-07,AUD,0.9974
2024-07-07,USD,1.5063
2024-07-07,GBP,1.9409
2024-07-07,EUR,1.6804
2024-07-07,SGD,1.1466
2024-07-07,CAD,1.0898
2024-07-08,AUD,1.0087
2024-07-08,USD,1.4783
2024-07-08,GBP,1.9065
2024-07-08,EUR,1.6881
2024-07-08,SGD,1.1527
2024-07-08,CAD,1.0911
2024-07-09,AUD,1.0193
2024-07-09,USD,1.5069
2024-07-09,GBP,1.9305
2024-07-09,EUR,1.6294
2024-07-09,SGD,1.1366
2024-07-09,CAD,1.1153
2024-07-10,AUD,0.9734
2024-07-10,USD,1.5657
2024-07-10,GBP,1.9264
2024-07-10,EUR,1.6838
2024-07-10,SGD,1.1263
2024-07-10,CAD,1.0928
2024-07-11,AUD,1.0071
2024-07-11,USD,1.5039
2024-07-11,GBP,1.9496
2024-07-11,EUR,1.6618
2024-07-11,SGD,1.1446
2024-07-11,CAD,1.1184
2024-07-12,AUD,1.0046
2024-07-12,USD,1.5168
2024-07-12,GBP,1.9704
2024-07-12,EUR,1.6174
2024-07-12,SGD,1.1677
2024-07-12,CAD,1.0943
2024-07-13,AUD,1.0005
2024-07-13,USD,1.5145
2024-07-13,GBP,1.9182
2024-07-13,EUR,1.6303
2024-07-13,SGD,1.1375
2024-07-13,CAD,1.0989
2024-07-14,AUD,0.9899
2024-07-14,USD,1.5254
2024-07-14,GBP,1.9443
2024-07-14,EUR,1.6304
2024-07-14,SGD,1.1549
2024-07-14,CAD,1.0901
2024-07-15,AUD,1.0039
2024-07-15,USD,1.5263
2024-07-15,GBP,1.8935
2024-07-15,EUR,1.6669
2024-07-15,SGD,1.1502
2024-07-15,CAD,1.0954
2024-07-16,AUD,0.9846
2024-07-16,USD,1.5254
2024-07-16,GBP,1.912
2024-07-16,EUR,1.6229
2024-07-16,SGD,1.1742
2024-07-16,CAD,1.1227
2024-07-17,AUD,1.0013
2024-07-17,USD,1.5183
2024-07-17,GBP,1.9137
2024-07-17,EUR,1.6699
2024-07-17,SGD,1.1387
2024-07-17,CAD,1.104
2024-07-18,AUD,1.0169
2024-07-18,USD,1.4874
2024-07-18,GBP,1.9126
2024-07-18,EUR,1.6452
2024-07-18,SGD,1.1624
2024-07-18,CAD,1.0835
2024-07-19,AUD,0.9862
2024-07-19,USD,1.5156
2024-07-19,GBP,1.9035
2024-07-19,EUR,1.6429
2024-07-19,SGD,1.1378
2024-07-19,CAD,1.1128
2024-07-20,AUD,0.9866
2024-07-20,USD,1.5182
2024-07-20,GBP,2.0152
2024-07-20,EUR,1.6719
2024-07-20,SGD,1.1386
2024-07-20,CAD,1.1279
2024-07-21,AUD,1.0025
2024-07-21,USD,1.4979
2024-07-21,GBP,1.9155
2024-07-21,EUR,1.6453
2024-07-21,SGD,1.1301
2024-07-21,CAD,1.1138
2024-07-22,AUD,0.9984
2024-07-22,USD,1.4981
2024-07-22,GBP,1.94
2024-07-22,EUR,1.6647
2024-07-22,SGD,1.1286
2024-07-22,CAD,1.1214
2024-07-23,AUD,0.9972
2024-07-23,USD,1.516
2024-07-23,GBP,1.8743
2024-07-23,EUR,1.6202
2024-07-23,SGD,1.142
2024-07-23,CAD,1.0961
2024-07-24,AUD,1.0161
2024-07-24,USD,1.4633
2024-07-24,GBP,1.9355
2024-07-24,EUR,1.6556
2024-07-24,SGD,1.1404
2024-07-24,CAD,1.099
2024-07-25,AUD,1.0035
2024-07-25,USD,1.5042
2024-07-25,GBP,1.9106
2024-07-25,EUR,1.6307
2024-07-25,SGD,1.1368
2024-07-25,CAD,1.0765
2024-07-26,AUD,0.9864
2024-07-26,USD,1.5431
2024-07-26,GBP,1.9272
2024-07-26,EUR,1.6538
2024-07-26,SGD,1.0865
2024-07-26,CAD,1.103
2024-07-27,AUD,1.0024
2024-07-27,USD,1.4869
2024-07-27,GBP,1.8747
2024-07-27,EUR,1.6353
2024-07-27,SGD,1.1441
2024-07-27,CAD,1.0769
2024-07-28,AUD,1.0076
2024-07-28,USD,1.5022
2024-07-28,GBP,1.9072
2024-07-28,EUR,1.631
2024-07-28,SGD,1.1086
2024-07-28,CAD,1.1004
2024-07-29,AUD,0.9684
2024-07-29,USD,1.5186
2024-07-29,GBP,1.8419
2024-07-29,EUR,1.6281
2024-07-29,SGD,1.1381
2024-07-29,CAD,1.1059
2024-07-30,AUD,1.0052
2024-07-30,USD,1.506
2024-07-30,GBP,1.927
2024-07-30,EUR,1.6612
2024-07-30,SGD,1.1606
2024-07-30,CAD,1.083
2024-07-31,AUD,1.0157
2024-07-31,USD,1.5026
2024-07-31,GBP,1.8853
2024-07-31,EUR,1.6955
2024-07-31,SGD,1.1248
2024-07-31,CAD,1.0794
2024-08-01,AUD,1.0068
2024-08-01,USD,1.503
2024-08-01,GBP,1.9744
2024-08-01,EUR,1.6347
2024-08-01,SGD,1.1247
2024-08-01,CAD,1.1089
2024-08-02,AUD,1.0106
2024-08-02,USD,1.4938
2024-08-02,GBP,1.9463
2024-08-02,EUR,1.6821
2024-08-02,SGD,1.1314
2024-08-02,CAD,1.1201
2024-08-03,AUD,1.0023
2024-08-03,USD,1.5105
2024-08-03,GBP,1.8634
2024-08-03,EUR,1.6781
2024-08-03,SGD,1.164
2024-08-03,CAD,1.0783
2024-08-04,AUD,0.9884
2024-08-04,USD,1.5029
2024-08-04,GBP,1.9126
2024-08-04,EUR,1.6135
2024-08-04,SGD,1.1595
2024-08-04,CAD,1.0953
2024-08-05,AUD,0.9969
2024-08-05,USD,1.5147
2024-08-05,GBP,1.9042
2024-08-05,EUR,1.6272
2024-08-05,SGD,1.1345
2024-08-05,CAD,1.1111
2024-08-06,AUD,1.006
2024-08-06,USD,1.4789
2024-08-06,GBP,1.9207
2024-08-06,EUR,1.6143
2024-08-06,SGD,1.1281
2024-08-06,CAD,1.1182
2024-08-07,AUD,0.9832
2024-08-07,USD,1.5187
2024-08-07,GBP,1.9413
2024-08-07,EUR,1.6652
2024-08-07,SGD,1.1412
2024-08-07,CAD,1.1017
2024-08-08,AUD,1.0241
2024-08-08,USD,1.5497
2024-08-08,GBP,1.8854
2024-08-08,EUR,1.6475
2024-08-08,SGD,1.1155
2024-08-08,CAD,1.0892
2024-08-09,AUD,0.9724
2024-08-09,USD,1.5688
2024-08-09,GBP,1.945
2024-08-09,EUR,1.6201
2024-08-09,SGD,1.1548
2024-08-09,CAD,1.0793
2024-08-10,AUD,1.0019
2024-08-10,USD,1.5236
2024-08-10,GBP,1.928
2024-08-10,EUR,1.6954
2024-08-10,SGD,1.1397
2024-08-10,CAD,1.0832
2024-08-11,AUD,0.9983
2024-08-11,USD,1.5291
2024-08-11,GBP,1.9168
2024-08-11,EUR,1.6706
2024-08-11,SGD,1.1594
2024-08-11,CAD,1.1092
2024-08-12,AUD,1.0072
2024-08-12,USD,1.5566
2024-08-12,GBP,1.9235
2024-08-12,EUR,1.7008
2024-08-12,SGD,1.1141
2024-08-12,CAD,1.1034
2024-08-13,AUD,1.0183
2024-08-13,USD,1.5242
2024-08-13,GBP,1.9177
2024-08-13,EUR,1.6382
2024-08-13,SGD,1.126
2024-08-13,CAD,1.0972
2024-08-14,AUD,1.0005
2024-08-14,USD,1.5047
2024-08-14,GBP,1.9226
2024-08-14,EUR,1.6919
2024-08-14,SGD,1.1377
2024-08-14,CAD,1.1315
2024-08-15,AUD,1.0046
2024-08-15,USD,1.4974
2024-08-15,GBP,1.9402
2024-08-15,EUR,1.6672
2024-08-15,SGD,1.1405
2024-08-15,CAD,1.096
2024-08-16,AUD,0.9931
2024-08-16,USD,1.4793
2024-08-16,GBP,1.8761
2024-08-16,EUR,1.6848
2024-08-16,SGD,1.1437
2024-08-16,CAD,1.0989
2024-08-17,AUD,1.0286
2024-08-17,USD,1.4825
2024-08-17,GBP,1.9341
2024-08-17,EUR,1.638
2024-08-17,SGD,1.1429
2024-08-17,CAD,1.0933
2024-08-18,AUD,0.9825
2024-08-18,USD,1.5119
2024-08-18,GBP,1.9308
2024-08-18,EUR,1.6602
2024-08-18,SGD,1.1178
2024-08-18,CAD,1.1125
2024-08-19,AUD,1.0204
2024-08-19,USD,1.5031
2024-08-19,GBP,1.9055
2024-08-19,EUR,1.6152
2024-08-19,SGD,1.1549
2024-08-19,CAD,1.1222
2024-08-20,AUD,1.0032
2024-08-20,USD,1.4763
2024-08-20,GBP,1.972
2024-08-20,EUR,1.6596
2024-08-20,SGD,1.1323
2024-08-20,CAD,1.097
2024-08-21,AUD,0.9951
2024-08-21,USD,1.5216
2024-08-21,GBP,1.9499
2024-08-21,EUR,1.642
2024-08-21,SGD,1.1362
2024-08-21,CAD,1.1002
2024-08-22,AUD,0.9949
2024-08-22,USD,1.4692
2024-08-22,GBP,1.9442
2024-08-22,EUR,1.6506
2024-08-22,SGD,1.1242
2024-08-22,CAD,1.1131
2024-08-23,AUD,0.9875
2024-08-23,USD,1.4978
2024-08-23,GBP,1.9253
2024-08-23,EUR,1.6513
2024-08-23,SGD,1.1561
2024-08-23,CAD,1.1366
2024-08-24,AUD,0.9925
2024-08-24,USD,1.4735
2024-08-24,GBP,1.9552
2024-08-24,EUR,1.6494
2024-08-24,SGD,1.1296
2024-08-24,CAD,1.1088
2024-08-25,AUD,1.0031
2024-08-25,USD,1.509
2024-08-25,GBP,1.8699
2024-08-25,EUR,1.657
2024-08-25,SGD,1.132
2024-08-25,CAD,1.0921
2024-08-26,AUD,1.0169
2024-08-26,USD,1.4539
2024-08-26,GBP,1.9457
2024-08-26,EUR,1.6654
2024-08-26,SGD,1.15
2024-08-26,CAD,1.0615
2024-08-27,AUD,0.9988
2024-08-27,USD,1.5046
2024-08-27,GBP,1.8782
2024-08-27,EUR,1.6175
2024-08-27,SGD,1.1065
2024-08-27,CAD,1.1049
2024-08-28,AUD,1.0009
2024-08-28,USD,1.5369
2024-08-28,GBP,1.9347
2024-08-28,EUR,1.644
2024-08-28,SGD,1.1399
2024-08-28,CAD,1.1185
2024-08-29,AUD,0.9859
2024-08-29,USD,1.4994
2024-08-29,GBP,1.8646
2024-08-29,EUR,1.6353
2024-08-29,SGD,1.1843
2024-08-29,CAD,1.1232
2024-08-30,AUD,1.0111
2024-08-30,USD,1.5393
2024-08-30,GBP,1.8749
2024-08-30,EUR,1.6347
2024-08-30,SGD,1.104
2024-08-30,CAD,1.0992
2024-08-31,AUD,1.0057
2024-08-31,USD,1.4825
2024-08-31,GBP,1.9366
2024-08-31,EUR,1.6377
2024-08-31,SGD,1.1478
2024-08-31,CAD,1.099
2024-09-01,AUD,1.0156
2024-09-01,USD,1.495
2024-09-01,GBP,1.9263
2024-09-01,EUR,1.665
2024-09-01,SGD,1.0899
2024-09-01,CAD,1.0968
2024-09-02,AUD,0.9758
2024-09-02,USD,1.5152
2024-09-02,GBP,1.8999
2024-09-02,EUR,1.6458
2024-09-02,SGD,1.1186
2024-09-02,CAD,1.0888
2024-09-03,AUD,1.0087
2024-09-03,USD,1.5183
2024-09-03,GBP,1.9264
2024-09-03,EUR,1.6577
2024-09-03,SGD,1.119
2024-09-03,CAD,1.0901
2024-09-04,AUD,1.0068
2024-09-04,USD,1.5052
2024-09-04,GBP,1.918
2024-09-04,EUR,1.6716
2024-09-04,SGD,1.1133
2024-09-04,CAD,1.0688
2024-09-05,AUD,0.9784
2024-09-05,USD,1.486
2024-09-05,GBP,1.89
2024-09-05,EUR,1.632
2024-09-05,SGD,1.1289
2024-09-05,CAD,1.0714
2024-09-06,AUD,0.9787
2024-09-06,USD,1.5206
2024-09-06,GBP,1.8766
2024-09-06,EUR,1.6499
2024-09-06,SGD,1.1401
2024-09-06,CAD,1.1116
2024-09-07,AUD,0.999
2024-09-07,USD,1.4973
2024-09-07,GBP,1.8837
2024-09-07,EUR,1.6701
2024-09-07,SGD,1.121
2024-09-07,CAD,1.1068
2024-09-08,AUD,0.9955
2024-09-08,USD,1.5338
2024-09-08,GBP,1.9174
2024-09-08,EUR,1.6308
2024-09-08,SGD,1.1458
2024-09-08,CAD,1.0945
2024-09-09,AUD,1.0192
2024-09-09,USD,1.5091
2024-09-09,GBP,1.9427
2024-09-09,EUR,1.6519
2024-09-09,SGD,1.1013
2024-09-09,CAD,1.0783
2024-09-10,AUD,1.0017
2024-09-10,USD,1.5251
2024-09-10,GBP,1.8878
2024-09-10,EUR,1.5999
2024-09-10,SGD,1.1457
2024-09-10,CAD,1.0892
2024-09-11,AUD,1.0108
2024-09-11,USD,1.4994
2024-09-11,GBP,1.9673
2024-09-11,EUR,1.6603
2024-09-11,SGD,1.1335
2024-09-11,CAD,1.0907
2024-09-12,AUD,1.0076
2024-09-12,USD,1.4819
2024-09-12,GBP,1.8579
2024-09-12,EUR,1.6351
2024-09-12,SGD,1.1353
2024-09-12,CAD,1.1124
2024-09-13,AUD,1.0144
2024-09-13,USD,1.5227
2024-09-13,GBP,1.9263
2024-09-13,EUR,1.6342
2024-09-13,SGD,1.1472
2024-09-13,CAD,1.1164
2024-09-14,AUD,1.015
2024-09-14,USD,1.5107
2024-09-14,GBP,1.8925
2024-09-14,EUR,1.6517
2024-09-14,SGD,1.1489
2024-09-14,CAD,1.1212
2024-09-15,AUD,1.009
2024-09-15,USD,1.5162
2024-09-15,GBP,1.9193
2024-09-15,EUR,1.6861
2024-09-15,SGD,1.1951
2024-09-15,CAD,1.0826
2024-09-16,AUD,1.0285
2024-09-16,USD,1.5151
2024-09-16,GBP,1.9078
2024-09-16,EUR,1.6577
2024-09-16,SGD,1.1246
2024-09-16,CAD,1.0941
2024-09-17,AUD,1.0056
2024-09-17,USD,1.5313
2024-09-17,GBP,1.9335
2024-09-17,EUR,1.6604
2024-09-17,SGD,1.1203
2024-09-17,CAD,1.1064
2024-09-18,AUD,0.9798
2024-09-18,USD,1.499
2024-09-18,GBP,1.9393
2024-09-18,EUR,1.6151
2024-09-18,SGD,1.1433
2024-09-18,CAD,1.0845
2024-09-19,AUD,1.0025
2024-09-19,USD,1.5079
2024-09-19,GBP,1.9376
2024-09-19,EUR,1.6653
2024-09-19,SGD,1.1304
2024-09-19,CAD,1.1201
2024-09-20,AUD,1.0044
2024-09-20,USD,1.4916
2024-09-20,GBP,1.9521
2024-09-20,EUR,1.7024
2024-09-20,SGD,1.1327
2024-09-20,CAD,1.1242
2024-09-21,AUD,0.9953
2024-09-21,USD,1.4846
2024-09-21,GBP,1.9504
2024-09-21,EUR,1.6251
2024-09-21,SGD,1.1437
2024-09-21,CAD,1.1053
2024-09-22,AUD,1.0142
2024-09-22,USD,1.524
2024-09-22,GBP,1.8927
2024-09-22,EUR,1.6277
2024-09-22,SGD,1.1499
2024-09-22,CAD,1.1204
2024-09-23,AUD,1.0002
2024-09-23,USD,1.5036
2024-09-23,GBP,1.9541
2024-09-23,EUR,1.6484
2024-09-23,SGD,1.1246
2024-09-23,CAD,1.0903
2024-09-24,AUD,0.9925
2024-09-24,USD,1.5003
2024-09-24,GBP,1.9091
2024-09-24,EUR,1.6332
2024-09-24,SGD,1.1349
2024-09-24,CAD,1.1185
2024-09-25,AUD,1.0296
2024-09-25,USD,1.5158
2024-09-25,GBP,1.9527
2024-09-25,EUR,1.6801
2024-09-25,SGD,1.1444
2024-09-25,CAD,1.0943
2024-09-26,AUD,0.9826
2024-09-26,USD,1.4714
2024-09-26,GBP,1.9481
2024-09-26,EUR,1.626
2024-09-26,SGD,1.1403
2024-09-26,CAD,1.0687
2024-09-27,AUD,1.0053
2024-09-27,USD,1.5402
2024-09-27,GBP,1.9566
2024-09-27,EUR,1.6355
2024-09-27,SGD,1.1396
2024-09-27,CAD,1.1177
2024-09-28,AUD,1.0051
2024-09-28,USD,1.5047
2024-09-28,GBP,1.9691
2024-09-28,EUR,1.6522
2024-09-28,SGD,1.1254
2024-09-28,CAD,1.0893
2024-09-29,AUD,1.0196
2024-09-29,USD,1.5386
2024-09-29,GBP,1.9377
2024-09-29,EUR,1.6911
2024-09-29,SGD,1.1433
2024-09-29,CAD,1.1112
2024-09-30,AUD,0.9984
2024-09-30,USD,1.487
2024-09-30,GBP,1.9457
2024-09-30,EUR,1.6473
2024-09-30,SGD,1.1584
2024-09-30,CAD,1.0938
2024-10-01,AUD,0.9961
2024-10-01,USD,1.5161
2024-10-01,GBP,1.8874
2024-10-01,EUR,1.6586
2024-10-01,SGD,1.1129
2024-10-01,CAD,1.0974
2024-10-02,AUD,1.0157
2024-10-02,USD,1.4763
2024-10-02,GBP,1.9164
2024-10-02,EUR,1.6349
2024-10-02,SGD,1.1413
2024-10-02,CAD,1.1166
2024-10-03,AUD,1.0194
2024-10-03,USD,1.5384
2024-10-03,GBP,1.8812
2024-10-03,EUR,1.6249
2024-10-03,SGD,1.1439
2024-10-03,CAD,1.0957
2024-10-04,AUD,0.996
2024-10-04,USD,1.5385
2024-10-04,GBP,1.9199
2024-10-04,EUR,1.6037
2024-10-04,SGD,1.1124
2024-10-04,CAD,1.0913
2024-10-05,AUD,0.9947
2024-10-05,USD,1.511
2024-10-05,GBP,1.9456
2024-10-05,EUR,1.5972
2024-10-05,SGD,1.1143
2024-10-05,CAD,1.1082
2024-10-06,AUD,0.9903
2024-10-06,USD,1.5116
2024-10-06,GBP,1.9605
2024-10-06,EUR,1.6267
2024-10-06,SGD,1.1365
2024-10-06,CAD,1.098
2024-10-07,AUD,1.0033
2024-10-07,USD,1.5113
2024-10-07,GBP,1.862
2024-10-07,EUR,1.6696
2024-10-07,SGD,1.1369
2024-10-07,CAD,1.086
2024-10-08,AUD,0.9999
2024-10-08,USD,1.4977
2024-10-08,GBP,1.95
2024-10-08,EUR,1.6643
2024-10-08,SGD,1.1215
2024-10-08,CAD,1.0959
2024-10-09,AUD,0.9881
2024-10-09,USD,1.464
2024-10-09,GBP,1.9004
2024-10-09,EUR,1.6759
2024-10-09,SGD,1.1505
2024-10-09,CAD,1.0776
2024-10-10,AUD,0.9997
2024-10-10,USD,1.5099
2024-10-10,GBP,1.9249
2024-10-10,EUR,1.6911
2024-10-10,SGD,1.1507
2024-10-10,CAD,1.1189
2024-10-11,AUD,1.0174
2024-10-11,USD,1.5166
2024-10-11,GBP,1.9415
2024-10-11,EUR,1.6616
2024-10-11,SGD,1.1346
2024-10-11,CAD,1.0769
2024-10-12,AUD,0.9913
2024-10-12,USD,1.5218
2024-10-12,GBP,1.9389
2024-10-12,EUR,1.6783
2024-10-12,SGD,1.1532
2024-10-12,CAD,1.0843
2024-10-13,AUD,0.991
2024-10-13,USD,1.5047
2024-10-13,GBP,1.9383
2024-10-13,EUR,1.6106
2024-10-13,SGD,1.116
2024-10-13,CAD,1.0838
2024-10-14,AUD,0.9942
2024-10-14,USD,1.4982
2024-10-14,GBP,1.8616
2024-10-14,EUR,1.6707
2024-10-14,SGD,1.1553
2024-10-14,CAD,1.0931
2024-10-15,AUD,0.977
2024-10-15,USD,1.5429
2024-10-15,GBP,1.921
2024-10-15,EUR,1.6719
2024-10-15,SGD,1.129
2024-10-15,CAD,1.1
2024-10-16,AUD,0.9963
2024-10-16,USD,1.4759
2024-10-16,GBP,1.8583
2024-10-16,EUR,1.6187
2024-10-16,SGD,1.1152
2024-10-16,CAD,1.0984
2024-10-17,AUD,0.9667
2024-10-17,USD,1.521
2024-10-17,GBP,1.9445
2024-10-17,EUR,1.6925
2024-10-17,SGD,1.1396
2024-10-17,CAD,1.1175
2024-10-18,AUD,1.0269
2024-10-18,USD,1.5026
2024-10-18,GBP,1.8714
2024-10-18,EUR,1.6398
2024-10-18,SGD,1.1397
2024-10-18,CAD,1.1188
2024-10-19,AUD,1.0052
2024-10-19,USD,1.5041
2024-10-19,GBP,1.9416
2024-10-19,EUR,1.712
2024-10-19,SGD,1.117
2024-10-19,CAD,1.0985
2024-10-20,AUD,1.0141
2024-10-20,USD,1.5217
2024-10-20,GBP,1.904
2024-10-20,EUR,1.646
2024-10-20,SGD,1.1624
2024-10-20,CAD,1.0723
2024-10-21,AUD,0.9841
2024-10-21,USD,1.489
2024-10-21,GBP,1.9322
2024-10-21,EUR,1.6161
2024-10-21,SGD,1.1269
2024-10-21,CAD,1.143
2024-10-22,AUD,1.0
2024-10-22,USD,1.535
2024-10-22,GBP,1.906
2024-10-22,EUR,1.6396
2024-10-22,SGD,1.1735
2024-10-22,CAD,1.1013
2024-10-23,AUD,1.0076
2024-10-23,USD,1.5042
2024-10-23,GBP,1.9368
2024-10-23,EUR,1.6404
2024-10-23,SGD,1.1264
2024-10-23,CAD,1.1371
2024-10-24,AUD,0.9927
2024-10-24,USD,1.4956
2024-10-24,GBP,1.9453
2024-10-24,EUR,1.6556
2024-10-24,SGD,1.1431
2024-10-24,CAD,1.095
2024-10-25,AUD,1.0053
2024-10-25,USD,1.5136
2024-10-25,GBP,1.9352
2024-10-25,EUR,1.6466
2024-10-25,SGD,1.1265
2024-10-25,CAD,1.0765
2024-10-26,AUD,1.0214
2024-10-26,USD,1.5029
2024-10-26,GBP,1.9592
2024-10-26,EUR,1.6273
2024-10-26,SGD,1.1159
2024-10-26,CAD,1.0808
2024-10-27,AUD,1.0052
2024-10-27,USD,1.5172
2024-10-27,GBP,1.9136
2024-10-27,EUR,1.6631
2024-10-27,SGD,1.1391
2024-10-27,CAD,1.0796
2024-10-28,AUD,1.0151
2024-10-28,USD,1.4872
2024-10-28,GBP,1.9046
2024-10-28,EUR,1.6352
2024-10-28,SGD,1.1209
2024-10-28,CAD,1.075
2024-10-29,AUD,1.0007
2024-10-29,USD,1.485
2024-10-29,GBP,1.9305
2024-10-29,EUR,1.6656
2024-10-29,SGD,1.1179
2024-10-29,CAD,1.0874
2024-10-30,AUD,1.0006
2024-10-30,USD,1.5059
2024-10-30,GBP,1.9425
2024-10-30,EUR,1.6906
2024-10-30,SGD,1.1358
2024-10-30,CAD,1.1108
2024-10-31,AUD,0.9866
2024-10-31,USD,1.5063
2024-10-31,GBP,1.8965
2024-10-31,EUR,1.6664
2024-10-31,SGD,1.1372
2024-10-31,CAD,1.1126
2024-11-01,AUD,1.0012
2024-11-01,USD,1.5034
2024-11-01,GBP,1.9011
2024-11-01,EUR,1.608
2024-11-01,SGD,1.1123
2024-11-01,CAD,1.0858
2024-11-02,AUD,1.0209
2024-11-02,USD,1.5099
2024-11-02,GBP,1.9334
2024-11-02,EUR,1.6171
2024-11-02,SGD,1.1841
2024-11-02,CAD,1.112
2024-11-03,AUD,1.0156
2024-11-03,USD,1.4688
2024-11-03,GBP,1.8994
2024-11-03,EUR,1.6814
2024-11-03,SGD,1.1198
2024-11-03,CAD,1.0766
2024-11-04,AUD,1.014
2024-11-04,USD,1.4967
2024-11-04,GBP,1.9125
2024-11-04,EUR,1.6538
2024-11-04,SGD,1.1595
2024-11-04,CAD,1.0834
2024-11-05,AUD,0.9839
2024-11-05,USD,1.5202
2024-11-05,GBP,1.9059
2024-11-05,EUR,1.6644
2024-11-05,SGD,1.1377
2024-11-05,CAD,1.106
2024-11-06,AUD,1.0311
2024-11-06,USD,1.5165
2024-11-06,GBP,1.9377
2024-11-06,EUR,1.6648
2024-11-06,SGD,1.1236
2024-11-06,CAD,1.1073
2024-11-07,AUD,0.9933
2024-11-07,USD,1.5518
2024-11-07,GBP,1.8914
2024-11-07,EUR,1.6644
2024-11-07,SGD,1.125
2024-11-07,CAD,1.1132
2024-11-08,AUD,1.027
2024-11-08,USD,1.506
2024-11-08,GBP,1.903
2024-11-08,EUR,1.6789
2024-11-08,SGD,1.1428
2024-11-08,CAD,1.1016
2024-11-09,AUD,1.0134
2024-11-09,USD,1.5006
2024-11-09,GBP,1.8852
2024-11-09,EUR,1.6402
2024-11-09,SGD,1.1224
2024-11-09,CAD,1.1087
2024-11-10,AUD,1.0175
2024-11-10,USD,1.4731
2024-11-10,GBP,1.8875
2024-11-10,EUR,1.6834
2024-11-10,SGD,1.1487
2024-11-10,CAD,1.1025
2024-11-11,AUD,0.9719
2024-11-11,USD,1.503
2024-11-11,GBP,1.9469
2024-11-11,EUR,1.6525
2024-11-11,SGD,1.1327
2024-11-11,CAD,1.1203
2024-11-12,AUD,1.0068
2024-11-12,USD,1.5113
2024-11-12,GBP,1.9306
2024-11-12,EUR,1.687
2024-11-12,SGD,1.1438
2024-11-12,CAD,1.1125
2024-11-13,AUD,1.0101
2024-11-13,USD,1.5189
2024-11-13,GBP,1.9223
2024-11-13,EUR,1.6538
2024-11-13,SGD,1.1146
2024-11-13,CAD,1.0977
2024-11-14,AUD,1.0034
2024-11-14,USD,1.517
2024-11-14,GBP,1.9047
2024-11-14,EUR,1.6512
2024-11-14,SGD,1.1415
2024-11-14,CAD,1.0592
2024-11-15,AUD,0.9914
2024-11-15,USD,1.4947
2024-11-15,GBP,1.9746
2024-11-15,EUR,1.6286
2024-11-15,SGD,1.1739
2024-11-15,CAD,1.0985
2024-11-16,AUD,0.9795
2024-11-16,USD,1.4594
2024-11-16,GBP,1.9923
2024-11-16,EUR,1.6258
2024-11-16,SGD,1.127
2024-11-16,CAD,1.067
2024-11-17,AUD,0.9832
2024-11-17,USD,1.5203
2024-11-17,GBP,1.9106
2024-11-17,EUR,1.6629
2024-11-17,SGD,1.1339
2024-11-17,CAD,1.0941
2024-11-18,AUD,0.9835
2024-11-18,USD,1.4926
2024-11-18,GBP,1.8794
2024-11-18,EUR,1.641
2024-11-18,SGD,1.1237
2024-11-18,CAD,1.1284
2024-11-19,AUD,0.9817
2024-11-19,USD,1.4697
2024-11-19,GBP,1.9632
2024-11-19,EUR,1.6151
2024-11-19,SGD,1.1686
2024-11-19,CAD,1.1031
2024-11-20,AUD,1.0138
2024-11-20,USD,1.5234
2024-11-20,GBP,1.9497
2024-11-20,EUR,1.64
2024-11-20,SGD,1.1813
2024-11-20,CAD,1.0752
2024-11-21,AUD,0.9878
2024-11-21,USD,1.5187
2024-11-21,GBP,1.9222
2024-11-21,EUR,1.633
2024-11-21,SGD,1.1459
2024-11-21,CAD,1.098
2024-11-22,AUD,0.975
2024-11-22,USD,1.5318
2024-11-22,GBP,1.9193
2024-11-22,EUR,1.6537
2024-11-22,SGD,1.1338
2024-11-22,CAD,1.0905
2024-11-23,AUD,0.9958
2024-11-23,USD,1.5002
2024-11-23,GBP,1.8962
2024-11-23,EUR,1.684
2024-11-23,SGD,1.1739
2024-11-23,CAD,1.086
2024-11-24,AUD,0.9749
2024-11-24,USD,1.5211
2024-11-24,GBP,1.9001
2024-11-24,EUR,1.6561
2024-11-24,SGD,1.1651
2024-11-24,CAD,1.0911
2024-11-25,AUD,0.9971
2024-11-25,USD,1.5002
2024-11-25,GBP,1.9102
2024-11-25,EUR,1.6231
2024-11-25,SGD,1.1421
2024-11-25,CAD,1.096
2024-11-26,AUD,1.0061
2024-11-26,USD,1.4927
2024-11-26,GBP,1.927
2024-11-26,EUR,1.6303
2024-11-26,SGD,1.1112
2024-11-26,CAD,1.075
2024-11-27,AUD,1.0203
2024-11-27,USD,1.4882
2024-11-27,GBP,1.9457
2024-11-27,EUR,1.6478
2024-11-27,SGD,1.1587
2024-11-27,CAD,1.1154
2024-11-28,AUD,1.0063
2024-11-28,USD,1.5337
2024-11-28,GBP,1.9616
2024-11-28,EUR,1.6709
2024-11-28,SGD,1.1046
2024-11-28,CAD,1.1061
2024-11-29,AUD,0.9978
2024-11-29,USD,1.5173
2024-11-29,GBP,1.9126
2024-11-29,EUR,1.6329
2024-11-29,SGD,1.135
2024-11-29,CAD,1.1469
2024-11-30,AUD,1.0027
2024-11-30,USD,1.5105
2024-11-30,GBP,1.9229
2024-11-30,EUR,1.6565
2024-11-30,SGD,1.161
2024-11-30,CAD,1.1008
2024-12-01,AUD,0.9504
2024-12-01,USD,1.4774
2024-12-01,GBP,1.9282
2024-12-01,EUR,1.6398
2024-12-01,SGD,1.1502
2024-12-01,CAD,1.1022
2024-12-02,AUD,1.0028
2024-12-02,USD,1.4761
2024-12-02,GBP,1.9044
2024-12-02,EUR,1.6192
2024-12-02,SGD,1.1237
2024-12-02,CAD,1.0753
2024-12-03,AUD,1.0204
2024-12-03,USD,1.5221
2024-12-03,GBP,1.9396
2024-12-03,EUR,1.6362
2024-12-03,SGD,1.1722
2024-12-03,CAD,1.1119
2024-12-04,AUD,0.9663
2024-12-04,USD,1.5092
2024-12-04,GBP,1.8766
2024-12-04,EUR,1.6718
2024-12-04,SGD,1.1223
2024-12-04,CAD,1.1122
2024-12-05,AUD,0.9999
2024-12-05,USD,1.4811
2024-12-05,GBP,1.9064
2024-12-05,EUR,1.6813
2024-12-05,SGD,1.1379
2024-12-05,CAD,1.0969
2024-12-06,AUD,0.9991
2024-12-06,USD,1.4728
2024-12-06,GBP,1.8261
2024-12-06,EUR,1.6059
2024-12-06,SGD,1.1434
2024-12-06,CAD,1.111
2024-12-07,AUD,0.9932
2024-12-07,USD,1.5609
2024-12-07,GBP,1.919
2024-12-07,EUR,1.6632
2024-12-07,SGD,1.1035
2024-12-07,CAD,1.0927
2024-12-08,AUD,1.0291
2024-12-08,USD,1.5368
2024-12-08,GBP,1.9271
2024-12-08,EUR,1.6835
2024-12-08,SGD,1.159
2024-12-08,CAD,1.0785
2024-12-09,AUD,0.985
2024-12-09,USD,1.4827
2024-12-09,GBP,1.902
2024-12-09,EUR,1.6426
2024-12-09,SGD,1.1449
2024-12-09,CAD,1.1043
2024-12-10,AUD,0.9924
2024-12-10,USD,1.5043
2024-12-10,GBP,1.9271
2024-12-10,EUR,1.6977
2024-12-10,SGD,1.1392
2024-12-10,CAD,1.0977
2024-12-11,AUD,1.004
2024-12-11,USD,1.5305
2024-12-11,GBP,1.8722
2024-12-11,EUR,1.6764
2024-12-11,SGD,1.1663
2024-12-11,CAD,1.0921
2024-12-12,AUD,0.9978
2024-12-12,USD,1.5134
2024-12-12,GBP,1.9769
2024-12-12,EUR,1.6463
2024-12-12,SGD,1.142
2024-12-12,CAD,1.1189
2024-12-13,AUD,0.9789
2024-12-13,USD,1.5237
2024-12-13,GBP,1.9263
2024-12-13,EUR,1.6481
2024-12-13,SGD,1.1599
2024-12-13,CAD,1.0955
2024-12-14,AUD,1.0166
2024-12-14,USD,1.5216
2024-12-14,GBP,1.9046
2024-12-14,EUR,1.6491
2024-12-14,SGD,1.1251
2024-12-14,CAD,1.0839
2024-12-15,AUD,0.9865
2024-12-15,USD,1.5118
2024-12-15,GBP,1.9307
2024-12-15,EUR,1.6297
2024-12-15,SGD,1.1777
2024-12-15,CAD,1.0907
2024-12-16,AUD,0.9681
2024-12-16,USD,1.5129
2024-12-16,GBP,1.9903
2024-12-16,EUR,1.6614
2024-12-16,SGD,1.155
2024-12-16,CAD,1.118
2024-12-17,AUD,0.9975
2024-12-17,USD,1.4896
2024-12-17,GBP,1.9462
2024-12-17,EUR,1.6659
2024-12-17,SGD,1.099
2024-12-17,CAD,1.0609
2024-12-18,AUD,0.9946
2024-12-18,USD,1.5098
2024-12-18,GBP,1.894
2024-12-18,EUR,1.6192
2024-12-18,SGD,1.1462
2024-12-18,CAD,1.1198
2024-12-19,AUD,1.0103
2024-12-19,USD,1.5165
2024-12-19,GBP,1.9164
2024-12-19,EUR,1.6656
2024-12-19,SGD,1.153
2024-12-19,CAD,1.0889
2024-12-20,AUD,1.0145
2024-12-20,USD,1.4956
2024-12-20,GBP,1.9231
2024-12-20,EUR,1.6729
2024-12-20,SGD,1.1357
2024-12-20,CAD,1.1232
2024-12-21,AUD,0.9831
2024-12-21,USD,1.5234
2024-12-21,GBP,1.9323
2024-12-21,EUR,1.6475
2024-12-21,SGD,1.1195
2024-12-21,CAD,1.1191
2024-12-22,AUD,1.0143
2024-12-22,USD,1.4792
2024-12-22,GBP,1.9487
2024-12-22,EUR,1.6926
2024-12-22,SGD,1.144
2024-12-22,CAD,1.1251
2024-12-23,AUD,1.0107
2024-12-23,USD,1.5324
2024-12-23,GBP,1.967
2024-12-23,EUR,1.6632
2024-12-23,SGD,1.1372
2024-12-23,CAD,1.0693
2024-12-24,AUD,0.9922
2024-12-24,USD,1.5114
2024-12-24,GBP,1.9262
2024-12-24,EUR,1.618
2024-12-24,SGD,1.1471
2024-12-24,CAD,1.1396
2024-12-25,AUD,1.0109
2024-12-25,USD,1.4933
2024-12-25,GBP,1.8942
2024-12-25,EUR,1.6737
2024-12-25,SGD,1.1451
2024-12-25,CAD,1.104
2024-12-26,AUD,1.0074
2024-12-26,USD,1.4837
2024-12-26,GBP,1.9082
2024-12-26,EUR,1.6834
2024-12-26,SGD,1.1651
2024-12-26,CAD,1.0946
2024-12-27,AUD,1.0207
2024-12-27,USD,1.545
2024-12-27,GBP,1.9047
2024-12-27,EUR,1.6632
2024-12-27,SGD,1.1431
2024-12-27,CAD,1.0979
2024-12-28,AUD,1.0015
2024-12-28,USD,1.4838
2024-12-28,GBP,1.9522
2024-12-28,EUR,1.6414
2024-12-28,SGD,1.1403
2024-12-28,CAD,1.0882
2024-12-29,AUD,1.0113
2024-12-29,USD,1.4826
2024-12-29,GBP,1.8382
2024-12-29,EUR,1.6333
2024-12-29,SGD,1.1718
2024-12-29,CAD,1.1082
2024-12-30,AUD,1.0022
2024-12-30,USD,1.5369
2024-12-30,GBP,1.9152
2024-12-30,EUR,1.663
2024-12-30,SGD,1.1506
2024-12-30,CAD,1.0795
2024-12-31,AUD,1.0137
2024-12-31,USD,1.4969
2024-12-31,GBP,1.9317
2024-12-31,EUR,1.6448
2024-12-31,SGD,1.1467
2024-12-31,CAD,1.0894
2025-01-01,AUD,1.0011
2025-01-01,USD,1.5363
2025-01-01,GBP,1.9267
2025-01-01,EUR,1.6202
2025-01-01,SGD,1.1389
2025-01-01,CAD,1.11
2025-01-02,AUD,0.9941
2025-01-02,USD,1.5062
2025-01-02,GBP,1.9631
2025-01-02,EUR,1.6862
2025-01-02,SGD,1.1481
2025-01-02,CAD,1.087
2025-01-03,AUD,1.0138
2025-01-03,USD,1.5174
2025-01-03,GBP,1.9287
2025-01-03,EUR,1.6748
2025-01-03,SGD,1.1307
2025-01-03,CAD,1.0825
2025-01-04,AUD,1.0012
2025-01-04,USD,1.4856
2025-01-04,GBP,1.9039
2025-01-04,EUR,1.6555
2025-01-04,SGD,1.112
2025-01-04,CAD,1.0894
2025-01-05,AUD,1.0247
2025-01-05,USD,1.5091
2025-01-05,GBP,1.9503
2025-01-05,EUR,1.6823
2025-01-05,SGD,1.1442
2025-01-05,CAD,1.0932
2025-01-06,AUD,1.0104
2025-01-06,USD,1.4916
2025-01-06,GBP,1.8782
2025-01-06,EUR,1.6296
2025-01-06,SGD,1.1724
2025-01-06,CAD,1.0868
2025-01-07,AUD,1.0034
2025-01-07,USD,1.4965
2025-01-07,GBP,1.9047
2025-01-07,EUR,1.6232
2025-01-07,SGD,1.1467
2025-01-07,CAD,1.106
2025-01-08,AUD,1.0209
2025-01-08,USD,1.4733
2025-01-08,GBP,1.9289
2025-01-08,EUR,1.66
2025-01-08,SGD,1.1279
2025-01-08,CAD,1.1167
2025-01-09,AUD,0.9921
2025-01-09,USD,1.548
2025-01-09,GBP,1.8929
2025-01-09,EUR,1.6747
2025-01-09,SGD,1.1202
2025-01-09,CAD,1.1015
2025-01-10,AUD,1.001
2025-01-10,USD,1.5117
2025-01-10,GBP,1.9272
2025-01-10,EUR,1.6639
2025-01-10,SGD,1.1272
2025-01-10,CAD,1.1024
2025-01-11,AUD,0.9797
2025-01-11,USD,1.5167
2025-01-11,GBP,1.9274
2025-01-11,EUR,1.6561
2025-01-11,SGD,1.1423
2025-01-11,CAD,1.1085
2025-01-12,AUD,1.008
2025-01-12,USD,1.5004
2025-01-12,GBP,1.9091
2025-01-12,EUR,1.6238
2025-01-12,SGD,1.152
2025-01-12,CAD,1.1383
2025-01-13,AUD,1.0313
2025-01-13,USD,1.5092
2025-01-13,GBP,1.9151
2025-01-13,EUR,1.5999
2025-01-13,SGD,1.1436
2025-01-13,CAD,1.0934
2025-01-14,AUD,1.011
2025-01-14,USD,1.4948
2025-01-14,GBP,1.9034
2025-01-14,EUR,1.699
2025-01-14,SGD,1.1361
2025-01-14,CAD,1.0785
2025-01-15,AUD,0.995
2025-01-15,USD,1.4687
2025-01-15,GBP,1.8599
2025-01-15,EUR,1.6478
2025-01-15,SGD,1.1117
2025-01-15,CAD,1.101
2025-01-16,AUD,1.0069
2025-01-16,USD,1.4914
2025-01-16,GBP,1.9066
2025-01-16,EUR,1.6476
2025-01-16,SGD,1.1512
2025-01-16,CAD,1.1128
2025-01-17,AUD,0.9969
2025-01-17,USD,1.529
2025-01-17,GBP,1.9233
2025-01-17,EUR,1.6539
2025-01-17,SGD,1.1455
2025-01-17,CAD,1.1058
2025-01-18,AUD,0.9909
2025-01-18,USD,1.4965
2025-01-18,GBP,1.8983
2025-01-18,EUR,1.6586
2025-01-18,SGD,1.1312
2025-01-18,CAD,1.122
2025-01-19,AUD,1.0168
2025-01-19,USD,1.4926
2025-01-19,GBP,1.9798
2025-01-19,EUR,1.6316
2025-01-19,SGD,1.1504
2025-01-19,CAD,1.1121
2025-01-20,AUD,1.0072
2025-01-20,USD,1.4973
2025-01-20,GBP,1.9781
2025-01-20,EUR,1.6988
2025-01-20,SGD,1.1024
2025-01-20,CAD,1.087
2025-01-21,AUD,1.0036
2025-01-21,USD,1.46
2025-01-21,GBP,1.9173
2025-01-21,EUR,1.6581
2025-01-21,SGD,1.1413
2025-01-21,CAD,1.1005
2025-01-22,AUD,0.9576
2025-01-22,USD,1.5577
2025-01-22,GBP,1.9133
2025-01-22,EUR,1.6293
2025-01-22,SGD,1.1477
2025-01-22,CAD,1.1063
2025-01-23,AUD,1.0166
2025-01-23,USD,1.5017
2025-01-23,GBP,1.8941
2025-01-23,EUR,1.7073
2025-01-23,SGD,1.1386
2025-01-23,CAD,1.082
2025-01-24,AUD,0.9851
2025-01-24,USD,1.4973
2025-01-24,GBP,1.9549
2025-01-24,EUR,1.662
2025-01-24,SGD,1.1547
2025-01-24,CAD,1.1051
2025-01-25,AUD,0.9805
2025-01-25,USD,1.5435
2025-01-25,GBP,1.9077
2025-01-25,EUR,1.6285
2025-01-25,SGD,1.1293
2025-01-25,CAD,1.1353
2025-01-26,AUD,0.9824
2025-01-26,USD,1.5085
2025-01-26,GBP,1.9594
2025-01-26,EUR,1.6453
2025-01-26,SGD,1.117
2025-01-26,CAD,1.1019
2025-01-27,AUD,0.9948
2025-01-27,USD,1.5096
2025-01-27,GBP,1.9044
2025-01-27,EUR,1.6448
2025-01-27,SGD,1.154
2025-01-27,CAD,1.1093
2025-01-28,AUD,1.0081
2025-01-28,USD,1.5083
2025-01-28,GBP,1.9143
2025-01-28,EUR,1.6616
2025-01-28,SGD,1.1417
2025-01-28,CAD,1.1026
2025-01-29,AUD,1.0004
2025-01-29,USD,1.5111
2025-01-29,GBP,1.9079
2025-01-29,EUR,1.6462
2025-01-29,SGD,1.125
2025-01-29,CAD,1.1363
2025-01-30,AUD,1.0013
2025-01-30,USD,1.5366
2025-01-30,GBP,1.873
2025-01-30,EUR,1.6722
2025-01-30,SGD,1.1331
2025-01-30,CAD,1.0933
2025-01-31,AUD,0.9897
2025-01-31,USD,1.5341
2025-01-31,GBP,1.8984
2025-01-31,EUR,1.6326
2025-01-31,SGD,1.1586
2025-01-31,CAD,1.0999
2025-02-01,AUD,0.994
2025-02-01,USD,1.5139
2025-02-01,GBP,1.9552
2025-02-01,EUR,1.6577
2025-02-01,SGD,1.1489
2025-02-01,CAD,1.1237
2025-02-02,AUD,1.0047
2025-02-02,USD,1.5313
2025-02-02,GBP,1.8635
2025-02-02,EUR,1.6339
2025-02-02,SGD,1.1349
2025-02-02,CAD,1.1216
2025-02-03,AUD,0.989
2025-02-03,USD,1.5346
2025-02-03,GBP,1.9001
2025-02-03,EUR,1.6405
2025-02-03,SGD,1.1573
2025-02-03,CAD,1.1354
2025-02-04,AUD,1.005
2025-02-04,USD,1.5141
2025-02-04,GBP,1.9044
2025-02-04,EUR,1.6251
2025-02-04,SGD,1.142
2025-02-04,CAD,1.095
2025-02-05,AUD,1.0042
2025-02-05,USD,1.5134
2025-02-05,GBP,1.9282
2025-02-05,EUR,1.613
2025-02-05,SGD,1.1224
2025-02-05,CAD,1.0924
2025-02-06,AUD,1.0268
2025-02-06,USD,1.4757
2025-02-06,GBP,1.8453
2025-02-06,EUR,1.626
2025-02-06,SGD,1.1524
2025-02-06,CAD,1.096
2025-02-07,AUD,0.9839
2025-02-07,USD,1.5295
2025-02-07,GBP,1.9069
2025-02-07,EUR,1.653
2025-02-07,SGD,1.1295
2025-02-07,CAD,1.1072
2025-02-08,AUD,0.9964
2025-02-08,USD,1.5206
2025-02-08,GBP,1.922
2025-02-08,EUR,1.6621
2025-02-08,SGD,1.1202
2025-02-08,CAD,1.0881
2025-02-09,AUD,0.9944
2025-02-09,USD,1.5195
2025-02-09,GBP,1.9742
2025-02-09,EUR,1.6551
2025-02-09,SGD,1.1465
2025-02-09,CAD,1.1151
2025-02-10,AUD,1.019
2025-02-10,USD,1.5383
2025-02-10,GBP,1.9722
2025-02-10,EUR,1.6742
2025-02-10,SGD,1.1649
2025-02-10,CAD,1.0953
2025-02-11,AUD,0.9947
2025-02-11,USD,1.5086
2025-02-11,GBP,1.9396
2025-02-11,EUR,1.6554
2025-02-11,SGD,1.1471
2025-02-11,CAD,1.1026
2025-02-12,AUD,0.9871
2025-02-12,USD,1.5275
2025-02-12,GBP,1.9229
2025-02-12,EUR,1.6361
2025-02-12,SGD,1.1243
2025-02-12,CAD,1.0931
2025-02-13,AUD,1.0009
2025-02-13,USD,1.5089
2025-02-13,GBP,1.8825
2025-02-13,EUR,1.6708
2025-02-13,SGD,1.1419
2025-02-13,CAD,1.1013
2025-02-14,AUD,0.9995
2025-02-14,USD,1.4776
2025-02-14,GBP,1.8925
2025-02-14,EUR,1.6956
2025-02-14,SGD,1.124
2025-02-14,CAD,1.0894
2025-02-15,AUD,0.9781
2025-02-15,USD,1.4948
2025-02-15,GBP,1.9168
2025-02-15,EUR,1.626
2025-02-15,SGD,1.1137
2025-02-15,CAD,1.0898
2025-02-16,AUD,0.9898
2025-02-16,USD,1.5119
2025-02-16,GBP,1.8732
2025-02-16,EUR,1.6628
2025-02-16,SGD,1.1592
2025-02-16,CAD,1.0728
2025-02-17,AUD,0.9924
2025-02-17,USD,1.4684
2025-02-17,GBP,1.8701
2025-02-17,EUR,1.6519
2025-02-17,SGD,1.1702
2025-02-17,CAD,1.1276
2025-02-18,AUD,1.0044
2025-02-18,USD,1.4966
2025-02-18,GBP,1.947
2025-02-18,EUR,1.6778
2025-02-18,SGD,1.1389
2025-02-18,CAD,1.1088
2025-02-19,AUD,1.0038
2025-02-19,USD,1.4816
2025-02-19,GBP,1.9001
2025-02-19,EUR,1.6362
2025-02-19,SGD,1.1454
2025-02-19,CAD,1.1198
2025-02-20,AUD,1.0299
2025-02-20,USD,1.5115
2025-02-20,GBP,1.931
2025-02-20,EUR,1.7049
2025-02-20,SGD,1.1307
2025-02-20,CAD,1.0834
2025-02-21,AUD,1.0188
2025-02-21,USD,1.5449
2025-02-21,GBP,1.9209
2025-02-21,EUR,1.6813
2025-02-21,SGD,1.1232
2025-02-21,CAD,1.0833
2025-02-22,AUD,1.0057
2025-02-22,USD,1.5259
2025-02-22,GBP,1.9267
2025-02-22,EUR,1.6506
2025-02-22,SGD,1.1268
2025-02-22,CAD,1.1013
2025-02-23,AUD,1.0078
2025-02-23,USD,1.5113
2025-02-23,GBP,1.9027
2025-02-23,EUR,1.6932
2025-02-23,SGD,1.1453
2025-02-23,CAD,1.0736
2025-02-24,AUD,1.0197
2025-02-24,USD,1.4944
2025-02-24,GBP,1.9237
2025-02-24,EUR,1.6431
2025-02-24,SGD,1.1271
2025-02-24,CAD,1.0983
2025-02-25,AUD,0.9915
2025-02-25,USD,1.5103
2025-02-25,GBP,1.958
2025-02-25,EUR,1.6468
2025-02-25,SGD,1.1214
2025-02-25,CAD,1.0932
2025-02-26,AUD,0.9978
2025-02-26,USD,1.4945
2025-02-26,GBP,1.9571
2025-02-26,EUR,1.6269
2025-02-26,SGD,1.1373
2025-02-26,CAD,1.0886
2025-02-27,AUD,1.0005
2025-02-27,USD,1.516
2025-02-27,GBP,1.9028
2025-02-27,EUR,1.6849
2025-02-27,SGD,1.1449
2025-02-27,CAD,1.1144
2025-02-28,AUD,1.0045
2025-02-28,USD,1.5283
2025-02-28,GBP,1.8997
2025-02-28,EUR,1.6776
2025-02-28,SGD,1.1432
2025-02-28,CAD,1.1109
2025-03-01,AUD,1.0133
2025-03-01,USD,1.5422
2025-03-01,GBP,1.9186
2025-03-01,EUR,1.6118
2025-03-01,SGD,1.156
2025-03-01,CAD,1.0913
2025-03-02,AUD,0.9838
2025-03-02,USD,1.5123
2025-03-02,GBP,1.9121
2025-03-02,EUR,1.6592
2025-03-02,SGD,1.1176
2025-03-02,CAD,1.0793
2025-03-03,AUD,0.9913
2025-03-03,USD,1.4817
2025-03-03,GBP,1.8872
2025-03-03,EUR,1.665
2025-03-03,SGD,1.1449
2025-03-03,CAD,1.0867
2025-03-04,AUD,1.0206
2025-03-04,USD,1.494
2025-03-04,GBP,1.9646
2025-03-04,EUR,1.6254
2025-03-04,SGD,1.1197
2025-03-04,CAD,1.1095
2025-03-05,AUD,0.9932
2025-03-05,USD,1.5188
2025-03-05,GBP,1.9472
2025-03-05,EUR,1.6359
2025-03-05,SGD,1.1527
2025-03-05,CAD,1.114
2025-03-06,AUD,0.9982
2025-03-06,USD,1.4901
2025-03-06,GBP,1.9017
2025-03-06,EUR,1.6714
2025-03-06,SGD,1.1454
2025-03-06,CAD,1.1182
2025-03-07,AUD,1.0126
2025-03-07,USD,1.479
2025-03-07,GBP,1.8888
2025-03-07,EUR,1.6841
2025-03-07,SGD,1.1091
2025-03-07,CAD,1.0963
2025-03-08,AUD,1.0115
2025-03-08,USD,1.5228
2025-03-08,GBP,1.9436
2025-03-08,EUR,1.6845
2025-03-08,SGD,1.1278
2025-03-08,CAD,1.0852
2025-03-09,AUD,0.9971
2025-03-09,USD,1.5112
2025-03-09,GBP,1.9286
2025-03-09,EUR,1.6209
2025-03-09,SGD,1.1309
2025-03-09,CAD,1.1218
2025-03-10,AUD,0.989
2025-03-10,USD,1.4882
2025-03-10,GBP,1.9228
2025-03-10,EUR,1.6409
2025-03-10,SGD,1.1485
2025-03-10,CAD,1.0713
2025-03-11,AUD,0.9889
2025-03-11,USD,1.4759
2025-03-11,GBP,1.9182
2025-03-11,EUR,1.6578
2025-03-11,SGD,1.1375
2025-03-11,CAD,1.0958
2025-03-12,AUD,1.0108
2025-03-12,USD,1.5077
2025-03-12,GBP,1.8784
2025-03-12,EUR,1.6055
2025-03-12,SGD,1.1459
2025-03-12,CAD,1.0978
2025-03-13,AUD,0.9899
2025-03-13,USD,1.505
2025-03-13,GBP,1.8781
2025-03-13,EUR,1.6552
2025-03-13,SGD,1.1583
2025-03-13,CAD,1.1115
2025-03-14,AUD,0.9848
2025-03-14,USD,1.5103
2025-03-14,GBP,1.899
2025-03-14,EUR,1.631
2025-03-14,SGD,1.131
2025-03-14,CAD,1.1113
2025-03-15,AUD,0.9983
2025-03-15,USD,1.4943
2025-03-15,GBP,1.9253
2025-03-15,EUR,1.6661
2025-03-15,SGD,1.1389
2025-03-15,CAD,1.1238
2025-03-16,AUD,1.0278
2025-03-16,USD,1.5344
2025-03-16,GBP,1.95
2025-03-16,EUR,1.6561
2025-03-16,SGD,1.1351
2025-03-16,CAD,1.0977
2025-03-17,AUD,1.0164
2025-03-17,USD,1.5396
2025-03-17,GBP,1.9155
2025-03-17,EUR,1.6389
2025-03-17,SGD,1.1668
2025-03-17,CAD,1.0837
2025-03-18,AUD,1.0114
2025-03-18,USD,1.5311
2025-03-18,GBP,1.9437
2025-03-18,EUR,1.6909
2025-03-18,SGD,1.1457
2025-03-18,CAD,1.0935
2025-03-19,AUD,1.0107
2025-03-19,USD,1.4949
2025-03-19,GBP,1.9183
2025-03-19,EUR,1.6369
2025-03-19,SGD,1.1449
2025-03-19,CAD,1.0832
2025-03-20,AUD,1.0096
2025-03-20,USD,1.521
2025-03-20,GBP,1.9066
2025-03-20,EUR,1.6401
2025-03-20,SGD,1.1282
2025-03-20,CAD,1.0811
2025-03-21,AUD,0.9994
2025-03-21,USD,1.5231
2025-03-21,GBP,1.9145
2025-03-21,EUR,1.6599
2025-03-21,SGD,1.1517
2025-03-21,CAD,1.0947
2025-03-22,AUD,1.0
2025-03-22,USD,1.523
2025-03-22,GBP,1.9204
2025-03-22,EUR,1.6337
2025-03-22,SGD,1.159
2025-03-22,CAD,1.0902
2025-03-23,AUD,1.007
2025-03-23,USD,1.501
2025-03-23,GBP,1.8792
2025-03-23,EUR,1.6377
2025-03-23,SGD,1.1577
2025-03-23,CAD,1.0835
2025-03-24,AUD,0.9931
2025-03-24,USD,1.5309
2025-03-24,GBP,1.9193
2025-03-24,EUR,1.6632
2025-03-24,SGD,1.1303
2025-03-24,CAD,1.1146
2025-03-25,AUD,0.996
2025-03-25,USD,1.4802
2025-03-25,GBP,1.9155
2025-03-25,EUR,1.6696
2025-03-25,SGD,1.1672
2025-03-25,CAD,1.0865
2025-03-26,AUD,0.9921
2025-03-26,USD,1.4945
2025-03-26,GBP,1.9217
2025-03-26,EUR,1.6886
2025-03-26,SGD,1.1424
2025-03-26,CAD,1.0975
2025-03-27,AUD,1.0249
2025-03-27,USD,1.4962
2025-03-27,GBP,1.9682
2025-03-27,EUR,1.5909
2025-03-27,SGD,1.143
2025-03-27,CAD,1.0751
2025-03-28,AUD,1.0277
2025-03-28,USD,1.5134
2025-03-28,GBP,1.8713
2025-03-28,EUR,1.6226
2025-03-28,SGD,1.1208
2025-03-28,CAD,1.0945
2025-03-29,AUD,0.9986
2025-03-29,USD,1.4974
2025-03-29,GBP,1.9357
2025-03-29,EUR,1.6645
2025-03-29,SGD,1.1394
2025-03-29,CAD,1.1
2025-03-30,AUD,1.0169
2025-03-30,USD,1.5297
2025-03-30,GBP,1.9168
2025-03-30,EUR,1.6531
2025-03-30,SGD,1.1419
2025-03-30,CAD,1.09
2025-03-31,AUD,1.0184
2025-03-31,USD,1.5263
2025-03-31,GBP,1.8785
2025-03-31,EUR,1.647
2025-03-31,SGD,1.1676
2025-03-31,CAD,1.0851
2025-04-01,AUD,0.9949
2025-04-01,USD,1.491
2025-04-01,GBP,1.9656
2025-04-01,EUR,1.6834
2025-04-01,SGD,1.1625
2025-04-01,CAD,1.1224
2025-04-02,AUD,1.0109
2025-04-02,USD,1.5737
2025-04-02,GBP,1.9359
2025-04-02,EUR,1.6696
2025-04-02,SGD,1.1184
2025-04-02,CAD,1.0959
2025-04-03,AUD,1.0235
2025-04-03,USD,1.5229
2025-04-03,GBP,1.9431
2025-04-03,EUR,1.6539
2025-04-03,SGD,1.1213
2025-04-03,CAD,1.0898
2025-04-04,AUD,0.9987
2025-04-04,USD,1.4855
2025-04-04,GBP,1.8966
2025-04-04,EUR,1.6162
2025-04-04,SGD,1.1384
2025-04-04,CAD,1.1101
2025-04-05,AUD,1.0054
2025-04-05,USD,1.4699
2025-04-05,GBP,1.933
2025-04-05,EUR,1.6466
2025-04-05,SGD,1.1541
2025-04-05,CAD,1.0841
2025-04-06,AUD,1.0115
2025-04-06,USD,1.512
2025-04-06,GBP,1.9489
2025-04-06,EUR,1.6702
2025-04-06,SGD,1.1448
2025-04-06,CAD,1.1322
2025-04-07,AUD,0.9935
2025-04-07,USD,1.4872
2025-04-07,GBP,1.9299
2025-04-07,EUR,1.6549
2025-04-07,SGD,1.1547
2025-04-07,CAD,1.0969
2025-04-08,AUD,1.0077
2025-04-08,USD,1.4954
2025-04-08,GBP,1.9337
2025-04-08,EUR,1.6687
2025-04-08,SGD,1.1507
2025-04-08,CAD,1.1313
2025-04-09,AUD,0.9965
2025-04-09,USD,1.5389
2025-04-09,GBP,1.9044
2025-04-09,EUR,1.6497
2025-04-09,SGD,1.1473
2025-04-09,CAD,1.1243
2025-04-10,AUD,1.0041
2025-04-10,USD,1.4826
2025-04-10,GBP,1.8794
2025-04-10,EUR,1.6256
2025-04-10,SGD,1.1478
2025-04-10,CAD,1.054
2025-04-11,AUD,0.9792
2025-04-11,USD,1.4804
2025-04-11,GBP,1.875
2025-04-11,EUR,1.5954
2025-04-11,SGD,1.1444
2025-04-11,CAD,1.1076
2025-04-12,AUD,1.033
2025-04-12,USD,1.5072
2025-04-12,GBP,1.9234
2025-04-12,EUR,1.6387
2025-04-12,SGD,1.1185
2025-04-12,CAD,1.0973
2025-04-13,AUD,1.0056
2025-04-13,USD,1.5213
2025-04-13,GBP,1.9495
2025-04-13,EUR,1.6615
2025-04-13,SGD,1.1349
2025-04-13,CAD,1.0861
2025-04-14,AUD,1.0048
2025-04-14,USD,1.4449
2025-04-14,GBP,1.9428
2025-04-14,EUR,1.6285
2025-04-14,SGD,1.1324
2025-04-14,CAD,1.0923
2025-04-15,AUD,0.9961
2025-04-15,USD,1.5138
2025-04-15,GBP,1.9233
2025-04-15,EUR,1.6324
2025-04-15,SGD,1.1582
2025-04-15,CAD,1.1138
2025-04-16,AUD,1.0027
2025-04-16,USD,1.5238
2025-04-16,GBP,1.9389
2025-04-16,EUR,1.6287
2025-04-16,SGD,1.1495
2025-04-16,CAD,1.1059
2025-04-17,AUD,0.9975
2025-04-17,USD,1.5488
2025-04-17,GBP,1.9094
2025-04-17,EUR,1.6515
2025-04-17,SGD,1.1422
2025-04-17,CAD,1.0914
2025-04-18,AUD,1.0138
2025-04-18,USD,1.5521
2025-04-18,GBP,1.8628
2025-04-18,EUR,1.6572
2025-04-18,SGD,1.1336
2025-04-18,CAD,1.0843
2025-04-19,AUD,1.0042
2025-04-19,USD,1.5107
2025-04-19,GBP,1.9525
2025-04-19,EUR,1.6591
2025-04-19,SGD,1.1331
2025-04-19,CAD,1.1056
2025-04-20,AUD,1.0023
2025-04-20,USD,1.4914
2025-04-20,GBP,1.9408
2025-04-20,EUR,1.6632
2025-04-20,SGD,1.1602
2025-04-20,CAD,1.1109
2025-04-21,AUD,0.9748
2025-04-21,USD,1.4788
2025-04-21,GBP,1.8489
2025-04-21,EUR,1.6396
2025-04-21,SGD,1.1294
2025-04-21,CAD,1.06
2025-04-22,AUD,1.0408
2025-04-22,USD,1.5411
2025-04-22,GBP,1.9266
2025-04-22,EUR,1.6857
2025-04-22,SGD,1.1365
2025-04-22,CAD,1.1138
2025-04-23,AUD,1.0285
2025-04-23,USD,1.5527
2025-04-23,GBP,1.9325
2025-04-23,EUR,1.6554
2025-04-23,SGD,1.1555
2025-04-23,CAD,1.0819
2025-04-24,AUD,1.0131
2025-04-24,USD,1.4686
2025-04-24,GBP,1.9114
2025-04-24,EUR,1.6741
2025-04-24,SGD,1.1452
2025-04-24,CAD,1.1072
2025-04-25,AUD,0.9785
2025-04-25,USD,1.4732
2025-04-25,GBP,1.9322
2025-04-25,EUR,1.665
2025-04-25,SGD,1.1276
2025-04-25,CAD,1.0789
2025-04-26,AUD,1.0012
2025-04-26,USD,1.5472
2025-04-26,GBP,1.9337
2025-04-26,EUR,1.641
2025-04-26,SGD,1.126
2025-04-26,CAD,1.0868
2025-04-27,AUD,1.0164
2025-04-27,USD,1.5086
2025-04-27,GBP,1.8802
2025-04-27,EUR,1.6656
2025-04-27,SGD,1.1403
2025-04-27,CAD,1.1171
2025-04-28,AUD,1.0051
2025-04-28,USD,1.5134
2025-04-28,GBP,1.9456
2025-04-28,EUR,1.7023
2025-04-28,SGD,1.1476
2025-04-28,CAD,1.1181
2025-04-29,AUD,0.9881
2025-04-29,USD,1.4891
2025-04-29,GBP,1.8546
2025-04-29,EUR,1.6766
2025-04-29,SGD,1.1659
2025-04-29,CAD,1.1354
2025-04-30,AUD,0.9926
2025-04-30,USD,1.5068
2025-04-30,GBP,1.9454
2025-04-30,EUR,1.6425
2025-04-30,SGD,1.1585
2025-04-30,CAD,1.0982
2025-05-01,AUD,0.989
2025-05-01,USD,1.5303
2025-05-01,GBP,1.9488
2025-05-01,EUR,1.654
2025-05-01,SGD,1.13
2025-05-01,CAD,1.1088
2025-05-02,AUD,1.0066
2025-05-02,USD,1.5317
2025-05-02,GBP,1.8601
2025-05-02,EUR,1.633
2025-05-02,SGD,1.1182
2025-05-02,CAD,1.0815
2025-05-03,AUD,0.9967
2025-05-03,USD,1.5114
2025-05-03,GBP,1.8764
2025-05-03,EUR,1.674
2025-05-03,SGD,1.1353
2025-05-03,CAD,1.0966
2025-05-04,AUD,1.0101
2025-05-04,USD,1.533
2025-05-04,GBP,1.9256
2025-05-04,EUR,1.6838
2025-05-04,SGD,1.1368
2025-05-04,CAD,1.1225
2025-05-05,AUD,1.0063
2025-05-05,USD,1.5213
2025-05-05,GBP,1.9034
2025-05-05,EUR,1.6425
2025-05-05,SGD,1.1437
2025-05-05,CAD,1.0901
2025-05-06,AUD,0.9819
2025-05-06,USD,1.511
2025-05-06,GBP,1.9584
2025-05-06,EUR,1.674
2025-05-06,SGD,1.1648
2025-05-06,CAD,1.0958
2025-05-07,AUD,1.0096
2025-05-07,USD,1.5024
2025-05-07,GBP,1.8922
2025-05-07,EUR,1.6393
2025-05-07,SGD,1.1153
2025-05-07,CAD,1.126
2025-05-08,AUD,0.9771
2025-05-08,USD,1.5062
2025-05-08,GBP,1.9179
2025-05-08,EUR,1.6176
2025-05-08,SGD,1.1692
2025-05-08,CAD,1.0798
2025-05-09,AUD,0.996
2025-05-09,USD,1.5249
2025-05-09,GBP,1.9607
2025-05-09,EUR,1.6004
2025-05-09,SGD,1.1484
2025-05-09,CAD,1.13
2025-05-10,AUD,1.0082
2025-05-10,USD,1.5428
2025-05-10,GBP,1.8999
2025-05-10,EUR,1.6323
2025-05-10,SGD,1.1602
2025-05-10,CAD,1.1009
2025-05-11,AUD,1.0139
2025-05-11,USD,1.509
2025-05-11,GBP,1.9331
2025-05-11,EUR,1.6385
2025-05-11,SGD,1.1376
2025-05-11,CAD,1.1113
2025-05-12,AUD,0.9847
2025-05-12,USD,1.5397
2025-05-12,GBP,1.9021
2025-05-12,EUR,1.6331
2025-05-12,SGD,1.1182
2025-05-12,CAD,1.0881
2025-05-13,AUD,1.0261
2025-05-13,USD,1.5624
2025-05-13,GBP,1.9095
2025-05-13,EUR,1.6774
2025-05-13,SGD,1.1448
2025-05-13,CAD,1.1124
2025-05-14,AUD,0.9841
2025-05-14,USD,1.5129
2025-05-14,GBP,1.9127
2025-05-14,EUR,1.6586
2025-05-14,SGD,1.1649
2025-05-14,CAD,1.1127
2025-05-15,AUD,1.0105
2025-05-15,USD,1.4717
2025-05-15,GBP,1.9352
2025-05-15,EUR,1.6716
2025-05-15,SGD,1.1782
2025-05-15,CAD,1.1065
2025-05-16,AUD,0.9927
2025-05-16,USD,1.4729
2025-05-16,GBP,1.8876
2025-05-16,EUR,1.6362
2025-05-16,SGD,1.1446
2025-05-16,CAD,1.0632
2025-05-17,AUD,0.9941
2025-05-17,USD,1.5319
2025-05-17,GBP,1.8892
2025-05-17,EUR,1.6366
2025-05-17,SGD,1.1719
2025-05-17,CAD,1.1191
2025-05-18,AUD,0.9778
2025-05-18,USD,1.5038
2025-05-18,GBP,1.9897
2025-05-18,EUR,1.6715
2025-05-18,SGD,1.1614
2025-05-18,CAD,1.093
2025-05-19,AUD,1.0036
2025-05-19,USD,1.507
2025-05-19,GBP,1.9405
2025-05-19,EUR,1.684
2025-05-19,SGD,1.1244
2025-05-19,CAD,1.075
2025-05-20,AUD,0.9981
2025-05-20,USD,1.4627
2025-05-20,GBP,1.986
2025-05-20,EUR,1.6545
2025-05-20,SGD,1.1179
2025-05-20,CAD,1.1065
2025-05-21,AUD,0.9911
2025-05-21,USD,1.5152
2025-05-21,GBP,1.9417
2025-05-21,EUR,1.6341
2025-05-21,SGD,1.1221
2025-05-21,CAD,1.0666
2025-05-22,AUD,0.9922
2025-05-22,USD,1.4811
2025-05-22,GBP,1.8853
2025-05-22,EUR,1.669
2025-05-22,SGD,1.1246
2025-05-22,CAD,1.0929
2025-05-23,AUD,0.9964
2025-05-23,USD,1.4763
2025-05-23,GBP,1.9134
2025-05-23,EUR,1.6873
2025-05-23,SGD,1.1231
2025-05-23,CAD,1.1032
2025-05-24,AUD,1.0082
2025-05-24,USD,1.5082
2025-05-24,GBP,1.9484
2025-05-24,EUR,1.6416
2025-05-24,SGD,1.1413
2025-05-24,CAD,1.1139
2025-05-25,AUD,1.0022
2025-05-25,USD,1.5009
2025-05-25,GBP,1.8984
2025-05-25,EUR,1.6054
2025-05-25,SGD,1.1415
2025-05-25,CAD,1.1238
2025-05-26,AUD,1.0107
2025-05-26,USD,1.4836
2025-05-26,GBP,1.9516
2025-05-26,EUR,1.6057
2025-05-26,SGD,1.1427
2025-05-26,CAD,1.1017
2025-05-27,AUD,0.9876
2025-05-27,USD,1.5421
2025-05-27,GBP,1.9633
2025-05-27,EUR,1.5713
2025-05-27,SGD,1.1529
2025-05-27,CAD,1.1248
2025-05-28,AUD,1.01
2025-05-28,USD,1.5352
2025-05-28,GBP,1.9539
2025-05-28,EUR,1.6386
2025-05-28,SGD,1.1399
2025-05-28,CAD,1.088
2025-05-29,AUD,1.0174
2025-05-29,USD,1.5174
2025-05-29,GBP,1.948
2025-05-29,EUR,1.6715
2025-05-29,SGD,1.1376
2025-05-29,CAD,1.1001
2025-05-30,AUD,1.0189
2025-05-30,USD,1.5158
2025-05-30,GBP,1.9085
2025-05-30,EUR,1.6291
2025-05-30,SGD,1.1155
2025-05-30,CAD,1.119
2025-05-31,AUD,1.0144
2025-05-31,USD,1.5245
2025-05-31,GBP,1.9329
2025-05-31,EUR,1.6306
2025-05-31,SGD,1.1363
2025-05-31,CAD,1.079
2025-06-01,AUD,1.014
2025-06-01,USD,1.4994
2025-06-01,GBP,1.9622
2025-06-01,EUR,1.6203
2025-06-01,SGD,1.1583
2025-06-01,CAD,1.0951
2025-06-02,AUD,1.0217
2025-06-02,USD,1.5204
2025-06-02,GBP,1.9467
2025-06-02,EUR,1.6066
2025-06-02,SGD,1.1385
2025-06-02,CAD,1.0794
2025-06-03,AUD,0.9878
2025-06-03,USD,1.5107
2025-06-03,GBP,1.9792
2025-06-03,EUR,1.6655
2025-06-03,SGD,1.121
2025-06-03,CAD,1.094
2025-06-04,AUD,0.9844
2025-06-04,USD,1.4921
2025-06-04,GBP,1.891
2025-06-04,EUR,1.6533
2025-06-04,SGD,1.1381
2025-06-04,CAD,1.0804
2025-06-05,AUD,0.9856
2025-06-05,USD,1.493
2025-06-05,GBP,2.0199
2025-06-05,EUR,1.6486
2025-06-05,SGD,1.1737
2025-06-05,CAD,1.1021
2025-06-06,AUD,1.0019
2025-06-06,USD,1.5297
2025-06-06,GBP,1.9123
2025-06-06,EUR,1.6374
2025-06-06,SGD,1.1431
2025-06-06,CAD,1.106
2025-06-07,AUD,0.974
2025-06-07,USD,1.5182
2025-06-07,GBP,1.9234
2025-06-07,EUR,1.6587
2025-06-07,SGD,1.1459
2025-06-07,CAD,1.1067
2025-06-08,AUD,0.9757
2025-06-08,USD,1.4854
2025-06-08,GBP,1.9033
2025-06-08,EUR,1.6721
2025-06-08,SGD,1.1075
2025-06-08,CAD,1.0733
2025-06-09,AUD,1.0065
2025-06-09,USD,1.4818
2025-06-09,GBP,1.9119
2025-06-09,EUR,1.656
2025-06-09,SGD,1.1348
2025-06-09,CAD,1.095
2025-06-10,AUD,1.0138
2025-06-10,USD,1.5138
2025-06-10,GBP,1.9695
2025-06-10,EUR,1.6922
2025-06-10,SGD,1.1538
2025-06-10,CAD,1.0896
2025-06-11,AUD,0.9853
2025-06-11,USD,1.5134
2025-06-11,GBP,1.9103
2025-06-11,EUR,1.6199
2025-06-11,SGD,1.1223
2025-06-11,CAD,1.0789
2025-06-12,AUD,1.0139
2025-06-12,USD,1.5044
2025-06-12,GBP,1.9379
2025-06-12,EUR,1.6146
2025-06-12,SGD,1.1393
2025-06-12,CAD,1.0964
2025-06-13,AUD,1.0004
2025-06-13,USD,1.5015
2025-06-13,GBP,1.8968
2025-06-13,EUR,1.6291
2025-06-13,SGD,1.1406
2025-06-13,CAD,1.0903
2025-06-14,AUD,1.0021
2025-06-14,USD,1.5049
2025-06-14,GBP,1.919
2025-06-14,EUR,1.6608
2025-06-14,SGD,1.1463
2025-06-14,CAD,1.0765
2025-06-15,AUD,1.0072
2025-06-15,USD,1.5145
2025-06-15,GBP,1.9685
2025-06-15,EUR,1.6445
2025-06-15,SGD,1.1299
2025-06-15,CAD,1.0714
2025-06-16,AUD,0.9879
2025-06-16,USD,1.5316
2025-06-16,GBP,1.9492
2025-06-16,EUR,1.6618
2025-06-16,SGD,1.1344
2025-06-16,CAD,1.1246
2025-06-17,AUD,0.9962
2025-06-17,USD,1.5275
2025-06-17,GBP,1.9113
2025-06-17,EUR,1.6533
2025-06-17,SGD,1.148
2025-06-17,CAD,1.0714
2025-06-18,AUD,1.0078
2025-06-18,USD,1.5431
2025-06-18,GBP,1.9078
2025-06-18,EUR,1.6266
2025-06-18,SGD,1.1385
2025-06-18,CAD,1.114
2025-06-19,AUD,1.0163
2025-06-19,USD,1.4789
2025-06-19,GBP,1.8966
2025-06-19,EUR,1.6819
2025-06-19,SGD,1.1353
2025-06-19,CAD,1.09
2025-06-20,AUD,0.9766
2025-06-20,USD,1.5172
2025-06-20,GBP,1.8414
2025-06-20,EUR,1.6273
2025-06-20,SGD,1.1251
2025-06-20,CAD,1.0949
2025-06-21,AUD,1.0185
2025-06-21,USD,1.4722
2025-06-21,GBP,1.9455
2025-06-21,EUR,1.6537
2025-06-21,SGD,1.1128
2025-06-21,CAD,1.1301
2025-06-22,AUD,1.0038
2025-06-22,USD,1.5309
2025-06-22,GBP,1.9481
2025-06-22,EUR,1.6366
2025-06-22,SGD,1.1217
2025-06-22,CAD,1.0697
2025-06-23,AUD,1.0
2025-06-23,USD,1.4555
2025-06-23,GBP,1.9034
2025-06-23,EUR,1.6181
2025-06-23,SGD,1.1353
2025-06-23,CAD,1.0761
2025-06-24,AUD,1.0069
2025-06-24,USD,1.5341
2025-06-24,GBP,1.9629
2025-06-24,EUR,1.6706
2025-06-24,SGD,1.1646
2025-06-24,CAD,1.0901
2025-06-25,AUD,0.9964
2025-06-25,USD,1.5115
2025-06-25,GBP,1.9225
2025-06-25,EUR,1.6698
2025-06-25,SGD,1.159
2025-06-25,CAD,1.085
2025-06-26,AUD,0.9693
2025-06-26,USD,1.5316
2025-06-26,GBP,1.9183
2025-06-26,EUR,1.6601
2025-06-26,SGD,1.1277
2025-06-26,CAD,1.0899
2025-06-27,AUD,1.0138
2025-06-27,USD,1.53
2025-06-27,GBP,1.9275
2025-06-27,EUR,1.67
2025-06-27,SGD,1.166
2025-06-27,CAD,1.0916
2025-06-28,AUD,0.9771
2025-06-28,USD,1.4649
2025-06-28,GBP,1.9703
2025-06-28,EUR,1.6461
2025-06-28,SGD,1.146
2025-06-28,CAD,1.1042
2025-06-29,AUD,1.0264
2025-06-29,USD,1.5539
2025-06-29,GBP,1.9473
2025-06-29,EUR,1.638
2025-06-29,SGD,1.1366
2025-06-29,CAD,1.083
2025-06-30,AUD,0.998
2025-06-30,USD,1.5453
2025-06-30,GBP,1.9115
2025-06-30,EUR,1.6482
2025-06-30,SGD,1.1163
2025-06-30,CAD,1.1007
2025-07-01,AUD,1.0135
2025-07-01,USD,1.5357
2025-07-01,GBP,1.902
2025-07-01,EUR,1.6629
2025-07-01,SGD,1.1442
2025-07-01,CAD,1.1305
2025-07-02,AUD,1.0115
2025-07-02,USD,1.4792
2025-07-02,GBP,1.8988
2025-07-02,EUR,1.6503
2025-07-02,SGD,1.1476
2025-07-02,CAD,1.0928
2025-07-03,AUD,1.017
2025-07-03,USD,1.4986
2025-07-03,GBP,1.9027
2025-07-03,EUR,1.6274
2025-07-03,SGD,1.1593
2025-07-03,CAD,1.1075
2025-07-04,AUD,0.9942
2025-07-04,USD,1.4821
2025-07-04,GBP,1.9368
2025-07-04,EUR,1.6694
2025-07-04,SGD,1.151
2025-07-04,CAD,1.0918
2025-07-05,AUD,0.992
2025-07-05,USD,1.5092
2025-07-05,GBP,1.9477
2025-07-05,EUR,1.6471
2025-07-05,SGD,1.1322
2025-07-05,CAD,1.0975
2025-07-06,AUD,1.0081
2025-07-06,USD,1.5099
2025-07-06,GBP,1.882
2025-07-06,EUR,1.6021
2025-07-06,SGD,1.1403
2025-07-06,CAD,1.0599
2025-07-07,AUD,1.0012
2025-07-07,USD,1.5087
2025-07-07,GBP,1.9833
2025-07-07,EUR,1.6169
2025-07-07,SGD,1.1476
2025-07-07,CAD,1.0748
2025-07-08,AUD,0.9956
2025-07-08,USD,1.4969
2025-07-08,GBP,1.8967
2025-07-08,EUR,1.6622
2025-07-08,SGD,1.1464
2025-07-08,CAD,1.1095
2025-07-09,AUD,1.0053
2025-07-09,USD,1.4775
2025-07-09,GBP,1.9111
2025-07-09,EUR,1.6741
2025-07-09,SGD,1.1571
2025-07-09,CAD,1.0969
2025-07-10,AUD,1.0036
2025-07-10,USD,1.5423
2025-07-10,GBP,1.9419
2025-07-10,EUR,1.6442
2025-07-10,SGD,1.1373
2025-07-10,CAD,1.0752
2025-07-11,AUD,0.979
2025-07-11,USD,1.5263
2025-07-11,GBP,1.9526
2025-07-11,EUR,1.6471
2025-07-11,SGD,1.1137
2025-07-11,CAD,1.0917
2025-07-12,AUD,1.0259
2025-07-12,USD,1.5091
2025-07-12,GBP,1.9412
2025-07-12,EUR,1.6754
2025-07-12,SGD,1.135
2025-07-12,CAD,1.1204
2025-07-13,AUD,1.008
2025-07-13,USD,1.5448
2025-07-13,GBP,1.8831
2025-07-13,EUR,1.6629
2025-07-13,SGD,1.1241
2025-07-13,CAD,1.101
2025-07-14,AUD,1.0009
2025-07-14,USD,1.4918
2025-07-14,GBP,1.857
2025-07-14,EUR,1.6663
2025-07-14,SGD,1.1362
2025-07-14,CAD,1.1054
2025-07-15,AUD,0.9652
2025-07-15,USD,1.5294
2025-07-15,GBP,1.8906
2025-07-15,EUR,1.6375
2025-07-15,SGD,1.1544
2025-07-15,CAD,1.1122
2025-07-16,AUD,0.9896
2025-07-16,USD,1.5024
2025-07-16,GBP,1.8956
2025-07-16,EUR,1.6416
2025-07-16,SGD,1.1445
2025-07-16,CAD,1.1154
2025-07-17,AUD,1.0001
2025-07-17,USD,1.5112
2025-07-17,GBP,1.9655
2025-07-17,EUR,1.637
2025-07-17,SGD,1.1506
2025-07-17,CAD,1.1032
2025-07-18,AUD,0.9773
2025-07-18,USD,1.5379
2025-07-18,GBP,1.8748
2025-07-18,EUR,1.644
2025-07-18,SGD,1.1011
2025-07-18,CAD,1.0908
2025-07-19,AUD,1.0012
2025-07-19,USD,1.5385
2025-07-19,GBP,1.984
2025-07-19,EUR,1.6594
2025-07-19,SGD,1.132
2025-07-19,CAD,1.093
2025-07-20,AUD,1.009
2025-07-20,USD,1.472
2025-07-20,GBP,1.8506
2025-07-20,EUR,1.6479
2025-07-20,SGD,1.1464
2025-07-20,CAD,1.1101
2025-07-21,AUD,1.0065
2025-07-21,USD,1.5356
2025-07-21,GBP,1.9056
2025-07-21,EUR,1.6279
2025-07-21,SGD,1.1177
2025-07-21,CAD,1.0963
2025-07-22,AUD,0.9966
2025-07-22,USD,1.5147
2025-07-22,GBP,1.9334
2025-07-22,EUR,1.6548
2025-07-22,SGD,1.1305
2025-07-22,CAD,1.0973
2025-07-23,AUD,1.0086
2025-07-23,USD,1.4963
2025-07-23,GBP,1.9382
2025-07-23,EUR,1.647
2025-07-23,SGD,1.1658
2025-07-23,CAD,1.1086
2025-07-24,AUD,1.0001
2025-07-24,USD,1.496
2025-07-24,GBP,1.9305
2025-07-24,EUR,1.6674
2025-07-24,SGD,1.1349
2025-07-24,CAD,1.0918
2025-07-25,AUD,1.0141
2025-07-25,USD,1.4806
2025-07-25,GBP,1.9791
2025-07-25,EUR,1.6737
2025-07-25,SGD,1.1375
2025-07-25,CAD,1.0731
2025-07-26,AUD,0.9896
2025-07-26,USD,1.5287
2025-07-26,GBP,1.9485
2025-07-26,EUR,1.621
2025-07-26,SGD,1.1346
2025-07-26,CAD,1.0638
2025-07-27,AUD,0.9998
2025-07-27,USD,1.5044
2025-07-27,GBP,1.9403
2025-07-27,EUR,1.6631
2025-07-27,SGD,1.1349
2025-07-27,CAD,1.0886
2025-07-28,AUD,0.9962
2025-07-28,USD,1.4861
2025-07-28,GBP,1.9612
2025-07-28,EUR,1.6925
2025-07-28,SGD,1.2052
2025-07-28,CAD,1.0878
2025-07-29,AUD,1.0039
2025-07-29,USD,1.5198
2025-07-29,GBP,1.906
2025-07-29,EUR,1.6239
2025-07-29,SGD,1.1426
2025-07-29,CAD,1.1298
2025-07-30,AUD,0.9835
2025-07-30,USD,1.5132
2025-07-30,GBP,1.9295
2025-07-30,EUR,1.6647
2025-07-30,SGD,1.1556
2025-07-30,CAD,1.1096
2025-07-31,AUD,0.9966
2025-07-31,USD,1.5081
2025-07-31,GBP,1.9588
2025-07-31,EUR,1.642
2025-07-31,SGD,1.15
2025-07-31,CAD,1.1037
2025-08-01,AUD,0.9841
2025-08-01,USD,1.5406
2025-08-01,GBP,1.9237
2025-08-01,EUR,1.6382
2025-08-01,SGD,1.1178
2025-08-01,CAD,1.1051
2025-08-02,AUD,0.9782
2025-08-02,USD,1.5154
2025-08-02,GBP,1.9549
2025-08-02,EUR,1.6791
2025-08-02,SGD,1.1398
2025-08-02,CAD,1.0812
2025-08-03,AUD,0.9948
2025-08-03,USD,1.5307
2025-08-03,GBP,1.8981
2025-08-03,EUR,1.6403
2025-08-03,SGD,1.1262
2025-08-03,CAD,1.1084
2025-08-04,AUD,0.9979
2025-08-04,USD,1.5181
2025-08-04,GBP,1.9314
2025-08-04,EUR,1.6732
2025-08-04,SGD,1.1509
2025-08-04,CAD,1.0851
2025-08-05,AUD,0.9863
2025-08-05,USD,1.48
2025-08-05,GBP,1.9112
2025-08-05,EUR,1.6747
2025-08-05,SGD,1.1743
2025-08-05,CAD,1.0951
2025-08-06,AUD,1.009
2025-08-06,USD,1.4842
2025-08-06,GBP,1.9066
2025-08-06,EUR,1.6391
2025-08-06,SGD,1.1282
2025-08-06,CAD,1.0829
2025-08-07,AUD,0.988
2025-08-07,USD,1.5076
2025-08-07,GBP,1.9059
2025-08-07,EUR,1.595
2025-08-07,SGD,1.1524
2025-08-07,CAD,1.1022
2025-08-08,AUD,1.0173
2025-08-08,USD,1.5148
2025-08-08,GBP,1.9451
2025-08-08,EUR,1.6516
2025-08-08,SGD,1.1437
2025-08-08,CAD,1.0971
2025-08-09,AUD,1.002
2025-08-09,USD,1.5157
2025-08-09,GBP,1.896
2025-08-09,EUR,1.6316
2025-08-09,SGD,1.1341
2025-08-09,CAD,1.0823
2025-08-10,AUD,0.9892
2025-08-10,USD,1.4768
2025-08-10,GBP,1.9559
2025-08-10,EUR,1.6299
2025-08-10,SGD,1.1209
2025-08-10,CAD,1.0839
2025-08-11,AUD,1.03
2025-08-11,USD,1.5164
2025-08-11,GBP,1.9339
2025-08-11,EUR,1.6638
2025-08-11,SGD,1.132
2025-08-11,CAD,1.1275
2025-08-12,AUD,1.004
2025-08-12,USD,1.4912
2025-08-12,GBP,1.9147
2025-08-12,EUR,1.6548
2025-08-12,SGD,1.1149
2025-08-12,CAD,1.1034
2025-08-13,AUD,1.001
2025-08-13,USD,1.5467
2025-08-13,GBP,1.9357
2025-08-13,EUR,1.6513
2025-08-13,SGD,1.1568
2025-08-13,CAD,1.1051
2025-08-14,AUD,0.9993
2025-08-14,USD,1.5182
2025-08-14,GBP,1.9157
2025-08-14,EUR,1.6799
2025-08-14,SGD,1.1464
2025-08-14,CAD,1.0883
2025-08-15,AUD,0.9994
2025-08-15,USD,1.5645
2025-08-15,GBP,1.9617
2025-08-15,EUR,1.6823
2025-08-15,SGD,1.1677
2025-08-15,CAD,1.1181
2025-08-16,AUD,0.9902
2025-08-16,USD,1.4853
2025-08-16,GBP,1.9351
2025-08-16,EUR,1.6441
2025-08-16,SGD,1.1612
2025-08-16,CAD,1.0935
2025-08-17,AUD,0.9966
2025-08-17,USD,1.4841
2025-08-17,GBP,1.9336
2025-08-17,EUR,1.6579
2025-08-17,SGD,1.1205
2025-08-17,CAD,1.1016
2025-08-18,AUD,1.0034
2025-08-18,USD,1.5245
2025-08-18,GBP,1.9109
2025-08-18,EUR,1.6113
2025-08-18,SGD,1.1392
2025-08-18,CAD,1.1121
2025-08-19,AUD,1.0138
2025-08-19,USD,1.4857
2025-08-19,GBP,1.8764
2025-08-19,EUR,1.66
2025-08-19,SGD,1.139
2025-08-19,CAD,1.1083
2025-08-20,AUD,0.9894
2025-08-20,USD,1.5066
2025-08-20,GBP,1.8969
2025-08-20,EUR,1.6173
2025-08-20,SGD,1.1607
2025-08-20,CAD,1.0882
2025-08-21,AUD,1.0237
2025-08-21,USD,1.491
2025-08-21,GBP,1.8942
2025-08-21,EUR,1.6791
2025-08-21,SGD,1.1162
2025-08-21,CAD,1.0951
2025-08-22,AUD,0.987
2025-08-22,USD,1.4531
2025-08-22,GBP,1.8867
2025-08-22,EUR,1.6338
2025-08-22,SGD,1.1471
2025-08-22,CAD,1.0999
2025-08-23,AUD,0.98
2025-08-23,USD,1.5458
2025-08-23,GBP,1.94
2025-08-23,EUR,1.6324
2025-08-23,SGD,1.1347
2025-08-23,CAD,1.0939
2025-08-24,AUD,0.9985
2025-08-24,USD,1.5227
2025-08-24,GBP,1.9129
2025-08-24,EUR,1.61
2025-08-24,SGD,1.1162
2025-08-24,CAD,1.0688
2025-08-25,AUD,1.0015
2025-08-25,USD,1.5259
2025-08-25,GBP,1.8496
2025-08-25,EUR,1.6766
2025-08-25,SGD,1.1211
2025-08-25,CAD,1.0726
2025-08-26,AUD,1.012
2025-08-26,USD,1.5021
2025-08-26,GBP,1.8809
2025-08-26,EUR,1.6287
2025-08-26,SGD,1.1343
2025-08-26,CAD,1.088
2025-08-27,AUD,0.9982
2025-08-27,USD,1.4856
2025-08-27,GBP,1.9324
2025-08-27,EUR,1.6621
2025-08-27,SGD,1.1366
2025-08-27,CAD,1.1298
2025-08-28,AUD,0.9986
2025-08-28,USD,1.5216
2025-08-28,GBP,1.93
2025-08-28,EUR,1.6501
2025-08-28,SGD,1.1471
2025-08-28,CAD,1.129
2025-08-29,AUD,1.009
2025-08-29,USD,1.5084
2025-08-29,GBP,1.9202
2025-08-29,EUR,1.6679
2025-08-29,SGD,1.155
2025-08-29,CAD,1.0964
2025-08-30,AUD,0.9947
2025-08-30,USD,1.51
2025-08-30,GBP,1.953
2025-08-30,EUR,1.6449
2025-08-30,SGD,1.1266
2025-08-30,CAD,1.1066
2025-08-31,AUD,0.9861
2025-08-31,USD,1.5383
2025-08-31,GBP,1.8884
2025-08-31,EUR,1.653
2025-08-31,SGD,1.1388
2025-08-31,CAD,1.0925
2025-09-01,AUD,0.9872
2025-09-01,USD,1.5233
2025-09-01,GBP,1.9125
2025-09-01,EUR,1.6599
2025-09-01,SGD,1.1673
2025-09-01,CAD,1.107
2025-09-02,AUD,1.0012
2025-09-02,USD,1.5025
2025-09-02,GBP,1.9115
2025-09-02,EUR,1.6393
2025-09-02,SGD,1.1357
2025-09-02,CAD,1.0991
2025-09-03,AUD,1.0432
2025-09-03,USD,1.5206
2025-09-03,GBP,1.9106
2025-09-03,EUR,1.6687
2025-09-03,SGD,1.1407
2025-09-03,CAD,1.1173
2025-09-04,AUD,0.9867
2025-09-04,USD,1.5047
2025-09-04,GBP,1.9002
2025-09-04,EUR,1.66
2025-09-04,SGD,1.1524
2025-09-04,CAD,1.1038
2025-09-05,AUD,0.9911
2025-09-05,USD,1.5139
2025-09-05,GBP,1.9596
2025-09-05,EUR,1.6485
2025-09-05,SGD,1.14
2025-09-05,CAD,1.0809
2025-09-06,AUD,0.9974
2025-09-06,USD,1.5435
2025-09-06,GBP,1.9001
2025-09-06,EUR,1.6408
2025-09-06,SGD,1.1332
2025-09-06,CAD,1.0829
2025-09-07,AUD,1.0086
2025-09-07,USD,1.5278
2025-09-07,GBP,1.9281
2025-09-07,EUR,1.6601
2025-09-07,SGD,1.1491
2025-09-07,CAD,1.0807
2025-09-08,AUD,1.0149
2025-09-08,USD,1.5043
2025-09-08,GBP,1.8824
2025-09-08,EUR,1.6202
2025-09-08,SGD,1.1092
2025-09-08,CAD,1.0917
2025-09-09,AUD,0.9748
2025-09-09,USD,1.4791
2025-09-09,GBP,1.8907
2025-09-09,EUR,1.6662
2025-09-09,SGD,1.1352
2025-09-09,CAD,1.0715
2025-09-10,AUD,0.9743
2025-09-10,USD,1.5286
2025-09-10,GBP,1.9194
2025-09-10,EUR,1.6622
2025-09-10,SGD,1.1402
2025-09-10,CAD,1.0866
2025-09-11,AUD,0.972
2025-09-11,USD,1.4998
2025-09-11,GBP,1.9248
2025-09-11,EUR,1.6547
2025-09-11,SGD,1.1395
2025-09-11,CAD,1.099
2025-09-12,AUD,1.0217
2025-09-12,USD,1.5353
2025-09-12,GBP,1.9112
2025-09-12,EUR,1.6708
2025-09-12,SGD,1.1246
2025-09-12,CAD,1.1003
2025-09-13,AUD,1.0154
2025-09-13,USD,1.4854
2025-09-13,GBP,1.9098
2025-09-13,EUR,1.6428
2025-09-13,SGD,1.1338
2025-09-13,CAD,1.12
2025-09-14,AUD,1.019
2025-09-14,USD,1.524
2025-09-14,GBP,1.9343
2025-09-14,EUR,1.6546
2025-09-14,SGD,1.152
2025-09-14,CAD,1.1052
2025-09-15,AUD,1.0056
2025-09-15,USD,1.5014
2025-09-15,GBP,1.9003
2025-09-15,EUR,1.6676
2025-09-15,SGD,1.0931
2025-09-15,CAD,1.0789
2025-09-16,AUD,1.0007
2025-09-16,USD,1.4872
2025-09-16,GBP,1.9405
2025-09-16,EUR,1.6263
2025-09-16,SGD,1.145
2025-09-16,CAD,1.0699
2025-09-17,AUD,1.0069
2025-09-17,USD,1.4939
2025-09-17,GBP,1.9095
2025-09-17,EUR,1.6687
2025-09-17,SGD,1.1361
2025-09-17,CAD,1.1146
2025-09-18,AUD,0.9824
2025-09-18,USD,1.5322
2025-09-18,GBP,1.9408
2025-09-18,EUR,1.6295
2025-09-18,SGD,1.16
2025-09-18,CAD,1.1012
2025-09-19,AUD,1.0038
2025-09-19,USD,1.5015
2025-09-19,GBP,1.9414
2025-09-19,EUR,1.6147
2025-09-19,SGD,1.1448
2025-09-19,CAD,1.0635
2025-09-20,AUD,0.9861
2025-09-20,USD,1.4849
2025-09-20,GBP,1.9056
2025-09-20,EUR,1.6464
2025-09-20,SGD,1.161
2025-09-20,CAD,1.0797
2025-09-21,AUD,1.007
2025-09-21,USD,1.4935
2025-09-21,GBP,1.923
2025-09-21,EUR,1.6316
2025-09-21,SGD,1.1331
2025-09-21,CAD,1.1229
2025-09-22,AUD,1.0077
2025-09-22,USD,1.4797
2025-09-22,GBP,1.8753
2025-09-22,EUR,1.6624
2025-09-22,SGD,1.1538
2025-09-22,CAD,1.1077
2025-09-23,AUD,1.0009
2025-09-23,USD,1.5359
2025-09-23,GBP,1.8607
2025-09-23,EUR,1.6451
2025-09-23,SGD,1.1305
2025-09-23,CAD,1.0997
2025-09-24,AUD,1.0161
2025-09-24,USD,1.5034
2025-09-24,GBP,1.8987
2025-09-24,EUR,1.6433
2025-09-24,SGD,1.1352
2025-09-24,CAD,1.0919
2025-09-25,AUD,0.9862
2025-09-25,USD,1.494
2025-09-25,GBP,1.9147
2025-09-25,EUR,1.6622
2025-09-25,SGD,1.1025
2025-09-25,CAD,1.0801
2025-09-26,AUD,1.0062
2025-09-26,USD,1.5217
2025-09-26,GBP,1.9217
2025-09-26,EUR,1.6652
2025-09-26,SGD,1.1477
2025-09-26,CAD,1.1174
2025-09-27,AUD,0.9787
2025-09-27,USD,1.5361
2025-09-27,GBP,1.901
2025-09-27,EUR,1.6754
2025-09-27,SGD,1.1294
2025-09-27,CAD,1.0992
2025-09-28,AUD,0.9699
2025-09-28,USD,1.5032
2025-09-28,GBP,1.9422
2025-09-28,EUR,1.6822
2025-09-28,SGD,1.1391
2025-09-28,CAD,1.1159
2025-09-29,AUD,0.9921
2025-09-29,USD,1.5065
2025-09-29,GBP,1.9171
2025-09-29,EUR,1.6356
2025-09-29,SGD,1.1624
2025-09-29,CAD,1.1149
2025-09-30,AUD,0.9956
2025-09-30,USD,1.4902
2025-09-30,GBP,1.9195
2025-09-30,EUR,1.6686
2025-09-30,SGD,1.1325
2025-09-30,CAD,1.1336
2025-10-01,AUD,0.9801
2025-10-01,USD,1.5284
2025-10-01,GBP,1.9608
2025-10-01,EUR,1.6356
2025-10-01,SGD,1.1308
2025-10-01,CAD,1.1114
2025-10-02,AUD,1.0038
2025-10-02,USD,1.4701
2025-10-02,GBP,1.9385
2025-10-02,EUR,1.6989
2025-10-02,SGD,1.1452
2025-10-02,CAD,1.0827
2025-10-03,AUD,1.0074
2025-10-03,USD,1.5085
2025-10-03,GBP,1.9431
2025-10-03,EUR,1.6593
2025-10-03,SGD,1.1278
2025-10-03,CAD,1.1069
2025-10-04,AUD,1.0119
2025-10-04,USD,1.5101
2025-10-04,GBP,1.9475
2025-10-04,EUR,1.6599
2025-10-04,SGD,1.1569
2025-10-04,CAD,1.1272
2025-10-05,AUD,1.0328
2025-10-05,USD,1.5499
2025-10-05,GBP,1.9352
2025-10-05,EUR,1.6767
2025-10-05,SGD,1.1644
2025-10-05,CAD,1.1036
2025-10-06,AUD,1.0025
2025-10-06,USD,1.5159
2025-10-06,GBP,1.9188
2025-10-06,EUR,1.6521
2025-10-06,SGD,1.1329
2025-10-06,CAD,1.0932
2025-10-07,AUD,0.9919
2025-10-07,USD,1.4791
2025-10-07,GBP,1.9036
2025-10-07,EUR,1.6638
2025-10-07,SGD,1.124
2025-10-07,CAD,1.0887
2025-10-08,AUD,0.9949
2025-10-08,USD,1.5129
2025-10-08,GBP,1.899
2025-10-08,EUR,1.663
2025-10-08,SGD,1.1154
2025-10-08,CAD,1.1157
2025-10-09,AUD,1.0131
2025-10-09,USD,1.5298
2025-10-09,GBP,1.9104
2025-10-09,EUR,1.6282
2025-10-09,SGD,1.1645
2025-10-09,CAD,1.0741
2025-10-10,AUD,0.9809
2025-10-10,USD,1.518
2025-10-10,GBP,1.8994
2025-10-10,EUR,1.6907
2025-10-10,SGD,1.1271
2025-10-10,CAD,1.0743
2025-10-11,AUD,0.983
2025-10-11,USD,1.4875
2025-10-11,GBP,1.9146
2025-10-11,EUR,1.648
2025-10-11,SGD,1.1336
2025-10-11,CAD,1.1154
2025-10-12,AUD,0.9986
2025-10-12,USD,1.5138
2025-10-12,GBP,1.9224
2025-10-12,EUR,1.6484
2025-10-12,SGD,1.1525
2025-10-12,CAD,1.114
2025-10-13,AUD,0.9932
2025-10-13,USD,1.5062
2025-10-13,GBP,1.9
2025-10-13,EUR,1.6588
2025-10-13,SGD,1.1388
2025-10-13,CAD,1.0927
2025-10-14,AUD,0.9797
2025-10-14,USD,1.5035
2025-10-14,GBP,1.9117
2025-10-14,EUR,1.7008
2025-10-14,SGD,1.1491
2025-10-14,CAD,1.0832
2025-10-15,AUD,0.9991
2025-10-15,USD,1.5008
2025-10-15,GBP,1.9269
2025-10-15,EUR,1.6372
2025-10-15,SGD,1.1256
2025-10-15,CAD,1.1164
2025-10-16,AUD,0.9809
2025-10-16,USD,1.4877
2025-10-16,GBP,1.8684
2025-10-16,EUR,1.6521
2025-10-16,SGD,1.1802
2025-10-16,CAD,1.058
2025-10-17,AUD,0.99
2025-10-17,USD,1.4971
2025-10-17,GBP,1.8502
2025-10-17,EUR,1.6876
2025-10-17,SGD,1.1194
2025-10-17,CAD,1.0898
2025-10-18,AUD,1.0186
2025-10-18,USD,1.4907
2025-10-18,GBP,1.877
2025-10-18,EUR,1.6443
2025-10-18,SGD,1.1376
2025-10-18,CAD,1.1122
2025-10-19,AUD,0.9795
2025-10-19,USD,1.5398
2025-10-19,GBP,1.9159
2025-10-19,EUR,1.6878
2025-10-19,SGD,1.147
2025-10-19,CAD,1.0858
2025-10-20,AUD,0.9809
2025-10-20,USD,1.5116
2025-10-20,GBP,1.9204
2025-10-20,EUR,1.6343
2025-10-20,SGD,1.1584
2025-10-20,CAD,1.092
2025-10-21,AUD,1.0184
2025-10-21,USD,1.515
2025-10-21,GBP,1.8739
2025-10-21,EUR,1.6452
2025-10-21,SGD,1.1539
2025-10-21,CAD,1.1187
2025-10-22,AUD,0.9984
2025-10-22,USD,1.4974
2025-10-22,GBP,1.9154
2025-10-22,EUR,1.625
2025-10-22,SGD,1.1269
2025-10-22,CAD,1.1024
2025-10-23,AUD,0.9922
2025-10-23,USD,1.5023
2025-10-23,GBP,1.9189
2025-10-23,EUR,1.6306
2025-10-23,SGD,1.1123
2025-10-23,CAD,1.1018
2025-10-24,AUD,0.9866
2025-10-24,USD,1.4966
2025-10-24,GBP,1.9298
2025-10-24,EUR,1.6726
2025-10-24,SGD,1.1423
2025-10-24,CAD,1.086
2025-10-25,AUD,0.9804
2025-10-25,USD,1.484
2025-10-25,GBP,1.8933
2025-10-25,EUR,1.6473
2025-10-25,SGD,1.1443
2025-10-25,CAD,1.1283
2025-10-26,AUD,0.9962
2025-10-26,USD,1.4803
2025-10-26,GBP,1.9158
2025-10-26,EUR,1.6357
2025-10-26,SGD,1.1644
2025-10-26,CAD,1.1143
2025-10-27,AUD,1.0035
2025-10-27,USD,1.5152
2025-10-27,GBP,1.9446
2025-10-27,EUR,1.6599
2025-10-27,SGD,1.1404
2025-10-27,CAD,1.1016
2025-10-28,AUD,1.0149
2025-10-28,USD,1.5039
2025-10-28,GBP,1.9239
2025-10-28,EUR,1.6371
2025-10-28,SGD,1.1616
2025-10-28,CAD,1.1151
2025-10-29,AUD,0.9994
2025-10-29,USD,1.4764
2025-10-29,GBP,1.9504
2025-10-29,EUR,1.6376
2025-10-29,SGD,1.1056
2025-10-29,CAD,1.1147
2025-10-30,AUD,1.0196
2025-10-30,USD,1.5165
2025-10-30,GBP,1.9475
2025-10-30,EUR,1.6683
2025-10-30,SGD,1.1167
2025-10-30,CAD,1.0947
2025-10-31,AUD,1.0115
2025-10-31,USD,1.5318
2025-10-31,GBP,1.9293
2025-10-31,EUR,1.6592
2025-10-31,SGD,1.1363
2025-10-31,CAD,1.1098
2025-11-01,AUD,1.001
2025-11-01,USD,1.5533
2025-11-01,GBP,1.9855
2025-11-01,EUR,1.7037
2025-11-01,SGD,1.1407
2025-11-01,CAD,1.0891
2025-11-02,AUD,0.9924
2025-11-02,USD,1.4936
2025-11-02,GBP,1.9279
2025-11-02,EUR,1.6714
2025-11-02,SGD,1.1451
2025-11-02,CAD,1.1007
2025-11-03,AUD,0.9948
2025-11-03,USD,1.485
2025-11-03,GBP,1.9227
2025-11-03,EUR,1.6719
2025-11-03,SGD,1.1571
2025-11-03,CAD,1.1036
2025-11-04,AUD,1.0
2025-11-04,USD,1.5077
2025-11-04,GBP,1.9606
2025-11-04,EUR,1.6967
2025-11-04,SGD,1.1258
2025-11-04,CAD,1.1009
2025-11-05,AUD,1.0
2025-11-05,USD,1.5062
2025-11-05,GBP,1.9323
2025-11-05,EUR,1.6443
2025-11-05,SGD,1.1572
2025-11-05,CAD,1.105
2025-11-06,AUD,1.016
2025-11-06,USD,1.5114
2025-11-06,GBP,1.9316
2025-11-06,EUR,1.6765
2025-11-06,SGD,1.1385
2025-11-06,CAD,1.0897
2025-11-07,AUD,0.9837
2025-11-07,USD,1.5252
2025-11-07,GBP,1.9158
2025-11-07,EUR,1.6381
2025-11-07,SGD,1.1507
2025-11-07,CAD,1.0872
2025-11-08,AUD,0.9866
2025-11-08,USD,1.4946
2025-11-08,GBP,1.9114
2025-11-08,EUR,1.6368
2025-11-08,SGD,1.1674
2025-11-08,CAD,1.1129
2025-11-09,AUD,0.9912
2025-11-09,USD,1.4891
2025-11-09,GBP,1.9194
2025-11-09,EUR,1.6565
2025-11-09,SGD,1.1176
2025-11-09,CAD,1.0715
2025-11-10,AUD,0.9986
2025-11-10,USD,1.5482
2025-11-10,GBP,1.9031
2025-11-10,EUR,1.6317
2025-11-10,SGD,1.1309
2025-11-10,CAD,1.1004
2025-11-11,AUD,0.9874
2025-11-11,USD,1.5389
2025-11-11,GBP,1.9105
2025-11-11,EUR,1.6377
2025-11-11,SGD,1.1385
2025-11-11,CAD,1.0958
2025-11-12,AUD,0.9923
2025-11-12,USD,1.4407
2025-11-12,GBP,1.9374
2025-11-12,EUR,1.6551
2025-11-12,SGD,1.1231
2025-11-12,CAD,1.0798
2025-11-13,AUD,1.0302
2025-11-13,USD,1.52
2025-11-13,GBP,1.9196
2025-11-13,EUR,1.6588
2025-11-13,SGD,1.1523
2025-11-13,CAD,1.1378
2025-11-14,AUD,1.0165
2025-11-14,USD,1.4972
2025-11-14,GBP,1.8714
2025-11-14,EUR,1.6479
2025-11-14,SGD,1.1291
2025-11-14,CAD,1.0996
2025-11-15,AUD,1.0453
2025-11-15,USD,1.5494
2025-11-15,GBP,1.9278
2025-11-15,EUR,1.6559
2025-11-15,SGD,1.1308
2025-11-15,CAD,1.1004
2025-11-16,AUD,1.0133
2025-11-16,USD,1.4691
2025-11-16,GBP,1.9181
2025-11-16,EUR,1.6347
2025-11-16,SGD,1.1311
2025-11-16,CAD,1.0771
2025-11-17,AUD,1.0254
2025-11-17,USD,1.5452
2025-11-17,GBP,1.9447
2025-11-17,EUR,1.6505
2025-11-17,SGD,1.1426
2025-11-17,CAD,1.0984
2025-11-18,AUD,0.9921
2025-11-18,USD,1.4947
2025-11-18,GBP,1.9591
2025-11-18,EUR,1.6621
2025-11-18,SGD,1.1041
2025-11-18,CAD,1.0744
2025-11-19,AUD,0.9869
2025-11-19,USD,1.4969
2025-11-19,GBP,1.9189
2025-11-19,EUR,1.627
2025-11-19,SGD,1.1311
2025-11-19,CAD,1.097
2025-11-20,AUD,1.0025
2025-11-20,USD,1.5237
2025-11-20,GBP,1.9192
2025-11-20,EUR,1.647
2025-11-20,SGD,1.1589
2025-11-20,CAD,1.1153
2025-11-21,AUD,1.0022
2025-11-21,USD,1.5159
2025-11-21,GBP,1.9032
2025-11-21,EUR,1.6198
2025-11-21,SGD,1.1413
2025-11-21,CAD,1.1073
2025-11-22,AUD,0.9907
2025-11-22,USD,1.514
2025-11-22,GBP,1.9366
2025-11-22,EUR,1.622
2025-11-22,SGD,1.14
2025-11-22,CAD,1.1122
2025-11-23,AUD,1.0049
2025-11-23,USD,1.5116
2025-11-23,GBP,1.9299
2025-11-23,EUR,1.6437
2025-11-23,SGD,1.1202
2025-11-23,CAD,1.0998
2025-11-24,AUD,1.0118
2025-11-24,USD,1.5052
2025-11-24,GBP,1.9231
2025-11-24,EUR,1.6559
2025-11-24,SGD,1.1575
2025-11-24,CAD,1.0979
2025-11-25,AUD,1.001
2025-11-25,USD,1.5102
2025-11-25,GBP,1.8902
2025-11-25,EUR,1.6254
2025-11-25,SGD,1.0979
2025-11-25,CAD,1.101
2025-11-26,AUD,0.9763
2025-11-26,USD,1.5115
2025-11-26,GBP,1.8948
2025-11-26,EUR,1.7262
2025-11-26,SGD,1.1166
2025-11-26,CAD,1.0967
2025-11-27,AUD,0.9728
2025-11-27,USD,1.4855
2025-11-27,GBP,1.9442
2025-11-27,EUR,1.6179
2025-11-27,SGD,1.1423
2025-11-27,CAD,1.0963
2025-11-28,AUD,0.9878
2025-11-28,USD,1.4911
2025-11-28,GBP,1.8895
2025-11-28,EUR,1.6176
2025-11-28,SGD,1.1342
2025-11-28,CAD,1.062
2025-11-29,AUD,1.0156
2025-11-29,USD,1.5099
2025-11-29,GBP,1.9206
2025-11-29,EUR,1.6634
2025-11-29,SGD,1.13
2025-11-29,CAD,1.1126
2025-11-30,AUD,0.9834
2025-11-30,USD,1.5225
2025-11-30,GBP,1.9485
2025-11-30,EUR,1.6495
2025-11-30,SGD,1.1364
2025-11-30,CAD,1.1132
2025-12-01,AUD,1.0079
2025-12-01,USD,1.5207
2025-12-01,GBP,1.9211
2025-12-01,EUR,1.6639
2025-12-01,SGD,1.1246
2025-12-01,CAD,1.1081
2025-12-02,AUD,0.9897
2025-12-02,USD,1.4796
2025-12-02,GBP,1.9198
2025-12-02,EUR,1.6457
2025-12-02,SGD,1.1352
2025-12-02,CAD,1.1195
2025-12-03,AUD,1.0023
2025-12-03,USD,1.5163
2025-12-03,GBP,1.948
2025-12-03,EUR,1.6385
2025-12-03,SGD,1.1409
2025-12-03,CAD,1.1045
2025-12-04,AUD,1.0134
2025-12-04,USD,1.4932
2025-12-04,GBP,1.943
2025-12-04,EUR,1.6354
2025-12-04,SGD,1.1263
2025-12-04,CAD,1.0924
2025-12-05,AUD,1.0022
2025-12-05,USD,1.5165
2025-12-05,GBP,1.9385
2025-12-05,EUR,1.6386
2025-12-05,SGD,1.1407
2025-12-05,CAD,1.0951
2025-12-06,AUD,0.9963
2025-12-06,USD,1.5019
2025-12-06,GBP,1.9566
2025-12-06,EUR,1.6602
2025-12-06,SGD,1.1393
2025-12-06,CAD,1.079
2025-12-07,AUD,0.9976
2025-12-07,USD,1.487
2025-12-07,GBP,1.9464
2025-12-07,EUR,1.6181
2025-12-07,SGD,1.1519
2025-12-07,CAD,1.1018
2025-12-08,AUD,1.0084
2025-12-08,USD,1.4983
2025-12-08,GBP,1.9566
2025-12-08,EUR,1.6289
2025-12-08,SGD,1.1375
2025-12-08,CAD,1.0946
2025-12-09,AUD,0.9977
2025-12-09,USD,1.5199
2025-12-09,GBP,1.9399
2025-12-09,EUR,1.6731
2025-12-09,SGD,1.1102
2025-12-09,CAD,1.0868
2025-12-10,AUD,0.9729
2025-12-10,USD,1.5028
2025-12-10,GBP,1.9179
2025-12-10,EUR,1.6839
2025-12-10,SGD,1.125
2025-12-10,CAD,1.0798
2025-12-11,AUD,0.9869
2025-12-11,USD,1.4758
2025-12-11,GBP,1.9605
2025-12-11,EUR,1.6196
2025-12-11,SGD,1.0971
2025-12-11,CAD,1.1023
2025-12-12,AUD,0.9818
2025-12-12,USD,1.5129
2025-12-12,GBP,1.9237
2025-12-12,EUR,1.6523
2025-12-12,SGD,1.1371
2025-12-12,CAD,1.1022
2025-12-13,AUD,1.0049
2025-12-13,USD,1.4795
2025-12-13,GBP,1.9767
2025-12-13,EUR,1.693
2025-12-13,SGD,1.1095
2025-12-13,CAD,1.1051
2025-12-14,AUD,0.9919
2025-12-14,USD,1.5127
2025-12-14,GBP,1.8946
2025-12-14,EUR,1.6361
2025-12-14,SGD,1.1169
2025-12-14,CAD,1.106
2025-12-15,AUD,0.9997
2025-12-15,USD,1.5179
2025-12-15,GBP,1.8884
2025-12-15,EUR,1.6261
2025-12-15,SGD,1.1428
2025-12-15,CAD,1.1142
2025-12-16,AUD,0.9832
2025-12-16,USD,1.5202
2025-12-16,GBP,1.9417
2025-12-16,EUR,1.6485
2025-12-16,SGD,1.1564
2025-12-16,CAD,1.0948
2025-12-17,AUD,0.995
2025-12-17,USD,1.5443
2025-12-17,GBP,1.9423
2025-12-17,EUR,1.5978
2025-12-17,SGD,1.1496
2025-12-17,CAD,1.1083
2025-12-18,AUD,1.0061
2025-12-18,USD,1.523
2025-12-18,GBP,1.8801
2025-12-18,EUR,1.6499
2025-12-18,SGD,1.132
2025-12-18,CAD,1.0955
2025-12-19,AUD,0.9962
2025-12-19,USD,1.5216
2025-12-19,GBP,1.8927
2025-12-19,EUR,1.6391
2025-12-19,SGD,1.1392
2025-12-19,CAD,1.1217
2025-12-20,AUD,1.0447
2025-12-20,USD,1.4965
2025-12-20,GBP,1.9357
2025-12-20,EUR,1.6194
2025-12-20,SGD,1.1484
2025-12-20,CAD,1.1124
2025-12-21,AUD,1.0012
2025-12-21,USD,1.5065
2025-12-21,GBP,1.8964
2025-12-21,EUR,1.6534
2025-12-21,SGD,1.1459
2025-12-21,CAD,1.0761
2025-12-22,AUD,1.0001
2025-12-22,USD,1.5059
2025-12-22,GBP,1.9254
2025-12-22,EUR,1.6275
2025-12-22,SGD,1.1461
2025-12-22,CAD,1.082
2025-12-23,AUD,0.9925
2025-12-23,USD,1.4813
2025-12-23,GBP,1.9343
2025-12-23,EUR,1.674
2025-12-23,SGD,1.1392
2025-12-23,CAD,1.0742
2025-12-24,AUD,0.9895
2025-12-24,USD,1.5597
2025-12-24,GBP,1.8808
2025-12-24,EUR,1.633
2025-12-24,SGD,1.1267
2025-12-24,CAD,1.0881
2025-12-25,AUD,1.007
2025-12-25,USD,1.4985
2025-12-25,GBP,1.899
2025-12-25,EUR,1.6287
2025-12-25,SGD,1.1301
2025-12-25,CAD,1.0818
2025-12-26,AUD,1.0144
2025-12-26,USD,1.4979
2025-12-26,GBP,1.9472
2025-12-26,EUR,1.6865
2025-12-26,SGD,1.1209
2025-12-26,CAD,1.1324
2025-12-27,AUD,1.0148
2025-12-27,USD,1.5124
2025-12-27,GBP,1.9036
2025-12-27,EUR,1.6713
2025-12-27,SGD,1.1565
2025-12-27,CAD,1.1019
2025-12-28,AUD,0.9683
2025-12-28,USD,1.5074
2025-12-28,GBP,1.9209
2025-12-28,EUR,1.6814
2025-12-28,SGD,1.1365
2025-12-28,CAD,1.0971
2025-12-29,AUD,0.9748
2025-12-29,USD,1.5072
2025-12-29,GBP,1.9223
2025-12-29,EUR,1.6816
2025-12-29,SGD,1.1548
2025-12-29,CAD,1.1034
2025-12-30,AUD,0.9993
2025-12-30,USD,1.5636
2025-12-30,GBP,1.9184
2025-12-30,EUR,1.6542
2025-12-30,SGD,1.1368
2025-12-30,CAD,1.1189
2025-12-31,AUD,0.9845
2025-12-31,USD,1.4536
2025-12-31,GBP,1.9411
2025-12-31,EUR,1.6334
2025-12-31,SGD,1.1555
2025-12-31,CAD,1.1153
2026-01-01,AUD,1.0193
2026-01-01,USD,1.5412
2026-01-01,GBP,1.8902
2026-01-01,EUR,1.6516
2026-01-01,SGD,1.1535
2026-01-01,CAD,1.0995
2026-01-02,AUD,1.0352
2026-01-02,USD,1.5288
2026-01-02,GBP,1.8978
2026-01-02,EUR,1.7106
2026-01-02,SGD,1.1311
2026-01-02,CAD,1.1035
2026-01-03,AUD,0.9872
2026-01-03,USD,1.4978
2026-01-03,GBP,1.8703
2026-01-03,EUR,1.6174
2026-01-03,SGD,1.1495
2026-01-03,CAD,1.1272
2026-01-04,AUD,1.0026
2026-01-04,USD,1.5227
2026-01-04,GBP,1.9147
2026-01-04,EUR,1.6359
2026-01-04,SGD,1.1392
2026-01-04,CAD,1.1063
2026-01-05,AUD,1.0042
2026-01-05,USD,1.5193
2026-01-05,GBP,1.8846
2026-01-05,EUR,1.6585
2026-01-05,SGD,1.1424
2026-01-05,CAD,1.1051
2026-01-06,AUD,0.9905
2026-01-06,USD,1.4953
2026-01-06,GBP,1.9782
2026-01-06,EUR,1.6796
2026-01-06,SGD,1.1316
2026-01-06,CAD,1.1327
2026-01-07,AUD,1.0068
2026-01-07,USD,1.5289
2026-01-07,GBP,1.9011
2026-01-07,EUR,1.6302
2026-01-07,SGD,1.1475
2026-01-07,CAD,1.0923
2026-01-08,AUD,1.0003
2026-01-08,USD,1.4988
2026-01-08,GBP,1.9427
2026-01-08,EUR,1.6659
2026-01-08,SGD,1.1561
2026-01-08,CAD,1.1073
2026-01-09,AUD,0.9966
2026-01-09,USD,1.4868
2026-01-09,GBP,1.9187
2026-01-09,EUR,1.6563
2026-01-09,SGD,1.1384
2026-01-09,CAD,1.0833
2026-01-10,AUD,1.0083
2026-01-10,USD,1.5074
2026-01-10,GBP,1.9475
2026-01-10,EUR,1.6554
2026-01-10,SGD,1.1571
2026-01-10,CAD,1.0944
2026-01-11,AUD,1.0143
2026-01-11,USD,1.5148
2026-01-11,GBP,1.8968
2026-01-11,EUR,1.6632
2026-01-11,SGD,1.1137
2026-01-11,CAD,1.0712
2026-01-12,AUD,0.9994
2026-01-12,USD,1.5032
2026-01-12,GBP,1.9109
2026-01-12,EUR,1.671
2026-01-12,SGD,1.132
2026-01-12,CAD,1.0959
2026-01-13,AUD,1.0159
2026-01-13,USD,1.5318
2026-01-13,GBP,1.9335
2026-01-13,EUR,1.6999
2026-01-13,SGD,1.172
2026-01-13,CAD,1.0897
2026-01-14,AUD,1.0049
2026-01-14,USD,1.4955
2026-01-14,GBP,1.9256
2026-01-14,EUR,1.6203
2026-01-14,SGD,1.1147
2026-01-14,CAD,1.082
2026-01-15,AUD,1.0056
2026-01-15,USD,1.5105
2026-01-15,GBP,1.9391
2026-01-15,EUR,1.6555
2026-01-15,SGD,1.1145
2026-01-15,CAD,1.0911
2026-01-16,AUD,1.0065
2026-01-16,USD,1.5748
2026-01-16,GBP,1.9651
2026-01-16,EUR,1.6269
2026-01-16,SGD,1.1511
2026-01-16,CAD,1.0622
2026-01-17,AUD,0.9969
2026-01-17,USD,1.539
2026-01-17,GBP,1.9093
2026-01-17,EUR,1.6666
2026-01-17,SGD,1.1221
2026-01-17,CAD,1.1043
2026-01-18,AUD,1.0077
2026-01-18,USD,1.4893
2026-01-18,GBP,1.9011
2026-01-18,EUR,1.6505
2026-01-18,SGD,1.1403
2026-01-18,CAD,1.1177
2026-01-19,AUD,0.9935
2026-01-19,USD,1.4866
2026-01-19,GBP,1.8616
2026-01-19,EUR,1.6818
2026-01-19,SGD,1.1246
2026-01-19,CAD,1.1087
2026-01-20,AUD,1.0023
2026-01-20,USD,1.4962
2026-01-20,GBP,1.9037
2026-01-20,EUR,1.6848
2026-01-20,SGD,1.156
2026-01-20,CAD,1.0994
2026-01-21,AUD,1.0046
2026-01-21,USD,1.5162
2026-01-21,GBP,1.8879
2026-01-21,EUR,1.667
2026-01-21,SGD,1.1365
2026-01-21,CAD,1.0987
2026-01-22,AUD,0.9776
2026-01-22,USD,1.4967
2026-01-22,GBP,1.91
2026-01-22,EUR,1.6058
2026-01-22,SGD,1.1356
2026-01-22,CAD,1.0865
2026-01-23,AUD,1.0073
2026-01-23,USD,1.5265
2026-01-23,GBP,1.9285
2026-01-23,EUR,1.6374
2026-01-23,SGD,1.0881
2026-01-23,CAD,1.1006
2026-01-24,AUD,0.9959
2026-01-24,USD,1.4729
2026-01-24,GBP,1.9189
2026-01-24,EUR,1.6133
2026-01-24,SGD,1.1624
2026-01-24,CAD,1.1101
2026-01-25,AUD,1.0114
2026-01-25,USD,1.5331
2026-01-25,GBP,1.8912
2026-01-25,EUR,1.6367
2026-01-25,SGD,1.1539
2026-01-25,CAD,1.0981
2026-01-26,AUD,0.9883
2026-01-26,USD,1.5323
2026-01-26,GBP,1.9013
2026-01-26,EUR,1.6669
2026-01-26,SGD,1.1167
2026-01-26,CAD,1.1159
2026-01-27,AUD,1.0046
2026-01-27,USD,1.4991
2026-01-27,GBP,1.9008
2026-01-27,EUR,1.6533
2026-01-27,SGD,1.1167
2026-01-27,CAD,1.1291
2026-01-28,AUD,0.9919
2026-01-28,USD,1.5467
2026-01-28,GBP,1.9047
2026-01-28,EUR,1.6421
2026-01-28,SGD,1.1367
2026-01-28,CAD,1.0902
2026-01-29,AUD,0.9876
2026-01-29,USD,1.5155
2026-01-29,GBP,1.8384
2026-01-29,EUR,1.6905
2026-01-29,SGD,1.1148
2026-01-29,CAD,1.1044
2026-01-30,AUD,0.9926
2026-01-30,USD,1.4854
2026-01-30,GBP,1.9628
2026-01-30,EUR,1.6747
2026-01-30,SGD,1.1508
2026-01-30,CAD,1.1174
2026-01-31,AUD,0.9927
2026-01-31,USD,1.5222
2026-01-31,GBP,1.9419
2026-01-31,EUR,1.6624
2026-01-31,SGD,1.1551
2026-01-31,CAD,1.1024
2026-02-01,AUD,0.9961
2026-02-01,USD,1.5125
2026-02-01,GBP,1.9411
2026-02-01,EUR,1.6324
2026-02-01,SGD,1.1342
2026-02-01,CAD,1.1115
2026-02-02,AUD,1.015
2026-02-02,USD,1.4828
2026-02-02,GBP,1.895
2026-02-02,EUR,1.687
2026-02-02,SGD,1.1448
2026-02-02,CAD,1.0751
2026-02-03,AUD,0.9661
2026-02-03,USD,1.4895
2026-02-03,GBP,1.915
2026-02-03,EUR,1.6272
2026-02-03,SGD,1.1347
2026-02-03,CAD,1.123
2026-02-04,AUD,0.9816
2026-02-04,USD,1.5141
2026-02-04,GBP,1.9322
2026-02-04,EUR,1.6476
2026-02-04,SGD,1.1522
2026-02-04,CAD,1.1098
2026-02-05,AUD,1.0119
2026-02-05,USD,1.49
2026-02-05,GBP,1.925
2026-02-05,EUR,1.6494
2026-02-05,SGD,1.1415
2026-02-05,CAD,1.111
2026-02-06,AUD,0.9992
2026-02-06,USD,1.5056
2026-02-06,GBP,1.9279
2026-02-06,EUR,1.6299
2026-02-06,SGD,1.1424
2026-02-06,CAD,1.1327
2026-02-07,AUD,0.9944
2026-02-07,USD,1.5404
2026-02-07,GBP,1.9342
2026-02-07,EUR,1.6346
2026-02-07,SGD,1.1715
2026-02-07,CAD,1.0657
2026-02-08,AUD,0.9978
2026-02-08,USD,1.5188
2026-02-08,GBP,1.8993
2026-02-08,EUR,1.6278
2026-02-08,SGD,1.1616
2026-02-08,CAD,1.1156
2026-02-09,AUD,1.0037
2026-02-09,USD,1.5179
2026-02-09,GBP,1.9232
2026-02-09,EUR,1.6626
2026-02-09,SGD,1.1404
2026-02-09,CAD,1.0793
2026-02-10,AUD,1.0292
2026-02-10,USD,1.4952
2026-02-10,GBP,1.9142
2026-02-10,EUR,1.6611
2026-02-10,SGD,1.1291
2026-02-10,CAD,1.0763
2026-02-11,AUD,0.9981
2026-02-11,USD,1.5009
2026-02-11,GBP,1.9582
2026-02-11,EUR,1.6573
2026-02-11,SGD,1.1293
2026-02-11,CAD,1.099
2026-02-12,AUD,1.0243
2026-02-12,USD,1.5243
2026-02-12,GBP,1.9151
2026-02-12,EUR,1.6345
2026-02-12,SGD,1.1435
2026-02-12,CAD,1.1139
2026-02-13,AUD,0.9947
2026-02-13,USD,1.5226
2026-02-13,GBP,1.925
2026-02-13,EUR,1.637
2026-02-13,SGD,1.1403
2026-02-13,CAD,1.0747
2026-02-14,AUD,1.0032
2026-02-14,USD,1.5055
2026-02-14,GBP,1.9313
2026-02-14,EUR,1.6704
2026-02-14,SGD,1.1374
2026-02-14,CAD,1.1255
2026-02-15,AUD,1.0083
2026-02-15,USD,1.5025
2026-02-15,GBP,1.9415
2026-02-15,EUR,1.6588
2026-02-15,SGD,1.1305
2026-02-15,CAD,1.121
2026-02-16,AUD,1.0088
2026-02-16,USD,1.4797
2026-02-16,GBP,1.9305
2026-02-16,EUR,1.6179
2026-02-16,SGD,1.1323
2026-02-16,CAD,1.0928
2026-02-17,AUD,1.0101
2026-02-17,USD,1.4941
2026-02-17,GBP,1.8819
2026-02-17,EUR,1.6635
2026-02-17,SGD,1.1346
2026-02-17,CAD,1.1144
2026-02-18,AUD,1.017
2026-02-18,USD,1.4958
2026-02-18,GBP,1.8857
2026-02-18,EUR,1.6912
2026-02-18,SGD,1.1625
2026-02-18,CAD,1.1152
2026-02-19,AUD,0.9961
2026-02-19,USD,1.5023
2026-02-19,GBP,1.8955
2026-02-19,EUR,1.6729
2026-02-19,SGD,1.1416
2026-02-19,CAD,1.1197
2026-02-20,AUD,1.0145
2026-02-20,USD,1.5151
2026-02-20,GBP,1.9233
2026-02-20,EUR,1.6586
2026-02-20,SGD,1.1349
2026-02-20,CAD,1.0774
2026-02-21,AUD,0.9996
2026-02-21,USD,1.5288
2026-02-21,GBP,1.8922
2026-02-21,EUR,1.6193
2026-02-21,SGD,1.1453
2026-02-21,CAD,1.0694
2026-02-22,AUD,1.0324
2026-02-22,USD,1.5177
2026-02-22,GBP,1.9573
2026-02-22,EUR,1.6726
2026-02-22,SGD,1.1539
2026-02-22,CAD,1.1077
2026-02-23,AUD,0.9935
2026-02-23,USD,1.5367
2026-02-23,GBP,1.9388
2026-02-23,EUR,1.6055
2026-02-23,SGD,1.1252
2026-02-23,CAD,1.1073
2026-02-24,AUD,1.027
2026-02-24,USD,1.5147
2026-02-24,GBP,1.9582
2026-02-24,EUR,1.6775
2026-02-24,SGD,1.1379
2026-02-24,CAD,1.1199
2026-02-25,AUD,1.0098
2026-02-25,USD,1.497
2026-02-25,GBP,1.9682
2026-02-25,EUR,1.6675
2026-02-25,SGD,1.1515
2026-02-25,CAD,1.0787
2026-02-26,AUD,1.0061
2026-02-26,USD,1.5217
2026-02-26,GBP,1.907
2026-02-26,EUR,1.5553
2026-02-26,SGD,1.1119
2026-02-26,CAD,1.0821
2026-02-27,AUD,0.9908
2026-02-27,USD,1.5164
2026-02-27,GBP,1.9234
2026-02-27,EUR,1.6942
2026-02-27,SGD,1.1485
2026-02-27,CAD,1.0788
2026-02-28,AUD,0.9866
2026-02-28,USD,1.4945
2026-02-28,GBP,1.9576
2026-02-28,EUR,1.6189
2026-02-28,SGD,1.1737
2026-02-28,CAD,1.1028
2026-03-01,AUD,1.0091
2026-03-01,USD,1.4993
2026-03-01,GBP,1.9177
2026-03-01,EUR,1.7091
2026-03-01,SGD,1.1233
2026-03-01,CAD,1.0835
2026-03-02,AUD,0.9914
2026-03-02,USD,1.5663
2026-03-02,GBP,1.8739
2026-03-02,EUR,1.7394
2026-03-02,SGD,1.147
2026-03-02,CAD,1.0963
2026-03-03,AUD,1.0008
2026-03-03,USD,1.5224
2026-03-03,GBP,1.9329
2026-03-03,EUR,1.6407
2026-03-03,SGD,1.1627
2026-03-03,CAD,1.0774
2026-03-04,AUD,0.9909
2026-03-04,USD,1.5616
2026-03-04,GBP,1.8608
2026-03-04,EUR,1.6474
2026-03-04,SGD,1.1434
2026-03-04,CAD,1.0877
2026-03-05,AUD,0.9878
2026-03-05,USD,1.5288
2026-03-05,GBP,1.8802
2026-03-05,EUR,1.634
2026-03-05,SGD,1.1844
2026-03-05,CAD,1.1247
2026-03-06,AUD,0.9976
2026-03-06,USD,1.4944
2026-03-06,GBP,1.9565
2026-03-06,EUR,1.6883
2026-03-06,SGD,1.1725
2026-03-06,CAD,1.0988
2026-03-07,AUD,1.0048
2026-03-07,USD,1.5065
2026-03-07,GBP,1.9039
2026-03-07,EUR,1.657
2026-03-07,SGD,1.1422
2026-03-07,CAD,1.0884
2026-03-08,AUD,0.988
2026-03-08,USD,1.5501
2026-03-08,GBP,1.9373
2026-03-08,EUR,1.67
2026-03-08,SGD,1.1229
2026-03-08,CAD,1.1185
2026-03-09,AUD,1.0041
2026-03-09,USD,1.5011
2026-03-09,GBP,1.9147
2026-03-09,EUR,1.648
2026-03-09,SGD,1.1403
2026-03-09,CAD,1.0986
2026-03-10,AUD,0.9929
2026-03-10,USD,1.5303
2026-03-10,GBP,1.9356
2026-03-10,EUR,1.6516
2026-03-10,SGD,1.1672
2026-03-10,CAD,1.086
2026-03-11,AUD,0.9798
2026-03-11,USD,1.5091
2026-03-11,GBP,1.8993
2026-03-11,EUR,1.6591
2026-03-11,SGD,1.1696
2026-03-11,CAD,1.1129
2026-03-12,AUD,1.0041
2026-03-12,USD,1.5215
2026-03-12,GBP,1.8711
2026-03-12,EUR,1.618
2026-03-12,SGD,1.1352
2026-03-12,CAD,1.1192
2026-03-13,AUD,1.0132
2026-03-13,USD,1.5112
2026-03-13,GBP,1.9712
2026-03-13,EUR,1.6832
2026-03-13,SGD,1.1661
2026-03-13,CAD,1.0926
2026-03-14,AUD,1.0036
2026-03-14,USD,1.4892
2026-03-14,GBP,1.9348
2026-03-14,EUR,1.6451
2026-03-14,SGD,1.1511
2026-03-14,CAD,1.095
2026-03-15,AUD,0.9865
2026-03-15,USD,1.5307
2026-03-15,GBP,1.9251
2026-03-15,EUR,1.675
2026-03-15,SGD,1.1388
2026-03-15,CAD,1.0914
2026-03-16,AUD,0.9742
2026-03-16,USD,1.5113
2026-03-16,GBP,1.9233
2026-03-16,EUR,1.6545
2026-03-16,SGD,1.1273
2026-03-16,CAD,1.0798
2026-03-17,AUD,0.9996
2026-03-17,USD,1.5311
2026-03-17,GBP,1.9747
2026-03-17,EUR,1.6792
2026-03-17,SGD,1.1359
2026-03-17,CAD,1.0857
2026-03-18,AUD,0.9993
2026-03-18,USD,1.462
2026-03-18,GBP,1.9096
2026-03-18,EUR,1.6593
2026-03-18,SGD,1.1608
2026-03-18,CAD,1.0957
2026-03-19,AUD,0.996
2026-03-19,USD,1.5144
2026-03-19,GBP,1.9112
2026-03-19,EUR,1.6459
2026-03-19,SGD,1.1326
2026-03-19,CAD,1.0985
2026-03-20,AUD,1.0087
2026-03-20,USD,1.516
2026-03-20,GBP,1.9315
2026-03-20,EUR,1.6395
2026-03-20,SGD,1.1378
2026-03-20,CAD,1.109
2026-03-21,AUD,1.0183
2026-03-21,USD,1.4965
2026-03-21,GBP,1.9627
2026-03-21,EUR,1.6551
2026-03-21,SGD,1.1401
2026-03-21,CAD,1.115
2026-03-22,AUD,1.018
2026-03-22,USD,1.4945
2026-03-22,GBP,1.9168
2026-03-22,EUR,1.6433
2026-03-22,SGD,1.142
2026-03-22,CAD,1.09
2026-03-23,AUD,0.9714
2026-03-23,USD,1.5244
2026-03-23,GBP,1.9385
2026-03-23,EUR,1.6579
2026-03-23,SGD,1.1506
2026-03-23,CAD,1.0957
2026-03-24,AUD,0.9858
2026-03-24,USD,1.5122
2026-03-24,GBP,1.8827
2026-03-24,EUR,1.6395
2026-03-24,SGD,1.1582
2026-03-24,CAD,1.1225
2026-03-25,AUD,0.9762
2026-03-25,USD,1.5082
2026-03-25,GBP,1.9202
2026-03-25,EUR,1.6722
2026-03-25,SGD,1.1656
2026-03-25,CAD,1.1117
2026-03-26,AUD,0.9954
2026-03-26,USD,1.5406
2026-03-26,GBP,1.9389
2026-03-26,EUR,1.6778
2026-03-26,SGD,1.1575
2026-03-26,CAD,1.1248
2026-03-27,AUD,0.9907
2026-03-27,USD,1.4853
2026-03-27,GBP,1.9569
2026-03-27,EUR,1.6489
2026-03-27,SGD,1.1273
2026-03-27,CAD,1.113
2026-03-28,AUD,0.9968
2026-03-28,USD,1.5297
2026-03-28,GBP,2.0036
2026-03-28,EUR,1.6225
2026-03-28,SGD,1.1452
2026-03-28,CAD,1.0945
2026-03-29,AUD,0.9984
2026-03-29,USD,1.54
2026-03-29,GBP,1.942
2026-03-29,EUR,1.6453
2026-03-29,SGD,1.1341
2026-03-29,CAD,1.1063
2026-03-30,AUD,1.0244
2026-03-30,USD,1.5309
2026-03-30,GBP,1.8723
2026-03-30,EUR,1.6411
2026-03-30,SGD,1.1368
2026-03-30,CAD,1.0911
2026-03-31,AUD,1.0169
2026-03-31,USD,1.5572
2026-03-31,GBP,1.9184
2026-03-31,EUR,1.6202
2026-03-31,SGD,1.1341
2026-03-31,CAD,1.0878
2026-04-01,AUD,0.9935
2026-04-01,USD,1.5162
2026-04-01,GBP,1.9144
2026-04-01,EUR,1.6586
2026-04-01,SGD,1.1352
2026-04-01,CAD,1.0868
2026-04-02,AUD,1.0171
2026-04-02,USD,1.5203
2026-04-02,GBP,1.9241
2026-04-02,EUR,1.6836
2026-04-02,SGD,1.1309
2026-04-02,CAD,1.1077
2026-04-03,AUD,0.9887
2026-04-03,USD,1.5223
2026-04-03,GBP,1.8901
2026-04-03,EUR,1.6614
2026-04-03,SGD,1.1093
2026-04-03,CAD,1.0843
2026-04-04,AUD,0.9947
2026-04-04,USD,1.5045
2026-04-04,GBP,1.945
2026-04-04,EUR,1.6248
2026-04-04,SGD,1.1303
2026-04-04,CAD,1.1211
2026-04-05,AUD,0.9893
2026-04-05,USD,1.4977
2026-04-05,GBP,1.9342
2026-04-05,EUR,1.6526
2026-04-05,SGD,1.1407
2026-04-05,CAD,1.0958
2026-04-06,AUD,0.9866
2026-04-06,USD,1.5563
2026-04-06,GBP,1.971
2026-04-06,EUR,1.6232
2026-04-06,SGD,1.131
2026-04-06,CAD,1.1171
2026-04-07,AUD,1.0068
2026-04-07,USD,1.4966
2026-04-07,GBP,1.9304
2026-04-07,EUR,1.6872
2026-04-07,SGD,1.1254
2026-04-07,CAD,1.0983
2026-04-08,AUD,0.9914
2026-04-08,USD,1.535
2026-04-08,GBP,1.8864
2026-04-08,EUR,1.66
2026-04-08,SGD,1.1422
2026-04-08,CAD,1.0807
2026-04-09,AUD,0.9893
2026-04-09,USD,1.5355
2026-04-09,GBP,1.9105
2026-04-09,EUR,1.637
2026-04-09,SGD,1.1406
2026-04-09,CAD,1.1062
2026-04-10,AUD,1.0229
2026-04-10,USD,1.469
2026-04-10,GBP,1.929
2026-04-10,EUR,1.6255
2026-04-10,SGD,1.1414
2026-04-10,CAD,1.1113
2026-04-11,AUD,1.0
2026-04-11,USD,1.4477
2026-04-11,GBP,1.928
2026-04-11,EUR,1.6754
2026-04-11,SGD,1.1333
2026-04-11,CAD,1.0806
2026-04-12,AUD,0.983
2026-04-12,USD,1.4785
2026-04-12,GBP,1.9625
2026-04-12,EUR,1.6639
2026-04-12,SGD,1.1505
2026-04-12,CAD,1.106
2026-04-13,AUD,0.9909
2026-04-13,USD,1.5054
2026-04-13,GBP,1.9152
2026-04-13,EUR,1.6383
2026-04-13,SGD,1.1414
2026-04-13,CAD,1.0828
2026-04-14,AUD,0.9939
2026-04-14,USD,1.4839
2026-04-14,GBP,1.9186
2026-04-14,EUR,1.6741
2026-04-14,SGD,1.1198
2026-04-14,CAD,1.0679
2026-04-15,AUD,0.9888
2026-04-15,USD,1.5095
2026-04-15,GBP,1.9442
2026-04-15,EUR,1.6386
2026-04-15,SGD,1.1421
2026-04-15,CAD,1.0639
2026-04-16,AUD,0.985
2026-04-16,USD,1.5105
2026-04-16,GBP,1.9482
2026-04-16,EUR,1.5875
2026-04-16,SGD,1.128
2026-04-16,CAD,1.1009
2026-04-17,AUD,1.0094
2026-04-17,USD,1.5371
2026-04-17,GBP,1.935
2026-04-17,EUR,1.6581
2026-04-17,SGD,1.136
2026-04-17,CAD,1.0765
2026-04-18,AUD,0.9999
2026-04-18,USD,1.4902
2026-04-18,GBP,1.9159
2026-04-18,EUR,1.6867
2026-04-18,SGD,1.1409
2026-04-18,CAD,1.1387
2026-04-19,AUD,0.9822
2026-04-19,USD,1.5401
2026-04-19,GBP,1.9501
2026-04-19,EUR,1.6138
2026-04-19,SGD,1.155
2026-04-19,CAD,1.1371
2026-04-20,AUD,1.006
2026-04-20,USD,1.5281
2026-04-20,GBP,1.9172
2026-04-20,EUR,1.6593
2026-04-20,SGD,1.1091
2026-04-20,CAD,1.1089
2026-04-21,AUD,1.0463
2026-04-21,USD,1.532
2026-04-21,GBP,1.9482
2026-04-21,EUR,1.6475
2026-04-21,SGD,1.1662
2026-04-21,CAD,1.0935
2026-04-22,AUD,1.0035
2026-04-22,USD,1.4998
2026-04-22,GBP,1.8766
2026-04-22,EUR,1.6874
2026-04-22,SGD,1.1158
2026-04-22,CAD,1.1169
2026-04-23,AUD,0.9962
2026-04-23,USD,1.4884
2026-04-23,GBP,1.98
2026-04-23,EUR,1.6324
2026-04-23,SGD,1.1534
2026-04-23,CAD,1.0987
2026-04-24,AUD,1.0247
2026-04-24,USD,1.5346
2026-04-24,GBP,1.9498
2026-04-24,EUR,1.644
2026-04-24,SGD,1.1793
2026-04-24,CAD,1.0908
2026-04-25,AUD,0.9963
2026-04-25,USD,1.5345
2026-04-25,GBP,1.9189
2026-04-25,EUR,1.6749
2026-04-25,SGD,1.1104
2026-04-25,CAD,1.0712
2026-04-26,AUD,0.9977
2026-04-26,USD,1.4889
2026-04-26,GBP,1.9521
2026-04-26,EUR,1.6207
2026-04-26,SGD,1.1406
2026-04-26,CAD,1.1023
2026-04-27,AUD,1.0036
2026-04-27,USD,1.5687
2026-04-27,GBP,1.9474
2026-04-27,EUR,1.6329
2026-04-27,SGD,1.1432
2026-04-27,CAD,1.0897
2026-04-28,AUD,1.0087
2026-04-28,USD,1.5329
2026-04-28,GBP,1.9281
2026-04-28,EUR,1.6534
2026-04-28,SGD,1.1353
2026-04-28,CAD,1.1052
2026-04-29,AUD,1.0426
2026-04-29,USD,1.4809
2026-04-29,GBP,1.9178
2026-04-29,EUR,1.6803
2026-04-29,SGD,1.1648
2026-04-29,CAD,1.1245
2026-04-30,AUD,1.0019
2026-04-30,USD,1.5112
2026-04-30,GBP,1.9335
2026-04-30,EUR,1.6652
2026-04-30,SGD,1.1484
2026-04-30,CAD,1.1056
2026-05-01,AUD,1.0041
2026-05-01,USD,1.5437
2026-05-01,GBP,1.9019
2026-05-01,EUR,1.6312
2026-05-01,SGD,1.1495
2026-05-01,CAD,1.1168
2026-05-02,AUD,0.9861
2026-05-02,USD,1.5059
2026-05-02,GBP,1.8544
2026-05-02,EUR,1.5991
2026-05-02,SGD,1.1475
2026-05-02,CAD,1.1221
2026-05-03,AUD,1.0176
2026-05-03,USD,1.5538
2026-05-03,GBP,1.8703
2026-05-03,EUR,1.6691
2026-05-03,SGD,1.1549
2026-05-03,CAD,1.1113
2026-05-04,AUD,1.0019
2026-05-04,USD,1.5338
2026-05-04,GBP,1.8871
2026-05-04,EUR,1.6483
2026-05-04,SGD,1.1628
2026-05-04,CAD,1.0955
2026-05-05,AUD,0.996
2026-05-05,USD,1.5079
2026-05-05,GBP,1.9424
2026-05-05,EUR,1.6169
2026-05-05,SGD,1.1725
2026-05-05,CAD,1.0963
2026-05-06,AUD,1.0117
2026-05-06,USD,1.5197
2026-05-06,GBP,1.901
2026-05-06,EUR,1.6219
2026-05-06,SGD,1.1207
2026-05-06,CAD,1.1173
2026-05-07,AUD,1.0031
2026-05-07,USD,1.491
2026-05-07,GBP,1.9402
2026-05-07,EUR,1.6048
2026-05-07,SGD,1.1206
2026-05-07,CAD,1.0834
2026-05-08,AUD,1.0009
2026-05-08,USD,1.5052
2026-05-08,GBP,1.9622
2026-05-08,EUR,1.6868
2026-05-08,SGD,1.1673
2026-05-08,CAD,1.1069
2026-05-09,AUD,1.004
2026-05-09,USD,1.5059
2026-05-09,GBP,1.905
2026-05-09,EUR,1.6407
2026-05-09,SGD,1.1175
2026-05-09,CAD,1.1236
2026-05-10,AUD,0.9836
2026-05-10,USD,1.4988
2026-05-10,GBP,1.9127
2026-05-10,EUR,1.6678
2026-05-10,SGD,1.147
2026-05-10,CAD,1.1206
2026-05-11,AUD,1.0097
2026-05-11,USD,1.4674
2026-05-11,GBP,1.9534
2026-05-11,EUR,1.6334
2026-05-11,SGD,1.1771
2026-05-11,CAD,1.0681
2026-05-12,AUD,1.0072
2026-05-12,USD,1.4705
2026-05-12,GBP,1.9259
2026-05-12,EUR,1.6538
2026-05-12,SGD,1.1478
2026-05-12,CAD,1.1113
2026-05-13,AUD,1.0118
2026-05-13,USD,1.5107
2026-05-13,GBP,1.9376
2026-05-13,EUR,1.6349
2026-05-13,SGD,1.1225
2026-05-13,CAD,1.0844
2026-05-14,AUD,1.0043
2026-05-14,USD,1.4992
2026-05-14,GBP,1.9512
2026-05-14,EUR,1.6632
2026-05-14,SGD,1.177
2026-05-14,CAD,1.1273
2026-05-15,AUD,0.9943
2026-05-15,USD,1.4927
2026-05-15,GBP,1.9211
2026-05-15,EUR,1.6272
2026-05-15,SGD,1.148
2026-05-15,CAD,1.0809
2026-05-16,AUD,1.0312
2026-05-16,USD,1.5398
2026-05-16,GBP,1.8801
2026-05-16,EUR,1.6531
2026-05-16,SGD,1.1157
2026-05-16,CAD,1.094
2026-05-17,AUD,0.9927
2026-05-17,USD,1.5039
2026-05-17,GBP,1.8906
2026-05-17,EUR,1.65
2026-05-17,SGD,1.1547
2026-05-17,CAD,1.0882
2026-05-18,AUD,1.011
2026-05-18,USD,1.4835
2026-05-18,GBP,1.8831
2026-05-18,EUR,1.667
2026-05-18,SGD,1.1426
2026-05-18,CAD,1.0843
2026-05-19,AUD,1.0301
2026-05-19,USD,1.5198
2026-05-19,GBP,1.9371
2026-05-19,EUR,1.6385
2026-05-19,SGD,1.1386
2026-05-19,CAD,1.0981
2026-05-20,AUD,1.0032
2026-05-20,USD,1.4891
2026-05-20,GBP,1.8904
2026-05-20,EUR,1.6274
2026-05-20,SGD,1.1636
2026-05-20,CAD,1.1245
2026-05-21,AUD,1.004
2026-05-21,USD,1.5416
2026-05-21,GBP,1.9331
2026-05-21,EUR,1.6865
2026-05-21,SGD,1.1467
2026-05-21,CAD,1.0839
2026-05-22,AUD,0.9987
2026-05-22,USD,1.5207
2026-05-22,GBP,1.8595
2026-05-22,EUR,1.6913
2026-05-22,SGD,1.0923
2026-05-22,CAD,1.1286
2026-05-23,AUD,0.9826
2026-05-23,USD,1.5227
2026-05-23,GBP,1.9188
2026-05-23,EUR,1.6549
2026-05-23,SGD,1.1456
2026-05-23,CAD,1.114
2026-05-24,AUD,0.997
2026-05-24,USD,1.5072
2026-05-24,GBP,1.915
2026-05-24,EUR,1.6029
2026-05-24,SGD,1.1615
2026-05-24,CAD,1.1156
2026-05-25,AUD,0.996
2026-05-25,USD,1.516
2026-05-25,GBP,1.9238
2026-05-25,EUR,1.6425
2026-05-25,SGD,1.1563
2026-05-25,CAD,1.1208
2026-05-26,AUD,1.003
2026-05-26,USD,1.5202
2026-05-26,GBP,1.8993
2026-05-26,EUR,1.634
2026-05-26,SGD,1.1464
2026-05-26,CAD,1.103
2026-05-27,AUD,0.9862
2026-05-27,USD,1.4501
2026-05-27,GBP,1.931
2026-05-27,EUR,1.6358
2026-05-27,SGD,1.1551
2026-05-27,CAD,1.1114
2026-05-28,AUD,1.0027
2026-05-28,USD,1.545
2026-05-28,GBP,1.9093
2026-05-28,EUR,1.6667
2026-05-28,SGD,1.1309
2026-05-28,CAD,1.1057
2026-05-29,AUD,1.0051
2026-05-29,USD,1.4613
2026-05-29,GBP,1.93
2026-05-29,EUR,1.5995
2026-05-29,SGD,1.1448
2026-05-29,CAD,1.112
2026-05-30,AUD,1.0022
2026-05-30,USD,1.5566
2026-05-30,GBP,1.8531
2026-05-30,EUR,1.6538
2026-05-30,SGD,1.114
2026-05-30,CAD,1.0771
2026-05-31,AUD,0.996
2026-05-31,USD,1.4552
2026-05-31,GBP,1.9022
2026-05-31,EUR,1.6874
2026-05-31,SGD,1.1636
2026-05-31,CAD,1.1002
2026-06-01,AUD,0.977
2026-06-01,USD,1.5206
2026-06-01,GBP,1.8927
2026-06-01,EUR,1.6379
2026-06-01,SGD,1.1496
2026-06-01,CAD,1.0978
2026-06-02,AUD,0.991
2026-06-02,USD,1.5231
2026-06-02,GBP,1.9923
2026-06-02,EUR,1.6763
2026-06-02,SGD,1.1315
2026-06-02,CAD,1.1127
2026-06-03,AUD,0.9853
2026-06-03,USD,1.5051
2026-06-03,GBP,1.8977
2026-06-03,EUR,1.6393
2026-06-03,SGD,1.1226
2026-06-03,CAD,1.0893
2026-06-04,AUD,1.0057
2026-06-04,USD,1.5199
2026-06-04,GBP,1.8645
2026-06-04,EUR,1.6535
2026-06-04,SGD,1.128
2026-06-04,CAD,1.0987
2026-06-05,AUD,0.9763
2026-06-05,USD,1.5183
2026-06-05,GBP,1.9104
2026-06-05,EUR,1.6427
2026-06-05,SGD,1.1423
2026-06-05,CAD,1.1024
2026-06-06,AUD,0.9962
2026-06-06,USD,1.4748
2026-06-06,GBP,1.8829
2026-06-06,EUR,1.6593
2026-06-06,SGD,1.1316
2026-06-06,CAD,1.101
2026-06-07,AUD,1.0006
2026-06-07,USD,1.4967
2026-06-07,GBP,1.9171
2026-06-07,EUR,1.6418
2026-06-07,SGD,1.1402
2026-06-07,CAD,1.0853
2026-06-08,AUD,1.018
2026-06-08,USD,1.4952
2026-06-08,GBP,1.9255
2026-06-08,EUR,1.601
2026-06-08,SGD,1.1445
2026-06-08,CAD,1.0851
2026-06-09,AUD,1.0106
2026-06-09,USD,1.5198
2026-06-09,GBP,1.9685
2026-06-09,EUR,1.6671
2026-06-09,SGD,1.1468
2026-06-09,CAD,1.112
2026-06-10,AUD,1.0051
2026-06-10,USD,1.5407
2026-06-10,GBP,1.945
2026-06-10,EUR,1.6767
2026-06-10,SGD,1.1441
2026-06-10,CAD,1.1307
2026-06-11,AUD,0.9901
2026-06-11,USD,1.4633
2026-06-11,GBP,1.8667
2026-06-11,EUR,1.6618
2026-06-11,SGD,1.1591
2026-06-11,CAD,1.0951
2026-06-12,AUD,1.0006
2026-06-12,USD,1.5146
2026-06-12,GBP,1.9372
2026-06-12,EUR,1.7286
2026-06-12,SGD,1.1403
2026-06-12,CAD,1.0778
2026-06-13,AUD,1.0351
2026-06-13,USD,1.5136
2026-06-13,GBP,1.8675
2026-06-13,EUR,1.6777
2026-06-13,SGD,1.1449
2026-06-13,CAD,1.0819
2026-06-14,AUD,0.9974
2026-06-14,USD,1.5265
2026-06-14,GBP,1.8857
2026-06-14,EUR,1.6479
2026-06-14,SGD,1.1451
2026-06-14,CAD,1.1162
2026-06-15,AUD,1.0179
2026-06-15,USD,1.5418
2026-06-15,GBP,1.9485
2026-06-15,EUR,1.6959
2026-06-15,SGD,1.1322
2026-06-15,CAD,1.1151
2026-06-16,AUD,1.0109
2026-06-16,USD,1.5358
2026-06-16,GBP,1.9332
2026-06-16,EUR,1.6652
2026-06-16,SGD,1.1352
2026-06-16,CAD,1.0879
2026-06-17,AUD,1.0065
2026-06-17,USD,1.5162
2026-06-17,GBP,1.9712
2026-06-17,EUR,1.6726
2026-06-17,SGD,1.1466
2026-06-17,CAD,1.089
2026-06-18,AUD,1.0088
2026-06-18,USD,1.5052
2026-06-18,GBP,1.984
2026-06-18,EUR,1.6255
2026-06-18,SGD,1.1789
2026-06-18,CAD,1.0968
2026-06-19,AUD,0.9725
2026-06-19,USD,1.4755
2026-06-19,GBP,1.9318
2026-06-19,EUR,1.6154
2026-06-19,SGD,1.1508
2026-06-19,CAD,1.1162
2026-06-20,AUD,1.0202
2026-06-20,USD,1.52
2026-06-20,GBP,1.8988
2026-06-20,EUR,1.6756
2026-06-20,SGD,1.1417
2026-06-20,CAD,1.092
2026-06-21,AUD,0.9871
2026-06-21,USD,1.5297
2026-06-21,GBP,1.9038
2026-06-21,EUR,1.6631
2026-06-21,SGD,1.1575
2026-06-21,CAD,1.0769
2026-06-22,AUD,1.0025
2026-06-22,USD,1.512
2026-06-22,GBP,1.9568
2026-06-22,EUR,1.655
2026-06-22,SGD,1.1528
2026-06-22,CAD,1.114
2026-06-23,AUD,1.0026
2026-06-23,USD,1.4914
2026-06-23,GBP,1.908
2026-06-23,EUR,1.6224
2026-06-23,SGD,1.1565
2026-06-23,CAD,1.1104
2026-06-24,AUD,1.0108
2026-06-24,USD,1.5048
2026-06-24,GBP,1.9662
2026-06-24,EUR,1.67
2026-06-24,SGD,1.138
2026-06-24,CAD,1.0926
2026-06-25,AUD,1.009
2026-06-25,USD,1.4955
2026-06-25,GBP,1.9638
2026-06-25,EUR,1.6769
2026-06-25,SGD,1.1271
2026-06-25,CAD,1.087
2026-06-26,AUD,0.9881
2026-06-26,USD,1.5161
2026-06-26,GBP,1.873
2026-06-26,EUR,1.6714
2026-06-26,SGD,1.1146
2026-06-26,CAD,1.0855
2026-06-27,AUD,0.9904
2026-06-27,USD,1.5122
2026-06-27,GBP,1.9568
2026-06-27,EUR,1.6548
2026-06-27,SGD,1.1228
2026-06-27,CAD,1.1094
2026-06-28,AUD,0.9816
2026-06-28,USD,1.5023
2026-06-28,GBP,1.9442
2026-06-28,EUR,1.6505
2026-06-28,SGD,1.1351
2026-06-28,CAD,1.0978
2026-06-29,AUD,0.9882
2026-06-29,USD,1.4896
2026-06-29,GBP,1.9194
2026-06-29,EUR,1.6799
2026-06-29,SGD,1.1134
2026-06-29,CAD,1.106
2026-06-30,AUD,0.9673
2026-06-30,USD,1.5066
2026-06-30,GBP,1.9105
2026-06-30,EUR,1.6408
2026-06-30,SGD,1.1658
2026-06-30,CAD,1.0993
2026-07-01,AUD,0.9854
2026-07-01,USD,1.5118
2026-07-01,GBP,1.913
2026-07-01,EUR,1.6688
2026-07-01,SGD,1.1502
2026-07-01,CAD,1.1024
2026-07-02,AUD,0.9859
2026-07-02,USD,1.512
2026-07-02,GBP,1.941
2026-07-02,EUR,1.6106
2026-07-02,SGD,1.1424
2026-07-02,CAD,1.1038
2026-07-03,AUD,1.0054
2026-07-03,USD,1.5066
2026-07-03,GBP,1.9069
2026-07-03,EUR,1.5998
2026-07-03,SGD,1.1134
2026-07-03,CAD,1.0907
2026-07-04,AUD,1.0007
2026-07-04,USD,1.4874
2026-07-04,GBP,1.9295
2026-07-04,EUR,1.6487
2026-07-04,SGD,1.0964
2026-07-04,CAD,1.0931
2026-07-05,AUD,0.9994
2026-07-05,USD,1.518
2026-07-05,GBP,1.9395
2026-07-05,EUR,1.6587
2026-07-05,SGD,1.1539
2026-07-05,CAD,1.0737
2026-07-06,AUD,1.0073
2026-07-06,USD,1.4861
2026-07-06,GBP,1.9229
2026-07-06,EUR,1.6621
2026-07-06,SGD,1.1514
2026-07-06,CAD,1.1323
2026-07-07,AUD,0.9636
2026-07-07,USD,1.4965
2026-07-07,GBP,1.8996
2026-07-07,EUR,1.6037
2026-07-07,SGD,1.1355
2026-07-07,CAD,1.0912
2026-07-08,AUD,1.0136
2026-07-08,USD,1.5132
2026-07-08,GBP,1.9262
2026-07-08,EUR,1.6288
2026-07-08,SGD,1.1382
2026-07-08,CAD,1.1221
2026-07-09,AUD,0.9953
2026-07-09,USD,1.4992
2026-07-09,GBP,1.9428
2026-07-09,EUR,1.6921
2026-07-09,SGD,1.1247
2026-07-09,CAD,1.1274
2026-07-10,AUD,0.9983
2026-07-10,USD,1.532
2026-07-10,GBP,1.8976
2026-07-10,EUR,1.6885
2026-07-10,SGD,1.1323
2026-07-10,CAD,1.0835
2026-07-11,AUD,1.0176
2026-07-11,USD,1.5075
2026-07-11,GBP,1.9467
2026-07-11,EUR,1.661
2026-07-11,SGD,1.1495
2026-07-11,CAD,1.0984
2026-07-12,AUD,0.9787
2026-07-12,USD,1.5164
2026-07-12,GBP,1.9334
2026-07-12,EUR,1.6561
2026-07-12,SGD,1.1568
2026-07-12,CAD,1.0833
2026-07-13,AUD,0.9957
2026-07-13,USD,1.4776
2026-07-13,GBP,1.946
2026-07-13,EUR,1.6146
2026-07-13,SGD,1.1499
2026-07-13,CAD,1.0859
2026-07-14,AUD,1.0024
2026-07-14,USD,1.5093
2026-07-14,GBP,1.937
2026-07-14,EUR,1.6522
2026-07-14,SGD,1.1316
2026-07-14,CAD,1.1111
2026-07-15,AUD,1.0108
2026-07-15,USD,1.473
2026-07-15,GBP,1.8799
2026-07-15,EUR,1.6282
2026-07-15,SGD,1.1428
2026-07-15,CAD,1.1059
2026-07-16,AUD,1.0327
2026-07-16,USD,1.4931
2026-07-16,GBP,1.9041
2026-07-16,EUR,1.6631
2026-07-16,SGD,1.1477
2026-07-16,CAD,1.0918
2026-07-17,AUD,0.9998
2026-07-17,USD,1.5096
2026-07-17,GBP,1.9265
2026-07-17,EUR,1.6629
2026-07-17,SGD,1.1207
2026-07-17,CAD,1.1017
2026-07-18,AUD,0.9883
2026-07-18,USD,1.5007
2026-07-18,GBP,1.9197
2026-07-18,EUR,1.6282
2026-07-18,SGD,1.1393
2026-07-18,CAD,1.1043
2026-07-19,AUD,1.0133
2026-07-19,USD,1.4763
2026-07-19,GBP,1.8876
2026-07-19,EUR,1.6737
2026-07-19,SGD,1.1063
2026-07-19,CAD,1.0913
2026-07-20,AUD,1.0134
2026-07-20,USD,1.5143
2026-07-20,GBP,1.9052
2026-07-20,EUR,1.629
2026-07-20,SGD,1.1175
2026-07-20,CAD,1.103
2026-07-21,AUD,0.9987
2026-07-21,USD,1.5206
2026-07-21,GBP,1.948
2026-07-21,EUR,1.6476
2026-07-21,SGD,1.1396
2026-07-21,CAD,1.1251
2026-07-22,AUD,1.0079
2026-07-22,USD,1.5337
2026-07-22,GBP,1.9438
2026-07-22,EUR,1.6577
2026-07-22,SGD,1.1385
2026-07-22,CAD,1.116
2026-07-23,AUD,1.0142
2026-07-23,USD,1.5431
2026-07-23,GBP,1.9225
2026-07-23,EUR,1.6416
2026-07-23,SGD,1.1284
2026-07-23,CAD,1.1052
2026-07-24,AUD,0.9957
2026-07-24,USD,1.5429
2026-07-24,GBP,1.9327
2026-07-24,EUR,1.6331
2026-07-24,SGD,1.1247
2026-07-24,CAD,1.107
2026-07-25,AUD,0.988
2026-07-25,USD,1.5151
2026-07-25,GBP,1.919
2026-07-25,EUR,1.6535
2026-07-25,SGD,1.1289
2026-07-25,CAD,1.0979
2026-07-26,AUD,1.001
2026-07-26,USD,1.4883
2026-07-26,GBP,1.9224
2026-07-26,EUR,1.6317
2026-07-26,SGD,1.1592
2026-07-26,CAD,1.0705
2026-07-27,AUD,1.0058
2026-07-27,USD,1.5508
2026-07-27,GBP,1.9121
2026-07-27,EUR,1.6394
2026-07-27,SGD,1.1526
2026-07-27,CAD,1.1004
2026-07-28,AUD,1.0074
2026-07-28,USD,1.5089
2026-07-28,GBP,1.9304
2026-07-28,EUR,1.6154
2026-07-28,SGD,1.1495
2026-07-28,CAD,1.0983
2026-07-29,AUD,0.9656
2026-07-29,USD,1.5014
2026-07-29,GBP,1.8617
2026-07-29,EUR,1.6925
2026-07-29,SGD,1.1302
2026-07-29,CAD,1.0977
2026-07-30,AUD,1.0122
2026-07-30,USD,1.4949
2026-07-30,GBP,1.9419
2026-07-30,EUR,1.6365
2026-07-30,SGD,1.139
2026-07-30,CAD,1.1269
2026-07-31,AUD,0.975
2026-07-31,USD,1.5339
2026-07-31,GBP,1.9589
2026-07-31,EUR,1.6778
2026-07-31,SGD,1.154
2026-07-31,CAD,1.1331
2026-08-01,AUD,0.9844
2026-08-01,USD,1.5074
2026-08-01,GBP,1.8996
2026-08-01,EUR,1.674
2026-08-01,SGD,1.1374
2026-08-01,CAD,1.1094
2026-08-02,AUD,0.9863
2026-08-02,USD,1.5645
2026-08-02,GBP,1.9326
2026-08-02,EUR,1.6387
2026-08-02,SGD,1.1452
2026-08-02,CAD,1.0834
2026-08-03,AUD,1.0032
2026-08-03,USD,1.5146
2026-08-03,GBP,1.953
2026-08-03,EUR,1.6892
2026-08-03,SGD,1.1537
2026-08-03,CAD,1.0819
2026-08-04,AUD,0.9794
2026-08-04,USD,1.4839
2026-08-04,GBP,1.8647
2026-08-04,EUR,1.6641
2026-08-04,SGD,1.1023
2026-08-04,CAD,1.0919
2026-08-05,AUD,0.9817
2026-08-05,USD,1.4843
2026-08-05,GBP,1.9239
2026-08-05,EUR,1.6239
2026-08-05,SGD,1.156
2026-08-05,CAD,1.0902
2026-08-06,AUD,0.9896
2026-08-06,USD,1.5081
2026-08-06,GBP,1.8876
2026-08-06,EUR,1.6796
2026-08-06,SGD,1.1509
2026-08-06,CAD,1.0886
2026-08-07,AUD,1.0062
2026-08-07,USD,1.5131
2026-08-07,GBP,1.8975
2026-08-07,EUR,1.6468
2026-08-07,SGD,1.1524
2026-08-07,CAD,1.072
2026-08-08,AUD,1.0203
2026-08-08,USD,1.5371
2026-08-08,GBP,1.9108
2026-08-08,EUR,1.6508
2026-08-08,SGD,1.1611
2026-08-08,CAD,1.1258
2026-08-09,AUD,1.0102
2026-08-09,USD,1.488
2026-08-09,GBP,1.9053
2026-08-09,EUR,1.6246
2026-08-09,SGD,1.1399
2026-08-09,CAD,1.0754
2026-08-10,AUD,1.0002
2026-08-10,USD,1.513
2026-08-10,GBP,1.9453
2026-08-10,EUR,1.6335
2026-08-10,SGD,1.1887
2026-08-10,CAD,1.1075
2026-08-11,AUD,0.9717
2026-08-11,USD,1.5328
2026-08-11,GBP,1.983
2026-08-11,EUR,1.7101
2026-08-11,SGD,1.1377
2026-08-11,CAD,1.1174
2026-08-12,AUD,0.9853
2026-08-12,USD,1.4905
2026-08-12,GBP,1.9243
2026-08-12,EUR,1.6091
2026-08-12,SGD,1.1302
2026-08-12,CAD,1.0671
2026-08-13,AUD,1.0117
2026-08-13,USD,1.483
2026-08-13,GBP,1.9261
2026-08-13,EUR,1.6424
2026-08-13,SGD,1.1216
2026-08-13,CAD,1.093
2026-08-14,AUD,0.9865
2026-08-14,USD,1.5288
2026-08-14,GBP,1.939
2026-08-14,EUR,1.6088
2026-08-14,SGD,1.1231
2026-08-14,CAD,1.0915
2026-08-15,AUD,0.9718
2026-08-15,USD,1.5109
2026-08-15,GBP,1.9292
2026-08-15,EUR,1.6664
2026-08-15,SGD,1.1183
2026-08-15,CAD,1.084
2026-08-16,AUD,1.009
2026-08-16,USD,1.4924
2026-08-16,GBP,1.9181
2026-08-16,EUR,1.6396
2026-08-16,SGD,1.1244
2026-08-16,CAD,1.0852
2026-08-17,AUD,1.0135
2026-08-17,USD,1.5507
2026-08-17,GBP,1.8338
2026-08-17,EUR,1.6601
2026-08-17,SGD,1.1095
2026-08-17,CAD,1.1157
2026-08-18,AUD,1.0077
2026-08-18,USD,1.5043
2026-08-18,GBP,1.8911
2026-08-18,EUR,1.6721
2026-08-18,SGD,1.1473
2026-08-18,CAD,1.1116
2026-08-19,AUD,0.9893
2026-08-19,USD,1.5514
2026-08-19,GBP,1.9276
2026-08-19,EUR,1.6778
2026-08-19,SGD,1.1619
2026-08-19,CAD,1.0976
2026-08-20,AUD,1.0174
2026-08-20,USD,1.519
2026-08-20,GBP,1.9825
2026-08-20,EUR,1.6152
2026-08-20,SGD,1.164
2026-08-20,CAD,1.0922
2026-08-21,AUD,0.991
2026-08-21,USD,1.5311
2026-08-21,GBP,1.9257
2026-08-21,EUR,1.6604
2026-08-21,SGD,1.1447
2026-08-21,CAD,1.1068
2026-08-22,AUD,0.9846
2026-08-22,USD,1.5397
2026-08-22,GBP,1.9655
2026-08-22,EUR,1.6352
2026-08-22,SGD,1.1414
2026-08-22,CAD,1.1461
2026-08-23,AUD,1.0022
2026-08-23,USD,1.4807
2026-08-23,GBP,1.9203
2026-08-23,EUR,1.6635
2026-08-23,SGD,1.139
2026-08-23,CAD,1.1248
2026-08-24,AUD,1.0229
2026-08-24,USD,1.5029
2026-08-24,GBP,1.9469
2026-08-24,EUR,1.6813
2026-08-24,SGD,1.1703
2026-08-24,CAD,1.0927
2026-08-25,AUD,1.0284
2026-08-25,USD,1.4862
2026-08-25,GBP,1.914
2026-08-25,EUR,1.6412
2026-08-25,SGD,1.1204
2026-08-25,CAD,1.1133
2026-08-26,AUD,1.0072
2026-08-26,USD,1.4694
2026-08-26,GBP,1.9172
2026-08-26,EUR,1.6302
2026-08-26,SGD,1.1239
2026-08-26,CAD,1.1297
2026-08-27,AUD,1.0
2026-08-27,USD,1.5007
2026-08-27,GBP,1.8943
2026-08-27,EUR,1.6763
2026-08-27,SGD,1.1149
2026-08-27,CAD,1.1144
2026-08-28,AUD,1.008
2026-08-28,USD,1.5244
2026-08-28,GBP,1.9412
2026-08-28,EUR,1.6574
2026-08-28,SGD,1.09
2026-08-28,CAD,1.0858
2026-08-29,AUD,0.9939
2026-08-29,USD,1.5463
2026-08-29,GBP,1.8884
2026-08-29,EUR,1.6338
2026-08-29,SGD,1.148
2026-08-29,CAD,1.0968
2026-08-30,AUD,1.0018
2026-08-30,USD,1.4853
2026-08-30,GBP,1.9018
2026-08-30,EUR,1.6509
2026-08-30,SGD,1.1483
2026-08-30,CAD,1.0916
2026-08-31,AUD,0.9883
2026-08-31,USD,1.5428
2026-08-31,GBP,1.9193
2026-08-31,EUR,1.6073
2026-08-31,SGD,1.1303
2026-08-31,CAD,1.0897
