OpportunityID,LeadID,CreatedDate,OpportunityValue,Status
OP000001,L000003,2024-12-29,31809.96,Closed Lost
OP000002,L000005,2024-10-04,3524.82,Open
OP000003,L000010,2025-01-20,743.09,Closed Won
OP000004,L000012,2024-12-02,5097.56,Closed Lost
OP000005,L000014,2025-11-19,3156.55,Closed Lost
OP000006,L000015,2025-07-12,2898.97,Closed Won
OP000007,L000017,2026-06-12,3455.29,Closed Won
OP000008,L000020,2025-02-25,7931.1,Closed Won
OP000009,L000035,2025-01-07,1117.57,Closed Won
OP000010,L000037,2026-08-05,2639.62,Closed Won
OP000011,L000039,2025-10-10,973.33,Closed Won
OP000012,L000045,2026-02-03,22084.74,Closed Won
OP000013,L000052,2024-09-08,666.21,Closed Won
OP000014,L000055,2024-01-26,1580.86,Closed Won
OP000015,L000061,2025-08-07,4618.78,Closed Won
OP000016,L000067,2026-03-19,4627.52,Open
OP000017,L000070,2025-12-06,7049.81,Closed Lost
OP000018,L000074,2025-01-12,1000.13,Closed Won
OP000019,L000075,2026-02-25,2030.01,Open
OP000020,L000077,2026-05-16,2033.74,Closed Lost
OP000021,L000094,2024-05-15,5020.35,Open
OP000022,L000099,2025-01-10,4292.53,Open
OP000023,L000105,2024-05-25,21204.02,Open
OP000024,L000108,2025-05-10,8199.89,Open
OP000025,L000109,2026-09-11,6095.48,Closed Won
OP000026,L000122,2024-04-12,1105.39,Closed Lost
OP000027,L000125,2026-03-02,736.25,Closed Won
OP000028,L000128,2024-09-08,4924.06,Closed Won
OP000029,L000130,2025-01-30,2125.56,Open
OP000030,L000142,2026-04-05,1396.7,Closed Won
OP000031,L000147,2024-05-14,3165.45,Closed Lost
OP000032,L000150,2024-11-12,982.18,Open
OP000033,L000151,2025-09-08,6662.22,Closed Won
OP000034,L000152,2025-11-28,13657.79,Closed Won
OP000035,L000163,2024-01-31,3991.22,Closed Won
OP000036,L000164,2025-08-13,4906.83,Closed Won
OP000037,L000165,2024-08-26,3173.97,Closed Won
OP000038,L000166,2025-12-27,1941.23,Closed Won
OP000039,L000167,2026-03-14,8206.65,Closed Won
OP000040,L000171,2024-10-12,5249.21,Closed Won
OP000041,L000172,2025-12-30,5219.32,Open
OP000042,L000175,2025-04-27,2654.89,Closed Lost
OP000043,L000179,2025-10-28,8464.34,Closed Lost
OP000044,L000182,2025-01-12,6167.32,Closed Won
OP000045,L000185,2026-02-13,1334.83,Closed Lost
OP000046,L000188,2024-10-02,4828.04,Closed Won
OP000047,L000191,2025-10-21,6156.72,Closed Won
OP000048,L000202,2025-12-31,2310.55,Closed Won
OP000049,L000206,2025-08-11,790.34,Closed Lost
OP000050,L000209,2025-07-17,1743.5,Open
OP000051,L000211,2026-07-01,2909.86,Closed Lost
OP000052,L000223,2024-09-06,12025.65,Open
OP000053,L000227,2025-01-22,4642.84,Closed Lost
OP000054,L000230,2025-02-01,4209.19,Open
OP000055,L000233,2026-02-09,1734.95,Closed Won
OP000056,L000239,2024-11-22,706.18,Closed Won
OP000057,L000242,2026-08-18,11464.52,Open
OP000058,L000243,2024-05-25,487.23,Closed Won
OP000059,L000247,2024-05-18,3158.08,Closed Lost
OP000060,L000248,2024-06-19,1518.65,Open
OP000061,L000249,2025-04-24,1461.38,Closed Won
OP000062,L000251,2024-05-20,9462.24,Closed Won
OP000063,L000257,2025-01-11,2362.74,Closed Lost
OP000064,L000263,2026-05-14,2147.23,Closed Lost
OP000065,L000271,2026-08-06,4313.34,Closed Won
OP000066,L000272,2024-03-06,2513.25,Closed Won
OP000067,L000273,2025-02-10,3199.9,Closed Won
OP000068,L000274,2025-07-01,3540.57,Closed Won
OP000069,L000276,2024-11-22,1314.9,Open
OP000070,L000277,2024-09-26,881.41,Closed Won
OP000071,L000283,2025-03-31,5600.87,Closed Lost
OP000072,L000284,2024-04-11,5059.4,Closed Lost
OP000073,L000290,2024-03-27,1954.41,Closed Won
OP000074,L000302,2024-10-18,2656.9,Closed Lost
OP000075,L000304,2024-12-14,3029.19,Closed Won
OP000076,L000305,2025-05-09,4493.82,Closed Won
OP000077,L000307,2025-04-23,9458.71,Closed Won
OP000078,L000313,2024-09-30,6512.19,Closed Won
OP000079,L000320,2025-08-14,799.46,Closed Lost
OP000080,L000340,2024-04-06,50937.22,Closed Won
OP000081,L000341,2025-11-12,2204.38,Open
OP000082,L000343,2024-02-14,621.03,Closed Won
OP000083,L000355,2025-03-11,1290.28,Closed Won
OP000084,L000362,2025-08-03,2905.93,Open
OP000085,L000365,2025-07-05,1146.37,Closed Won
OP000086,L000366,2024-02-18,16690.96,Open
OP000087,L000370,2026-03-05,2057.97,Closed Won
OP000088,L000373,2024-06-29,1385.13,Closed Won
OP000089,L000376,2025-03-27,4167.32,Open
OP000090,L000377,2026-02-01,2427.27,Closed Won
OP000091,L000380,2025-07-20,3663.09,Closed Won
OP000092,L000381,2024-04-23,7994.9,Closed Lost
OP000093,L000383,2024-01-23,6942.92,Open
OP000094,L000387,2024-02-14,9184.91,Closed Lost
OP000095,L000403,2026-04-16,1942.07,Closed Won
OP000096,L000404,2026-03-01,2366.28,Closed Lost
OP000097,L000407,2024-08-16,853.78,Open
OP000098,L000417,2024-11-16,2076.5,Closed Lost
OP000099,L000419,2025-01-01,12082.76,Closed Lost
OP000100,L000420,2024-09-23,846.79,Open
OP000101,L000421,2025-02-09,1436.84,Closed Won
OP000102,L000423,2024-05-07,3808.41,Closed Lost
OP000103,L000427,2025-01-17,1853.75,Closed Won
OP000104,L000431,2024-02-14,11786.32,Closed Won
OP000105,L000432,2024-03-25,1289.6,Closed Lost
OP000106,L000437,2024-04-10,374.37,Open
OP000107,L000443,2025-12-04,586.18,Closed Won
OP000108,L000446,2024-05-06,1057.06,Open
OP000109,L000449,2024-02-07,14408.35,Closed Won
OP000110,L000457,2024-06-26,4734.4,Closed Won
OP000111,L000458,2024-05-07,7061.82,Closed Won
OP000112,L000459,2025-11-14,1156.33,Closed Won
OP000113,L000461,2024-09-08,1150.28,Closed Won
OP000114,L000473,2025-08-25,7220.14,Closed Won
OP000115,L000477,2026-05-20,5396.56,Closed Won
OP000116,L000480,2025-04-01,1370.42,Closed Lost
OP000117,L000484,2025-10-13,1153.02,Closed Won
OP000118,L000487,2024-05-04,2759.22,Closed Won
OP000119,L000490,2026-03-27,1728.87,Closed Won
OP000120,L000496,2024-05-26,1576.77,Closed Won
OP000121,L000499,2024-11-10,14080.54,Closed Won
OP000122,L000504,2024-05-29,3024.52,Closed Lost
OP000123,L000516,2024-05-07,963.95,Closed Won
OP000124,L000520,2025-11-21,1124.47,Closed Won
OP000125,L000523,2025-05-04,2355.62,Open
OP000126,L000527,2025-12-04,1263.51,Closed Won
OP000127,L000533,2024-01-26,1111.21,Closed Lost
OP000128,L000538,2026-05-22,1873.64,Closed Lost
OP000129,L000541,2025-02-25,1352.25,Closed Lost
OP000130,L000547,2026-05-31,7075.39,Closed Won
OP000131,L000548,2024-02-13,6585.8,Closed Lost
OP000132,L000560,2026-05-13,3921.51,Closed Won
OP000133,L000563,2024-10-27,23854.63,Closed Lost
OP000134,L000567,2025-08-28,5934.97,Closed Won
OP000135,L000568,2025-04-07,1368.04,Closed Won
OP000136,L000572,2025-03-25,4555.1,Closed Won
OP000137,L000574,2026-06-19,5169.51,Closed Lost
OP000138,L000584,2024-08-06,5264.2,Closed Won
OP000139,L000585,2025-07-02,3692.85,Closed Won
OP000140,L000587,2025-08-21,727.51,Closed Lost
OP000141,L000588,2026-07-28,1469.17,Closed Won
OP000142,L000589,2025-08-07,3475.14,Closed Won
OP000143,L000590,2024-12-20,4167.37,Closed Won
OP000144,L000593,2025-05-02,5634.92,Closed Won
OP000145,L000602,2026-07-13,2054.44,Closed Won
OP000146,L000605,2026-02-16,250.0,Closed Won
OP000147,L000612,2025-05-14,3762.4,Closed Lost
OP000148,L000613,2025-10-21,4155.93,Closed Won
OP000149,L000614,2024-03-10,3703.93,Closed Won
OP000150,L000616,2026-06-25,2491.81,Closed Won
OP000151,L000620,2026-05-20,1074.66,Closed Won
OP000152,L000621,2026-02-16,3486.21,Closed Won
OP000153,L000624,2024-05-12,4107.29,Open
OP000154,L000625,2025-01-15,2872.14,Closed Lost
OP000155,L000632,2024-05-01,701.72,Open
OP000156,L000635,2025-06-18,1179.27,Closed Won
OP000157,L000636,2024-08-18,1744.42,Closed Won
OP000158,L000637,2025-02-19,3841.84,Closed Won
OP000159,L000642,2025-11-21,1780.53,Closed Won
OP000160,L000651,2024-03-13,21833.18,Closed Won
OP000161,L000652,2024-12-17,5662.74,Open
OP000162,L000653,2025-09-05,5080.04,Closed Won
OP000163,L000656,2024-01-24,5203.38,Open
OP000164,L000658,2024-03-03,16335.9,Closed Won
OP000165,L000664,2025-02-28,1519.78,Closed Won
OP000166,L000670,2026-05-29,947.05,Closed Won
OP000167,L000672,2024-05-02,2912.59,Open
OP000168,L000682,2024-05-07,24945.89,Open
OP000169,L000685,2024-04-25,966.02,Open
OP000170,L000687,2025-04-22,963.02,Closed Lost
OP000171,L000688,2024-01-26,3483.97,Closed Won
OP000172,L000703,2025-07-28,6806.55,Closed Won
OP000173,L000705,2025-07-04,3344.54,Closed Won
OP000174,L000708,2024-11-13,1305.47,Open
OP000175,L000715,2026-08-30,5374.91,Open
OP000176,L000726,2024-09-06,13437.98,Closed Won
OP000177,L000732,2026-05-13,1682.65,Closed Won
OP000178,L000745,2026-01-23,5019.39,Closed Won
OP000179,L000748,2024-07-07,1211.9,Closed Won
OP000180,L000749,2024-05-14,1883.11,Closed Won
OP000181,L000752,2024-01-06,1179.57,Closed Lost
OP000182,L000758,2025-11-04,1666.12,Closed Won
OP000183,L000765,2025-10-04,10469.93,Closed Won
OP000184,L000766,2025-11-07,13348.29,Closed Lost
OP000185,L000767,2024-12-15,1500.99,Closed Lost
OP000186,L000768,2026-01-24,2639.29,Closed Won
OP000187,L000777,2026-02-27,4330.47,Open
OP000188,L000778,2024-05-12,6473.94,Closed Won
OP000189,L000782,2026-01-22,385.6,Open
OP000190,L000783,2025-06-26,326.52,Closed Won
OP000191,L000786,2024-02-03,762.9,Closed Won
OP000192,L000787,2025-05-18,9024.83,Closed Won
OP000193,L000790,2025-05-24,34892.9,Closed Won
OP000194,L000795,2024-10-08,5136.57,Closed Won
OP000195,L000799,2024-07-07,1373.21,Closed Won
OP000196,L000808,2024-05-04,2406.78,Closed Won
OP000197,L000811,2025-02-12,20694.65,Closed Won
OP000198,L000820,2024-09-15,10488.64,Closed Won
OP000199,L000822,2025-08-03,8504.39,Closed Lost
OP000200,L000826,2024-10-29,1059.41,Closed Lost
OP000201,L000827,2024-05-25,1476.82,Closed Won
OP000202,L000832,2025-02-15,2273.2,Closed Won
OP000203,L000834,2024-07-19,13097.99,Closed Won
OP000204,L000837,2025-08-16,553.95,Closed Lost
OP000205,L000838,2025-01-01,1252.48,Closed Won
OP000206,L000839,2026-09-07,1053.47,Closed Won
OP000207,L000840,2024-03-23,37724.87,Closed Won
OP000208,L000849,2025-11-12,17887.21,Closed Won
OP000209,L000859,2025-08-10,14917.77,Closed Lost
OP000210,L000862,2026-02-13,3728.72,Open
OP000211,L000865,2024-09-28,2287.21,Open
OP000212,L000868,2026-01-14,6922.46,Closed Won
OP000213,L000871,2024-05-21,1325.35,Closed Won
OP000214,L000888,2025-12-09,2131.88,Closed Lost
OP000215,L000890,2026-01-20,4277.37,Closed Won
OP000216,L000894,2026-05-20,8492.39,Closed Lost
OP000217,L000895,2024-12-09,1863.06,Closed Won
OP000218,L000896,2025-08-07,5929.01,Closed Lost
OP000219,L000898,2024-07-25,750.36,Closed Won
OP000220,L000906,2024-03-06,2379.39,Closed Won
OP000221,L000911,2024-08-15,1557.87,Closed Won
OP000222,L000918,2025-10-30,1219.39,Closed Won
OP000223,L000919,2024-02-05,250.0,Closed Won
OP000224,L000921,2024-06-18,4089.67,Open
OP000225,L000922,2025-06-24,8769.09,Closed Lost
OP000226,L000926,2025-06-17,1531.88,Closed Lost
OP000227,L000930,2024-08-14,1133.19,Closed Won
OP000228,L000934,2025-08-14,561.43,Closed Won
OP000229,L000939,2025-12-19,1941.89,Closed Won
OP000230,L000943,2025-12-21,8083.61,Open
OP000231,L000950,2025-08-31,17489.02,Closed Won
OP000232,L000952,2024-11-22,6315.25,Closed Won
OP000233,L000960,2026-04-27,2218.81,Closed Won
OP000234,L000962,2025-06-23,532.48,Closed Won
OP000235,L000963,2024-05-05,3073.55,Open
OP000236,L000969,2024-01-29,11122.97,Open
OP000237,L000972,2024-03-02,7841.14,Closed Lost
OP000238,L000979,2026-07-05,408.68,Closed Lost
OP000239,L000998,2025-01-24,1206.42,Closed Won
OP000240,L000999,2025-12-28,1903.13,Closed Won
OP000241,L001000,2025-01-06,1131.38,Closed Won
OP000242,L001005,2026-07-03,1079.74,Closed Won
OP000243,L001006,2026-03-18,1418.17,Closed Lost
OP000244,L001007,2024-09-01,4778.14,Open
OP000245,L001010,2024-02-07,7963.81,Closed Won
OP000246,L001013,2024-04-26,771.7,Closed Lost
OP000247,L001016,2025-02-07,12570.27,Closed Won
OP000248,L001025,2026-06-28,2217.71,Closed Won
OP000249,L001040,2025-12-28,981.01,Closed Won
OP000250,L001052,2024-02-13,1124.37,Closed Won
OP000251,L001061,2024-05-28,1609.06,Closed Won
OP000252,L001062,2026-01-23,3980.1,Closed Won
OP000253,L001069,2025-10-08,3672.94,Closed Won
OP000254,L001071,2024-09-27,4546.63,Closed Lost
OP000255,L001072,2026-05-03,2358.25,Closed Won
OP000256,L001075,2026-06-05,1717.68,Closed Won
OP000257,L001079,2026-09-20,827.04,Closed Won
OP000258,L001085,2026-09-24,922.54,Open
OP000259,L001088,2026-02-01,553.07,Closed Won
OP000260,L001093,2024-11-18,34109.73,Closed Won
OP000261,L001094,2025-05-01,5644.25,Open
OP000262,L001100,2024-03-31,2458.1,Open
OP000263,L001101,2026-07-30,1934.95,Closed Won
OP000264,L001106,2025-07-29,10174.25,Closed Won
OP000265,L001108,2024-06-08,7226.82,Closed Won
OP000266,L001111,2026-03-28,1572.17,Closed Won
OP000267,L001117,2025-06-05,336.17,Closed Lost
OP000268,L001121,2025-06-24,3650.55,Closed Lost
OP000269,L001124,2026-03-10,728.67,Closed Lost
OP000270,L001125,2026-02-20,8420.06,Closed Won
OP000271,L001128,2024-02-22,7451.34,Closed Lost
OP000272,L001130,2025-06-19,912.16,Open
OP000273,L001136,2024-08-08,643.93,Closed Won
OP000274,L001148,2025-06-19,967.48,Closed Won
OP000275,L001149,2026-03-26,4287.54,Closed Won
OP000276,L001150,2025-11-05,1023.88,Closed Won
OP000277,L001151,2024-08-25,1796.05,Open
OP000278,L001152,2026-06-18,1237.74,Open
OP000279,L001158,2026-01-21,1535.17,Closed Won
OP000280,L001161,2025-12-21,634.13,Open
OP000281,L001163,2025-03-22,3670.52,Closed Won
OP000282,L001166,2024-01-13,3973.98,Open
OP000283,L001170,2024-02-19,4674.66,Closed Lost
OP000284,L001171,2024-05-01,7413.9,Closed Lost
OP000285,L001176,2025-01-27,1339.64,Closed Lost
OP000286,L001178,2024-06-19,9640.38,Closed Won
OP000287,L001185,2025-05-11,13320.59,Closed Won
OP000288,L001190,2024-10-13,4401.74,Open
OP000289,L001192,2026-09-14,6638.91,Closed Won
OP000290,L001194,2024-05-13,1981.68,Closed Won
OP000291,L001196,2025-05-02,3354.96,Closed Lost
OP000292,L001199,2026-06-16,3155.03,Closed Lost
OP000293,L001200,2025-02-27,5451.49,Closed Won
OP000294,L001206,2026-08-18,6242.69,Closed Won
OP000295,L001207,2025-09-08,1761.09,Closed Won
OP000296,L001209,2025-05-30,779.01,Open
OP000297,L001214,2026-09-22,8160.74,Open
OP000298,L001219,2024-11-21,610.92,Closed Won
OP000299,L001220,2026-08-04,1260.85,Closed Won
OP000300,L001231,2025-06-24,1409.17,Open
OP000301,L001233,2026-07-18,2612.04,Closed Won
OP000302,L001235,2024-10-01,2460.08,Closed Won
OP000303,L001238,2026-06-07,3424.62,Closed Won
OP000304,L001248,2026-06-03,1000.17,Open
OP000305,L001253,2026-08-08,2547.73,Open
OP000306,L001256,2025-10-28,5599.09,Closed Won
OP000307,L001272,2025-08-14,5748.78,Open
OP000308,L001277,2026-01-03,6043.63,Closed Lost
OP000309,L001278,2025-07-31,816.62,Open
OP000310,L001290,2024-03-21,1174.73,Closed Won
OP000311,L001291,2025-11-30,7208.57,Closed Won
OP000312,L001303,2025-10-05,1462.6,Closed Lost
OP000313,L001304,2025-04-20,4556.94,Closed Won
OP000314,L001306,2025-08-18,1053.91,Closed Won
OP000315,L001307,2026-03-24,4358.78,Open
OP000316,L001316,2024-11-08,15393.55,Closed Won
OP000317,L001325,2025-08-15,4855.41,Closed Won
OP000318,L001334,2024-06-05,4740.29,Closed Won
OP000319,L001339,2026-07-06,9335.73,Closed Won
OP000320,L001342,2024-05-22,1797.87,Closed Lost
OP000321,L001345,2024-12-26,2681.34,Open
OP000322,L001360,2024-07-31,5961.51,Closed Won
OP000323,L001361,2024-02-26,1141.03,Closed Won
OP000324,L001362,2025-02-28,4292.7,Closed Won
OP000325,L001363,2024-03-26,11875.45,Closed Won
OP000326,L001364,2026-04-16,9715.81,Closed Won
OP000327,L001380,2024-02-29,2580.63,Closed Lost
OP000328,L001383,2024-02-13,713.87,Closed Won
OP000329,L001385,2026-01-05,3241.12,Closed Won
OP000330,L001386,2025-04-22,2485.17,Closed Won
OP000331,L001392,2026-06-17,1782.3,Closed Won
OP000332,L001404,2025-04-15,14902.24,Open
OP000333,L001406,2026-03-01,1330.45,Closed Won
OP000334,L001412,2025-01-02,1637.68,Open
OP000335,L001414,2025-08-17,4533.36,Closed Won
OP000336,L001415,2024-04-11,2074.03,Closed Won
OP000337,L001418,2025-06-11,9260.35,Open
OP000338,L001423,2025-06-09,3369.94,Open
OP000339,L001427,2026-02-07,10781.62,Closed Won
OP000340,L001436,2024-03-12,3096.63,Open
OP000341,L001438,2025-09-13,259.25,Closed Won
OP000342,L001461,2025-05-08,3478.59,Closed Won
OP000343,L001462,2026-08-23,19692.99,Closed Lost
OP000344,L001467,2024-05-10,2496.05,Closed Lost
OP000345,L001470,2026-08-13,736.56,Closed Won
OP000346,L001472,2025-04-30,433.99,Closed Won
OP000347,L001474,2026-06-30,1662.02,Open
OP000348,L001475,2024-08-19,2158.61,Closed Won
OP000349,L001476,2026-07-17,3375.15,Closed Won
OP000350,L001478,2026-01-29,33194.24,Closed Won
OP000351,L001493,2026-03-12,690.89,Closed Won
OP000352,L001496,2024-04-23,4794.99,Closed Won
OP000353,L001498,2025-03-30,25348.46,Closed Won
OP000354,L001501,2026-03-10,1233.85,Closed Won
OP000355,L001512,2024-06-05,4311.79,Closed Won
OP000356,L001515,2024-02-26,1617.2,Closed Lost
OP000357,L001522,2025-10-02,2982.39,Closed Won
OP000358,L001527,2024-11-17,6877.88,Open
OP000359,L001537,2026-04-22,3530.25,Closed Lost
OP000360,L001541,2026-03-11,754.74,Closed Won
OP000361,L001542,2025-08-02,11757.62,Closed Won
OP000362,L001547,2025-03-29,1976.7,Closed Won
OP000363,L001551,2025-01-10,1707.83,Closed Lost
OP000364,L001560,2025-01-15,1542.33,Closed Lost
OP000365,L001565,2026-07-31,1471.79,Closed Won
OP000366,L001567,2025-07-05,1561.01,Closed Won
OP000367,L001581,2025-12-30,6394.71,Closed Won
OP000368,L001589,2025-03-08,5986.85,Open
OP000369,L001591,2025-08-30,5204.01,Closed Lost
OP000370,L001600,2025-03-19,2276.08,Closed Won
OP000371,L001603,2025-07-10,1687.34,Open
OP000372,L001605,2024-10-27,2743.35,Closed Lost
OP000373,L001606,2024-04-30,18783.44,Open
OP000374,L001611,2024-09-21,1923.91,Open
OP000375,L001614,2025-09-07,1010.45,Closed Won
OP000376,L001616,2024-09-12,657.95,Closed Won
OP000377,L001620,2026-05-11,1541.83,Closed Won
OP000378,L001621,2024-01-20,9286.51,Closed Won
OP000379,L001624,2025-01-08,8124.62,Closed Won
OP000380,L001626,2026-05-10,2821.91,Closed Won
OP000381,L001631,2025-09-08,710.4,Closed Won
OP000382,L001635,2024-07-20,4880.45,Closed Won
OP000383,L001636,2025-03-10,35393.15,Closed Lost
OP000384,L001637,2025-06-16,2178.12,Closed Lost
OP000385,L001638,2025-02-07,1486.79,Closed Won
OP000386,L001639,2026-08-06,10905.63,Closed Won
OP000387,L001640,2024-07-18,1911.63,Closed Won
OP000388,L001643,2026-02-06,16106.47,Closed Won
OP000389,L001652,2026-06-04,10402.81,Open
OP000390,L001657,2024-02-29,14984.62,Closed Won
OP000391,L001665,2024-08-21,1229.57,Open
OP000392,L001668,2025-03-01,953.72,Closed Won
OP000393,L001670,2026-07-26,967.17,Closed Lost
OP000394,L001673,2025-05-21,24080.48,Closed Won
OP000395,L001674,2025-05-03,13700.67,Closed Lost
OP000396,L001676,2026-04-13,6919.39,Closed Lost
OP000397,L001680,2024-10-10,1545.43,Open
OP000398,L001686,2025-04-10,2435.81,Closed Won
OP000399,L001689,2025-08-19,666.57,Closed Lost
OP000400,L001699,2026-08-05,10770.31,Closed Won
OP000401,L001718,2026-01-11,8273.84,Closed Won
OP000402,L001733,2025-02-17,1026.87,Open
OP000403,L001735,2024-11-25,729.52,Open
OP000404,L001741,2024-11-17,3258.68,Closed Won
OP000405,L001744,2024-10-31,1948.51,Closed Won
OP000406,L001746,2025-03-26,6498.36,Closed Won
OP000407,L001752,2024-08-23,2126.73,Open
OP000408,L001758,2024-05-04,3904.77,Open
OP000409,L001760,2024-10-18,1914.02,Closed Won
OP000410,L001761,2024-11-26,1578.65,Open
OP000411,L001766,2026-04-03,3580.66,Open
OP000412,L001768,2026-06-07,565.0,Closed Won
OP000413,L001770,2026-04-14,1060.3,Open
OP000414,L001774,2024-07-29,25397.15,Closed Won
OP000415,L001776,2025-05-22,10098.14,Closed Won
OP000416,L001781,2025-02-05,3324.97,Closed Won
OP000417,L001786,2026-04-23,525.61,Closed Won
OP000418,L001788,2026-07-13,1830.06,Open
OP000419,L001789,2024-05-18,2968.66,Closed Lost
OP000420,L001790,2026-01-10,826.37,Closed Won
OP000421,L001795,2024-12-12,1839.92,Closed Won
OP000422,L001805,2026-09-03,7655.99,Open
OP000423,L001809,2026-04-11,7056.5,Closed Won
OP000424,L001810,2024-10-16,338.97,Closed Won
OP000425,L001811,2025-02-05,8488.77,Closed Won
OP000426,L001823,2026-08-22,1331.31,Closed Won
OP000427,L001824,2025-10-23,3749.33,Closed Won
OP000428,L001825,2025-02-01,2127.99,Closed Won
OP000429,L001833,2025-09-29,7896.94,Closed Won
OP000430,L001845,2025-10-01,19772.81,Closed Won
OP000431,L001852,2025-12-12,2953.62,Closed Won
OP000432,L001857,2025-07-16,642.07,Open
OP000433,L001860,2026-01-18,5013.08,Closed Won
OP000434,L001865,2025-02-27,2534.38,Closed Won
OP000435,L001872,2024-03-18,615.96,Closed Lost
OP000436,L001879,2026-06-22,19520.48,Closed Won
OP000437,L001885,2024-05-22,6632.24,Closed Won
OP000438,L001888,2024-04-27,20404.06,Closed Lost
OP000439,L001896,2024-11-21,6510.3,Open
OP000440,L001899,2025-02-06,10733.97,Closed Won
OP000441,L001905,2025-04-12,2033.97,Open
OP000442,L001906,2026-06-13,4628.36,Closed Won
OP000443,L001925,2024-06-19,15909.42,Open
OP000444,L001930,2024-09-06,982.14,Closed Won
OP000445,L001941,2024-06-28,33644.31,Closed Won
OP000446,L001945,2026-02-21,942.23,Open
OP000447,L001953,2024-05-01,3092.18,Closed Won
OP000448,L001955,2026-04-08,1986.54,Open
OP000449,L001962,2024-03-17,3231.82,Closed Lost
OP000450,L001966,2025-06-17,1879.91,Closed Won
OP000451,L001967,2026-09-10,3444.42,Closed Won
OP000452,L001974,2025-03-05,8912.97,Closed Lost
OP000453,L001977,2024-02-29,10750.1,Open
OP000454,L001980,2025-03-22,2919.06,Closed Lost
OP000455,L001981,2024-10-21,349.98,Closed Lost
OP000456,L001993,2024-12-21,3757.89,Closed Won
OP000457,L001994,2024-03-05,4434.74,Closed Won
OP000458,L001995,2024-11-06,1912.48,Closed Won
OP000459,L001996,2024-10-10,5598.08,Open
OP000460,L001998,2026-01-28,13884.19,Closed Won
OP000461,L002007,2026-03-20,26104.73,Closed Won
OP000462,L002009,2024-03-16,1617.51,Closed Won
OP000463,L002012,2026-03-27,4273.73,Closed Won
OP000464,L002014,2025-06-11,3285.02,Open
OP000465,L002018,2025-12-29,11415.33,Closed Won
OP000466,L002026,2025-03-14,4010.43,Closed Won
OP000467,L002027,2025-08-19,617.66,Closed Lost
OP000468,L002033,2024-04-24,2057.1,Closed Won
OP000469,L002034,2026-04-29,954.39,Closed Won
OP000470,L002037,2026-04-07,1935.74,Closed Won
OP000471,L002038,2024-06-26,4215.06,Open
OP000472,L002039,2025-01-01,1486.59,Closed Won
OP000473,L002042,2025-05-21,3572.0,Closed Lost
OP000474,L002048,2026-08-16,637.73,Closed Won
OP000475,L002049,2025-01-06,3141.92,Closed Won
OP000476,L002051,2026-03-20,2983.3,Closed Won
OP000477,L002052,2024-06-23,3440.69,Open
OP000478,L002053,2025-09-29,2297.56,Closed Won
OP000479,L002054,2024-05-15,6157.23,Open
OP000480,L002057,2025-10-01,276.84,Closed Won
OP000481,L002058,2025-12-05,735.73,Closed Won
OP000482,L002061,2026-04-16,1433.42,Closed Won
OP000483,L002066,2024-11-05,835.23,Closed Won
OP000484,L002067,2026-07-23,2362.21,Closed Lost
OP000485,L002073,2025-05-01,6649.94,Open
OP000486,L002076,2024-08-11,2089.16,Closed Won
OP000487,L002077,2025-08-04,2435.36,Open
OP000488,L002082,2024-06-10,1316.55,Closed Lost
OP000489,L002085,2026-02-17,4205.63,Closed Won
OP000490,L002087,2025-12-02,721.45,Open
OP000491,L002096,2024-06-23,7968.02,Closed Lost
OP000492,L002102,2024-06-26,3599.56,Open
OP000493,L002105,2026-04-13,2075.38,Closed Won
OP000494,L002108,2025-06-11,5234.13,Closed Won
OP000495,L002120,2025-04-07,2872.63,Closed Lost
OP000496,L002130,2025-04-22,3114.28,Closed Won
OP000497,L002144,2024-03-20,3679.88,Closed Won
OP000498,L002145,2024-08-03,1992.19,Open
OP000499,L002151,2025-03-23,8786.31,Closed Lost
OP000500,L002152,2026-01-08,1482.16,Closed Won
OP000501,L002165,2025-06-27,2444.53,Open
OP000502,L002167,2026-07-11,3897.95,Closed Won
OP000503,L002168,2025-04-10,2370.07,Open
OP000504,L002171,2026-04-21,1083.75,Closed Won
OP000505,L002173,2024-03-31,2469.94,Closed Won
OP000506,L002177,2026-05-14,481.9,Closed Lost
OP000507,L002181,2024-11-18,9494.27,Closed Won
OP000508,L002188,2025-06-29,5805.94,Open
OP000509,L002191,2026-08-27,3852.2,Open
OP000510,L002192,2024-02-14,2194.25,Closed Won
OP000511,L002199,2024-11-05,3158.55,Closed Won
OP000512,L002205,2026-04-08,2782.59,Closed Won
OP000513,L002208,2026-06-15,1888.5,Closed Won
OP000514,L002209,2025-04-24,2598.27,Closed Won
OP000515,L002212,2025-12-24,3376.73,Open
OP000516,L002217,2026-01-02,5912.35,Closed Won
OP000517,L002228,2024-06-15,7755.85,Closed Won
OP000518,L002236,2026-06-05,1249.4,Closed Lost
OP000519,L002238,2026-02-24,1891.98,Closed Won
OP000520,L002241,2025-01-14,1655.89,Closed Won
OP000521,L002244,2024-08-30,530.07,Open
OP000522,L002245,2025-06-19,1710.15,Closed Lost
OP000523,L002250,2024-09-16,2637.14,Closed Won
OP000524,L002253,2025-05-30,1852.35,Closed Won
OP000525,L002254,2025-03-05,1361.67,Closed Won
OP000526,L002259,2026-05-07,1680.77,Closed Won
OP000527,L002260,2026-02-05,3027.67,Closed Won
OP000528,L002262,2026-07-08,6872.83,Closed Lost
OP000529,L002267,2025-01-11,10037.66,Closed Won
OP000530,L002268,2025-12-15,3139.57,Closed Won
OP000531,L002269,2026-09-01,2091.19,Closed Won
OP000532,L002270,2025-04-16,2430.22,Closed Lost
OP000533,L002272,2024-02-11,1407.37,Closed Lost
OP000534,L002273,2024-07-23,2733.99,Closed Won
OP000535,L002274,2025-02-25,4644.58,Open
OP000536,L002275,2026-08-19,12543.29,Closed Won
OP000537,L002276,2026-03-10,735.42,Closed Won
OP000538,L002280,2025-09-01,3829.06,Closed Won
OP000539,L002286,2025-11-10,12003.7,Closed Won
OP000540,L002291,2026-05-13,707.86,Closed Won
OP000541,L002298,2026-05-02,2840.22,Closed Won
OP000542,L002304,2025-07-14,2337.4,Closed Lost
OP000543,L002305,2024-08-09,7832.41,Open
OP000544,L002306,2024-10-23,1989.24,Closed Won
OP000545,L002310,2025-07-03,1809.52,Closed Won
OP000546,L002312,2025-06-30,250.0,Closed Won
OP000547,L002314,2025-11-23,2296.24,Closed Won
OP000548,L002315,2024-04-02,1659.41,Open
OP000549,L002329,2025-05-17,6840.76,Open
OP000550,L002332,2024-03-05,3650.95,Open
OP000551,L002343,2026-07-30,1467.97,Open
OP000552,L002345,2024-06-15,4518.36,Closed Won
OP000553,L002346,2024-02-10,4478.12,Closed Won
OP000554,L002347,2026-09-26,10411.81,Closed Won
OP000555,L002351,2026-07-22,1671.31,Closed Won
OP000556,L002352,2026-03-02,5299.4,Open
OP000557,L002353,2026-06-22,26527.57,Closed Won
OP000558,L002363,2024-09-30,1165.29,Closed Won
OP000559,L002367,2026-04-08,1805.36,Closed Won
OP000560,L002368,2024-07-14,2304.76,Open
OP000561,L002370,2025-04-02,10686.34,Closed Won
OP000562,L002378,2026-08-09,2431.17,Open
OP000563,L002380,2025-07-04,2071.42,Closed Won
OP000564,L002382,2024-02-27,2437.16,Closed Won
OP000565,L002384,2024-10-12,4625.6,Closed Won
OP000566,L002385,2026-01-30,2997.53,Open
OP000567,L002391,2024-10-30,3983.18,Closed Won
OP000568,L002394,2026-06-23,979.45,Closed Won
OP000569,L002395,2026-03-22,1185.9,Closed Won
OP000570,L002397,2024-08-29,7176.13,Closed Won
OP000571,L002404,2025-03-30,2417.77,Open
OP000572,L002408,2026-06-07,11694.55,Closed Won
OP000573,L002422,2026-10-02,2348.14,Closed Won
OP000574,L002424,2026-07-08,6288.83,Closed Won
OP000575,L002427,2024-04-18,8605.57,Open
OP000576,L002440,2025-06-14,1851.64,Closed Won
OP000577,L002448,2024-11-25,5499.37,Open
OP000578,L002456,2025-12-05,2878.39,Open
OP000579,L002457,2024-11-14,4832.83,Closed Won
OP000580,L002461,2025-02-12,7951.44,Open
OP000581,L002465,2026-03-14,8689.28,Closed Won
OP000582,L002466,2025-11-15,866.44,Closed Won
OP000583,L002475,2024-07-26,1591.38,Closed Lost
OP000584,L002480,2024-05-03,3022.4,Closed Won
OP000585,L002484,2025-12-21,2765.21,Open
OP000586,L002489,2024-12-22,4465.0,Closed Won
OP000587,L002490,2026-03-23,560.04,Closed Won
OP000588,L002493,2025-05-29,1030.33,Open
OP000589,L002494,2025-04-14,1033.76,Open
OP000590,L002503,2026-09-20,5958.43,Open
OP000591,L002504,2024-09-21,532.44,Open
OP000592,L002508,2024-02-21,5156.29,Closed Won
OP000593,L002513,2025-04-30,2096.12,Closed Lost
OP000594,L002518,2026-04-13,2745.39,Open
OP000595,L002519,2024-02-24,4832.67,Closed Lost
OP000596,L002528,2024-07-29,16575.08,Closed Won
OP000597,L002530,2024-10-04,8890.67,Closed Won
OP000598,L002548,2026-06-02,948.0,Closed Won
OP000599,L002550,2025-03-11,5404.42,Open
OP000600,L002551,2024-07-28,19171.94,Closed Won
OP000601,L002552,2024-04-19,1567.16,Closed Won
OP000602,L002555,2024-11-11,3477.16,Closed Won
OP000603,L002556,2025-09-29,11061.69,Closed Lost
OP000604,L002559,2026-08-08,4179.54,Closed Lost
OP000605,L002560,2025-07-21,1551.73,Open
OP000606,L002570,2024-06-23,6796.2,Open
OP000607,L002575,2025-10-01,2276.46,Open
OP000608,L002584,2026-01-25,1005.53,Closed Won
OP000609,L002588,2024-08-09,7748.48,Closed Lost
OP000610,L002589,2024-10-20,472.52,Closed Won
OP000611,L002590,2024-02-11,5067.24,Closed Won
OP000612,L002598,2024-11-05,20175.94,Closed Won
OP000613,L002599,2025-09-21,1686.99,Closed Won
OP000614,L002605,2024-01-24,1229.86,Closed Won
OP000615,L002606,2026-08-19,2895.26,Open
OP000616,L002609,2024-09-28,4780.69,Closed Won
OP000617,L002612,2026-08-29,4591.57,Closed Lost
OP000618,L002613,2026-06-09,3313.82,Open
OP000619,L002614,2024-07-06,1491.23,Closed Won
OP000620,L002618,2026-06-22,6321.95,Open
OP000621,L002620,2024-04-14,16213.2,Closed Lost
OP000622,L002627,2025-12-16,7040.48,Open
OP000623,L002628,2025-01-24,1530.08,Closed Won
OP000624,L002650,2024-05-26,12255.15,Open
OP000625,L002655,2025-12-15,4941.84,Closed Lost
OP000626,L002656,2026-08-08,3191.33,Closed Won
OP000627,L002666,2026-06-08,7213.63,Open
OP000628,L002671,2024-03-03,639.49,Closed Lost
OP000629,L002688,2024-08-11,4367.59,Closed Won
OP000630,L002689,2024-04-03,4832.46,Closed Won
OP000631,L002690,2026-03-04,716.05,Closed Won
OP000632,L002691,2024-04-08,879.47,Closed Lost
OP000633,L002696,2025-11-21,6204.52,Closed Won
OP000634,L002697,2026-01-08,625.49,Closed Won
OP000635,L002708,2026-09-09,4119.63,Closed Won
OP000636,L002713,2025-07-16,2541.85,Closed Won
OP000637,L002716,2025-08-17,1783.74,Open
OP000638,L002717,2025-07-22,3967.78,Closed Won
OP000639,L002721,2026-03-12,355.58,Open
OP000640,L002734,2024-09-09,1927.05,Closed Won
OP000641,L002742,2024-06-29,1935.36,Closed Won
OP000642,L002744,2025-06-21,3783.65,Closed Won
OP000643,L002745,2025-10-14,2997.05,Closed Won
OP000644,L002747,2024-12-24,843.62,Closed Won
OP000645,L002750,2026-08-15,2316.37,Open
OP000646,L002758,2025-03-20,1175.9,Closed Won
OP000647,L002760,2024-05-21,2818.18,Closed Lost
OP000648,L002762,2025-11-21,5249.19,Closed Won
OP000649,L002768,2024-10-02,719.81,Open
OP000650,L002772,2025-11-27,3157.74,Closed Won
OP000651,L002779,2024-06-05,1866.55,Closed Won
OP000652,L002783,2024-08-14,6124.99,Closed Won
OP000653,L002791,2025-09-10,993.6,Closed Won
OP000654,L002797,2024-02-10,2122.25,Closed Won
OP000655,L002800,2025-09-06,603.79,Closed Lost
OP000656,L002812,2024-09-09,6365.92,Closed Lost
OP000657,L002815,2024-07-02,32827.86,Closed Won
OP000658,L002816,2024-04-12,1088.44,Closed Won
OP000659,L002818,2026-06-15,3608.04,Open
OP000660,L002819,2026-04-10,3266.98,Closed Won
OP000661,L002823,2024-12-20,250.0,Closed Won
OP000662,L002826,2024-06-22,2703.12,Closed Won
OP000663,L002830,2024-03-08,1685.96,Closed Lost
OP000664,L002835,2024-11-05,1060.45,Closed Lost
OP000665,L002840,2026-08-18,3801.62,Open
OP000666,L002842,2025-11-13,1097.52,Closed Won
OP000667,L002843,2026-08-18,1724.07,Closed Lost
OP000668,L002857,2026-06-08,2446.3,Closed Won
OP000669,L002868,2026-07-07,1353.46,Open
OP000670,L002870,2024-02-11,1411.24,Closed Won
OP000671,L002873,2024-11-17,9702.19,Closed Won
OP000672,L002878,2026-07-25,2514.92,Closed Lost
OP000673,L002879,2025-01-21,3307.15,Closed Won
OP000674,L002881,2025-05-14,1387.6,Closed Won
OP000675,L002884,2025-03-14,921.14,Open
OP000676,L002886,2025-03-31,3164.39,Open
OP000677,L002887,2025-07-21,7602.07,Closed Lost
OP000678,L002891,2025-10-21,250.0,Closed Won
OP000679,L002894,2024-03-15,3578.11,Closed Lost
OP000680,L002895,2024-05-20,1072.49,Open
OP000681,L002897,2025-07-01,4940.43,Closed Won
OP000682,L002901,2024-08-11,1181.69,Closed Won
OP000683,L002911,2024-07-12,1402.64,Closed Lost
OP000684,L002919,2025-04-27,5237.84,Open
OP000685,L002920,2025-02-17,6016.37,Closed Lost
OP000686,L002923,2024-06-26,2148.17,Closed Won
OP000687,L002929,2024-02-03,4496.55,Open
OP000688,L002930,2025-06-12,5125.05,Closed Lost
OP000689,L002934,2025-02-27,3122.96,Closed Won
OP000690,L002935,2026-02-08,4316.35,Open
OP000691,L002939,2026-01-08,3025.66,Open
OP000692,L002941,2026-04-03,16002.84,Closed Lost
OP000693,L002944,2024-06-25,5661.72,Closed Won
OP000694,L002947,2025-06-18,4961.46,Open
OP000695,L002954,2026-07-29,12712.14,Closed Won
OP000696,L002957,2025-08-17,8786.53,Closed Won
OP000697,L002964,2025-08-15,3303.18,Closed Won
OP000698,L002968,2026-01-23,11513.44,Closed Won
OP000699,L002975,2024-01-25,483.11,Closed Won
OP000700,L002986,2024-06-01,1310.97,Closed Won
OP000701,L002990,2025-08-04,24140.5,Closed Won
OP000702,L002993,2024-07-14,1470.63,Open
OP000703,L002995,2026-09-20,1290.33,Closed Won
OP000704,L003001,2024-06-21,9121.24,Open
OP000705,L003002,2025-08-26,1069.33,Closed Won
OP000706,L003009,2026-01-12,4428.78,Open
OP000707,L003012,2026-02-14,23242.1,Closed Lost
OP000708,L003017,2024-07-11,2045.47,Closed Lost
OP000709,L003020,2025-10-28,3741.17,Closed Won
OP000710,L003023,2026-08-03,9210.33,Closed Won
OP000711,L003037,2024-05-06,1378.73,Closed Won
OP000712,L003045,2025-12-31,7265.59,Open
OP000713,L003047,2024-03-08,4079.34,Closed Won
OP000714,L003052,2024-07-01,8315.79,Closed Won
OP000715,L003056,2026-02-26,1755.33,Closed Won
OP000716,L003072,2024-08-10,14095.95,Closed Won
OP000717,L003076,2025-10-05,2600.13,Closed Won
OP000718,L003087,2024-04-07,1271.36,Closed Lost
OP000719,L003091,2025-01-06,706.67,Closed Won
OP000720,L003095,2026-07-31,6787.79,Closed Won
OP000721,L003097,2025-12-05,4995.4,Closed Won
OP000722,L003099,2026-01-08,4928.07,Closed Lost
OP000723,L003101,2025-10-13,1150.54,Closed Lost
OP000724,L003104,2024-05-05,5282.47,Open
OP000725,L003105,2024-07-28,2025.99,Open
OP000726,L003106,2026-02-21,2742.35,Closed Won
OP000727,L003107,2024-04-14,7005.25,Open
OP000728,L003108,2026-06-25,966.62,Open
OP000729,L003109,2025-04-23,8481.72,Closed Lost
OP000730,L003111,2026-06-17,4603.01,Closed Lost
OP000731,L003114,2025-04-04,5221.31,Closed Won
OP000732,L003125,2024-10-09,13886.15,Open
OP000733,L003132,2025-09-12,2372.39,Closed Won
OP000734,L003148,2025-03-11,464.83,Closed Won
OP000735,L003149,2026-06-22,924.23,Closed Won
OP000736,L003150,2024-10-27,1261.11,Closed Won
OP000737,L003152,2026-06-01,6168.07,Closed Won
OP000738,L003155,2026-08-07,1388.03,Open
OP000739,L003169,2026-05-23,4275.8,Closed Lost
OP000740,L003181,2024-05-11,2554.95,Closed Won
OP000741,L003182,2025-01-19,6811.58,Closed Won
OP000742,L003183,2024-03-06,10080.66,Open
OP000743,L003188,2026-07-23,12436.83,Closed Lost
OP000744,L003190,2025-12-28,2974.06,Closed Won
OP000745,L003198,2026-03-14,5058.01,Closed Lost
OP000746,L003209,2026-02-23,17618.3,Closed Won
OP000747,L003212,2025-10-02,3979.23,Closed Lost
OP000748,L003214,2025-09-02,3842.74,Closed Won
OP000749,L003215,2024-08-01,1182.54,Closed Won
OP000750,L003216,2024-11-20,1177.1,Closed Lost
OP000751,L003218,2026-06-13,2754.23,Open
OP000752,L003223,2025-01-05,328.72,Closed Won
OP000753,L003224,2026-01-01,11482.68,Closed Won
OP000754,L003225,2026-03-13,334.31,Closed Won
OP000755,L003230,2025-07-05,17598.0,Open
OP000756,L003236,2025-02-27,3165.9,Closed Won
OP000757,L003244,2026-08-16,572.88,Closed Won
OP000758,L003250,2025-05-18,3435.43,Closed Won
OP000759,L003255,2024-02-08,7617.41,Closed Won
OP000760,L003266,2026-07-17,1730.72,Open
OP000761,L003272,2026-09-12,4789.11,Open
OP000762,L003273,2025-04-27,17737.32,Closed Won
OP000763,L003277,2024-02-02,250.0,Open
OP000764,L003279,2025-09-26,3704.56,Closed Won
OP000765,L003288,2024-10-28,10201.55,Closed Won
OP000766,L003296,2026-01-28,5271.31,Closed Won
OP000767,L003302,2024-10-25,4448.51,Closed Won
OP000768,L003314,2024-05-09,3247.48,Closed Won
OP000769,L003327,2024-08-08,11172.34,Closed Won
OP000770,L003330,2024-05-18,9944.57,Closed Lost
OP000771,L003332,2025-11-10,6431.38,Closed Won
OP000772,L003335,2026-01-28,1626.05,Closed Won
OP000773,L003345,2025-08-20,1018.45,Closed Won
OP000774,L003364,2026-03-30,401.3,Open
OP000775,L003368,2024-12-27,10377.47,Closed Won
OP000776,L003374,2025-04-15,6529.19,Closed Won
OP000777,L003384,2024-08-03,4480.25,Open
OP000778,L003389,2026-01-09,4112.04,Closed Won
OP000779,L003395,2025-10-02,4962.63,Closed Lost
OP000780,L003398,2025-05-25,13306.1,Closed Won
OP000781,L003416,2025-11-07,2916.42,Closed Won
OP000782,L003423,2024-02-05,18728.94,Closed Won
OP000783,L003437,2024-08-13,627.16,Closed Won
OP000784,L003439,2026-01-11,1173.12,Open
OP000785,L003440,2025-09-12,4059.47,Closed Won
OP000786,L003456,2025-12-12,13803.88,Closed Won
OP000787,L003463,2024-03-14,7382.6,Closed Won
OP000788,L003467,2026-08-13,814.53,Closed Won
OP000789,L003469,2025-08-16,5760.99,Open
OP000790,L003476,2025-08-04,3032.5,Open
OP000791,L003477,2024-12-04,9462.81,Closed Won
OP000792,L003480,2024-01-27,1383.11,Closed Won
OP000793,L003481,2024-07-24,713.29,Closed Won
OP000794,L003486,2024-03-01,828.02,Closed Won
OP000795,L003487,2025-09-27,4868.86,Open
OP000796,L003488,2025-06-23,3925.3,Closed Won
OP000797,L003492,2024-05-19,2286.72,Closed Won
OP000798,L003500,2026-02-16,1097.25,Open
OP000799,L003505,2024-08-14,2170.67,Closed Lost
OP000800,L003508,2025-01-08,10623.29,Closed Lost
OP000801,L003510,2024-02-20,2068.43,Closed Won
OP000802,L003512,2024-04-10,3285.56,Open
OP000803,L003522,2024-06-16,958.18,Closed Lost
OP000804,L003526,2026-07-15,5546.85,Closed Lost
OP000805,L003529,2026-03-21,3159.58,Open
OP000806,L003531,2024-08-09,2145.61,Closed Won
OP000807,L003540,2024-04-10,1132.95,Open
OP000808,L003541,2025-05-29,2815.31,Closed Won
OP000809,L003542,2024-11-10,4169.42,Closed Won
OP000810,L003547,2026-01-04,2380.1,Closed Won
OP000811,L003548,2025-11-18,5815.76,Open
OP000812,L003552,2025-09-07,6952.97,Closed Lost
OP000813,L003553,2026-04-09,933.08,Closed Won
OP000814,L003554,2026-04-28,808.85,Open
OP000815,L003559,2024-02-13,4802.92,Open
OP000816,L003567,2024-12-30,4409.24,Closed Won
OP000817,L003572,2024-02-20,15304.29,Closed Won
OP000818,L003574,2025-01-19,590.49,Closed Lost
OP000819,L003586,2024-11-04,2331.48,Closed Won
OP000820,L003602,2024-02-23,40954.25,Open
OP000821,L003605,2024-06-11,4098.42,Closed Won
OP000822,L003612,2024-05-17,16392.7,Closed Won
OP000823,L003619,2024-02-01,1359.82,Closed Won
OP000824,L003620,2025-07-20,1473.1,Closed Won
OP000825,L003622,2025-09-07,1959.29,Closed Lost
OP000826,L003633,2025-03-07,8858.11,Closed Won
OP000827,L003634,2024-07-19,1273.75,Closed Won
OP000828,L003639,2024-07-06,2414.61,Closed Lost
OP000829,L003645,2024-12-01,1375.05,Closed Won
OP000830,L003648,2025-01-13,31373.76,Closed Lost
OP000831,L003668,2026-04-17,5181.37,Open
OP000832,L003675,2026-09-05,2304.89,Closed Won
OP000833,L003680,2025-11-22,399.21,Open
OP000834,L003686,2026-05-11,998.94,Closed Won
OP000835,L003687,2026-03-24,21891.89,Closed Lost
OP000836,L003688,2026-04-12,5512.36,Closed Won
OP000837,L003693,2025-09-22,2633.56,Closed Won
OP000838,L003695,2026-06-15,2825.6,Closed Won
OP000839,L003696,2024-11-10,63224.9,Closed Lost
OP000840,L003700,2024-10-29,250.0,Open
OP000841,L003701,2026-08-28,2247.71,Closed Lost
OP000842,L003711,2024-09-15,4277.03,Open
OP000843,L003712,2025-12-25,3771.4,Closed Lost
OP000844,L003728,2026-08-07,2911.89,Open
OP000845,L003730,2025-07-25,9341.44,Closed Won
OP000846,L003731,2024-11-05,1629.7,Open
OP000847,L003733,2025-03-31,854.58,Closed Lost
OP000848,L003750,2024-07-30,538.58,Closed Won
OP000849,L003753,2024-06-02,2352.75,Closed Lost
OP000850,L003755,2025-11-25,7102.7,Open
OP000851,L003757,2024-09-28,1511.18,Open
OP000852,L003759,2025-08-30,986.73,Closed Won
OP000853,L003760,2025-10-27,2211.96,Closed Lost
OP000854,L003774,2024-11-04,2197.99,Closed Won
OP000855,L003777,2025-12-28,9763.52,Closed Won
OP000856,L003782,2026-09-13,1626.31,Open
OP000857,L003791,2025-12-28,8719.7,Closed Lost
OP000858,L003796,2026-06-12,9564.55,Open
OP000859,L003800,2026-03-05,26091.74,Closed Won
OP000860,L003805,2024-08-26,9361.18,Open
OP000861,L003806,2025-11-04,3689.39,Closed Won
OP000862,L003814,2024-08-10,24161.97,Closed Lost
OP000863,L003816,2026-07-26,2996.34,Closed Won
OP000864,L003817,2026-03-11,4376.41,Closed Lost
OP000865,L003819,2024-11-25,2289.9,Closed Won
OP000866,L003824,2024-09-05,3249.15,Closed Won
OP000867,L003825,2025-01-08,4150.37,Closed Won
OP000868,L003827,2025-05-13,1559.33,Closed Won
OP000869,L003832,2024-09-11,4223.2,Closed Won
OP000870,L003836,2024-09-28,5114.47,Closed Won
OP000871,L003837,2024-11-27,5183.76,Open
OP000872,L003838,2025-03-05,1064.68,Closed Won
OP000873,L003855,2025-11-11,892.52,Closed Won
OP000874,L003858,2024-10-21,4392.77,Closed Won
OP000875,L003861,2025-09-06,3601.12,Closed Won
OP000876,L003862,2025-05-18,1858.79,Closed Lost
OP000877,L003863,2025-07-17,32986.07,Closed Won
OP000878,L003864,2024-03-21,1077.14,Open
OP000879,L003868,2025-01-07,13224.18,Closed Won
OP000880,L003869,2024-06-01,3547.59,Open
OP000881,L003872,2025-08-30,1217.66,Closed Won
OP000882,L003875,2026-01-10,1303.23,Closed Won
OP000883,L003877,2024-02-08,6592.16,Closed Won
OP000884,L003878,2025-07-05,3784.53,Open
OP000885,L003882,2026-07-11,2476.23,Closed Won
OP000886,L003888,2024-07-11,1876.95,Closed Lost
OP000887,L003889,2024-12-22,2492.96,Closed Won
OP000888,L003891,2025-12-18,3061.45,Closed Won
OP000889,L003892,2024-06-29,966.29,Closed Won
OP000890,L003897,2024-02-10,1236.15,Closed Won
OP000891,L003899,2025-06-14,15216.68,Open
OP000892,L003904,2024-07-18,3312.73,Closed Won
OP000893,L003905,2024-05-31,1016.61,Closed Won
OP000894,L003911,2025-03-08,2816.56,Closed Won
OP000895,L003915,2025-11-28,3821.07,Closed Won
OP000896,L003919,2024-07-06,4566.14,Closed Lost
OP000897,L003925,2025-05-14,4599.21,Closed Won
OP000898,L003927,2024-04-20,6841.28,Closed Won
OP000899,L003928,2025-09-17,2763.36,Closed Won
OP000900,L003930,2024-05-20,1237.13,Closed Won
OP000901,L003939,2026-08-30,20085.02,Open
OP000902,L003950,2024-11-07,250.0,Open
OP000903,L003958,2024-01-30,3223.81,Closed Won
OP000904,L003959,2026-04-08,1434.53,Closed Won
OP000905,L003961,2024-12-17,768.89,Closed Won
OP000906,L003976,2025-09-10,2354.23,Closed Won
OP000907,L003979,2025-10-04,1272.43,Closed Won
OP000908,L003989,2025-07-07,3322.06,Closed Won
OP000909,L003991,2024-05-09,4514.77,Closed Won
OP000910,L003994,2025-11-19,555.57,Closed Lost
OP000911,L003998,2024-07-17,2148.01,Closed Lost
OP000912,L004003,2025-05-18,5895.94,Closed Won
OP000913,L004008,2024-11-22,6086.92,Open
OP000914,L004009,2026-04-23,20603.23,Closed Lost
OP000915,L004013,2024-02-03,794.53,Closed Won
OP000916,L004020,2024-01-24,363.33,Open
OP000917,L004028,2025-01-30,1367.65,Open
OP000918,L004029,2026-09-27,9817.8,Closed Won
OP000919,L004036,2024-06-02,8593.02,Closed Won
OP000920,L004040,2026-01-16,4997.69,Closed Won
OP000921,L004047,2024-10-27,5742.75,Closed Won
OP000922,L004056,2025-04-30,7454.89,Closed Lost
OP000923,L004058,2024-11-20,1793.93,Closed Lost
OP000924,L004060,2026-04-02,9231.22,Closed Won
OP000925,L004070,2024-08-06,8136.14,Closed Won
OP000926,L004071,2025-03-04,9887.77,Closed Won
OP000927,L004075,2025-04-21,1034.16,Closed Lost
OP000928,L004084,2026-05-18,3008.11,Closed Won
OP000929,L004087,2026-09-05,4793.56,Closed Won
OP000930,L004091,2024-10-12,8404.78,Closed Won
OP000931,L004093,2025-08-26,2769.61,Closed Won
OP000932,L004097,2026-06-23,1822.31,Open
OP000933,L004108,2026-01-25,2792.96,Closed Won
OP000934,L004109,2024-10-29,902.69,Closed Lost
OP000935,L004112,2025-08-01,3933.17,Open
OP000936,L004133,2026-01-14,1856.75,Closed Won
OP000937,L004134,2025-07-19,5029.94,Closed Lost
OP000938,L004147,2025-08-23,2466.18,Open
OP000939,L004149,2026-02-12,756.21,Closed Lost
OP000940,L004155,2024-12-10,2690.23,Closed Won
OP000941,L004158,2024-10-26,883.84,Closed Won
OP000942,L004177,2024-09-23,7202.75,Open
OP000943,L004212,2026-06-22,3191.38,Closed Lost
OP000944,L004217,2025-02-08,5144.63,Closed Won
OP000945,L004239,2026-09-28,12999.8,Closed Lost
OP000946,L004240,2025-09-28,783.97,Closed Won
OP000947,L004245,2024-09-20,1828.02,Closed Won
OP000948,L004251,2025-10-29,4571.66,Closed Won
OP000949,L004257,2025-09-09,15716.97,Open
OP000950,L004264,2025-09-24,18250.42,Closed Won
OP000951,L004266,2024-09-29,4842.93,Closed Won
OP000952,L004271,2026-05-31,1411.06,Closed Won
OP000953,L004280,2024-10-27,24478.67,Closed Won
OP000954,L004289,2024-02-07,3386.6,Closed Won
OP000955,L004291,2024-04-06,3837.8,Open
OP000956,L004301,2024-12-30,481.83,Open
OP000957,L004304,2026-02-18,7113.68,Closed Won
OP000958,L004307,2025-07-21,5866.31,Closed Won
OP000959,L004321,2026-07-05,6904.51,Closed Won
OP000960,L004325,2024-01-26,12228.77,Closed Lost
OP000961,L004326,2025-12-04,1031.04,Closed Lost
OP000962,L004328,2025-06-28,15233.33,Closed Won
OP000963,L004336,2025-07-14,2959.2,Closed Won
OP000964,L004341,2025-03-15,11077.08,Closed Lost
OP000965,L004356,2026-08-02,6120.78,Closed Won
OP000966,L004359,2024-08-10,3083.73,Closed Won
OP000967,L004360,2024-10-29,4652.88,Closed Won
OP000968,L004362,2025-06-01,1694.0,Open
OP000969,L004364,2024-09-08,2061.59,Closed Won
OP000970,L004373,2025-09-19,7051.05,Closed Won
OP000971,L004375,2026-08-08,17402.22,Closed Lost
OP000972,L004380,2024-11-08,1490.63,Closed Won
OP000973,L004386,2025-12-17,5196.4,Closed Lost
OP000974,L004391,2026-01-18,18771.53,Closed Won
OP000975,L004395,2024-10-25,740.32,Open
OP000976,L004405,2026-01-30,4201.51,Closed Lost
OP000977,L004407,2024-02-28,1731.36,Closed Won
OP000978,L004409,2025-07-12,4540.76,Closed Won
OP000979,L004422,2025-03-01,7791.13,Closed Lost
OP000980,L004425,2026-04-06,2299.26,Closed Won
OP000981,L004434,2024-08-26,4405.98,Closed Won
OP000982,L004446,2024-11-08,900.53,Closed Won
OP000983,L004450,2024-02-05,2777.21,Closed Won
OP000984,L004453,2024-04-12,1686.77,Open
OP000985,L004459,2025-12-19,5421.79,Open
OP000986,L004462,2024-11-17,1673.36,Closed Won
OP000987,L004463,2025-09-13,1655.45,Open
OP000988,L004465,2025-04-09,3522.26,Closed Won
OP000989,L004469,2025-08-29,7207.63,Closed Lost
OP000990,L004470,2025-06-20,1709.17,Closed Won
OP000991,L004480,2025-10-23,1701.32,Closed Lost
OP000992,L004483,2026-04-01,3501.77,Closed Won
OP000993,L004490,2026-01-14,4008.64,Closed Lost
OP000994,L004500,2026-08-24,1018.18,Closed Won
OP000995,L004511,2025-05-10,1992.27,Closed Lost
OP000996,L004526,2024-03-06,4243.75,Closed Lost
OP000997,L004528,2025-12-15,2261.75,Closed Lost
OP000998,L004536,2025-02-25,1232.41,Open
OP000999,L004539,2026-08-22,8838.97,Closed Won
OP001000,L004541,2025-03-23,1763.27,Closed Won
OP001001,L004544,2024-05-02,983.58,Closed Won
OP001002,L004546,2025-01-30,4490.82,Closed Won
OP001003,L004552,2024-01-31,2541.84,Closed Won
OP001004,L004559,2026-04-01,1065.86,Closed Lost
OP001005,L004570,2026-05-27,2669.53,Open
OP001006,L004576,2024-05-02,7130.85,Closed Lost
OP001007,L004581,2024-06-06,3459.15,Closed Won
OP001008,L004589,2025-07-25,3194.45,Closed Won
OP001009,L004592,2026-01-15,2660.09,Closed Won
OP001010,L004598,2025-01-05,3895.31,Closed Won
OP001011,L004599,2024-06-26,951.5,Closed Won
OP001012,L004601,2024-07-17,2045.16,Open
OP001013,L004603,2026-02-14,10939.62,Closed Won
OP001014,L004612,2025-10-17,3117.93,Closed Lost
OP001015,L004615,2024-03-04,19485.65,Closed Won
OP001016,L004617,2026-03-08,2848.11,Closed Won
OP001017,L004622,2024-06-23,1164.9,Closed Won
OP001018,L004623,2026-05-14,11949.84,Closed Won
OP001019,L004630,2026-09-16,9764.89,Open
OP001020,L004631,2024-02-06,1391.17,Open
OP001021,L004636,2026-02-02,537.77,Closed Won
OP001022,L004638,2024-08-20,7256.28,Closed Won
OP001023,L004640,2024-04-25,4489.67,Closed Won
OP001024,L004647,2025-12-16,10209.68,Closed Lost
OP001025,L004651,2026-06-09,6509.05,Closed Won
OP001026,L004652,2025-10-28,2879.88,Closed Won
OP001027,L004659,2024-08-25,4464.23,Closed Lost
OP001028,L004660,2025-12-13,744.26,Closed Won
OP001029,L004663,2024-12-07,1021.59,Closed Won
OP001030,L004664,2024-03-28,5619.07,Open
OP001031,L004673,2026-03-05,3670.88,Open
OP001032,L004679,2025-07-11,15351.52,Closed Won
OP001033,L004693,2025-05-24,5256.55,Open
OP001034,L004694,2024-11-27,2775.8,Closed Won
OP001035,L004695,2025-03-04,1998.79,Closed Won
OP001036,L004702,2026-04-23,3594.35,Closed Won
OP001037,L004705,2024-04-26,4064.95,Closed Won
OP001038,L004714,2024-12-02,549.33,Closed Won
OP001039,L004722,2025-07-04,2901.3,Closed Won
OP001040,L004724,2025-11-24,1283.23,Open
OP001041,L004728,2025-04-25,1498.69,Closed Lost
OP001042,L004731,2026-06-02,1080.97,Open
OP001043,L004732,2025-01-03,2473.95,Closed Lost
OP001044,L004734,2024-06-22,6016.06,Closed Won
OP001045,L004738,2026-01-14,2326.58,Closed Won
OP001046,L004743,2026-08-22,1000.12,Closed Won
OP001047,L004746,2025-05-12,1700.19,Closed Won
OP001048,L004754,2024-09-08,7134.03,Closed Lost
OP001049,L004761,2024-11-24,2963.24,Closed Won
OP001050,L004763,2025-08-07,3733.93,Open
OP001051,L004771,2024-02-07,3085.74,Open
OP001052,L004777,2024-10-01,937.32,Closed Won
OP001053,L004779,2024-11-16,2258.04,Closed Lost
OP001054,L004782,2026-03-16,1280.23,Closed Won
OP001055,L004783,2025-01-14,2085.67,Open
OP001056,L004785,2026-02-21,1470.28,Closed Won
OP001057,L004789,2026-01-01,1183.47,Open
OP001058,L004794,2026-02-12,13364.48,Closed Lost
OP001059,L004798,2024-06-17,1547.45,Closed Won
OP001060,L004799,2024-11-20,1178.02,Closed Won
OP001061,L004802,2024-12-23,7643.27,Closed Won
OP001062,L004806,2024-07-17,4572.89,Open
OP001063,L004813,2026-08-25,7991.97,Closed Won
OP001064,L004816,2024-08-19,4796.06,Closed Lost
OP001065,L004818,2024-10-22,7663.26,Closed Won
OP001066,L004827,2026-03-28,10487.16,Closed Won
OP001067,L004831,2024-09-29,3964.23,Closed Lost
OP001068,L004833,2026-07-07,974.64,Closed Won
OP001069,L004837,2024-02-07,11598.67,Closed Lost
OP001070,L004842,2025-01-26,1807.63,Open
OP001071,L004845,2025-08-17,6213.54,Closed Lost
OP001072,L004848,2026-01-23,8683.47,Closed Won
OP001073,L004852,2025-11-19,250.0,Closed Won
OP001074,L004854,2025-10-13,1763.72,Closed Won
OP001075,L004855,2026-05-23,9532.46,Closed Won
OP001076,L004856,2025-04-09,5654.51,Closed Won
OP001077,L004866,2024-09-02,12916.56,Open
OP001078,L004869,2026-01-11,2752.02,Closed Lost
OP001079,L004872,2024-09-09,2399.67,Open
OP001080,L004876,2025-01-17,1916.34,Closed Won
OP001081,L004880,2026-05-03,3402.28,Closed Won
OP001082,L004885,2025-03-28,541.02,Closed Won
OP001083,L004886,2024-10-05,7116.56,Open
OP001084,L004893,2026-03-20,1309.76,Closed Won
OP001085,L004902,2024-10-31,1891.48,Closed Won
OP001086,L004930,2026-07-29,485.41,Closed Won
OP001087,L004933,2026-03-11,3348.28,Open
OP001088,L004936,2026-05-20,1161.32,Closed Won
OP001089,L004937,2024-06-24,459.09,Closed Won
OP001090,L004942,2025-10-28,5138.66,Closed Won
OP001091,L004945,2024-04-01,1945.79,Closed Won
OP001092,L004950,2025-06-08,6032.4,Closed Won
OP001093,L004955,2024-05-19,2666.12,Closed Won
OP001094,L004957,2024-09-02,3633.51,Closed Won
OP001095,L004963,2026-08-05,2790.24,Closed Lost
OP001096,L004964,2025-04-16,12799.23,Closed Won
OP001097,L004966,2025-08-01,3920.72,Closed Won
OP001098,L004979,2026-01-21,16656.72,Closed Won
OP001099,L004989,2024-10-05,1134.84,Closed Won
OP001100,L004991,2025-05-10,656.5,Open
OP001101,L004992,2025-08-25,1566.61,Closed Lost
OP001102,L004993,2025-09-13,25420.57,Closed Lost
OP001103,L005011,2026-01-21,6127.4,Closed Won
OP001104,L005015,2024-07-18,1325.93,Closed Lost
OP001105,L005018,2026-02-06,4421.54,Closed Won
OP001106,L005019,2025-07-28,12075.09,Open
OP001107,L005027,2025-06-05,1473.22,Closed Won
OP001108,L005028,2026-07-14,3064.19,Closed Lost
OP001109,L005035,2026-04-18,2706.1,Closed Won
OP001110,L005043,2025-06-10,2266.74,Open
OP001111,L005045,2025-05-17,2253.91,Open
OP001112,L005046,2025-04-20,1158.46,Open
OP001113,L005054,2025-06-29,5502.11,Closed Won
OP001114,L005060,2024-07-25,2893.72,Closed Won
OP001115,L005073,2024-07-14,3621.84,Closed Won
OP001116,L005078,2024-07-12,2443.38,Closed Won
OP001117,L005080,2024-06-23,4251.73,Closed Won
OP001118,L005086,2024-09-23,8980.9,Closed Won
OP001119,L005093,2024-11-14,275.74,Closed Won
OP001120,L005094,2026-01-14,4626.55,Closed Won
OP001121,L005095,2026-05-03,2283.12,Open
OP001122,L005097,2024-10-19,6286.84,Closed Won
OP001123,L005100,2025-01-23,4156.52,Closed Won
OP001124,L005103,2024-02-10,421.04,Closed Won
OP001125,L005104,2026-01-04,1913.83,Closed Lost
OP001126,L005107,2026-03-13,17051.91,Closed Won
OP001127,L005109,2025-06-09,871.68,Closed Won
OP001128,L005110,2026-01-04,1032.57,Closed Lost
OP001129,L005113,2024-09-29,3093.48,Closed Won
OP001130,L005114,2026-06-20,3805.35,Closed Lost
OP001131,L005141,2026-03-19,1751.88,Closed Won
OP001132,L005142,2024-02-19,4403.38,Closed Lost
OP001133,L005144,2026-08-28,1841.61,Closed Won
OP001134,L005145,2024-12-04,5502.29,Closed Won
OP001135,L005153,2025-04-08,5928.08,Closed Won
OP001136,L005154,2025-12-25,1045.56,Closed Won
OP001137,L005162,2025-08-17,6226.64,Closed Won
OP001138,L005189,2025-04-21,1769.84,Closed Won
OP001139,L005191,2026-06-15,5907.17,Open
OP001140,L005192,2026-04-06,1455.84,Closed Lost
OP001141,L005208,2026-03-18,3955.96,Closed Won
OP001142,L005209,2024-07-29,3097.14,Open
OP001143,L005212,2024-09-19,3347.27,Closed Lost
OP001144,L005216,2026-04-14,2669.92,Closed Won
OP001145,L005220,2025-02-07,693.86,Closed Won
OP001146,L005222,2024-12-07,389.7,Closed Won
OP001147,L005223,2025-01-19,7331.1,Closed Won
OP001148,L005225,2024-10-01,4943.22,Closed Won
OP001149,L005234,2026-06-30,849.91,Open
OP001150,L005240,2026-02-28,1647.22,Closed Won
OP001151,L005243,2026-10-06,1559.31,Closed Won
OP001152,L005246,2024-02-10,2391.15,Closed Won
OP001153,L005256,2024-04-30,1098.96,Closed Won
OP001154,L005260,2026-04-14,1486.89,Closed Lost
OP001155,L005262,2025-02-10,1242.25,Closed Won
OP001156,L005265,2024-04-14,1655.86,Closed Won
OP001157,L005269,2025-06-05,4106.31,Closed Won
OP001158,L005270,2025-02-01,14617.08,Open
OP001159,L005272,2025-03-02,7074.88,Closed Won
OP001160,L005274,2025-05-04,1584.73,Closed Won
OP001161,L005275,2025-10-17,1292.34,Closed Won
OP001162,L005279,2026-05-09,2268.49,Closed Won
OP001163,L005282,2026-03-18,29837.74,Closed Lost
OP001164,L005286,2024-02-02,1353.92,Closed Won
OP001165,L005294,2025-10-02,5465.72,Closed Won
OP001166,L005295,2025-02-24,15132.27,Closed Won
OP001167,L005302,2024-10-02,498.82,Closed Lost
OP001168,L005303,2026-08-20,9124.52,Closed Lost
OP001169,L005309,2025-09-20,1480.37,Closed Won
OP001170,L005311,2026-01-30,2273.44,Closed Won
OP001171,L005316,2024-09-15,14405.19,Open
OP001172,L005319,2025-09-07,4357.07,Closed Won
OP001173,L005320,2024-11-10,2746.7,Open
OP001174,L005323,2024-01-16,316.59,Open
OP001175,L005326,2025-04-22,358.54,Open
OP001176,L005330,2025-02-11,3931.02,Open
OP001177,L005343,2026-07-03,4240.37,Open
OP001178,L005345,2026-09-17,905.85,Closed Won
OP001179,L005346,2026-05-23,15015.77,Open
OP001180,L005349,2024-02-28,718.16,Open
OP001181,L005356,2026-03-21,14851.2,Closed Won
OP001182,L005357,2026-03-13,11074.81,Closed Won
OP001183,L005358,2024-04-02,6327.93,Closed Won
OP001184,L005359,2025-11-14,5311.07,Closed Won
OP001185,L005366,2026-05-07,5227.86,Open
OP001186,L005367,2026-09-06,6715.22,Closed Won
OP001187,L005370,2026-02-01,2586.47,Closed Won
OP001188,L005386,2024-03-16,353.72,Open
OP001189,L005387,2024-02-17,13019.99,Open
OP001190,L005388,2024-06-13,2179.82,Closed Lost
OP001191,L005391,2025-12-10,2321.65,Open
OP001192,L005400,2024-09-02,1096.48,Closed Lost
OP001193,L005401,2025-01-25,250.0,Closed Won
OP001194,L005407,2024-03-20,1206.8,Closed Won
OP001195,L005411,2025-06-28,417.68,Closed Lost
OP001196,L005414,2025-12-14,6417.36,Closed Lost
OP001197,L005415,2025-09-03,6925.63,Closed Won
OP001198,L005421,2025-12-26,250.0,Closed Lost
OP001199,L005430,2025-03-07,2080.03,Closed Won
OP001200,L005432,2024-07-05,8886.71,Open
OP001201,L005437,2024-02-21,345.35,Closed Won
OP001202,L005440,2025-11-10,349.74,Closed Won
OP001203,L005445,2026-06-15,1023.62,Closed Won
OP001204,L005446,2025-01-18,26944.37,Closed Won
OP001205,L005453,2026-04-15,5367.78,Closed Won
OP001206,L005456,2025-10-01,4514.85,Closed Won
OP001207,L005460,2025-12-11,853.81,Open
OP001208,L005463,2025-09-15,3593.3,Closed Lost
OP001209,L005466,2025-10-06,3723.1,Closed Won
OP001210,L005467,2024-10-01,1526.68,Closed Won
OP001211,L005468,2026-02-16,29310.88,Closed Won
OP001212,L005476,2025-12-23,974.75,Closed Won
OP001213,L005479,2024-05-15,1503.58,Closed Lost
OP001214,L005486,2026-04-29,5422.68,Open
OP001215,L005489,2025-11-03,6747.9,Closed Lost
OP001216,L005490,2025-03-21,1780.41,Closed Won
OP001217,L005491,2026-03-26,2220.55,Closed Won
OP001218,L005494,2026-03-05,1349.54,Closed Won
OP001219,L005495,2026-06-15,7290.06,Closed Won
OP001220,L005502,2025-12-17,500.61,Open
OP001221,L005504,2026-06-22,3854.65,Closed Lost
OP001222,L005505,2026-03-20,9257.47,Closed Won
OP001223,L005516,2025-05-03,3491.74,Closed Lost
OP001224,L005520,2026-05-21,3645.04,Open
OP001225,L005528,2025-08-04,1242.87,Closed Won
OP001226,L005529,2024-04-15,2807.0,Closed Won
OP001227,L005534,2024-07-05,894.68,Open
OP001228,L005535,2026-07-18,2597.18,Closed Lost
OP001229,L005538,2024-08-12,2638.16,Closed Won
OP001230,L005554,2025-02-27,8047.96,Closed Lost
OP001231,L005560,2025-01-06,2833.3,Closed Won
OP001232,L005563,2025-02-03,2577.22,Closed Won
OP001233,L005565,2025-12-23,682.87,Closed Won
OP001234,L005566,2025-12-29,15150.94,Open
OP001235,L005573,2025-02-15,2821.56,Closed Won
OP001236,L005578,2025-01-24,1831.48,Closed Won
OP001237,L005585,2025-12-11,3673.41,Closed Lost
OP001238,L005586,2026-06-30,2348.08,Closed Won
OP001239,L005595,2026-01-15,5736.82,Closed Won
OP001240,L005603,2025-02-22,3193.37,Closed Lost
OP001241,L005604,2024-09-21,3567.77,Closed Won
OP001242,L005610,2024-07-28,3007.47,Closed Lost
OP001243,L005612,2024-02-12,1163.25,Closed Won
OP001244,L005615,2026-01-28,4512.25,Closed Won
OP001245,L005626,2024-11-08,3486.23,Closed Won
OP001246,L005628,2025-07-24,2053.82,Closed Lost
OP001247,L005633,2024-08-12,451.02,Closed Won
OP001248,L005639,2026-01-15,1526.9,Closed Won
OP001249,L005640,2024-07-18,966.44,Closed Won
OP001250,L005643,2025-06-21,1384.05,Closed Won
OP001251,L005645,2025-10-17,3604.28,Closed Lost
OP001252,L005646,2024-10-03,4287.11,Closed Won
OP001253,L005649,2026-08-18,3994.63,Open
OP001254,L005650,2025-07-11,1651.44,Open
OP001255,L005656,2025-03-27,4475.36,Closed Won
OP001256,L005657,2024-08-18,5354.08,Closed Won
OP001257,L005666,2024-03-30,3940.15,Open
OP001258,L005668,2025-03-31,3383.03,Open
OP001259,L005672,2024-06-28,8227.87,Closed Won
OP001260,L005676,2025-07-01,2884.96,Closed Won
OP001261,L005683,2025-06-18,1884.4,Closed Won
OP001262,L005694,2024-02-09,4283.48,Open
OP001263,L005695,2024-12-27,760.62,Closed Lost
OP001264,L005697,2026-05-04,3633.61,Open
OP001265,L005701,2024-09-18,2023.79,Closed Won
OP001266,L005702,2024-12-11,1447.39,Closed Won
OP001267,L005705,2024-04-17,2225.02,Closed Won
OP001268,L005710,2025-12-22,3398.31,Closed Lost
OP001269,L005711,2026-08-21,738.01,Closed Won
OP001270,L005714,2026-09-20,752.19,Closed Won
OP001271,L005718,2026-05-16,27100.39,Closed Won
OP001272,L005725,2024-09-12,6829.15,Closed Won
OP001273,L005727,2026-03-24,1850.33,Closed Won
OP001274,L005728,2025-10-30,4848.92,Closed Won
OP001275,L005729,2025-06-21,1175.59,Open
OP001276,L005731,2025-08-06,2335.86,Closed Won
OP001277,L005732,2024-08-20,1939.62,Closed Won
OP001278,L005745,2024-11-14,407.12,Closed Lost
OP001279,L005746,2025-09-16,8799.91,Closed Won
OP001280,L005747,2025-05-06,1292.48,Open
OP001281,L005753,2025-01-24,16064.69,Closed Won
OP001282,L005754,2026-06-30,3623.21,Closed Lost
OP001283,L005756,2026-03-12,389.55,Closed Won
OP001284,L005762,2025-07-12,1606.51,Closed Won
OP001285,L005776,2025-06-02,2091.83,Closed Lost
OP001286,L005779,2025-09-09,11358.39,Open
OP001287,L005783,2024-04-23,250.0,Closed Won
OP001288,L005786,2026-08-14,3316.02,Closed Lost
OP001289,L005789,2024-07-20,22945.56,Closed Won
OP001290,L005790,2024-05-25,2508.17,Closed Won
OP001291,L005794,2025-12-04,560.71,Closed Lost
OP001292,L005806,2026-07-20,1150.07,Closed Won
OP001293,L005809,2026-04-14,3181.88,Closed Won
OP001294,L005810,2024-11-07,2764.7,Closed Won
OP001295,L005819,2025-06-03,8482.47,Open
OP001296,L005825,2026-01-17,1344.81,Closed Won
OP001297,L005840,2024-04-14,250.0,Closed Won
OP001298,L005867,2024-03-16,5921.72,Closed Won
OP001299,L005871,2024-10-29,2298.16,Closed Won
OP001300,L005872,2026-08-01,2903.72,Open
OP001301,L005873,2025-12-19,2699.38,Closed Won
OP001302,L005877,2024-10-11,4154.08,Open
OP001303,L005881,2026-04-30,7853.59,Open
OP001304,L005889,2025-06-04,4652.32,Closed Lost
OP001305,L005896,2024-01-26,2346.88,Closed Won
OP001306,L005897,2024-06-30,1053.21,Closed Won
OP001307,L005903,2026-05-11,5476.94,Open
OP001308,L005904,2025-12-26,1101.46,Closed Won
OP001309,L005907,2024-03-28,8816.58,Closed Won
OP001310,L005918,2025-06-25,8196.12,Closed Won
OP001311,L005920,2024-06-21,7586.19,Closed Won
OP001312,L005927,2024-07-04,3928.41,Closed Won
OP001313,L005929,2025-10-07,7719.63,Closed Lost
OP001314,L005932,2026-09-02,8381.16,Closed Won
OP001315,L005944,2024-05-08,764.28,Closed Won
OP001316,L005951,2025-09-03,962.91,Closed Won
OP001317,L005953,2024-11-04,3067.32,Open
OP001318,L005957,2024-12-04,11122.44,Closed Won
OP001319,L005962,2026-03-09,348.29,Closed Lost
OP001320,L005963,2026-06-22,1423.43,Closed Lost
OP001321,L005969,2024-10-14,15209.41,Closed Won
OP001322,L005970,2024-02-29,638.94,Closed Won
OP001323,L005971,2026-08-29,8658.92,Closed Won
OP001324,L005974,2026-08-08,1086.57,Closed Lost
OP001325,L005975,2024-01-15,10313.41,Open
OP001326,L005976,2024-11-01,857.68,Open
OP001327,L005978,2024-04-06,3986.06,Closed Won
OP001328,L005979,2026-04-30,18003.33,Closed Lost
OP001329,L005987,2025-10-10,2132.46,Closed Lost
OP001330,L005990,2025-04-22,473.42,Closed Lost
OP001331,L005993,2025-09-22,1748.2,Closed Won
OP001332,L005994,2025-11-11,792.34,Open
OP001333,L005996,2024-11-14,2346.11,Open
OP001334,L006015,2024-09-12,21789.09,Closed Won
OP001335,L006025,2024-05-19,7964.88,Closed Won
OP001336,L006027,2026-02-11,1030.4,Closed Won
OP001337,L006028,2025-11-11,8065.08,Closed Lost
OP001338,L006032,2024-11-01,2620.54,Closed Won
OP001339,L006033,2025-07-22,935.52,Open
OP001340,L006041,2025-06-04,7809.32,Open
OP001341,L006049,2026-06-28,9267.73,Closed Won
OP001342,L006050,2025-03-13,1024.83,Closed Won
OP001343,L006055,2026-03-24,1412.57,Open
OP001344,L006056,2024-01-22,7608.55,Open
OP001345,L006057,2025-03-04,15497.74,Closed Won
OP001346,L006066,2026-03-31,3876.21,Open
OP001347,L006067,2025-07-08,2986.34,Closed Won
OP001348,L006069,2025-10-30,1342.41,Closed Won
OP001349,L006076,2025-09-19,250.0,Open
OP001350,L006083,2024-08-08,1124.31,Open
OP001351,L006084,2024-12-13,4367.24,Closed Won
OP001352,L006085,2024-03-09,5207.36,Closed Won
OP001353,L006086,2025-11-07,1807.27,Closed Won
OP001354,L006089,2024-01-30,810.98,Closed Won
OP001355,L006095,2024-06-25,3231.03,Closed Won
OP001356,L006096,2025-03-13,538.77,Closed Won
OP001357,L006100,2024-10-14,2344.91,Closed Lost
OP001358,L006109,2026-03-16,5638.35,Closed Won
OP001359,L006113,2025-03-13,828.26,Closed Won
OP001360,L006121,2025-07-06,16003.31,Closed Won
OP001361,L006122,2026-01-11,3662.73,Closed Won
OP001362,L006124,2026-01-27,6031.53,Closed Lost
OP001363,L006130,2026-09-01,2289.72,Closed Won
OP001364,L006135,2025-02-06,2962.0,Open
OP001365,L006142,2025-05-21,7077.22,Closed Lost
OP001366,L006143,2026-01-02,15507.4,Closed Won
OP001367,L006144,2024-10-28,3566.81,Closed Won
OP001368,L006151,2026-02-28,18394.36,Closed Won
OP001369,L006152,2026-06-16,38670.74,Closed Won
OP001370,L006153,2026-02-17,1949.15,Closed Won
OP001371,L006156,2024-12-19,2893.09,Closed Lost
OP001372,L006158,2026-04-25,4436.12,Open
OP001373,L006164,2026-05-04,3534.64,Closed Won
OP001374,L006166,2025-03-05,7224.36,Closed Won
OP001375,L006173,2024-02-25,22127.0,Closed Won
OP001376,L006174,2025-05-21,8755.5,Closed Lost
OP001377,L006175,2026-02-07,559.4,Open
OP001378,L006176,2024-02-20,10005.57,Closed Won
OP001379,L006181,2024-06-21,4850.64,Open
OP001380,L006183,2025-05-08,928.12,Closed Won
OP001381,L006188,2024-08-10,10059.39,Closed Lost
OP001382,L006192,2024-02-23,2861.24,Closed Lost
OP001383,L006194,2024-07-03,2809.6,Closed Won
OP001384,L006195,2025-06-30,6006.09,Closed Won
OP001385,L006196,2026-02-16,755.92,Closed Won
OP001386,L006205,2025-09-03,1204.59,Closed Won
OP001387,L006212,2026-03-17,8408.88,Closed Lost
OP001388,L006214,2025-07-30,9629.09,Open
OP001389,L006215,2024-05-31,902.54,Closed Won
OP001390,L006226,2026-05-05,704.03,Open
OP001391,L006235,2025-08-19,23108.19,Closed Won
OP001392,L006237,2025-06-08,21338.06,Closed Lost
OP001393,L006240,2025-03-05,11641.9,Closed Won
OP001394,L006241,2025-05-23,16476.64,Closed Won
OP001395,L006244,2024-09-30,2516.74,Open
OP001396,L006249,2026-06-07,1001.99,Closed Won
OP001397,L006251,2026-05-29,2404.61,Closed Won
OP001398,L006255,2024-11-16,4190.85,Closed Won
OP001399,L006256,2024-08-16,1286.56,Closed Won
OP001400,L006257,2025-10-14,250.0,Closed Won
OP001401,L006268,2025-03-27,11567.95,Closed Lost
OP001402,L006271,2024-07-17,1918.57,Open
OP001403,L006274,2026-02-27,536.43,Closed Lost
OP001404,L006276,2026-06-26,2584.99,Closed Lost
OP001405,L006284,2025-09-28,838.5,Closed Lost
OP001406,L006285,2025-02-21,8837.88,Closed Won
OP001407,L006291,2026-05-15,495.04,Closed Lost
OP001408,L006294,2026-08-04,2742.25,Closed Won
OP001409,L006295,2024-06-06,3997.27,Closed Lost
OP001410,L006297,2025-01-22,427.77,Closed Won
OP001411,L006300,2025-04-05,1921.39,Closed Won
OP001412,L006316,2025-05-05,2910.09,Closed Won
OP001413,L006324,2025-02-16,2732.29,Closed Won
OP001414,L006335,2026-03-16,3871.42,Closed Won
OP001415,L006340,2024-10-26,855.78,Closed Won
OP001416,L006349,2024-12-16,4293.59,Closed Lost
OP001417,L006350,2024-11-19,1175.52,Closed Won
OP001418,L006351,2026-09-06,4106.0,Open
OP001419,L006353,2024-07-23,1732.2,Closed Won
OP001420,L006357,2025-02-20,3204.63,Closed Won
OP001421,L006361,2025-09-03,7167.77,Closed Lost
OP001422,L006362,2025-11-11,13148.68,Closed Won
OP001423,L006367,2024-02-23,4631.57,Closed Won
OP001424,L006368,2024-05-30,1725.26,Closed Won
OP001425,L006370,2026-07-03,2476.32,Open
OP001426,L006372,2024-04-25,2866.92,Open
OP001427,L006377,2025-03-14,1531.0,Open
OP001428,L006379,2025-01-20,864.97,Closed Lost
OP001429,L006380,2025-11-27,250.0,Closed Won
OP001430,L006393,2026-02-11,1278.2,Closed Won
OP001431,L006395,2026-07-10,8355.23,Open
OP001432,L006406,2024-09-01,2982.83,Open
OP001433,L006412,2026-02-18,4951.66,Closed Won
OP001434,L006414,2025-05-25,1140.95,Closed Won
OP001435,L006415,2025-02-01,1757.77,Open
OP001436,L006419,2025-11-09,726.75,Closed Lost
OP001437,L006421,2026-07-16,1542.81,Closed Won
OP001438,L006443,2025-09-14,10155.97,Open
OP001439,L006449,2026-03-28,6525.21,Closed Won
OP001440,L006450,2025-10-02,1078.4,Closed Won
OP001441,L006458,2024-03-07,4365.99,Closed Won
OP001442,L006469,2024-01-29,2310.57,Closed Won
OP001443,L006476,2025-09-29,352.05,Closed Lost
OP001444,L006478,2024-10-03,1732.45,Closed Won
OP001445,L006479,2025-08-11,12004.19,Closed Won
OP001446,L006494,2026-06-20,778.13,Closed Won
OP001447,L006496,2024-09-18,1039.72,Closed Won
OP001448,L006501,2026-08-03,952.15,Closed Won
OP001449,L006502,2024-05-27,912.66,Closed Won
OP001450,L006503,2024-07-21,2026.14,Open
OP001451,L006507,2024-09-26,1885.79,Closed Won
OP001452,L006515,2025-10-25,2640.53,Closed Lost
OP001453,L006517,2025-03-26,447.02,Closed Won
OP001454,L006520,2024-11-30,4369.4,Closed Won
OP001455,L006527,2025-10-30,3698.72,Open
OP001456,L006528,2026-03-06,1534.07,Closed Won
OP001457,L006545,2025-12-01,2527.67,Closed Won
OP001458,L006546,2024-07-17,2663.3,Closed Lost
OP001459,L006548,2024-04-25,3510.38,Closed Won
OP001460,L006551,2025-07-31,8098.35,Closed Won
OP001461,L006559,2025-03-27,2634.37,Closed Lost
OP001462,L006564,2024-12-16,1154.36,Open
OP001463,L006565,2025-10-20,4918.85,Closed Won
OP001464,L006568,2025-03-10,9087.28,Closed Won
OP001465,L006573,2026-01-10,18146.54,Open
OP001466,L006574,2025-07-04,4980.48,Closed Lost
OP001467,L006576,2026-06-28,2779.11,Closed Lost
OP001468,L006587,2024-04-08,498.85,Closed Won
OP001469,L006589,2026-08-16,2393.77,Closed Won
OP001470,L006591,2026-02-08,1554.51,Open
OP001471,L006597,2026-05-08,19579.73,Open
OP001472,L006598,2026-07-27,5349.22,Open
OP001473,L006607,2024-11-28,815.96,Open
OP001474,L006615,2024-03-29,29108.62,Closed Lost
OP001475,L006616,2025-12-31,1739.77,Closed Lost
OP001476,L006621,2025-08-25,1364.71,Open
OP001477,L006623,2024-02-17,927.39,Closed Won
OP001478,L006633,2026-01-08,3486.44,Closed Lost
OP001479,L006642,2025-07-22,1145.02,Closed Lost
OP001480,L006643,2026-02-27,37584.15,Open
OP001481,L006644,2025-12-18,28411.23,Closed Won
OP001482,L006646,2025-04-17,3733.45,Closed Won
OP001483,L006650,2024-12-12,1371.61,Closed Won
OP001484,L006653,2025-08-08,1699.29,Closed Won
OP001485,L006658,2024-12-15,4643.5,Open
OP001486,L006660,2024-05-07,1835.18,Open
OP001487,L006678,2025-01-19,950.15,Closed Won
OP001488,L006682,2025-03-27,1766.37,Closed Lost
OP001489,L006689,2025-10-12,2788.52,Closed Won
OP001490,L006690,2024-12-05,5476.58,Closed Won
OP001491,L006697,2026-05-01,5800.4,Closed Won
OP001492,L006699,2026-08-15,2552.51,Closed Lost
OP001493,L006706,2025-03-18,751.87,Closed Won
OP001494,L006709,2024-10-08,2017.13,Open
OP001495,L006711,2025-08-25,2963.68,Open
OP001496,L006714,2024-08-01,7140.79,Closed Won
OP001497,L006717,2024-12-09,1750.15,Closed Won
OP001498,L006734,2024-09-18,6531.12,Closed Won
OP001499,L006735,2026-08-05,1285.37,Closed Won
OP001500,L006736,2024-02-01,899.43,Open
OP001501,L006738,2026-02-15,4386.22,Closed Won
OP001502,L006744,2025-12-14,3738.71,Closed Won
OP001503,L006754,2025-11-01,873.76,Closed Lost
OP001504,L006760,2026-07-01,2983.71,Closed Won
OP001505,L006761,2026-01-25,2678.17,Closed Won
OP001506,L006762,2024-12-29,2236.44,Closed Won
OP001507,L006763,2026-02-20,4009.18,Closed Won
OP001508,L006766,2024-02-24,2813.61,Open
OP001509,L006778,2026-04-14,6276.8,Closed Won
OP001510,L006780,2026-03-21,1034.92,Closed Won
OP001511,L006782,2024-05-31,1762.0,Closed Won
OP001512,L006783,2024-02-19,3326.46,Closed Won
OP001513,L006792,2026-07-22,537.51,Closed Won
OP001514,L006796,2025-04-07,5455.02,Closed Won
OP001515,L006797,2026-06-19,2135.64,Closed Won
OP001516,L006801,2025-02-11,1123.2,Closed Won
OP001517,L006802,2025-03-08,19186.65,Open
OP001518,L006806,2025-05-31,1452.8,Closed Won
OP001519,L006807,2024-07-29,3296.6,Closed Lost
OP001520,L006809,2025-05-28,26344.55,Closed Won
OP001521,L006815,2024-11-01,1145.6,Open
OP001522,L006816,2024-03-07,1881.21,Open
OP001523,L006818,2025-11-18,3155.62,Closed Won
OP001524,L006821,2024-09-20,4263.0,Closed Won
OP001525,L006828,2026-07-20,18749.36,Open
OP001526,L006834,2026-06-27,1491.09,Closed Lost
OP001527,L006839,2024-07-07,7774.25,Closed Won
OP001528,L006846,2024-10-24,2506.9,Closed Won
OP001529,L006864,2024-10-28,13694.56,Closed Won
OP001530,L006868,2024-06-17,1888.57,Open
OP001531,L006869,2025-11-26,4227.77,Closed Won
OP001532,L006873,2025-11-02,8104.49,Closed Won
OP001533,L006880,2026-06-21,3317.35,Open
OP001534,L006881,2025-12-28,3024.86,Closed Lost
OP001535,L006887,2025-10-03,2397.65,Open
OP001536,L006888,2025-04-28,12097.73,Closed Won
OP001537,L006891,2025-04-11,263.79,Closed Won
OP001538,L006904,2026-06-27,4886.26,Open
OP001539,L006905,2025-08-21,1099.28,Closed Won
OP001540,L006906,2025-02-27,450.38,Open
OP001541,L006917,2025-02-28,2262.26,Closed Won
OP001542,L006918,2025-05-16,4869.13,Closed Won
OP001543,L006923,2024-10-25,6190.32,Closed Won
OP001544,L006924,2026-06-29,2081.13,Closed Won
OP001545,L006926,2025-11-25,7376.09,Closed Won
OP001546,L006927,2026-02-13,15881.99,Closed Won
OP001547,L006931,2026-04-05,8480.77,Closed Lost
OP001548,L006933,2026-04-27,1753.8,Open
OP001549,L006939,2025-03-12,1593.45,Closed Won
OP001550,L006940,2025-06-17,8269.84,Closed Won
OP001551,L006941,2024-12-14,518.16,Closed Won
OP001552,L006947,2025-07-19,12814.32,Open
OP001553,L006955,2025-10-08,6377.32,Closed Won
OP001554,L006956,2024-02-08,3325.34,Open
OP001555,L006958,2024-05-14,1188.22,Closed Won
OP001556,L006959,2024-05-09,13371.8,Closed Lost
OP001557,L006966,2025-12-31,1459.98,Closed Won
OP001558,L006976,2025-02-23,707.86,Closed Won
OP001559,L006979,2025-09-03,1938.88,Closed Won
OP001560,L006981,2024-10-30,11760.44,Closed Won
OP001561,L006985,2025-01-30,11164.99,Closed Won
OP001562,L006986,2025-08-19,1377.82,Closed Won
OP001563,L006992,2026-02-12,1612.68,Closed Lost
OP001564,L007000,2025-03-27,6356.85,Closed Won
OP001565,L007001,2024-04-23,8403.94,Closed Won
OP001566,L007004,2026-03-10,2015.55,Closed Lost
OP001567,L007006,2024-03-22,3887.11,Closed Won
OP001568,L007014,2024-09-01,1406.93,Closed Won
OP001569,L007022,2025-09-30,2852.14,Closed Won
OP001570,L007030,2025-12-17,5650.86,Closed Won
OP001571,L007032,2025-08-26,2650.26,Closed Won
OP001572,L007035,2025-04-24,4324.1,Closed Won
OP001573,L007038,2026-05-19,3379.06,Open
OP001574,L007045,2024-06-27,4093.49,Closed Lost
OP001575,L007049,2026-02-16,1040.6,Open
OP001576,L007050,2024-10-10,2985.5,Closed Won
OP001577,L007052,2024-10-11,2072.74,Closed Lost
OP001578,L007053,2025-08-09,3091.1,Closed Won
OP001579,L007054,2025-12-29,9758.29,Closed Won
OP001580,L007060,2024-03-13,8915.97,Closed Won
OP001581,L007064,2024-07-23,2596.61,Closed Lost
OP001582,L007067,2024-02-15,4538.8,Closed Won
OP001583,L007074,2024-04-21,2504.96,Closed Won
OP001584,L007075,2024-12-26,13655.62,Open
OP001585,L007076,2024-11-18,13932.4,Closed Won
OP001586,L007080,2024-11-12,946.01,Closed Won
OP001587,L007083,2024-06-13,871.31,Open
OP001588,L007087,2024-06-03,1514.51,Closed Won
OP001589,L007092,2024-10-05,674.33,Closed Won
OP001590,L007098,2025-11-23,8038.99,Open
OP001591,L007101,2026-02-03,19137.41,Open
OP001592,L007102,2024-06-26,4705.83,Closed Lost
OP001593,L007107,2025-11-01,13678.16,Closed Lost
OP001594,L007121,2026-05-12,11949.25,Closed Won
OP001595,L007122,2025-07-09,2390.48,Closed Won
OP001596,L007124,2024-01-27,536.82,Closed Lost
OP001597,L007127,2024-06-16,6077.41,Closed Won
OP001598,L007135,2026-08-12,3363.42,Open
OP001599,L007140,2024-04-02,1480.51,Open
OP001600,L007145,2025-05-12,783.92,Closed Lost
OP001601,L007146,2026-07-01,6042.7,Open
OP001602,L007152,2026-08-09,2126.12,Closed Won
OP001603,L007155,2024-12-21,1014.27,Closed Won
OP001604,L007156,2025-01-26,2851.68,Closed Won
OP001605,L007171,2024-02-06,485.15,Open
OP001606,L007173,2025-07-11,872.65,Closed Won
OP001607,L007180,2025-07-20,4139.17,Closed Lost
OP001608,L007183,2025-08-02,4003.72,Closed Won
OP001609,L007188,2025-02-28,2456.66,Closed Won
OP001610,L007192,2025-07-19,680.49,Open
OP001611,L007202,2024-12-13,1378.02,Closed Lost
OP001612,L007213,2026-02-04,1595.67,Closed Lost
OP001613,L007215,2026-05-22,3809.71,Closed Won
OP001614,L007219,2024-09-19,18715.74,Closed Won
OP001615,L007224,2024-12-10,3399.9,Closed Lost
OP001616,L007229,2025-05-28,5270.42,Open
OP001617,L007236,2024-05-18,4205.26,Closed Won
OP001618,L007241,2026-01-22,1667.71,Open
OP001619,L007246,2025-01-07,2900.28,Open
OP001620,L007251,2024-12-11,1698.14,Closed Won
OP001621,L007262,2026-07-17,2255.95,Closed Lost
OP001622,L007263,2024-12-16,5799.13,Closed Won
OP001623,L007267,2025-08-14,616.98,Closed Won
OP001624,L007270,2025-12-28,7284.22,Closed Lost
OP001625,L007273,2026-04-24,4381.37,Closed Lost
OP001626,L007282,2025-08-12,305.6,Closed Lost
OP001627,L007283,2025-07-21,947.63,Closed Lost
OP001628,L007290,2024-02-01,28122.6,Closed Won
OP001629,L007291,2025-03-09,4295.32,Closed Won
OP001630,L007304,2024-02-11,2638.59,Closed Won
OP001631,L007319,2026-01-23,1598.54,Closed Won
OP001632,L007325,2026-02-02,1721.48,Open
OP001633,L007333,2025-07-01,641.72,Closed Won
OP001634,L007337,2025-12-29,9386.63,Open
OP001635,L007340,2026-03-22,3119.39,Closed Lost
OP001636,L007344,2024-06-27,556.24,Open
OP001637,L007347,2024-03-08,9103.51,Closed Won
OP001638,L007349,2025-05-01,1149.54,Closed Won
OP001639,L007351,2026-08-11,350.24,Closed Won
OP001640,L007352,2024-12-30,6304.05,Closed Won
OP001641,L007354,2024-02-15,3915.54,Closed Won
OP001642,L007355,2025-11-22,8277.79,Open
OP001643,L007356,2024-01-17,1424.04,Closed Won
OP001644,L007358,2025-06-15,2067.48,Open
OP001645,L007360,2025-08-24,2144.97,Closed Won
OP001646,L007361,2025-03-19,2762.23,Closed Won
OP001647,L007363,2026-05-29,6219.19,Closed Won
OP001648,L007364,2024-01-31,8436.8,Closed Won
OP001649,L007368,2026-07-15,657.59,Closed Won
OP001650,L007369,2024-12-20,2029.12,Closed Lost
OP001651,L007370,2026-03-04,720.16,Closed Lost
OP001652,L007373,2026-03-16,1053.38,Closed Won
OP001653,L007375,2024-01-23,2400.78,Open
OP001654,L007377,2026-05-28,1057.72,Closed Won
OP001655,L007380,2025-05-02,10678.68,Closed Won
OP001656,L007381,2024-12-05,3177.87,Closed Won
OP001657,L007385,2024-07-10,1690.85,Closed Won
OP001658,L007386,2026-02-06,965.39,Closed Won
OP001659,L007391,2024-08-14,2863.92,Closed Lost
OP001660,L007397,2024-09-17,2681.2,Open
OP001661,L007400,2025-04-04,1997.11,Closed Won
OP001662,L007402,2024-08-24,3109.96,Closed Won
OP001663,L007403,2024-08-30,4760.33,Closed Won
OP001664,L007405,2024-10-05,26618.28,Closed Won
OP001665,L007406,2025-08-14,9265.82,Open
OP001666,L007418,2025-09-25,1365.78,Open
OP001667,L007426,2024-10-18,7131.54,Open
OP001668,L007436,2024-10-09,4013.17,Closed Lost
OP001669,L007440,2026-05-21,3757.43,Closed Won
OP001670,L007441,2024-11-03,2383.3,Closed Lost
OP001671,L007445,2024-10-19,546.12,Closed Won
OP001672,L007448,2025-07-24,711.79,Closed Lost
OP001673,L007452,2026-02-16,2104.04,Closed Won
OP001674,L007453,2025-11-23,675.08,Closed Won
OP001675,L007457,2025-10-10,12068.63,Open
OP001676,L007470,2026-09-18,4542.08,Closed Lost
OP001677,L007474,2025-10-19,3222.3,Closed Won
OP001678,L007486,2026-07-14,1226.9,Open
OP001679,L007490,2025-06-04,9645.23,Closed Won
OP001680,L007492,2025-09-19,4012.02,Closed Won
OP001681,L007501,2026-07-20,7478.69,Closed Won
OP001682,L007506,2026-02-24,3817.23,Closed Won
OP001683,L007509,2026-04-20,2649.4,Closed Lost
OP001684,L007511,2026-04-29,3097.1,Closed Lost
OP001685,L007512,2025-01-31,770.91,Open
OP001686,L007522,2024-01-20,735.31,Closed Lost
OP001687,L007525,2024-11-23,293.36,Closed Won
OP001688,L007531,2026-08-03,1379.57,Closed Won
OP001689,L007537,2025-12-26,26454.15,Closed Lost
OP001690,L007549,2024-10-26,3160.31,Closed Won
OP001691,L007550,2025-11-25,9716.45,Closed Won
OP001692,L007552,2026-01-25,523.06,Closed Lost
OP001693,L007554,2025-03-10,23635.53,Open
OP001694,L007561,2026-07-04,3441.01,Closed Won
OP001695,L007562,2025-03-08,1258.92,Open
OP001696,L007564,2026-02-12,2617.51,Closed Won
OP001697,L007566,2025-02-18,2476.8,Closed Won
OP001698,L007570,2026-04-29,3690.89,Closed Won
OP001699,L007583,2024-05-29,471.26,Closed Won
OP001700,L007586,2024-03-05,2704.79,Closed Won
OP001701,L007594,2025-02-04,37398.74,Closed Lost
OP001702,L007609,2024-04-24,13711.21,Open
OP001703,L007611,2026-06-29,2855.33,Closed Won
OP001704,L007612,2025-04-19,704.27,Closed Won
OP001705,L007614,2026-04-20,7636.77,Closed Won
OP001706,L007615,2025-01-29,3156.3,Open
OP001707,L007619,2024-09-14,1874.46,Closed Lost
OP001708,L007623,2025-01-25,827.14,Open
OP001709,L007632,2025-05-05,1074.89,Closed Lost
OP001710,L007633,2025-07-19,589.69,Closed Won
OP001711,L007634,2024-05-20,967.99,Closed Won
OP001712,L007636,2024-10-01,5332.98,Closed Lost
OP001713,L007642,2025-02-28,2099.12,Closed Lost
OP001714,L007658,2025-09-21,5817.25,Closed Lost
OP001715,L007660,2024-08-25,9050.81,Closed Won
OP001716,L007661,2025-05-03,4673.24,Closed Won
OP001717,L007668,2024-11-20,1479.32,Closed Won
OP001718,L007675,2024-09-11,1269.48,Closed Won
OP001719,L007688,2025-01-12,2430.64,Closed Won
OP001720,L007689,2024-08-18,5207.41,Open
OP001721,L007690,2025-07-22,2379.49,Open
OP001722,L007695,2024-10-08,2602.78,Open
OP001723,L007696,2026-07-11,3151.37,Closed Won
OP001724,L007698,2025-08-31,13627.25,Closed Lost
OP001725,L007699,2024-02-18,3172.33,Closed Won
OP001726,L007700,2026-02-02,1580.14,Closed Won
OP001727,L007703,2025-01-25,3812.67,Closed Won
OP001728,L007706,2026-05-20,1560.19,Closed Won
OP001729,L007707,2025-12-25,1618.54,Closed Won
OP001730,L007712,2025-08-04,3835.27,Open
OP001731,L007720,2024-01-23,250.0,Closed Lost
OP001732,L007723,2025-11-16,6913.07,Closed Lost
OP001733,L007724,2024-12-25,5132.16,Closed Won
OP001734,L007726,2025-01-26,439.96,Open
OP001735,L007727,2025-07-29,710.68,Closed Lost
OP001736,L007728,2024-07-28,2805.77,Open
OP001737,L007734,2026-04-30,6936.95,Closed Won
OP001738,L007737,2025-12-09,2736.33,Closed Won
OP001739,L007743,2025-08-29,1031.03,Closed Lost
OP001740,L007751,2025-08-22,360.93,Closed Won
OP001741,L007753,2026-03-27,595.4,Closed Won
OP001742,L007767,2026-09-02,1995.97,Closed Won
OP001743,L007769,2025-08-17,13513.54,Closed Lost
OP001744,L007776,2025-01-19,2529.98,Open
OP001745,L007780,2025-05-30,2268.66,Closed Won
OP001746,L007782,2025-08-04,5138.36,Open
OP001747,L007783,2026-09-07,5526.37,Closed Won
OP001748,L007784,2025-03-25,5542.71,Closed Won
OP001749,L007798,2024-02-22,10037.97,Closed Lost
OP001750,L007803,2024-05-28,9074.11,Closed Won
OP001751,L007807,2026-07-13,12602.95,Open
OP001752,L007811,2024-03-07,13264.28,Closed Lost
OP001753,L007813,2025-08-17,4425.93,Closed Won
OP001754,L007817,2026-01-06,19985.12,Open
OP001755,L007818,2024-05-29,2323.67,Open
OP001756,L007824,2025-07-26,18596.62,Open
OP001757,L007835,2024-05-01,1019.88,Closed Lost
OP001758,L007839,2025-05-03,5519.82,Closed Won
OP001759,L007841,2024-11-26,4769.76,Closed Won
OP001760,L007846,2024-09-05,393.53,Open
OP001761,L007855,2025-04-22,6559.24,Closed Won
OP001762,L007857,2025-10-28,12784.28,Open
OP001763,L007862,2025-08-08,6312.61,Closed Won
OP001764,L007863,2026-04-16,1003.73,Closed Won
OP001765,L007868,2025-08-29,1599.99,Closed Won
OP001766,L007874,2024-11-11,9642.85,Closed Lost
OP001767,L007879,2025-08-14,3534.85,Open
OP001768,L007883,2025-10-17,3859.96,Closed Won
OP001769,L007886,2025-08-18,2121.5,Closed Won
OP001770,L007887,2024-04-16,3635.11,Closed Won
OP001771,L007895,2024-09-15,7707.3,Closed Lost
OP001772,L007909,2024-06-11,2047.64,Closed Lost
OP001773,L007910,2025-02-18,302.86,Closed Won
OP001774,L007915,2026-09-18,2159.87,Open
OP001775,L007916,2025-05-21,3422.07,Open
OP001776,L007922,2024-04-12,2020.61,Closed Won
OP001777,L007926,2024-12-16,7579.08,Closed Won
OP001778,L007937,2024-06-09,954.65,Closed Won
OP001779,L007939,2025-08-13,3389.04,Closed Won
OP001780,L007940,2024-11-28,2634.38,Closed Won
OP001781,L007946,2024-03-19,1533.32,Closed Lost
OP001782,L007948,2026-08-08,1541.85,Closed Won
OP001783,L007951,2024-07-13,5078.13,Closed Lost
OP001784,L007954,2026-03-25,1477.05,Open
OP001785,L007962,2024-08-16,1091.2,Open
OP001786,L007966,2024-08-02,2167.9,Closed Won
OP001787,L007967,2024-12-06,19313.87,Closed Won
OP001788,L007974,2025-10-16,2692.92,Closed Won
OP001789,L007975,2026-06-21,1537.87,Open
OP001790,L007976,2025-11-05,646.94,Closed Won
OP001791,L007979,2024-05-21,1610.24,Closed Lost
OP001792,L007980,2024-04-29,19794.56,Closed Lost
OP001793,L007983,2025-08-08,1872.34,Closed Won
OP001794,L007986,2025-12-30,1668.39,Closed Won
OP001795,L007988,2024-10-12,1273.45,Open
OP001796,L007990,2025-09-17,12791.4,Closed Won
OP001797,L007991,2025-02-25,1887.25,Open
OP001798,L007992,2025-03-10,6911.22,Closed Won
OP001799,L007997,2024-08-10,1446.3,Closed Won
OP001800,L008002,2025-08-10,9401.71,Closed Won
OP001801,L008007,2025-07-06,2552.54,Closed Won
OP001802,L008008,2024-04-06,3158.29,Closed Won
OP001803,L008009,2024-08-15,6084.3,Closed Won
OP001804,L008012,2024-08-29,10728.5,Closed Won
OP001805,L008018,2025-11-03,15559.7,Closed Won
OP001806,L008022,2025-03-01,4242.44,Closed Lost
OP001807,L008023,2025-12-18,1051.71,Open
OP001808,L008032,2025-12-02,4297.24,Closed Lost
OP001809,L008036,2026-08-15,7116.38,Open
OP001810,L008043,2025-08-18,1287.46,Closed Lost
OP001811,L008044,2024-08-06,13486.46,Closed Won
OP001812,L008049,2026-06-06,2514.95,Closed Lost
OP001813,L008052,2025-05-16,4346.33,Open
OP001814,L008065,2024-03-24,4106.24,Closed Lost
OP001815,L008069,2025-11-03,678.26,Open
OP001816,L008081,2024-10-11,2645.05,Closed Won
OP001817,L008082,2024-12-28,1195.47,Closed Lost
OP001818,L008089,2026-08-11,2728.12,Closed Won
OP001819,L008095,2024-03-27,648.68,Closed Lost
OP001820,L008103,2026-06-21,11166.87,Closed Won
OP001821,L008106,2024-11-21,5402.47,Closed Won
OP001822,L008107,2026-04-16,955.47,Closed Won
OP001823,L008111,2025-01-03,22054.04,Open
OP001824,L008113,2025-03-19,629.37,Closed Won
OP001825,L008114,2026-06-20,432.52,Closed Won
OP001826,L008120,2025-01-16,250.0,Closed Won
OP001827,L008121,2026-02-14,16783.09,Open
OP001828,L008128,2025-12-23,3788.42,Closed Won
OP001829,L008129,2026-01-08,3922.09,Closed Lost
OP001830,L008136,2024-10-30,1864.53,Closed Lost
OP001831,L008139,2025-04-01,3043.99,Closed Won
OP001832,L008146,2025-04-01,932.23,Closed Lost
OP001833,L008152,2025-11-20,2485.06,Closed Won
OP001834,L008164,2024-03-23,1429.11,Closed Won
OP001835,L008168,2026-03-29,18412.05,Closed Won
OP001836,L008170,2026-04-04,3452.04,Closed Won
OP001837,L008174,2025-01-26,2377.61,Closed Won
OP001838,L008175,2024-07-28,3142.88,Closed Won
OP001839,L008180,2025-06-18,583.74,Closed Lost
OP001840,L008189,2024-07-23,3659.15,Open
OP001841,L008191,2026-02-05,3000.18,Closed Won
OP001842,L008192,2025-04-19,2995.57,Closed Won
OP001843,L008193,2025-12-26,2421.89,Closed Won
OP001844,L008194,2025-11-20,735.01,Closed Won
OP001845,L008207,2026-04-08,2901.83,Closed Won
OP001846,L008211,2025-12-27,686.69,Closed Lost
OP001847,L008214,2025-01-22,11662.51,Closed Lost
OP001848,L008215,2024-04-04,33541.71,Closed Won
OP001849,L008221,2025-05-24,6066.64,Closed Lost
OP001850,L008230,2024-07-27,4371.33,Closed Won
OP001851,L008234,2024-04-04,3736.53,Closed Won
OP001852,L008235,2024-11-21,1869.28,Closed Won
OP001853,L008244,2026-08-03,4632.73,Open
OP001854,L008246,2026-01-19,12323.69,Closed Won
OP001855,L008248,2024-01-20,14780.24,Closed Won
OP001856,L008249,2026-04-12,5437.54,Open
OP001857,L008251,2025-02-12,2841.62,Closed Won
OP001858,L008253,2025-04-10,2709.01,Closed Won
OP001859,L008282,2026-09-27,31939.83,Closed Lost
OP001860,L008283,2025-02-04,17563.98,Closed Lost
OP001861,L008285,2026-09-08,4654.08,Closed Won
OP001862,L008314,2025-04-05,2031.05,Closed Lost
OP001863,L008318,2025-01-09,5539.5,Closed Won
OP001864,L008329,2024-04-25,33525.87,Closed Lost
OP001865,L008337,2025-01-21,1770.19,Closed Lost
OP001866,L008338,2024-06-03,929.0,Closed Won
OP001867,L008348,2025-09-21,4922.23,Closed Lost
OP001868,L008350,2025-10-07,600.0,Closed Won
OP001869,L008357,2026-05-03,1453.61,Closed Won
OP001870,L008363,2024-04-04,2635.0,Closed Won
OP001871,L008370,2025-05-01,1880.68,Closed Won
OP001872,L008373,2024-12-21,6991.76,Open
OP001873,L008374,2025-08-29,3844.78,Closed Lost
OP001874,L008380,2026-03-07,8917.37,Closed Lost
OP001875,L008385,2025-09-12,4070.28,Closed Won
OP001876,L008394,2025-11-15,1103.43,Open
OP001877,L008399,2025-08-28,2097.21,Closed Won
OP001878,L008401,2026-02-08,3513.09,Closed Won
OP001879,L008413,2025-12-09,733.71,Closed Won
OP001880,L008414,2026-03-27,5910.34,Closed Lost
OP001881,L008415,2024-01-22,480.11,Open
OP001882,L008416,2025-06-19,1219.92,Closed Won
OP001883,L008422,2025-10-28,876.23,Open
OP001884,L008426,2024-12-02,2982.16,Closed Won
OP001885,L008430,2026-04-15,2198.04,Closed Won
OP001886,L008436,2024-03-08,2694.83,Closed Lost
OP001887,L008444,2025-07-14,8277.36,Open
OP001888,L008451,2025-01-30,950.64,Closed Lost
OP001889,L008453,2025-10-11,5982.84,Closed Won
OP001890,L008462,2025-08-24,1861.1,Closed Lost
OP001891,L008467,2026-01-09,17182.36,Closed Won
OP001892,L008469,2025-02-07,1225.78,Closed Won
OP001893,L008470,2026-05-25,8109.63,Closed Won
OP001894,L008474,2025-02-05,1935.47,Open
OP001895,L008478,2024-06-15,1850.75,Closed Won
OP001896,L008482,2026-07-11,1688.99,Closed Won
OP001897,L008483,2024-09-20,4463.62,Open
OP001898,L008485,2024-07-16,1973.7,Open
OP001899,L008486,2026-01-22,6396.17,Closed Won
OP001900,L008487,2025-07-24,4655.06,Closed Won
OP001901,L008490,2026-05-01,3432.02,Open
OP001902,L008496,2024-05-15,1088.59,Closed Won
OP001903,L008497,2024-02-29,814.29,Closed Won
OP001904,L008506,2024-01-29,12730.1,Closed Won
OP001905,L008513,2025-03-14,4517.73,Closed Won
OP001906,L008517,2025-06-08,5524.84,Closed Lost
OP001907,L008521,2025-04-29,2884.13,Closed Won
OP001908,L008524,2026-03-04,1170.42,Closed Won
OP001909,L008525,2026-06-20,1216.28,Open
OP001910,L008527,2025-03-22,7214.42,Closed Won
OP001911,L008545,2024-05-27,2163.76,Open
OP001912,L008546,2024-04-20,1342.28,Closed Won
OP001913,L008555,2025-06-29,1507.6,Closed Won
OP001914,L008562,2026-05-09,367.65,Closed Lost
OP001915,L008572,2025-01-12,961.17,Closed Won
OP001916,L008582,2024-09-01,2421.54,Closed Won
OP001917,L008588,2026-03-14,498.95,Closed Won
OP001918,L008590,2025-03-17,1592.32,Closed Won
OP001919,L008594,2025-03-13,474.26,Closed Won
OP001920,L008598,2024-10-06,3652.39,Closed Won
OP001921,L008612,2025-12-06,2506.31,Closed Won
OP001922,L008616,2026-06-05,13857.15,Closed Won
OP001923,L008622,2025-03-12,4941.58,Closed Won
OP001924,L008628,2026-09-09,2087.61,Closed Won
OP001925,L008629,2025-01-01,11232.52,Closed Won
OP001926,L008630,2026-02-24,2240.28,Open
OP001927,L008632,2026-02-23,2479.77,Open
OP001928,L008634,2025-11-24,4341.1,Closed Won
OP001929,L008635,2024-04-01,1446.59,Closed Won
OP001930,L008636,2026-07-08,2776.79,Open
OP001931,L008639,2025-08-26,1519.85,Closed Won
OP001932,L008642,2024-05-25,1295.84,Closed Won
OP001933,L008644,2025-03-02,1203.76,Open
OP001934,L008645,2024-09-08,3745.91,Closed Lost
OP001935,L008648,2024-03-06,3540.73,Closed Lost
OP001936,L008665,2026-05-25,1584.91,Open
OP001937,L008670,2025-12-18,1019.83,Closed Won
OP001938,L008681,2025-05-04,2064.62,Open
OP001939,L008687,2024-05-11,1617.17,Closed Won
OP001940,L008689,2024-07-05,2304.69,Closed Lost
OP001941,L008690,2025-03-01,250.0,Closed Won
OP001942,L008693,2026-02-11,1857.46,Closed Won
OP001943,L008695,2026-01-08,7316.15,Closed Won
OP001944,L008701,2025-01-23,6324.07,Closed Lost
OP001945,L008709,2024-11-05,6167.91,Closed Lost
OP001946,L008712,2025-09-05,10458.62,Closed Won
OP001947,L008714,2024-12-17,1548.64,Closed Lost
OP001948,L008715,2024-04-04,3010.52,Closed Lost
OP001949,L008720,2024-07-05,395.64,Closed Lost
OP001950,L008726,2025-01-15,5007.52,Open
OP001951,L008729,2025-01-14,1931.61,Closed Won
OP001952,L008731,2025-07-19,1292.18,Closed Lost
OP001953,L008733,2025-06-12,1197.91,Closed Lost
OP001954,L008735,2025-03-16,4851.3,Closed Lost
OP001955,L008742,2026-05-31,1093.02,Closed Lost
OP001956,L008745,2025-10-10,4583.65,Closed Won
OP001957,L008755,2025-10-19,2892.39,Closed Lost
OP001958,L008771,2024-04-19,16195.6,Open
OP001959,L008772,2024-10-15,3189.05,Closed Won
OP001960,L008778,2026-09-15,1171.63,Closed Won
OP001961,L008780,2026-02-13,1054.99,Closed Lost
OP001962,L008782,2024-04-17,621.78,Closed Won
OP001963,L008783,2024-10-11,2478.55,Closed Won
OP001964,L008786,2024-12-18,2908.5,Open
OP001965,L008796,2024-06-11,3193.9,Closed Won
OP001966,L008803,2024-08-14,18573.01,Closed Won
OP001967,L008804,2024-11-08,21495.76,Closed Won
OP001968,L008811,2024-04-18,5166.31,Closed Won
OP001969,L008812,2025-09-30,10884.13,Open
OP001970,L008821,2025-10-27,3770.16,Closed Lost
OP001971,L008831,2024-02-04,5332.89,Closed Won
OP001972,L008840,2024-02-29,1772.91,Closed Won
OP001973,L008842,2024-03-15,1308.5,Closed Won
OP001974,L008845,2026-09-09,2620.23,Closed Lost
OP001975,L008848,2026-05-24,2803.97,Closed Won
OP001976,L008851,2024-12-05,966.32,Closed Won
OP001977,L008852,2026-06-12,4116.24,Open
OP001978,L008853,2024-12-26,9967.43,Closed Won
OP001979,L008855,2025-08-11,19218.72,Closed Won
OP001980,L008858,2026-01-12,725.42,Closed Won
OP001981,L008859,2026-02-10,941.07,Closed Won
OP001982,L008860,2025-07-02,12323.19,Closed Won
OP001983,L008868,2025-08-07,2609.58,Closed Won
OP001984,L008873,2025-03-21,965.68,Closed Lost
OP001985,L008888,2024-04-06,3334.75,Open
OP001986,L008892,2025-03-26,2450.18,Closed Won
OP001987,L008899,2024-04-02,705.49,Closed Lost
OP001988,L008901,2025-07-24,3110.21,Closed Won
OP001989,L008906,2026-02-12,3375.83,Closed Won
OP001990,L008908,2025-11-17,11035.61,Closed Won
OP001991,L008910,2024-04-14,7557.92,Closed Won
OP001992,L008915,2025-04-27,3584.87,Closed Won
OP001993,L008932,2024-09-06,4146.01,Closed Won
OP001994,L008934,2024-11-24,3810.27,Closed Won
OP001995,L008939,2024-07-11,1293.51,Open
OP001996,L008940,2026-05-27,13376.86,Open
OP001997,L008942,2026-05-10,1609.12,Closed Won
OP001998,L008944,2025-04-08,5428.13,Closed Won
OP001999,L008952,2025-09-03,2790.15,Closed Won
OP002000,L008958,2025-03-15,6284.47,Closed Won
OP002001,L008960,2025-03-01,747.09,Closed Won
OP002002,L008963,2026-06-06,1372.97,Closed Won
OP002003,L008968,2025-06-07,1977.17,Open
OP002004,L008983,2025-11-24,3895.77,Closed Lost
OP002005,L008984,2024-07-23,1123.54,Closed Lost
OP002006,L008990,2025-04-21,1053.13,Closed Won
OP002007,L008992,2025-04-18,3592.97,Closed Won
OP002008,L008993,2024-08-23,4868.27,Closed Won
OP002009,L008996,2025-07-15,1491.41,Closed Won
OP002010,L008999,2026-01-19,12390.53,Closed Lost
OP002011,L009000,2025-01-01,14328.69,Open
OP002012,L009004,2025-09-25,9208.47,Closed Won
OP002013,L009010,2024-10-07,626.93,Closed Won
OP002014,L009019,2026-06-13,4429.83,Closed Won
OP002015,L009022,2025-11-24,1684.17,Closed Won
OP002016,L009026,2024-05-19,7011.97,Closed Won
OP002017,L009034,2025-03-30,2698.06,Closed Won
OP002018,L009038,2025-10-10,65886.86,Closed Won
OP002019,L009044,2025-09-14,10165.1,Closed Lost
OP002020,L009046,2025-05-31,2054.06,Closed Won
OP002021,L009052,2025-12-05,8789.63,Closed Won
OP002022,L009053,2025-01-16,1233.95,Closed Lost
OP002023,L009058,2024-10-26,2316.05,Closed Won
OP002024,L009066,2026-08-11,1264.9,Closed Lost
OP002025,L009079,2024-04-19,2577.59,Closed Lost
OP002026,L009085,2026-04-23,517.34,Closed Won
OP002027,L009087,2025-12-03,12399.18,Closed Won
OP002028,L009089,2024-09-11,792.94,Closed Won
OP002029,L009100,2025-10-20,23555.55,Open
OP002030,L009103,2024-12-04,3966.33,Closed Won
OP002031,L009108,2025-10-30,1362.84,Closed Won
OP002032,L009114,2025-11-08,2248.05,Closed Won
OP002033,L009122,2025-04-10,913.58,Closed Won
OP002034,L009125,2025-01-02,1075.09,Open
OP002035,L009127,2024-07-23,15707.34,Closed Won
OP002036,L009132,2025-10-15,1337.07,Closed Won
OP002037,L009135,2024-03-07,670.38,Closed Lost
OP002038,L009150,2026-08-29,1567.74,Closed Lost
OP002039,L009151,2024-10-23,23258.79,Open
OP002040,L009152,2024-12-12,1793.98,Closed Won
OP002041,L009154,2025-12-19,1207.09,Closed Won
OP002042,L009156,2024-08-30,2592.84,Closed Won
OP002043,L009159,2024-11-23,1373.03,Closed Lost
OP002044,L009161,2024-05-28,1104.85,Closed Lost
OP002045,L009162,2024-09-29,5847.97,Open
OP002046,L009171,2026-04-19,7784.0,Closed Won
OP002047,L009172,2024-12-09,2413.41,Closed Won
OP002048,L009174,2024-04-16,5056.19,Closed Lost
OP002049,L009176,2026-06-30,988.09,Closed Won
OP002050,L009183,2025-02-14,7061.77,Closed Lost
OP002051,L009185,2025-10-25,2732.72,Closed Lost
OP002052,L009186,2024-07-19,2969.87,Closed Lost
OP002053,L009190,2025-08-06,1990.25,Closed Lost
OP002054,L009191,2026-04-04,250.0,Closed Lost
OP002055,L009193,2025-04-03,10237.92,Closed Won
OP002056,L009195,2025-08-11,1446.84,Open
OP002057,L009201,2024-07-18,2622.78,Closed Won
OP002058,L009203,2024-10-26,3359.12,Closed Won
OP002059,L009205,2024-06-28,1619.7,Closed Won
OP002060,L009207,2026-08-20,4575.94,Open
OP002061,L009208,2024-12-06,2728.95,Closed Won
OP002062,L009209,2025-01-17,14269.49,Open
OP002063,L009213,2024-05-21,5762.96,Closed Lost
OP002064,L009218,2024-08-23,1076.91,Closed Lost
OP002065,L009222,2025-10-12,31943.08,Open
OP002066,L009229,2025-01-28,12779.99,Open
OP002067,L009235,2024-07-29,976.42,Closed Lost
OP002068,L009238,2026-06-13,1471.39,Closed Won
OP002069,L009239,2026-09-11,981.67,Closed Won
OP002070,L009240,2025-12-23,563.44,Closed Won
OP002071,L009249,2026-05-11,3117.03,Closed Lost
OP002072,L009254,2024-08-20,3253.38,Closed Lost
OP002073,L009266,2024-11-13,1576.79,Closed Won
OP002074,L009267,2026-01-02,896.53,Closed Lost
OP002075,L009285,2026-08-16,23047.94,Closed Lost
OP002076,L009286,2025-02-20,3339.07,Closed Won
OP002077,L009287,2026-09-02,2641.16,Closed Won
OP002078,L009299,2025-05-16,561.57,Closed Won
OP002079,L009309,2026-03-26,866.57,Closed Lost
OP002080,L009310,2025-01-05,1329.91,Closed Won
OP002081,L009317,2024-02-03,3840.48,Open
OP002082,L009325,2025-02-24,2181.92,Closed Won
OP002083,L009326,2024-05-30,13001.25,Closed Won
OP002084,L009334,2025-03-07,11517.47,Closed Lost
OP002085,L009339,2024-11-20,3855.58,Closed Won
OP002086,L009340,2025-06-06,5028.29,Closed Won
OP002087,L009344,2026-02-17,3670.15,Open
OP002088,L009346,2026-01-08,1146.16,Closed Won
OP002089,L009350,2024-12-10,12417.28,Closed Won
OP002090,L009351,2024-06-28,18729.9,Closed Won
OP002091,L009375,2026-08-31,1079.19,Closed Lost
OP002092,L009376,2025-11-22,792.68,Closed Won
OP002093,L009379,2024-08-08,13655.52,Closed Lost
OP002094,L009383,2026-06-27,250.0,Closed Lost
OP002095,L009386,2024-06-23,1974.16,Closed Won
OP002096,L009394,2024-01-27,3541.34,Closed Won
OP002097,L009395,2026-06-22,4020.45,Closed Lost
OP002098,L009404,2025-01-04,1761.95,Closed Won
OP002099,L009407,2024-08-26,8408.69,Closed Won
OP002100,L009413,2026-07-18,5538.53,Open
OP002101,L009427,2026-04-16,2779.98,Open
OP002102,L009429,2024-12-12,491.72,Open
OP002103,L009431,2024-09-14,1236.33,Closed Won
OP002104,L009432,2025-12-23,4506.6,Open
OP002105,L009436,2025-03-13,4533.61,Closed Won
OP002106,L009438,2024-09-13,2468.97,Closed Lost
OP002107,L009445,2024-07-29,1178.26,Closed Won
OP002108,L009447,2024-09-06,5169.64,Closed Won
OP002109,L009454,2025-04-11,2324.14,Open
OP002110,L009460,2024-03-16,375.53,Closed Lost
OP002111,L009462,2026-02-02,1101.62,Closed Won
OP002112,L009467,2026-01-11,2104.96,Closed Won
OP002113,L009472,2025-09-02,6593.47,Closed Won
OP002114,L009477,2026-01-14,2744.11,Closed Won
OP002115,L009492,2025-11-29,625.11,Closed Lost
OP002116,L009497,2025-06-15,2373.3,Closed Lost
OP002117,L009504,2025-08-25,23501.04,Closed Won
OP002118,L009505,2026-04-13,508.14,Closed Won
OP002119,L009507,2024-11-10,7956.91,Closed Won
OP002120,L009514,2025-12-25,6403.6,Open
OP002121,L009515,2024-03-10,1622.33,Closed Won
OP002122,L009516,2024-10-15,2108.36,Open
OP002123,L009519,2025-01-25,754.95,Closed Won
OP002124,L009521,2026-03-09,7383.72,Open
OP002125,L009522,2026-08-26,3487.3,Open
OP002126,L009532,2026-02-22,6613.94,Open
OP002127,L009538,2025-04-22,2966.45,Closed Won
OP002128,L009541,2024-12-16,1208.1,Closed Won
OP002129,L009544,2026-01-06,5303.93,Open
OP002130,L009545,2024-04-02,7679.64,Closed Won
OP002131,L009549,2025-01-16,2201.08,Closed Won
OP002132,L009556,2024-08-24,6941.41,Closed Won
OP002133,L009568,2024-03-25,3244.38,Closed Won
OP002134,L009569,2024-05-21,822.19,Open
OP002135,L009571,2026-04-01,8594.67,Closed Lost
OP002136,L009574,2025-05-21,3370.83,Open
OP002137,L009575,2026-09-17,1652.39,Closed Won
OP002138,L009579,2025-10-04,10249.81,Closed Won
OP002139,L009581,2024-09-13,1606.93,Closed Won
OP002140,L009584,2026-08-05,6349.86,Closed Won
OP002141,L009591,2025-03-11,24292.8,Open
OP002142,L009597,2024-09-06,4130.63,Closed Won
OP002143,L009600,2024-04-01,7452.21,Closed Won
OP002144,L009609,2026-05-04,1573.03,Closed Won
OP002145,L009610,2026-03-25,3982.95,Open
OP002146,L009611,2024-04-25,2697.44,Closed Won
OP002147,L009615,2025-03-14,3301.56,Closed Won
OP002148,L009617,2026-03-26,981.57,Closed Won
OP002149,L009619,2025-03-05,756.94,Closed Won
OP002150,L009625,2024-06-07,5690.64,Open
OP002151,L009627,2025-02-08,5421.82,Closed Won
OP002152,L009635,2026-09-26,2284.83,Open
OP002153,L009637,2025-01-25,5411.92,Open
OP002154,L009641,2024-06-28,2139.47,Closed Won
OP002155,L009643,2025-01-02,1825.27,Closed Lost
OP002156,L009645,2025-04-02,1448.32,Closed Won
OP002157,L009646,2026-07-06,753.75,Closed Lost
OP002158,L009651,2025-02-09,1553.21,Closed Won
OP002159,L009661,2026-05-31,16141.14,Open
OP002160,L009663,2024-11-06,3675.71,Closed Won
OP002161,L009664,2026-01-16,4493.59,Closed Lost
OP002162,L009666,2026-05-29,5501.54,Closed Lost
OP002163,L009670,2025-12-12,666.85,Closed Won
OP002164,L009672,2024-10-15,12042.77,Closed Won
OP002165,L009687,2024-07-10,7546.86,Closed Won
OP002166,L009688,2024-12-13,506.68,Closed Won
OP002167,L009689,2025-05-15,533.28,Closed Won
OP002168,L009693,2024-07-15,4666.4,Open
OP002169,L009701,2024-09-17,883.74,Closed Won
OP002170,L009710,2026-01-25,768.08,Closed Won
OP002171,L009715,2024-01-27,9967.17,Closed Lost
OP002172,L009718,2024-06-21,967.66,Closed Won
OP002173,L009720,2024-04-08,2255.79,Closed Lost
OP002174,L009735,2025-05-02,50810.58,Closed Won
OP002175,L009736,2024-03-30,250.0,Closed Lost
OP002176,L009738,2025-06-06,2463.84,Closed Won
OP002177,L009739,2026-09-23,3176.64,Closed Won
OP002178,L009748,2026-08-14,8036.07,Closed Won
OP002179,L009749,2026-05-13,1750.86,Closed Won
OP002180,L009756,2026-07-12,693.89,Closed Won
OP002181,L009757,2026-08-13,3265.18,Closed Won
OP002182,L009759,2026-01-11,2364.53,Closed Lost
OP002183,L009764,2024-03-26,11214.91,Closed Won
OP002184,L009765,2025-09-07,745.15,Closed Lost
OP002185,L009768,2026-06-16,1448.03,Closed Won
OP002186,L009771,2025-05-21,7243.38,Closed Won
OP002187,L009773,2025-04-13,5806.23,Closed Won
OP002188,L009779,2025-05-02,7638.26,Closed Won
OP002189,L009789,2026-07-16,1145.54,Closed Lost
OP002190,L009790,2024-02-08,8374.61,Closed Won
OP002191,L009795,2026-09-18,7477.6,Closed Won
OP002192,L009796,2025-04-24,16543.29,Open
OP002193,L009802,2025-07-16,6883.63,Open
OP002194,L009811,2026-09-13,847.2,Closed Won
OP002195,L009816,2024-06-03,2139.51,Open
OP002196,L009818,2024-10-09,2542.05,Closed Lost
OP002197,L009821,2025-11-09,14829.87,Closed Won
OP002198,L009826,2025-07-22,1266.73,Closed Won
OP002199,L009830,2024-03-23,3191.01,Closed Won
OP002200,L009833,2026-08-11,17027.23,Closed Won
OP002201,L009834,2025-06-10,3452.38,Closed Won
OP002202,L009838,2025-04-24,6195.64,Closed Won
OP002203,L009846,2024-05-05,1557.86,Open
OP002204,L009850,2024-11-19,12767.72,Closed Won
OP002205,L009858,2024-04-20,2264.2,Closed Won
OP002206,L009860,2025-05-22,1647.85,Closed Won
OP002207,L009861,2024-12-10,264.84,Open
OP002208,L009862,2024-07-13,7889.29,Open
OP002209,L009864,2025-05-07,2729.84,Closed Won
OP002210,L009868,2026-01-24,3051.78,Closed Won
OP002211,L009869,2024-11-12,879.09,Closed Won
OP002212,L009874,2026-04-26,897.79,Closed Lost
OP002213,L009884,2024-10-05,4909.08,Open
OP002214,L009895,2025-09-17,5719.03,Closed Won
OP002215,L009906,2025-09-08,356.8,Open
OP002216,L009908,2024-01-21,372.29,Closed Won
OP002217,L009913,2024-06-11,1921.59,Open
OP002218,L009923,2024-03-27,4266.24,Closed Lost
OP002219,L009926,2024-11-29,876.81,Closed Lost
OP002220,L009927,2025-12-20,4861.19,Closed Won
OP002221,L009940,2025-03-09,2288.61,Closed Won
OP002222,L009941,2025-10-15,810.98,Open
OP002223,L009942,2025-04-17,586.71,Closed Won
OP002224,L009946,2024-07-10,8420.59,Closed Won
OP002225,L009948,2025-06-04,2206.0,Closed Won
OP002226,L009952,2024-09-08,3246.77,Open
OP002227,L009962,2024-01-05,1989.9,Closed Won
OP002228,L009969,2026-08-16,2320.17,Closed Won
OP002229,L009971,2026-09-12,2072.2,Open
OP002230,L009974,2025-07-13,1521.82,Open
OP002231,L009991,2026-03-25,11016.44,Closed Won
OP002232,L009995,2025-11-03,3870.66,Closed Won
OP002233,L010001,2025-06-27,2984.02,Closed Lost
OP002234,L010003,2024-04-17,473.43,Closed Lost
OP002235,L010006,2026-09-14,1843.2,Closed Won
OP002236,L010009,2024-06-03,573.45,Closed Won
OP002237,L010014,2024-10-14,2936.49,Closed Won
OP002238,L010023,2024-05-14,2793.78,Closed Won
OP002239,L010032,2025-09-08,2727.13,Closed Won
OP002240,L010035,2024-02-19,656.34,Open
OP002241,L010038,2025-01-15,842.19,Closed Won
OP002242,L010041,2026-08-25,21280.87,Closed Won
OP002243,L010056,2025-07-07,3242.65,Closed Won
OP002244,L010061,2024-01-27,1352.76,Closed Won
OP002245,L010063,2025-09-16,2862.01,Open
OP002246,L010072,2025-10-08,877.93,Open
OP002247,L010073,2026-05-21,1653.22,Closed Lost
OP002248,L010076,2025-03-05,16358.87,Closed Won
OP002249,L010083,2025-01-04,3840.26,Open
OP002250,L010086,2026-03-30,1845.99,Closed Won
OP002251,L010090,2026-08-07,3219.07,Closed Won
OP002252,L010093,2025-10-15,310.08,Closed Won
OP002253,L010097,2026-06-18,816.47,Closed Won
OP002254,L010099,2025-10-28,12009.05,Closed Lost
OP002255,L010105,2025-06-27,21514.12,Closed Won
OP002256,L010118,2025-04-26,1590.13,Open
OP002257,L010119,2025-08-26,10298.19,Open
OP002258,L010125,2024-11-06,7028.01,Closed Won
OP002259,L010126,2024-01-24,1552.34,Closed Won
OP002260,L010135,2026-08-08,1034.28,Open
OP002261,L010147,2024-09-27,1169.18,Closed Lost
OP002262,L010150,2025-06-09,3531.7,Closed Lost
OP002263,L010159,2024-12-25,6353.9,Closed Won
OP002264,L010165,2026-08-01,10176.08,Open
OP002265,L010171,2024-10-10,9180.77,Closed Won
OP002266,L010175,2024-05-24,716.4,Closed Won
OP002267,L010176,2026-08-11,6249.57,Open
OP002268,L010179,2025-07-22,4245.62,Closed Won
OP002269,L010194,2026-07-12,2289.86,Closed Lost
OP002270,L010200,2026-02-01,44834.69,Closed Won
OP002271,L010201,2025-07-10,6835.15,Open
OP002272,L010205,2024-09-18,2821.11,Open
OP002273,L010210,2025-02-24,4936.04,Open
OP002274,L010220,2025-01-19,2516.79,Closed Won
OP002275,L010222,2025-04-06,279.27,Closed Won
OP002276,L010229,2024-08-12,7278.05,Closed Lost
OP002277,L010242,2024-05-07,792.58,Open
OP002278,L010245,2026-07-10,4006.95,Closed Won
OP002279,L010246,2025-02-11,2554.22,Closed Won
OP002280,L010250,2025-11-19,48275.8,Closed Won
OP002281,L010253,2025-11-24,2994.77,Closed Won
OP002282,L010254,2025-08-05,7118.01,Closed Won
OP002283,L010264,2025-08-02,23296.32,Closed Lost
OP002284,L010266,2025-09-24,804.91,Open
OP002285,L010270,2024-01-30,1475.29,Open
OP002286,L010272,2024-09-07,9712.06,Closed Won
OP002287,L010277,2024-07-14,683.94,Open
OP002288,L010279,2026-01-05,5473.33,Closed Lost
OP002289,L010281,2025-02-25,22636.48,Closed Won
OP002290,L010284,2026-04-22,1687.05,Closed Won
OP002291,L010297,2024-04-14,1059.16,Closed Lost
OP002292,L010300,2024-01-10,8904.06,Closed Lost
OP002293,L010301,2024-11-05,3956.93,Closed Won
OP002294,L010302,2026-05-08,3729.83,Closed Won
OP002295,L010317,2025-12-18,3033.25,Closed Won
OP002296,L010324,2024-07-23,2686.29,Closed Won
OP002297,L010325,2025-02-03,5005.62,Open
OP002298,L010327,2024-01-26,694.03,Open
OP002299,L010331,2024-10-17,1219.37,Closed Won
OP002300,L010335,2025-02-24,9914.28,Closed Lost
OP002301,L010337,2026-04-21,719.31,Closed Lost
OP002302,L010342,2024-03-16,5666.83,Closed Won
OP002303,L010349,2024-10-21,924.41,Closed Won
OP002304,L010350,2026-02-05,1504.91,Closed Won
OP002305,L010359,2024-01-18,1288.69,Closed Won
OP002306,L010371,2026-07-01,6832.92,Closed Won
OP002307,L010378,2024-03-11,5742.32,Closed Lost
OP002308,L010381,2025-06-27,665.12,Closed Won
OP002309,L010382,2025-07-16,3266.54,Closed Won
OP002310,L010388,2024-07-19,4773.75,Closed Lost
OP002311,L010389,2025-08-26,3212.95,Closed Won
OP002312,L010393,2024-05-13,7256.69,Closed Lost
OP002313,L010395,2024-08-23,8899.55,Closed Lost
OP002314,L010396,2025-01-08,5969.16,Closed Won
OP002315,L010397,2025-10-07,5942.74,Closed Lost
OP002316,L010401,2024-06-18,7859.57,Closed Lost
OP002317,L010405,2024-05-19,2408.0,Closed Won
OP002318,L010408,2025-07-06,14900.78,Open
OP002319,L010411,2026-07-28,901.47,Closed Won
OP002320,L010418,2024-03-27,5919.83,Closed Lost
OP002321,L010428,2025-06-25,2329.74,Closed Won
OP002322,L010431,2025-10-31,3234.59,Closed Won
OP002323,L010443,2024-06-09,1394.87,Closed Won
OP002324,L010451,2025-05-06,1601.39,Closed Won
OP002325,L010467,2025-12-21,2110.42,Closed Won
OP002326,L010474,2025-01-15,7178.31,Closed Lost
OP002327,L010479,2025-10-14,1772.04,Closed Lost
OP002328,L010480,2025-01-31,2545.31,Open
OP002329,L010482,2025-06-23,1788.44,Closed Lost
OP002330,L010485,2024-05-09,9290.47,Closed Won
OP002331,L010492,2025-08-06,3184.83,Closed Won
OP002332,L010493,2025-11-20,9510.77,Closed Won
OP002333,L010505,2024-06-28,1476.72,Open
OP002334,L010513,2025-03-14,6178.7,Closed Won
OP002335,L010518,2024-02-05,2708.72,Closed Won
OP002336,L010521,2026-02-21,2782.51,Closed Won
OP002337,L010522,2025-02-17,773.6,Closed Won
OP002338,L010524,2026-09-09,670.77,Closed Won
OP002339,L010531,2026-05-30,6049.39,Closed Won
OP002340,L010532,2024-07-22,1033.27,Closed Won
OP002341,L010534,2024-04-21,7780.47,Closed Won
OP002342,L010546,2025-01-12,3591.35,Closed Won
OP002343,L010548,2026-09-04,1138.77,Open
OP002344,L010550,2024-04-07,5540.04,Closed Won
OP002345,L010551,2025-05-25,1294.78,Closed Won
OP002346,L010555,2024-11-09,4456.66,Closed Won
OP002347,L010558,2024-02-13,250.0,Closed Won
OP002348,L010561,2026-05-25,3637.2,Closed Won
OP002349,L010564,2026-03-11,1425.03,Closed Won
OP002350,L010570,2024-10-10,6620.31,Closed Won
OP002351,L010572,2024-03-19,1794.67,Closed Lost
OP002352,L010575,2024-08-15,1985.97,Closed Won
OP002353,L010577,2024-12-02,10543.34,Open
OP002354,L010582,2025-11-25,3455.97,Closed Won
OP002355,L010584,2025-10-16,8621.28,Closed Won
OP002356,L010587,2024-12-29,5920.45,Open
OP002357,L010589,2026-03-05,7979.81,Open
OP002358,L010592,2024-11-25,2588.76,Open
OP002359,L010593,2024-11-22,2003.36,Open
OP002360,L010595,2026-08-15,3383.55,Closed Won
OP002361,L010600,2026-03-09,683.32,Closed Won
OP002362,L010607,2024-05-29,2394.11,Closed Lost
OP002363,L010611,2025-09-11,2798.25,Open
OP002364,L010612,2024-08-28,2768.67,Closed Won
OP002365,L010616,2025-03-22,2809.17,Closed Won
OP002366,L010626,2025-03-04,13376.52,Open
OP002367,L010636,2025-10-17,3996.5,Closed Won
OP002368,L010637,2026-09-12,7950.58,Closed Won
OP002369,L010641,2025-10-25,11671.23,Closed Won
OP002370,L010652,2025-06-03,1231.86,Closed Won
OP002371,L010655,2026-01-25,7068.77,Closed Won
OP002372,L010660,2025-04-18,3481.11,Closed Lost
OP002373,L010664,2025-08-26,1292.51,Closed Won
OP002374,L010669,2024-09-15,39709.24,Closed Won
OP002375,L010681,2026-08-16,5047.43,Open
OP002376,L010683,2024-03-31,1481.03,Closed Won
OP002377,L010685,2024-11-22,3400.8,Open
OP002378,L010686,2026-04-30,537.77,Open
OP002379,L010691,2025-07-15,858.41,Closed Won
OP002380,L010700,2025-02-07,7967.64,Open
OP002381,L010703,2024-03-26,6302.6,Closed Won
OP002382,L010704,2025-01-23,2346.06,Closed Lost
OP002383,L010708,2026-08-30,12763.84,Closed Won
OP002384,L010710,2024-09-28,9209.52,Closed Won
OP002385,L010712,2026-06-17,260.11,Closed Won
OP002386,L010714,2026-09-22,17918.34,Closed Lost
OP002387,L010717,2024-02-10,6142.68,Closed Won
OP002388,L010722,2026-01-24,815.55,Closed Won
OP002389,L010727,2025-06-18,511.88,Closed Lost
OP002390,L010728,2025-09-02,823.47,Closed Lost
OP002391,L010730,2026-07-05,9887.91,Closed Lost
OP002392,L010742,2025-02-16,705.12,Closed Won
OP002393,L010744,2025-07-17,5830.51,Closed Won
OP002394,L010750,2024-10-27,7037.56,Closed Won
OP002395,L010753,2025-11-10,3730.83,Closed Won
OP002396,L010754,2024-06-13,4368.85,Open
OP002397,L010755,2025-11-14,1149.95,Open
OP002398,L010757,2024-06-17,738.37,Closed Won
OP002399,L010759,2026-03-30,5862.73,Open
OP002400,L010765,2025-06-15,13139.97,Open
OP002401,L010768,2026-08-21,1856.98,Open
OP002402,L010769,2025-03-19,512.84,Closed Won
OP002403,L010778,2025-08-11,1280.71,Closed Lost
OP002404,L010782,2025-08-20,1143.85,Closed Won
OP002405,L010799,2026-08-05,2568.44,Closed Won
OP002406,L010804,2026-08-09,3421.51,Closed Won
OP002407,L010805,2025-11-09,1352.86,Closed Won
OP002408,L010807,2026-05-01,2986.75,Closed Lost
OP002409,L010809,2024-05-17,3481.96,Closed Won
OP002410,L010811,2026-04-04,576.35,Closed Lost
OP002411,L010814,2025-06-20,7281.8,Closed Won
OP002412,L010817,2025-09-01,6499.18,Closed Won
OP002413,L010819,2026-03-03,3401.64,Open
OP002414,L010824,2025-12-17,605.03,Closed Won
OP002415,L010835,2024-06-07,2283.97,Closed Won
OP002416,L010837,2026-06-01,2194.51,Closed Won
OP002417,L010838,2026-03-21,19071.21,Closed Won
OP002418,L010841,2026-02-21,1392.27,Closed Won
OP002419,L010843,2026-09-28,2482.54,Closed Won
OP002420,L010860,2025-12-12,5012.78,Closed Won
OP002421,L010864,2026-05-10,8684.52,Open
OP002422,L010865,2024-08-10,5316.6,Closed Won
OP002423,L010866,2025-03-04,2107.86,Closed Won
OP002424,L010873,2026-02-01,847.79,Open
OP002425,L010880,2024-04-13,9390.08,Closed Won
OP002426,L010883,2025-03-09,8425.4,Open
OP002427,L010885,2025-02-09,4162.16,Closed Won
OP002428,L010886,2025-10-09,601.53,Closed Lost
OP002429,L010887,2025-01-13,15699.78,Closed Won
OP002430,L010889,2025-03-29,1629.52,Closed Won
OP002431,L010891,2026-06-06,2040.17,Closed Won
OP002432,L010899,2025-10-12,419.2,Closed Won
OP002433,L010907,2024-07-15,2438.02,Open
OP002434,L010912,2026-08-12,3913.66,Closed Won
OP002435,L010915,2026-10-02,4157.6,Closed Won
OP002436,L010921,2025-11-16,1573.86,Closed Lost
OP002437,L010924,2024-03-14,2269.92,Closed Lost
OP002438,L010939,2024-03-21,2068.9,Closed Won
OP002439,L010944,2026-04-24,3267.68,Closed Won
OP002440,L010950,2024-03-24,872.45,Open
OP002441,L010952,2026-07-15,1141.17,Closed Lost
OP002442,L010953,2026-08-15,2674.43,Open
OP002443,L010955,2024-03-11,5788.39,Closed Won
OP002444,L010966,2024-10-19,11121.0,Closed Won
OP002445,L010968,2024-08-10,1526.18,Closed Won
OP002446,L010979,2025-07-21,3137.56,Closed Won
OP002447,L010980,2025-03-25,23919.58,Closed Lost
OP002448,L010981,2025-03-16,2650.92,Closed Won
OP002449,L010986,2026-03-19,9361.24,Open
OP002450,L010989,2026-01-07,1278.53,Open
OP002451,L010992,2025-03-31,10309.13,Closed Won
OP002452,L010995,2026-07-23,18124.37,Closed Won
OP002453,L011004,2025-11-11,13023.11,Closed Lost
OP002454,L011010,2026-09-11,3706.25,Closed Won
OP002455,L011015,2024-03-03,6456.1,Closed Won
OP002456,L011020,2025-02-17,3507.85,Open
OP002457,L011041,2026-03-04,340.53,Closed Lost
OP002458,L011052,2024-08-17,1502.6,Open
OP002459,L011055,2024-03-12,7093.41,Closed Lost
OP002460,L011063,2025-03-18,15128.11,Closed Won
OP002461,L011064,2025-08-10,1268.07,Closed Lost
OP002462,L011067,2026-09-07,847.34,Closed Lost
OP002463,L011069,2024-04-22,725.48,Closed Won
OP002464,L011071,2024-06-07,3032.16,Closed Won
OP002465,L011074,2026-07-24,1809.45,Closed Won
OP002466,L011078,2024-08-09,756.87,Closed Won
OP002467,L011082,2024-09-05,15491.98,Closed Won
OP002468,L011084,2026-08-11,8033.78,Closed Won
OP002469,L011096,2024-07-10,1801.08,Closed Won
OP002470,L011098,2024-06-28,9026.9,Closed Won
OP002471,L011099,2024-03-23,58789.13,Closed Lost
OP002472,L011100,2024-04-24,1616.13,Open
OP002473,L011101,2024-02-28,2008.24,Open
OP002474,L011103,2025-01-03,414.01,Closed Won
OP002475,L011108,2024-08-04,616.5,Closed Won
OP002476,L011134,2026-07-31,4451.97,Open
OP002477,L011136,2025-03-28,3016.2,Closed Won
OP002478,L011139,2025-12-25,1122.39,Closed Won
OP002479,L011150,2026-01-27,3062.89,Closed Won
OP002480,L011151,2026-05-04,3110.32,Open
OP002481,L011152,2026-04-29,14057.39,Closed Lost
OP002482,L011155,2025-12-22,2711.47,Closed Won
OP002483,L011164,2025-07-12,7126.24,Closed Won
OP002484,L011166,2025-08-23,1424.82,Closed Lost
OP002485,L011167,2025-02-27,1438.41,Open
OP002486,L011171,2026-04-02,8071.39,Closed Lost
OP002487,L011173,2024-02-06,4023.25,Open
OP002488,L011174,2025-11-02,5396.98,Closed Won
OP002489,L011181,2026-04-29,3658.11,Closed Won
OP002490,L011183,2024-11-12,15573.06,Open
OP002491,L011186,2026-05-13,4940.08,Open
OP002492,L011189,2024-05-27,9074.97,Closed Won
OP002493,L011191,2025-10-12,4517.56,Closed Won
OP002494,L011192,2025-07-11,1644.83,Closed Lost
OP002495,L011196,2025-09-28,3161.79,Closed Lost
OP002496,L011199,2024-08-06,5593.06,Open
OP002497,L011202,2025-07-29,1445.44,Closed Lost
OP002498,L011215,2024-12-11,2030.51,Closed Won
OP002499,L011218,2026-04-01,1245.63,Closed Won
OP002500,L011220,2024-08-11,9141.97,Closed Won
OP002501,L011222,2024-03-16,2401.66,Closed Won
OP002502,L011232,2025-06-09,491.29,Closed Lost
OP002503,L011235,2025-01-17,2461.38,Closed Won
OP002504,L011245,2025-12-16,638.16,Closed Won
OP002505,L011249,2026-02-11,318.85,Open
OP002506,L011250,2026-01-16,7565.92,Closed Won
OP002507,L011252,2026-03-03,5595.0,Closed Won
OP002508,L011255,2026-03-31,7711.04,Closed Won
OP002509,L011256,2024-03-09,2169.12,Closed Lost
OP002510,L011257,2025-12-01,3057.52,Open
OP002511,L011270,2026-06-29,6007.17,Closed Won
OP002512,L011272,2024-10-20,3198.53,Closed Won
OP002513,L011282,2026-03-06,1587.1,Closed Lost
OP002514,L011283,2025-02-23,3243.8,Closed Won
OP002515,L011287,2025-04-27,8649.23,Open
OP002516,L011289,2025-10-31,4692.63,Open
OP002517,L011296,2026-05-19,3696.3,Closed Won
OP002518,L011297,2026-03-12,635.94,Closed Won
OP002519,L011300,2024-06-19,31209.65,Closed Won
OP002520,L011303,2026-01-02,4515.28,Closed Won
OP002521,L011307,2025-06-28,5934.86,Closed Won
OP002522,L011311,2024-05-19,4697.24,Closed Won
OP002523,L011313,2026-05-19,4127.2,Closed Won
OP002524,L011316,2026-08-05,1338.48,Open
OP002525,L011317,2026-05-05,9072.23,Closed Lost
OP002526,L011318,2025-03-06,6677.65,Open
OP002527,L011324,2024-08-25,2664.91,Closed Lost
OP002528,L011327,2025-03-19,2965.31,Closed Won
OP002529,L011329,2024-03-20,2652.79,Closed Won
OP002530,L011331,2024-09-21,14811.7,Closed Won
OP002531,L011339,2026-08-01,2276.62,Closed Won
OP002532,L011348,2025-02-07,6795.05,Closed Lost
OP002533,L011350,2025-11-21,1275.49,Closed Won
OP002534,L011354,2025-11-07,4650.15,Closed Won
OP002535,L011359,2024-11-19,737.41,Open
OP002536,L011360,2024-02-03,2167.51,Closed Won
OP002537,L011361,2024-02-20,4288.2,Closed Lost
OP002538,L011365,2024-09-09,3516.8,Closed Won
OP002539,L011367,2024-06-10,2666.89,Closed Won
OP002540,L011371,2026-02-24,1771.14,Closed Won
OP002541,L011372,2026-04-13,8514.78,Closed Won
OP002542,L011374,2025-08-09,14187.69,Closed Lost
OP002543,L011376,2026-04-27,1631.91,Closed Lost
OP002544,L011383,2024-08-01,5071.87,Closed Lost
OP002545,L011384,2024-09-25,5094.78,Closed Won
OP002546,L011385,2026-07-06,21054.57,Closed Won
OP002547,L011398,2025-11-27,11438.53,Closed Lost
OP002548,L011408,2026-09-10,1910.6,Open
OP002549,L011411,2025-08-01,8840.7,Closed Lost
OP002550,L011413,2026-02-13,1185.24,Closed Lost
OP002551,L011417,2026-06-16,6293.94,Closed Lost
OP002552,L011423,2024-05-11,2682.68,Closed Lost
OP002553,L011425,2026-02-03,1239.44,Closed Lost
OP002554,L011427,2025-11-02,2271.3,Closed Lost
OP002555,L011429,2026-08-25,3963.91,Closed Won
OP002556,L011433,2026-01-12,34014.52,Closed Won
OP002557,L011435,2026-05-23,8167.91,Closed Lost
OP002558,L011442,2024-07-10,13965.57,Closed Lost
OP002559,L011445,2025-04-08,2309.76,Closed Lost
OP002560,L011446,2025-11-24,3530.88,Closed Lost
OP002561,L011447,2024-10-29,6588.57,Open
OP002562,L011450,2026-01-25,1651.93,Closed Won
OP002563,L011454,2025-10-02,1462.2,Closed Won
OP002564,L011456,2024-04-19,2515.5,Open
OP002565,L011465,2025-11-08,4501.1,Closed Won
OP002566,L011466,2025-05-06,2247.18,Closed Won
OP002567,L011474,2024-09-07,4403.6,Closed Lost
OP002568,L011476,2026-03-23,821.92,Closed Won
OP002569,L011480,2024-01-19,528.94,Closed Lost
OP002570,L011485,2026-04-23,1800.11,Closed Won
OP002571,L011491,2025-08-15,8203.58,Closed Won
OP002572,L011498,2026-04-18,2169.6,Open
OP002573,L011501,2026-04-21,2077.98,Closed Lost
OP002574,L011502,2026-04-16,5236.54,Open
OP002575,L011507,2026-03-21,5180.3,Closed Won
OP002576,L011508,2025-06-22,6112.4,Closed Won
OP002577,L011511,2025-10-14,18889.66,Closed Lost
OP002578,L011513,2026-07-03,3066.92,Closed Won
OP002579,L011517,2024-05-24,7044.54,Closed Lost
OP002580,L011518,2024-03-08,2688.85,Closed Lost
OP002581,L011525,2024-05-17,9035.78,Open
OP002582,L011526,2024-10-02,1114.13,Closed Won
OP002583,L011528,2026-07-11,2768.25,Open
OP002584,L011531,2025-08-22,5834.74,Closed Won
OP002585,L011536,2026-06-11,7828.21,Closed Won
OP002586,L011549,2024-04-23,1144.61,Closed Won
OP002587,L011566,2025-11-03,7516.07,Closed Won
OP002588,L011571,2025-08-11,2123.95,Closed Won
OP002589,L011572,2025-05-04,2415.17,Closed Won
OP002590,L011580,2025-10-23,14187.12,Open
OP002591,L011582,2026-04-21,693.74,Closed Won
OP002592,L011588,2025-05-06,10544.59,Closed Won
OP002593,L011589,2025-08-31,7456.13,Closed Lost
OP002594,L011595,2024-02-22,3277.13,Closed Won
OP002595,L011604,2024-08-27,258.21,Closed Won
OP002596,L011614,2024-11-25,4642.28,Closed Won
OP002597,L011616,2024-06-30,2169.25,Closed Won
OP002598,L011618,2025-07-01,1506.29,Closed Won
OP002599,L011625,2024-10-14,1508.05,Closed Won
OP002600,L011630,2024-11-18,3935.02,Open
OP002601,L011637,2024-03-27,2282.66,Closed Won
OP002602,L011644,2024-09-20,302.86,Closed Won
OP002603,L011650,2026-08-17,2340.69,Closed Won
OP002604,L011654,2024-12-16,2254.96,Closed Won
OP002605,L011660,2026-08-30,446.07,Open
OP002606,L011661,2024-09-02,1119.93,Closed Won
OP002607,L011671,2025-03-16,693.18,Closed Won
OP002608,L011679,2025-01-09,1341.16,Closed Won
OP002609,L011682,2024-09-21,5656.4,Closed Won
OP002610,L011689,2025-02-18,831.31,Open
OP002611,L011693,2024-11-18,5271.47,Open
OP002612,L011695,2025-01-18,1187.37,Closed Won
OP002613,L011698,2025-01-09,19887.97,Closed Won
OP002614,L011700,2026-01-14,707.61,Open
OP002615,L011701,2024-10-24,2508.18,Closed Lost
OP002616,L011703,2025-11-30,13446.5,Closed Lost
OP002617,L011713,2025-12-30,8294.89,Closed Won
OP002618,L011718,2024-06-03,2148.6,Closed Won
OP002619,L011720,2025-04-30,7323.57,Open
OP002620,L011724,2025-08-17,950.06,Open
OP002621,L011725,2024-07-17,1623.4,Closed Won
OP002622,L011733,2024-11-01,12258.73,Closed Lost
OP002623,L011734,2026-04-20,27144.01,Closed Won
OP002624,L011743,2025-04-11,987.96,Closed Won
OP002625,L011745,2026-01-19,1880.07,Closed Won
OP002626,L011747,2024-03-09,2697.61,Closed Lost
OP002627,L011748,2025-02-20,3329.98,Closed Won
OP002628,L011768,2026-04-02,13576.66,Closed Won
OP002629,L011773,2026-09-09,714.78,Closed Won
OP002630,L011776,2024-03-23,5558.1,Closed Won
OP002631,L011778,2024-03-20,21772.78,Open
OP002632,L011782,2024-11-22,1603.35,Closed Won
OP002633,L011784,2025-10-26,8644.73,Closed Lost
OP002634,L011801,2024-04-13,3394.91,Open
OP002635,L011808,2024-07-21,7913.48,Closed Won
OP002636,L011809,2025-07-15,23228.03,Closed Won
OP002637,L011811,2026-07-03,307.97,Closed Lost
OP002638,L011818,2024-02-17,518.21,Closed Won
OP002639,L011819,2026-06-07,31942.74,Closed Lost
OP002640,L011821,2025-05-09,9392.43,Closed Won
OP002641,L011822,2024-11-08,3808.86,Closed Lost
OP002642,L011823,2025-01-16,4656.05,Open
OP002643,L011831,2026-03-10,7702.86,Closed Won
OP002644,L011832,2025-06-26,3447.03,Open
OP002645,L011835,2024-02-29,4899.28,Closed Won
OP002646,L011837,2025-07-02,2101.35,Closed Lost
OP002647,L011839,2025-11-05,1056.39,Closed Won
OP002648,L011841,2025-08-26,8724.18,Closed Lost
OP002649,L011847,2025-01-21,2418.72,Closed Won
OP002650,L011849,2024-02-16,3942.09,Closed Won
OP002651,L011851,2025-01-30,11826.23,Closed Lost
OP002652,L011854,2026-02-09,34168.88,Closed Lost
OP002653,L011858,2026-05-24,1962.46,Closed Lost
OP002654,L011861,2026-05-11,24881.89,Closed Won
OP002655,L011864,2025-01-22,345.03,Closed Won
OP002656,L011871,2024-05-03,1552.39,Open
OP002657,L011874,2026-05-17,3045.73,Closed Lost
OP002658,L011878,2024-02-18,11658.47,Closed Won
OP002659,L011879,2025-06-01,2190.5,Open
OP002660,L011881,2024-03-02,6152.17,Closed Won
OP002661,L011897,2024-07-18,1185.16,Closed Lost
OP002662,L011898,2025-05-07,5106.85,Closed Won
OP002663,L011900,2024-10-07,17630.26,Open
OP002664,L011906,2025-06-20,2380.91,Closed Won
OP002665,L011908,2025-01-29,3025.7,Closed Lost
OP002666,L011910,2026-08-17,24869.25,Closed Won
OP002667,L011913,2024-05-31,897.4,Closed Won
OP002668,L011915,2026-03-13,776.84,Open
OP002669,L011922,2024-04-03,1693.57,Closed Won
OP002670,L011925,2026-05-02,413.21,Closed Lost
OP002671,L011929,2024-10-18,1635.04,Open
OP002672,L011932,2024-10-19,20328.55,Closed Won
OP002673,L011940,2024-06-27,1406.09,Open
OP002674,L011959,2026-04-10,6059.97,Open
OP002675,L011964,2025-02-01,3002.09,Closed Won
OP002676,L011970,2025-05-28,2088.9,Closed Won
OP002677,L011971,2026-08-18,11695.51,Closed Won
OP002678,L011972,2026-03-25,2374.26,Closed Lost
OP002679,L011974,2026-01-26,2431.2,Closed Won
OP002680,L011976,2025-04-13,1778.19,Closed Won
OP002681,L011978,2025-10-05,675.44,Closed Won
OP002682,L011979,2026-01-29,4412.83,Closed Won
OP002683,L011980,2024-09-11,3592.8,Closed Won
OP002684,L011982,2024-09-21,3736.45,Closed Won
OP002685,L011984,2026-03-19,4586.4,Closed Won
OP002686,L011985,2025-07-08,610.83,Closed Won
OP002687,L011990,2024-10-25,3644.95,Open
OP002688,L011991,2025-08-02,2159.15,Closed Won
OP002689,L011997,2026-08-31,998.27,Closed Won
OP002690,L011998,2026-08-16,2289.48,Closed Won
OP002691,L012003,2026-05-22,1172.49,Closed Lost
OP002692,L012006,2026-01-13,7907.55,Closed Won
OP002693,L012011,2025-03-29,905.28,Open
OP002694,L012020,2025-08-28,686.6,Open
OP002695,L012030,2025-10-02,3277.8,Closed Won
OP002696,L012033,2026-06-29,1475.95,Open
OP002697,L012041,2024-02-16,1456.49,Closed Lost
OP002698,L012042,2026-06-17,922.63,Closed Won
OP002699,L012043,2024-04-09,5842.94,Closed Won
OP002700,L012057,2024-09-01,1559.75,Closed Won
OP002701,L012065,2025-03-31,2369.99,Closed Won
OP002702,L012066,2025-06-13,2273.38,Closed Won
OP002703,L012073,2024-09-05,1374.91,Closed Won
OP002704,L012074,2026-08-03,1341.54,Closed Won
OP002705,L012089,2026-07-01,1750.09,Closed Won
OP002706,L012109,2024-03-14,3315.0,Closed Won
OP002707,L012110,2026-01-28,48477.52,Closed Won
OP002708,L012124,2025-11-11,6389.88,Open
OP002709,L012131,2024-03-07,347.62,Closed Lost
OP002710,L012132,2025-07-23,4385.78,Closed Won
OP002711,L012133,2025-11-03,4333.72,Open
OP002712,L012134,2024-08-05,5995.3,Closed Won
OP002713,L012138,2026-02-06,634.82,Closed Lost
OP002714,L012139,2025-06-04,11335.63,Open
OP002715,L012141,2026-08-30,2027.03,Closed Lost
OP002716,L012145,2026-08-30,4502.59,Closed Lost
OP002717,L012146,2025-04-27,438.2,Closed Won
OP002718,L012159,2025-11-07,3593.13,Closed Lost
OP002719,L012171,2025-05-31,17993.81,Closed Won
OP002720,L012176,2026-07-07,1141.44,Closed Won
OP002721,L012187,2025-05-29,1292.43,Closed Won
OP002722,L012190,2026-04-05,5606.09,Closed Won
OP002723,L012200,2026-06-23,15891.45,Closed Won
OP002724,L012203,2026-08-23,725.31,Closed Won
OP002725,L012205,2026-02-26,1672.96,Closed Won
OP002726,L012209,2024-05-15,990.0,Closed Won
OP002727,L012212,2024-11-17,25174.13,Closed Won
OP002728,L012213,2024-04-14,1646.74,Closed Won
OP002729,L012216,2024-05-10,530.81,Closed Won
OP002730,L012218,2024-01-31,18701.1,Open
OP002731,L012219,2025-02-17,3489.91,Closed Won
OP002732,L012230,2026-03-10,11518.94,Closed Won
OP002733,L012232,2024-04-23,4421.03,Closed Won
OP002734,L012235,2024-10-10,9168.67,Closed Won
OP002735,L012236,2024-10-19,4895.63,Open
OP002736,L012240,2026-02-20,1871.38,Closed Won
OP002737,L012254,2025-01-12,2995.4,Closed Lost
OP002738,L012258,2026-05-06,6120.87,Open
OP002739,L012259,2025-12-19,749.63,Closed Won
OP002740,L012262,2025-06-15,2504.16,Closed Won
OP002741,L012266,2026-02-24,22866.72,Closed Won
OP002742,L012267,2026-09-03,2006.2,Closed Lost
OP002743,L012271,2025-12-30,7694.74,Open
OP002744,L012284,2025-09-17,5526.61,Closed Won
OP002745,L012289,2025-12-23,3575.74,Closed Lost
OP002746,L012290,2025-12-23,8018.37,Open
OP002747,L012292,2024-04-01,1957.8,Open
OP002748,L012294,2025-09-18,7534.47,Closed Won
OP002749,L012295,2024-02-04,648.98,Closed Lost
OP002750,L012297,2025-05-09,3841.31,Closed Won
OP002751,L012298,2024-04-03,1174.23,Closed Lost
OP002752,L012299,2026-04-05,7152.8,Closed Won
OP002753,L012301,2024-04-03,3229.97,Closed Won
OP002754,L012316,2025-06-29,12848.47,Closed Won
OP002755,L012324,2025-05-26,1119.81,Closed Won
OP002756,L012325,2024-09-21,14191.41,Closed Won
OP002757,L012332,2025-11-24,14461.43,Open
OP002758,L012333,2025-05-05,4205.88,Open
OP002759,L012335,2025-06-21,477.32,Closed Won
OP002760,L012342,2026-03-21,939.86,Closed Won
OP002761,L012343,2024-09-23,8591.88,Closed Won
OP002762,L012348,2026-07-23,8495.61,Closed Won
OP002763,L012351,2025-11-10,8650.31,Open
OP002764,L012352,2026-07-20,4114.56,Closed Lost
OP002765,L012356,2025-12-20,5867.92,Open
OP002766,L012357,2024-02-02,1991.36,Closed Won
OP002767,L012364,2026-05-19,4675.47,Open
OP002768,L012365,2024-02-06,3731.81,Closed Won
OP002769,L012373,2026-03-23,2634.74,Closed Won
OP002770,L012375,2024-12-02,15684.72,Closed Won
OP002771,L012382,2024-10-04,7286.18,Closed Won
OP002772,L012391,2024-09-21,2845.14,Open
OP002773,L012398,2026-07-05,9255.59,Closed Won
OP002774,L012409,2026-03-29,4300.21,Closed Won
OP002775,L012412,2025-02-21,4548.63,Open
OP002776,L012414,2026-01-29,264.89,Closed Lost
OP002777,L012415,2025-09-28,3460.8,Closed Won
OP002778,L012416,2025-08-15,1926.98,Closed Won
OP002779,L012436,2026-01-30,479.69,Closed Won
OP002780,L012437,2024-04-02,1938.04,Open
OP002781,L012438,2025-06-04,841.03,Closed Won
OP002782,L012439,2024-06-02,3036.74,Closed Won
OP002783,L012444,2024-12-07,4392.3,Open
OP002784,L012458,2025-08-12,97686.59,Closed Lost
OP002785,L012460,2025-12-03,2609.68,Closed Won
OP002786,L012463,2025-11-17,795.84,Closed Lost
OP002787,L012467,2024-01-22,6343.6,Closed Won
OP002788,L012477,2026-02-18,3454.96,Open
OP002789,L012480,2024-03-15,4484.32,Closed Lost
OP002790,L012486,2025-04-06,1160.72,Closed Won
OP002791,L012492,2026-09-26,1828.51,Closed Won
OP002792,L012496,2026-01-17,252.27,Closed Won
OP002793,L012500,2025-07-22,3492.38,Closed Lost
OP002794,L012506,2025-09-29,2671.14,Closed Won
OP002795,L012511,2025-07-14,2759.33,Closed Won
OP002796,L012514,2026-07-03,10556.35,Closed Won
OP002797,L012516,2024-09-17,1600.59,Open
OP002798,L012520,2025-04-13,372.42,Closed Lost
OP002799,L012522,2024-09-11,17825.53,Closed Lost
OP002800,L012524,2025-09-07,8453.43,Open
OP002801,L012533,2024-11-27,1337.92,Closed Won
OP002802,L012537,2025-09-07,5417.85,Closed Won
OP002803,L012539,2026-09-26,603.49,Closed Won
OP002804,L012552,2024-09-02,6936.8,Closed Won
OP002805,L012561,2026-09-12,13081.15,Closed Won
OP002806,L012564,2025-02-08,474.34,Closed Won
OP002807,L012566,2025-07-04,12078.47,Closed Won
OP002808,L012567,2026-06-28,4233.74,Open
OP002809,L012581,2024-06-25,17726.08,Closed Won
OP002810,L012592,2024-04-27,3153.89,Closed Lost
OP002811,L012593,2024-05-26,4582.52,Open
OP002812,L012601,2025-02-17,15214.21,Closed Won
OP002813,L012605,2026-03-07,5207.05,Closed Won
OP002814,L012607,2026-02-23,250.0,Closed Won
OP002815,L012613,2025-06-24,2633.08,Closed Won
OP002816,L012614,2025-10-12,2015.93,Open
OP002817,L012625,2026-03-30,3021.37,Closed Won
OP002818,L012629,2025-06-11,6969.55,Open
OP002819,L012632,2026-06-24,2138.91,Closed Won
OP002820,L012633,2026-07-28,1744.99,Closed Won
OP002821,L012637,2024-06-17,459.89,Closed Won
OP002822,L012639,2025-03-06,2651.17,Closed Won
OP002823,L012641,2025-10-06,5713.69,Closed Won
OP002824,L012642,2024-03-25,7402.76,Closed Won
OP002825,L012647,2025-03-01,436.62,Open
OP002826,L012648,2024-03-23,2045.74,Closed Lost
OP002827,L012656,2024-10-12,12704.26,Closed Won
OP002828,L012665,2026-03-13,3636.81,Closed Lost
OP002829,L012667,2026-03-17,4019.36,Closed Won
OP002830,L012669,2024-12-28,552.39,Closed Won
OP002831,L012673,2024-10-12,778.36,Closed Won
OP002832,L012675,2025-07-17,5573.26,Closed Won
OP002833,L012681,2025-12-01,5284.11,Closed Won
OP002834,L012682,2024-03-04,27946.16,Closed Won
OP002835,L012687,2025-09-05,5945.5,Open
OP002836,L012688,2026-04-25,5298.09,Closed Won
OP002837,L012697,2024-05-27,2167.83,Closed Lost
OP002838,L012700,2024-12-24,18071.47,Closed Lost
OP002839,L012703,2025-09-05,1603.22,Open
OP002840,L012715,2025-10-26,418.04,Closed Won
OP002841,L012717,2025-09-19,3575.01,Closed Won
OP002842,L012718,2024-04-12,2620.11,Open
OP002843,L012727,2025-12-16,4501.47,Closed Won
OP002844,L012728,2025-05-22,6942.8,Closed Lost
OP002845,L012730,2026-06-21,395.84,Closed Won
OP002846,L012733,2024-08-06,2921.18,Closed Won
OP002847,L012737,2026-01-28,2569.01,Closed Won
OP002848,L012738,2025-07-06,5356.03,Open
OP002849,L012742,2024-04-03,649.1,Closed Won
OP002850,L012744,2025-05-11,10048.67,Open
OP002851,L012748,2025-11-12,2813.23,Closed Won
OP002852,L012758,2026-05-29,3764.19,Open
OP002853,L012764,2025-04-20,1585.94,Closed Won
OP002854,L012774,2024-04-18,1101.05,Closed Won
OP002855,L012778,2025-06-25,5930.18,Closed Won
OP002856,L012779,2024-06-08,10901.43,Closed Won
OP002857,L012780,2024-02-18,1280.11,Closed Lost
OP002858,L012783,2025-07-24,877.84,Closed Won
OP002859,L012786,2024-12-28,1840.21,Closed Won
OP002860,L012787,2025-10-06,634.78,Closed Lost
OP002861,L012794,2024-04-22,2587.15,Closed Won
OP002862,L012800,2024-02-05,2665.35,Closed Lost
OP002863,L012804,2025-08-02,3698.19,Closed Won
OP002864,L012810,2025-06-25,5473.55,Open
OP002865,L012819,2025-01-18,1011.87,Closed Won
OP002866,L012829,2025-10-17,1530.98,Closed Lost
OP002867,L012833,2025-09-05,1603.67,Closed Won
OP002868,L012836,2024-05-16,1999.62,Closed Won
OP002869,L012838,2026-07-02,11480.57,Closed Lost
OP002870,L012840,2024-03-24,3509.62,Closed Won
OP002871,L012842,2025-02-17,1273.17,Closed Won
OP002872,L012843,2025-05-20,6161.29,Closed Won
OP002873,L012845,2025-03-09,2267.8,Closed Won
OP002874,L012846,2024-09-04,23448.92,Closed Lost
OP002875,L012851,2024-10-29,1371.95,Closed Won
OP002876,L012852,2024-10-08,1656.27,Closed Won
OP002877,L012854,2025-10-09,8340.46,Closed Lost
OP002878,L012862,2026-05-02,1715.4,Closed Won
OP002879,L012865,2025-08-28,2673.26,Closed Won
OP002880,L012868,2026-09-02,1945.97,Closed Won
OP002881,L012870,2026-01-19,7067.93,Open
OP002882,L012873,2025-12-24,10427.99,Closed Won
OP002883,L012874,2024-05-03,1461.95,Closed Won
OP002884,L012875,2025-09-19,19108.99,Closed Won
OP002885,L012876,2024-07-16,2168.06,Closed Won
OP002886,L012880,2025-05-10,3124.39,Closed Won
OP002887,L012888,2024-11-11,2935.78,Closed Won
OP002888,L012894,2024-04-14,1176.98,Closed Won
OP002889,L012895,2025-03-09,15369.45,Closed Won
OP002890,L012897,2025-07-09,2660.86,Closed Won
OP002891,L012902,2025-03-23,13315.64,Closed Won
OP002892,L012904,2025-12-03,4268.56,Closed Won
OP002893,L012907,2024-11-22,4009.52,Closed Won
OP002894,L012908,2025-12-13,5343.09,Closed Lost
OP002895,L012910,2025-08-26,4726.6,Open
OP002896,L012916,2024-02-12,3338.48,Closed Won
OP002897,L012924,2025-04-28,4747.6,Closed Lost
OP002898,L012925,2024-06-20,4326.43,Closed Won
OP002899,L012927,2026-01-04,3120.38,Closed Won
OP002900,L012928,2026-04-12,755.29,Closed Won
OP002901,L012930,2024-12-03,4001.32,Closed Lost
OP002902,L012931,2024-03-11,800.69,Closed Won
OP002903,L012933,2024-02-16,20589.31,Closed Won
OP002904,L012939,2024-07-05,9151.3,Open
OP002905,L012941,2025-02-05,1102.44,Closed Won
OP002906,L012946,2026-09-28,10677.78,Closed Lost
OP002907,L012951,2024-11-14,1456.73,Closed Won
OP002908,L012963,2025-10-04,1586.76,Closed Won
OP002909,L012971,2026-09-24,9403.15,Open
OP002910,L012974,2026-07-10,398.78,Open
OP002911,L012977,2024-07-30,6162.52,Closed Won
OP002912,L012989,2026-05-02,6661.58,Closed Lost
OP002913,L012991,2025-01-11,1494.62,Closed Won
OP002914,L013003,2026-02-28,3426.62,Closed Won
OP002915,L013004,2024-02-26,8091.27,Closed Won
OP002916,L013009,2024-05-25,679.22,Closed Won
OP002917,L013016,2026-04-19,4712.7,Open
OP002918,L013017,2024-12-06,1241.67,Closed Won
OP002919,L013021,2025-10-23,3786.54,Open
OP002920,L013025,2026-01-04,8155.5,Closed Lost
OP002921,L013026,2025-09-12,2362.73,Closed Won
OP002922,L013028,2025-03-16,5485.72,Closed Lost
OP002923,L013035,2024-07-04,4082.13,Open
OP002924,L013037,2026-09-12,5173.0,Closed Lost
OP002925,L013046,2025-02-17,481.66,Closed Won
OP002926,L013049,2024-04-30,1507.34,Closed Won
OP002927,L013052,2025-06-02,2838.63,Closed Lost
OP002928,L013053,2025-10-09,2780.33,Closed Won
OP002929,L013054,2025-04-27,2445.96,Closed Won
OP002930,L013062,2025-03-13,5071.2,Open
OP002931,L013066,2024-07-17,968.61,Closed Won
OP002932,L013069,2026-01-23,3262.24,Closed Won
OP002933,L013072,2024-07-21,790.83,Open
OP002934,L013075,2024-06-19,5326.28,Closed Won
OP002935,L013080,2024-07-04,3063.71,Closed Lost
OP002936,L013087,2025-04-16,987.5,Closed Won
OP002937,L013094,2026-09-09,12798.93,Open
OP002938,L013095,2025-01-03,3140.53,Open
OP002939,L013096,2024-09-07,21388.23,Closed Won
OP002940,L013098,2024-02-29,3416.0,Closed Won
OP002941,L013109,2024-11-03,3457.62,Open
OP002942,L013118,2026-08-31,3817.38,Closed Lost
OP002943,L013119,2025-05-23,2660.87,Closed Lost
OP002944,L013128,2024-07-29,1683.09,Closed Won
OP002945,L013133,2024-08-24,867.4,Closed Won
OP002946,L013134,2026-08-31,3786.86,Open
OP002947,L013145,2025-07-05,2632.86,Closed Lost
OP002948,L013150,2025-02-06,1931.03,Closed Won
OP002949,L013155,2025-10-12,597.69,Closed Won
OP002950,L013156,2025-11-05,7450.84,Open
OP002951,L013159,2024-08-30,6060.06,Closed Won
OP002952,L013161,2024-02-28,2610.33,Open
OP002953,L013165,2025-05-08,3162.73,Closed Lost
OP002954,L013167,2024-08-20,6259.27,Open
OP002955,L013168,2025-11-24,6330.98,Closed Won
OP002956,L013173,2025-03-23,2290.68,Open
OP002957,L013180,2024-01-31,4257.96,Closed Won
OP002958,L013184,2026-04-25,1887.08,Closed Won
OP002959,L013187,2025-12-19,1398.83,Open
OP002960,L013194,2025-11-16,294.84,Closed Won
OP002961,L013195,2024-12-29,824.45,Closed Lost
OP002962,L013197,2026-02-09,1702.33,Closed Won
OP002963,L013200,2026-08-16,6593.07,Closed Lost
OP002964,L013208,2024-08-16,7716.81,Closed Won
OP002965,L013209,2024-02-14,4858.99,Closed Won
OP002966,L013219,2025-08-31,685.03,Closed Lost
OP002967,L013223,2026-04-12,7794.86,Closed Won
OP002968,L013226,2025-10-15,6440.38,Closed Won
OP002969,L013227,2025-01-16,1274.71,Closed Lost
OP002970,L013231,2024-01-13,9106.12,Closed Won
OP002971,L013237,2026-07-31,2403.59,Closed Won
OP002972,L013238,2025-05-01,2206.66,Closed Lost
OP002973,L013240,2024-01-26,5638.16,Closed Lost
OP002974,L013241,2025-03-07,250.0,Closed Won
OP002975,L013249,2024-10-24,614.46,Closed Won
OP002976,L013257,2024-07-08,252.83,Closed Won
OP002977,L013261,2024-03-10,730.37,Closed Lost
OP002978,L013263,2024-02-11,5071.61,Closed Won
OP002979,L013269,2026-03-03,24490.82,Open
OP002980,L013271,2025-10-12,3240.1,Closed Won
OP002981,L013280,2025-10-21,4943.04,Closed Won
OP002982,L013282,2024-09-12,1170.11,Closed Lost
OP002983,L013290,2024-04-07,5892.14,Closed Won
OP002984,L013293,2025-03-14,2554.73,Closed Won
OP002985,L013306,2025-12-25,3509.52,Closed Lost
OP002986,L013309,2025-11-09,2899.78,Closed Won
OP002987,L013311,2025-03-01,2869.15,Closed Won
OP002988,L013321,2026-03-27,1128.76,Closed Won
OP002989,L013336,2024-02-10,8779.91,Open
OP002990,L013346,2026-02-11,4313.67,Open
OP002991,L013354,2024-07-21,7532.32,Closed Won
OP002992,L013369,2024-01-29,832.86,Closed Lost
OP002993,L013370,2025-06-13,5558.11,Closed Lost
OP002994,L013371,2025-05-23,6349.34,Open
OP002995,L013372,2026-09-10,1043.39,Open
OP002996,L013373,2024-05-19,400.29,Closed Lost
OP002997,L013378,2025-04-09,17588.05,Closed Lost
OP002998,L013386,2025-01-14,7824.7,Closed Won
OP002999,L013387,2024-03-09,1286.3,Closed Won
OP003000,L013389,2025-01-20,292.56,Open
OP003001,L013395,2026-04-17,7369.74,Closed Lost
OP003002,L013398,2025-08-23,10215.01,Closed Won
OP003003,L013420,2024-10-04,1663.97,Closed Won
OP003004,L013421,2024-04-29,7396.36,Closed Lost
OP003005,L013424,2025-01-26,6959.61,Open
OP003006,L013425,2024-09-12,4134.37,Closed Won
OP003007,L013437,2024-11-03,5724.21,Closed Won
OP003008,L013438,2025-01-19,5399.24,Closed Won
OP003009,L013440,2026-05-17,9847.93,Closed Lost
OP003010,L013441,2025-09-01,501.38,Closed Won
OP003011,L013446,2026-01-14,1118.15,Closed Won
OP003012,L013459,2024-01-25,3728.77,Closed Won
OP003013,L013463,2024-11-27,8148.89,Closed Lost
OP003014,L013465,2024-01-24,481.0,Closed Lost
OP003015,L013480,2024-08-06,250.0,Closed Won
OP003016,L013483,2026-07-25,1605.99,Closed Lost
OP003017,L013492,2025-02-01,3950.58,Closed Won
OP003018,L013495,2024-10-23,3264.27,Open
OP003019,L013497,2026-08-31,1798.03,Closed Won
OP003020,L013498,2026-08-28,924.36,Closed Lost
OP003021,L013501,2024-10-28,4815.01,Closed Won
OP003022,L013502,2025-12-24,2026.42,Closed Won
OP003023,L013509,2025-11-23,1561.49,Closed Won
OP003024,L013514,2025-01-19,26799.49,Open
OP003025,L013516,2024-08-30,9924.97,Closed Lost
OP003026,L013518,2025-12-13,2464.51,Open
OP003027,L013519,2026-09-26,2383.2,Closed Won
OP003028,L013529,2024-03-31,1328.82,Closed Lost
OP003029,L013530,2024-05-07,5704.03,Closed Won
OP003030,L013533,2026-05-02,4518.82,Closed Won
OP003031,L013536,2026-01-14,3219.74,Open
OP003032,L013538,2025-03-03,18088.46,Closed Won
OP003033,L013541,2025-06-14,552.48,Closed Won
OP003034,L013542,2024-04-27,1039.63,Closed Won
OP003035,L013544,2024-04-08,4519.08,Closed Won
OP003036,L013546,2026-03-30,3393.23,Open
OP003037,L013550,2024-06-12,8941.8,Open
OP003038,L013552,2025-05-12,2596.3,Closed Won
OP003039,L013557,2024-10-09,2446.58,Open
OP003040,L013575,2026-09-03,2380.84,Closed Won
OP003041,L013580,2025-08-19,895.53,Open
OP003042,L013581,2024-03-21,1961.27,Closed Lost
OP003043,L013582,2024-09-28,5095.5,Closed Lost
OP003044,L013583,2025-04-28,6713.52,Closed Won
OP003045,L013590,2025-07-05,966.34,Closed Lost
OP003046,L013599,2025-04-11,859.01,Closed Lost
OP003047,L013603,2024-01-25,6028.81,Closed Won
OP003048,L013609,2024-11-03,995.67,Open
OP003049,L013623,2025-02-08,347.65,Closed Won
OP003050,L013624,2025-06-05,7870.38,Open
OP003051,L013640,2024-03-30,1124.13,Closed Won
OP003052,L013642,2025-07-01,2899.7,Closed Won
OP003053,L013643,2025-09-25,2054.82,Closed Won
OP003054,L013645,2026-08-22,1908.49,Closed Won
OP003055,L013648,2025-11-05,1193.15,Closed Won
OP003056,L013651,2026-07-22,1220.5,Closed Won
OP003057,L013656,2024-11-08,1432.82,Closed Won
OP003058,L013660,2026-01-11,4347.96,Open
OP003059,L013661,2026-04-16,1629.4,Open
OP003060,L013667,2024-02-24,13458.85,Closed Lost
OP003061,L013670,2025-01-30,753.6,Closed Won
OP003062,L013674,2026-02-06,1386.36,Closed Won
OP003063,L013678,2024-05-16,3651.14,Closed Lost
OP003064,L013680,2025-04-03,15622.38,Closed Won
OP003065,L013684,2024-05-30,1959.58,Open
OP003066,L013685,2025-06-24,695.86,Closed Won
OP003067,L013688,2026-04-04,5855.68,Open
OP003068,L013692,2024-02-20,316.5,Closed Won
OP003069,L013694,2025-05-05,884.72,Closed Lost
OP003070,L013699,2026-03-04,9747.18,Closed Won
OP003071,L013700,2024-10-29,3267.01,Open
OP003072,L013704,2026-06-01,6775.23,Closed Won
OP003073,L013705,2025-10-10,9711.81,Closed Lost
OP003074,L013714,2024-07-22,2745.47,Closed Won
OP003075,L013719,2026-01-24,403.41,Closed Lost
OP003076,L013720,2026-03-14,25473.37,Closed Won
OP003077,L013728,2024-09-06,3374.26,Open
OP003078,L013730,2024-04-17,801.62,Open
OP003079,L013740,2026-03-03,4501.79,Closed Won
OP003080,L013746,2024-06-07,913.29,Closed Won
OP003081,L013748,2026-08-03,4478.26,Open
OP003082,L013749,2025-05-25,1498.34,Closed Won
OP003083,L013750,2025-06-17,468.3,Open
OP003084,L013751,2024-02-02,5472.17,Closed Won
OP003085,L013757,2025-08-19,345.67,Closed Won
OP003086,L013764,2026-04-04,3349.67,Closed Won
OP003087,L013765,2024-08-08,15226.94,Closed Lost
OP003088,L013766,2025-02-03,1132.83,Open
OP003089,L013768,2025-02-17,8040.94,Closed Won
OP003090,L013773,2025-07-31,13479.52,Closed Won
OP003091,L013783,2024-09-18,472.56,Open
OP003092,L013785,2024-06-01,3884.03,Closed Lost
OP003093,L013786,2025-11-02,250.0,Open
OP003094,L013790,2025-05-24,2805.27,Closed Won
OP003095,L013792,2025-02-11,9842.12,Open
OP003096,L013796,2024-03-31,20884.18,Closed Won
OP003097,L013801,2026-08-05,11566.17,Closed Won
OP003098,L013807,2026-03-09,4861.79,Closed Won
OP003099,L013814,2024-03-22,5041.84,Closed Won
OP003100,L013816,2025-04-11,1284.62,Closed Lost
OP003101,L013832,2024-02-29,2833.12,Closed Lost
OP003102,L013833,2024-09-22,10502.7,Closed Won
OP003103,L013836,2025-07-20,5448.57,Closed Lost
OP003104,L013838,2026-08-15,11959.32,Closed Lost
OP003105,L013839,2026-01-18,3324.64,Open
OP003106,L013843,2024-02-12,1599.52,Closed Won
OP003107,L013846,2025-02-09,5073.76,Closed Won
OP003108,L013854,2025-08-20,4534.1,Closed Lost
OP003109,L013860,2024-02-13,5700.01,Closed Lost
OP003110,L013865,2024-09-24,938.37,Closed Won
OP003111,L013867,2025-02-12,6552.88,Closed Won
OP003112,L013872,2024-12-24,16363.96,Open
OP003113,L013873,2025-02-28,608.4,Closed Won
OP003114,L013874,2026-08-15,3602.19,Closed Won
OP003115,L013880,2025-04-05,444.47,Closed Won
OP003116,L013881,2024-09-14,971.68,Closed Won
OP003117,L013885,2024-03-27,9335.66,Closed Won
OP003118,L013893,2024-08-02,3516.58,Closed Lost
OP003119,L013894,2024-12-20,3910.96,Closed Lost
OP003120,L013896,2024-10-29,13889.94,Closed Won
OP003121,L013899,2026-09-29,5765.09,Closed Won
OP003122,L013903,2024-10-10,3721.38,Open
OP003123,L013906,2024-10-20,2493.61,Open
OP003124,L013907,2024-06-25,20221.55,Closed Won
OP003125,L013920,2024-10-31,9539.16,Open
OP003126,L013925,2024-10-04,2348.99,Open
OP003127,L013928,2024-06-18,2456.38,Open
OP003128,L013932,2024-02-28,2826.47,Closed Lost
OP003129,L013936,2025-04-20,4034.26,Closed Lost
OP003130,L013940,2026-04-17,1421.18,Closed Won
OP003131,L013958,2026-08-07,8309.55,Open
OP003132,L013964,2026-06-11,5340.79,Closed Won
OP003133,L013973,2026-01-22,1436.47,Open
OP003134,L013976,2024-05-23,1101.33,Closed Won
OP003135,L013979,2026-09-21,3389.43,Closed Won
OP003136,L013981,2024-06-20,13486.23,Closed Won
OP003137,L013994,2025-02-14,1937.57,Open
OP003138,L014002,2024-03-20,2905.86,Closed Lost
OP003139,L014017,2024-12-20,4089.39,Closed Lost
OP003140,L014023,2026-03-01,2163.24,Closed Won
OP003141,L014024,2024-12-06,1806.72,Closed Lost
OP003142,L014026,2025-06-19,4501.44,Closed Won
OP003143,L014032,2026-09-02,7385.92,Closed Won
OP003144,L014036,2025-11-11,818.2,Closed Won
OP003145,L014037,2025-10-16,4358.87,Open
OP003146,L014042,2025-01-26,1934.09,Open
OP003147,L014043,2026-08-26,651.91,Closed Won
OP003148,L014044,2025-11-23,2043.49,Closed Won
OP003149,L014048,2025-11-19,1750.26,Closed Won
OP003150,L014053,2024-10-11,2301.86,Closed Won
OP003151,L014054,2026-07-10,9643.65,Closed Won
OP003152,L014057,2026-01-13,3421.18,Closed Won
OP003153,L014061,2025-10-26,4653.98,Closed Lost
OP003154,L014064,2025-07-16,464.53,Closed Won
OP003155,L014071,2026-02-19,1645.31,Closed Won
OP003156,L014072,2024-06-30,1850.7,Closed Won
OP003157,L014075,2024-10-27,1666.44,Closed Won
OP003158,L014076,2026-01-22,2155.92,Closed Won
OP003159,L014077,2025-05-07,24334.09,Closed Won
OP003160,L014080,2026-07-30,1130.56,Closed Won
OP003161,L014081,2024-10-31,7969.19,Open
OP003162,L014090,2024-12-01,13132.85,Closed Won
OP003163,L014094,2025-10-22,1270.21,Closed Lost
OP003164,L014095,2024-10-30,2184.67,Closed Won
OP003165,L014096,2024-04-26,7929.28,Closed Won
OP003166,L014099,2024-06-01,7237.68,Closed Won
OP003167,L014101,2024-12-26,2412.42,Closed Won
OP003168,L014103,2026-05-02,4617.65,Closed Won
OP003169,L014104,2025-03-17,910.86,Closed Won
OP003170,L014105,2026-02-10,11579.39,Open
OP003171,L014116,2026-07-24,5498.47,Closed Won
OP003172,L014122,2025-09-02,960.96,Closed Won
OP003173,L014128,2024-10-23,4265.57,Closed Won
OP003174,L014134,2024-11-18,2893.75,Closed Won
OP003175,L014138,2026-02-24,505.23,Closed Won
OP003176,L014140,2025-02-07,6703.29,Closed Won
OP003177,L014146,2025-03-23,1458.15,Closed Lost
OP003178,L014147,2026-08-30,1096.61,Closed Won
OP003179,L014148,2024-09-18,5896.41,Closed Won
OP003180,L014149,2024-05-22,6926.92,Closed Lost
OP003181,L014160,2026-01-23,1663.0,Closed Lost
OP003182,L014169,2025-04-17,2507.74,Closed Lost
OP003183,L014174,2025-05-11,4973.56,Closed Lost
OP003184,L014178,2026-01-13,2659.49,Closed Lost
OP003185,L014179,2024-02-27,4730.79,Closed Won
OP003186,L014182,2024-02-16,5799.55,Open
OP003187,L014196,2024-12-04,9407.89,Closed Won
OP003188,L014203,2025-01-20,2678.63,Open
OP003189,L014204,2025-03-06,2151.58,Closed Won
OP003190,L014206,2025-12-07,1342.48,Closed Won
OP003191,L014208,2025-03-11,3339.98,Closed Won
OP003192,L014216,2024-12-18,1579.78,Closed Won
OP003193,L014217,2026-07-31,1595.66,Open
OP003194,L014219,2026-07-10,11468.31,Closed Lost
OP003195,L014227,2025-05-03,763.94,Closed Won
OP003196,L014235,2024-04-28,4052.9,Closed Won
OP003197,L014236,2025-01-18,4253.44,Closed Lost
OP003198,L014242,2026-09-07,1196.52,Open
OP003199,L014249,2024-05-03,389.06,Closed Lost
OP003200,L014252,2026-03-16,1323.39,Open
OP003201,L014268,2024-07-31,2638.89,Closed Lost
OP003202,L014272,2024-01-25,4994.36,Closed Won
OP003203,L014274,2024-08-12,250.0,Open
OP003204,L014276,2026-01-13,1010.59,Closed Won
OP003205,L014277,2025-01-26,672.97,Closed Lost
OP003206,L014282,2025-01-08,2335.6,Closed Won
OP003207,L014288,2024-10-25,2058.19,Closed Won
OP003208,L014289,2025-08-08,2939.9,Closed Won
OP003209,L014300,2025-08-02,1114.96,Closed Won
OP003210,L014308,2026-03-21,3510.78,Closed Lost
OP003211,L014310,2024-03-27,1706.2,Closed Won
OP003212,L014316,2025-10-14,3186.69,Closed Lost
OP003213,L014322,2025-06-11,8998.85,Open
OP003214,L014326,2025-07-21,418.31,Open
OP003215,L014331,2026-02-22,3800.05,Closed Won
OP003216,L014333,2024-04-09,31227.67,Closed Won
OP003217,L014335,2026-05-23,632.61,Open
OP003218,L014336,2026-04-09,2711.96,Closed Won
OP003219,L014346,2024-09-29,3903.74,Closed Lost
OP003220,L014351,2025-03-07,1404.96,Closed Lost
OP003221,L014360,2026-07-12,3240.33,Closed Won
OP003222,L014362,2025-08-30,837.18,Closed Won
OP003223,L014364,2024-03-13,18614.22,Open
OP003224,L014366,2025-09-08,11646.18,Closed Lost
OP003225,L014374,2025-03-28,4176.99,Closed Won
OP003226,L014375,2024-11-14,36173.51,Closed Won
OP003227,L014389,2025-12-28,2104.6,Closed Lost
OP003228,L014399,2025-01-07,1921.05,Open
OP003229,L014401,2024-12-28,556.38,Closed Won
OP003230,L014406,2025-02-23,2570.84,Closed Won
OP003231,L014414,2024-02-13,3272.79,Closed Won
OP003232,L014422,2025-05-22,2438.66,Closed Won
OP003233,L014425,2025-12-17,1530.8,Closed Won
OP003234,L014428,2026-04-21,1473.5,Closed Won
OP003235,L014432,2024-09-02,675.46,Open
OP003236,L014433,2025-09-29,2350.54,Closed Won
OP003237,L014437,2026-06-22,2598.18,Closed Lost
OP003238,L014439,2026-07-22,6855.22,Closed Won
OP003239,L014446,2026-08-26,2368.26,Closed Won
OP003240,L014447,2025-10-13,25028.02,Closed Won
OP003241,L014452,2025-03-13,3678.23,Closed Won
OP003242,L014454,2026-05-02,4858.54,Closed Won
OP003243,L014458,2024-10-21,2695.92,Closed Won
OP003244,L014463,2025-03-03,2287.01,Open
OP003245,L014475,2026-04-09,4836.46,Closed Won
OP003246,L014488,2025-07-23,1130.76,Open
OP003247,L014489,2025-10-03,3484.22,Closed Won
OP003248,L014497,2025-07-18,2618.79,Closed Lost
OP003249,L014502,2025-05-06,22585.26,Closed Won
OP003250,L014505,2026-03-13,6702.97,Closed Won
OP003251,L014506,2026-02-14,9601.32,Closed Won
OP003252,L014509,2025-08-01,5150.6,Closed Lost
OP003253,L014510,2026-01-25,4470.04,Closed Won
OP003254,L014511,2025-08-23,10601.12,Closed Won
OP003255,L014516,2025-05-27,6700.61,Closed Won
OP003256,L014517,2025-07-03,250.0,Closed Won
OP003257,L014520,2026-07-29,7321.4,Closed Won
OP003258,L014537,2026-04-07,1232.65,Open
OP003259,L014538,2025-06-16,571.77,Closed Won
OP003260,L014545,2025-05-10,8227.9,Closed Won
OP003261,L014548,2024-07-29,868.55,Open
OP003262,L014549,2026-05-29,4011.08,Closed Won
OP003263,L014555,2024-09-07,2050.89,Closed Won
OP003264,L014560,2025-06-04,8217.53,Closed Won
OP003265,L014563,2024-06-28,1134.53,Open
OP003266,L014568,2024-07-15,10411.72,Closed Lost
OP003267,L014579,2024-07-24,3385.95,Open
OP003268,L014582,2025-07-29,4155.55,Closed Lost
OP003269,L014584,2025-08-12,3059.03,Closed Won
OP003270,L014586,2024-08-07,831.43,Closed Won
OP003271,L014588,2025-05-26,1710.63,Closed Won
OP003272,L014598,2026-03-27,5747.57,Closed Won
OP003273,L014600,2025-02-24,4827.78,Closed Won
OP003274,L014608,2024-10-24,3328.38,Open
OP003275,L014612,2025-12-16,4479.08,Open
OP003276,L014618,2026-02-06,421.76,Closed Won
OP003277,L014619,2025-08-28,1280.44,Closed Lost
OP003278,L014625,2024-02-08,1474.97,Closed Won
OP003279,L014626,2024-07-26,2414.2,Closed Won
OP003280,L014630,2025-01-25,1176.2,Closed Won
OP003281,L014644,2025-02-04,2783.59,Closed Lost
OP003282,L014647,2026-07-16,1504.48,Closed Lost
OP003283,L014656,2026-01-23,4185.06,Closed Won
OP003284,L014659,2025-09-21,12440.45,Closed Won
OP003285,L014660,2026-05-28,16765.23,Closed Won
OP003286,L014661,2024-03-14,722.47,Closed Won
OP003287,L014663,2025-10-15,3707.98,Closed Won
OP003288,L014664,2024-10-11,4318.49,Closed Won
OP003289,L014665,2025-10-01,3477.88,Open
OP003290,L014672,2025-03-27,5931.49,Closed Won
OP003291,L014674,2026-08-20,3179.99,Closed Won
OP003292,L014677,2024-02-19,3576.11,Open
OP003293,L014679,2025-06-18,2680.03,Closed Won
OP003294,L014690,2024-04-17,3682.52,Closed Won
OP003295,L014691,2025-09-12,2705.73,Open
OP003296,L014693,2024-08-03,4024.84,Open
OP003297,L014702,2024-09-29,6022.83,Open
OP003298,L014704,2026-08-25,1724.07,Closed Won
OP003299,L014707,2024-05-11,3126.03,Closed Won
OP003300,L014711,2024-08-12,597.73,Closed Won
OP003301,L014715,2025-08-12,19907.7,Closed Won
OP003302,L014725,2024-11-23,3387.16,Closed Lost
OP003303,L014737,2024-03-26,383.9,Open
OP003304,L014738,2026-07-20,2311.03,Closed Won
OP003305,L014740,2026-05-09,17675.49,Closed Won
OP003306,L014743,2026-08-19,568.68,Open
OP003307,L014744,2026-07-04,3679.86,Closed Won
OP003308,L014747,2024-03-04,575.21,Closed Won
OP003309,L014748,2024-10-15,2531.57,Open
OP003310,L014751,2024-08-26,1179.91,Open
OP003311,L014762,2025-04-20,16425.5,Closed Won
OP003312,L014765,2024-06-10,4273.27,Closed Won
OP003313,L014766,2025-10-06,6984.05,Open
OP003314,L014770,2024-02-06,1542.49,Closed Won
OP003315,L014774,2025-03-18,4454.8,Closed Lost
OP003316,L014775,2026-06-28,10769.13,Closed Won
OP003317,L014776,2024-09-14,8137.74,Open
OP003318,L014779,2026-08-14,1070.94,Closed Won
OP003319,L014782,2025-05-05,1524.32,Closed Won
OP003320,L014789,2026-01-04,409.68,Closed Won
OP003321,L014794,2025-01-24,3341.58,Closed Won
OP003322,L014795,2025-08-25,250.0,Closed Won
OP003323,L014802,2024-02-11,1200.19,Open
OP003324,L014803,2024-08-07,749.45,Closed Won
OP003325,L014804,2024-06-16,11327.71,Open
OP003326,L014814,2025-12-03,7393.07,Closed Lost
OP003327,L014821,2025-06-18,792.2,Closed Won
OP003328,L014823,2025-05-20,1183.86,Closed Lost
OP003329,L014825,2025-07-04,5404.01,Closed Won
OP003330,L014826,2025-09-13,8580.77,Closed Won
OP003331,L014835,2024-02-17,4423.22,Closed Won
OP003332,L014844,2024-10-29,1790.79,Open
OP003333,L014846,2026-09-18,3275.78,Closed Won
OP003334,L014847,2025-07-19,3923.08,Open
OP003335,L014864,2026-02-25,1456.62,Closed Won
OP003336,L014866,2026-09-24,6402.96,Closed Won
OP003337,L014877,2025-06-08,2232.32,Open
OP003338,L014883,2024-09-27,6797.27,Closed Won
OP003339,L014885,2025-09-02,21790.47,Closed Lost
OP003340,L014895,2026-04-16,836.46,Closed Won
OP003341,L014913,2024-12-18,1438.38,Closed Won
OP003342,L014916,2025-12-25,3160.17,Closed Won
OP003343,L014925,2024-06-25,2038.68,Closed Won
OP003344,L014926,2024-08-29,6504.46,Closed Lost
OP003345,L014929,2025-07-13,2217.26,Closed Won
OP003346,L014935,2026-06-23,4047.34,Closed Won
OP003347,L014940,2025-09-07,1005.19,Closed Won
OP003348,L014944,2024-04-18,1406.09,Closed Won
OP003349,L014945,2024-02-21,27467.33,Open
OP003350,L014954,2025-12-24,17445.39,Closed Lost
OP003351,L014957,2025-05-22,960.57,Closed Lost
OP003352,L014960,2025-05-20,1772.12,Closed Lost
OP003353,L014964,2024-03-25,1690.57,Closed Won
OP003354,L014966,2024-11-30,15763.72,Closed Won
OP003355,L014970,2024-06-05,2687.72,Closed Won
OP003356,L014971,2025-09-01,849.68,Closed Won
OP003357,L014974,2025-06-11,250.0,Open
OP003358,L014982,2025-09-05,9296.09,Closed Won
OP003359,L014990,2025-06-22,15945.06,Open
OP003360,L015003,2026-06-28,636.88,Closed Lost
OP003361,L015006,2025-02-15,2116.12,Open
OP003362,L015011,2026-02-14,19966.26,Open
OP003363,L015020,2025-02-26,8912.73,Closed Won
OP003364,L015021,2025-12-06,2035.36,Closed Won
OP003365,L015023,2024-07-04,8752.71,Closed Won
OP003366,L015034,2024-10-27,1480.64,Open
OP003367,L015037,2024-04-12,6116.17,Closed Won
OP003368,L015038,2025-01-23,4373.39,Closed Won
OP003369,L015039,2024-02-22,2502.31,Closed Won
OP003370,L015040,2025-06-09,336.03,Open
OP003371,L015045,2025-01-24,2763.38,Closed Won
OP003372,L015050,2025-11-11,1071.37,Closed Lost
OP003373,L015052,2025-11-10,18129.22,Closed Won
OP003374,L015053,2025-11-09,4997.74,Open
OP003375,L015054,2026-09-07,638.64,Closed Lost
OP003376,L015064,2026-04-06,3703.53,Closed Won
OP003377,L015065,2025-04-23,526.93,Open
OP003378,L015071,2025-11-04,7253.3,Open
OP003379,L015074,2025-05-22,3605.24,Open
OP003380,L015084,2025-05-12,2183.06,Closed Won
OP003381,L015085,2026-03-07,15045.49,Open
OP003382,L015090,2024-05-26,4119.99,Closed Won
OP003383,L015091,2024-07-06,3599.97,Closed Lost
OP003384,L015092,2026-05-18,1964.31,Closed Won
OP003385,L015095,2026-01-18,10862.31,Closed Won
OP003386,L015098,2025-07-07,5371.59,Closed Lost
OP003387,L015103,2025-05-02,3725.03,Open
OP003388,L015107,2026-04-24,1192.95,Closed Won
OP003389,L015108,2025-11-22,3260.68,Closed Lost
OP003390,L015109,2024-08-06,6295.79,Open
OP003391,L015115,2025-05-20,2917.86,Closed Lost
OP003392,L015117,2026-08-09,339.71,Closed Lost
OP003393,L015118,2024-11-26,927.42,Closed Lost
OP003394,L015121,2026-07-02,5276.32,Closed Won
OP003395,L015123,2024-07-01,4306.56,Open
OP003396,L015126,2025-01-25,1509.04,Closed Lost
OP003397,L015134,2026-07-10,1642.43,Closed Lost
OP003398,L015139,2026-06-02,2028.99,Closed Won
OP003399,L015141,2026-04-04,3770.75,Open
OP003400,L015142,2024-06-13,66975.76,Closed Won
OP003401,L015149,2026-07-09,1188.03,Closed Won
OP003402,L015150,2026-08-27,10227.73,Closed Won
OP003403,L015156,2025-11-05,1007.64,Closed Won
OP003404,L015159,2026-07-25,22873.01,Closed Lost
OP003405,L015161,2024-08-19,672.16,Closed Won
OP003406,L015163,2025-02-01,3059.28,Closed Won
OP003407,L015168,2026-05-23,570.7,Closed Lost
OP003408,L015173,2025-01-16,10497.24,Open
OP003409,L015176,2026-04-10,1596.9,Open
OP003410,L015183,2026-08-09,3094.4,Closed Lost
OP003411,L015187,2025-03-18,1192.88,Closed Won
OP003412,L015189,2024-01-30,654.65,Closed Won
OP003413,L015192,2024-09-28,2580.24,Open
OP003414,L015198,2024-06-08,5156.29,Closed Won
OP003415,L015199,2024-09-28,453.75,Closed Lost
OP003416,L015210,2025-08-04,15482.72,Closed Won
OP003417,L015212,2024-03-01,4145.79,Closed Lost
OP003418,L015213,2024-11-22,4476.37,Open
OP003419,L015215,2024-05-10,10761.25,Closed Won
OP003420,L015222,2025-09-22,1743.11,Closed Won
OP003421,L015226,2025-02-17,5942.13,Open
OP003422,L015230,2025-01-14,4851.49,Open
OP003423,L015238,2026-04-03,3036.56,Closed Won
OP003424,L015241,2026-05-02,6130.61,Open
OP003425,L015248,2024-06-27,3615.74,Closed Lost
OP003426,L015249,2025-10-01,6092.1,Open
OP003427,L015250,2024-03-29,573.74,Closed Won
OP003428,L015254,2025-12-24,782.81,Open
OP003429,L015255,2024-08-12,1785.23,Open
OP003430,L015258,2025-06-16,1308.77,Closed Lost
OP003431,L015259,2025-05-05,300.85,Closed Lost
OP003432,L015268,2024-06-13,1327.05,Closed Lost
OP003433,L015271,2026-08-27,18280.96,Closed Won
OP003434,L015272,2026-09-20,3647.91,Closed Won
OP003435,L015273,2026-01-07,2888.14,Closed Won
OP003436,L015274,2025-04-17,2275.1,Closed Lost
OP003437,L015275,2024-02-06,14399.17,Closed Won
OP003438,L015288,2025-10-07,9383.66,Closed Won
OP003439,L015289,2024-07-31,10248.41,Closed Won
OP003440,L015291,2025-10-15,2376.37,Closed Won
OP003441,L015295,2024-09-01,2098.55,Closed Lost
OP003442,L015296,2025-08-16,1283.52,Closed Won
OP003443,L015298,2026-07-24,2051.4,Closed Won
OP003444,L015305,2025-03-30,743.9,Closed Won
OP003445,L015308,2025-05-08,3025.61,Closed Won
OP003446,L015309,2025-05-29,1056.95,Closed Won
OP003447,L015310,2026-07-10,2252.83,Closed Lost
OP003448,L015315,2025-05-23,3956.99,Closed Won
OP003449,L015316,2024-04-13,3633.0,Closed Won
OP003450,L015319,2024-07-07,4498.42,Closed Won
OP003451,L015323,2025-11-22,10154.47,Closed Won
OP003452,L015325,2026-04-04,493.66,Closed Won
OP003453,L015336,2024-04-11,2611.97,Closed Won
OP003454,L015337,2025-01-21,8081.03,Open
OP003455,L015341,2026-03-02,9562.18,Closed Won
OP003456,L015356,2026-05-01,1133.59,Closed Won
OP003457,L015360,2026-05-30,2392.35,Closed Won
OP003458,L015362,2026-08-21,2006.83,Closed Lost
OP003459,L015367,2024-01-09,2432.35,Open
OP003460,L015371,2024-04-28,1241.75,Open
OP003461,L015373,2024-02-17,1919.1,Open
OP003462,L015391,2025-07-26,6073.27,Closed Won
OP003463,L015392,2026-06-13,14369.96,Open
OP003464,L015396,2024-02-02,1334.69,Closed Won
OP003465,L015404,2024-12-12,5552.95,Closed Won
OP003466,L015408,2025-08-25,885.81,Closed Lost
OP003467,L015413,2024-12-02,3942.46,Closed Lost
OP003468,L015414,2024-12-22,2904.11,Closed Won
OP003469,L015417,2026-01-20,6011.82,Closed Won
OP003470,L015419,2025-11-20,2743.46,Closed Won
OP003471,L015422,2025-08-13,9542.48,Open
OP003472,L015425,2026-03-07,4629.36,Closed Won
OP003473,L015426,2024-11-01,1355.88,Closed Won
OP003474,L015430,2026-09-30,5395.88,Open
OP003475,L015432,2024-09-23,722.28,Closed Won
OP003476,L015439,2024-03-14,1977.25,Closed Won
OP003477,L015444,2024-08-28,2868.1,Closed Won
OP003478,L015445,2025-07-13,3355.04,Closed Lost
OP003479,L015449,2026-01-07,29228.13,Closed Won
OP003480,L015454,2024-10-26,4950.24,Open
OP003481,L015458,2024-05-06,6041.23,Open
OP003482,L015462,2024-09-04,5025.08,Closed Won
OP003483,L015463,2025-09-13,700.97,Closed Won
OP003484,L015464,2026-08-16,6504.95,Open
OP003485,L015480,2025-04-02,2671.73,Closed Won
OP003486,L015485,2024-05-20,6501.14,Open
OP003487,L015488,2024-06-19,1727.2,Closed Won
OP003488,L015490,2026-03-27,2265.03,Closed Won
OP003489,L015493,2024-01-28,341.24,Closed Won
OP003490,L015494,2025-10-15,6057.46,Closed Won
OP003491,L015495,2025-07-31,933.82,Closed Won
OP003492,L015504,2024-09-19,8175.13,Open
OP003493,L015506,2026-01-16,2209.5,Closed Won
OP003494,L015512,2024-08-08,6854.64,Closed Won
OP003495,L015517,2026-03-16,9096.81,Closed Won
OP003496,L015520,2024-03-11,5986.48,Closed Won
OP003497,L015527,2024-05-11,1476.07,Closed Won
OP003498,L015537,2026-06-19,306.32,Open
OP003499,L015540,2024-05-23,5252.07,Closed Lost
OP003500,L015545,2024-12-18,15866.49,Closed Lost
OP003501,L015549,2024-02-04,1485.32,Closed Won
OP003502,L015565,2024-10-06,2783.0,Open
OP003503,L015570,2026-03-23,3368.8,Closed Won
OP003504,L015571,2024-04-25,4921.53,Closed Won
OP003505,L015574,2025-09-15,4656.88,Closed Won
OP003506,L015578,2026-08-14,2058.29,Open
OP003507,L015579,2025-03-21,1490.3,Closed Won
OP003508,L015580,2024-09-07,3105.74,Closed Won
OP003509,L015582,2025-05-10,1928.1,Closed Won
OP003510,L015585,2026-05-12,717.63,Closed Lost
OP003511,L015586,2026-04-21,2340.46,Closed Won
OP003512,L015588,2025-01-25,4868.1,Closed Lost
OP003513,L015598,2025-04-09,14617.8,Open
OP003514,L015599,2026-03-15,4411.15,Open
OP003515,L015600,2025-10-22,71499.42,Closed Won
OP003516,L015601,2026-04-12,3794.91,Closed Won
OP003517,L015602,2026-07-28,1520.59,Closed Won
OP003518,L015607,2026-06-26,1655.75,Closed Lost
OP003519,L015610,2024-03-10,1693.36,Open
OP003520,L015612,2025-08-16,8231.42,Closed Lost
OP003521,L015613,2025-09-10,676.88,Closed Won
OP003522,L015616,2025-03-15,2702.63,Open
OP003523,L015628,2024-11-11,5965.62,Closed Lost
OP003524,L015633,2025-06-26,998.72,Closed Won
OP003525,L015634,2025-10-20,1731.24,Closed Lost
OP003526,L015635,2024-03-23,2733.65,Closed Won
OP003527,L015636,2025-01-12,1506.33,Closed Lost
OP003528,L015638,2025-01-25,2536.91,Closed Lost
OP003529,L015639,2025-03-22,1798.63,Closed Won
OP003530,L015648,2024-03-01,976.38,Closed Won
OP003531,L015653,2026-08-16,1552.66,Closed Won
OP003532,L015663,2025-10-17,1935.72,Closed Won
OP003533,L015665,2024-09-21,3144.16,Closed Won
OP003534,L015666,2026-03-01,574.81,Closed Won
OP003535,L015670,2025-04-02,2518.38,Closed Won
OP003536,L015674,2025-09-23,6163.29,Open
OP003537,L015680,2025-02-10,7586.67,Closed Won
OP003538,L015681,2024-01-26,3937.87,Closed Won
OP003539,L015692,2024-07-13,5741.82,Closed Won
OP003540,L015694,2026-02-23,14703.84,Closed Won
OP003541,L015700,2026-04-25,1844.17,Open
OP003542,L015703,2025-11-15,1611.4,Open
OP003543,L015706,2025-03-25,1947.59,Closed Won
OP003544,L015709,2026-05-14,944.1,Closed Lost
OP003545,L015710,2026-07-26,33143.3,Closed Won
OP003546,L015723,2024-04-19,7227.25,Closed Won
OP003547,L015731,2024-08-17,2958.13,Closed Won
OP003548,L015732,2025-10-03,15126.11,Closed Won
OP003549,L015746,2025-10-21,40594.62,Closed Won
OP003550,L015748,2025-09-03,611.19,Closed Won
OP003551,L015750,2026-02-26,17679.77,Open
OP003552,L015754,2026-07-18,684.09,Closed Won
OP003553,L015758,2024-07-27,10341.67,Closed Won
OP003554,L015761,2024-05-20,640.13,Closed Lost
OP003555,L015762,2024-04-14,7935.24,Closed Lost
OP003556,L015766,2025-08-01,549.47,Closed Won
OP003557,L015767,2025-03-20,1993.82,Closed Won
OP003558,L015772,2026-01-26,1187.53,Closed Won
OP003559,L015779,2024-10-16,52064.73,Closed Won
OP003560,L015790,2024-04-21,28508.73,Closed Won
OP003561,L015793,2025-02-12,1007.26,Closed Lost
OP003562,L015796,2025-12-12,2576.97,Closed Lost
OP003563,L015808,2025-02-12,3004.37,Closed Won
OP003564,L015809,2025-12-17,3674.41,Closed Won
OP003565,L015814,2025-02-01,11052.91,Open
OP003566,L015815,2024-04-19,4226.07,Open
OP003567,L015816,2024-11-28,908.12,Open
OP003568,L015817,2026-07-07,6417.5,Closed Lost
OP003569,L015820,2026-09-04,9771.19,Open
OP003570,L015824,2024-03-07,630.11,Closed Won
OP003571,L015827,2025-05-25,2043.79,Open
OP003572,L015828,2024-02-10,422.93,Closed Lost
OP003573,L015837,2025-10-20,1415.35,Open
OP003574,L015844,2024-06-18,2698.55,Open
OP003575,L015850,2025-03-02,7206.46,Closed Won
OP003576,L015856,2025-08-04,9829.49,Closed Won
OP003577,L015865,2024-10-12,13777.44,Closed Won
OP003578,L015866,2025-04-13,942.66,Closed Won
OP003579,L015870,2025-03-08,8524.24,Closed Won
OP003580,L015872,2024-09-14,681.98,Closed Won
OP003581,L015873,2026-08-06,4075.65,Open
OP003582,L015880,2024-07-12,1081.44,Closed Won
OP003583,L015881,2026-07-27,12006.49,Closed Won
OP003584,L015882,2025-03-08,2572.4,Open
OP003585,L015890,2025-03-12,3817.06,Open
OP003586,L015891,2026-01-05,3064.82,Closed Won
OP003587,L015893,2026-01-01,14234.09,Closed Won
OP003588,L015896,2025-08-24,1428.67,Closed Won
OP003589,L015904,2024-03-11,19028.21,Closed Won
OP003590,L015919,2024-12-21,4263.0,Closed Won
OP003591,L015921,2024-03-09,7009.77,Closed Lost
OP003592,L015922,2025-05-03,2383.73,Open
OP003593,L015924,2024-12-01,936.85,Closed Won
OP003594,L015926,2025-03-30,2343.42,Closed Won
OP003595,L015930,2025-12-06,2989.49,Closed Lost
OP003596,L015931,2025-12-25,2680.04,Closed Won
OP003597,L015938,2024-11-13,7824.19,Open
OP003598,L015944,2024-08-11,13099.3,Open
OP003599,L015953,2025-08-10,17112.19,Closed Lost
OP003600,L015956,2025-11-30,2447.31,Closed Lost
OP003601,L015957,2025-02-11,806.45,Open
OP003602,L015959,2024-07-29,2149.87,Closed Won
OP003603,L015962,2026-01-01,1382.31,Open
OP003604,L015963,2024-03-29,1278.62,Closed Won
OP003605,L015966,2025-03-31,6512.03,Closed Won
OP003606,L015973,2024-06-08,7741.2,Closed Won
OP003607,L015977,2026-08-28,5702.8,Closed Won
OP003608,L015986,2024-08-22,26909.0,Open
OP003609,L015988,2025-11-21,558.41,Closed Lost
OP003610,L015989,2026-05-22,5499.3,Open
OP003611,L016002,2025-11-23,7495.43,Closed Won
OP003612,L016010,2026-04-13,3883.74,Closed Lost
OP003613,L016016,2026-01-15,759.21,Closed Won
OP003614,L016020,2024-03-09,6034.54,Closed Won
OP003615,L016021,2024-11-28,1672.0,Open
OP003616,L016024,2026-01-27,1411.82,Open
OP003617,L016025,2024-08-14,16698.09,Closed Won
OP003618,L016026,2025-01-17,1157.33,Closed Won
OP003619,L016028,2024-02-14,2089.11,Closed Won
OP003620,L016030,2025-08-28,3795.45,Closed Won
OP003621,L016031,2025-01-24,2213.02,Closed Lost
OP003622,L016034,2024-09-18,3900.66,Closed Lost
OP003623,L016047,2024-02-11,310.25,Closed Lost
OP003624,L016048,2025-08-29,7261.7,Closed Won
OP003625,L016051,2024-07-29,14050.38,Closed Won
OP003626,L016052,2025-04-03,2163.92,Closed Lost
OP003627,L016054,2026-06-06,6900.32,Closed Won
OP003628,L016057,2024-11-07,3740.72,Closed Won
OP003629,L016066,2026-02-21,2920.57,Closed Won
OP003630,L016067,2025-06-14,2184.43,Closed Won
OP003631,L016073,2024-11-02,1271.7,Closed Won
OP003632,L016075,2024-06-21,1707.04,Closed Won
OP003633,L016081,2026-05-10,1157.96,Closed Won
OP003634,L016082,2025-12-09,1487.67,Closed Won
OP003635,L016088,2026-05-17,10996.82,Closed Lost
OP003636,L016092,2026-08-02,5658.68,Closed Won
OP003637,L016094,2024-08-07,2823.15,Closed Won
OP003638,L016097,2026-05-28,1670.5,Open
OP003639,L016104,2026-02-24,1586.19,Closed Won
OP003640,L016105,2024-09-29,778.4,Closed Won
OP003641,L016111,2025-07-17,7710.73,Closed Lost
OP003642,L016120,2024-05-28,575.79,Closed Won
OP003643,L016123,2026-06-20,1365.7,Open
OP003644,L016128,2026-08-29,381.01,Closed Lost
OP003645,L016129,2025-04-24,2251.19,Open
OP003646,L016133,2024-11-19,2168.08,Closed Won
OP003647,L016134,2025-05-22,4364.31,Closed Won
OP003648,L016135,2025-08-21,3672.38,Open
OP003649,L016136,2026-07-14,10645.76,Closed Lost
OP003650,L016137,2026-03-09,7823.54,Open
OP003651,L016139,2024-03-28,651.45,Closed Won
OP003652,L016143,2025-01-01,1021.9,Closed Won
OP003653,L016152,2026-05-13,18153.77,Closed Won
OP003654,L016158,2024-02-28,16727.57,Closed Won
OP003655,L016159,2024-01-28,48128.07,Open
OP003656,L016164,2024-10-05,528.17,Closed Won
OP003657,L016170,2025-05-06,4612.03,Open
OP003658,L016171,2025-09-06,5216.43,Closed Lost
OP003659,L016177,2025-11-17,7730.87,Open
OP003660,L016183,2025-03-07,2285.7,Closed Won
OP003661,L016186,2025-05-08,817.79,Closed Won
OP003662,L016188,2025-02-16,4059.85,Closed Won
OP003663,L016191,2026-07-05,250.0,Open
OP003664,L016194,2024-07-05,16378.08,Closed Won
OP003665,L016195,2025-06-19,1524.03,Closed Won
OP003666,L016196,2024-03-13,646.2,Closed Won
OP003667,L016200,2026-07-03,7333.66,Closed Lost
OP003668,L016202,2024-03-05,2396.35,Open
OP003669,L016209,2025-08-18,395.38,Closed Won
OP003670,L016211,2026-03-18,2752.4,Closed Lost
OP003671,L016216,2026-06-28,16247.1,Closed Won
OP003672,L016221,2024-12-24,2329.08,Closed Won
OP003673,L016223,2025-11-03,6068.15,Closed Won
OP003674,L016229,2025-07-08,1676.23,Closed Won
OP003675,L016230,2024-08-29,3636.58,Closed Won
OP003676,L016236,2026-04-01,2085.45,Closed Won
OP003677,L016251,2025-04-05,3067.59,Closed Won
OP003678,L016252,2024-11-11,9446.38,Closed Won
OP003679,L016254,2024-12-18,5901.18,Closed Won
OP003680,L016255,2026-10-09,790.12,Closed Won
OP003681,L016262,2025-11-21,45944.56,Closed Lost
OP003682,L016277,2024-05-27,1819.45,Closed Won
OP003683,L016288,2026-04-21,518.21,Open
OP003684,L016298,2024-08-16,1286.69,Closed Won
OP003685,L016301,2025-12-17,791.41,Closed Won
OP003686,L016305,2025-10-12,714.26,Closed Won
OP003687,L016309,2025-05-31,1430.14,Closed Lost
OP003688,L016322,2024-02-23,4164.67,Open
OP003689,L016331,2025-12-03,10208.73,Closed Lost
OP003690,L016335,2025-03-10,1292.3,Open
OP003691,L016338,2025-11-02,3540.69,Closed Won
OP003692,L016343,2026-01-30,1156.46,Closed Won
OP003693,L016346,2024-05-29,2333.67,Closed Won
OP003694,L016347,2024-06-30,3127.35,Closed Won
OP003695,L016349,2025-12-26,4942.54,Closed Won
OP003696,L016351,2025-01-05,1972.13,Closed Won
OP003697,L016364,2024-08-20,1653.64,Closed Won
OP003698,L016369,2024-08-24,2007.91,Open
OP003699,L016370,2024-04-10,13907.98,Closed Won
OP003700,L016376,2025-01-24,2701.67,Open
OP003701,L016381,2024-04-29,727.54,Closed Won
OP003702,L016386,2025-04-26,250.0,Open
OP003703,L016391,2025-06-08,5887.25,Closed Won
OP003704,L016393,2025-03-09,1666.47,Closed Won
OP003705,L016395,2026-06-05,4976.44,Closed Lost
OP003706,L016402,2025-05-17,11737.24,Closed Won
OP003707,L016404,2024-06-06,1023.5,Closed Won
OP003708,L016406,2025-10-27,713.17,Closed Won
OP003709,L016409,2026-06-19,2588.02,Closed Won
OP003710,L016412,2024-12-10,3707.94,Open
OP003711,L016413,2026-06-14,351.84,Open
OP003712,L016414,2025-02-20,1985.1,Open
OP003713,L016416,2025-07-07,6058.8,Closed Won
OP003714,L016420,2025-09-12,2792.46,Open
OP003715,L016421,2025-06-10,6843.12,Closed Won
OP003716,L016423,2024-11-19,746.42,Closed Won
OP003717,L016426,2025-01-25,2704.31,Open
OP003718,L016429,2025-10-20,5039.12,Open
OP003719,L016435,2024-08-12,813.18,Open
OP003720,L016436,2026-08-28,5421.79,Closed Won
OP003721,L016443,2024-10-11,3082.92,Closed Lost
OP003722,L016445,2026-08-15,1237.23,Open
OP003723,L016454,2025-08-30,1061.7,Closed Won
OP003724,L016456,2025-05-26,2151.12,Open
OP003725,L016468,2026-05-15,1223.95,Open
OP003726,L016479,2026-09-21,2656.36,Closed Won
OP003727,L016480,2025-12-21,4345.72,Closed Won
OP003728,L016487,2026-06-10,1680.3,Closed Won
OP003729,L016493,2026-04-29,2423.76,Closed Lost
OP003730,L016504,2024-06-12,3492.81,Closed Won
OP003731,L016513,2025-01-17,12855.79,Closed Won
OP003732,L016527,2025-05-02,516.22,Closed Won
OP003733,L016529,2024-01-20,926.14,Closed Won
OP003734,L016531,2025-09-19,10679.54,Closed Won
OP003735,L016534,2025-07-28,1226.05,Closed Lost
OP003736,L016535,2025-11-27,886.69,Closed Lost
OP003737,L016537,2024-03-29,6388.48,Closed Won
OP003738,L016538,2024-11-26,3274.35,Open
OP003739,L016541,2026-08-06,7728.94,Closed Won
OP003740,L016542,2026-05-25,4386.75,Closed Won
OP003741,L016543,2025-10-30,2076.37,Closed Lost
OP003742,L016546,2025-10-04,30086.13,Open
OP003743,L016551,2025-07-16,4085.38,Closed Lost
OP003744,L016564,2024-10-18,588.53,Open
OP003745,L016567,2025-08-10,7103.54,Open
OP003746,L016570,2025-05-02,1235.18,Closed Won
OP003747,L016571,2026-05-31,2078.2,Closed Won
OP003748,L016575,2025-07-04,1432.28,Open
OP003749,L016576,2026-06-10,1247.02,Closed Lost
OP003750,L016579,2025-02-19,2370.87,Closed Won
OP003751,L016586,2024-09-27,1462.84,Closed Won
OP003752,L016590,2024-08-12,7646.37,Closed Won
OP003753,L016602,2024-12-26,1583.74,Closed Won
OP003754,L016608,2024-03-24,3792.98,Closed Lost
OP003755,L016610,2026-01-26,1976.39,Open
OP003756,L016620,2024-09-03,2857.0,Open
OP003757,L016632,2025-12-04,5349.76,Closed Won
OP003758,L016639,2024-07-31,2722.08,Closed Lost
OP003759,L016643,2024-02-09,4450.75,Closed Lost
OP003760,L016651,2025-07-06,684.29,Closed Won
OP003761,L016655,2025-06-04,2727.19,Open
OP003762,L016656,2024-03-04,1093.9,Closed Lost
OP003763,L016657,2025-11-28,3129.59,Closed Won
OP003764,L016658,2026-02-21,7946.74,Closed Won
OP003765,L016659,2026-09-19,790.99,Closed Won
OP003766,L016660,2025-12-17,9414.79,Closed Won
OP003767,L016666,2025-05-14,4350.6,Closed Lost
OP003768,L016667,2024-10-09,10848.41,Closed Lost
OP003769,L016673,2024-06-22,18561.4,Closed Won
OP003770,L016693,2026-05-18,2918.42,Closed Won
OP003771,L016694,2026-03-25,13279.49,Closed Won
OP003772,L016711,2026-05-16,10094.54,Closed Lost
OP003773,L016715,2024-11-16,1955.46,Open
OP003774,L016718,2025-11-26,5431.57,Closed Won
OP003775,L016721,2024-07-20,825.66,Closed Lost
OP003776,L016740,2025-01-31,4061.87,Closed Won
OP003777,L016741,2024-04-29,1417.35,Closed Won
OP003778,L016743,2026-04-07,1598.09,Closed Won
OP003779,L016753,2025-08-31,2285.31,Closed Won
OP003780,L016759,2024-12-31,1096.53,Closed Won
OP003781,L016763,2024-05-20,3795.94,Closed Won
OP003782,L016771,2024-11-05,1454.78,Open
OP003783,L016774,2026-03-25,647.71,Closed Won
OP003784,L016784,2024-11-24,1391.49,Open
OP003785,L016787,2026-09-19,3012.92,Closed Won
OP003786,L016796,2025-01-25,4016.33,Closed Won
OP003787,L016797,2024-03-29,27546.64,Closed Won
OP003788,L016799,2026-05-28,11973.93,Closed Won
OP003789,L016814,2026-07-20,15416.34,Closed Won
OP003790,L016819,2026-06-15,906.1,Closed Won
OP003791,L016827,2024-08-07,8525.48,Open
OP003792,L016830,2024-12-01,2433.44,Closed Won
OP003793,L016833,2024-12-17,3367.54,Closed Won
OP003794,L016837,2025-02-17,742.09,Open
OP003795,L016847,2024-02-17,3848.29,Closed Lost
OP003796,L016858,2024-11-20,4297.43,Closed Won
OP003797,L016859,2024-03-17,5059.24,Open
OP003798,L016863,2025-11-11,1684.96,Closed Won
OP003799,L016867,2024-03-02,2907.29,Closed Won
OP003800,L016883,2026-01-23,4559.22,Closed Won
OP003801,L016890,2025-07-10,12392.07,Closed Lost
OP003802,L016894,2026-08-15,4156.06,Closed Won
OP003803,L016900,2026-02-24,3735.58,Closed Won
OP003804,L016906,2024-08-16,3010.37,Closed Won
OP003805,L016908,2026-03-21,5829.29,Closed Won
OP003806,L016909,2025-06-20,324.15,Closed Lost
OP003807,L016911,2024-12-22,4062.25,Closed Won
OP003808,L016917,2026-07-15,2588.1,Open
OP003809,L016924,2025-04-07,20894.17,Closed Won
OP003810,L016927,2025-03-02,980.22,Closed Won
OP003811,L016948,2024-08-03,1175.1,Closed Lost
OP003812,L016955,2026-03-26,9482.77,Closed Lost
OP003813,L016960,2025-06-14,20474.21,Open
OP003814,L016962,2025-11-09,857.48,Open
OP003815,L016963,2026-05-25,2204.99,Open
OP003816,L016966,2024-05-04,2907.11,Open
OP003817,L016969,2024-09-15,9647.65,Closed Lost
OP003818,L016980,2024-03-19,5235.13,Closed Lost
OP003819,L016987,2024-06-21,4961.74,Closed Won
OP003820,L016988,2025-11-14,10166.38,Closed Won
OP003821,L016999,2026-01-28,938.18,Closed Lost
OP003822,L017005,2025-03-03,1360.64,Closed Won
OP003823,L017011,2024-08-05,3396.51,Closed Won
OP003824,L017013,2026-03-21,4155.42,Closed Lost
OP003825,L017014,2024-10-30,3826.03,Closed Won
OP003826,L017020,2025-03-22,10402.06,Open
OP003827,L017023,2026-03-15,11287.03,Closed Won
OP003828,L017035,2025-01-11,6250.19,Open
OP003829,L017041,2025-06-25,8980.67,Closed Lost
OP003830,L017044,2026-05-24,2103.45,Closed Won
OP003831,L017050,2024-08-30,4140.44,Closed Won
OP003832,L017053,2025-05-13,5653.2,Open
OP003833,L017060,2025-04-17,4859.9,Closed Lost
OP003834,L017067,2024-03-16,5169.19,Closed Won
OP003835,L017069,2026-06-25,2700.9,Closed Won
OP003836,L017078,2026-09-24,2505.42,Open
OP003837,L017083,2025-10-15,2037.31,Closed Won
OP003838,L017091,2025-04-07,2167.59,Closed Lost
OP003839,L017100,2025-02-12,8789.12,Closed Lost
OP003840,L017119,2026-08-17,1268.92,Closed Won
OP003841,L017122,2025-02-15,1348.8,Closed Won
OP003842,L017124,2025-12-30,4892.7,Closed Lost
OP003843,L017125,2025-05-11,13417.64,Closed Won
OP003844,L017128,2025-01-09,2629.7,Open
OP003845,L017136,2025-10-30,8704.24,Closed Won
OP003846,L017137,2026-08-07,1696.06,Closed Lost
OP003847,L017139,2025-03-19,8878.27,Closed Won
OP003848,L017140,2026-02-22,6346.89,Closed Won
OP003849,L017141,2026-08-18,1738.71,Closed Lost
OP003850,L017143,2025-08-19,4943.2,Open
OP003851,L017144,2025-09-18,2818.73,Closed Won
OP003852,L017146,2024-04-02,939.04,Closed Won
OP003853,L017149,2026-10-03,1648.65,Closed Won
OP003854,L017150,2026-09-17,2617.43,Closed Won
OP003855,L017151,2024-09-18,19496.9,Closed Lost
OP003856,L017154,2024-12-04,967.18,Closed Won
OP003857,L017155,2024-02-29,2854.68,Closed Lost
OP003858,L017156,2026-04-07,5189.49,Closed Won
OP003859,L017159,2025-04-19,811.66,Closed Won
OP003860,L017160,2024-08-02,2805.21,Closed Won
OP003861,L017167,2024-11-10,10524.03,Open
OP003862,L017172,2025-11-14,968.27,Closed Lost
OP003863,L017173,2025-10-13,1639.96,Closed Won
OP003864,L017174,2026-04-19,1204.12,Open
OP003865,L017175,2026-09-04,3961.89,Closed Lost
OP003866,L017176,2025-05-13,1517.33,Open
OP003867,L017177,2024-05-19,1625.24,Closed Won
OP003868,L017188,2026-06-03,3001.15,Closed Won
OP003869,L017189,2025-03-11,1438.44,Closed Won
OP003870,L017191,2024-12-07,3935.94,Closed Won
OP003871,L017193,2026-02-18,3080.45,Open
OP003872,L017196,2024-06-21,21847.87,Closed Won
OP003873,L017198,2024-09-07,1272.29,Closed Won
OP003874,L017203,2026-04-08,14243.69,Closed Won
OP003875,L017206,2024-10-29,6573.69,Closed Lost
OP003876,L017224,2024-03-12,720.9,Closed Won
OP003877,L017227,2025-10-28,1145.15,Closed Won
OP003878,L017236,2026-04-28,5999.83,Closed Lost
OP003879,L017237,2025-03-10,3084.35,Closed Won
OP003880,L017242,2024-03-09,3228.33,Closed Won
OP003881,L017245,2025-11-07,1297.38,Open
OP003882,L017249,2026-02-27,4571.97,Closed Won
OP003883,L017255,2025-10-06,7340.69,Closed Won
OP003884,L017257,2025-03-15,4733.01,Closed Won
OP003885,L017264,2024-06-13,3743.54,Closed Won
OP003886,L017266,2024-06-11,1175.39,Closed Won
OP003887,L017267,2026-05-21,3209.95,Open
OP003888,L017270,2025-10-09,2966.22,Closed Won
OP003889,L017272,2026-05-12,3186.79,Closed Lost
OP003890,L017293,2024-02-15,5124.01,Closed Won
OP003891,L017296,2025-09-19,7473.77,Closed Won
OP003892,L017301,2024-01-20,4027.03,Closed Won
OP003893,L017314,2025-05-30,3554.61,Closed Won
OP003894,L017316,2025-09-15,1496.05,Closed Won
OP003895,L017328,2024-12-21,6367.06,Open
OP003896,L017329,2025-07-15,7951.5,Closed Won
OP003897,L017331,2025-01-18,768.04,Closed Won
OP003898,L017334,2025-10-07,8542.46,Closed Won
OP003899,L017339,2025-12-05,2953.03,Closed Won
OP003900,L017347,2025-01-16,711.21,Closed Won
OP003901,L017348,2025-05-20,10827.87,Closed Won
OP003902,L017350,2025-06-08,10240.36,Closed Lost
OP003903,L017351,2024-08-02,1186.56,Closed Won
OP003904,L017356,2024-10-13,5711.67,Closed Lost
OP003905,L017360,2024-08-08,2368.05,Closed Won
OP003906,L017362,2024-10-11,1276.05,Open
OP003907,L017369,2024-07-23,5704.34,Closed Won
OP003908,L017371,2024-05-24,2103.96,Open
OP003909,L017374,2026-01-14,9597.21,Closed Lost
OP003910,L017376,2025-02-24,2379.57,Open
OP003911,L017382,2025-10-11,2603.1,Open
OP003912,L017391,2024-05-03,8185.89,Closed Lost
OP003913,L017394,2026-05-26,2147.93,Closed Won
OP003914,L017395,2024-09-24,1360.14,Closed Won
OP003915,L017397,2026-04-24,11093.82,Closed Lost
OP003916,L017398,2026-08-04,561.27,Open
OP003917,L017404,2026-06-04,1331.18,Closed Won
OP003918,L017406,2024-06-11,1981.1,Closed Lost
OP003919,L017408,2025-04-01,2394.29,Closed Won
OP003920,L017419,2026-02-03,5929.45,Closed Won
OP003921,L017423,2024-05-05,2082.62,Closed Lost
OP003922,L017424,2026-08-08,10600.37,Closed Won
OP003923,L017425,2026-07-09,9790.54,Closed Won
OP003924,L017426,2025-08-10,639.9,Closed Lost
OP003925,L017431,2024-07-28,4420.46,Closed Lost
OP003926,L017433,2025-09-13,4989.43,Closed Won
OP003927,L017437,2024-06-01,4944.96,Open
OP003928,L017439,2024-06-16,6939.33,Closed Lost
OP003929,L017440,2025-07-17,3874.13,Closed Won
OP003930,L017441,2024-11-09,10645.88,Closed Won
OP003931,L017443,2026-03-04,10406.59,Closed Won
OP003932,L017445,2026-03-15,3585.67,Closed Won
OP003933,L017458,2025-05-07,4471.27,Open
OP003934,L017465,2025-08-14,4643.21,Closed Won
OP003935,L017466,2025-11-19,872.53,Open
OP003936,L017470,2026-02-16,6451.13,Closed Won
OP003937,L017479,2026-03-05,2659.24,Closed Won
OP003938,L017488,2026-02-10,2789.16,Closed Won
OP003939,L017498,2024-05-05,440.23,Closed Won
OP003940,L017499,2024-11-09,4085.57,Closed Won
OP003941,L017506,2024-07-26,3222.94,Closed Won
OP003942,L017509,2025-01-16,4713.48,Closed Won
OP003943,L017515,2026-04-09,2741.71,Closed Won
OP003944,L017521,2026-07-15,6857.42,Closed Lost
OP003945,L017525,2025-01-16,5464.36,Closed Won
OP003946,L017526,2025-08-19,28925.41,Closed Lost
OP003947,L017531,2025-05-26,4356.34,Open
OP003948,L017534,2024-03-30,1614.12,Open
OP003949,L017539,2026-07-18,3454.98,Closed Won
OP003950,L017543,2024-12-06,4488.98,Closed Lost
OP003951,L017544,2026-03-26,5286.48,Open
OP003952,L017545,2025-03-19,5828.73,Closed Won
OP003953,L017554,2026-02-26,10215.72,Closed Lost
OP003954,L017560,2026-03-27,4122.22,Open
OP003955,L017566,2024-10-08,3081.66,Closed Won
OP003956,L017568,2024-06-21,14054.46,Closed Won
OP003957,L017573,2025-01-11,4766.99,Closed Won
OP003958,L017574,2024-06-13,2536.81,Closed Lost
OP003959,L017576,2025-02-16,6693.04,Closed Won
OP003960,L017579,2026-08-19,15902.74,Closed Won
OP003961,L017583,2025-06-26,2102.47,Closed Won
OP003962,L017585,2025-06-02,7338.15,Open
OP003963,L017586,2025-07-21,1194.17,Open
OP003964,L017591,2024-03-10,2656.27,Closed Won
OP003965,L017593,2025-03-22,1066.96,Closed Won
OP003966,L017595,2025-10-19,3745.77,Closed Lost
OP003967,L017601,2024-06-12,8205.13,Closed Won
OP003968,L017604,2025-05-20,2180.41,Open
OP003969,L017605,2025-12-01,5024.95,Closed Lost
OP003970,L017617,2024-09-22,12698.11,Closed Won
OP003971,L017618,2024-05-31,1446.32,Closed Lost
OP003972,L017619,2026-04-11,4307.66,Open
OP003973,L017625,2026-04-29,1260.14,Closed Won
OP003974,L017632,2024-10-29,720.27,Closed Lost
OP003975,L017645,2025-11-17,1778.01,Closed Won
OP003976,L017654,2025-07-11,3337.82,Closed Won
OP003977,L017675,2026-07-07,802.15,Closed Won
OP003978,L017678,2025-08-08,1155.8,Closed Won
OP003979,L017683,2024-11-02,4243.67,Open
OP003980,L017690,2024-12-27,945.25,Closed Won
OP003981,L017693,2024-04-29,6922.96,Closed Won
OP003982,L017696,2026-07-28,8189.93,Closed Lost
OP003983,L017705,2026-07-15,2243.78,Open
OP003984,L017709,2026-05-25,3666.83,Closed Won
OP003985,L017710,2024-09-19,526.91,Closed Won
OP003986,L017711,2024-08-22,5006.43,Closed Won
OP003987,L017716,2025-09-14,1706.35,Open
OP003988,L017718,2024-04-27,332.83,Closed Won
OP003989,L017722,2025-10-01,4971.88,Open
OP003990,L017724,2024-05-01,5601.4,Closed Won
OP003991,L017726,2025-02-09,2958.9,Closed Won
OP003992,L017727,2024-09-12,8667.39,Closed Lost
OP003993,L017728,2025-12-04,11016.7,Closed Won
OP003994,L017731,2025-04-23,503.55,Closed Lost
OP003995,L017742,2025-04-01,1264.52,Closed Lost
OP003996,L017749,2024-06-07,2986.57,Closed Won
OP003997,L017750,2025-05-15,4798.45,Closed Won
OP003998,L017752,2025-10-30,1807.15,Closed Won
OP003999,L017754,2025-03-26,681.6,Closed Lost
OP004000,L017763,2024-08-29,4019.34,Closed Won
OP004001,L017769,2026-02-21,1470.17,Closed Won
OP004002,L017770,2025-05-22,2478.3,Closed Won
OP004003,L017771,2025-03-31,4186.13,Closed Won
OP004004,L017785,2024-12-26,4924.31,Open
OP004005,L017786,2026-07-26,2038.81,Open
OP004006,L017788,2024-07-30,4813.62,Closed Won
OP004007,L017795,2024-11-15,7122.03,Closed Lost
OP004008,L017797,2025-05-09,1333.15,Closed Won
OP004009,L017799,2025-03-12,25348.1,Closed Won
OP004010,L017801,2026-05-12,2371.7,Closed Won
OP004011,L017803,2025-08-07,567.03,Closed Won
OP004012,L017804,2024-03-07,5926.41,Closed Won
OP004013,L017809,2024-03-04,2111.16,Closed Lost
OP004014,L017811,2026-05-04,2559.52,Closed Won
OP004015,L017812,2026-01-20,1054.13,Closed Won
OP004016,L017814,2026-08-31,1392.6,Closed Lost
OP004017,L017815,2024-12-30,1049.39,Closed Won
OP004018,L017818,2026-08-17,2360.77,Closed Won
OP004019,L017823,2025-09-16,755.19,Closed Won
OP004020,L017824,2024-02-22,4550.02,Closed Won
OP004021,L017825,2025-06-16,2069.76,Open
OP004022,L017826,2025-09-16,5566.31,Closed Won
OP004023,L017833,2026-05-27,1560.54,Closed Won
OP004024,L017850,2024-01-29,12702.79,Closed Won
OP004025,L017851,2025-06-04,5308.24,Closed Won
OP004026,L017855,2025-04-09,5822.49,Open
OP004027,L017860,2025-09-11,4007.72,Closed Won
OP004028,L017871,2025-06-28,7957.79,Closed Won
OP004029,L017873,2025-07-02,1329.52,Closed Lost
OP004030,L017875,2024-09-02,13972.41,Closed Won
OP004031,L017877,2026-10-04,5967.15,Closed Lost
OP004032,L017880,2026-04-29,4487.67,Closed Won
OP004033,L017884,2025-10-15,1062.34,Closed Won
OP004034,L017885,2024-09-18,1417.23,Open
OP004035,L017888,2026-02-10,5205.6,Closed Lost
OP004036,L017889,2024-09-27,2302.24,Closed Won
OP004037,L017896,2024-04-02,2813.29,Closed Won
OP004038,L017912,2024-11-13,1959.56,Closed Won
OP004039,L017918,2024-05-12,2094.61,Closed Won
OP004040,L017926,2026-08-28,690.07,Closed Won
OP004041,L017930,2026-01-15,2651.97,Closed Won
OP004042,L017933,2025-08-24,1309.66,Closed Won
OP004043,L017941,2024-09-29,1919.49,Closed Won
OP004044,L017962,2024-09-15,3532.62,Closed Lost
OP004045,L017964,2024-06-18,3259.56,Closed Lost
OP004046,L017969,2025-01-03,1302.42,Open
OP004047,L017980,2024-03-23,2216.55,Open
OP004048,L017985,2024-05-25,2453.61,Open
OP004049,L017988,2025-05-14,31132.56,Open
OP004050,L017989,2024-03-16,3225.72,Closed Won
OP004051,L017992,2025-12-04,947.51,Closed Won
OP004052,L017993,2024-02-03,3471.18,Closed Won
OP004053,L018001,2026-04-10,3448.85,Closed Won
OP004054,L018012,2024-09-18,614.54,Closed Won
OP004055,L018016,2026-02-28,995.21,Closed Lost
OP004056,L018021,2026-08-28,1828.07,Closed Won
OP004057,L018037,2026-05-21,2254.92,Open
OP004058,L018039,2026-04-21,1070.52,Closed Lost
OP004059,L018041,2026-03-27,3589.64,Closed Won
OP004060,L018042,2025-08-04,1763.66,Open
OP004061,L018043,2026-01-01,3198.4,Closed Won
OP004062,L018045,2025-09-23,752.68,Closed Lost
OP004063,L018046,2025-01-04,3789.14,Closed Won
OP004064,L018049,2024-08-28,1308.2,Closed Lost
OP004065,L018054,2024-12-28,506.87,Closed Won
OP004066,L018055,2026-05-06,892.53,Closed Won
OP004067,L018060,2026-01-11,886.6,Closed Won
OP004068,L018062,2024-10-17,828.11,Closed Lost
OP004069,L018065,2024-04-03,1422.44,Closed Lost
OP004070,L018067,2026-05-08,3530.33,Closed Lost
OP004071,L018069,2025-04-15,1541.01,Closed Won
OP004072,L018072,2025-03-12,3891.75,Closed Won
OP004073,L018074,2026-04-21,6434.12,Closed Won
OP004074,L018075,2026-04-02,3832.97,Closed Won
OP004075,L018076,2025-03-19,8616.33,Closed Won
OP004076,L018080,2026-01-08,4451.28,Open
OP004077,L018084,2026-06-15,10180.02,Closed Won
OP004078,L018089,2024-08-01,2850.27,Closed Lost
OP004079,L018097,2026-06-01,7173.77,Closed Won
OP004080,L018098,2025-11-03,2626.75,Closed Won
OP004081,L018103,2025-05-16,1555.84,Closed Won
OP004082,L018106,2026-08-22,6139.3,Closed Won
OP004083,L018108,2026-05-15,1792.12,Closed Won
OP004084,L018109,2026-09-03,1229.35,Closed Lost
OP004085,L018121,2024-04-15,3788.72,Closed Won
OP004086,L018123,2026-01-26,2306.6,Closed Won
OP004087,L018124,2025-06-21,19576.34,Open
OP004088,L018130,2025-06-25,516.61,Closed Won
OP004089,L018132,2024-02-26,796.65,Closed Won
OP004090,L018133,2024-04-26,3216.13,Closed Won
OP004091,L018135,2025-04-29,7389.39,Closed Won
OP004092,L018137,2024-05-09,4064.08,Closed Won
OP004093,L018138,2026-04-18,5813.7,Closed Won
OP004094,L018144,2025-09-14,4658.91,Closed Won
OP004095,L018145,2025-04-11,1600.48,Open
OP004096,L018147,2024-10-07,2772.53,Closed Lost
OP004097,L018150,2024-07-24,380.87,Open
OP004098,L018156,2025-06-24,15588.94,Closed Lost
OP004099,L018167,2026-04-27,1641.18,Closed Won
OP004100,L018172,2025-12-27,4060.81,Closed Lost
OP004101,L018174,2024-01-31,12267.1,Closed Won
OP004102,L018176,2024-05-16,1910.17,Open
OP004103,L018181,2025-06-19,2685.65,Closed Won
OP004104,L018199,2026-04-15,2999.81,Closed Won
OP004105,L018200,2025-11-04,1358.44,Closed Lost
OP004106,L018233,2026-04-21,1537.56,Closed Won
OP004107,L018234,2025-03-20,2701.01,Closed Won
OP004108,L018239,2026-03-12,7505.1,Closed Won
OP004109,L018241,2025-05-11,2520.51,Open
OP004110,L018243,2025-05-12,2987.39,Closed Won
OP004111,L018250,2025-11-23,6828.14,Closed Won
OP004112,L018254,2025-12-20,1123.64,Closed Won
OP004113,L018255,2025-10-05,9945.48,Closed Won
OP004114,L018256,2024-04-22,2977.48,Closed Won
OP004115,L018259,2024-11-05,1145.0,Closed Won
OP004116,L018260,2026-06-22,530.18,Closed Won
OP004117,L018267,2025-01-29,2195.09,Open
OP004118,L018285,2025-06-14,7757.44,Closed Won
OP004119,L018290,2026-03-10,1156.5,Closed Won
OP004120,L018293,2025-05-15,1169.02,Closed Lost
OP004121,L018294,2026-02-04,2598.22,Closed Won
OP004122,L018298,2026-01-11,1056.94,Open
OP004123,L018302,2024-10-28,7111.4,Open
OP004124,L018303,2025-12-31,19658.35,Closed Lost
OP004125,L018304,2025-12-28,4752.58,Closed Lost
OP004126,L018305,2025-11-14,593.36,Open
OP004127,L018325,2025-11-01,1361.43,Open
OP004128,L018332,2025-11-14,3571.53,Closed Won
OP004129,L018333,2025-09-22,296.64,Open
OP004130,L018334,2026-06-21,4059.3,Closed Lost
OP004131,L018337,2024-12-30,5143.83,Closed Lost
OP004132,L018342,2026-06-21,29278.01,Closed Won
OP004133,L018347,2024-12-26,1679.32,Closed Won
OP004134,L018348,2026-08-17,250.0,Closed Won
OP004135,L018354,2025-10-09,942.31,Closed Won
OP004136,L018363,2025-11-27,4499.12,Closed Lost
OP004137,L018366,2025-05-21,1969.05,Closed Won
OP004138,L018372,2025-05-05,2443.22,Closed Won
OP004139,L018375,2025-07-12,2068.71,Open
OP004140,L018376,2026-04-20,6784.17,Closed Lost
OP004141,L018379,2024-09-19,1072.3,Closed Won
OP004142,L018380,2026-03-17,1338.35,Closed Won
OP004143,L018381,2025-08-12,2716.72,Closed Won
OP004144,L018385,2026-03-30,1010.87,Closed Won
OP004145,L018386,2024-12-28,8543.73,Closed Won
OP004146,L018407,2026-06-09,4713.93,Closed Lost
OP004147,L018411,2026-03-11,1428.75,Closed Won
OP004148,L018417,2026-04-28,3773.1,Closed Won
OP004149,L018427,2026-08-24,1600.87,Open
OP004150,L018432,2025-08-24,1461.88,Closed Won
OP004151,L018435,2024-11-17,1660.01,Closed Won
OP004152,L018436,2024-03-16,1886.97,Closed Won
OP004153,L018441,2026-08-24,913.5,Open
OP004154,L018449,2025-07-01,7259.75,Closed Won
OP004155,L018454,2024-05-21,6311.81,Open
OP004156,L018455,2024-07-27,21513.25,Closed Won
OP004157,L018460,2024-11-20,6119.79,Closed Won
OP004158,L018464,2025-12-29,2025.52,Closed Won
OP004159,L018466,2026-01-24,1717.1,Closed Lost
OP004160,L018467,2024-05-29,1216.81,Closed Won
OP004161,L018468,2024-06-08,12501.94,Closed Won
OP004162,L018469,2024-03-06,1081.53,Closed Won
OP004163,L018488,2024-08-07,3451.16,Closed Won
OP004164,L018489,2025-02-20,4708.76,Open
OP004165,L018493,2025-01-15,2724.34,Closed Won
OP004166,L018502,2025-12-18,1048.26,Closed Won
OP004167,L018503,2026-05-27,950.35,Closed Won
OP004168,L018505,2024-10-27,2772.82,Closed Won
OP004169,L018513,2025-07-25,505.75,Closed Won
OP004170,L018522,2024-04-10,1009.92,Closed Won
OP004171,L018532,2025-05-04,1292.16,Closed Lost
OP004172,L018533,2025-03-21,1074.62,Closed Won
OP004173,L018534,2026-03-25,258.66,Closed Lost
OP004174,L018541,2025-06-30,4720.91,Closed Won
OP004175,L018548,2025-04-16,3059.35,Closed Won
OP004176,L018554,2024-06-10,12258.07,Closed Won
OP004177,L018555,2024-08-29,12698.02,Open
OP004178,L018558,2024-06-12,2187.81,Closed Won
OP004179,L018560,2025-06-21,6810.27,Closed Won
OP004180,L018566,2026-04-21,1127.02,Closed Won
OP004181,L018572,2026-04-25,9684.23,Closed Won
OP004182,L018574,2024-10-16,10078.9,Closed Won
OP004183,L018577,2025-01-11,11561.72,Open
OP004184,L018592,2026-08-30,2623.6,Closed Won
OP004185,L018593,2024-10-19,1393.09,Closed Won
OP004186,L018595,2024-02-13,745.08,Closed Won
OP004187,L018596,2025-12-20,15169.33,Closed Won
OP004188,L018609,2025-10-10,991.28,Closed Won
OP004189,L018611,2025-04-13,3462.59,Closed Won
OP004190,L018624,2024-05-28,746.84,Closed Won
OP004191,L018631,2025-09-30,567.44,Closed Lost
OP004192,L018632,2024-10-10,1830.81,Closed Won
OP004193,L018641,2024-12-05,6479.02,Closed Won
OP004194,L018643,2025-03-24,1029.41,Closed Won
OP004195,L018648,2026-04-19,3387.08,Closed Lost
OP004196,L018651,2024-10-06,10034.48,Closed Won
OP004197,L018657,2025-11-10,3596.07,Closed Lost
OP004198,L018661,2026-03-04,6704.28,Open
OP004199,L018667,2024-08-28,1327.89,Closed Won
OP004200,L018668,2024-02-18,1141.45,Closed Won
OP004201,L018670,2024-03-09,4584.15,Closed Won
OP004202,L018673,2025-07-16,1012.1,Closed Won
OP004203,L018679,2024-10-29,2101.74,Closed Won
OP004204,L018682,2024-06-01,2356.86,Closed Won
OP004205,L018684,2024-11-23,2216.18,Open
OP004206,L018688,2024-06-30,1091.31,Closed Won
OP004207,L018693,2024-07-06,5336.38,Closed Won
OP004208,L018697,2024-08-04,16398.51,Closed Won
OP004209,L018698,2025-08-05,638.82,Closed Lost
OP004210,L018699,2024-02-21,26185.82,Open
OP004211,L018718,2025-12-16,5311.91,Closed Won
OP004212,L018722,2024-05-30,9997.12,Closed Won
OP004213,L018723,2025-06-11,14949.05,Closed Lost
OP004214,L018725,2026-02-04,3340.36,Open
OP004215,L018730,2025-10-03,2275.95,Closed Won
OP004216,L018731,2024-01-12,1699.89,Closed Won
OP004217,L018738,2026-04-08,3906.87,Closed Won
OP004218,L018742,2026-08-08,7720.4,Closed Lost
OP004219,L018745,2025-08-22,11028.3,Open
OP004220,L018766,2024-02-17,5481.94,Closed Won
OP004221,L018790,2025-02-08,1214.62,Closed Lost
OP004222,L018791,2024-10-29,4122.73,Closed Lost
OP004223,L018798,2025-04-28,3956.26,Open
OP004224,L018805,2025-10-11,1369.26,Closed Won
OP004225,L018808,2025-07-14,450.83,Closed Won
OP004226,L018810,2025-04-09,4685.33,Closed Won
OP004227,L018823,2024-08-09,2889.65,Closed Won
OP004228,L018824,2024-11-22,15733.71,Closed Won
OP004229,L018825,2024-11-18,697.14,Closed Won
OP004230,L018831,2024-12-22,1188.67,Closed Won
OP004231,L018833,2025-09-22,6818.43,Open
OP004232,L018835,2024-09-28,2549.1,Closed Lost
OP004233,L018839,2025-04-13,13976.74,Closed Won
OP004234,L018841,2024-07-18,803.72,Closed Lost
OP004235,L018849,2024-02-16,2271.92,Closed Won
OP004236,L018868,2026-05-01,2516.28,Closed Won
OP004237,L018879,2026-08-26,6091.66,Closed Won
OP004238,L018881,2026-03-14,6163.04,Open
OP004239,L018882,2026-07-05,3086.23,Closed Won
OP004240,L018885,2026-09-04,674.12,Closed Won
OP004241,L018893,2024-10-11,2732.24,Closed Lost
OP004242,L018895,2024-08-31,4776.18,Closed Won
OP004243,L018915,2026-01-16,11280.21,Closed Won
OP004244,L018921,2024-04-01,2042.89,Closed Won
OP004245,L018923,2025-05-05,2974.7,Closed Won
OP004246,L018924,2025-09-03,2463.8,Closed Won
OP004247,L018936,2025-06-03,2827.88,Closed Won
OP004248,L018938,2025-05-12,4451.78,Closed Lost
OP004249,L018945,2024-03-09,6487.35,Closed Won
OP004250,L018953,2025-10-24,2203.07,Closed Won
OP004251,L018958,2025-07-07,817.96,Closed Won
OP004252,L018959,2025-12-29,730.15,Closed Won
OP004253,L018962,2025-04-18,1264.71,Closed Lost
OP004254,L018963,2025-03-20,2280.38,Open
OP004255,L018966,2026-03-20,762.93,Open
OP004256,L018970,2024-12-18,7127.56,Closed Won
OP004257,L018973,2024-04-30,4632.95,Closed Won
OP004258,L018978,2025-12-08,1519.43,Closed Won
OP004259,L018981,2026-10-03,910.84,Closed Won
OP004260,L018987,2024-06-14,2164.34,Closed Won
OP004261,L018988,2024-03-15,2263.44,Closed Lost
OP004262,L018991,2024-01-30,4901.61,Closed Won
OP004263,L018997,2025-09-09,2500.74,Closed Won
OP004264,L018999,2026-05-11,1719.47,Closed Won
OP004265,L019002,2025-06-30,2628.21,Closed Lost
OP004266,L019004,2025-09-19,1053.87,Closed Lost
OP004267,L019006,2024-10-20,15176.6,Closed Won
OP004268,L019014,2024-04-09,764.43,Closed Lost
OP004269,L019018,2025-02-11,2495.35,Closed Won
OP004270,L019020,2025-04-23,4925.11,Closed Won
OP004271,L019022,2024-06-04,4854.17,Closed Won
OP004272,L019028,2026-05-16,4324.91,Closed Won
OP004273,L019029,2024-12-08,3307.21,Closed Lost
OP004274,L019030,2026-05-31,1064.92,Open
OP004275,L019031,2025-02-13,967.68,Closed Won
OP004276,L019038,2024-04-26,721.14,Closed Won
OP004277,L019039,2025-10-31,17343.87,Closed Won
OP004278,L019041,2024-04-22,4926.0,Closed Won
OP004279,L019044,2024-09-07,2362.24,Closed Won
OP004280,L019047,2026-07-15,1168.16,Open
OP004281,L019052,2025-10-09,1376.63,Open
OP004282,L019063,2024-11-10,2781.98,Closed Won
OP004283,L019064,2024-11-09,2258.7,Closed Won
OP004284,L019065,2025-03-17,3104.12,Closed Won
OP004285,L019066,2025-06-08,1666.39,Closed Won
OP004286,L019076,2025-10-14,1633.5,Closed Won
OP004287,L019077,2025-08-28,1893.34,Open
OP004288,L019083,2024-07-16,2389.33,Closed Won
OP004289,L019093,2025-04-24,1359.86,Closed Lost
OP004290,L019096,2025-08-18,2055.68,Closed Won
OP004291,L019102,2024-08-30,1173.37,Closed Won
OP004292,L019104,2025-03-30,13465.29,Closed Won
OP004293,L019118,2025-01-21,4292.32,Closed Won
OP004294,L019129,2026-03-03,6967.86,Closed Won
OP004295,L019135,2025-04-21,3418.45,Closed Won
OP004296,L019147,2024-02-24,2272.13,Closed Won
OP004297,L019151,2024-02-25,2173.27,Open
OP004298,L019159,2026-09-04,1004.99,Closed Won
OP004299,L019162,2024-01-11,598.98,Open
OP004300,L019166,2026-01-22,7556.75,Closed Won
OP004301,L019177,2025-08-13,2788.64,Closed Won
OP004302,L019183,2026-03-02,1749.26,Open
OP004303,L019184,2025-03-25,2092.84,Closed Won
OP004304,L019185,2024-06-17,3236.75,Closed Won
OP004305,L019192,2026-05-27,9495.65,Closed Won
OP004306,L019204,2024-06-27,4003.53,Open
OP004307,L019207,2024-12-26,863.59,Open
OP004308,L019214,2025-09-30,5283.03,Closed Won
OP004309,L019219,2024-11-21,4513.55,Closed Lost
OP004310,L019226,2026-02-22,2208.22,Closed Lost
OP004311,L019227,2025-12-19,1212.36,Closed Lost
OP004312,L019235,2026-04-16,1302.95,Closed Won
OP004313,L019242,2024-01-27,1972.84,Open
OP004314,L019248,2026-07-15,9182.21,Open
OP004315,L019251,2025-04-15,10187.16,Closed Won
OP004316,L019258,2024-04-04,1136.31,Closed Won
OP004317,L019260,2024-07-25,2846.3,Closed Won
OP004318,L019261,2024-09-07,1023.04,Closed Won
OP004319,L019266,2025-10-13,1501.96,Open
OP004320,L019268,2024-09-28,3018.51,Closed Won
OP004321,L019276,2026-08-28,1740.67,Closed Lost
OP004322,L019278,2025-09-01,10591.93,Closed Lost
OP004323,L019279,2025-09-01,3761.16,Closed Won
OP004324,L019282,2025-04-20,5567.82,Open
OP004325,L019285,2025-12-01,1686.47,Closed Won
OP004326,L019286,2026-02-15,5884.47,Closed Won
OP004327,L019290,2026-01-28,8608.13,Closed Won
OP004328,L019298,2025-11-29,635.3,Closed Won
OP004329,L019299,2024-02-20,5042.69,Open
OP004330,L019304,2024-01-09,52355.93,Closed Won
OP004331,L019307,2025-07-04,2648.03,Closed Won
OP004332,L019311,2024-02-20,5119.74,Closed Won
OP004333,L019315,2025-09-04,3235.71,Closed Won
OP004334,L019318,2024-12-04,734.5,Closed Lost
OP004335,L019321,2026-06-02,2519.23,Closed Won
OP004336,L019322,2024-11-19,9614.19,Open
OP004337,L019338,2024-08-19,1351.8,Closed Won
OP004338,L019343,2024-03-16,818.7,Closed Lost
OP004339,L019353,2024-12-09,14821.61,Closed Lost
OP004340,L019361,2024-09-11,4904.56,Closed Won
OP004341,L019367,2026-03-19,4553.48,Closed Won
OP004342,L019376,2026-08-07,1604.43,Closed Won
OP004343,L019379,2026-08-13,1548.85,Closed Won
OP004344,L019382,2025-05-24,2461.72,Closed Won
OP004345,L019385,2024-09-02,362.86,Closed Won
OP004346,L019388,2026-05-17,767.06,Open
OP004347,L019390,2025-10-17,2223.19,Closed Won
OP004348,L019396,2025-12-03,5201.91,Closed Lost
OP004349,L019399,2025-03-02,1851.85,Open
OP004350,L019407,2026-01-12,7097.83,Closed Lost
OP004351,L019409,2026-05-26,6805.29,Open
OP004352,L019411,2025-05-07,6077.7,Closed Won
OP004353,L019418,2026-02-23,5528.27,Closed Won
OP004354,L019419,2025-07-27,1178.27,Open
OP004355,L019424,2025-11-23,1354.56,Closed Won
OP004356,L019428,2024-08-01,4435.09,Open
OP004357,L019432,2026-02-05,1375.32,Open
OP004358,L019439,2024-12-24,3920.8,Closed Lost
OP004359,L019443,2026-05-08,567.43,Open
OP004360,L019456,2025-08-14,3209.93,Closed Lost
OP004361,L019463,2024-06-27,9464.72,Closed Won
OP004362,L019469,2024-12-17,15562.57,Open
OP004363,L019470,2024-10-26,4283.23,Closed Won
OP004364,L019476,2025-10-01,3146.46,Closed Won
OP004365,L019477,2025-07-07,5980.21,Closed Lost
OP004366,L019479,2025-04-24,250.0,Closed Won
OP004367,L019481,2025-08-17,2503.98,Closed Lost
OP004368,L019486,2025-10-09,6301.55,Closed Won
OP004369,L019488,2025-09-14,2639.28,Closed Won
OP004370,L019490,2025-08-07,1951.24,Open
OP004371,L019495,2026-09-08,3494.07,Closed Won
OP004372,L019497,2025-07-03,721.34,Closed Won
OP004373,L019500,2026-03-14,645.75,Closed Won
OP004374,L019505,2025-04-17,3544.41,Closed Won
OP004375,L019507,2025-07-09,6345.27,Closed Won
OP004376,L019512,2026-01-01,4589.39,Closed Won
OP004377,L019515,2025-06-14,2476.76,Closed Lost
OP004378,L019525,2026-06-02,3334.78,Closed Won
OP004379,L019526,2026-08-02,1018.16,Closed Won
OP004380,L019527,2025-04-23,5229.81,Closed Won
OP004381,L019532,2024-09-02,1340.33,Closed Lost
OP004382,L019542,2026-05-25,2716.07,Closed Won
OP004383,L019546,2026-08-10,1206.91,Closed Won
OP004384,L019548,2024-02-23,6302.56,Open
OP004385,L019550,2024-03-16,4083.4,Closed Won
OP004386,L019551,2024-10-02,7863.17,Closed Won
OP004387,L019554,2025-06-22,814.09,Closed Won
OP004388,L019558,2025-10-16,1683.56,Closed Won
OP004389,L019559,2026-03-07,986.79,Closed Won
OP004390,L019562,2024-03-03,2685.25,Closed Won
OP004391,L019563,2025-04-18,2715.63,Closed Won
OP004392,L019567,2026-05-22,1305.06,Open
OP004393,L019574,2025-09-13,5335.97,Open
OP004394,L019590,2025-06-17,1897.83,Closed Won
OP004395,L019616,2025-07-11,6050.4,Closed Lost
OP004396,L019620,2026-05-24,8081.04,Open
OP004397,L019625,2024-03-27,2215.31,Open
OP004398,L019627,2024-11-27,571.32,Closed Lost
OP004399,L019645,2025-10-14,513.45,Closed Lost
OP004400,L019650,2025-03-23,7659.25,Closed Won
OP004401,L019652,2024-11-10,15956.42,Closed Lost
OP004402,L019656,2026-06-02,1328.26,Closed Won
OP004403,L019659,2024-09-25,6754.7,Closed Won
OP004404,L019672,2026-08-03,1063.89,Closed Won
OP004405,L019673,2025-04-10,13347.43,Closed Lost
OP004406,L019679,2025-12-15,1994.43,Closed Won
OP004407,L019680,2026-04-08,1064.86,Closed Won
OP004408,L019682,2026-06-25,1458.75,Closed Won
OP004409,L019691,2026-09-02,3230.61,Closed Won
OP004410,L019694,2025-04-07,4787.97,Open
OP004411,L019697,2026-05-29,16028.35,Open
OP004412,L019712,2024-09-06,4325.92,Closed Won
OP004413,L019724,2025-10-30,1415.06,Closed Won
OP004414,L019725,2024-11-26,10960.05,Closed Won
OP004415,L019727,2025-12-25,2414.99,Closed Won
OP004416,L019728,2026-07-03,780.19,Open
OP004417,L019737,2025-01-07,15648.36,Closed Won
OP004418,L019744,2025-05-29,4764.64,Closed Won
OP004419,L019745,2024-07-27,2611.31,Closed Won
OP004420,L019751,2025-09-11,19298.58,Closed Lost
OP004421,L019765,2024-09-27,410.73,Closed Lost
OP004422,L019768,2026-01-20,2644.65,Closed Won
OP004423,L019769,2025-12-30,716.03,Closed Won
OP004424,L019773,2025-12-04,1981.66,Closed Lost
OP004425,L019774,2024-04-20,1930.83,Closed Won
OP004426,L019776,2024-02-11,785.35,Open
OP004427,L019779,2025-07-08,9731.76,Closed Won
OP004428,L019782,2025-02-08,9511.52,Closed Won
OP004429,L019786,2025-01-07,1164.47,Closed Won
OP004430,L019791,2026-06-23,344.86,Closed Lost
OP004431,L019795,2024-08-20,21346.62,Closed Won
OP004432,L019799,2026-02-25,3432.74,Closed Won
OP004433,L019802,2026-02-15,747.32,Closed Won
OP004434,L019806,2026-05-02,2765.47,Closed Lost
OP004435,L019810,2024-02-05,2138.65,Closed Lost
OP004436,L019813,2025-11-28,3199.11,Closed Won
OP004437,L019820,2025-05-10,723.7,Closed Lost
OP004438,L019821,2025-11-11,8440.96,Closed Won
OP004439,L019822,2024-03-04,1330.96,Closed Won
OP004440,L019824,2024-03-08,3667.46,Open
OP004441,L019827,2025-06-19,1701.05,Open
OP004442,L019832,2024-03-03,785.14,Closed Won
OP004443,L019835,2025-04-09,2253.8,Closed Won
OP004444,L019839,2025-07-15,9787.07,Closed Lost
OP004445,L019844,2024-07-10,1615.08,Closed Won
OP004446,L019860,2024-05-08,5350.09,Closed Lost
OP004447,L019863,2026-01-01,1297.35,Closed Won
OP004448,L019868,2025-07-15,1402.31,Closed Lost
OP004449,L019872,2024-12-10,4588.17,Closed Lost
OP004450,L019873,2024-03-07,5151.86,Closed Won
OP004451,L019876,2026-07-17,6563.05,Open
OP004452,L019881,2026-01-15,516.29,Closed Lost
OP004453,L019883,2024-03-29,1405.54,Open
OP004454,L019885,2024-05-02,2034.11,Closed Won
OP004455,L019886,2025-08-04,819.94,Closed Lost
OP004456,L019893,2024-12-24,1178.58,Closed Won
OP004457,L019895,2024-09-17,1481.49,Closed Won
OP004458,L019898,2025-08-01,1663.89,Open
OP004459,L019900,2024-08-12,12096.78,Closed Won
OP004460,L019902,2024-07-22,5610.41,Closed Lost
OP004461,L019908,2025-03-03,4303.61,Closed Won
OP004462,L019910,2025-03-25,13934.72,Closed Lost
OP004463,L019911,2024-10-19,2308.48,Closed Won
OP004464,L019913,2025-10-20,291.66,Closed Won
OP004465,L019919,2024-10-01,12300.59,Closed Won
OP004466,L019923,2024-01-24,7535.59,Open
OP004467,L019927,2025-04-28,1342.54,Closed Won
OP004468,L019929,2024-02-02,843.38,Open
OP004469,L019935,2025-02-02,5696.74,Closed Lost
OP004470,L019936,2026-08-14,592.67,Closed Won
OP004471,L019938,2025-03-07,2337.14,Closed Won
OP004472,L019948,2025-09-05,3035.21,Closed Won
OP004473,L019957,2026-09-20,2837.31,Open
OP004474,L019961,2025-11-24,1835.96,Closed Won
OP004475,L019963,2024-03-10,10503.51,Closed Won
OP004476,L019964,2024-12-13,1170.74,Closed Won
OP004477,L019965,2026-07-12,1119.81,Closed Won
OP004478,L019967,2024-04-16,3650.91,Closed Won
OP004479,L019980,2025-09-16,19381.31,Closed Won
OP004480,L019982,2026-09-03,47455.74,Closed Won
OP004481,L019984,2025-08-08,3426.91,Closed Won
OP004482,L019990,2026-08-17,21702.13,Closed Won
OP004483,L019993,2026-01-21,447.98,Open
OP004484,L019998,2026-07-16,7668.67,Open
OP004485,L020001,2024-06-28,11036.31,Closed Won
OP004486,L020003,2024-04-26,6344.09,Closed Won
OP004487,L020004,2024-04-15,1031.64,Closed Won
OP004488,L020005,2024-04-12,566.18,Closed Lost
OP004489,L020012,2024-12-21,6959.87,Closed Won
OP004490,L020015,2025-09-03,1242.11,Open
OP004491,L020017,2025-01-21,1775.77,Closed Won
OP004492,L020020,2025-03-21,10683.99,Closed Won
OP004493,L020024,2025-12-18,2764.56,Open
OP004494,L020026,2026-03-03,15936.08,Closed Won
OP004495,L020027,2025-07-19,4707.66,Open
OP004496,L020028,2025-05-06,8234.39,Closed Won
OP004497,L020033,2026-05-20,6229.67,Closed Won
OP004498,L020047,2025-10-21,1511.31,Closed Won
OP004499,L020049,2024-06-17,1516.19,Closed Lost
OP004500,L020051,2025-07-08,747.15,Closed Won
OP004501,L020059,2026-07-06,4391.0,Closed Won
OP004502,L020063,2026-01-31,7601.51,Closed Won
OP004503,L020067,2026-04-21,4833.98,Closed Lost
OP004504,L020070,2025-06-04,451.95,Closed Won
OP004505,L020075,2025-05-13,727.29,Closed Lost
OP004506,L020088,2025-03-13,6814.69,Closed Won
OP004507,L020091,2025-02-07,8707.49,Closed Won
OP004508,L020094,2026-07-15,11929.67,Closed Lost
OP004509,L020102,2024-11-25,9745.06,Closed Won
OP004510,L020103,2025-03-25,21718.83,Closed Won
OP004511,L020104,2026-05-18,4231.2,Closed Lost
OP004512,L020109,2025-12-13,3476.49,Closed Won
OP004513,L020123,2025-05-02,1334.88,Open
OP004514,L020127,2026-01-20,1168.32,Closed Won
OP004515,L020130,2025-06-09,809.17,Closed Won
OP004516,L020138,2026-09-17,9274.89,Closed Lost
OP004517,L020140,2025-10-29,2191.89,Closed Won
OP004518,L020142,2025-11-07,2688.79,Open
OP004519,L020153,2025-06-19,3547.77,Closed Lost
OP004520,L020157,2025-10-21,2011.53,Closed Lost
OP004521,L020158,2026-02-02,1635.7,Open
OP004522,L020166,2025-01-02,2633.45,Closed Lost
OP004523,L020169,2024-02-28,8262.64,Open
OP004524,L020171,2024-08-03,1163.89,Closed Won
OP004525,L020184,2025-06-24,1792.3,Closed Lost
OP004526,L020185,2025-02-10,512.9,Open
OP004527,L020194,2025-07-09,368.88,Closed Won
OP004528,L020195,2026-02-09,1495.61,Closed Won
OP004529,L020202,2025-05-16,344.08,Closed Won
OP004530,L020204,2026-08-16,736.74,Closed Lost
OP004531,L020208,2024-03-19,9589.92,Closed Won
OP004532,L020210,2026-05-02,3619.15,Open
OP004533,L020217,2025-07-21,3130.59,Open
OP004534,L020218,2025-06-09,8790.06,Closed Won
OP004535,L020226,2026-01-31,1331.37,Closed Won
OP004536,L020228,2026-01-02,9880.87,Closed Won
OP004537,L020229,2024-08-06,1700.84,Open
OP004538,L020231,2025-10-23,1984.41,Closed Lost
OP004539,L020238,2026-01-07,15334.25,Closed Lost
OP004540,L020244,2024-05-02,457.77,Open
OP004541,L020250,2025-04-16,3341.03,Closed Won
OP004542,L020264,2026-06-22,9132.24,Closed Won
OP004543,L020265,2025-09-26,4328.64,Closed Won
OP004544,L020266,2025-07-23,1471.17,Closed Won
OP004545,L020273,2025-03-08,5253.54,Closed Won
OP004546,L020279,2026-07-11,1824.28,Open
OP004547,L020280,2024-07-23,5909.61,Closed Won
OP004548,L020282,2026-07-30,2187.76,Closed Won
OP004549,L020283,2024-07-29,3241.21,Open
OP004550,L020286,2024-09-18,3025.82,Closed Won
OP004551,L020288,2026-06-13,4809.59,Open
OP004552,L020290,2025-11-20,569.85,Closed Won
OP004553,L020293,2024-06-24,2316.66,Closed Won
OP004554,L020295,2026-07-08,2186.83,Closed Won
OP004555,L020296,2025-12-06,7944.87,Closed Won
OP004556,L020301,2025-03-12,2753.15,Closed Won
OP004557,L020303,2026-01-09,13035.26,Open
OP004558,L020314,2026-02-15,3416.97,Open
OP004559,L020318,2024-11-12,2424.2,Closed Lost
OP004560,L020320,2026-05-07,7078.2,Closed Won
OP004561,L020323,2024-09-06,3848.44,Closed Won
OP004562,L020324,2024-02-28,3651.51,Closed Lost
OP004563,L020333,2025-08-30,5602.0,Closed Won
OP004564,L020338,2025-10-17,894.6,Open
OP004565,L020340,2025-11-12,1473.18,Closed Lost
OP004566,L020342,2026-08-05,899.9,Closed Lost
OP004567,L020348,2026-09-07,3275.81,Open
OP004568,L020350,2026-06-19,9704.17,Closed Won
OP004569,L020354,2026-07-27,3233.14,Open
OP004570,L020356,2024-11-17,1079.72,Closed Won
OP004571,L020358,2026-07-05,2460.15,Closed Won
OP004572,L020362,2025-07-28,3484.7,Open
OP004573,L020364,2025-01-04,2428.45,Closed Won
OP004574,L020366,2024-07-18,6876.5,Closed Lost
OP004575,L020370,2025-12-19,1816.85,Closed Won
OP004576,L020376,2026-08-03,1071.57,Closed Won
OP004577,L020377,2026-05-08,4611.61,Closed Won
OP004578,L020381,2025-12-17,537.91,Closed Won
OP004579,L020384,2024-03-12,2206.31,Closed Won
OP004580,L020385,2024-02-25,1273.66,Closed Won
OP004581,L020386,2025-04-05,2109.07,Open
OP004582,L020387,2025-01-06,5794.86,Closed Lost
OP004583,L020390,2025-09-01,15738.4,Closed Won
OP004584,L020398,2025-07-21,5999.63,Open
OP004585,L020407,2025-12-11,3385.28,Closed Won
OP004586,L020409,2026-01-19,1340.64,Closed Won
OP004587,L020410,2025-05-14,905.46,Open
OP004588,L020412,2025-02-07,8643.39,Closed Won
OP004589,L020413,2025-02-09,10695.85,Open
OP004590,L020415,2025-05-11,706.63,Closed Won
OP004591,L020419,2025-03-25,2985.96,Closed Won
OP004592,L020421,2025-08-25,2196.63,Closed Lost
OP004593,L020422,2024-12-09,534.6,Closed Won
OP004594,L020426,2024-08-12,3852.84,Closed Won
OP004595,L020430,2024-06-23,17923.82,Closed Won
OP004596,L020435,2024-08-06,9418.06,Open
OP004597,L020444,2026-03-13,4273.53,Closed Won
OP004598,L020448,2026-05-10,2132.39,Closed Won
OP004599,L020451,2026-05-24,12367.84,Closed Won
OP004600,L020453,2025-07-20,1614.82,Closed Won
OP004601,L020461,2024-11-08,1537.1,Closed Lost
OP004602,L020467,2026-07-17,2202.34,Open
OP004603,L020473,2026-01-16,8212.7,Closed Won
OP004604,L020480,2025-07-21,978.9,Closed Won
OP004605,L020481,2025-08-20,2667.53,Closed Won
OP004606,L020485,2025-07-05,5073.22,Closed Won
OP004607,L020489,2024-03-11,2924.12,Closed Won
OP004608,L020490,2025-12-22,702.97,Closed Lost
OP004609,L020494,2024-02-03,7746.4,Closed Lost
OP004610,L020496,2025-03-28,6458.18,Closed Won
OP004611,L020500,2026-09-04,2580.73,Closed Won
OP004612,L020501,2026-07-19,3317.64,Closed Won
OP004613,L020504,2026-03-06,5429.65,Closed Lost
OP004614,L020506,2025-03-06,1874.74,Closed Won
OP004615,L020509,2024-08-11,3397.74,Open
OP004616,L020529,2024-09-22,3471.29,Closed Won
OP004617,L020530,2026-08-03,474.13,Closed Lost
OP004618,L020536,2025-02-09,630.08,Open
OP004619,L020539,2024-08-08,16869.94,Closed Won
OP004620,L020544,2024-06-01,490.91,Closed Won
OP004621,L020547,2026-05-19,482.33,Closed Won
OP004622,L020554,2025-05-06,7700.22,Closed Won
OP004623,L020563,2025-07-16,2436.94,Closed Won
OP004624,L020582,2024-04-29,7602.03,Open
OP004625,L020586,2024-12-19,580.34,Closed Won
OP004626,L020592,2025-11-17,2174.52,Closed Won
OP004627,L020597,2024-06-07,667.75,Open
OP004628,L020602,2026-04-22,2246.61,Closed Won
OP004629,L020610,2026-08-05,1053.95,Open
OP004630,L020617,2024-05-02,898.69,Closed Won
OP004631,L020628,2026-01-16,1481.31,Open
OP004632,L020629,2024-02-24,2024.05,Closed Lost
OP004633,L020630,2024-05-28,5764.23,Closed Won
OP004634,L020638,2025-05-16,3070.32,Closed Won
OP004635,L020642,2025-01-21,3290.21,Closed Lost
OP004636,L020647,2025-12-23,5732.57,Closed Won
OP004637,L020654,2025-05-07,5786.51,Closed Won
OP004638,L020659,2026-07-20,6792.77,Closed Won
OP004639,L020664,2026-08-11,918.08,Closed Won
OP004640,L020666,2025-06-28,2897.83,Closed Lost
OP004641,L020668,2025-03-17,2862.77,Open
OP004642,L020672,2026-06-29,5339.97,Closed Won
OP004643,L020675,2024-12-12,5252.63,Closed Lost
OP004644,L020678,2026-02-13,4443.54,Open
OP004645,L020681,2025-01-19,4058.73,Open
OP004646,L020686,2024-04-24,1357.34,Closed Won
OP004647,L020688,2024-02-26,11121.97,Closed Lost
OP004648,L020690,2026-06-14,763.79,Closed Won
OP004649,L020695,2025-12-13,982.88,Open
OP004650,L020700,2024-09-23,870.85,Open
OP004651,L020701,2024-11-03,1825.28,Closed Lost
OP004652,L020704,2026-05-25,5343.82,Closed Won
OP004653,L020706,2025-11-16,3340.49,Closed Won
OP004654,L020712,2026-04-02,3726.94,Open
OP004655,L020714,2025-06-10,1393.3,Closed Won
OP004656,L020723,2024-04-26,3994.16,Open
OP004657,L020724,2025-06-22,981.45,Closed Lost
OP004658,L020726,2026-04-24,1226.84,Closed Won
OP004659,L020732,2024-07-05,4814.29,Closed Won
OP004660,L020733,2024-03-10,34230.7,Closed Lost
OP004661,L020736,2026-08-16,3352.22,Closed Won
OP004662,L020739,2024-08-03,569.03,Closed Won
OP004663,L020741,2026-04-19,3617.1,Closed Won
OP004664,L020743,2026-01-29,9824.28,Closed Won
OP004665,L020744,2025-04-27,15399.34,Closed Lost
OP004666,L020748,2024-05-03,2035.23,Closed Won
OP004667,L020757,2024-09-01,853.28,Closed Won
OP004668,L020764,2026-07-31,833.62,Closed Won
OP004669,L020766,2024-02-28,11458.57,Open
OP004670,L020768,2026-01-24,250.0,Open
OP004671,L020781,2025-11-11,2659.3,Closed Won
OP004672,L020786,2026-05-29,7893.16,Closed Won
OP004673,L020792,2024-09-12,4160.73,Closed Won
OP004674,L020795,2024-03-24,2120.31,Closed Won
OP004675,L020798,2024-12-26,1745.3,Closed Won
OP004676,L020800,2026-09-20,3390.21,Open
OP004677,L020805,2025-05-15,3273.78,Closed Won
OP004678,L020809,2025-09-27,26623.46,Closed Won
OP004679,L020811,2024-08-07,2339.94,Closed Won
OP004680,L020812,2024-08-08,1867.66,Closed Lost
OP004681,L020813,2024-12-19,5047.3,Closed Won
OP004682,L020814,2024-08-12,7303.36,Closed Won
OP004683,L020816,2024-01-20,4554.33,Closed Lost
OP004684,L020819,2024-05-22,3802.49,Closed Won
OP004685,L020836,2026-07-13,5405.88,Closed Won
OP004686,L020843,2024-03-12,606.79,Closed Won
OP004687,L020844,2025-10-01,9967.1,Closed Lost
OP004688,L020845,2025-11-24,25154.67,Closed Won
OP004689,L020857,2024-02-08,2200.37,Closed Won
OP004690,L020858,2024-08-07,1756.41,Open
OP004691,L020867,2025-06-30,1851.96,Closed Lost
OP004692,L020869,2024-08-17,1279.24,Closed Won
OP004693,L020871,2024-08-20,3505.42,Closed Lost
OP004694,L020872,2025-05-22,5239.92,Closed Lost
OP004695,L020878,2024-09-14,7948.14,Open
OP004696,L020883,2025-11-27,2299.96,Closed Won
OP004697,L020884,2026-02-22,4484.28,Closed Won
OP004698,L020896,2026-09-10,614.4,Closed Won
OP004699,L020902,2026-03-30,6451.22,Closed Lost
OP004700,L020904,2024-12-12,3257.84,Closed Lost
OP004701,L020907,2024-01-28,14061.8,Closed Won
OP004702,L020919,2026-06-05,1335.78,Closed Won
OP004703,L020922,2024-09-25,1532.5,Open
OP004704,L020938,2024-08-06,1819.29,Closed Lost
OP004705,L020943,2024-06-29,2512.54,Closed Lost
OP004706,L020947,2025-02-07,1424.81,Closed Lost
OP004707,L020950,2025-07-05,7606.39,Closed Won
OP004708,L020953,2026-08-31,3137.16,Closed Won
OP004709,L020955,2025-06-16,5564.39,Closed Won
OP004710,L020959,2024-12-17,5507.06,Closed Lost
OP004711,L020961,2025-12-01,1151.51,Closed Won
OP004712,L020978,2025-09-18,2212.45,Closed Won
OP004713,L020980,2026-02-02,2362.68,Closed Lost
OP004714,L020990,2024-03-22,7240.06,Closed Won
OP004715,L020993,2026-03-12,2539.4,Closed Won
OP004716,L020995,2025-05-03,19194.98,Closed Won
OP004717,L020998,2026-04-17,2759.25,Closed Won
OP004718,L021001,2025-05-01,11271.74,Closed Lost
OP004719,L021003,2026-09-11,902.54,Open
OP004720,L021016,2024-10-07,4783.41,Closed Won
OP004721,L021021,2025-11-08,2125.0,Closed Lost
OP004722,L021022,2026-01-18,10588.84,Open
OP004723,L021023,2026-03-30,1039.43,Closed Won
OP004724,L021044,2024-05-20,1386.63,Open
OP004725,L021045,2026-08-14,20584.44,Closed Won
OP004726,L021053,2026-05-04,4840.99,Open
OP004727,L021063,2025-10-14,7203.26,Open
OP004728,L021067,2024-05-07,10567.51,Open
OP004729,L021074,2025-02-13,11965.84,Closed Lost
OP004730,L021075,2024-11-09,6020.18,Closed Won
OP004731,L021078,2024-12-13,8060.91,Closed Won
OP004732,L021087,2026-07-02,987.49,Closed Won
OP004733,L021095,2026-02-25,2683.26,Closed Won
OP004734,L021096,2025-09-26,4844.02,Open
OP004735,L021100,2024-09-06,9135.06,Closed Won
OP004736,L021101,2026-04-09,2067.3,Closed Won
OP004737,L021102,2025-06-10,767.27,Closed Won
OP004738,L021106,2026-04-07,1142.92,Closed Won
OP004739,L021109,2025-06-20,5648.7,Open
OP004740,L021116,2025-10-09,819.93,Closed Lost
OP004741,L021118,2024-05-03,1325.08,Closed Won
OP004742,L021120,2024-11-04,446.71,Closed Won
OP004743,L021122,2024-03-25,1559.79,Open
OP004744,L021131,2024-02-19,1767.55,Closed Won
OP004745,L021132,2025-04-06,2865.72,Closed Won
OP004746,L021140,2024-10-24,3243.95,Closed Won
OP004747,L021143,2025-05-05,1895.83,Closed Won
OP004748,L021150,2024-11-13,10606.49,Closed Won
OP004749,L021151,2025-06-22,3637.71,Closed Lost
OP004750,L021153,2026-07-19,1922.04,Closed Won
OP004751,L021158,2024-03-06,1616.03,Closed Won
OP004752,L021168,2025-05-05,5093.62,Closed Lost
OP004753,L021171,2026-08-07,1419.06,Closed Won
OP004754,L021177,2025-02-06,19165.36,Open
OP004755,L021188,2025-12-01,6881.99,Closed Won
OP004756,L021194,2025-06-03,1772.81,Closed Lost
OP004757,L021196,2025-06-09,315.97,Closed Won
OP004758,L021202,2026-08-12,5250.88,Closed Lost
OP004759,L021205,2024-10-30,2190.18,Closed Won
OP004760,L021209,2024-01-12,3974.29,Closed Won
OP004761,L021220,2026-01-15,842.47,Closed Lost
OP004762,L021222,2024-08-14,3957.68,Open
OP004763,L021224,2026-04-18,1607.86,Closed Won
OP004764,L021226,2024-12-17,3569.72,Closed Won
OP004765,L021232,2024-11-09,4722.54,Closed Won
OP004766,L021237,2025-03-29,1032.79,Open
OP004767,L021238,2025-08-11,1067.19,Closed Won
OP004768,L021239,2025-10-16,1672.33,Open
OP004769,L021240,2026-08-25,5516.85,Closed Lost
OP004770,L021245,2025-08-27,3845.28,Closed Lost
OP004771,L021250,2024-01-31,1056.8,Closed Won
OP004772,L021263,2024-05-07,3479.56,Closed Won
OP004773,L021264,2024-10-26,2438.5,Closed Lost
OP004774,L021269,2026-07-31,1069.99,Open
OP004775,L021275,2026-02-16,1015.72,Closed Won
OP004776,L021279,2026-06-11,2339.73,Closed Won
OP004777,L021283,2026-09-28,3218.8,Closed Won
OP004778,L021285,2026-08-27,2876.26,Closed Won
OP004779,L021289,2024-10-04,704.09,Closed Won
OP004780,L021294,2024-08-06,3671.0,Closed Won
OP004781,L021304,2024-03-25,3909.71,Closed Won
OP004782,L021308,2025-09-06,4961.3,Open
OP004783,L021315,2026-08-18,6689.85,Open
OP004784,L021317,2025-02-18,14169.91,Open
OP004785,L021326,2024-11-05,1344.28,Closed Won
OP004786,L021328,2025-12-15,2200.6,Closed Won
OP004787,L021329,2025-05-22,8008.08,Closed Won
OP004788,L021340,2024-08-11,13442.46,Closed Won
OP004789,L021343,2026-05-25,3935.46,Closed Won
OP004790,L021344,2024-05-30,1053.47,Closed Won
OP004791,L021351,2025-11-21,1308.75,Closed Lost
OP004792,L021358,2025-03-01,1906.4,Closed Won
OP004793,L021363,2026-06-22,2323.53,Closed Won
OP004794,L021366,2024-03-15,7457.42,Open
OP004795,L021371,2024-06-25,7011.68,Closed Won
OP004796,L021376,2026-04-08,5859.48,Closed Won
OP004797,L021387,2025-04-22,4337.99,Closed Won
OP004798,L021390,2026-08-10,2895.05,Closed Lost
OP004799,L021393,2025-02-02,1788.88,Closed Won
OP004800,L021397,2024-02-14,4657.61,Closed Won
OP004801,L021399,2025-07-30,6179.89,Closed Won
OP004802,L021402,2025-08-06,10651.44,Closed Lost
OP004803,L021406,2024-09-08,7435.89,Open
OP004804,L021410,2026-05-29,830.87,Closed Lost
OP004805,L021411,2024-09-15,8049.22,Closed Won
OP004806,L021412,2026-02-21,4122.05,Closed Won
OP004807,L021426,2026-04-30,4626.75,Closed Won
OP004808,L021427,2026-01-27,629.02,Closed Won
OP004809,L021428,2026-08-10,3591.78,Closed Won
OP004810,L021429,2025-02-17,3986.05,Closed Won
OP004811,L021430,2024-02-23,3794.46,Closed Won
OP004812,L021441,2024-04-03,16338.33,Closed Won
OP004813,L021446,2025-04-15,8967.57,Closed Won
OP004814,L021451,2025-07-05,1159.59,Closed Lost
OP004815,L021452,2025-11-06,6615.26,Open
OP004816,L021455,2024-03-01,25033.72,Closed Lost
OP004817,L021456,2026-04-28,8169.21,Closed Won
OP004818,L021457,2025-09-20,5729.07,Closed Won
OP004819,L021459,2025-12-07,3094.49,Closed Won
OP004820,L021460,2025-08-31,3463.53,Closed Won
OP004821,L021464,2024-10-22,3064.4,Closed Won
OP004822,L021465,2025-04-18,4047.67,Closed Lost
OP004823,L021468,2026-08-22,2154.08,Closed Lost
OP004824,L021470,2026-06-16,633.35,Closed Lost
OP004825,L021473,2025-05-01,1830.05,Closed Won
OP004826,L021475,2024-07-26,1546.28,Closed Lost
OP004827,L021493,2024-11-06,11273.32,Open
OP004828,L021495,2025-06-15,776.31,Open
OP004829,L021496,2025-10-28,1517.55,Closed Won
OP004830,L021497,2026-03-28,11097.14,Closed Won
OP004831,L021499,2025-04-09,2841.22,Closed Won
OP004832,L021508,2025-02-04,1205.47,Open
OP004833,L021516,2024-12-03,8152.04,Closed Won
OP004834,L021518,2026-04-18,4820.53,Open
OP004835,L021520,2025-08-12,2221.59,Closed Won
OP004836,L021529,2025-08-17,698.99,Open
OP004837,L021543,2025-12-18,729.73,Closed Won
OP004838,L021545,2024-01-26,250.0,Closed Won
OP004839,L021548,2026-06-03,2708.77,Closed Won
OP004840,L021550,2026-01-14,7045.28,Closed Lost
OP004841,L021555,2026-01-11,6040.24,Closed Lost
OP004842,L021556,2024-05-12,1262.08,Closed Won
OP004843,L021560,2025-12-12,1576.52,Closed Won
OP004844,L021577,2026-07-24,2534.95,Open
OP004845,L021579,2025-05-22,1336.3,Closed Lost
OP004846,L021585,2025-05-27,1145.57,Closed Lost
OP004847,L021586,2025-01-17,7533.57,Open
OP004848,L021587,2025-03-30,14069.0,Closed Won
OP004849,L021589,2024-05-31,1153.09,Closed Lost
OP004850,L021593,2025-12-09,1097.61,Closed Won
OP004851,L021598,2024-05-21,3179.78,Closed Won
OP004852,L021605,2025-12-17,415.73,Closed Won
OP004853,L021606,2024-10-09,1367.65,Closed Lost
OP004854,L021608,2024-09-22,6993.29,Closed Won
OP004855,L021614,2025-10-19,4789.53,Closed Lost
OP004856,L021619,2025-03-05,1722.27,Open
OP004857,L021621,2024-07-13,3682.88,Closed Won
OP004858,L021623,2025-03-28,250.0,Closed Won
OP004859,L021629,2025-04-19,8993.26,Open
OP004860,L021639,2026-01-29,6573.91,Open
OP004861,L021651,2026-08-04,1758.19,Closed Won
OP004862,L021655,2026-08-12,9951.67,Closed Won
OP004863,L021661,2025-11-14,1349.26,Open
OP004864,L021671,2026-04-15,9538.23,Closed Lost
OP004865,L021673,2025-05-25,4735.54,Closed Won
OP004866,L021674,2024-05-25,5477.56,Closed Won
OP004867,L021678,2025-06-04,4663.42,Closed Won
OP004868,L021681,2025-09-24,4071.55,Closed Lost
OP004869,L021685,2026-09-03,1125.81,Open
OP004870,L021688,2024-07-23,2372.19,Open
OP004871,L021696,2024-08-19,3597.99,Closed Won
OP004872,L021712,2024-11-22,1941.39,Open
OP004873,L021718,2025-02-27,1078.93,Closed Won
OP004874,L021720,2026-01-31,675.2,Closed Won
OP004875,L021724,2025-01-30,1818.78,Closed Won
OP004876,L021726,2025-03-22,4714.7,Closed Lost
OP004877,L021728,2026-02-23,4314.51,Closed Won
OP004878,L021730,2025-10-26,9268.11,Open
OP004879,L021732,2024-01-22,1986.64,Closed Won
OP004880,L021742,2025-06-20,734.37,Closed Won
OP004881,L021744,2024-10-28,2920.08,Closed Lost
OP004882,L021745,2026-06-13,6526.55,Open
OP004883,L021751,2025-04-05,9551.66,Open
OP004884,L021753,2025-11-15,819.09,Closed Lost
OP004885,L021758,2026-05-09,465.68,Closed Won
OP004886,L021760,2025-03-22,1693.98,Open
OP004887,L021762,2025-05-21,711.59,Closed Won
OP004888,L021765,2024-04-15,4518.13,Closed Won
OP004889,L021767,2024-05-03,25019.15,Closed Lost
OP004890,L021772,2025-08-26,15231.5,Closed Won
OP004891,L021783,2025-07-24,523.54,Closed Won
OP004892,L021784,2025-05-15,786.79,Open
OP004893,L021789,2025-08-06,10110.46,Open
OP004894,L021792,2025-01-26,1625.51,Closed Lost
OP004895,L021793,2026-06-08,3640.27,Closed Lost
OP004896,L021794,2026-05-02,4336.27,Closed Won
OP004897,L021809,2025-12-09,6343.7,Closed Lost
OP004898,L021810,2025-07-07,2061.2,Closed Lost
OP004899,L021813,2025-07-09,873.4,Open
OP004900,L021815,2025-05-19,1361.39,Closed Lost
OP004901,L021818,2025-04-26,250.0,Open
OP004902,L021821,2025-08-11,821.56,Closed Won
OP004903,L021828,2025-08-28,1506.54,Closed Lost
OP004904,L021829,2024-02-27,2983.07,Closed Lost
OP004905,L021836,2025-05-19,7518.26,Closed Won
OP004906,L021837,2026-05-02,619.91,Closed Won
OP004907,L021840,2026-04-10,8617.53,Closed Lost
OP004908,L021842,2026-05-18,2055.85,Open
OP004909,L021846,2024-09-04,7594.45,Closed Won
OP004910,L021851,2025-11-08,2831.33,Open
OP004911,L021852,2024-11-20,2461.3,Closed Won
OP004912,L021857,2024-07-23,730.04,Closed Lost
OP004913,L021869,2026-09-17,6323.26,Open
OP004914,L021874,2025-04-08,1252.33,Open
OP004915,L021879,2026-09-02,754.45,Closed Won
OP004916,L021882,2024-08-08,828.76,Closed Lost
OP004917,L021886,2024-10-07,2441.33,Open
OP004918,L021894,2026-06-11,1639.54,Closed Won
OP004919,L021909,2025-04-27,5908.3,Closed Won
OP004920,L021910,2025-06-06,1207.58,Open
OP004921,L021911,2026-08-17,3250.15,Open
OP004922,L021918,2026-07-17,693.56,Closed Lost
OP004923,L021923,2024-01-15,4678.29,Closed Won
OP004924,L021926,2025-05-01,1674.56,Closed Lost
OP004925,L021931,2024-09-26,2713.14,Closed Won
OP004926,L021936,2026-06-21,9002.86,Closed Won
OP004927,L021939,2025-09-05,7237.74,Closed Lost
OP004928,L021941,2026-07-04,7775.86,Closed Won
OP004929,L021944,2024-05-20,6054.87,Closed Won
OP004930,L021947,2026-03-30,1723.31,Closed Lost
OP004931,L021952,2024-06-16,6363.15,Closed Won
OP004932,L021956,2025-05-04,3144.31,Open
OP004933,L021957,2025-07-31,1167.82,Closed Lost
OP004934,L021960,2024-10-14,14971.28,Closed Lost
OP004935,L021967,2026-07-29,9652.03,Closed Lost
OP004936,L021969,2026-05-14,15576.07,Closed Won
OP004937,L021973,2025-05-12,1750.01,Open
OP004938,L021974,2025-03-17,1117.79,Closed Lost
OP004939,L021981,2024-02-16,1531.07,Closed Won
OP004940,L021984,2026-04-28,9440.87,Closed Won
OP004941,L021986,2025-01-13,10111.53,Closed Lost
OP004942,L021989,2026-07-19,5395.91,Closed Won
OP004943,L022009,2026-09-15,7921.52,Closed Won
OP004944,L022013,2026-04-15,402.58,Closed Won
OP004945,L022016,2024-05-03,4666.49,Open
OP004946,L022017,2026-07-03,694.87,Open
OP004947,L022032,2025-08-26,1488.07,Closed Won
OP004948,L022037,2025-12-08,3615.4,Closed Won
OP004949,L022038,2026-06-10,7046.61,Closed Won
OP004950,L022052,2026-01-09,1300.58,Closed Won
OP004951,L022055,2024-04-09,1632.38,Open
OP004952,L022056,2025-08-03,318.61,Closed Won
OP004953,L022061,2025-04-24,21674.48,Closed Won
OP004954,L022064,2024-12-10,1982.27,Closed Lost
OP004955,L022065,2024-03-17,4025.51,Closed Won
OP004956,L022066,2025-07-21,2374.6,Open
OP004957,L022069,2024-03-21,2276.46,Closed Won
OP004958,L022071,2024-02-02,8606.22,Open
OP004959,L022080,2025-06-22,2999.29,Closed Won
OP004960,L022081,2024-04-18,2088.57,Closed Won
OP004961,L022089,2024-06-30,5121.39,Closed Won
OP004962,L022100,2025-03-31,2862.91,Closed Lost
OP004963,L022101,2025-08-16,6080.23,Closed Won
OP004964,L022103,2024-09-09,11812.71,Open
OP004965,L022124,2026-01-27,7696.97,Closed Lost
OP004966,L022126,2025-01-25,1375.47,Closed Lost
OP004967,L022128,2026-08-03,14660.59,Closed Won
OP004968,L022134,2024-11-30,1282.9,Closed Won
OP004969,L022137,2026-03-02,2305.32,Closed Won
OP004970,L022147,2024-11-22,8140.55,Closed Won
OP004971,L022151,2024-11-26,578.79,Closed Won
OP004972,L022159,2025-12-01,1960.2,Open
OP004973,L022166,2024-08-13,802.82,Closed Won
OP004974,L022168,2026-07-04,12469.42,Closed Lost
OP004975,L022172,2025-03-22,4081.9,Closed Won
OP004976,L022173,2025-10-20,2148.17,Closed Won
OP004977,L022182,2026-09-01,3416.92,Closed Won
OP004978,L022192,2024-07-14,8678.25,Open
OP004979,L022196,2025-12-01,1672.81,Closed Lost
OP004980,L022202,2026-07-10,5723.75,Closed Won
OP004981,L022212,2024-12-11,250.0,Closed Won
OP004982,L022216,2024-08-25,2078.28,Closed Won
OP004983,L022217,2025-07-08,736.91,Closed Won
OP004984,L022218,2025-10-13,6856.63,Open
OP004985,L022219,2026-04-18,2929.21,Closed Won
OP004986,L022221,2025-12-02,2803.79,Closed Won
OP004987,L022222,2026-02-20,3003.58,Closed Won
OP004988,L022225,2025-07-07,3160.56,Closed Won
OP004989,L022226,2024-09-07,9602.73,Closed Lost
OP004990,L022231,2026-02-08,18159.62,Closed Won
OP004991,L022232,2026-09-04,2804.8,Open
OP004992,L022236,2025-07-26,1587.21,Closed Lost
OP004993,L022241,2024-05-21,393.06,Closed Won
OP004994,L022245,2024-01-24,9286.86,Closed Won
OP004995,L022247,2025-02-08,6292.97,Closed Won
OP004996,L022252,2025-03-04,3186.79,Closed Lost
OP004997,L022253,2025-04-05,3209.47,Closed Lost
OP004998,L022260,2026-06-14,15905.98,Closed Lost
OP004999,L022261,2024-05-13,5094.27,Closed Won
OP005000,L022268,2026-05-31,4863.4,Closed Won
OP005001,L022277,2026-08-01,518.44,Open
OP005002,L022285,2024-07-21,1599.53,Open
OP005003,L022293,2025-01-22,5842.31,Closed Lost
OP005004,L022301,2025-01-29,2523.22,Closed Won
OP005005,L022314,2024-11-02,11441.81,Closed Won
OP005006,L022315,2026-07-26,1272.75,Closed Won
OP005007,L022318,2026-08-18,296.91,Closed Lost
OP005008,L022326,2026-02-02,608.41,Closed Won
OP005009,L022344,2026-03-03,3721.3,Closed Lost
OP005010,L022345,2025-06-01,2919.18,Closed Won
OP005011,L022352,2024-02-26,16495.67,Closed Lost
OP005012,L022359,2025-02-27,7560.02,Closed Won
OP005013,L022365,2026-04-13,2366.08,Closed Lost
OP005014,L022371,2024-04-18,3616.86,Closed Won
OP005015,L022374,2024-07-08,2429.88,Closed Won
OP005016,L022378,2026-01-31,4038.27,Closed Won
OP005017,L022388,2025-09-12,498.29,Closed Won
OP005018,L022397,2026-09-04,3918.43,Open
OP005019,L022398,2024-10-31,4988.78,Closed Won
OP005020,L022400,2025-08-04,5255.78,Closed Lost
OP005021,L022404,2026-03-23,250.0,Open
OP005022,L022413,2024-12-06,1215.88,Closed Won
OP005023,L022415,2025-04-21,1149.38,Closed Won
OP005024,L022419,2025-02-07,4081.74,Closed Lost
OP005025,L022423,2025-04-09,4720.01,Closed Won
OP005026,L022426,2025-12-17,7084.01,Closed Won
OP005027,L022433,2025-11-21,10626.5,Closed Won
OP005028,L022437,2025-06-11,4803.05,Closed Won
OP005029,L022439,2025-03-18,1652.37,Closed Won
OP005030,L022441,2024-03-10,3702.84,Closed Lost
OP005031,L022444,2024-11-17,3594.3,Closed Won
OP005032,L022447,2024-11-19,9834.41,Closed Won
OP005033,L022453,2026-05-25,4692.29,Closed Lost
OP005034,L022454,2025-09-01,1425.98,Closed Won
OP005035,L022459,2024-10-28,5885.84,Open
OP005036,L022460,2026-01-05,2312.14,Closed Won
OP005037,L022469,2024-09-07,3466.37,Open
OP005038,L022470,2026-02-19,4020.9,Closed Won
OP005039,L022472,2025-08-07,7535.51,Closed Won
OP005040,L022483,2026-02-14,2293.87,Closed Won
OP005041,L022489,2025-08-13,1335.38,Closed Won
OP005042,L022492,2026-01-04,2867.45,Closed Lost
OP005043,L022495,2024-06-20,3015.33,Open
OP005044,L022497,2024-07-08,10214.67,Closed Won
OP005045,L022501,2025-04-16,5470.14,Closed Won
OP005046,L022523,2026-02-21,8495.17,Closed Won
OP005047,L022524,2025-06-19,4962.5,Closed Won
OP005048,L022526,2026-09-03,829.46,Open
OP005049,L022532,2025-02-28,7108.43,Closed Won
OP005050,L022533,2026-06-18,18131.5,Closed Won
OP005051,L022536,2025-04-09,3217.91,Closed Won
OP005052,L022542,2024-09-20,1590.01,Open
OP005053,L022543,2024-08-05,19112.67,Closed Won
OP005054,L022552,2026-07-07,13971.89,Closed Won
OP005055,L022554,2024-11-14,5374.86,Closed Lost
OP005056,L022557,2026-06-24,4082.34,Closed Lost
OP005057,L022567,2025-03-26,4452.2,Closed Lost
OP005058,L022581,2026-08-30,3139.79,Closed Won
OP005059,L022582,2024-06-04,6196.31,Closed Won
OP005060,L022583,2024-12-11,919.77,Closed Lost
OP005061,L022585,2025-12-16,1267.48,Closed Lost
OP005062,L022594,2025-08-04,1281.33,Closed Won
OP005063,L022595,2024-05-17,1830.91,Closed Lost
OP005064,L022596,2025-01-09,2407.27,Closed Won
OP005065,L022598,2024-10-30,720.68,Closed Lost
OP005066,L022605,2024-03-03,719.7,Closed Lost
OP005067,L022606,2025-08-21,18048.98,Closed Lost
OP005068,L022612,2024-03-02,2684.6,Open
OP005069,L022617,2026-03-06,11607.12,Closed Lost
OP005070,L022620,2025-12-12,1799.96,Open
OP005071,L022623,2025-08-09,2883.26,Open
OP005072,L022633,2025-06-23,1745.79,Closed Won
OP005073,L022638,2026-03-27,7661.16,Closed Won
OP005074,L022639,2025-06-06,2058.19,Closed Won
OP005075,L022642,2025-04-08,528.95,Closed Lost
OP005076,L022643,2025-07-28,646.81,Open
OP005077,L022644,2025-03-17,2057.01,Closed Lost
OP005078,L022649,2024-03-06,6972.73,Closed Won
OP005079,L022653,2024-04-27,5978.47,Closed Won
OP005080,L022654,2024-10-11,774.04,Closed Won
OP005081,L022659,2025-01-20,2293.81,Closed Won
OP005082,L022670,2026-05-07,1239.8,Closed Won
OP005083,L022671,2024-02-14,6943.91,Open
OP005084,L022674,2024-04-23,4426.56,Open
OP005085,L022684,2024-08-18,1331.61,Closed Won
OP005086,L022694,2024-06-28,2551.41,Closed Won
OP005087,L022697,2026-09-08,2545.2,Closed Won
OP005088,L022699,2025-07-24,5482.83,Closed Lost
OP005089,L022700,2024-05-08,1152.32,Closed Lost
OP005090,L022701,2025-03-25,14935.96,Open
OP005091,L022716,2024-09-04,1676.67,Closed Won
OP005092,L022718,2026-04-05,994.87,Closed Lost
OP005093,L022720,2025-06-21,3619.56,Closed Won
OP005094,L022723,2025-11-02,5133.79,Open
OP005095,L022724,2024-03-01,1556.17,Closed Won
OP005096,L022727,2025-11-04,300.06,Closed Lost
OP005097,L022729,2026-03-29,1088.23,Closed Lost
OP005098,L022737,2024-04-27,2650.63,Closed Won
OP005099,L022739,2025-05-22,1663.69,Open
OP005100,L022741,2024-06-02,2943.48,Closed Won
OP005101,L022742,2024-06-14,8391.85,Closed Lost
OP005102,L022753,2026-04-18,2603.16,Closed Won
OP005103,L022758,2025-03-14,3716.46,Closed Won
OP005104,L022760,2024-08-11,1308.47,Open
OP005105,L022766,2025-08-25,2031.62,Closed Won
OP005106,L022767,2025-05-06,3813.13,Open
OP005107,L022768,2025-10-19,9572.56,Closed Won
OP005108,L022773,2024-06-16,1195.75,Closed Won
OP005109,L022775,2024-06-06,3855.22,Closed Won
OP005110,L022791,2026-03-24,3217.85,Open
OP005111,L022792,2024-03-31,2421.68,Closed Won
OP005112,L022795,2024-12-14,1795.32,Closed Won
OP005113,L022796,2026-07-29,2600.35,Closed Won
OP005114,L022797,2026-01-21,6715.66,Closed Lost
OP005115,L022805,2025-09-29,1181.45,Closed Won
OP005116,L022811,2025-11-22,5845.64,Open
OP005117,L022812,2024-09-19,8875.76,Closed Lost
OP005118,L022814,2024-09-02,1935.56,Closed Won
OP005119,L022817,2026-09-25,6667.46,Open
OP005120,L022819,2025-10-10,2355.92,Closed Won
OP005121,L022821,2024-04-10,307.73,Closed Lost
OP005122,L022824,2026-06-21,1296.12,Closed Lost
OP005123,L022832,2025-09-24,1248.35,Closed Lost
OP005124,L022833,2026-07-12,15477.93,Closed Won
OP005125,L022836,2025-03-30,3594.62,Closed Lost
OP005126,L022838,2025-07-31,5464.42,Closed Lost
OP005127,L022844,2024-08-10,7016.21,Closed Lost
OP005128,L022852,2024-10-04,6294.1,Open
OP005129,L022857,2026-02-24,3476.03,Closed Won
OP005130,L022861,2024-03-16,673.07,Closed Won
OP005131,L022868,2024-08-12,824.95,Closed Won
OP005132,L022870,2024-08-11,59497.57,Closed Lost
OP005133,L022876,2026-07-14,1096.53,Open
OP005134,L022880,2024-12-05,4169.6,Closed Won
OP005135,L022887,2025-08-28,284.26,Open
OP005136,L022889,2025-12-29,3834.62,Closed Lost
OP005137,L022895,2025-09-12,31876.16,Closed Won
OP005138,L022897,2025-08-20,53027.28,Open
OP005139,L022900,2024-05-23,2031.09,Closed Lost
OP005140,L022905,2025-04-20,4575.92,Closed Lost
OP005141,L022910,2025-02-26,1831.31,Closed Lost
OP005142,L022912,2026-04-06,8679.85,Open
OP005143,L022913,2026-09-14,3165.44,Closed Won
OP005144,L022917,2025-07-20,574.4,Closed Won
OP005145,L022921,2026-07-05,5002.9,Closed Won
OP005146,L022928,2026-04-11,6530.74,Closed Lost
OP005147,L022935,2025-02-08,2766.06,Closed Won
OP005148,L022936,2026-01-13,1063.13,Closed Won
OP005149,L022939,2024-08-23,4142.6,Open
OP005150,L022944,2025-12-17,2576.06,Closed Won
OP005151,L022955,2024-06-01,7592.1,Closed Won
OP005152,L022956,2025-02-06,554.21,Closed Won
OP005153,L022958,2025-07-24,13309.38,Open
OP005154,L022965,2025-03-12,2157.76,Closed Won
OP005155,L022969,2024-12-19,1667.02,Open
OP005156,L022975,2026-05-10,6423.99,Open
OP005157,L022979,2024-09-21,803.16,Closed Lost
OP005158,L022984,2026-08-06,1630.29,Closed Won
OP005159,L022985,2025-02-12,1182.97,Closed Won
OP005160,L022986,2024-02-10,5659.44,Closed Won
OP005161,L022989,2025-05-21,9285.91,Closed Won
OP005162,L022994,2024-08-14,2004.3,Closed Won
OP005163,L022998,2026-06-28,7996.59,Closed Won
OP005164,L023000,2025-07-20,1650.14,Closed Lost
OP005165,L023001,2025-08-18,1476.2,Closed Won
OP005166,L023003,2026-01-09,3431.29,Closed Won
OP005167,L023007,2024-08-29,9689.37,Closed Lost
OP005168,L023008,2024-08-02,1341.3,Closed Won
OP005169,L023010,2025-02-14,2610.59,Closed Won
OP005170,L023017,2026-05-29,4297.04,Closed Won
OP005171,L023018,2024-07-16,6697.93,Closed Lost
OP005172,L023024,2026-01-21,13483.97,Open
OP005173,L023031,2025-10-13,11525.45,Open
OP005174,L023033,2026-07-17,5644.63,Closed Won
OP005175,L023038,2026-02-28,2856.85,Open
OP005176,L023048,2025-01-24,9804.22,Closed Won
OP005177,L023054,2026-01-29,948.47,Closed Lost
OP005178,L023056,2026-04-29,4318.6,Closed Won
OP005179,L023058,2026-03-04,2388.53,Closed Won
OP005180,L023061,2025-09-19,11962.78,Closed Won
OP005181,L023064,2025-04-23,808.02,Open
OP005182,L023070,2026-04-02,4215.55,Closed Won
OP005183,L023072,2026-03-29,1167.68,Open
OP005184,L023075,2025-08-30,2574.47,Open
OP005185,L023076,2026-07-18,2372.69,Closed Won
OP005186,L023086,2025-03-20,9673.11,Closed Won
OP005187,L023090,2025-09-11,1258.18,Closed Lost
OP005188,L023099,2026-02-08,1840.34,Closed Won
OP005189,L023101,2024-03-30,1031.55,Closed Won
OP005190,L023102,2024-01-14,4162.34,Open
OP005191,L023104,2025-08-15,455.77,Closed Lost
OP005192,L023105,2026-07-21,1091.4,Closed Won
OP005193,L023112,2025-07-28,2454.78,Closed Won
OP005194,L023118,2025-05-17,1342.99,Open
OP005195,L023127,2026-01-28,8350.87,Closed Lost
OP005196,L023129,2025-03-31,564.15,Closed Won
OP005197,L023136,2026-01-19,2959.04,Closed Won
OP005198,L023139,2025-08-04,2165.0,Open
OP005199,L023150,2024-11-24,15976.54,Open
OP005200,L023153,2024-08-03,4700.74,Closed Lost
OP005201,L023157,2026-09-08,17663.4,Closed Won
OP005202,L023158,2026-08-02,2354.72,Closed Lost
OP005203,L023160,2025-12-17,1659.89,Closed Won
OP005204,L023163,2026-03-25,11108.76,Closed Lost
OP005205,L023166,2026-06-04,5621.62,Closed Lost
OP005206,L023170,2025-07-23,3257.49,Closed Lost
OP005207,L023173,2026-07-20,5438.96,Closed Won
OP005208,L023174,2026-01-16,3657.58,Closed Won
OP005209,L023176,2026-08-29,1004.9,Closed Won
OP005210,L023181,2026-04-03,2009.77,Closed Won
OP005211,L023186,2026-05-11,1066.21,Closed Won
OP005212,L023187,2026-06-03,1357.64,Closed Won
OP005213,L023192,2025-12-11,647.49,Closed Lost
OP005214,L023193,2025-03-09,1605.04,Open
OP005215,L023194,2026-08-04,720.92,Closed Won
OP005216,L023199,2026-06-19,1799.04,Open
OP005217,L023205,2024-01-23,2199.19,Closed Won
OP005218,L023210,2024-06-12,7349.42,Closed Won
OP005219,L023211,2025-09-03,1920.86,Closed Won
OP005220,L023225,2026-05-26,13554.23,Closed Lost
OP005221,L023227,2026-08-10,4107.98,Open
OP005222,L023228,2026-06-17,1014.92,Closed Won
OP005223,L023231,2026-08-27,24578.19,Closed Won
OP005224,L023240,2025-09-11,1433.81,Closed Won
OP005225,L023245,2024-07-29,2538.64,Open
OP005226,L023252,2025-03-21,2385.67,Open
OP005227,L023253,2025-04-10,1146.44,Open
OP005228,L023258,2025-11-28,7881.89,Closed Won
OP005229,L023264,2024-02-29,3431.15,Closed Lost
OP005230,L023281,2025-11-19,3148.99,Closed Won
OP005231,L023287,2024-06-05,5961.58,Closed Won
OP005232,L023290,2025-01-09,11726.57,Closed Lost
OP005233,L023306,2026-06-09,10123.95,Closed Lost
OP005234,L023313,2025-12-28,29713.09,Closed Won
OP005235,L023315,2024-10-20,12832.76,Closed Lost
OP005236,L023323,2024-08-02,36540.24,Closed Won
OP005237,L023326,2024-07-14,8103.87,Closed Lost
OP005238,L023327,2025-12-28,5415.59,Open
OP005239,L023333,2026-05-23,9218.78,Closed Won
OP005240,L023336,2025-03-09,1928.12,Closed Won
OP005241,L023340,2024-04-07,5964.99,Closed Won
OP005242,L023344,2025-06-25,19771.13,Open
OP005243,L023351,2024-11-29,4583.96,Closed Won
OP005244,L023358,2024-07-05,672.8,Closed Won
OP005245,L023375,2024-09-13,8165.86,Closed Won
OP005246,L023377,2025-12-05,6582.96,Closed Won
OP005247,L023384,2024-09-20,13536.61,Closed Won
OP005248,L023389,2026-06-08,644.88,Closed Won
OP005249,L023392,2025-09-21,8538.28,Closed Won
OP005250,L023399,2024-12-05,4035.64,Closed Won
OP005251,L023401,2024-01-30,56379.48,Closed Won
OP005252,L023405,2025-02-24,1201.04,Closed Lost
OP005253,L023408,2024-10-02,6757.02,Closed Lost
OP005254,L023411,2026-08-16,4500.4,Closed Won
OP005255,L023414,2024-02-01,3893.91,Closed Lost
OP005256,L023416,2026-02-12,4318.06,Open
OP005257,L023425,2024-10-15,6787.63,Closed Won
OP005258,L023427,2024-08-04,15620.07,Closed Won
OP005259,L023435,2025-05-31,7398.33,Closed Won
OP005260,L023438,2025-11-29,1632.38,Closed Won
OP005261,L023440,2024-05-22,7267.65,Closed Won
OP005262,L023452,2026-07-17,1294.32,Closed Lost
OP005263,L023458,2024-10-22,9968.53,Closed Won
OP005264,L023459,2025-01-22,5552.65,Closed Won
OP005265,L023460,2025-05-11,6486.82,Closed Won
OP005266,L023469,2026-09-03,5523.51,Closed Won
OP005267,L023475,2026-08-24,12997.36,Open
OP005268,L023484,2025-12-27,2562.74,Closed Lost
OP005269,L023487,2026-07-26,7417.1,Closed Won
OP005270,L023497,2025-08-03,4805.6,Closed Won
OP005271,L023499,2026-04-13,2056.89,Closed Won
OP005272,L023502,2024-07-07,791.74,Closed Won
OP005273,L023504,2024-09-04,2228.93,Closed Won
OP005274,L023506,2026-09-03,4086.75,Open
OP005275,L023512,2026-03-24,18002.32,Closed Won
OP005276,L023516,2025-10-03,4106.87,Closed Won
OP005277,L023523,2024-06-02,5728.32,Closed Won
OP005278,L023527,2024-09-11,3924.94,Closed Won
OP005279,L023535,2024-08-23,19537.29,Closed Won
OP005280,L023536,2025-04-29,4728.08,Closed Won
OP005281,L023541,2025-01-20,5223.95,Closed Won
OP005282,L023542,2026-03-21,2738.29,Closed Won
OP005283,L023544,2024-05-14,1901.33,Closed Won
OP005284,L023545,2025-08-12,2381.33,Closed Won
OP005285,L023546,2024-04-12,975.91,Open
OP005286,L023548,2025-11-13,3661.45,Closed Lost
OP005287,L023557,2025-01-19,3904.95,Closed Won
OP005288,L023559,2024-01-24,666.39,Closed Won
OP005289,L023561,2024-08-31,1874.32,Closed Won
OP005290,L023564,2026-04-02,2634.26,Closed Won
OP005291,L023568,2024-07-28,7633.5,Closed Won
OP005292,L023572,2024-11-14,3133.46,Open
OP005293,L023573,2026-06-19,4360.88,Closed Lost
OP005294,L023581,2024-09-29,901.14,Closed Won
OP005295,L023585,2024-08-01,5646.8,Open
OP005296,L023590,2024-11-12,2638.71,Closed Won
OP005297,L023598,2024-10-20,2137.8,Closed Won
OP005298,L023602,2024-12-26,5391.98,Closed Won
OP005299,L023604,2025-01-12,1182.77,Open
OP005300,L023609,2025-06-16,3643.66,Closed Lost
OP005301,L023616,2025-07-05,11885.11,Closed Won
OP005302,L023620,2025-08-12,4387.16,Closed Won
OP005303,L023622,2024-05-20,722.85,Open
OP005304,L023624,2025-01-18,5878.96,Closed Won
OP005305,L023626,2024-05-28,3858.16,Closed Won
OP005306,L023632,2024-04-03,20158.46,Closed Won
OP005307,L023638,2024-03-12,4734.15,Closed Lost
OP005308,L023639,2024-10-26,1925.7,Closed Won
OP005309,L023643,2026-02-12,2012.87,Closed Won
OP005310,L023645,2025-04-10,610.16,Closed Won
OP005311,L023657,2025-05-18,37845.81,Closed Lost
OP005312,L023658,2025-09-28,8289.24,Closed Won
OP005313,L023673,2024-12-11,792.47,Closed Won
OP005314,L023675,2025-03-03,1594.76,Open
OP005315,L023677,2025-08-03,2004.38,Closed Won
OP005316,L023690,2026-05-13,2164.44,Closed Won
OP005317,L023692,2025-08-17,19279.25,Closed Lost
OP005318,L023706,2025-09-06,876.07,Closed Won
OP005319,L023707,2026-07-26,4006.6,Closed Won
OP005320,L023711,2025-10-10,4432.13,Closed Won
OP005321,L023715,2026-03-13,3026.62,Closed Lost
OP005322,L023717,2025-03-20,1650.78,Closed Won
OP005323,L023719,2025-05-23,10685.3,Closed Lost
OP005324,L023723,2026-08-01,5454.66,Closed Lost
OP005325,L023728,2024-02-27,1752.57,Closed Won
OP005326,L023730,2025-03-22,772.64,Open
OP005327,L023735,2024-03-01,4740.13,Closed Won
OP005328,L023736,2024-03-18,759.79,Closed Lost
OP005329,L023747,2025-12-19,6963.35,Open
OP005330,L023752,2026-07-26,566.94,Closed Lost
OP005331,L023753,2024-05-19,3664.36,Closed Lost
OP005332,L023755,2024-02-19,3038.78,Closed Lost
OP005333,L023757,2026-09-03,465.52,Closed Won
OP005334,L023760,2026-02-09,303.33,Open
OP005335,L023761,2024-04-04,1911.13,Closed Won
OP005336,L023764,2026-03-08,1094.36,Closed Won
OP005337,L023765,2024-10-27,2170.69,Closed Lost
OP005338,L023770,2024-05-27,5703.86,Open
OP005339,L023771,2024-06-15,4809.31,Closed Won
OP005340,L023776,2026-01-30,14203.36,Closed Won
OP005341,L023777,2024-04-18,7214.29,Closed Won
OP005342,L023780,2024-05-23,1196.23,Closed Won
OP005343,L023791,2024-08-04,2820.38,Closed Lost
OP005344,L023796,2024-05-09,2494.66,Closed Won
OP005345,L023803,2026-02-02,2080.02,Closed Won
OP005346,L023804,2025-04-08,1506.42,Open
OP005347,L023806,2025-03-18,2388.2,Closed Won
OP005348,L023807,2025-07-11,2369.29,Closed Lost
OP005349,L023816,2024-04-10,15167.73,Closed Lost
OP005350,L023817,2024-12-04,4176.36,Open
OP005351,L023818,2026-07-20,6929.47,Closed Won
OP005352,L023826,2025-03-03,8633.81,Closed Won
OP005353,L023827,2024-11-30,3275.52,Closed Won
OP005354,L023830,2024-05-04,10949.68,Open
OP005355,L023831,2024-04-01,2611.28,Closed Won
OP005356,L023845,2024-11-12,1492.54,Closed Won
OP005357,L023855,2025-07-02,1981.05,Closed Won
OP005358,L023862,2024-09-25,25089.48,Open
OP005359,L023863,2025-09-30,5898.34,Closed Won
OP005360,L023864,2025-03-16,5350.4,Closed Won
OP005361,L023865,2024-06-03,1144.67,Closed Won
OP005362,L023866,2024-04-10,7554.64,Open
OP005363,L023873,2026-03-18,2709.13,Open
OP005364,L023877,2024-07-09,1923.29,Open
OP005365,L023880,2026-07-24,1700.9,Closed Lost
OP005366,L023884,2024-06-18,3842.01,Closed Won
OP005367,L023885,2025-09-08,4531.45,Closed Won
OP005368,L023886,2026-07-13,2070.04,Closed Won
OP005369,L023887,2026-07-05,16727.89,Open
OP005370,L023904,2026-04-16,12080.52,Closed Won
OP005371,L023905,2026-03-30,1916.19,Open
OP005372,L023907,2025-05-09,4284.96,Closed Lost
OP005373,L023908,2024-04-22,1651.56,Closed Won
OP005374,L023920,2025-10-22,17528.92,Closed Won
OP005375,L023926,2026-05-28,5008.76,Closed Lost
OP005376,L023929,2025-03-23,2536.41,Open
OP005377,L023932,2026-01-01,817.29,Closed Won
OP005378,L023933,2026-02-21,1733.87,Closed Won
OP005379,L023936,2026-04-06,1428.1,Closed Won
OP005380,L023939,2025-11-07,826.42,Closed Won
OP005381,L023942,2026-08-05,4348.74,Open
OP005382,L023943,2026-04-22,22356.0,Closed Won
OP005383,L023945,2026-05-25,1571.59,Closed Won
OP005384,L023947,2025-08-20,9994.35,Closed Lost
OP005385,L023950,2024-05-26,2314.14,Closed Won
OP005386,L023956,2024-07-01,1053.59,Closed Won
OP005387,L023969,2026-08-04,1791.99,Closed Lost
OP005388,L023975,2025-02-01,4471.65,Closed Won
OP005389,L023979,2024-12-26,1350.91,Closed Won
OP005390,L023981,2026-03-10,1056.26,Open
OP005391,L023989,2026-01-10,1724.93,Open
OP005392,L023991,2024-04-14,735.93,Closed Won
OP005393,L023992,2024-12-04,1459.69,Closed Lost
OP005394,L023997,2025-04-11,9769.6,Closed Won
OP005395,L024000,2024-12-05,1766.32,Closed Won
OP005396,L024012,2024-01-31,4874.18,Closed Won
OP005397,L024016,2025-11-11,7139.28,Open
OP005398,L024018,2024-09-23,5999.67,Open
OP005399,L024025,2024-06-21,8542.24,Closed Won
OP005400,L024027,2024-03-14,18507.02,Closed Won
OP005401,L024028,2026-09-07,1467.76,Closed Lost
OP005402,L024030,2024-04-28,305.21,Closed Won
OP005403,L024038,2025-08-22,2508.29,Closed Won
OP005404,L024040,2024-03-05,600.17,Open
OP005405,L024044,2026-05-06,2390.5,Closed Won
OP005406,L024047,2025-06-02,11886.96,Closed Won
OP005407,L024048,2024-09-22,1840.33,Closed Won
OP005408,L024049,2025-08-15,4040.78,Closed Lost
OP005409,L024050,2024-11-14,322.36,Closed Won
OP005410,L024054,2024-03-07,31395.62,Open
OP005411,L024056,2025-06-18,507.55,Closed Won
OP005412,L024058,2025-08-10,1896.51,Closed Won
OP005413,L024059,2024-11-18,1346.15,Closed Won
OP005414,L024060,2025-09-25,4327.41,Closed Won
OP005415,L024065,2024-05-09,2310.74,Closed Lost
OP005416,L024067,2024-05-21,846.48,Closed Lost
OP005417,L024068,2025-08-28,11452.09,Closed Won
OP005418,L024070,2025-12-30,1949.36,Closed Won
OP005419,L024074,2026-03-11,3081.53,Closed Lost
OP005420,L024080,2026-03-20,18922.99,Open
OP005421,L024081,2024-12-03,476.92,Closed Won
OP005422,L024086,2026-07-24,10115.49,Closed Won
OP005423,L024094,2026-06-20,3676.92,Open
OP005424,L024095,2026-02-13,4313.35,Closed Won
OP005425,L024096,2025-10-04,2173.52,Closed Won
OP005426,L024099,2026-02-21,2459.04,Closed Won
OP005427,L024100,2024-08-30,1495.12,Open
OP005428,L024101,2024-09-01,3286.61,Closed Won
OP005429,L024106,2024-04-20,6700.31,Closed Won
OP005430,L024107,2024-03-24,18265.6,Closed Won
OP005431,L024111,2025-05-19,28894.78,Closed Won
OP005432,L024112,2026-01-06,12982.94,Closed Lost
OP005433,L024114,2024-07-09,3509.66,Open
OP005434,L024122,2024-12-30,715.6,Closed Lost
OP005435,L024124,2025-10-03,752.1,Open
OP005436,L024126,2025-02-01,3864.48,Closed Lost
OP005437,L024129,2024-06-26,1898.8,Closed Won
OP005438,L024132,2024-10-08,6640.5,Closed Won
OP005439,L024133,2025-08-29,4725.17,Closed Won
OP005440,L024137,2025-07-05,24467.75,Closed Lost
OP005441,L024140,2026-02-06,4469.63,Closed Won
OP005442,L024146,2024-08-11,3251.05,Closed Won
OP005443,L024157,2024-06-03,1284.49,Closed Won
OP005444,L024158,2025-05-24,12600.81,Closed Won
OP005445,L024163,2025-04-04,3993.6,Open
OP005446,L024164,2026-09-10,2812.45,Closed Won
OP005447,L024176,2026-07-01,3175.12,Closed Won
OP005448,L024177,2025-11-26,3206.31,Closed Won
OP005449,L024184,2024-12-09,1436.54,Closed Won
OP005450,L024186,2025-02-20,8665.37,Closed Won
OP005451,L024187,2025-11-10,1184.18,Closed Won
OP005452,L024206,2024-04-26,3992.61,Closed Won
OP005453,L024212,2025-04-29,22639.03,Open
OP005454,L024213,2024-05-20,2303.51,Open
OP005455,L024219,2025-08-04,797.09,Closed Won
OP005456,L024223,2024-11-14,786.31,Open
OP005457,L024230,2024-03-21,706.44,Open
OP005458,L024235,2024-11-13,1946.14,Closed Lost
OP005459,L024242,2024-11-04,5557.97,Open
OP005460,L024244,2026-03-05,1127.56,Closed Lost
OP005461,L024245,2024-07-16,2498.2,Open
OP005462,L024249,2024-10-28,2069.24,Open
OP005463,L024256,2024-03-14,3755.2,Closed Won
OP005464,L024263,2025-01-15,1875.53,Closed Lost
OP005465,L024268,2024-07-26,12387.02,Closed Lost
OP005466,L024269,2025-05-01,3316.25,Closed Won
OP005467,L024272,2026-03-03,15181.18,Closed Won
OP005468,L024286,2026-07-26,4157.63,Closed Won
OP005469,L024291,2026-04-03,2421.94,Closed Won
OP005470,L024297,2025-07-24,1273.5,Open
OP005471,L024307,2026-01-30,2406.88,Closed Lost
OP005472,L024312,2025-08-26,1757.27,Closed Won
OP005473,L024323,2024-06-16,35911.05,Closed Won
OP005474,L024329,2025-09-15,2440.71,Open
OP005475,L024335,2026-02-27,927.25,Closed Lost
OP005476,L024337,2024-08-05,7164.0,Closed Lost
OP005477,L024340,2026-06-28,3999.46,Closed Won
OP005478,L024344,2026-04-13,9072.17,Closed Won
OP005479,L024353,2025-01-08,952.09,Closed Won
OP005480,L024360,2026-03-07,16210.45,Open
OP005481,L024367,2024-05-17,10325.62,Open
OP005482,L024369,2024-11-24,2245.35,Open
OP005483,L024374,2024-04-01,1484.63,Closed Won
OP005484,L024375,2025-10-20,6161.36,Closed Lost
OP005485,L024381,2024-11-30,14839.67,Closed Won
OP005486,L024384,2024-11-27,3630.65,Closed Lost
OP005487,L024386,2024-09-01,12005.85,Closed Won
OP005488,L024387,2025-07-28,1372.96,Closed Won
OP005489,L024393,2024-08-12,659.29,Closed Lost
OP005490,L024396,2025-11-06,4275.83,Closed Won
OP005491,L024410,2026-01-05,1463.9,Open
OP005492,L024416,2026-08-31,387.46,Closed Won
OP005493,L024417,2025-03-25,1318.13,Closed Won
OP005494,L024418,2025-09-04,10027.12,Closed Won
OP005495,L024420,2024-06-11,1612.19,Open
OP005496,L024432,2025-01-24,2032.08,Open
OP005497,L024434,2025-02-20,28371.55,Closed Won
OP005498,L024438,2025-07-17,1574.55,Closed Won
OP005499,L024446,2024-10-02,1465.97,Closed Won
OP005500,L024449,2025-07-14,1560.13,Closed Won
OP005501,L024452,2025-09-23,2953.82,Closed Won
OP005502,L024459,2024-12-24,1594.02,Closed Lost
OP005503,L024460,2024-07-26,5395.81,Closed Lost
OP005504,L024461,2026-01-28,1372.43,Closed Won
OP005505,L024462,2024-05-22,568.32,Closed Lost
OP005506,L024466,2025-01-26,10348.64,Closed Won
OP005507,L024468,2026-04-09,7867.94,Closed Won
OP005508,L024483,2024-02-27,12765.07,Closed Won
OP005509,L024486,2024-10-30,1930.67,Closed Won
OP005510,L024488,2025-05-02,2485.04,Closed Won
OP005511,L024500,2025-04-18,451.94,Closed Lost
OP005512,L024502,2025-12-23,3657.56,Open
OP005513,L024511,2025-06-29,21197.87,Closed Won
OP005514,L024512,2026-06-28,9843.46,Closed Won
OP005515,L024517,2025-10-18,1397.28,Open
OP005516,L024518,2024-07-14,633.88,Closed Won
OP005517,L024529,2026-02-15,811.84,Closed Won
OP005518,L024536,2025-04-01,2472.01,Closed Lost
OP005519,L024545,2025-02-05,25256.86,Closed Won
OP005520,L024551,2024-02-09,4457.11,Closed Won
OP005521,L024561,2025-12-18,422.36,Closed Won
OP005522,L024570,2025-05-02,5121.18,Closed Lost
OP005523,L024571,2026-07-01,2813.18,Closed Lost
OP005524,L024574,2024-08-07,1125.56,Closed Lost
OP005525,L024576,2026-05-09,1646.97,Open
OP005526,L024577,2025-08-15,7787.28,Closed Lost
OP005527,L024578,2026-09-17,2364.4,Closed Lost
OP005528,L024579,2026-03-17,918.9,Closed Won
OP005529,L024588,2024-06-21,858.66,Closed Won
OP005530,L024589,2025-09-09,5451.46,Closed Won
OP005531,L024590,2026-01-21,3764.53,Closed Won
OP005532,L024594,2026-06-19,2952.11,Closed Lost
OP005533,L024596,2025-02-04,2714.39,Closed Won
OP005534,L024608,2024-03-05,878.23,Closed Won
OP005535,L024609,2026-09-19,1118.08,Closed Won
OP005536,L024612,2026-08-13,8906.25,Closed Won
OP005537,L024616,2026-06-29,4911.38,Closed Won
OP005538,L024617,2024-03-14,9638.36,Open
OP005539,L024620,2026-05-08,15481.74,Closed Won
OP005540,L024623,2026-06-03,1014.48,Closed Won
OP005541,L024624,2025-06-25,895.42,Open
OP005542,L024625,2026-07-18,21142.78,Closed Lost
OP005543,L024627,2024-10-18,4019.92,Open
OP005544,L024635,2025-07-10,9411.99,Closed Lost
OP005545,L024636,2024-10-21,3830.41,Closed Won
OP005546,L024637,2024-12-20,5789.47,Closed Won
OP005547,L024639,2025-01-28,1566.6,Closed Won
OP005548,L024640,2026-06-04,1501.68,Closed Lost
OP005549,L024645,2024-11-05,11449.4,Open
OP005550,L024647,2024-12-14,20871.84,Closed Won
OP005551,L024654,2024-12-20,5045.27,Open
OP005552,L024659,2024-02-25,1877.96,Closed Lost
OP005553,L024663,2024-06-22,15696.68,Open
OP005554,L024666,2024-11-03,1972.15,Closed Won
OP005555,L024674,2024-09-24,2182.51,Open
OP005556,L024677,2024-04-02,14675.8,Open
OP005557,L024680,2025-01-10,2494.83,Closed Won
OP005558,L024689,2024-05-27,3747.65,Closed Won
OP005559,L024690,2024-07-29,3262.24,Closed Won
OP005560,L024695,2025-09-26,9418.26,Closed Lost
OP005561,L024700,2024-09-06,319.13,Closed Won
OP005562,L024704,2024-06-15,1288.32,Closed Lost
OP005563,L024705,2025-07-02,5407.92,Closed Won
OP005564,L024708,2026-03-27,1338.49,Open
OP005565,L024712,2026-09-05,5068.35,Closed Won
OP005566,L024713,2024-04-22,25533.69,Open
OP005567,L024714,2026-07-28,1923.14,Closed Won
OP005568,L024722,2026-06-19,14319.51,Closed Lost
OP005569,L024726,2025-07-17,4424.54,Closed Lost
OP005570,L024727,2024-10-24,3382.58,Closed Won
OP005571,L024728,2024-09-26,5327.88,Closed Lost
OP005572,L024732,2024-02-25,3504.09,Closed Won
OP005573,L024733,2025-05-24,641.21,Closed Won
OP005574,L024737,2025-06-02,388.41,Closed Won
OP005575,L024742,2025-02-23,1171.23,Closed Won
OP005576,L024743,2025-11-20,1103.2,Open
OP005577,L024745,2024-11-17,2970.65,Open
OP005578,L024746,2025-12-05,2136.03,Closed Won
OP005579,L024749,2024-06-08,2379.18,Closed Won
OP005580,L024757,2026-03-15,5598.79,Closed Won
OP005581,L024761,2026-04-28,6584.43,Open
OP005582,L024763,2025-07-17,1430.08,Open
OP005583,L024764,2025-01-02,4905.21,Closed Won
OP005584,L024770,2025-10-27,8247.22,Closed Lost
OP005585,L024773,2026-03-04,5364.56,Closed Won
OP005586,L024775,2025-03-13,1410.74,Closed Won
OP005587,L024787,2025-01-19,591.58,Open
OP005588,L024789,2024-10-23,354.88,Closed Won
OP005589,L024790,2024-07-24,3608.17,Open
OP005590,L024799,2025-11-05,12050.74,Closed Won
OP005591,L024806,2024-12-04,842.49,Closed Won
OP005592,L024808,2026-06-17,3936.36,Closed Lost
OP005593,L024810,2025-01-10,7773.66,Closed Lost
OP005594,L024811,2025-09-21,324.47,Open
OP005595,L024812,2025-05-23,3941.78,Closed Lost
OP005596,L024813,2025-10-11,14063.55,Closed Won
OP005597,L024821,2026-06-26,946.81,Closed Lost
OP005598,L024824,2024-09-30,15134.28,Closed Won
OP005599,L024828,2026-01-14,4003.28,Closed Lost
OP005600,L024834,2026-09-01,2024.72,Closed Won
OP005601,L024836,2026-08-19,640.1,Closed Lost
OP005602,L024842,2024-05-05,7440.27,Closed Won
OP005603,L024844,2025-08-10,6169.36,Closed Lost
OP005604,L024846,2025-09-29,11894.21,Open
OP005605,L024854,2024-05-15,791.86,Open
OP005606,L024855,2025-11-05,676.66,Open
OP005607,L024856,2024-10-26,3702.05,Closed Lost
OP005608,L024859,2024-10-06,2862.53,Closed Won
OP005609,L024860,2024-02-22,3467.06,Closed Won
OP005610,L024864,2024-10-05,585.62,Closed Won
OP005611,L024865,2024-04-04,736.59,Closed Lost
OP005612,L024876,2025-09-20,1433.49,Closed Lost
OP005613,L024879,2025-02-07,7963.71,Closed Won
OP005614,L024880,2026-09-08,1206.26,Closed Won
OP005615,L024884,2026-02-01,4770.16,Closed Lost
OP005616,L024889,2024-08-03,1718.01,Closed Lost
OP005617,L024892,2024-10-04,2179.72,Closed Won
OP005618,L024899,2024-07-02,1751.81,Closed Lost
OP005619,L024904,2024-04-15,1098.18,Closed Won
OP005620,L024906,2025-08-15,3004.87,Closed Won
OP005621,L024908,2024-08-13,1392.17,Closed Lost
OP005622,L024915,2024-05-31,2976.81,Closed Lost
OP005623,L024920,2024-07-12,2624.76,Closed Won
OP005624,L024922,2025-06-07,1754.99,Closed Lost
OP005625,L024923,2025-03-17,2635.54,Closed Lost
OP005626,L024928,2024-06-05,580.15,Open
OP005627,L024933,2025-03-03,5287.81,Closed Won
OP005628,L024938,2025-09-22,5793.75,Closed Won
OP005629,L024940,2026-02-08,10222.02,Closed Lost
OP005630,L024942,2024-10-20,3627.03,Closed Won
OP005631,L024943,2025-11-12,7697.94,Closed Won
OP005632,L024951,2026-08-16,7465.32,Closed Won
OP005633,L024954,2024-08-02,576.66,Closed Won
OP005634,L024958,2024-02-19,1238.74,Closed Won
OP005635,L024961,2026-07-27,2758.53,Closed Lost
OP005636,L024970,2024-09-26,13054.01,Closed Lost
OP005637,L024971,2026-01-09,3599.47,Closed Won
OP005638,L024972,2024-06-08,7992.28,Closed Won
OP005639,L024973,2025-09-30,2863.87,Closed Won
OP005640,L024977,2025-07-02,4404.44,Closed Won
OP005641,L024981,2026-02-08,972.39,Closed Won
OP005642,L024989,2026-07-18,9504.82,Closed Won
OP005643,L024992,2025-06-10,685.81,Open
OP005644,L024993,2025-01-12,11056.01,Closed Won
OP005645,L025001,2026-01-13,2743.3,Closed Won
OP005646,L025006,2026-02-24,4850.84,Closed Lost
OP005647,L025016,2025-07-25,748.25,Open
OP005648,L025017,2024-07-26,4962.87,Closed Lost
OP005649,L025021,2025-12-07,6122.73,Closed Lost
OP005650,L025026,2025-08-26,5684.23,Closed Won
OP005651,L025032,2024-10-26,2618.71,Open
OP005652,L025038,2025-01-13,1078.21,Closed Won
OP005653,L025043,2024-02-08,1244.19,Closed Lost
OP005654,L025045,2026-08-08,9814.82,Closed Won
OP005655,L025049,2025-11-16,5737.35,Open
OP005656,L025062,2026-01-25,1586.46,Closed Won
OP005657,L025069,2025-07-10,3200.92,Closed Won
OP005658,L025072,2025-12-24,1222.33,Closed Won
OP005659,L025073,2025-10-17,5010.74,Closed Lost
OP005660,L025074,2024-05-24,1546.62,Closed Won
OP005661,L025078,2024-12-27,29072.67,Closed Won
OP005662,L025080,2024-07-03,17544.99,Open
OP005663,L025084,2024-01-05,3365.38,Closed Won
OP005664,L025086,2025-12-15,1659.57,Closed Won
OP005665,L025088,2024-05-23,4106.61,Closed Lost
OP005666,L025096,2026-05-02,4858.02,Closed Won
OP005667,L025098,2024-07-30,929.28,Closed Lost
OP005668,L025102,2025-02-26,2412.01,Closed Won
OP005669,L025103,2024-08-07,1361.09,Closed Lost
OP005670,L025107,2024-02-07,5537.72,Closed Won
OP005671,L025108,2026-08-31,4340.09,Closed Won
OP005672,L025111,2025-06-19,2987.33,Closed Won
OP005673,L025117,2025-05-04,4644.97,Open
OP005674,L025120,2026-05-15,2785.17,Closed Won
OP005675,L025121,2025-08-07,389.35,Closed Won
OP005676,L025137,2026-02-10,1859.16,Closed Won
OP005677,L025139,2024-08-09,1721.63,Closed Won
OP005678,L025147,2025-06-13,12391.31,Closed Lost
OP005679,L025156,2024-08-02,8172.81,Closed Lost
OP005680,L025162,2026-08-22,1982.45,Closed Won
OP005681,L025167,2024-06-23,2140.08,Closed Lost
OP005682,L025170,2025-04-13,4440.57,Closed Lost
OP005683,L025179,2026-05-09,892.85,Open
OP005684,L025181,2025-10-28,13507.59,Closed Won
OP005685,L025190,2025-11-04,4803.17,Closed Won
OP005686,L025191,2025-05-26,2723.46,Open
OP005687,L025197,2024-02-14,1819.45,Closed Won
OP005688,L025199,2024-08-28,4148.33,Closed Won
OP005689,L025206,2025-10-21,1154.02,Closed Won
OP005690,L025216,2024-11-24,795.46,Closed Won
OP005691,L025223,2026-02-08,469.67,Closed Won
OP005692,L025230,2026-01-18,2101.34,Closed Won
OP005693,L025235,2026-04-06,431.85,Closed Won
OP005694,L025236,2026-06-24,978.21,Closed Won
OP005695,L025239,2025-09-15,553.63,Closed Won
OP005696,L025240,2025-07-24,4005.93,Closed Lost
OP005697,L025241,2025-09-23,1426.83,Open
OP005698,L025249,2024-06-10,320.28,Closed Lost
OP005699,L025256,2026-02-02,10351.86,Open
OP005700,L025259,2026-08-25,11747.65,Closed Won
OP005701,L025260,2024-03-28,6848.79,Closed Won
OP005702,L025264,2025-08-21,3917.99,Open
OP005703,L025268,2025-04-22,2936.93,Closed Won
OP005704,L025275,2024-02-06,9364.97,Open
OP005705,L025279,2026-05-24,4013.89,Closed Won
OP005706,L025282,2025-05-14,3108.21,Open
OP005707,L025284,2024-12-21,2501.04,Closed Lost
OP005708,L025287,2026-06-30,740.87,Closed Won
OP005709,L025290,2024-07-10,1571.51,Closed Won
OP005710,L025302,2024-09-30,1984.02,Closed Won
OP005711,L025303,2026-07-01,5212.52,Closed Won
OP005712,L025304,2026-08-27,2384.5,Closed Won
OP005713,L025306,2025-02-01,597.5,Closed Won
OP005714,L025310,2026-07-03,1990.1,Closed Won
OP005715,L025311,2024-02-17,2662.93,Closed Won
OP005716,L025316,2024-09-16,3922.09,Closed Won
OP005717,L025318,2024-06-03,2870.17,Closed Won
OP005718,L025321,2025-08-04,2088.32,Open
OP005719,L025323,2026-05-03,2966.91,Closed Won
OP005720,L025325,2024-04-23,3681.48,Closed Won
OP005721,L025330,2025-03-07,1360.28,Closed Won
OP005722,L025331,2025-11-07,1549.93,Closed Won
OP005723,L025341,2025-04-09,9325.56,Closed Won
OP005724,L025345,2026-04-01,1840.33,Closed Won
OP005725,L025346,2026-03-26,858.39,Open
OP005726,L025351,2026-05-15,4665.55,Open
OP005727,L025353,2025-09-28,1308.06,Open
OP005728,L025356,2024-09-10,1219.62,Closed Won
OP005729,L025357,2025-05-20,1636.59,Closed Lost
OP005730,L025360,2025-12-08,2597.63,Closed Won
OP005731,L025362,2024-09-03,4297.42,Open
OP005732,L025364,2024-01-19,364.6,Open
OP005733,L025366,2024-04-28,3393.25,Open
OP005734,L025372,2025-06-10,490.58,Closed Won
OP005735,L025373,2025-07-11,698.3,Closed Won
OP005736,L025375,2026-03-18,37644.82,Closed Lost
OP005737,L025377,2026-06-23,3066.96,Closed Lost
OP005738,L025379,2026-04-18,24685.62,Closed Lost
OP005739,L025383,2025-07-04,2041.06,Closed Lost
OP005740,L025384,2026-08-12,6518.3,Open
OP005741,L025386,2026-09-01,1943.27,Closed Won
OP005742,L025392,2025-10-19,6267.02,Open
OP005743,L025394,2026-03-14,1960.54,Closed Won
OP005744,L025396,2025-10-28,7929.69,Closed Won
OP005745,L025411,2026-02-23,1520.91,Closed Lost
OP005746,L025418,2024-04-10,3074.26,Open
OP005747,L025421,2024-10-29,2936.09,Closed Lost
OP005748,L025422,2024-06-08,852.18,Open
OP005749,L025424,2026-09-04,903.9,Closed Lost
OP005750,L025428,2024-08-23,32099.72,Open
OP005751,L025429,2025-10-28,640.44,Closed Lost
OP005752,L025435,2025-09-16,446.73,Open
OP005753,L025443,2025-02-26,4854.77,Closed Won
OP005754,L025446,2024-07-28,5865.76,Closed Won
OP005755,L025455,2024-09-11,2852.53,Open
OP005756,L025460,2025-12-03,983.0,Closed Lost
OP005757,L025462,2025-01-27,7368.55,Closed Won
OP005758,L025467,2025-12-13,557.07,Closed Lost
OP005759,L025470,2024-03-17,1138.44,Closed Won
OP005760,L025473,2024-02-27,1099.88,Closed Won
OP005761,L025475,2026-09-16,7556.69,Closed Lost
OP005762,L025489,2026-04-11,4808.65,Open
OP005763,L025495,2025-02-11,3255.03,Open
OP005764,L025504,2025-07-04,1897.33,Closed Won
OP005765,L025505,2025-10-03,1373.46,Open
OP005766,L025508,2025-12-30,9341.84,Closed Won
OP005767,L025509,2025-08-05,1218.48,Closed Won
OP005768,L025516,2024-07-25,6185.9,Closed Lost
OP005769,L025520,2025-06-15,26225.51,Closed Lost
OP005770,L025529,2026-06-21,1735.57,Closed Lost
OP005771,L025530,2025-10-14,2368.48,Closed Won
OP005772,L025534,2026-07-18,1097.87,Closed Won
OP005773,L025538,2026-07-12,2038.18,Closed Won
OP005774,L025543,2026-06-04,8335.24,Open
OP005775,L025546,2024-11-03,2927.6,Closed Won
OP005776,L025551,2025-04-15,902.28,Closed Won
OP005777,L025552,2024-11-19,3418.92,Open
OP005778,L025553,2025-02-25,2389.2,Open
OP005779,L025565,2025-04-24,342.89,Open
OP005780,L025569,2026-03-20,16078.36,Closed Won
OP005781,L025573,2026-07-28,699.14,Closed Won
OP005782,L025581,2026-04-13,18940.78,Closed Lost
OP005783,L025584,2026-02-22,4097.93,Closed Won
OP005784,L025588,2025-07-25,2966.1,Open
OP005785,L025590,2024-07-08,1686.46,Closed Won
OP005786,L025593,2025-01-18,905.47,Open
OP005787,L025596,2025-08-06,8364.67,Closed Won
OP005788,L025605,2026-02-20,4763.02,Closed Won
OP005789,L025606,2025-08-11,2700.87,Closed Won
OP005790,L025607,2025-05-04,1610.21,Closed Won
OP005791,L025623,2024-10-03,2199.18,Closed Lost
OP005792,L025624,2024-12-12,562.09,Closed Won
OP005793,L025628,2024-10-02,9029.18,Closed Lost
OP005794,L025634,2025-01-23,4906.08,Closed Lost
OP005795,L025638,2024-02-17,3976.9,Open
OP005796,L025642,2025-12-26,8936.84,Closed Won
OP005797,L025646,2025-06-11,1588.39,Open
OP005798,L025647,2026-07-19,3843.76,Closed Won
OP005799,L025659,2026-02-21,8791.1,Closed Lost
OP005800,L025662,2025-06-26,3231.07,Closed Won
OP005801,L025674,2024-06-13,3133.85,Closed Won
OP005802,L025678,2026-05-03,1506.11,Closed Won
OP005803,L025679,2025-07-24,3913.95,Closed Won
OP005804,L025680,2026-04-01,6043.04,Closed Lost
OP005805,L025686,2024-09-04,763.13,Closed Won
OP005806,L025687,2024-08-16,5336.46,Closed Won
OP005807,L025690,2026-04-08,1896.49,Closed Won
OP005808,L025697,2024-03-09,6337.23,Open
OP005809,L025704,2025-11-05,1148.01,Open
OP005810,L025709,2025-10-26,4730.01,Closed Won
OP005811,L025714,2024-05-14,1477.21,Closed Lost
OP005812,L025715,2026-09-09,693.1,Closed Lost
OP005813,L025719,2025-07-25,6389.76,Open
OP005814,L025725,2026-01-08,2703.11,Closed Won
OP005815,L025733,2025-09-21,5039.89,Closed Lost
OP005816,L025737,2025-11-21,2772.37,Closed Lost
OP005817,L025738,2024-04-29,1671.69,Closed Lost
OP005818,L025740,2026-01-09,15064.37,Closed Lost
OP005819,L025741,2026-04-26,768.69,Closed Won
OP005820,L025745,2026-07-09,5242.07,Open
OP005821,L025749,2026-05-08,521.21,Open
OP005822,L025750,2025-06-02,4656.09,Closed Won
OP005823,L025755,2024-09-26,2908.49,Closed Won
OP005824,L025758,2024-08-28,3208.45,Closed Lost
OP005825,L025762,2024-12-02,12126.28,Open
OP005826,L025764,2026-09-21,763.85,Closed Won
OP005827,L025769,2026-08-24,8078.97,Closed Won
OP005828,L025779,2025-04-14,250.0,Closed Won
OP005829,L025780,2025-04-08,5754.79,Closed Won
OP005830,L025781,2025-01-29,1094.33,Closed Won
OP005831,L025785,2026-08-27,733.67,Closed Won
OP005832,L025793,2024-09-06,465.61,Closed Won
OP005833,L025796,2025-08-19,2662.12,Closed Won
OP005834,L025800,2026-03-13,4315.03,Closed Lost
OP005835,L025801,2025-10-08,250.0,Open
OP005836,L025803,2026-08-23,6090.84,Closed Won
OP005837,L025805,2024-09-30,10697.48,Open
OP005838,L025812,2024-07-16,3846.49,Closed Won
OP005839,L025817,2026-08-18,5876.74,Closed Won
OP005840,L025819,2026-03-12,1517.59,Closed Lost
OP005841,L025827,2025-04-29,5294.4,Closed Won
OP005842,L025828,2024-10-21,2810.41,Closed Won
OP005843,L025830,2026-04-28,7667.38,Closed Lost
OP005844,L025832,2024-07-12,674.31,Closed Won
OP005845,L025837,2026-03-11,8209.43,Closed Won
OP005846,L025839,2025-01-10,986.58,Closed Won
OP005847,L025848,2025-09-26,5710.68,Closed Won
OP005848,L025852,2026-07-27,2114.31,Closed Won
OP005849,L025857,2024-05-18,1402.65,Closed Lost
OP005850,L025865,2025-08-07,6718.02,Open
OP005851,L025870,2026-07-26,1176.12,Closed Won
OP005852,L025876,2024-09-17,1444.89,Closed Won
OP005853,L025879,2025-02-08,9557.14,Closed Won
OP005854,L025880,2024-12-30,4577.77,Open
OP005855,L025881,2026-03-26,10298.78,Closed Lost
OP005856,L025888,2025-05-17,872.84,Closed Won
OP005857,L025894,2024-04-12,1669.79,Open
OP005858,L025898,2026-09-08,9211.11,Closed Lost
OP005859,L025917,2026-09-13,1668.07,Closed Won
OP005860,L025928,2025-08-04,1612.76,Closed Lost
OP005861,L025954,2025-11-20,1197.2,Closed Won
OP005862,L025957,2026-09-03,2450.87,Closed Lost
OP005863,L025959,2026-08-30,9290.24,Closed Lost
OP005864,L025969,2024-12-19,21729.06,Closed Lost
OP005865,L025976,2024-04-20,22757.88,Closed Won
OP005866,L025979,2026-06-30,2452.74,Closed Lost
OP005867,L025982,2024-04-18,1393.29,Closed Won
OP005868,L025996,2025-12-06,3537.85,Closed Won
OP005869,L026012,2024-12-26,3586.27,Closed Lost
OP005870,L026027,2024-01-26,1138.04,Closed Won
OP005871,L026029,2025-04-28,3599.88,Closed Lost
OP005872,L026033,2026-04-28,3376.81,Open
OP005873,L026036,2026-03-04,3182.75,Closed Lost
OP005874,L026039,2025-07-11,5994.59,Closed Won
OP005875,L026051,2025-05-11,633.3,Open
OP005876,L026053,2026-07-18,5074.54,Closed Won
OP005877,L026062,2026-09-10,1885.03,Closed Lost
OP005878,L026066,2026-08-09,825.45,Closed Won
OP005879,L026069,2026-03-11,918.35,Closed Won
OP005880,L026070,2024-05-31,355.18,Closed Lost
OP005881,L026076,2025-10-07,952.54,Open
OP005882,L026078,2026-02-11,1112.05,Closed Won
OP005883,L026083,2024-02-20,2661.2,Closed Won
OP005884,L026085,2024-10-23,2108.19,Closed Lost
OP005885,L026087,2024-12-25,8096.93,Closed Won
OP005886,L026088,2024-07-13,919.51,Closed Lost
OP005887,L026090,2026-01-19,5227.79,Closed Won
OP005888,L026091,2025-10-07,4157.31,Open
OP005889,L026102,2025-12-25,1485.14,Closed Won
OP005890,L026108,2025-05-28,1765.1,Closed Won
OP005891,L026117,2024-07-20,4765.82,Closed Lost
OP005892,L026119,2026-07-20,996.42,Closed Won
OP005893,L026121,2026-05-17,2193.01,Closed Won
OP005894,L026122,2025-08-29,911.65,Closed Lost
OP005895,L026127,2024-06-25,4010.79,Closed Won
OP005896,L026133,2026-09-01,1205.71,Closed Lost
OP005897,L026136,2026-09-05,629.18,Closed Won
OP005898,L026138,2026-05-20,2517.88,Closed Lost
OP005899,L026141,2024-03-23,1419.22,Closed Won
OP005900,L026143,2024-10-16,649.16,Closed Won
OP005901,L026149,2026-07-20,16265.44,Closed Won
OP005902,L026155,2024-05-10,2386.82,Closed Won
OP005903,L026163,2025-01-30,4684.62,Closed Lost
OP005904,L026169,2025-01-20,3061.59,Open
OP005905,L026172,2025-12-01,2346.81,Closed Lost
OP005906,L026174,2025-08-28,2847.45,Closed Lost
OP005907,L026179,2026-03-21,3549.35,Closed Won
OP005908,L026187,2024-10-16,6791.08,Closed Won
OP005909,L026190,2025-08-01,4859.34,Closed Lost
OP005910,L026193,2024-03-02,15223.13,Open
OP005911,L026197,2025-09-21,1222.13,Closed Lost
OP005912,L026201,2026-06-23,250.0,Closed Won
OP005913,L026202,2026-04-19,1618.93,Closed Won
OP005914,L026211,2026-05-28,5946.24,Open
OP005915,L026212,2024-05-12,505.31,Open
OP005916,L026223,2024-08-26,5578.12,Closed Lost
OP005917,L026226,2024-12-28,331.02,Open
OP005918,L026234,2025-01-02,614.7,Closed Won
OP005919,L026250,2026-06-03,9133.96,Closed Won
OP005920,L026254,2024-11-26,7627.91,Open
OP005921,L026265,2026-05-28,7779.65,Closed Won
OP005922,L026267,2024-10-06,3101.26,Open
OP005923,L026269,2026-02-27,1908.02,Closed Lost
OP005924,L026274,2024-10-21,3759.35,Closed Won
OP005925,L026275,2024-01-22,1661.06,Closed Won
OP005926,L026277,2025-11-28,809.57,Closed Lost
OP005927,L026278,2026-01-26,1163.91,Closed Won
OP005928,L026281,2025-08-04,2206.49,Closed Lost
OP005929,L026282,2025-09-01,2679.02,Closed Won
OP005930,L026284,2025-01-26,3117.34,Closed Lost
OP005931,L026289,2024-04-06,577.0,Closed Won
OP005932,L026293,2025-03-04,3053.37,Closed Won
OP005933,L026294,2024-12-18,3386.45,Closed Won
OP005934,L026295,2024-05-23,10550.69,Open
OP005935,L026296,2025-01-05,3286.56,Closed Won
OP005936,L026309,2024-11-20,2225.7,Closed Won
OP005937,L026314,2024-10-11,1799.06,Closed Won
OP005938,L026317,2026-06-17,2014.95,Open
OP005939,L026322,2024-07-01,1282.54,Closed Won
OP005940,L026331,2025-09-05,2829.49,Closed Won
OP005941,L026343,2026-04-25,9657.21,Closed Won
OP005942,L026345,2025-03-26,2528.85,Closed Lost
OP005943,L026346,2025-07-26,1148.12,Closed Won
OP005944,L026349,2025-08-11,3750.58,Closed Lost
OP005945,L026350,2024-11-19,3080.1,Open
OP005946,L026351,2025-06-14,4901.45,Closed Won
OP005947,L026357,2026-04-11,2966.76,Closed Won
OP005948,L026359,2025-01-11,1089.82,Closed Won
OP005949,L026361,2025-01-04,5026.83,Closed Lost
OP005950,L026370,2024-02-08,2078.19,Closed Won
OP005951,L026371,2025-09-29,2362.85,Closed Won
OP005952,L026377,2025-08-24,1066.31,Closed Lost
OP005953,L026380,2024-04-30,1886.68,Closed Won
OP005954,L026381,2025-01-18,20433.47,Closed Won
OP005955,L026382,2026-07-26,900.53,Closed Won
OP005956,L026383,2024-11-13,2251.21,Open
OP005957,L026388,2025-01-04,250.0,Closed Won
OP005958,L026398,2026-01-04,17998.77,Closed Lost
OP005959,L026400,2025-01-26,1692.14,Closed Won
OP005960,L026402,2024-12-30,6284.91,Closed Won
OP005961,L026403,2026-07-05,2180.43,Closed Won
OP005962,L026404,2026-03-11,3972.02,Open
OP005963,L026414,2026-01-21,1720.34,Closed Lost
OP005964,L026415,2024-06-15,24902.68,Closed Won
OP005965,L026416,2024-11-21,1800.72,Closed Lost
OP005966,L026428,2026-02-08,4936.15,Closed Won
OP005967,L026430,2024-03-22,4317.44,Closed Won
OP005968,L026436,2025-05-02,1819.35,Closed Lost
OP005969,L026439,2026-01-19,1262.57,Closed Lost
OP005970,L026444,2024-07-31,6522.62,Closed Won
OP005971,L026445,2025-04-09,1762.48,Open
OP005972,L026446,2026-02-12,3375.46,Closed Lost
OP005973,L026451,2026-04-13,914.27,Open
OP005974,L026456,2024-01-18,10610.83,Closed Won
OP005975,L026460,2025-12-10,2775.86,Closed Won
OP005976,L026468,2024-05-16,790.33,Closed Lost
OP005977,L026477,2026-07-28,1684.45,Open
OP005978,L026481,2025-08-31,1435.58,Closed Won
OP005979,L026482,2026-05-26,3478.83,Closed Lost
OP005980,L026486,2026-05-28,2605.63,Closed Won
OP005981,L026498,2024-11-19,6789.84,Closed Lost
OP005982,L026506,2024-08-10,4623.19,Closed Won
OP005983,L026514,2025-06-23,20581.5,Closed Won
OP005984,L026515,2025-08-28,1828.39,Open
OP005985,L026520,2024-09-22,1547.46,Open
OP005986,L026521,2025-01-14,26452.59,Open
OP005987,L026522,2025-03-12,3263.79,Open
OP005988,L026532,2025-07-21,1703.49,Closed Won
OP005989,L026533,2026-08-25,1431.92,Closed Won
OP005990,L026536,2024-08-23,3673.27,Closed Won
OP005991,L026538,2024-11-12,9313.49,Closed Won
OP005992,L026539,2024-10-23,14192.62,Open
OP005993,L026540,2024-10-01,7311.93,Closed Won
OP005994,L026545,2026-01-13,2686.74,Open
OP005995,L026559,2025-08-25,880.87,Closed Won
OP005996,L026567,2024-02-12,494.2,Closed Won
OP005997,L026569,2024-09-10,446.64,Closed Lost
OP005998,L026571,2024-04-12,3187.06,Closed Lost
OP005999,L026573,2025-11-26,483.1,Closed Won
OP006000,L026578,2024-09-02,8943.96,Closed Won
OP006001,L026579,2025-07-21,749.91,Open
OP006002,L026582,2024-06-10,1322.09,Closed Won
OP006003,L026584,2025-09-04,7936.44,Closed Lost
OP006004,L026587,2024-11-16,787.01,Closed Won
OP006005,L026590,2025-03-03,4400.27,Open
OP006006,L026594,2026-07-23,20931.82,Closed Won
OP006007,L026596,2026-06-01,10067.86,Open
OP006008,L026597,2024-01-14,1167.31,Closed Won
OP006009,L026605,2025-02-22,4739.63,Closed Won
OP006010,L026606,2025-05-26,8010.88,Closed Won
OP006011,L026617,2024-07-28,2954.76,Closed Won
OP006012,L026618,2024-03-07,2119.61,Closed Won
OP006013,L026628,2025-03-07,6575.18,Closed Lost
OP006014,L026630,2024-10-04,1594.98,Closed Lost
OP006015,L026632,2024-05-01,3718.23,Closed Lost
OP006016,L026634,2026-06-06,5333.93,Open
OP006017,L026636,2024-11-10,1518.33,Closed Lost
OP006018,L026641,2024-05-09,1097.16,Closed Won
OP006019,L026642,2025-05-28,2012.14,Closed Won
OP006020,L026644,2025-04-03,4551.12,Open
OP006021,L026646,2025-08-09,1699.28,Closed Lost
OP006022,L026649,2025-03-27,1078.35,Closed Won
OP006023,L026657,2024-05-17,3588.08,Closed Won
OP006024,L026661,2026-06-18,544.06,Closed Lost
OP006025,L026665,2025-01-09,4575.43,Closed Won
OP006026,L026666,2024-10-30,11125.27,Closed Won
OP006027,L026667,2025-07-27,9174.55,Closed Won
OP006028,L026670,2026-08-03,4373.17,Closed Won
OP006029,L026671,2025-06-13,327.51,Closed Lost
OP006030,L026674,2024-12-17,8815.22,Closed Won
OP006031,L026675,2026-06-15,1690.47,Closed Won
OP006032,L026684,2024-09-07,8330.27,Closed Lost
OP006033,L026687,2026-04-04,8120.55,Open
OP006034,L026695,2025-01-08,4024.08,Closed Won
OP006035,L026698,2024-08-30,2231.98,Closed Won
OP006036,L026703,2025-09-24,1674.03,Closed Won
OP006037,L026724,2025-04-22,3147.08,Closed Won
OP006038,L026735,2024-04-15,866.31,Closed Won
OP006039,L026736,2024-05-25,918.15,Closed Won
OP006040,L026748,2026-04-25,5920.57,Closed Won
OP006041,L026752,2024-08-14,6420.13,Closed Won
OP006042,L026756,2025-02-04,9514.51,Closed Won
OP006043,L026769,2025-04-17,5741.77,Closed Won
OP006044,L026775,2025-01-02,903.17,Closed Won
OP006045,L026784,2025-09-01,7167.36,Open
OP006046,L026788,2025-07-13,12853.41,Closed Lost
OP006047,L026792,2025-04-21,399.13,Open
OP006048,L026794,2026-06-09,2103.52,Closed Lost
OP006049,L026803,2025-08-26,15981.76,Closed Won
OP006050,L026809,2024-06-27,997.87,Closed Won
OP006051,L026813,2024-08-28,4334.65,Closed Lost
OP006052,L026814,2026-10-04,907.94,Closed Won
OP006053,L026820,2025-12-29,1411.69,Open
OP006054,L026825,2024-02-11,250.0,Closed Won
OP006055,L026829,2026-08-02,1523.23,Closed Won
OP006056,L026833,2025-04-29,3904.39,Open
OP006057,L026839,2026-02-18,3087.75,Closed Won
OP006058,L026844,2024-06-19,1115.47,Closed Lost
OP006059,L026850,2026-05-29,11838.8,Closed Won
OP006060,L026857,2024-09-24,4061.96,Closed Won
OP006061,L026862,2025-12-21,4328.92,Closed Lost
OP006062,L026863,2026-04-12,5822.79,Closed Won
OP006063,L026867,2025-12-21,39680.76,Closed Won
OP006064,L026870,2024-09-18,3875.16,Closed Won
OP006065,L026872,2024-04-26,2936.76,Closed Won
OP006066,L026873,2024-10-16,1964.15,Closed Won
OP006067,L026875,2025-01-17,1550.66,Closed Lost
OP006068,L026899,2024-08-13,531.42,Closed Won
OP006069,L026903,2025-11-16,470.05,Open
OP006070,L026909,2025-04-24,4272.17,Open
OP006071,L026920,2026-04-14,11309.82,Closed Lost
OP006072,L026926,2024-07-19,1159.53,Closed Won
OP006073,L026931,2024-02-13,3026.48,Closed Lost
OP006074,L026940,2025-08-11,1182.02,Closed Lost
OP006075,L026944,2026-03-31,2803.36,Open
OP006076,L026946,2026-03-12,866.51,Closed Won
OP006077,L026948,2025-04-17,4169.01,Closed Won
OP006078,L026950,2025-01-30,2127.59,Closed Won
OP006079,L026959,2025-10-04,2996.38,Closed Won
OP006080,L026965,2026-01-16,3637.08,Closed Lost
OP006081,L026966,2025-08-20,250.0,Open
OP006082,L026976,2025-01-18,2402.97,Closed Lost
OP006083,L026980,2025-06-07,659.26,Open
OP006084,L026981,2025-12-14,3158.63,Closed Won
OP006085,L026986,2025-05-02,9441.23,Closed Won
OP006086,L026989,2026-04-09,13231.39,Open
OP006087,L026995,2026-01-06,2548.84,Open
OP006088,L027000,2024-07-07,2370.16,Closed Won
OP006089,L027004,2026-06-22,3860.32,Closed Lost
OP006090,L027008,2025-12-28,3379.95,Closed Won
OP006091,L027009,2026-02-11,2202.31,Closed Lost
OP006092,L027013,2024-12-15,3650.56,Closed Won
OP006093,L027018,2024-08-09,935.22,Closed Won
OP006094,L027020,2025-08-13,693.8,Closed Lost
OP006095,L027028,2025-04-18,4184.29,Open
OP006096,L027030,2025-02-21,1857.57,Closed Won
OP006097,L027041,2025-12-16,4176.15,Closed Won
OP006098,L027045,2025-07-24,2202.03,Closed Won
OP006099,L027052,2025-07-19,567.86,Closed Won
OP006100,L027056,2026-08-14,3816.09,Closed Won
OP006101,L027057,2025-07-16,13460.84,Open
OP006102,L027061,2024-07-27,2175.54,Open
OP006103,L027064,2024-09-05,1201.05,Closed Won
OP006104,L027071,2024-03-31,11090.54,Closed Won
OP006105,L027072,2026-03-21,7892.43,Closed Won
OP006106,L027079,2026-05-15,694.8,Open
OP006107,L027097,2025-05-28,1850.74,Closed Lost
OP006108,L027099,2026-07-09,1290.05,Closed Won
OP006109,L027104,2026-06-17,10224.81,Closed Won
OP006110,L027109,2026-01-08,4761.31,Closed Lost
OP006111,L027112,2025-11-19,2134.17,Closed Won
OP006112,L027122,2026-01-18,1565.85,Open
OP006113,L027127,2024-02-22,9539.69,Closed Won
OP006114,L027133,2025-09-02,8593.19,Open
OP006115,L027137,2025-10-20,1520.7,Closed Won
OP006116,L027139,2026-01-26,250.0,Closed Lost
OP006117,L027140,2025-09-06,4820.38,Closed Lost
OP006118,L027150,2026-09-04,7491.78,Closed Won
OP006119,L027152,2025-12-15,3073.03,Closed Won
OP006120,L027156,2024-07-21,4517.6,Open
OP006121,L027158,2025-07-19,376.87,Closed Won
OP006122,L027159,2026-01-23,6929.32,Closed Lost
OP006123,L027173,2024-03-27,1525.36,Closed Lost
OP006124,L027178,2024-12-12,1245.36,Closed Won
OP006125,L027184,2024-12-22,17016.94,Closed Won
OP006126,L027198,2026-01-22,6128.12,Closed Won
OP006127,L027205,2026-08-02,17676.8,Closed Lost
OP006128,L027208,2026-08-10,7229.4,Open
OP006129,L027209,2025-10-13,6891.95,Closed Won
OP006130,L027210,2025-03-08,4126.43,Open
OP006131,L027211,2025-06-21,4032.51,Closed Won
OP006132,L027214,2026-01-06,2671.77,Closed Won
OP006133,L027231,2024-08-11,7730.45,Open
OP006134,L027232,2025-06-07,7430.85,Open
OP006135,L027233,2024-03-17,845.92,Closed Lost
OP006136,L027247,2024-01-07,355.01,Open
OP006137,L027259,2024-02-06,9845.11,Closed Won
OP006138,L027274,2025-03-01,3400.47,Open
OP006139,L027288,2025-06-15,2146.53,Closed Won
OP006140,L027290,2025-08-12,6259.11,Closed Lost
OP006141,L027302,2024-07-30,1238.56,Closed Won
OP006142,L027303,2026-07-02,2427.53,Closed Lost
OP006143,L027308,2024-03-23,3238.58,Closed Won
OP006144,L027320,2025-11-27,818.37,Closed Won
OP006145,L027321,2024-03-19,17787.38,Closed Lost
OP006146,L027325,2025-01-09,4751.79,Closed Won
OP006147,L027331,2024-09-01,649.81,Closed Lost
OP006148,L027332,2024-11-26,19233.01,Closed Won
OP006149,L027335,2025-05-07,5829.96,Closed Won
OP006150,L027337,2024-06-06,744.83,Closed Won
OP006151,L027345,2025-09-18,1171.93,Closed Won
OP006152,L027353,2024-06-03,1323.41,Closed Won
OP006153,L027355,2024-04-03,4161.94,Closed Won
OP006154,L027356,2025-09-18,5724.73,Closed Lost
OP006155,L027357,2024-02-11,9965.29,Closed Won
OP006156,L027365,2024-09-02,5576.44,Closed Won
OP006157,L027367,2025-09-24,9886.0,Closed Lost
OP006158,L027369,2024-08-26,6463.98,Closed Won
OP006159,L027371,2025-07-11,5222.45,Closed Won
OP006160,L027374,2024-12-08,4978.86,Closed Won
OP006161,L027375,2025-05-02,2493.25,Closed Won
OP006162,L027381,2024-09-02,2466.8,Closed Lost
OP006163,L027389,2024-06-29,4861.73,Closed Won
OP006164,L027395,2024-12-16,1503.4,Open
OP006165,L027396,2025-11-23,5401.31,Closed Won
OP006166,L027402,2024-12-09,749.86,Closed Lost
OP006167,L027406,2025-03-10,13898.13,Open
OP006168,L027408,2025-12-24,632.99,Closed Lost
OP006169,L027411,2024-02-04,3700.18,Closed Won
OP006170,L027412,2024-03-09,2782.06,Open
OP006171,L027414,2025-02-13,1780.91,Closed Won
OP006172,L027415,2025-12-17,3023.97,Open
OP006173,L027417,2026-02-13,2170.14,Closed Lost
OP006174,L027426,2026-07-21,4857.76,Open
OP006175,L027427,2026-02-02,2562.02,Open
OP006176,L027431,2025-02-17,3618.35,Closed Lost
OP006177,L027443,2026-07-20,395.48,Closed Won
OP006178,L027450,2025-02-04,7597.79,Open
OP006179,L027460,2024-10-03,1643.98,Closed Won
OP006180,L027463,2025-08-04,3329.24,Open
OP006181,L027464,2024-03-05,3035.28,Closed Won
OP006182,L027466,2025-08-11,281.65,Closed Won
OP006183,L027470,2025-05-17,1246.46,Open
OP006184,L027472,2025-03-25,1867.35,Closed Lost
OP006185,L027477,2024-06-24,898.91,Closed Won
OP006186,L027479,2025-02-08,7297.43,Closed Won
OP006187,L027481,2024-07-18,1105.87,Closed Won
OP006188,L027490,2026-01-01,2071.9,Closed Won
OP006189,L027499,2024-12-07,563.59,Open
OP006190,L027502,2026-08-16,2712.36,Closed Won
OP006191,L027513,2025-01-26,6427.84,Open
OP006192,L027514,2024-12-07,3484.67,Closed Won
OP006193,L027527,2026-06-20,352.13,Open
OP006194,L027531,2025-01-02,1281.44,Closed Won
OP006195,L027532,2025-05-05,2081.65,Closed Won
OP006196,L027540,2025-10-26,2934.11,Closed Lost
OP006197,L027552,2025-07-19,9665.71,Open
OP006198,L027554,2024-03-17,892.61,Closed Won
OP006199,L027560,2025-12-18,7303.65,Closed Won
OP006200,L027565,2024-02-25,3525.86,Closed Won
OP006201,L027580,2024-01-18,1451.52,Closed Won
OP006202,L027589,2025-09-03,1192.48,Closed Won
OP006203,L027600,2026-08-18,3598.36,Closed Won
OP006204,L027610,2026-02-06,1601.86,Closed Won
OP006205,L027615,2026-08-03,27726.69,Closed Won
OP006206,L027622,2024-10-05,2453.77,Closed Lost
OP006207,L027623,2025-08-02,526.37,Closed Won
OP006208,L027625,2025-10-15,9447.76,Closed Lost
OP006209,L027627,2026-07-26,5504.53,Closed Won
OP006210,L027635,2024-11-10,1965.22,Closed Won
OP006211,L027641,2026-01-21,6968.9,Closed Won
OP006212,L027643,2026-08-09,2741.09,Closed Lost
OP006213,L027651,2024-08-10,581.39,Closed Won
OP006214,L027652,2024-12-11,1642.12,Open
OP006215,L027656,2026-07-20,48574.09,Closed Lost
OP006216,L027657,2026-02-14,25780.84,Closed Won
OP006217,L027663,2025-12-05,2415.66,Open
OP006218,L027664,2024-07-22,1734.23,Open
OP006219,L027668,2024-12-08,2449.14,Closed Won
OP006220,L027669,2026-08-23,3798.84,Closed Won
OP006221,L027673,2025-11-18,1713.31,Closed Won
OP006222,L027675,2026-03-21,4844.87,Open
OP006223,L027678,2025-01-12,2668.03,Closed Won
OP006224,L027679,2026-03-27,5683.62,Closed Won
OP006225,L027690,2025-11-04,784.0,Closed Won
OP006226,L027703,2025-09-27,2862.35,Open
OP006227,L027706,2024-02-28,3328.68,Closed Won
OP006228,L027710,2025-11-11,3515.88,Closed Lost
OP006229,L027713,2025-07-19,10756.86,Closed Won
OP006230,L027717,2024-06-02,2708.17,Closed Won
OP006231,L027720,2025-09-10,3736.97,Closed Won
OP006232,L027734,2024-10-30,2722.37,Closed Won
OP006233,L027735,2024-06-24,2936.04,Open
OP006234,L027739,2024-05-20,1613.39,Closed Won
OP006235,L027740,2025-04-14,2323.3,Closed Won
OP006236,L027742,2024-08-31,1591.79,Closed Won
OP006237,L027751,2024-10-28,194221.96,Open
OP006238,L027753,2025-09-03,8446.84,Open
OP006239,L027757,2025-09-10,869.11,Closed Won
OP006240,L027772,2024-08-02,632.81,Closed Won
OP006241,L027775,2024-10-05,1242.93,Closed Won
OP006242,L027776,2026-07-31,1814.87,Closed Won
OP006243,L027781,2025-09-30,6838.28,Closed Won
OP006244,L027783,2024-06-28,1240.53,Closed Won
OP006245,L027788,2024-11-20,3345.4,Closed Lost
OP006246,L027794,2025-02-03,618.94,Closed Won
OP006247,L027796,2025-08-24,319.52,Closed Lost
OP006248,L027797,2026-02-11,3797.85,Open
OP006249,L027802,2024-03-08,794.53,Open
OP006250,L027803,2025-04-17,2227.1,Closed Lost
OP006251,L027808,2026-10-06,2365.25,Closed Lost
OP006252,L027815,2024-12-28,4156.88,Closed Won
OP006253,L027821,2026-06-23,1134.24,Closed Won
OP006254,L027823,2024-03-07,1122.47,Closed Won
OP006255,L027824,2025-06-28,14977.4,Closed Lost
OP006256,L027827,2025-07-05,7766.31,Closed Won
OP006257,L027828,2024-06-04,6873.89,Closed Won
OP006258,L027833,2025-08-03,2976.08,Open
OP006259,L027842,2024-09-29,591.51,Closed Lost
OP006260,L027843,2026-07-10,2827.9,Closed Lost
OP006261,L027850,2024-08-31,5988.14,Closed Won
OP006262,L027855,2024-02-28,1437.51,Open
OP006263,L027860,2025-11-08,5933.0,Closed Won
OP006264,L027861,2025-11-22,666.24,Closed Won
OP006265,L027866,2026-04-16,617.97,Closed Won
OP006266,L027867,2025-03-20,3390.22,Closed Won
OP006267,L027870,2026-07-18,9252.46,Closed Won
OP006268,L027872,2024-10-04,4158.18,Closed Won
OP006269,L027876,2025-08-24,2741.53,Closed Lost
OP006270,L027878,2025-08-26,437.13,Closed Won
OP006271,L027883,2026-05-29,1925.29,Closed Lost
OP006272,L027895,2025-12-16,3445.87,Closed Lost
OP006273,L027896,2024-04-13,8262.86,Closed Won
OP006274,L027904,2024-04-13,850.68,Closed Won
OP006275,L027920,2025-09-24,1051.06,Closed Won
OP006276,L027929,2025-05-28,1492.1,Closed Won
OP006277,L027930,2025-03-30,2947.29,Open
OP006278,L027937,2024-07-12,29619.51,Closed Lost
OP006279,L027939,2024-08-24,17090.86,Closed Won
OP006280,L027941,2024-12-18,14673.1,Closed Won
OP006281,L027948,2024-08-10,1325.21,Closed Won
OP006282,L027950,2026-07-23,1570.05,Closed Won
OP006283,L027961,2024-05-26,1842.5,Closed Won
OP006284,L027963,2024-11-16,473.86,Closed Won
OP006285,L027967,2025-03-10,3090.24,Closed Won
OP006286,L027971,2024-02-07,2285.75,Open
OP006287,L027974,2024-11-15,2165.43,Open
OP006288,L027976,2024-12-10,6681.07,Closed Won
OP006289,L027978,2024-04-10,4004.63,Closed Won
OP006290,L027987,2025-01-04,3174.62,Closed Lost
OP006291,L027988,2024-02-08,6956.14,Closed Lost
OP006292,L027992,2025-11-05,1430.87,Closed Won
OP006293,L027997,2025-04-12,1117.37,Open
OP006294,L027998,2025-03-22,1962.78,Open
OP006295,L028004,2025-01-31,4696.2,Closed Lost
OP006296,L028005,2024-12-15,2528.75,Closed Won
OP006297,L028011,2025-12-08,4390.87,Open
OP006298,L028012,2025-01-08,1623.72,Closed Lost
OP006299,L028016,2024-07-16,4248.02,Closed Won
OP006300,L028018,2026-01-07,8043.94,Closed Won
OP006301,L028021,2025-03-13,2716.75,Open
OP006302,L028039,2024-06-23,714.79,Closed Won
OP006303,L028040,2025-08-19,1419.14,Closed Won
OP006304,L028043,2025-08-01,2748.44,Open
OP006305,L028057,2025-11-26,6099.42,Open
OP006306,L028058,2024-05-27,4128.12,Closed Won
OP006307,L028066,2024-05-20,3636.74,Closed Won
OP006308,L028067,2024-05-04,250.0,Closed Lost
OP006309,L028069,2024-07-09,2537.17,Closed Won
OP006310,L028072,2026-05-01,3555.46,Open
OP006311,L028075,2026-01-10,2246.64,Closed Lost
OP006312,L028076,2026-02-18,23662.68,Closed Won
OP006313,L028077,2024-06-10,3011.58,Closed Won
OP006314,L028079,2024-02-09,1886.65,Closed Won
OP006315,L028091,2025-12-18,1146.05,Open
OP006316,L028095,2025-04-30,2941.27,Closed Won
OP006317,L028099,2025-08-12,2021.71,Closed Won
OP006318,L028100,2025-06-23,10038.53,Closed Lost
OP006319,L028102,2025-08-20,4665.33,Open
OP006320,L028107,2024-05-23,1059.71,Closed Lost
OP006321,L028109,2025-10-24,1716.48,Closed Won
OP006322,L028118,2025-12-13,797.52,Closed Lost
OP006323,L028124,2026-02-28,1565.23,Open
OP006324,L028127,2024-08-29,1114.72,Closed Won
OP006325,L028128,2026-02-26,1585.41,Closed Lost
OP006326,L028129,2026-09-25,643.7,Closed Lost
OP006327,L028130,2026-07-11,2023.64,Closed Won
OP006328,L028131,2025-11-21,3552.15,Open
OP006329,L028142,2025-05-09,891.3,Closed Lost
OP006330,L028145,2026-03-19,8406.23,Open
OP006331,L028159,2024-09-25,3264.69,Closed Won
OP006332,L028164,2025-01-18,5427.48,Closed Won
OP006333,L028171,2026-08-27,4354.64,Open
OP006334,L028172,2024-04-25,3019.91,Closed Won
OP006335,L028175,2024-05-25,654.31,Closed Lost
OP006336,L028177,2025-07-24,16586.63,Open
OP006337,L028181,2025-04-04,11399.54,Closed Won
OP006338,L028188,2026-06-12,3719.65,Closed Won
OP006339,L028189,2026-04-23,4151.15,Closed Won
OP006340,L028194,2025-11-21,8479.11,Closed Won
OP006341,L028203,2026-05-06,3063.47,Closed Won
OP006342,L028204,2024-05-11,1437.02,Closed Won
OP006343,L028206,2024-10-14,3753.65,Closed Lost
OP006344,L028214,2025-11-04,2058.35,Closed Lost
OP006345,L028221,2024-04-08,15262.25,Closed Won
OP006346,L028224,2025-10-06,4083.49,Closed Won
OP006347,L028231,2024-02-18,3428.55,Open
OP006348,L028238,2025-11-05,2707.4,Closed Won
OP006349,L028241,2026-06-13,4036.65,Closed Lost
OP006350,L028242,2026-05-10,3058.81,Closed Won
OP006351,L028243,2026-06-29,2392.11,Closed Won
OP006352,L028252,2024-07-28,7592.9,Open
OP006353,L028253,2026-05-08,4723.06,Closed Won
OP006354,L028254,2025-05-25,346.5,Closed Won
OP006355,L028256,2025-01-04,1622.54,Closed Won
OP006356,L028259,2025-08-08,4412.85,Closed Won
OP006357,L028264,2024-05-21,3975.14,Closed Won
OP006358,L028267,2025-05-02,927.1,Closed Won
OP006359,L028271,2024-10-08,976.12,Closed Won
OP006360,L028274,2024-07-07,1523.26,Closed Won
OP006361,L028277,2024-11-05,3489.49,Closed Won
OP006362,L028281,2026-06-05,9530.37,Closed Won
OP006363,L028286,2024-11-24,5581.36,Closed Won
OP006364,L028287,2026-09-04,499.68,Closed Won
OP006365,L028290,2026-01-04,2593.51,Closed Won
OP006366,L028296,2025-08-16,6609.37,Open
OP006367,L028298,2025-07-30,3925.52,Closed Lost
OP006368,L028300,2024-05-09,4006.97,Closed Lost
OP006369,L028309,2025-10-28,3959.12,Closed Lost
OP006370,L028311,2026-06-12,7016.11,Closed Won
OP006371,L028313,2025-03-07,944.06,Open
OP006372,L028326,2026-03-19,1790.31,Closed Lost
OP006373,L028336,2025-05-02,250.0,Closed Lost
OP006374,L028337,2024-03-27,407.41,Closed Lost
OP006375,L028340,2026-08-03,2715.5,Closed Won
OP006376,L028341,2024-01-31,9621.47,Closed Won
OP006377,L028345,2024-02-21,2882.47,Closed Won
OP006378,L028350,2025-04-10,1646.88,Closed Won
OP006379,L028351,2024-08-02,5419.88,Open
OP006380,L028356,2025-05-27,921.31,Closed Lost
OP006381,L028357,2025-09-26,10175.96,Closed Won
OP006382,L028358,2024-12-22,743.75,Closed Lost
OP006383,L028367,2025-11-28,5947.55,Closed Won
OP006384,L028377,2025-03-08,7255.92,Closed Won
OP006385,L028381,2026-07-10,2488.59,Closed Won
OP006386,L028385,2024-04-02,956.63,Closed Won
OP006387,L028388,2024-07-22,984.72,Closed Won
OP006388,L028395,2024-09-28,3194.84,Closed Won
OP006389,L028399,2024-06-01,1608.34,Closed Won
OP006390,L028404,2026-04-19,969.02,Closed Lost
OP006391,L028406,2025-07-26,7455.02,Closed Lost
OP006392,L028407,2026-06-23,1415.05,Closed Lost
OP006393,L028409,2024-06-06,9924.49,Closed Won
OP006394,L028411,2024-06-21,2666.51,Closed Won
OP006395,L028418,2026-01-04,2830.55,Closed Won
OP006396,L028423,2026-05-18,250.0,Closed Lost
OP006397,L028429,2025-03-20,3713.39,Closed Won
OP006398,L028430,2024-11-07,4723.22,Closed Won
OP006399,L028436,2024-11-01,931.96,Closed Lost
OP006400,L028438,2025-05-12,444.54,Closed Won
OP006401,L028442,2024-05-27,3634.86,Closed Won
OP006402,L028446,2024-10-22,4525.17,Closed Lost
OP006403,L028449,2026-05-19,1270.73,Closed Won
OP006404,L028453,2026-03-29,19451.6,Closed Won
OP006405,L028456,2025-05-28,1460.8,Open
OP006406,L028469,2025-06-27,935.75,Closed Won
OP006407,L028471,2024-12-31,3963.65,Open
OP006408,L028475,2024-03-20,1643.9,Closed Lost
OP006409,L028477,2025-05-10,1882.15,Closed Won
OP006410,L028485,2025-07-25,426.19,Closed Won
OP006411,L028487,2025-01-16,16800.39,Closed Won
OP006412,L028497,2026-08-25,1087.82,Closed Won
OP006413,L028500,2025-02-25,1701.55,Closed Won
OP006414,L028501,2024-06-06,5223.27,Closed Lost
OP006415,L028502,2024-05-05,1470.35,Closed Won
OP006416,L028503,2026-01-03,7351.34,Open
OP006417,L028507,2025-05-05,3064.17,Closed Won
OP006418,L028516,2024-06-07,8227.85,Closed Won
OP006419,L028525,2026-01-10,7183.07,Open
OP006420,L028527,2024-06-28,17841.36,Closed Lost
OP006421,L028529,2026-09-09,4634.11,Closed Won
OP006422,L028536,2026-03-04,2129.94,Closed Won
OP006423,L028541,2025-10-31,21556.37,Closed Lost
OP006424,L028542,2025-02-07,2261.61,Closed Won
OP006425,L028552,2024-09-04,21434.02,Closed Won
OP006426,L028554,2026-08-20,3202.58,Closed Lost
OP006427,L028560,2024-10-12,10289.01,Open
OP006428,L028561,2025-03-20,13763.66,Closed Won
OP006429,L028566,2026-06-09,734.54,Closed Lost
OP006430,L028569,2025-09-30,6370.38,Open
OP006431,L028579,2024-09-02,3681.46,Closed Lost
OP006432,L028599,2025-01-31,2800.28,Closed Won
OP006433,L028602,2024-03-07,1776.04,Closed Won
OP006434,L028607,2025-05-23,4827.2,Closed Won
OP006435,L028609,2024-04-07,1057.05,Closed Won
OP006436,L028611,2024-12-18,1252.84,Closed Lost
OP006437,L028617,2024-05-24,250.0,Closed Won
OP006438,L028621,2026-08-27,4706.54,Closed Won
OP006439,L028622,2026-05-01,3168.68,Closed Won
OP006440,L028632,2024-07-17,3507.04,Closed Won
OP006441,L028638,2026-03-22,3488.56,Closed Won
OP006442,L028641,2025-07-26,4612.65,Closed Won
OP006443,L028642,2026-08-10,9458.93,Closed Lost
OP006444,L028649,2024-11-08,5126.71,Open
OP006445,L028655,2024-12-15,6652.67,Closed Lost
OP006446,L028660,2025-07-14,1305.83,Closed Lost
OP006447,L028662,2026-03-27,5905.84,Closed Lost
OP006448,L028663,2024-11-20,3098.25,Closed Won
OP006449,L028664,2025-11-22,4584.74,Closed Won
OP006450,L028666,2025-11-05,4114.67,Open
OP006451,L028670,2024-04-26,970.63,Closed Won
OP006452,L028672,2026-08-07,5267.12,Closed Lost
OP006453,L028674,2025-02-15,895.56,Closed Won
OP006454,L028679,2024-02-29,3766.12,Closed Lost
OP006455,L028683,2026-08-11,1497.03,Closed Won
OP006456,L028684,2026-05-21,3810.92,Closed Lost
OP006457,L028686,2024-02-22,8599.34,Closed Won
OP006458,L028688,2025-09-18,4359.69,Closed Won
OP006459,L028691,2024-12-25,4684.34,Closed Won
OP006460,L028692,2024-08-31,13359.16,Closed Won
OP006461,L028697,2026-08-16,483.72,Open
OP006462,L028698,2026-02-07,1683.66,Closed Won
OP006463,L028700,2026-04-17,3871.52,Open
OP006464,L028716,2025-03-11,1985.4,Open
OP006465,L028718,2025-12-13,1750.87,Closed Won
OP006466,L028721,2025-12-05,2517.6,Closed Won
OP006467,L028724,2024-03-18,883.03,Open
OP006468,L028726,2024-04-18,17362.33,Closed Won
OP006469,L028729,2024-08-03,1179.07,Closed Lost
OP006470,L028730,2024-08-29,5250.23,Closed Won
OP006471,L028740,2024-02-04,2558.59,Closed Won
OP006472,L028741,2026-05-10,2116.69,Closed Won
OP006473,L028759,2025-01-16,3552.49,Closed Won
OP006474,L028764,2026-01-04,4077.24,Closed Lost
OP006475,L028768,2025-06-14,5743.1,Closed Lost
OP006476,L028771,2026-09-21,20679.08,Closed Lost
OP006477,L028779,2026-08-10,9649.22,Closed Lost
OP006478,L028787,2024-10-13,2296.41,Closed Lost
OP006479,L028793,2025-10-02,2258.6,Closed Won
OP006480,L028802,2025-10-24,2475.39,Closed Lost
OP006481,L028807,2025-08-11,11638.75,Closed Won
OP006482,L028808,2026-06-12,2083.99,Closed Won
OP006483,L028809,2025-01-01,3896.11,Closed Won
OP006484,L028810,2025-12-28,6110.5,Closed Won
OP006485,L028813,2024-09-17,7113.71,Closed Lost
OP006486,L028816,2024-08-28,3103.13,Closed Won
OP006487,L028819,2025-02-19,1690.74,Closed Won
OP006488,L028820,2026-01-21,4584.1,Closed Won
OP006489,L028822,2024-12-05,250.0,Closed Won
OP006490,L028832,2025-09-10,2393.17,Open
OP006491,L028834,2024-12-09,1939.18,Open
OP006492,L028841,2025-07-10,2553.49,Closed Won
OP006493,L028844,2025-04-08,2331.72,Closed Won
OP006494,L028852,2025-06-23,6061.2,Closed Lost
OP006495,L028859,2025-04-15,3724.77,Closed Won
OP006496,L028864,2025-03-07,2819.31,Closed Won
OP006497,L028867,2025-08-04,3089.58,Closed Lost
OP006498,L028868,2025-04-08,8819.5,Closed Won
OP006499,L028869,2024-04-03,4255.31,Closed Won
OP006500,L028873,2026-01-27,2920.86,Closed Lost
OP006501,L028874,2024-11-24,5310.54,Closed Won
OP006502,L028879,2025-10-19,1226.75,Closed Won
OP006503,L028880,2025-08-08,5910.96,Closed Won
OP006504,L028882,2024-02-04,9324.95,Closed Won
OP006505,L028886,2026-01-19,1420.12,Closed Lost
OP006506,L028898,2024-02-29,2435.12,Closed Won
OP006507,L028900,2024-09-28,5198.74,Closed Won
OP006508,L028902,2025-04-25,513.6,Closed Won
OP006509,L028903,2025-11-17,2066.8,Closed Won
OP006510,L028906,2026-04-25,893.31,Open
OP006511,L028908,2026-03-04,1797.87,Open
OP006512,L028911,2026-09-16,1682.16,Closed Won
OP006513,L028917,2024-07-18,8009.4,Closed Won
OP006514,L028920,2024-01-27,1011.2,Closed Won
OP006515,L028923,2026-05-19,1523.43,Closed Lost
OP006516,L028940,2024-09-19,970.84,Closed Won
OP006517,L028947,2026-08-01,6476.12,Closed Lost
OP006518,L028949,2026-02-16,2122.9,Open
OP006519,L028955,2025-01-10,3304.84,Closed Won
OP006520,L028958,2026-04-19,681.05,Closed Won
OP006521,L028961,2024-11-30,5614.15,Closed Won
OP006522,L028963,2024-12-23,842.69,Closed Won
OP006523,L028968,2024-11-14,7419.82,Closed Won
OP006524,L028972,2026-03-22,11990.68,Closed Won
OP006525,L028973,2025-12-05,636.28,Closed Lost
OP006526,L028984,2024-04-16,750.27,Closed Won
OP006527,L028985,2025-08-25,9372.5,Open
OP006528,L028986,2025-11-22,738.47,Closed Won
OP006529,L028988,2025-12-09,961.6,Closed Lost
OP006530,L028990,2024-07-11,1256.71,Closed Lost
OP006531,L028994,2025-10-15,1752.28,Closed Won
OP006532,L028995,2024-10-31,3670.89,Closed Won
OP006533,L029000,2025-05-25,4103.69,Closed Won
OP006534,L029002,2024-08-08,1081.58,Closed Won
OP006535,L029008,2025-08-09,2807.38,Closed Won
OP006536,L029011,2025-04-19,3060.09,Closed Won
OP006537,L029012,2025-08-15,27563.13,Closed Won
OP006538,L029019,2024-03-12,17225.77,Closed Won
OP006539,L029021,2025-12-15,3780.66,Closed Won
OP006540,L029025,2025-11-17,19613.61,Closed Won
OP006541,L029033,2026-02-14,2124.65,Closed Lost
OP006542,L029037,2025-10-04,4090.21,Open
OP006543,L029039,2025-09-01,15702.46,Closed Won
OP006544,L029046,2025-06-28,17166.6,Closed Lost
OP006545,L029052,2026-05-04,6084.59,Closed Won
OP006546,L029062,2024-09-30,6495.95,Closed Won
OP006547,L029067,2025-12-30,1545.62,Closed Lost
OP006548,L029071,2024-08-21,551.8,Closed Won
OP006549,L029076,2024-08-04,3869.98,Closed Lost
OP006550,L029077,2024-08-23,4312.3,Closed Won
OP006551,L029080,2025-10-05,3921.99,Closed Won
OP006552,L029084,2024-07-01,250.78,Closed Won
OP006553,L029085,2024-10-16,10771.12,Closed Won
OP006554,L029087,2026-02-05,6449.39,Open
OP006555,L029088,2025-01-12,3086.88,Open
OP006556,L029091,2026-03-30,589.61,Closed Won
OP006557,L029093,2025-02-15,12412.01,Open
OP006558,L029097,2025-07-26,20054.4,Open
OP006559,L029098,2024-07-06,2566.36,Open
OP006560,L029111,2025-01-07,1318.92,Closed Won
OP006561,L029114,2026-03-03,1952.0,Closed Lost
OP006562,L029117,2026-07-07,1024.71,Closed Won
OP006563,L029120,2025-08-31,1771.28,Closed Won
OP006564,L029141,2024-03-01,8608.52,Closed Won
OP006565,L029144,2024-03-08,11228.51,Closed Won
OP006566,L029145,2024-07-31,9403.75,Closed Won
OP006567,L029149,2026-03-23,5855.66,Closed Won
OP006568,L029156,2025-11-24,2621.76,Closed Won
OP006569,L029157,2025-06-07,3124.97,Closed Won
OP006570,L029176,2025-10-12,9992.5,Open
OP006571,L029178,2026-05-28,3574.46,Closed Won
OP006572,L029185,2026-03-07,11103.16,Open
OP006573,L029188,2026-08-12,6602.83,Closed Won
OP006574,L029190,2024-10-11,1109.4,Closed Won
OP006575,L029193,2025-08-29,1400.75,Open
OP006576,L029195,2024-12-08,12182.28,Open
OP006577,L029198,2024-08-10,4586.95,Open
OP006578,L029202,2026-07-27,2206.62,Closed Won
OP006579,L029210,2024-08-15,1396.34,Closed Lost
OP006580,L029217,2024-11-23,2577.99,Open
OP006581,L029222,2025-08-03,1898.54,Closed Won
OP006582,L029231,2026-02-20,20326.29,Closed Won
OP006583,L029234,2024-07-09,21033.56,Closed Won
OP006584,L029238,2024-04-09,3800.02,Closed Won
OP006585,L029242,2024-08-15,780.92,Closed Won
OP006586,L029252,2026-01-02,3691.34,Closed Won
OP006587,L029258,2025-07-24,3723.52,Closed Won
OP006588,L029261,2025-02-27,2401.55,Closed Won
OP006589,L029265,2025-09-05,8404.67,Closed Won
OP006590,L029271,2024-02-24,5729.25,Closed Won
OP006591,L029273,2024-02-20,2396.66,Open
OP006592,L029277,2024-08-21,23542.05,Closed Won
OP006593,L029283,2025-08-03,1935.48,Closed Won
OP006594,L029290,2025-11-18,4694.79,Open
OP006595,L029295,2024-09-01,3202.5,Closed Won
OP006596,L029298,2026-07-26,3262.36,Closed Won
OP006597,L029302,2025-07-25,1053.48,Closed Won
OP006598,L029308,2026-07-18,7025.77,Open
OP006599,L029313,2024-06-13,2522.52,Closed Won
OP006600,L029314,2024-06-15,1513.31,Open
OP006601,L029319,2024-02-06,2413.55,Closed Won
OP006602,L029328,2026-04-03,9905.21,Open
OP006603,L029329,2026-03-26,1626.18,Closed Lost
OP006604,L029333,2025-05-24,778.6,Closed Lost
OP006605,L029342,2025-02-23,5701.03,Closed Lost
OP006606,L029350,2025-06-29,1042.56,Closed Won
OP006607,L029358,2025-10-03,568.24,Closed Lost
OP006608,L029362,2025-12-27,9527.01,Closed Won
OP006609,L029368,2024-01-12,2087.95,Open
OP006610,L029374,2024-04-22,2122.9,Closed Won
OP006611,L029376,2024-06-12,4857.04,Closed Lost
OP006612,L029377,2025-01-23,14094.46,Closed Won
OP006613,L029387,2024-05-06,6529.84,Closed Won
OP006614,L029394,2025-10-30,4545.14,Closed Won
OP006615,L029396,2024-02-20,6979.87,Closed Won
OP006616,L029398,2025-06-12,1084.38,Closed Won
OP006617,L029399,2025-09-24,1491.98,Closed Won
OP006618,L029401,2024-07-18,2661.33,Closed Won
OP006619,L029402,2024-04-28,2791.44,Closed Won
OP006620,L029407,2024-12-18,2335.53,Closed Won
OP006621,L029409,2024-09-29,3317.11,Closed Lost
OP006622,L029412,2025-01-25,906.28,Closed Lost
OP006623,L029422,2025-07-06,10342.55,Closed Lost
OP006624,L029427,2025-02-05,2224.77,Closed Won
OP006625,L029432,2025-02-05,9233.87,Open
OP006626,L029448,2024-06-25,580.56,Closed Lost
OP006627,L029453,2025-12-31,4205.18,Closed Lost
OP006628,L029467,2026-09-06,19470.19,Open
OP006629,L029470,2026-07-30,1475.6,Closed Lost
OP006630,L029486,2026-08-12,2917.55,Closed Lost
OP006631,L029492,2025-12-19,6394.1,Closed Lost
OP006632,L029495,2026-03-24,2000.24,Open
OP006633,L029502,2024-06-12,3717.51,Closed Lost
OP006634,L029503,2025-02-24,405.01,Closed Won
OP006635,L029505,2024-07-02,7578.53,Closed Won
OP006636,L029508,2026-01-28,3455.64,Closed Won
OP006637,L029516,2025-01-25,2013.64,Open
OP006638,L029517,2024-01-26,4922.92,Closed Won
OP006639,L029529,2025-11-24,7600.09,Closed Won
OP006640,L029534,2025-12-16,2067.03,Closed Won
OP006641,L029536,2024-06-18,464.66,Closed Lost
OP006642,L029543,2025-12-23,3208.29,Closed Won
OP006643,L029549,2024-07-27,6664.47,Closed Won
OP006644,L029553,2024-06-05,805.24,Closed Lost
OP006645,L029558,2025-03-15,2037.02,Closed Won
OP006646,L029567,2025-09-11,5499.68,Open
OP006647,L029571,2026-03-17,6176.86,Closed Won
OP006648,L029586,2024-08-31,1055.65,Closed Lost
OP006649,L029589,2025-11-11,6316.42,Closed Lost
OP006650,L029594,2026-01-12,1032.14,Open
OP006651,L029600,2024-05-26,8974.08,Closed Won
OP006652,L029604,2026-04-03,1915.93,Open
OP006653,L029615,2025-07-31,3839.04,Open
OP006654,L029616,2024-08-08,1102.57,Closed Won
OP006655,L029619,2024-04-27,14569.7,Closed Won
OP006656,L029620,2025-01-23,13288.77,Open
OP006657,L029623,2026-02-07,1365.52,Closed Lost
OP006658,L029626,2025-09-12,1461.37,Closed Won
OP006659,L029630,2025-08-24,1222.61,Open
OP006660,L029631,2024-11-21,900.8,Open
OP006661,L029645,2025-03-14,2897.53,Closed Won
OP006662,L029654,2024-12-07,1753.89,Closed Lost
OP006663,L029655,2024-06-29,2592.65,Closed Won
OP006664,L029668,2025-10-05,1640.17,Closed Won
OP006665,L029682,2026-08-29,30521.54,Open
OP006666,L029683,2025-07-26,975.1,Closed Won
OP006667,L029688,2024-02-17,2533.15,Closed Won
OP006668,L029690,2025-02-14,10278.89,Closed Lost
OP006669,L029691,2025-07-05,1363.36,Closed Won
OP006670,L029693,2026-07-10,373.69,Closed Won
OP006671,L029694,2026-01-25,919.19,Closed Won
OP006672,L029696,2024-09-24,791.98,Closed Won
OP006673,L029698,2025-12-11,1471.53,Open
OP006674,L029722,2024-02-07,3114.97,Closed Won
OP006675,L029724,2024-09-02,530.13,Closed Won
OP006676,L029727,2025-04-23,4832.1,Open
OP006677,L029736,2026-03-11,6418.26,Closed Won
OP006678,L029751,2026-08-05,2850.51,Closed Lost
OP006679,L029752,2026-01-03,991.85,Closed Won
OP006680,L029755,2026-05-16,7295.36,Closed Lost
OP006681,L029758,2024-05-21,6018.94,Closed Won
OP006682,L029769,2024-04-09,1642.37,Open
OP006683,L029772,2024-03-31,1165.69,Closed Won
OP006684,L029776,2026-03-25,2600.85,Open
OP006685,L029780,2025-12-25,3749.83,Closed Won
OP006686,L029784,2024-12-27,15488.01,Closed Won
OP006687,L029785,2025-04-28,2508.26,Closed Won
OP006688,L029786,2026-09-11,1377.04,Closed Lost
OP006689,L029795,2025-08-25,539.65,Closed Won
OP006690,L029804,2025-08-22,2320.42,Closed Won
OP006691,L029811,2024-09-01,1641.21,Closed Lost
OP006692,L029813,2025-11-01,6210.34,Closed Won
OP006693,L029815,2026-05-31,4024.68,Closed Won
OP006694,L029820,2025-11-06,2913.99,Closed Won
OP006695,L029832,2025-07-04,2554.94,Closed Won
OP006696,L029846,2024-10-26,5259.59,Closed Won
OP006697,L029848,2025-04-24,7868.99,Closed Won
OP006698,L029853,2024-05-13,3528.07,Closed Won
OP006699,L029860,2024-07-13,13555.23,Closed Won
OP006700,L029861,2024-09-11,42508.87,Closed Won
OP006701,L029862,2025-07-01,12981.27,Closed Won
OP006702,L029865,2024-08-30,4335.82,Closed Won
OP006703,L029869,2025-06-27,953.34,Closed Won
OP006704,L029870,2025-07-28,1266.11,Closed Lost
OP006705,L029874,2025-05-28,1318.36,Open
OP006706,L029881,2024-12-21,3469.19,Closed Won
OP006707,L029882,2026-02-02,705.57,Open
OP006708,L029889,2025-12-30,1702.36,Closed Won
OP006709,L029895,2025-07-13,18530.85,Closed Won
OP006710,L029909,2026-05-14,539.31,Closed Won
OP006711,L029922,2024-07-08,9296.99,Closed Lost
OP006712,L029925,2026-04-30,1095.84,Closed Won
OP006713,L029927,2025-07-07,9684.21,Closed Won
OP006714,L029929,2024-11-24,6303.68,Closed Won
OP006715,L029934,2025-10-05,3517.1,Closed Lost
OP006716,L029936,2025-04-10,4408.96,Closed Won
OP006717,L029937,2025-04-29,1219.17,Open
OP006718,L029940,2024-06-10,23675.57,Closed Lost
OP006719,L029942,2025-10-07,9103.85,Closed Won
OP006720,L029945,2025-07-16,9141.15,Closed Won
OP006721,L029956,2025-12-01,1106.12,Closed Won
OP006722,L029958,2025-04-01,2511.36,Closed Lost
OP006723,L029969,2025-11-24,2829.32,Closed Won
OP006724,L029971,2026-07-31,855.95,Closed Won
OP006725,L029974,2024-11-07,3760.92,Closed Lost
OP006726,L029982,2026-05-22,2793.91,Open
OP006727,L029989,2026-08-29,768.46,Closed Won
OP006728,L029990,2025-07-16,7624.69,Closed Lost
OP006729,L029999,2025-07-02,529.53,Closed Won
OP006730,L030002,2024-04-06,7991.99,Closed Won
OP006731,L030007,2026-02-13,11688.52,Closed Won
OP006732,L030008,2026-09-05,1756.2,Closed Won
OP006733,L030013,2026-04-25,1594.32,Closed Lost
OP006734,L030014,2024-12-22,1544.43,Closed Won
OP006735,L030019,2025-01-29,630.63,Closed Won
OP006736,L030031,2026-05-07,7179.0,Closed Lost
OP006737,L030043,2025-12-31,1298.76,Open
OP006738,L030046,2024-03-30,250.0,Closed Lost
OP006739,L030053,2026-05-28,414.89,Open
OP006740,L030054,2026-07-13,1151.74,Closed Won
OP006741,L030056,2026-06-08,3252.77,Closed Won
OP006742,L030058,2024-04-14,2429.61,Closed Won
OP006743,L030063,2025-11-11,2492.38,Open
OP006744,L030070,2026-06-17,981.43,Open
OP006745,L030072,2026-01-12,5015.41,Closed Won
OP006746,L030074,2024-07-03,3468.56,Closed Won
OP006747,L030080,2024-02-22,10403.46,Closed Won
OP006748,L030081,2025-04-11,4100.4,Closed Won
OP006749,L030100,2026-02-08,873.4,Open
OP006750,L030101,2024-09-05,2854.9,Closed Won
OP006751,L030103,2026-01-18,940.52,Open
OP006752,L030105,2024-10-01,8134.96,Closed Lost
OP006753,L030116,2025-01-20,1554.26,Closed Won
OP006754,L030119,2026-06-18,2666.08,Closed Won
OP006755,L030122,2024-11-05,2657.43,Closed Won
OP006756,L030125,2026-02-20,5225.54,Open
OP006757,L030126,2026-01-17,2832.65,Closed Won
OP006758,L030127,2024-09-29,749.92,Closed Won
OP006759,L030130,2026-09-16,7317.33,Closed Lost
OP006760,L030133,2024-06-29,883.44,Closed Won
OP006761,L030137,2024-12-11,10995.88,Closed Won
OP006762,L030138,2025-07-02,28567.12,Closed Lost
OP006763,L030139,2025-03-19,652.19,Open
OP006764,L030144,2025-09-25,2188.92,Closed Won
OP006765,L030147,2026-03-06,5126.31,Closed Won
OP006766,L030149,2024-03-20,17603.67,Closed Won
OP006767,L030153,2024-03-01,18794.21,Closed Lost
OP006768,L030157,2025-04-09,5402.87,Open
OP006769,L030163,2025-04-16,7686.68,Closed Won
OP006770,L030166,2024-06-20,1730.7,Open
OP006771,L030168,2024-10-06,4586.41,Closed Won
OP006772,L030172,2024-10-25,1250.66,Closed Lost
OP006773,L030178,2025-10-29,548.64,Closed Won
OP006774,L030184,2025-07-27,781.9,Closed Won
OP006775,L030185,2026-03-13,5007.42,Closed Lost
OP006776,L030190,2025-10-15,11734.6,Closed Won
OP006777,L030195,2025-06-14,2536.56,Closed Won
OP006778,L030200,2025-02-14,1421.3,Closed Won
OP006779,L030213,2026-03-29,4748.81,Closed Won
OP006780,L030214,2026-01-22,2978.54,Closed Won
OP006781,L030222,2026-01-26,713.97,Open
OP006782,L030240,2026-02-07,2705.33,Closed Won
OP006783,L030241,2025-01-18,357.28,Open
OP006784,L030245,2026-07-03,7585.47,Open
OP006785,L030254,2025-03-09,4290.91,Closed Won
OP006786,L030256,2024-12-30,809.92,Closed Won
OP006787,L030262,2025-06-06,8781.4,Open
OP006788,L030266,2025-07-04,1985.76,Closed Won
OP006789,L030268,2026-03-09,6817.75,Closed Won
OP006790,L030274,2026-08-09,5651.58,Open
OP006791,L030276,2025-04-11,3020.67,Open
OP006792,L030277,2026-06-26,9543.94,Closed Won
OP006793,L030286,2025-09-20,3377.03,Closed Won
OP006794,L030292,2024-04-27,6978.62,Open
OP006795,L030293,2026-05-05,1437.71,Closed Lost
OP006796,L030294,2024-03-18,5996.67,Closed Lost
OP006797,L030302,2024-07-27,521.52,Closed Won
OP006798,L030304,2025-01-04,2916.12,Open
OP006799,L030310,2025-03-18,4743.84,Open
OP006800,L030314,2024-02-07,640.14,Closed Lost
OP006801,L030322,2026-08-03,63729.42,Closed Won
OP006802,L030327,2024-06-09,17521.12,Closed Won
OP006803,L030330,2026-04-19,1978.21,Open
OP006804,L030335,2025-01-29,6097.18,Closed Lost
OP006805,L030337,2024-09-24,4012.47,Closed Lost
OP006806,L030338,2024-02-26,4408.73,Open
OP006807,L030340,2025-06-21,1586.31,Open
OP006808,L030343,2024-03-05,13731.64,Closed Lost
OP006809,L030349,2025-08-04,2841.3,Closed Won
OP006810,L030358,2024-11-29,8037.62,Closed Lost
OP006811,L030363,2025-12-03,5251.17,Open
OP006812,L030367,2025-12-13,1056.12,Closed Won
OP006813,L030368,2025-10-07,5213.67,Open
OP006814,L030375,2024-04-19,2879.17,Closed Lost
OP006815,L030379,2024-06-25,37272.99,Closed Lost
OP006816,L030380,2024-07-04,2231.28,Closed Won
OP006817,L030381,2024-02-22,9534.96,Closed Won
OP006818,L030382,2026-04-27,8630.33,Closed Won
OP006819,L030384,2024-12-01,4998.68,Closed Won
OP006820,L030385,2024-10-07,690.18,Closed Lost
OP006821,L030388,2024-07-06,10988.78,Closed Won
OP006822,L030397,2026-09-16,2659.12,Closed Won
OP006823,L030399,2025-03-23,2063.65,Closed Won
OP006824,L030403,2026-04-20,11565.53,Closed Won
OP006825,L030404,2024-04-13,8618.92,Closed Won
OP006826,L030406,2026-07-29,1952.05,Open
OP006827,L030407,2026-06-07,1692.55,Closed Lost
OP006828,L030418,2026-08-11,2212.21,Closed Won
OP006829,L030424,2025-12-02,5182.9,Closed Lost
OP006830,L030425,2024-03-23,3599.99,Closed Won
OP006831,L030432,2024-04-03,4172.04,Closed Won
OP006832,L030433,2024-02-28,1006.43,Closed Lost
OP006833,L030434,2025-06-23,2040.98,Open
OP006834,L030441,2025-01-06,1995.87,Closed Won
OP006835,L030444,2026-01-02,5959.4,Closed Won
OP006836,L030459,2024-09-26,3791.26,Closed Won
OP006837,L030465,2024-10-10,8319.75,Open
OP006838,L030466,2025-03-22,1980.82,Closed Won
OP006839,L030473,2026-05-02,3277.05,Closed Won
OP006840,L030474,2026-03-24,670.53,Closed Won
OP006841,L030481,2025-11-14,4767.57,Closed Lost
OP006842,L030486,2026-02-09,1036.23,Closed Lost
OP006843,L030497,2025-09-24,4107.73,Closed Won
OP006844,L030499,2025-01-25,1886.58,Open
OP006845,L030504,2024-10-07,4034.1,Open
OP006846,L030505,2025-03-13,2804.64,Closed Won
OP006847,L030508,2025-07-06,17648.07,Open
OP006848,L030517,2024-03-13,4000.27,Open
OP006849,L030518,2025-03-19,4550.14,Closed Won
OP006850,L030520,2025-09-25,2495.73,Closed Lost
OP006851,L030523,2026-03-31,9895.91,Closed Won
OP006852,L030526,2025-02-28,2328.07,Closed Won
OP006853,L030527,2025-12-03,1484.97,Closed Won
OP006854,L030531,2024-02-13,842.33,Closed Won
OP006855,L030539,2025-09-22,3372.78,Closed Lost
OP006856,L030544,2026-05-23,3259.37,Closed Won
OP006857,L030545,2024-03-12,7063.06,Closed Won
OP006858,L030546,2025-04-24,1811.99,Closed Lost
OP006859,L030548,2026-08-10,17890.69,Closed Won
OP006860,L030552,2026-07-22,6530.82,Open
OP006861,L030555,2025-12-05,2480.32,Open
OP006862,L030565,2025-11-29,1412.32,Closed Won
OP006863,L030573,2025-11-05,776.08,Closed Won
OP006864,L030574,2025-10-07,565.37,Closed Lost
OP006865,L030577,2024-08-06,559.09,Closed Won
OP006866,L030581,2025-03-20,5181.3,Closed Won
OP006867,L030582,2026-04-02,5228.6,Closed Won
OP006868,L030583,2025-06-01,1563.95,Closed Won
OP006869,L030595,2024-03-21,5599.04,Closed Lost
OP006870,L030596,2026-04-23,1159.32,Open
OP006871,L030597,2026-07-28,12720.64,Open
OP006872,L030607,2024-02-09,4913.92,Open
OP006873,L030608,2024-10-24,1463.22,Open
OP006874,L030610,2024-07-27,2359.16,Open
OP006875,L030616,2024-11-10,3678.78,Closed Won
OP006876,L030625,2024-07-10,3243.29,Closed Lost
OP006877,L030626,2024-09-26,2275.22,Closed Won
OP006878,L030629,2025-03-26,1600.51,Closed Lost
OP006879,L030638,2026-08-06,1697.84,Closed Won
OP006880,L030653,2025-11-20,2082.17,Closed Won
OP006881,L030655,2026-07-28,15692.41,Closed Lost
OP006882,L030663,2024-03-05,13804.74,Open
OP006883,L030671,2024-05-18,1984.14,Closed Lost
OP006884,L030672,2025-07-03,987.65,Open
OP006885,L030673,2025-02-17,4261.72,Closed Won
OP006886,L030674,2024-10-04,967.77,Closed Won
OP006887,L030677,2025-10-04,3698.91,Closed Won
OP006888,L030680,2025-02-21,498.57,Closed Won
OP006889,L030689,2025-02-28,4218.35,Closed Lost
OP006890,L030693,2024-04-11,2698.69,Open
OP006891,L030697,2025-11-20,1957.93,Closed Won
OP006892,L030700,2025-03-04,5060.61,Closed Lost
OP006893,L030704,2024-08-21,451.97,Open
OP006894,L030723,2025-05-02,2689.53,Closed Won
OP006895,L030725,2024-07-12,14586.32,Closed Won
OP006896,L030726,2024-11-01,6166.46,Open
OP006897,L030731,2024-11-23,2727.1,Closed Won
OP006898,L030732,2024-05-07,59487.36,Closed Won
OP006899,L030733,2025-11-16,534.22,Closed Lost
OP006900,L030736,2026-08-07,1897.64,Closed Won
OP006901,L030737,2026-06-08,1140.71,Closed Lost
OP006902,L030741,2024-08-23,2470.86,Closed Won
OP006903,L030742,2026-02-16,10686.15,Closed Won
OP006904,L030749,2024-02-03,2974.52,Closed Lost
OP006905,L030759,2025-03-28,614.46,Closed Lost
OP006906,L030762,2025-06-02,1667.92,Open
OP006907,L030763,2026-02-23,11675.45,Closed Lost
OP006908,L030768,2025-01-29,400.88,Open
OP006909,L030777,2025-06-01,821.86,Closed Won
OP006910,L030791,2024-05-15,1658.41,Closed Won
OP006911,L030792,2025-09-15,539.6,Closed Won
OP006912,L030793,2026-04-28,1118.35,Closed Won
OP006913,L030803,2024-06-14,2960.93,Closed Won
OP006914,L030804,2026-06-22,487.42,Closed Won
OP006915,L030805,2025-09-20,2073.25,Closed Lost
OP006916,L030812,2024-02-18,5265.27,Open
OP006917,L030816,2024-03-12,1790.95,Open
OP006918,L030818,2026-03-13,829.94,Closed Won
OP006919,L030819,2024-05-12,3091.85,Closed Won
OP006920,L030820,2025-04-08,892.23,Closed Won
OP006921,L030831,2026-05-09,4915.55,Closed Won
OP006922,L030836,2025-06-28,1134.55,Open
OP006923,L030843,2026-06-03,8841.31,Closed Lost
OP006924,L030847,2026-08-22,7418.86,Open
OP006925,L030849,2026-03-25,2964.29,Closed Lost
OP006926,L030850,2026-07-18,2291.29,Closed Won
OP006927,L030866,2025-02-25,3450.28,Closed Won
OP006928,L030867,2024-01-31,543.93,Closed Won
OP006929,L030871,2025-10-21,3039.57,Closed Lost
OP006930,L030876,2024-04-23,3028.19,Closed Won
OP006931,L030883,2024-12-07,634.41,Closed Won
OP006932,L030885,2024-06-01,3062.23,Closed Won
OP006933,L030887,2025-10-14,2927.41,Closed Won
OP006934,L030888,2024-02-28,5427.21,Closed Won
OP006935,L030896,2025-01-14,1523.12,Open
OP006936,L030897,2024-11-28,1425.2,Closed Lost
OP006937,L030900,2024-05-05,768.73,Closed Won
OP006938,L030901,2025-12-11,1872.16,Closed Won
OP006939,L030902,2026-05-18,9726.96,Closed Won
OP006940,L030904,2025-10-28,5111.48,Closed Won
OP006941,L030909,2024-07-27,1221.09,Closed Won
OP006942,L030911,2025-10-14,2259.7,Closed Won
OP006943,L030919,2025-04-18,6815.19,Open
OP006944,L030922,2024-02-18,7490.01,Closed Won
OP006945,L030923,2026-08-31,2664.99,Closed Won
OP006946,L030925,2025-07-04,4991.65,Open
OP006947,L030928,2026-01-10,6769.6,Closed Lost
OP006948,L030929,2024-09-15,4290.44,Closed Won
OP006949,L030932,2024-11-01,282.85,Closed Lost
OP006950,L030935,2024-07-13,4234.91,Closed Lost
OP006951,L030943,2025-10-22,3046.83,Open
OP006952,L030944,2024-12-02,731.61,Closed Won
OP006953,L030950,2024-09-02,2114.98,Closed Won
OP006954,L030951,2025-01-18,3815.04,Closed Won
OP006955,L030954,2024-02-20,1762.02,Closed Won
OP006956,L030955,2025-09-22,3454.42,Closed Won
OP006957,L030956,2026-08-02,2527.34,Closed Won
OP006958,L030971,2024-04-28,1904.49,Closed Lost
OP006959,L030974,2025-08-25,690.89,Closed Won
OP006960,L030975,2024-03-20,845.87,Closed Won
OP006961,L030979,2025-09-19,1011.81,Closed Won
OP006962,L030982,2026-02-07,2076.07,Closed Won
OP006963,L030988,2024-08-05,3834.21,Open
OP006964,L030993,2024-02-09,3442.92,Closed Won
OP006965,L031000,2025-10-11,1188.32,Open
OP006966,L031001,2026-01-21,3278.77,Open
OP006967,L031002,2026-01-12,2010.3,Closed Won
OP006968,L031005,2024-06-18,1312.46,Closed Won
OP006969,L031011,2024-03-13,1092.63,Closed Lost
OP006970,L031012,2025-11-20,551.6,Closed Won
OP006971,L031014,2024-06-15,3050.48,Closed Won
OP006972,L031016,2025-03-29,10820.45,Closed Won
OP006973,L031018,2026-08-25,2309.07,Open
OP006974,L031019,2026-07-16,3498.6,Closed Won
OP006975,L031020,2024-01-21,3880.79,Open
OP006976,L031023,2025-03-01,1311.19,Open
OP006977,L031027,2026-07-01,1362.91,Closed Lost
OP006978,L031030,2025-10-23,11188.41,Closed Lost
OP006979,L031033,2024-01-30,4868.5,Closed Won
OP006980,L031034,2025-09-18,1270.14,Closed Lost
OP006981,L031041,2024-09-10,1212.27,Closed Lost
OP006982,L031042,2026-02-20,4551.26,Closed Won
OP006983,L031054,2025-06-18,6267.97,Closed Won
OP006984,L031056,2026-08-20,2603.27,Open
OP006985,L031063,2026-03-18,10553.9,Closed Won
OP006986,L031064,2025-02-15,2168.95,Closed Won
OP006987,L031075,2026-02-12,667.74,Closed Won
OP006988,L031082,2025-02-19,2155.88,Closed Won
OP006989,L031083,2025-04-07,4320.72,Closed Lost
OP006990,L031095,2025-01-27,3223.56,Closed Won
OP006991,L031098,2024-06-27,4434.44,Closed Won
OP006992,L031101,2024-11-23,8568.64,Closed Won
OP006993,L031102,2025-04-12,2515.68,Open
OP006994,L031107,2025-11-11,23625.06,Closed Won
OP006995,L031109,2024-06-21,2539.91,Closed Won
OP006996,L031110,2026-03-03,1202.38,Closed Won
OP006997,L031115,2026-06-05,1563.59,Closed Won
OP006998,L031117,2024-10-17,2042.46,Open
OP006999,L031119,2024-08-29,4457.75,Closed Won
OP007000,L031121,2026-05-09,2316.1,Closed Won
OP007001,L031130,2026-09-04,2717.31,Open
OP007002,L031132,2024-07-01,2051.75,Open
OP007003,L031141,2025-01-20,2907.22,Closed Lost
OP007004,L031144,2024-10-07,13089.22,Open
OP007005,L031145,2025-01-26,2402.94,Closed Won
OP007006,L031147,2024-12-01,3258.62,Closed Won
OP007007,L031152,2026-01-08,20919.55,Closed Won
OP007008,L031153,2024-08-02,486.6,Closed Won
OP007009,L031154,2024-01-28,1836.61,Closed Won
OP007010,L031159,2024-10-30,1596.09,Open
OP007011,L031161,2026-08-11,5537.91,Open
OP007012,L031180,2026-01-16,7279.04,Closed Lost
OP007013,L031184,2026-02-27,5091.24,Open
OP007014,L031186,2026-03-29,3437.19,Closed Won
OP007015,L031189,2026-01-26,1242.05,Closed Lost
OP007016,L031209,2025-01-12,5142.76,Closed Won
OP007017,L031216,2024-06-15,8166.58,Closed Won
OP007018,L031217,2026-09-09,9865.01,Open
OP007019,L031218,2024-05-22,5003.51,Closed Won
OP007020,L031219,2025-02-04,13048.48,Closed Lost
OP007021,L031224,2026-04-07,4053.03,Closed Won
OP007022,L031226,2024-05-22,1291.85,Closed Lost
OP007023,L031229,2025-02-15,14227.53,Closed Won
OP007024,L031231,2025-09-20,714.02,Open
OP007025,L031232,2025-02-07,19589.34,Closed Won
OP007026,L031238,2024-05-01,1401.7,Open
OP007027,L031239,2024-12-23,3357.69,Closed Won
OP007028,L031244,2026-07-31,2314.72,Open
OP007029,L031253,2026-07-09,1061.73,Open
OP007030,L031259,2024-12-04,1432.2,Closed Lost
OP007031,L031264,2025-10-20,2294.69,Closed Won
OP007032,L031268,2026-02-15,2704.59,Open
OP007033,L031269,2025-11-02,611.51,Closed Lost
OP007034,L031272,2025-08-31,2762.09,Closed Lost
OP007035,L031281,2024-08-08,3172.05,Closed Won
OP007036,L031287,2026-08-07,3530.59,Closed Won
OP007037,L031294,2024-05-14,1294.99,Closed Won
OP007038,L031301,2026-03-11,978.39,Closed Won
OP007039,L031316,2024-04-11,1552.35,Closed Lost
OP007040,L031317,2024-05-19,2024.01,Open
OP007041,L031319,2026-02-01,14623.8,Open
OP007042,L031321,2025-02-05,3935.78,Closed Won
OP007043,L031335,2025-03-12,3880.57,Closed Won
OP007044,L031341,2025-02-18,1064.3,Open
OP007045,L031342,2024-12-20,316.28,Closed Won
OP007046,L031344,2025-07-24,1003.39,Closed Won
OP007047,L031348,2025-05-25,430.4,Closed Won
OP007048,L031352,2025-02-27,3311.61,Closed Won
OP007049,L031354,2024-10-31,13280.92,Closed Won
OP007050,L031362,2024-10-19,2556.97,Closed Lost
OP007051,L031366,2026-06-01,742.22,Closed Won
OP007052,L031372,2025-08-05,12057.55,Closed Lost
OP007053,L031378,2024-06-07,2713.98,Closed Won
OP007054,L031380,2025-05-04,3798.02,Closed Lost
OP007055,L031384,2025-11-15,9355.72,Open
OP007056,L031386,2025-04-04,5327.07,Open
OP007057,L031394,2024-04-05,2473.7,Open
OP007058,L031400,2026-01-02,13358.49,Closed Won
OP007059,L031401,2025-04-23,550.54,Open
OP007060,L031407,2026-07-26,6105.05,Open
OP007061,L031411,2026-01-21,2442.23,Open
OP007062,L031415,2024-09-27,8283.75,Closed Won
OP007063,L031417,2024-04-02,14145.76,Closed Won
OP007064,L031420,2025-08-28,737.82,Closed Won
OP007065,L031421,2026-09-15,2320.05,Closed Won
OP007066,L031422,2026-01-25,1407.36,Open
OP007067,L031427,2024-10-19,2538.47,Closed Won
OP007068,L031428,2024-10-05,20761.51,Closed Won
OP007069,L031433,2024-02-21,877.99,Closed Lost
OP007070,L031436,2024-04-05,2325.92,Closed Won
OP007071,L031438,2024-04-21,1994.97,Closed Won
OP007072,L031440,2025-05-29,8485.55,Open
OP007073,L031441,2024-07-20,3298.37,Closed Won
OP007074,L031448,2024-06-29,1407.06,Open
OP007075,L031452,2024-12-05,1007.68,Open
OP007076,L031453,2026-05-17,4527.77,Closed Won
OP007077,L031454,2025-10-03,401.11,Closed Lost
OP007078,L031460,2026-02-20,2874.21,Closed Won
OP007079,L031469,2024-11-18,2649.34,Closed Won
OP007080,L031470,2025-03-26,817.62,Closed Won
OP007081,L031475,2025-02-09,4491.75,Closed Won
OP007082,L031477,2025-07-24,14577.51,Closed Lost
OP007083,L031483,2026-05-18,1647.97,Closed Won
OP007084,L031490,2024-04-01,11367.71,Open
OP007085,L031496,2026-07-31,4658.02,Open
OP007086,L031500,2026-05-08,1664.19,Open
OP007087,L031502,2024-11-21,1714.47,Closed Won
OP007088,L031509,2026-02-02,5113.48,Open
OP007089,L031516,2025-08-08,8387.05,Closed Won
OP007090,L031522,2026-09-08,5322.7,Closed Won
OP007091,L031524,2025-11-16,2997.47,Closed Won
OP007092,L031527,2024-05-05,1628.75,Closed Won
OP007093,L031535,2026-06-04,5839.5,Open
OP007094,L031549,2024-07-08,2567.69,Closed Won
OP007095,L031550,2024-08-06,1592.51,Closed Lost
OP007096,L031551,2024-04-03,1840.65,Closed Won
OP007097,L031552,2025-12-24,1585.69,Closed Won
OP007098,L031555,2026-05-17,1650.91,Closed Won
OP007099,L031558,2024-03-29,8344.5,Closed Won
OP007100,L031560,2026-03-10,7095.18,Open
OP007101,L031561,2024-12-03,7464.67,Closed Won
OP007102,L031562,2025-05-22,3777.3,Open
OP007103,L031565,2024-07-18,2171.3,Closed Lost
OP007104,L031567,2025-01-31,3309.13,Closed Won
OP007105,L031573,2025-03-26,3549.87,Closed Won
OP007106,L031574,2024-02-28,1676.14,Closed Won
OP007107,L031575,2026-04-22,11803.42,Closed Won
OP007108,L031577,2026-05-30,5218.99,Open
OP007109,L031581,2025-04-07,5690.12,Closed Won
OP007110,L031585,2025-12-07,1057.87,Closed Won
OP007111,L031596,2026-01-25,625.72,Closed Lost
OP007112,L031599,2026-05-11,1595.63,Closed Won
OP007113,L031602,2024-07-23,1293.22,Closed Lost
OP007114,L031607,2025-10-25,922.82,Open
OP007115,L031608,2025-06-27,856.74,Closed Won
OP007116,L031612,2024-10-26,2800.22,Closed Won
OP007117,L031614,2026-02-27,13774.3,Open
OP007118,L031620,2024-06-03,1729.14,Closed Won
OP007119,L031622,2026-08-02,7755.99,Closed Won
OP007120,L031627,2025-07-09,2066.72,Open
OP007121,L031629,2026-01-23,2071.91,Closed Won
OP007122,L031632,2026-08-26,5819.83,Closed Won
OP007123,L031636,2025-09-18,1592.26,Closed Lost
OP007124,L031637,2024-11-16,5871.24,Open
OP007125,L031639,2024-12-14,5425.17,Open
OP007126,L031647,2024-03-18,2668.76,Open
OP007127,L031649,2026-06-23,5968.33,Closed Won
OP007128,L031651,2025-10-22,1611.78,Open
OP007129,L031664,2024-07-24,674.21,Open
OP007130,L031676,2024-10-23,4115.95,Closed Won
OP007131,L031678,2024-05-11,3217.91,Open
OP007132,L031682,2024-12-26,1859.0,Closed Won
OP007133,L031683,2025-02-05,53103.26,Open
OP007134,L031692,2025-07-12,1378.71,Open
OP007135,L031693,2026-05-01,16550.71,Closed Lost
OP007136,L031695,2026-06-07,9798.66,Closed Won
OP007137,L031696,2026-01-02,875.82,Open
OP007138,L031701,2024-07-19,5610.31,Closed Won
OP007139,L031705,2025-05-30,1125.35,Closed Won
OP007140,L031708,2025-07-05,375.2,Closed Won
OP007141,L031709,2024-09-15,4882.86,Closed Won
OP007142,L031714,2024-09-17,1459.33,Closed Lost
OP007143,L031719,2024-03-22,4517.53,Open
OP007144,L031720,2025-05-24,3343.56,Closed Won
OP007145,L031722,2024-12-30,250.0,Open
OP007146,L031730,2024-09-26,1891.03,Open
OP007147,L031733,2024-09-30,7668.55,Closed Lost
OP007148,L031736,2025-07-03,3110.81,Closed Lost
OP007149,L031741,2025-02-16,1220.95,Closed Won
OP007150,L031751,2024-07-01,1866.71,Closed Won
OP007151,L031755,2024-08-14,1556.45,Closed Lost
OP007152,L031757,2024-11-04,4099.7,Closed Won
OP007153,L031769,2024-05-17,5590.24,Closed Won
OP007154,L031770,2026-07-14,390.92,Closed Lost
OP007155,L031778,2025-07-19,2788.88,Closed Lost
OP007156,L031781,2025-08-19,330.55,Closed Won
OP007157,L031784,2024-12-18,814.93,Closed Won
OP007158,L031786,2025-08-17,4266.56,Closed Lost
OP007159,L031789,2025-02-14,1171.09,Closed Won
OP007160,L031794,2026-02-17,14711.21,Closed Won
OP007161,L031804,2026-04-12,904.75,Closed Won
OP007162,L031808,2025-07-12,7990.14,Closed Won
OP007163,L031813,2024-03-04,336.81,Closed Won
OP007164,L031826,2025-06-21,2099.88,Closed Won
OP007165,L031839,2024-04-27,2565.83,Open
OP007166,L031843,2025-05-16,3458.78,Open
OP007167,L031844,2025-03-31,26173.22,Closed Lost
OP007168,L031846,2025-02-28,6500.65,Closed Won
OP007169,L031847,2025-04-04,2474.82,Closed Won
OP007170,L031857,2025-03-17,12373.49,Closed Lost
OP007171,L031861,2025-09-08,972.02,Open
OP007172,L031866,2026-07-04,3075.14,Closed Won
OP007173,L031867,2026-02-16,7615.55,Closed Won
OP007174,L031870,2025-09-30,7428.03,Closed Won
OP007175,L031872,2024-07-22,5984.53,Closed Won
OP007176,L031876,2024-02-25,4018.11,Closed Won
OP007177,L031877,2025-05-31,39071.19,Closed Won
OP007178,L031879,2025-01-15,6293.73,Closed Lost
OP007179,L031882,2026-05-31,2665.64,Closed Won
OP007180,L031886,2024-08-12,6401.55,Closed Lost
OP007181,L031890,2025-10-20,3800.86,Open
OP007182,L031893,2026-07-29,1089.1,Closed Won
OP007183,L031899,2024-07-07,4750.82,Open
OP007184,L031901,2024-10-03,3514.48,Closed Won
OP007185,L031902,2024-07-14,1159.41,Closed Lost
OP007186,L031906,2025-10-05,772.44,Open
OP007187,L031908,2025-09-30,1096.4,Closed Won
OP007188,L031910,2026-01-13,9564.31,Closed Lost
OP007189,L031913,2026-07-29,2030.39,Closed Lost
OP007190,L031927,2025-10-09,5442.83,Closed Won
OP007191,L031931,2025-07-13,11440.37,Open
OP007192,L031937,2024-08-29,8218.58,Closed Won
OP007193,L031938,2026-04-09,851.42,Closed Lost
OP007194,L031939,2025-11-03,5932.25,Closed Lost
OP007195,L031942,2025-04-11,250.0,Closed Won
OP007196,L031946,2025-05-17,11740.18,Closed Won
OP007197,L031948,2024-09-21,1499.1,Closed Lost
OP007198,L031952,2025-04-07,672.51,Closed Lost
OP007199,L031960,2025-01-27,1260.71,Closed Won
OP007200,L031967,2025-07-18,3989.01,Closed Lost
OP007201,L031968,2025-02-02,2668.61,Open
OP007202,L031969,2025-05-14,1996.84,Closed Lost
OP007203,L031979,2024-11-22,825.54,Closed Won
OP007204,L031989,2025-03-31,2036.1,Closed Won
OP007205,L031992,2024-02-10,4544.6,Closed Won
OP007206,L031994,2026-07-01,3375.96,Closed Lost
OP007207,L031997,2025-04-29,4541.27,Closed Won
OP007208,L031999,2026-03-23,3262.45,Closed Won
OP007209,L032004,2024-01-19,1511.13,Open
OP007210,L032009,2025-11-10,648.49,Closed Won
OP007211,L032010,2025-01-16,18680.03,Closed Lost
OP007212,L032011,2024-02-25,2720.82,Closed Lost
OP007213,L032013,2025-06-27,2277.68,Closed Won
OP007214,L032022,2024-10-02,2496.11,Open
OP007215,L032024,2025-11-18,6628.41,Closed Won
OP007216,L032029,2025-02-09,994.9,Closed Won
OP007217,L032031,2026-06-11,329.75,Closed Won
OP007218,L032040,2025-07-02,1423.66,Closed Lost
OP007219,L032042,2025-04-07,6558.82,Closed Won
OP007220,L032043,2024-08-05,8405.51,Closed Won
OP007221,L032052,2026-01-30,3935.38,Closed Won
OP007222,L032057,2025-01-29,20163.33,Closed Won
OP007223,L032058,2026-03-10,2341.72,Closed Won
OP007224,L032064,2026-03-03,5064.43,Open
OP007225,L032065,2025-09-25,3462.53,Closed Lost
OP007226,L032079,2024-11-15,6425.46,Closed Won
OP007227,L032084,2026-01-30,672.52,Closed Won
OP007228,L032089,2025-04-15,3190.16,Closed Won
OP007229,L032094,2025-01-14,5389.53,Closed Lost
OP007230,L032098,2024-08-29,1078.24,Closed Won
OP007231,L032101,2025-05-18,3853.09,Closed Won
OP007232,L032107,2025-08-15,7516.39,Open
OP007233,L032114,2024-12-03,3056.06,Closed Won
OP007234,L032115,2026-01-28,671.13,Closed Won
OP007235,L032118,2025-03-03,3683.43,Closed Won
OP007236,L032121,2024-12-23,1325.15,Closed Won
OP007237,L032126,2025-02-27,1522.73,Closed Lost
OP007238,L032128,2024-06-22,1586.36,Closed Won
OP007239,L032136,2026-03-10,1079.94,Closed Won
OP007240,L032137,2026-01-08,6775.63,Closed Won
OP007241,L032159,2025-04-28,3746.18,Closed Lost
OP007242,L032165,2024-08-22,7056.33,Closed Won
OP007243,L032173,2024-11-08,5467.7,Closed Won
OP007244,L032174,2026-03-21,4305.27,Closed Won
OP007245,L032179,2024-09-04,18868.81,Open
OP007246,L032181,2025-05-31,9409.39,Closed Lost
OP007247,L032187,2025-02-09,5491.45,Closed Won
OP007248,L032192,2025-11-26,4500.76,Closed Won
OP007249,L032194,2025-11-24,1561.36,Open
OP007250,L032196,2024-02-13,1329.0,Open
OP007251,L032197,2026-07-20,866.73,Closed Lost
OP007252,L032205,2024-05-04,1104.74,Closed Won
OP007253,L032207,2025-11-20,10265.3,Closed Won
OP007254,L032209,2025-05-01,14186.46,Closed Won
OP007255,L032217,2025-04-06,2086.42,Closed Won
OP007256,L032227,2026-07-12,3814.59,Open
OP007257,L032230,2025-02-09,5819.05,Closed Won
OP007258,L032249,2025-07-12,7937.49,Closed Lost
OP007259,L032260,2026-04-24,2920.16,Closed Won
OP007260,L032283,2026-02-23,22396.69,Closed Won
OP007261,L032291,2026-01-29,7765.11,Closed Won
OP007262,L032301,2024-11-03,8112.17,Open
OP007263,L032306,2024-05-28,716.35,Closed Won
OP007264,L032312,2026-06-11,5623.76,Closed Won
OP007265,L032314,2026-05-28,2466.43,Closed Won
OP007266,L032321,2024-07-07,1866.08,Closed Lost
OP007267,L032324,2025-01-05,3662.22,Closed Lost
OP007268,L032325,2025-06-15,6258.45,Closed Won
OP007269,L032326,2024-01-21,2368.65,Closed Won
OP007270,L032327,2026-02-28,1954.92,Closed Won
OP007271,L032331,2024-04-19,11291.43,Open
OP007272,L032336,2026-07-31,7014.58,Closed Won
OP007273,L032342,2025-06-05,12495.09,Closed Won
OP007274,L032350,2025-04-20,4571.81,Closed Lost
OP007275,L032351,2024-10-01,2053.97,Closed Won
OP007276,L032352,2025-07-23,1063.33,Open
OP007277,L032363,2026-08-19,679.05,Closed Won
OP007278,L032370,2025-07-28,6448.99,Closed Won
OP007279,L032381,2025-07-08,16932.95,Closed Won
OP007280,L032385,2026-08-25,10187.95,Closed Won
OP007281,L032386,2025-10-10,4654.22,Closed Won
OP007282,L032387,2024-05-31,2090.8,Closed Lost
OP007283,L032395,2026-03-31,3814.04,Closed Won
OP007284,L032402,2025-10-25,2955.29,Closed Lost
OP007285,L032404,2025-10-19,1409.14,Closed Won
OP007286,L032416,2026-09-03,4613.53,Closed Lost
OP007287,L032419,2025-11-08,51848.26,Open
OP007288,L032422,2024-07-03,2314.34,Open
OP007289,L032431,2024-09-26,993.43,Closed Won
OP007290,L032433,2024-04-21,3475.71,Closed Won
OP007291,L032436,2026-08-21,5098.78,Closed Won
OP007292,L032439,2024-04-02,1299.68,Closed Won
OP007293,L032441,2025-04-12,17178.59,Closed Won
OP007294,L032443,2024-09-07,1086.19,Closed Won
OP007295,L032449,2024-01-09,633.18,Closed Won
OP007296,L032452,2026-03-14,4188.7,Closed Won
OP007297,L032454,2026-05-12,2094.32,Closed Won
OP007298,L032456,2024-11-15,2436.72,Closed Lost
OP007299,L032457,2024-11-12,11670.68,Open
OP007300,L032459,2025-06-06,7671.76,Closed Won
OP007301,L032474,2024-06-04,4766.16,Closed Won
OP007302,L032475,2025-07-30,4433.55,Open
OP007303,L032483,2024-03-09,3341.04,Closed Lost
OP007304,L032486,2025-10-07,3204.67,Open
OP007305,L032488,2025-06-03,1116.63,Closed Lost
OP007306,L032498,2024-10-30,1276.47,Closed Won
OP007307,L032500,2026-09-17,8355.26,Closed Won
OP007308,L032505,2025-01-05,3202.46,Closed Won
OP007309,L032509,2026-08-25,8961.48,Closed Won
OP007310,L032514,2025-01-29,1775.98,Closed Won
OP007311,L032521,2025-10-21,5183.9,Closed Lost
OP007312,L032525,2026-09-28,517.33,Closed Won
OP007313,L032536,2025-01-26,1516.66,Closed Won
OP007314,L032539,2025-05-22,5367.98,Closed Won
OP007315,L032542,2026-10-03,660.78,Closed Won
OP007316,L032544,2024-07-27,6614.99,Closed Won
OP007317,L032553,2024-07-13,923.47,Closed Lost
OP007318,L032563,2025-03-03,1234.62,Closed Won
OP007319,L032568,2025-12-19,561.94,Closed Won
OP007320,L032572,2024-09-05,20513.45,Open
OP007321,L032573,2026-03-03,304.79,Closed Lost
OP007322,L032574,2026-05-26,1736.12,Closed Won
OP007323,L032577,2025-12-23,4995.62,Closed Lost
OP007324,L032590,2025-06-13,1689.88,Closed Won
OP007325,L032592,2024-11-28,6092.91,Closed Won
OP007326,L032593,2024-01-28,9837.66,Closed Lost
OP007327,L032597,2026-07-27,1313.12,Open
OP007328,L032611,2025-12-19,971.47,Closed Won
OP007329,L032615,2025-05-29,3001.17,Closed Won
OP007330,L032617,2024-10-22,3977.67,Closed Won
OP007331,L032623,2026-04-19,1210.33,Closed Won
OP007332,L032625,2026-05-02,250.0,Closed Won
OP007333,L032627,2025-03-22,1070.51,Closed Won
OP007334,L032632,2026-04-22,3780.7,Closed Won
OP007335,L032633,2024-06-17,3035.06,Closed Won
OP007336,L032642,2024-03-03,22120.0,Open
OP007337,L032648,2026-01-09,2404.88,Closed Won
OP007338,L032652,2026-03-20,2716.05,Closed Won
OP007339,L032655,2025-12-14,7769.55,Closed Won
OP007340,L032658,2026-05-08,2455.64,Open
OP007341,L032660,2025-08-24,1914.09,Open
OP007342,L032665,2025-10-30,1609.62,Closed Won
OP007343,L032679,2026-01-05,3045.95,Open
OP007344,L032687,2026-07-30,4553.08,Closed Won
OP007345,L032689,2026-06-30,4379.36,Closed Won
OP007346,L032690,2026-04-01,2755.69,Closed Won
OP007347,L032694,2024-08-11,10079.43,Open
OP007348,L032699,2026-07-10,12940.22,Closed Lost
OP007349,L032701,2025-04-18,3156.82,Open
OP007350,L032704,2026-08-18,2726.7,Closed Lost
OP007351,L032705,2024-02-05,2730.03,Closed Won
OP007352,L032707,2024-05-14,2643.31,Open
OP007353,L032711,2025-07-16,4504.1,Closed Won
OP007354,L032717,2024-06-21,728.45,Closed Lost
OP007355,L032719,2024-11-20,5514.7,Closed Won
OP007356,L032728,2025-05-20,1973.52,Closed Won
OP007357,L032736,2024-09-23,5818.64,Closed Won
OP007358,L032748,2026-01-22,1372.22,Closed Won
OP007359,L032752,2025-01-21,2253.77,Closed Won
OP007360,L032757,2025-10-04,8197.96,Open
OP007361,L032760,2025-07-25,3629.75,Closed Lost
OP007362,L032767,2025-03-10,2818.65,Closed Won
OP007363,L032771,2024-09-06,1598.77,Closed Won
OP007364,L032775,2025-07-22,8506.52,Closed Lost
OP007365,L032792,2024-06-15,3058.43,Closed Won
OP007366,L032798,2025-06-11,3924.78,Closed Won
OP007367,L032801,2025-04-25,6917.34,Closed Won
OP007368,L032803,2025-12-13,7054.85,Closed Won
OP007369,L032806,2024-09-29,3456.8,Closed Won
OP007370,L032816,2025-09-19,4488.14,Closed Won
OP007371,L032823,2024-02-01,2380.11,Open
OP007372,L032824,2024-10-26,5712.08,Closed Won
OP007373,L032826,2026-03-20,6293.62,Closed Won
OP007374,L032827,2025-03-09,7049.64,Closed Won
OP007375,L032828,2024-02-11,4671.75,Closed Won
OP007376,L032861,2024-09-20,492.89,Closed Won
OP007377,L032863,2024-01-12,509.46,Closed Lost
OP007378,L032873,2025-01-10,7297.56,Closed Won
OP007379,L032874,2024-02-04,2534.8,Closed Won
OP007380,L032884,2026-07-24,8833.95,Closed Won
OP007381,L032885,2025-07-20,1335.52,Closed Won
OP007382,L032889,2024-10-05,1670.89,Closed Won
OP007383,L032897,2025-08-05,3842.34,Open
OP007384,L032898,2025-08-19,1103.31,Closed Won
OP007385,L032900,2026-04-10,1394.2,Open
OP007386,L032902,2026-08-25,3736.58,Closed Lost
OP007387,L032904,2025-05-17,6824.83,Open
OP007388,L032908,2025-07-07,9801.76,Closed Lost
OP007389,L032912,2026-04-01,526.11,Closed Lost
OP007390,L032922,2024-10-17,7844.12,Open
OP007391,L032928,2026-01-04,2053.48,Closed Lost
OP007392,L032931,2026-09-06,9417.37,Closed Lost
OP007393,L032941,2025-10-13,9510.27,Closed Won
OP007394,L032944,2026-01-08,3372.54,Closed Won
OP007395,L032953,2025-11-06,2130.37,Open
OP007396,L032963,2024-10-22,15220.34,Closed Won
OP007397,L032969,2024-12-28,2365.62,Closed Won
OP007398,L032971,2024-08-15,3058.8,Closed Won
OP007399,L032975,2025-09-06,3936.46,Open
OP007400,L032976,2025-07-22,1340.55,Closed Won
OP007401,L032982,2026-05-09,15732.34,Closed Lost
OP007402,L032983,2024-01-23,5969.44,Closed Won
OP007403,L032985,2025-12-23,1501.07,Closed Won
OP007404,L032987,2026-03-18,1227.92,Closed Won
OP007405,L032992,2024-12-25,2544.82,Open
OP007406,L032993,2026-03-22,17129.56,Closed Won
OP007407,L032994,2024-09-20,1016.86,Closed Won
OP007408,L032996,2025-09-28,7353.37,Closed Lost
OP007409,L032999,2024-06-14,2535.23,Closed Won
OP007410,L033000,2026-02-03,2445.28,Open
OP007411,L033001,2025-01-27,3792.24,Closed Won
OP007412,L033002,2026-02-26,700.58,Closed Lost
OP007413,L033003,2024-10-14,3814.35,Closed Lost
OP007414,L033005,2024-06-21,2361.29,Open
OP007415,L033010,2025-04-19,1776.84,Closed Lost
OP007416,L033014,2026-03-23,13744.29,Closed Won
OP007417,L033018,2026-03-23,4138.26,Closed Won
OP007418,L033021,2026-03-14,1398.14,Closed Won
OP007419,L033032,2024-04-16,8623.22,Closed Lost
OP007420,L033034,2024-02-08,9134.14,Open
OP007421,L033039,2024-09-23,7384.69,Open
OP007422,L033042,2026-01-17,937.55,Closed Won
OP007423,L033043,2025-02-25,648.05,Closed Won
OP007424,L033048,2024-10-29,6886.31,Closed Won
OP007425,L033049,2025-02-04,3878.4,Closed Won
OP007426,L033058,2024-07-17,1975.34,Closed Won
OP007427,L033059,2026-02-10,1846.94,Closed Won
OP007428,L033060,2026-08-02,2307.8,Open
OP007429,L033063,2026-02-12,13090.28,Closed Won
OP007430,L033068,2024-09-15,2811.62,Closed Won
OP007431,L033069,2024-06-01,5985.46,Closed Won
OP007432,L033078,2024-10-18,4562.32,Closed Won
OP007433,L033087,2025-01-02,1131.42,Open
OP007434,L033089,2024-06-18,3716.36,Closed Won
OP007435,L033093,2024-09-17,1309.61,Closed Won
OP007436,L033103,2025-11-10,1620.59,Closed Won
OP007437,L033112,2026-02-04,4802.15,Closed Lost
OP007438,L033118,2026-01-03,2455.09,Closed Lost
OP007439,L033121,2025-10-28,4990.75,Closed Lost
OP007440,L033122,2026-07-27,682.46,Closed Won
OP007441,L033128,2024-07-12,4170.29,Open
OP007442,L033134,2025-11-12,6147.44,Open
OP007443,L033138,2025-05-06,2836.21,Closed Won
OP007444,L033141,2025-03-22,24758.23,Closed Won
OP007445,L033146,2025-04-25,386.86,Open
OP007446,L033153,2024-11-14,2214.11,Closed Won
OP007447,L033161,2026-09-01,374.17,Open
OP007448,L033162,2024-11-28,4775.55,Closed Won
OP007449,L033174,2025-09-27,500.14,Open
OP007450,L033175,2025-09-14,9016.57,Open
OP007451,L033186,2026-06-20,2407.3,Closed Lost
OP007452,L033196,2025-11-13,8672.84,Closed Won
OP007453,L033201,2025-02-14,944.31,Closed Won
OP007454,L033204,2025-08-02,2300.95,Closed Won
OP007455,L033215,2026-05-05,4957.6,Open
OP007456,L033217,2026-06-08,16536.11,Closed Lost
OP007457,L033226,2024-08-01,1923.23,Closed Won
OP007458,L033227,2024-10-16,855.63,Open
OP007459,L033231,2026-02-01,3359.29,Closed Lost
OP007460,L033233,2025-12-10,2434.57,Open
OP007461,L033234,2026-07-28,385.55,Closed Won
OP007462,L033237,2026-07-14,280.67,Open
OP007463,L033239,2026-07-29,4091.51,Closed Won
OP007464,L033265,2025-02-02,258.72,Closed Won
OP007465,L033272,2024-12-24,7538.33,Closed Won
OP007466,L033277,2025-02-07,2230.24,Closed Won
OP007467,L033281,2025-09-04,4912.31,Closed Won
OP007468,L033282,2026-02-06,8594.61,Closed Lost
OP007469,L033287,2024-12-31,632.11,Closed Won
OP007470,L033288,2024-01-10,872.74,Closed Won
OP007471,L033292,2026-09-05,1159.75,Closed Won
OP007472,L033295,2025-02-08,22593.22,Closed Lost
OP007473,L033296,2025-05-23,5204.82,Open
OP007474,L033301,2025-12-08,2244.25,Closed Lost
OP007475,L033302,2026-04-21,1609.36,Closed Won
OP007476,L033305,2026-02-03,2455.12,Closed Won
OP007477,L033306,2026-04-12,1424.18,Closed Won
OP007478,L033307,2024-02-02,2556.62,Closed Won
OP007479,L033309,2024-08-12,2496.81,Closed Won
OP007480,L033312,2024-05-22,8387.56,Closed Lost
OP007481,L033314,2024-08-03,1448.95,Closed Won
OP007482,L033317,2024-07-15,2188.27,Closed Won
OP007483,L033320,2024-08-15,8795.15,Open
OP007484,L033321,2026-08-02,995.9,Open
OP007485,L033325,2025-09-02,2467.51,Closed Lost
OP007486,L033329,2026-01-11,1871.45,Open
OP007487,L033331,2024-06-07,896.73,Closed Won
OP007488,L033334,2026-07-25,3591.56,Open
OP007489,L033345,2024-08-05,1438.17,Open
OP007490,L033346,2025-01-09,2275.5,Closed Won
OP007491,L033349,2025-11-20,3293.7,Closed Won
OP007492,L033360,2024-10-28,906.72,Closed Won
OP007493,L033367,2024-07-26,938.77,Closed Lost
OP007494,L033375,2024-07-02,8916.46,Closed Lost
OP007495,L033382,2024-03-30,2367.82,Closed Won
OP007496,L033388,2026-09-05,2381.57,Closed Won
OP007497,L033395,2024-10-31,4272.04,Closed Won
OP007498,L033399,2025-02-05,1406.99,Closed Won
OP007499,L033405,2025-03-22,7426.65,Closed Won
OP007500,L033419,2026-02-27,5209.32,Closed Lost
OP007501,L033426,2025-09-08,2800.6,Closed Won
OP007502,L033437,2026-02-19,2917.05,Open
OP007503,L033446,2024-09-14,7695.89,Closed Won
OP007504,L033450,2026-07-11,1310.28,Closed Won
OP007505,L033451,2025-12-08,3665.59,Closed Won
OP007506,L033466,2024-10-31,5186.01,Open
OP007507,L033468,2025-12-19,758.0,Closed Lost
OP007508,L033470,2025-10-18,3294.64,Closed Won
OP007509,L033472,2025-12-02,3065.27,Closed Won
OP007510,L033476,2025-02-16,6142.32,Closed Lost
OP007511,L033480,2026-05-16,2464.66,Closed Won
OP007512,L033490,2024-06-05,2268.72,Closed Lost
OP007513,L033496,2025-05-29,10942.68,Closed Won
OP007514,L033497,2024-11-15,18352.12,Closed Won
OP007515,L033499,2025-01-18,2936.82,Open
OP007516,L033509,2026-07-12,4158.57,Closed Won
OP007517,L033514,2025-07-29,2533.28,Open
OP007518,L033515,2024-02-15,934.22,Closed Won
OP007519,L033522,2026-08-19,765.55,Closed Won
OP007520,L033529,2026-01-31,1140.74,Closed Won
OP007521,L033530,2024-04-26,6832.95,Closed Won
OP007522,L033531,2024-03-03,253.36,Closed Lost
OP007523,L033533,2025-10-27,4611.98,Closed Won
OP007524,L033535,2025-11-27,27803.76,Closed Won
OP007525,L033538,2025-12-23,1594.29,Closed Won
OP007526,L033547,2026-01-07,6840.64,Closed Won
OP007527,L033551,2025-11-13,1614.56,Open
OP007528,L033552,2025-08-28,4950.11,Closed Lost
OP007529,L033554,2025-07-13,2106.62,Closed Won
OP007530,L033556,2024-12-16,2441.58,Open
OP007531,L033558,2025-01-19,2404.45,Closed Won
OP007532,L033564,2025-02-01,2315.26,Closed Won
OP007533,L033566,2024-09-12,2049.76,Closed Won
OP007534,L033569,2024-04-28,1705.39,Closed Won
OP007535,L033572,2026-03-21,902.18,Closed Won
OP007536,L033574,2025-04-18,1008.15,Open
OP007537,L033577,2024-12-04,583.29,Closed Won
OP007538,L033586,2025-08-10,12205.32,Closed Won
OP007539,L033587,2024-06-20,5879.09,Closed Won
OP007540,L033590,2025-02-05,540.41,Closed Won
OP007541,L033597,2024-11-01,1444.4,Closed Won
OP007542,L033606,2025-03-03,4124.11,Closed Lost
OP007543,L033607,2025-02-19,4660.17,Open
OP007544,L033612,2026-07-30,1617.46,Closed Won
OP007545,L033616,2026-08-05,9877.72,Open
OP007546,L033624,2024-10-12,1219.41,Closed Won
OP007547,L033633,2024-05-16,952.44,Open
OP007548,L033638,2024-08-05,2807.63,Closed Lost
OP007549,L033643,2024-10-15,5366.67,Closed Won
OP007550,L033645,2026-06-27,808.96,Open
OP007551,L033649,2025-11-03,1072.44,Closed Won
OP007552,L033650,2025-01-30,18617.26,Closed Lost
OP007553,L033654,2025-09-21,55393.22,Closed Lost
OP007554,L033657,2024-07-11,7355.96,Closed Won
OP007555,L033659,2024-09-27,2957.57,Closed Won
OP007556,L033666,2026-03-24,694.61,Closed Won
OP007557,L033672,2025-06-19,2610.2,Open
OP007558,L033674,2025-03-14,920.78,Closed Won
OP007559,L033680,2024-07-27,969.25,Closed Lost
OP007560,L033686,2024-07-31,2087.71,Closed Won
OP007561,L033688,2025-09-01,7929.55,Closed Won
OP007562,L033694,2026-07-20,6529.33,Closed Won
OP007563,L033696,2024-08-17,12231.16,Open
OP007564,L033703,2025-02-04,2267.37,Open
OP007565,L033704,2026-07-31,1607.42,Closed Won
OP007566,L033710,2025-01-29,1135.02,Closed Lost
OP007567,L033714,2024-11-18,3105.21,Open
OP007568,L033723,2025-09-26,2017.14,Open
OP007569,L033725,2024-08-09,1570.3,Open
OP007570,L033727,2025-02-02,1256.54,Closed Won
OP007571,L033732,2025-01-23,28748.68,Closed Won
OP007572,L033734,2025-07-02,2560.86,Closed Won
OP007573,L033738,2026-04-14,3851.18,Closed Won
OP007574,L033750,2024-11-26,13847.4,Closed Won
OP007575,L033751,2026-08-21,5170.12,Open
OP007576,L033755,2024-02-08,2898.97,Closed Lost
OP007577,L033756,2026-05-16,3432.4,Closed Won
OP007578,L033765,2025-07-21,5981.85,Closed Won
OP007579,L033773,2025-09-08,6058.12,Open
OP007580,L033777,2024-05-31,1350.6,Closed Lost
OP007581,L033779,2025-05-25,3030.95,Closed Won
OP007582,L033792,2024-10-16,1759.06,Open
OP007583,L033800,2024-05-09,12394.86,Closed Won
OP007584,L033811,2026-04-09,867.58,Closed Won
OP007585,L033813,2026-07-10,1512.96,Closed Won
OP007586,L033814,2024-12-23,3117.87,Closed Won
OP007587,L033824,2026-02-25,32299.45,Closed Lost
OP007588,L033826,2026-05-22,762.39,Closed Won
OP007589,L033828,2024-07-15,825.92,Closed Lost
OP007590,L033829,2026-09-11,3646.85,Closed Lost
OP007591,L033831,2024-11-27,3433.45,Closed Won
OP007592,L033833,2024-07-26,12203.62,Closed Lost
OP007593,L033844,2025-08-02,352.18,Closed Won
OP007594,L033845,2025-05-06,1373.42,Open
OP007595,L033849,2025-10-12,902.34,Closed Won
OP007596,L033854,2025-05-21,2080.93,Open
OP007597,L033862,2026-09-10,20565.47,Closed Won
OP007598,L033864,2026-01-29,1195.1,Closed Won
OP007599,L033872,2026-06-08,2433.87,Closed Won
OP007600,L033873,2024-12-20,5330.56,Closed Lost
OP007601,L033877,2025-08-01,4942.64,Closed Won
OP007602,L033878,2025-05-25,5409.93,Closed Won
OP007603,L033879,2024-12-09,3129.2,Closed Won
OP007604,L033880,2024-12-06,3103.59,Open
OP007605,L033882,2024-08-03,17327.32,Open
OP007606,L033886,2026-05-06,1471.21,Closed Won
OP007607,L033887,2025-10-03,393.66,Closed Won
OP007608,L033890,2024-03-10,11819.06,Open
OP007609,L033893,2025-10-10,2359.04,Closed Won
OP007610,L033897,2024-08-03,941.69,Closed Lost
OP007611,L033922,2024-02-17,15808.8,Closed Lost
OP007612,L033927,2024-12-29,10177.27,Closed Won
OP007613,L033929,2025-03-21,2984.81,Closed Won
OP007614,L033931,2025-02-21,1295.25,Open
OP007615,L033936,2024-05-02,1620.28,Closed Won
OP007616,L033938,2025-09-16,1219.88,Open
OP007617,L033949,2026-01-01,551.02,Closed Lost
OP007618,L033951,2025-10-20,4582.24,Closed Won
OP007619,L033957,2025-06-29,4909.76,Closed Lost
OP007620,L033958,2025-10-27,2464.1,Closed Lost
OP007621,L033963,2024-09-12,602.37,Closed Lost
OP007622,L033964,2024-09-18,24694.97,Closed Won
OP007623,L033970,2026-04-21,10289.1,Closed Won
OP007624,L033974,2026-06-08,2529.73,Open
OP007625,L033980,2026-03-18,1551.05,Closed Won
OP007626,L033982,2025-04-19,38357.16,Closed Lost
OP007627,L033993,2024-06-24,4600.14,Closed Won
OP007628,L033997,2025-01-27,1489.29,Closed Won
OP007629,L033999,2024-08-05,13462.43,Closed Lost
OP007630,L034005,2024-12-30,9396.45,Closed Won
OP007631,L034008,2025-09-05,1196.47,Closed Won
OP007632,L034010,2026-09-16,627.04,Closed Lost
OP007633,L034015,2026-09-14,12760.95,Closed Won
OP007634,L034016,2025-10-08,6558.96,Closed Won
OP007635,L034021,2026-02-10,1436.32,Closed Won
OP007636,L034024,2024-12-13,19430.77,Open
OP007637,L034027,2026-06-01,787.15,Closed Won
OP007638,L034031,2024-07-05,4852.16,Open
OP007639,L034037,2024-08-05,1548.79,Closed Won
OP007640,L034041,2025-08-12,5828.13,Closed Won
OP007641,L034046,2026-01-23,10444.31,Closed Won
OP007642,L034048,2024-06-19,5111.98,Open
OP007643,L034062,2025-03-14,2480.04,Closed Lost
OP007644,L034067,2024-12-27,2553.76,Closed Won
OP007645,L034069,2024-07-26,4407.98,Closed Lost
OP007646,L034070,2026-03-17,2106.51,Closed Won
OP007647,L034074,2025-09-08,1035.4,Closed Won
OP007648,L034076,2024-08-13,1482.18,Closed Lost
OP007649,L034078,2024-01-29,6443.6,Closed Lost
OP007650,L034088,2026-04-18,435.14,Closed Lost
OP007651,L034096,2025-07-20,4688.08,Open
OP007652,L034098,2024-05-20,11799.05,Closed Won
OP007653,L034099,2024-06-23,6414.75,Closed Won
OP007654,L034102,2024-10-23,2913.42,Closed Won
OP007655,L034113,2024-02-06,1678.2,Open
OP007656,L034114,2025-03-07,901.72,Closed Won
OP007657,L034117,2024-01-23,1095.3,Closed Won
OP007658,L034120,2024-06-21,3240.6,Closed Lost
OP007659,L034121,2026-03-04,1468.1,Closed Lost
OP007660,L034122,2026-07-25,3380.86,Closed Lost
OP007661,L034123,2025-09-17,1648.48,Open
OP007662,L034127,2025-09-20,2895.89,Closed Won
OP007663,L034130,2024-04-06,1062.15,Open
OP007664,L034141,2025-03-02,1509.72,Closed Won
OP007665,L034143,2025-05-22,1203.31,Closed Won
OP007666,L034151,2025-09-17,2373.03,Open
OP007667,L034153,2024-03-21,4633.89,Closed Lost
OP007668,L034154,2026-03-06,3944.65,Closed Won
OP007669,L034155,2024-03-02,2153.58,Open
OP007670,L034167,2024-08-15,3378.99,Closed Won
OP007671,L034172,2025-07-31,688.18,Closed Won
OP007672,L034174,2026-01-27,4169.71,Closed Lost
OP007673,L034184,2026-04-01,12086.41,Closed Won
OP007674,L034187,2026-08-26,5281.99,Closed Won
OP007675,L034193,2026-04-17,9098.46,Closed Won
OP007676,L034194,2024-07-26,7108.62,Open
OP007677,L034195,2026-06-23,4025.63,Closed Won
OP007678,L034200,2026-03-02,1543.05,Closed Won
OP007679,L034201,2025-11-08,2022.36,Closed Won
OP007680,L034207,2025-12-14,2495.28,Closed Won
OP007681,L034208,2026-08-26,4624.1,Closed Lost
OP007682,L034212,2024-09-09,503.53,Open
OP007683,L034220,2025-01-24,555.69,Closed Won
OP007684,L034223,2025-09-16,6625.03,Closed Won
OP007685,L034228,2026-01-31,2206.63,Closed Won
OP007686,L034229,2024-08-29,2910.28,Closed Won
OP007687,L034230,2026-03-04,775.92,Closed Won
OP007688,L034232,2026-02-22,1256.37,Closed Won
OP007689,L034234,2025-09-01,1103.66,Closed Won
OP007690,L034239,2025-05-07,5373.85,Closed Won
OP007691,L034240,2025-07-24,17953.5,Closed Lost
OP007692,L034243,2026-08-24,407.5,Closed Won
OP007693,L034258,2025-11-01,2378.69,Closed Won
OP007694,L034262,2026-01-18,3853.2,Closed Lost
OP007695,L034272,2024-11-19,2358.57,Closed Won
OP007696,L034277,2024-11-28,7344.31,Closed Won
OP007697,L034281,2024-07-15,1574.2,Closed Won
OP007698,L034287,2026-03-21,2534.8,Closed Won
OP007699,L034293,2025-01-03,11375.1,Closed Won
OP007700,L034295,2025-06-24,1013.31,Open
OP007701,L034309,2024-06-17,1886.54,Closed Won
OP007702,L034315,2026-06-04,15578.78,Closed Won
OP007703,L034324,2025-12-12,2679.0,Open
OP007704,L034325,2024-11-28,5066.66,Closed Lost
OP007705,L034342,2025-01-22,8504.39,Closed Won
OP007706,L034345,2024-12-03,2972.29,Open
OP007707,L034346,2024-10-16,16695.36,Closed Won
OP007708,L034347,2026-07-17,271.26,Open
OP007709,L034350,2026-08-20,1049.77,Closed Won
OP007710,L034351,2025-12-12,9757.76,Closed Won
OP007711,L034359,2024-08-18,358.5,Open
OP007712,L034360,2024-08-29,993.22,Closed Won
OP007713,L034363,2025-05-10,433.33,Closed Lost
OP007714,L034368,2024-11-21,3323.51,Closed Won
OP007715,L034369,2026-04-28,3194.6,Closed Lost
OP007716,L034374,2025-12-16,3107.42,Closed Won
OP007717,L034379,2024-03-30,511.44,Closed Won
OP007718,L034382,2026-02-12,1514.41,Open
OP007719,L034383,2025-06-07,1841.84,Open
OP007720,L034390,2024-10-20,2190.82,Closed Won
OP007721,L034395,2025-10-20,1860.14,Closed Won
OP007722,L034399,2025-02-01,1630.4,Closed Won
OP007723,L034400,2024-03-18,2940.11,Closed Won
OP007724,L034408,2025-05-22,1500.8,Open
OP007725,L034410,2025-06-17,2977.68,Closed Lost
OP007726,L034413,2026-02-05,8826.98,Closed Won
OP007727,L034417,2024-02-17,1469.5,Closed Won
OP007728,L034420,2025-09-23,3783.0,Closed Won
OP007729,L034421,2025-10-18,2861.81,Closed Won
OP007730,L034424,2026-06-05,1095.22,Closed Lost
OP007731,L034435,2025-07-27,8164.13,Closed Won
OP007732,L034439,2025-09-01,1086.95,Closed Won
OP007733,L034442,2024-05-01,5688.05,Open
OP007734,L034445,2024-08-31,8351.51,Open
OP007735,L034447,2024-09-11,1883.12,Closed Won
OP007736,L034451,2025-12-12,2791.35,Closed Won
OP007737,L034457,2024-08-21,3163.81,Closed Won
OP007738,L034461,2025-05-24,1037.04,Open
OP007739,L034463,2025-10-30,920.29,Closed Won
OP007740,L034468,2025-12-24,3375.05,Open
OP007741,L034474,2026-09-01,2006.73,Closed Won
OP007742,L034477,2025-05-22,3536.9,Open
OP007743,L034480,2024-03-31,2442.75,Open
OP007744,L034481,2025-06-01,4150.71,Closed Won
OP007745,L034482,2024-08-29,2947.02,Closed Won
OP007746,L034486,2024-06-09,1527.07,Closed Won
OP007747,L034488,2026-06-14,1453.44,Open
OP007748,L034499,2026-08-12,13462.66,Closed Won
OP007749,L034500,2026-07-26,4318.08,Closed Won
OP007750,L034503,2026-07-26,811.22,Closed Won
OP007751,L034514,2026-01-11,1942.91,Closed Won
OP007752,L034519,2025-10-05,1148.05,Closed Lost
OP007753,L034525,2025-09-05,1598.9,Closed Lost
OP007754,L034528,2025-03-08,4260.92,Closed Won
OP007755,L034531,2025-04-13,7863.39,Closed Won
OP007756,L034532,2024-03-04,1951.58,Closed Won
OP007757,L034535,2026-08-30,1930.85,Closed Won
OP007758,L034536,2024-07-27,2058.54,Open
OP007759,L034541,2026-08-12,4627.64,Closed Won
OP007760,L034543,2026-06-07,250.0,Closed Won
OP007761,L034552,2024-09-01,4295.27,Closed Won
OP007762,L034558,2024-05-02,1469.71,Closed Won
OP007763,L034561,2024-09-29,1819.48,Closed Won
OP007764,L034562,2024-03-08,4124.41,Closed Won
OP007765,L034570,2024-04-02,1673.31,Closed Lost
OP007766,L034573,2025-11-11,914.81,Closed Won
OP007767,L034581,2025-06-02,1441.48,Open
OP007768,L034584,2025-09-12,1668.56,Open
OP007769,L034596,2024-05-04,2591.81,Closed Won
OP007770,L034602,2026-05-19,2001.73,Closed Won
OP007771,L034603,2025-06-01,700.78,Open
OP007772,L034608,2025-12-12,2026.06,Open
OP007773,L034609,2025-03-01,1622.44,Closed Won
OP007774,L034613,2024-10-02,1107.21,Closed Lost
OP007775,L034618,2026-09-12,1719.46,Closed Lost
OP007776,L034621,2026-04-08,5628.45,Closed Won
OP007777,L034626,2024-10-07,1165.19,Open
OP007778,L034628,2026-06-13,2788.07,Open
OP007779,L034633,2024-05-12,9264.28,Closed Lost
OP007780,L034637,2025-09-14,1473.05,Closed Won
OP007781,L034639,2026-03-19,1459.89,Closed Lost
OP007782,L034645,2024-10-09,3826.18,Closed Won
OP007783,L034648,2025-02-12,6475.24,Closed Won
OP007784,L034650,2025-01-08,3134.42,Closed Won
OP007785,L034651,2024-12-16,3633.64,Closed Won
OP007786,L034659,2026-06-18,36505.44,Closed Won
OP007787,L034660,2025-10-08,2451.95,Closed Won
OP007788,L034664,2026-08-28,3492.42,Closed Lost
OP007789,L034671,2025-09-07,1983.13,Closed Lost
OP007790,L034683,2024-09-13,7112.94,Closed Won
OP007791,L034684,2026-08-09,1969.35,Closed Lost
OP007792,L034687,2026-05-27,1616.37,Closed Lost
OP007793,L034690,2024-02-06,11323.24,Closed Won
OP007794,L034696,2025-08-17,10994.07,Closed Won
OP007795,L034698,2026-08-20,1571.93,Closed Won
OP007796,L034703,2024-02-10,10347.11,Closed Won
OP007797,L034704,2026-05-20,5680.16,Closed Lost
OP007798,L034706,2024-02-25,2263.61,Closed Won
OP007799,L034707,2025-06-27,2158.38,Closed Won
OP007800,L034717,2024-11-11,4103.81,Closed Lost
OP007801,L034727,2024-09-30,2505.7,Closed Lost
OP007802,L034735,2025-02-15,9768.91,Closed Won
OP007803,L034739,2026-01-25,586.2,Open
OP007804,L034740,2026-04-03,435.8,Closed Won
OP007805,L034742,2024-10-06,6216.13,Closed Won
OP007806,L034748,2025-01-09,1512.52,Open
OP007807,L034755,2025-09-28,1726.43,Closed Won
OP007808,L034759,2025-02-24,2732.61,Closed Won
OP007809,L034760,2024-08-20,3397.53,Closed Won
OP007810,L034761,2024-07-20,5369.57,Closed Won
OP007811,L034777,2024-12-02,1591.92,Open
OP007812,L034778,2024-12-10,853.94,Closed Won
OP007813,L034781,2025-06-02,3414.74,Closed Won
OP007814,L034785,2025-06-06,3415.16,Closed Won
OP007815,L034791,2025-10-02,1749.73,Open
OP007816,L034801,2024-03-10,2799.88,Closed Lost
OP007817,L034805,2024-06-24,8363.21,Closed Won
OP007818,L034807,2025-08-06,2077.53,Closed Won
OP007819,L034811,2025-05-10,2931.93,Closed Won
OP007820,L034814,2025-12-07,1349.84,Closed Lost
OP007821,L034820,2025-05-29,10311.67,Closed Won
OP007822,L034821,2024-12-15,1982.27,Closed Won
OP007823,L034832,2024-03-17,250.0,Closed Lost
OP007824,L034836,2024-03-11,1480.83,Closed Won
OP007825,L034838,2024-02-06,7009.77,Closed Won
OP007826,L034839,2025-11-04,5263.41,Closed Won
OP007827,L034842,2024-05-01,8011.73,Closed Lost
OP007828,L034844,2026-06-30,4751.91,Closed Lost
OP007829,L034846,2024-11-28,3475.37,Open
OP007830,L034849,2024-01-30,2502.34,Closed Won
OP007831,L034853,2024-06-26,2304.6,Closed Won
OP007832,L034854,2024-04-11,4617.04,Closed Won
OP007833,L034857,2024-04-01,2653.71,Closed Lost
OP007834,L034859,2024-12-26,2230.7,Closed Won
OP007835,L034862,2026-02-05,14311.72,Closed Lost
OP007836,L034866,2026-07-05,850.64,Open
OP007837,L034875,2025-01-12,588.94,Closed Won
OP007838,L034876,2025-10-19,3165.65,Closed Won
OP007839,L034880,2024-07-02,5673.85,Closed Won
OP007840,L034890,2025-07-29,14180.53,Closed Won
OP007841,L034895,2024-04-29,756.6,Closed Won
OP007842,L034896,2024-04-23,3902.49,Closed Won
OP007843,L034900,2026-05-10,15477.96,Open
OP007844,L034902,2026-08-28,3859.91,Closed Won
OP007845,L034905,2025-02-06,954.47,Closed Won
OP007846,L034908,2025-04-02,2055.59,Open
OP007847,L034920,2025-05-18,1577.81,Open
OP007848,L034921,2025-04-10,2788.01,Closed Won
OP007849,L034931,2026-03-19,3342.88,Closed Won
OP007850,L034943,2024-10-19,546.27,Open
OP007851,L034946,2024-02-21,1692.07,Closed Lost
OP007852,L034947,2025-03-24,4723.1,Closed Lost
OP007853,L034961,2026-03-26,1618.97,Closed Lost
OP007854,L034971,2026-04-08,3759.05,Closed Won
OP007855,L034976,2025-11-11,2314.29,Open
OP007856,L034981,2025-04-28,3141.17,Closed Lost
OP007857,L034982,2024-09-28,3721.58,Closed Won
OP007858,L034989,2026-07-30,2546.1,Closed Lost
OP007859,L034993,2026-03-05,1422.85,Closed Lost
OP007860,L035005,2025-04-20,806.5,Closed Won
OP007861,L035007,2026-01-22,8315.92,Closed Won
OP007862,L035009,2024-07-18,3480.89,Closed Won
OP007863,L035010,2026-05-02,40840.04,Closed Won
OP007864,L035013,2025-11-27,1941.1,Closed Won
OP007865,L035024,2025-03-25,941.66,Open
OP007866,L035026,2024-10-12,4413.33,Closed Won
OP007867,L035034,2025-10-24,12158.73,Closed Won
OP007868,L035040,2024-12-10,2049.51,Open
OP007869,L035049,2024-08-20,1247.19,Closed Won
OP007870,L035053,2024-09-01,1159.54,Closed Won
OP007871,L035054,2025-05-08,250.0,Closed Won
OP007872,L035065,2025-03-05,3312.0,Open
OP007873,L035068,2025-12-23,3201.01,Closed Won
OP007874,L035072,2024-02-18,3864.25,Closed Lost
OP007875,L035079,2024-06-03,5041.81,Closed Lost
OP007876,L035082,2025-12-20,1736.14,Closed Won
OP007877,L035086,2025-09-12,638.11,Closed Won
OP007878,L035087,2024-08-12,11385.8,Closed Lost
OP007879,L035091,2024-08-07,1095.67,Closed Won
OP007880,L035093,2025-09-03,4744.05,Closed Won
OP007881,L035094,2024-02-22,5892.34,Closed Won
OP007882,L035096,2026-01-15,4907.86,Closed Won
OP007883,L035099,2026-06-09,2276.02,Open
OP007884,L035109,2025-11-16,1204.22,Closed Won
OP007885,L035111,2025-02-22,15409.28,Closed Won
OP007886,L035113,2024-05-27,1536.37,Closed Won
OP007887,L035114,2025-01-13,937.34,Closed Won
OP007888,L035115,2024-09-19,9274.35,Open
OP007889,L035116,2025-02-03,3202.0,Closed Won
OP007890,L035117,2026-03-09,1403.68,Closed Won
OP007891,L035125,2026-09-27,1905.91,Closed Won
OP007892,L035127,2024-11-04,2508.3,Open
OP007893,L035137,2025-01-02,2045.22,Closed Won
OP007894,L035138,2024-12-15,12003.1,Open
OP007895,L035143,2024-10-17,1368.71,Closed Won
OP007896,L035144,2024-10-14,2790.22,Closed Won
OP007897,L035148,2025-02-17,4521.57,Closed Lost
OP007898,L035156,2024-12-30,50487.3,Closed Won
OP007899,L035160,2025-07-22,1060.77,Closed Won
OP007900,L035166,2026-06-09,2007.95,Closed Won
OP007901,L035176,2024-03-26,250.0,Closed Won
OP007902,L035180,2025-09-03,16588.48,Closed Won
OP007903,L035186,2025-03-06,2217.55,Closed Won
OP007904,L035190,2026-04-15,8610.72,Open
OP007905,L035194,2026-02-14,1608.08,Closed Won
OP007906,L035200,2025-07-09,41263.33,Closed Lost
OP007907,L035205,2026-03-31,5909.65,Closed Won
OP007908,L035207,2024-03-23,1504.01,Closed Won
OP007909,L035211,2026-06-06,6485.79,Closed Lost
OP007910,L035215,2026-01-29,1306.22,Closed Won
OP007911,L035218,2025-12-14,4184.2,Closed Won
OP007912,L035220,2026-07-23,265.25,Closed Lost
OP007913,L035222,2026-01-06,735.34,Closed Won
OP007914,L035224,2026-04-15,5080.83,Closed Won
OP007915,L035232,2024-04-02,13969.78,Closed Lost
OP007916,L035236,2026-05-19,1376.45,Closed Lost
OP007917,L035238,2025-06-11,8776.83,Closed Lost
OP007918,L035245,2026-09-05,3470.21,Closed Won
OP007919,L035249,2024-05-09,492.73,Closed Won
OP007920,L035251,2025-09-15,3446.68,Closed Won
OP007921,L035252,2025-02-05,492.85,Closed Won
OP007922,L035253,2024-09-22,3490.66,Closed Won
OP007923,L035265,2025-02-27,2255.46,Closed Won
OP007924,L035272,2024-09-08,625.46,Closed Won
OP007925,L035278,2025-03-20,3217.16,Open
OP007926,L035279,2025-03-09,1405.49,Closed Lost
OP007927,L035283,2026-02-17,1086.15,Closed Won
OP007928,L035289,2026-06-04,9857.65,Closed Won
OP007929,L035296,2026-02-23,1757.99,Open
OP007930,L035299,2025-11-17,1227.73,Closed Lost
OP007931,L035306,2026-08-18,3079.55,Open
OP007932,L035315,2025-09-19,3162.68,Closed Won
OP007933,L035318,2024-03-11,1123.73,Closed Won
OP007934,L035321,2025-01-10,7087.06,Closed Won
OP007935,L035324,2025-04-21,592.86,Closed Won
OP007936,L035326,2024-04-05,5519.97,Closed Won
OP007937,L035328,2026-06-01,2278.7,Closed Won
OP007938,L035329,2026-07-27,4478.23,Closed Won
OP007939,L035331,2025-01-16,2361.0,Closed Won
OP007940,L035332,2025-02-03,1959.81,Closed Won
OP007941,L035337,2024-11-02,5595.11,Closed Won
OP007942,L035347,2026-08-26,7121.91,Closed Lost
OP007943,L035348,2026-03-24,1030.68,Closed Won
OP007944,L035353,2024-08-12,6441.62,Closed Won
OP007945,L035355,2025-04-26,1054.51,Closed Won
OP007946,L035361,2024-06-07,454.18,Closed Lost
OP007947,L035372,2024-05-19,584.9,Closed Won
OP007948,L035375,2024-11-27,3132.36,Closed Won
OP007949,L035376,2025-05-07,1847.45,Closed Lost
OP007950,L035382,2025-09-10,7550.72,Closed Lost
OP007951,L035386,2026-03-26,1403.25,Closed Won
OP007952,L035388,2025-11-26,605.73,Open
OP007953,L035398,2024-04-22,998.37,Open
OP007954,L035399,2024-01-06,1594.92,Closed Won
OP007955,L035404,2024-12-21,1069.74,Open
OP007956,L035413,2026-07-16,10777.95,Open
OP007957,L035422,2024-09-30,2907.02,Open
OP007958,L035427,2024-07-11,12807.03,Closed Won
OP007959,L035429,2024-11-08,4025.9,Open
OP007960,L035430,2025-01-03,683.47,Closed Lost
OP007961,L035433,2026-04-07,2635.53,Open
OP007962,L035436,2024-03-08,2886.67,Closed Won
OP007963,L035438,2026-02-07,5850.37,Closed Won
OP007964,L035440,2025-03-21,2835.31,Closed Lost
OP007965,L035441,2026-06-30,2486.45,Closed Won
OP007966,L035445,2024-09-16,2971.47,Closed Won
OP007967,L035447,2026-04-16,9695.75,Closed Won
OP007968,L035448,2026-01-10,2207.81,Closed Won
OP007969,L035457,2026-08-26,2912.82,Closed Lost
OP007970,L035458,2025-10-06,1667.99,Closed Won
OP007971,L035459,2025-09-04,6180.49,Closed Won
OP007972,L035464,2026-04-21,3177.69,Open
OP007973,L035466,2025-02-24,1283.36,Closed Lost
OP007974,L035470,2025-04-21,2412.91,Closed Won
OP007975,L035472,2024-11-22,1341.75,Closed Won
OP007976,L035476,2026-05-03,472.84,Open
OP007977,L035477,2024-04-29,14758.6,Open
OP007978,L035482,2026-01-13,5997.27,Closed Lost
OP007979,L035493,2025-11-15,1141.91,Closed Won
OP007980,L035499,2026-08-07,30675.17,Open
OP007981,L035502,2024-04-27,5560.67,Open
OP007982,L035504,2026-06-25,4692.9,Closed Won
OP007983,L035505,2025-11-11,1400.93,Closed Won
OP007984,L035511,2026-02-24,1613.2,Closed Won
OP007985,L035516,2025-02-18,7210.4,Closed Won
OP007986,L035518,2025-11-01,2850.8,Closed Lost
OP007987,L035519,2025-01-09,5579.06,Open
OP007988,L035522,2026-02-02,15381.64,Closed Won
OP007989,L035531,2026-01-13,626.55,Closed Won
OP007990,L035532,2025-11-07,17761.47,Closed Won
OP007991,L035536,2025-05-11,7847.85,Closed Won
OP007992,L035541,2024-04-02,2248.26,Closed Won
OP007993,L035542,2026-05-14,408.4,Closed Lost
OP007994,L035564,2025-09-05,1568.51,Open
OP007995,L035568,2025-04-18,3872.02,Open
OP007996,L035569,2024-10-24,1837.54,Closed Won
OP007997,L035574,2026-08-10,6140.32,Closed Won
OP007998,L035575,2024-07-05,10455.23,Open
OP007999,L035579,2026-08-17,3995.42,Closed Won
OP008000,L035596,2025-05-23,714.08,Closed Won
OP008001,L035622,2024-09-17,2833.94,Open
OP008002,L035634,2026-07-25,3921.3,Closed Won
OP008003,L035635,2026-07-10,283.94,Closed Won
OP008004,L035639,2026-03-21,7723.25,Closed Lost
OP008005,L035649,2024-10-12,2473.9,Closed Lost
OP008006,L035652,2025-05-16,19436.15,Closed Won
OP008007,L035654,2024-10-27,2715.34,Closed Won
OP008008,L035657,2025-12-14,4461.33,Closed Lost
OP008009,L035660,2025-11-02,3784.35,Closed Lost
OP008010,L035665,2025-08-04,1131.36,Closed Won
OP008011,L035667,2025-06-28,2927.57,Open
OP008012,L035676,2025-05-19,872.28,Closed Lost
OP008013,L035679,2026-07-01,4847.62,Closed Won
OP008014,L035682,2026-07-14,8753.49,Closed Lost
OP008015,L035686,2025-01-25,13902.19,Open
OP008016,L035688,2025-01-16,1807.25,Closed Won
OP008017,L035701,2024-03-03,13923.85,Closed Won
OP008018,L035712,2024-09-21,8206.48,Closed Won
OP008019,L035720,2024-11-12,2359.2,Closed Won
OP008020,L035726,2024-03-13,6372.59,Closed Won
OP008021,L035733,2024-10-14,432.56,Open
OP008022,L035734,2024-06-11,3914.32,Closed Won
OP008023,L035757,2025-10-31,3251.83,Closed Won
OP008024,L035761,2026-02-01,3744.73,Closed Won
OP008025,L035762,2025-07-10,4847.62,Open
OP008026,L035764,2026-07-17,3661.17,Closed Won
OP008027,L035767,2025-07-22,923.96,Open
OP008028,L035768,2024-05-31,2027.35,Closed Won
OP008029,L035769,2025-07-22,3599.98,Closed Lost
OP008030,L035779,2025-01-01,28126.3,Closed Lost
OP008031,L035782,2024-03-05,2755.65,Closed Won
OP008032,L035785,2026-09-26,2435.93,Closed Won
OP008033,L035786,2025-10-26,3388.11,Open
OP008034,L035788,2025-03-04,857.32,Closed Lost
OP008035,L035791,2024-09-15,2363.06,Closed Won
OP008036,L035793,2024-11-05,6892.33,Closed Won
OP008037,L035797,2024-08-20,1619.96,Open
OP008038,L035802,2026-04-19,4930.49,Closed Lost
OP008039,L035803,2024-11-08,3066.18,Closed Won
OP008040,L035805,2025-11-15,1198.61,Closed Won
OP008041,L035815,2024-12-26,20315.46,Open
OP008042,L035819,2026-05-22,10683.54,Closed Won
OP008043,L035822,2025-02-12,1934.09,Closed Won
OP008044,L035829,2024-06-13,2770.54,Closed Lost
OP008045,L035831,2025-02-12,3933.66,Closed Won
OP008046,L035833,2024-03-13,2573.08,Open
OP008047,L035838,2025-12-30,1980.34,Closed Lost
OP008048,L035845,2026-07-09,6548.56,Closed Lost
OP008049,L035854,2024-11-03,653.15,Closed Won
OP008050,L035855,2026-03-24,9250.84,Closed Won
OP008051,L035856,2026-07-14,685.78,Open
OP008052,L035857,2026-08-03,23191.78,Closed Won
OP008053,L035887,2025-03-25,8656.12,Open
OP008054,L035890,2026-03-30,3104.67,Closed Lost
OP008055,L035892,2025-08-11,2914.16,Closed Won
OP008056,L035898,2025-03-08,3800.94,Closed Lost
OP008057,L035901,2024-06-10,4431.2,Closed Won
OP008058,L035907,2024-07-30,16252.34,Closed Lost
OP008059,L035914,2025-02-27,4742.23,Open
OP008060,L035919,2026-02-18,2374.0,Open
OP008061,L035920,2024-12-16,1132.65,Open
OP008062,L035921,2026-02-17,2191.52,Open
OP008063,L035928,2026-04-13,14237.84,Closed Won
OP008064,L035939,2025-12-08,250.0,Open
OP008065,L035954,2024-05-25,3097.13,Closed Won
OP008066,L035957,2025-01-08,3252.25,Closed Won
OP008067,L035958,2024-06-08,2428.29,Closed Lost
OP008068,L035959,2024-03-06,1910.71,Closed Won
OP008069,L035965,2025-08-28,7065.57,Closed Lost
OP008070,L035968,2024-02-03,7648.56,Closed Lost
OP008071,L035969,2025-11-10,2934.83,Closed Won
OP008072,L035970,2026-05-21,3244.07,Closed Won
OP008073,L035972,2024-03-13,6630.88,Closed Lost
OP008074,L035980,2024-07-16,3029.6,Open
OP008075,L035983,2025-06-08,19515.33,Closed Lost
OP008076,L035991,2025-02-22,8682.6,Closed Won
OP008077,L036000,2024-05-10,4382.9,Closed Lost
OP008078,L036008,2025-08-18,3107.66,Closed Won
OP008079,L036013,2024-09-24,1736.63,Closed Won
OP008080,L036014,2025-11-20,4519.61,Open
OP008081,L036016,2026-06-04,14101.61,Closed Lost
OP008082,L036017,2024-10-17,2449.34,Closed Won
OP008083,L036027,2025-04-02,3289.9,Closed Won
OP008084,L036033,2025-08-18,1705.53,Closed Won
OP008085,L036037,2025-04-18,1769.7,Closed Won
OP008086,L036039,2025-08-20,7056.71,Closed Lost
OP008087,L036041,2026-06-13,328.37,Closed Won
OP008088,L036043,2025-10-20,3116.94,Closed Won
OP008089,L036047,2024-06-18,1229.54,Closed Won
OP008090,L036050,2024-10-04,3161.65,Open
OP008091,L036053,2026-02-17,3260.31,Closed Won
OP008092,L036055,2024-11-14,2369.23,Closed Won
OP008093,L036057,2025-12-29,1562.26,Closed Lost
OP008094,L036058,2024-01-24,3356.01,Closed Lost
OP008095,L036059,2024-11-29,7100.38,Closed Won
OP008096,L036064,2024-11-08,429.38,Closed Won
OP008097,L036067,2024-03-26,685.64,Open
OP008098,L036073,2024-05-17,1378.72,Closed Won
OP008099,L036076,2024-08-02,2462.27,Open
OP008100,L036077,2025-10-04,575.36,Open
OP008101,L036079,2024-05-07,1346.0,Closed Won
OP008102,L036082,2024-10-28,7750.11,Closed Lost
OP008103,L036083,2024-11-24,1574.67,Closed Won
OP008104,L036084,2024-05-28,2490.05,Open
OP008105,L036085,2024-03-17,330.21,Closed Won
OP008106,L036088,2025-06-18,1975.88,Open
OP008107,L036093,2026-05-02,1343.9,Closed Won
OP008108,L036096,2025-04-16,409.08,Closed Lost
OP008109,L036097,2026-02-05,3313.68,Closed Won
OP008110,L036101,2025-03-14,3386.4,Closed Lost
OP008111,L036102,2024-05-26,7727.32,Closed Won
OP008112,L036105,2025-07-18,638.75,Closed Won
OP008113,L036106,2025-12-14,3968.66,Closed Won
OP008114,L036112,2024-08-05,2251.99,Closed Won
OP008115,L036113,2025-02-28,1896.84,Closed Won
OP008116,L036114,2024-01-24,15365.44,Closed Won
OP008117,L036127,2026-05-07,1582.82,Closed Lost
OP008118,L036130,2024-01-25,1627.61,Closed Lost
OP008119,L036135,2026-04-30,17113.1,Closed Won
OP008120,L036140,2026-07-08,15881.3,Closed Lost
OP008121,L036148,2026-01-02,1997.22,Closed Won
OP008122,L036150,2025-09-17,3901.52,Closed Won
OP008123,L036154,2025-10-01,1497.29,Open
OP008124,L036158,2024-05-16,1920.63,Closed Lost
OP008125,L036165,2025-04-18,917.48,Closed Won
OP008126,L036171,2026-09-12,1718.77,Closed Lost
OP008127,L036177,2026-05-07,5210.53,Closed Lost
OP008128,L036183,2025-05-31,763.5,Closed Lost
OP008129,L036192,2025-10-09,2628.81,Closed Won
OP008130,L036193,2026-05-06,11145.48,Closed Won
OP008131,L036206,2025-08-04,1739.52,Closed Won
OP008132,L036207,2025-12-27,1081.56,Closed Won
OP008133,L036209,2025-04-29,3323.96,Open
OP008134,L036217,2025-10-06,3897.37,Closed Lost
OP008135,L036225,2024-09-14,4838.15,Closed Won
OP008136,L036227,2024-02-26,1857.05,Closed Lost
OP008137,L036237,2025-01-08,1242.38,Closed Won
OP008138,L036239,2024-12-24,10063.59,Closed Won
OP008139,L036245,2026-06-27,33645.8,Open
OP008140,L036248,2024-03-23,18034.05,Closed Lost
OP008141,L036251,2024-08-19,2572.52,Closed Lost
OP008142,L036257,2025-10-05,593.61,Closed Lost
OP008143,L036269,2026-04-27,4779.44,Closed Lost
OP008144,L036274,2024-11-30,3331.23,Closed Lost
OP008145,L036275,2025-12-21,252.25,Open
OP008146,L036277,2026-01-28,17699.95,Closed Won
OP008147,L036284,2024-01-31,4169.1,Closed Won
OP008148,L036289,2025-03-16,2145.71,Closed Won
OP008149,L036292,2025-03-04,4557.07,Open
OP008150,L036293,2025-06-17,8321.93,Closed Won
OP008151,L036297,2026-01-22,812.98,Closed Won
OP008152,L036298,2025-12-09,3823.37,Closed Won
OP008153,L036301,2025-01-22,5836.36,Closed Won
OP008154,L036302,2025-12-11,1246.29,Closed Won
OP008155,L036307,2026-05-21,14777.62,Closed Won
OP008156,L036316,2025-09-02,2112.42,Closed Won
OP008157,L036322,2025-03-14,4168.66,Open
OP008158,L036324,2024-11-28,4503.36,Closed Lost
OP008159,L036328,2026-01-17,2160.99,Closed Lost
OP008160,L036333,2025-02-12,6719.05,Closed Lost
OP008161,L036334,2026-03-25,2912.86,Closed Lost
OP008162,L036342,2025-09-05,701.31,Open
OP008163,L036347,2024-06-28,2550.78,Closed Won
OP008164,L036349,2026-08-03,3342.48,Closed Won
OP008165,L036351,2024-08-22,1395.2,Closed Won
OP008166,L036361,2026-03-01,6621.27,Closed Won
OP008167,L036364,2024-11-01,808.82,Closed Won
OP008168,L036365,2026-07-28,1730.67,Closed Lost
OP008169,L036369,2025-07-23,711.86,Closed Won
OP008170,L036379,2024-11-16,1925.19,Closed Won
OP008171,L036380,2025-01-25,851.15,Closed Won
OP008172,L036385,2025-03-16,2293.55,Closed Lost
OP008173,L036389,2025-07-09,4355.22,Closed Won
OP008174,L036391,2025-11-24,1153.18,Closed Won
OP008175,L036397,2025-02-18,15598.36,Open
OP008176,L036400,2025-04-06,1656.79,Closed Won
OP008177,L036411,2025-06-03,3986.96,Closed Won
OP008178,L036412,2026-08-10,2532.99,Closed Won
OP008179,L036418,2026-07-12,20939.26,Closed Won
OP008180,L036421,2025-03-26,4773.68,Closed Won
OP008181,L036427,2024-05-18,5251.09,Closed Won
OP008182,L036433,2026-03-22,2470.6,Open
OP008183,L036435,2025-08-18,7574.92,Closed Won
OP008184,L036437,2024-04-18,4118.08,Closed Won
OP008185,L036439,2026-07-04,5397.43,Closed Lost
OP008186,L036440,2025-01-10,1822.77,Closed Won
OP008187,L036443,2024-07-05,3321.93,Closed Won
OP008188,L036444,2024-08-08,3540.08,Closed Won
OP008189,L036449,2026-07-21,618.21,Closed Lost
OP008190,L036452,2024-06-26,21510.86,Closed Lost
OP008191,L036454,2024-04-01,362.79,Closed Lost
OP008192,L036456,2026-09-23,1141.86,Closed Won
OP008193,L036464,2024-09-30,5333.46,Open
OP008194,L036468,2026-05-21,7058.18,Closed Won
OP008195,L036469,2026-03-30,4247.8,Open
OP008196,L036473,2024-12-06,4531.36,Closed Won
OP008197,L036474,2025-09-27,1788.99,Closed Won
OP008198,L036483,2026-01-03,1278.44,Closed Won
OP008199,L036487,2024-04-11,2745.35,Open
OP008200,L036500,2024-08-30,3905.96,Closed Won
OP008201,L036503,2025-08-08,1645.85,Closed Won
OP008202,L036505,2025-03-20,2658.03,Open
OP008203,L036514,2026-01-04,3748.41,Closed Lost
OP008204,L036525,2024-11-26,3302.62,Open
OP008205,L036526,2026-08-16,2930.41,Closed Lost
OP008206,L036532,2024-10-26,1078.93,Closed Won
OP008207,L036538,2026-05-19,2137.59,Open
OP008208,L036540,2026-03-30,4280.92,Closed Won
OP008209,L036547,2026-01-23,1847.22,Closed Lost
OP008210,L036548,2025-05-03,1768.19,Open
OP008211,L036554,2024-07-17,953.3,Closed Lost
OP008212,L036559,2024-10-14,1332.76,Closed Lost
OP008213,L036561,2026-07-18,3144.26,Closed Won
OP008214,L036564,2025-06-09,2499.74,Open
OP008215,L036568,2024-02-25,2901.48,Closed Lost
OP008216,L036575,2024-04-30,6264.3,Closed Won
OP008217,L036585,2024-03-06,2940.77,Closed Lost
OP008218,L036589,2024-11-16,4274.77,Closed Won
OP008219,L036591,2026-01-07,2826.71,Closed Won
OP008220,L036594,2025-02-23,8506.56,Closed Won
OP008221,L036605,2025-07-08,1258.71,Closed Won
OP008222,L036610,2025-09-10,3022.61,Closed Won
OP008223,L036617,2025-10-13,3642.27,Closed Lost
OP008224,L036622,2026-09-05,2707.92,Closed Won
OP008225,L036627,2026-01-27,6719.75,Closed Lost
OP008226,L036631,2024-02-21,4309.37,Closed Won
OP008227,L036633,2025-02-12,20225.83,Closed Won
OP008228,L036634,2024-09-16,2275.5,Closed Lost
OP008229,L036651,2025-01-18,1094.35,Closed Won
OP008230,L036658,2025-08-19,250.0,Open
OP008231,L036660,2026-04-11,910.47,Closed Lost
OP008232,L036661,2024-10-06,3687.13,Closed Won
OP008233,L036664,2026-08-04,2480.17,Closed Won
OP008234,L036667,2026-01-10,5922.7,Closed Lost
OP008235,L036669,2026-08-16,9458.82,Closed Lost
OP008236,L036671,2026-03-30,11625.91,Closed Won
OP008237,L036676,2026-03-16,589.6,Open
OP008238,L036679,2025-11-21,4625.83,Open
OP008239,L036682,2025-02-06,1888.84,Open
OP008240,L036693,2024-12-25,6343.78,Closed Won
OP008241,L036696,2025-03-16,15850.51,Closed Lost
OP008242,L036710,2024-12-22,1578.99,Closed Won
OP008243,L036717,2026-08-09,15566.31,Closed Lost
OP008244,L036718,2026-06-19,3004.35,Closed Won
OP008245,L036730,2025-12-11,2765.24,Closed Lost
OP008246,L036742,2025-12-01,3583.02,Closed Won
OP008247,L036743,2024-10-17,355.73,Closed Won
OP008248,L036744,2025-04-28,4134.15,Closed Won
OP008249,L036747,2026-07-02,8074.99,Closed Lost
OP008250,L036750,2024-03-22,3840.69,Closed Won
OP008251,L036754,2025-12-18,1057.01,Closed Lost
OP008252,L036755,2024-06-05,4599.79,Closed Lost
OP008253,L036760,2024-02-23,865.18,Closed Lost
OP008254,L036762,2024-06-28,5653.5,Closed Won
OP008255,L036764,2026-03-25,2558.98,Closed Lost
OP008256,L036765,2025-06-11,656.28,Closed Won
OP008257,L036768,2026-05-26,5001.91,Closed Won
OP008258,L036777,2024-06-11,1860.67,Closed Won
OP008259,L036788,2026-03-22,1461.54,Open
OP008260,L036790,2025-08-12,12418.75,Closed Won
OP008261,L036806,2025-07-09,734.62,Open
OP008262,L036807,2025-07-27,1108.97,Closed Won
OP008263,L036812,2024-08-07,2154.83,Closed Won
OP008264,L036816,2024-03-21,8495.68,Open
OP008265,L036819,2025-09-30,1022.68,Closed Won
OP008266,L036825,2026-04-29,3167.25,Open
OP008267,L036827,2024-04-10,360.1,Closed Won
OP008268,L036833,2024-11-03,786.53,Closed Lost
OP008269,L036839,2024-04-24,1881.68,Open
OP008270,L036844,2026-04-02,9521.42,Closed Won
OP008271,L036854,2025-06-11,1304.01,Closed Lost
OP008272,L036862,2025-05-29,301.75,Closed Lost
OP008273,L036863,2025-01-17,1229.81,Closed Lost
OP008274,L036869,2024-03-04,13480.08,Closed Won
OP008275,L036873,2024-05-25,17302.09,Closed Won
OP008276,L036880,2025-11-16,11258.09,Closed Won
OP008277,L036882,2025-06-23,4756.55,Open
OP008278,L036884,2025-04-08,2944.15,Closed Won
OP008279,L036885,2024-12-13,960.15,Closed Won
OP008280,L036888,2024-04-22,2639.31,Closed Won
OP008281,L036895,2025-06-21,1608.56,Closed Won
OP008282,L036928,2026-04-21,2713.65,Closed Won
OP008283,L036935,2026-03-31,4012.41,Open
OP008284,L036938,2026-06-16,7161.86,Closed Won
OP008285,L036943,2025-01-07,2649.96,Closed Won
OP008286,L036948,2025-01-04,7564.16,Closed Won
OP008287,L036951,2025-07-04,10223.55,Closed Lost
OP008288,L036952,2026-01-21,3235.5,Closed Won
OP008289,L036963,2024-07-20,4942.2,Open
OP008290,L036969,2026-05-27,4739.56,Open
OP008291,L036970,2026-04-09,14819.74,Closed Won
OP008292,L036972,2024-10-09,10025.62,Closed Won
OP008293,L036979,2025-01-28,1478.15,Closed Won
OP008294,L036980,2025-07-13,3630.91,Closed Won
OP008295,L036987,2024-10-04,910.94,Closed Won
OP008296,L036996,2025-06-09,4067.7,Open
OP008297,L036997,2025-04-20,1488.06,Open
OP008298,L036998,2025-08-15,7709.04,Closed Won
OP008299,L037018,2025-09-10,1728.02,Closed Won
OP008300,L037022,2026-06-22,17169.79,Open
OP008301,L037027,2025-11-28,18942.76,Closed Won
OP008302,L037032,2024-01-10,7623.39,Open
OP008303,L037037,2026-07-14,3785.89,Open
OP008304,L037038,2024-07-04,11989.56,Closed Won
OP008305,L037043,2025-09-23,6411.67,Closed Won
OP008306,L037047,2025-02-06,21269.83,Open
OP008307,L037052,2024-10-05,2813.16,Closed Won
OP008308,L037054,2026-10-05,3827.66,Closed Won
OP008309,L037055,2026-08-20,4279.81,Closed Won
OP008310,L037061,2024-08-26,3126.57,Closed Won
OP008311,L037062,2024-09-25,4124.0,Closed Lost
OP008312,L037065,2025-12-19,2007.52,Closed Won
OP008313,L037066,2025-06-11,4642.8,Open
OP008314,L037074,2025-03-09,1050.51,Closed Won
OP008315,L037082,2025-05-08,4150.66,Closed Lost
OP008316,L037085,2024-08-01,2811.12,Closed Won
OP008317,L037091,2024-11-23,17719.87,Closed Won
OP008318,L037103,2024-10-31,2285.16,Closed Won
OP008319,L037107,2024-07-01,12254.67,Open
OP008320,L037110,2025-04-11,9379.59,Closed Won
OP008321,L037111,2025-10-28,1413.83,Closed Won
OP008322,L037113,2024-11-08,6664.13,Closed Won
OP008323,L037123,2025-01-26,3639.77,Closed Lost
OP008324,L037126,2024-05-23,1738.28,Closed Won
OP008325,L037144,2024-12-20,3692.16,Open
OP008326,L037147,2024-08-06,854.23,Closed Lost
OP008327,L037148,2024-02-23,1718.34,Open
OP008328,L037154,2026-02-21,2995.34,Closed Won
OP008329,L037156,2025-02-24,970.48,Closed Won
OP008330,L037163,2024-03-16,4772.21,Closed Won
OP008331,L037165,2025-03-26,3416.58,Closed Lost
OP008332,L037166,2024-01-18,3984.86,Closed Lost
OP008333,L037169,2025-08-26,9305.12,Closed Won
OP008334,L037170,2026-02-21,581.52,Closed Won
OP008335,L037171,2025-12-22,10706.78,Closed Won
OP008336,L037177,2025-02-14,4738.74,Closed Won
OP008337,L037191,2025-05-12,12501.4,Open
OP008338,L037192,2026-08-23,4253.64,Open
OP008339,L037201,2024-03-08,1415.68,Closed Won
OP008340,L037208,2024-09-03,1474.42,Open
OP008341,L037210,2024-04-10,6218.3,Open
OP008342,L037212,2026-06-24,394.12,Open
OP008343,L037217,2026-06-30,2860.26,Closed Won
OP008344,L037218,2024-01-20,2993.0,Closed Won
OP008345,L037221,2026-02-21,6598.17,Open
OP008346,L037223,2026-03-30,1351.49,Closed Won
OP008347,L037224,2024-02-04,2956.13,Closed Lost
OP008348,L037230,2024-04-04,718.21,Closed Won
OP008349,L037236,2024-11-10,3071.44,Closed Lost
OP008350,L037237,2025-10-26,1639.98,Closed Won
OP008351,L037238,2025-10-26,1609.45,Closed Won
OP008352,L037241,2026-01-13,3999.55,Closed Won
OP008353,L037242,2026-02-04,4588.72,Closed Won
OP008354,L037246,2026-08-05,1315.1,Closed Won
OP008355,L037251,2026-02-05,12811.67,Closed Lost
OP008356,L037252,2026-09-12,4285.34,Closed Lost
OP008357,L037254,2025-12-27,3096.94,Closed Lost
OP008358,L037257,2025-09-02,4288.52,Closed Won
OP008359,L037267,2025-05-14,14488.23,Closed Won
OP008360,L037271,2024-06-14,9235.95,Closed Won
OP008361,L037273,2025-05-12,3605.3,Closed Won
OP008362,L037274,2026-02-13,1395.25,Closed Won
OP008363,L037275,2025-11-16,7075.12,Closed Won
OP008364,L037278,2026-05-23,1158.07,Open
OP008365,L037280,2025-03-26,10802.84,Open
OP008366,L037285,2024-03-19,913.53,Open
OP008367,L037293,2026-01-14,3295.05,Closed Won
OP008368,L037295,2025-06-05,1874.27,Closed Lost
OP008369,L037298,2026-04-20,747.4,Open
OP008370,L037304,2025-12-02,361.14,Closed Won
OP008371,L037311,2025-06-23,894.48,Closed Won
OP008372,L037314,2024-08-21,1286.27,Closed Won
OP008373,L037315,2025-10-15,2708.85,Closed Lost
OP008374,L037327,2026-08-22,1426.54,Closed Won
OP008375,L037334,2026-02-03,1058.46,Open
OP008376,L037348,2026-06-03,4396.95,Closed Won
OP008377,L037350,2024-05-11,1460.29,Closed Won
OP008378,L037352,2024-04-08,5408.32,Open
OP008379,L037356,2026-05-02,366.61,Closed Won
OP008380,L037362,2024-10-15,1761.85,Closed Won
OP008381,L037364,2024-10-09,3259.27,Open
OP008382,L037367,2026-05-18,1962.45,Closed Lost
OP008383,L037375,2026-08-22,2803.99,Closed Won
OP008384,L037377,2026-06-22,675.48,Open
OP008385,L037381,2024-06-22,5969.85,Closed Won
OP008386,L037390,2024-04-21,3018.77,Closed Won
OP008387,L037394,2024-03-26,877.0,Closed Won
OP008388,L037405,2026-03-30,1854.88,Closed Lost
OP008389,L037406,2025-08-29,1957.98,Closed Lost
OP008390,L037407,2025-02-07,3149.12,Closed Won
OP008391,L037409,2026-02-05,22539.31,Closed Won
OP008392,L037418,2024-12-11,602.21,Closed Lost
OP008393,L037420,2025-11-13,5972.7,Open
OP008394,L037423,2026-05-07,3154.69,Open
OP008395,L037425,2026-02-01,1218.03,Closed Won
OP008396,L037428,2025-02-23,2347.61,Closed Lost
OP008397,L037430,2025-12-26,761.31,Closed Won
OP008398,L037438,2025-02-11,1802.26,Closed Won
OP008399,L037451,2026-09-11,955.98,Open
OP008400,L037453,2025-03-21,878.39,Closed Won
OP008401,L037459,2024-11-24,5660.01,Open
OP008402,L037473,2025-08-18,1510.05,Closed Won
OP008403,L037476,2025-04-02,1320.53,Closed Won
OP008404,L037488,2025-09-25,2016.42,Closed Lost
OP008405,L037493,2024-01-27,3889.71,Closed Lost
OP008406,L037494,2025-01-03,6688.66,Closed Won
OP008407,L037499,2025-10-05,5558.63,Open
OP008408,L037501,2025-08-29,11743.01,Closed Won
OP008409,L037502,2026-06-25,3646.87,Closed Won
OP008410,L037507,2024-04-19,16668.76,Closed Won
OP008411,L037508,2026-05-01,13479.41,Open
OP008412,L037511,2024-10-01,967.14,Closed Won
OP008413,L037512,2025-08-05,515.31,Closed Lost
OP008414,L037525,2025-06-19,840.11,Closed Won
OP008415,L037526,2025-03-14,4109.45,Closed Won
OP008416,L037527,2025-09-27,2994.3,Open
OP008417,L037531,2026-03-17,2666.72,Closed Won
OP008418,L037537,2026-04-20,4246.75,Closed Won
OP008419,L037544,2026-08-25,2795.93,Closed Won
OP008420,L037548,2026-02-13,1776.59,Closed Won
OP008421,L037555,2025-06-16,40663.85,Closed Won
OP008422,L037557,2024-06-29,528.08,Closed Lost
OP008423,L037561,2026-02-04,3639.45,Closed Lost
OP008424,L037562,2024-05-14,2465.25,Closed Won
OP008425,L037568,2025-08-19,3510.87,Closed Lost
OP008426,L037578,2024-03-07,18283.89,Open
OP008427,L037582,2026-03-11,1781.54,Closed Lost
OP008428,L037586,2025-02-12,2106.12,Closed Won
OP008429,L037589,2024-03-24,902.23,Closed Lost
OP008430,L037592,2024-05-26,1199.06,Closed Won
OP008431,L037608,2024-12-10,6621.88,Closed Won
OP008432,L037615,2026-08-27,9467.99,Open
OP008433,L037616,2024-07-22,9345.03,Open
OP008434,L037618,2026-02-28,1581.65,Closed Won
OP008435,L037621,2024-12-14,1724.04,Closed Won
OP008436,L037635,2026-06-16,999.27,Closed Lost
OP008437,L037636,2026-03-04,2772.96,Closed Won
OP008438,L037641,2026-05-19,1827.72,Closed Won
OP008439,L037645,2026-05-10,5318.47,Closed Won
OP008440,L037646,2024-03-24,4650.63,Closed Won
OP008441,L037647,2025-05-05,6014.81,Closed Won
OP008442,L037648,2024-07-22,6304.78,Closed Won
OP008443,L037666,2024-06-03,525.92,Closed Won
OP008444,L037667,2024-06-26,1316.06,Closed Won
OP008445,L037669,2025-09-18,14875.07,Closed Lost
OP008446,L037676,2024-11-09,500.5,Closed Won
OP008447,L037678,2024-11-19,6189.72,Closed Won
OP008448,L037679,2026-02-19,6321.55,Open
OP008449,L037683,2025-06-30,6389.62,Closed Won
OP008450,L037686,2025-11-09,4081.37,Closed Won
OP008451,L037690,2026-05-28,19382.25,Closed Lost
OP008452,L037693,2025-12-01,1140.68,Closed Lost
OP008453,L037703,2024-10-01,2845.2,Closed Won
OP008454,L037704,2024-07-06,6769.74,Closed Lost
OP008455,L037706,2025-10-07,3662.96,Closed Won
OP008456,L037707,2025-06-16,1381.22,Closed Won
OP008457,L037712,2024-03-21,2281.08,Closed Won
OP008458,L037714,2026-06-28,6077.0,Closed Won
OP008459,L037717,2025-06-28,9507.74,Open
OP008460,L037726,2024-10-12,3045.8,Open
OP008461,L037730,2024-06-14,4790.91,Closed Won
OP008462,L037735,2025-07-15,5115.87,Closed Won
OP008463,L037737,2025-08-01,3850.79,Closed Won
OP008464,L037739,2024-03-24,2525.22,Closed Won
OP008465,L037743,2026-04-21,2502.9,Closed Lost
OP008466,L037745,2025-12-21,2914.89,Closed Won
OP008467,L037746,2025-06-28,2188.75,Closed Won
OP008468,L037748,2026-06-08,4532.34,Closed Won
OP008469,L037758,2025-01-17,5654.38,Closed Won
OP008470,L037759,2025-09-02,4604.57,Open
OP008471,L037775,2026-07-27,2404.24,Closed Won
OP008472,L037779,2025-07-02,2540.4,Closed Lost
OP008473,L037782,2025-10-12,1016.46,Open
OP008474,L037789,2025-12-04,1738.57,Open
OP008475,L037790,2025-09-10,720.93,Closed Lost
OP008476,L037796,2026-06-21,831.73,Closed Won
OP008477,L037802,2024-07-14,255.1,Closed Won
OP008478,L037809,2025-06-22,6675.5,Closed Won
OP008479,L037814,2024-12-20,18363.81,Closed Won
OP008480,L037815,2026-08-08,2304.28,Closed Won
OP008481,L037819,2024-06-03,1606.99,Closed Won
OP008482,L037827,2025-02-03,20821.03,Closed Lost
OP008483,L037831,2024-09-11,1105.6,Open
OP008484,L037835,2026-04-24,2930.62,Closed Won
OP008485,L037839,2025-12-10,2101.12,Closed Won
OP008486,L037842,2025-08-24,729.97,Open
OP008487,L037843,2026-08-05,507.04,Closed Won
OP008488,L037848,2024-05-16,1449.76,Closed Won
OP008489,L037856,2025-01-29,2380.62,Closed Won
OP008490,L037861,2026-05-04,250.0,Open
OP008491,L037867,2024-11-20,2483.21,Open
OP008492,L037874,2024-03-08,7378.05,Closed Won
OP008493,L037880,2025-06-05,843.03,Closed Lost
OP008494,L037887,2025-04-16,2483.03,Open
OP008495,L037889,2026-04-25,2284.77,Open
OP008496,L037890,2024-08-30,4541.75,Closed Lost
OP008497,L037893,2024-07-20,1806.47,Closed Won
OP008498,L037894,2024-07-24,20639.02,Closed Won
OP008499,L037896,2026-03-23,4716.99,Closed Lost
OP008500,L037897,2026-06-17,1309.85,Closed Won
OP008501,L037899,2024-04-25,829.49,Open
OP008502,L037901,2025-03-30,1772.07,Closed Won
OP008503,L037902,2024-05-12,717.08,Closed Lost
OP008504,L037904,2025-11-19,11250.42,Open
OP008505,L037905,2024-12-05,6029.04,Closed Lost
OP008506,L037916,2026-08-09,4885.05,Closed Lost
OP008507,L037917,2024-11-03,418.44,Closed Lost
OP008508,L037919,2024-12-20,2240.86,Closed Lost
OP008509,L037920,2024-03-31,4358.82,Closed Won
OP008510,L037921,2025-11-17,2804.93,Closed Won
OP008511,L037923,2026-09-08,8995.97,Closed Lost
OP008512,L037929,2026-06-18,5343.26,Closed Won
OP008513,L037932,2025-01-19,8015.16,Closed Won
OP008514,L037937,2026-02-01,1012.23,Closed Won
OP008515,L037948,2025-05-09,2270.37,Closed Lost
OP008516,L037955,2025-02-24,2601.52,Open
OP008517,L037956,2025-08-05,5337.84,Closed Won
OP008518,L037957,2024-12-06,1900.57,Closed Won
OP008519,L037966,2026-07-03,4818.98,Closed Lost
OP008520,L037970,2024-02-06,2799.62,Closed Lost
OP008521,L037974,2024-03-11,4735.92,Closed Lost
OP008522,L037975,2025-01-01,2054.46,Closed Won
OP008523,L037976,2026-09-07,1411.73,Closed Won
OP008524,L037979,2026-08-05,3453.54,Closed Won
OP008525,L037992,2025-10-28,2389.69,Open
OP008526,L037994,2024-11-28,11819.8,Closed Won
OP008527,L037996,2026-03-11,4183.03,Closed Won
OP008528,L037999,2025-08-09,29455.76,Open
OP008529,L038008,2025-05-01,5629.28,Closed Lost
OP008530,L038009,2026-04-21,10594.94,Closed Won
OP008531,L038010,2024-12-22,5164.32,Closed Lost
OP008532,L038011,2025-04-04,531.64,Closed Lost
OP008533,L038019,2026-09-10,2143.08,Open
OP008534,L038021,2024-11-02,7730.93,Closed Lost
OP008535,L038022,2026-09-18,1318.91,Closed Won
OP008536,L038023,2024-04-07,4960.46,Closed Won
OP008537,L038026,2024-03-30,3995.58,Closed Won
OP008538,L038030,2024-10-20,17790.39,Closed Won
OP008539,L038031,2025-09-09,8117.23,Closed Lost
OP008540,L038032,2024-06-02,6344.13,Open
OP008541,L038055,2025-06-29,1821.07,Open
OP008542,L038056,2025-12-06,1104.19,Closed Won
OP008543,L038059,2026-01-04,695.44,Open
OP008544,L038066,2026-06-09,2998.5,Closed Won
OP008545,L038067,2024-08-18,6564.16,Closed Won
OP008546,L038068,2025-02-06,1678.0,Closed Won
OP008547,L038074,2024-03-19,1587.38,Closed Won
OP008548,L038084,2026-02-04,2057.37,Closed Lost
OP008549,L038087,2026-08-19,1879.79,Closed Won
OP008550,L038088,2026-10-08,1335.73,Closed Won
OP008551,L038089,2025-03-18,2044.18,Open
OP008552,L038091,2025-07-18,5839.03,Closed Won
OP008553,L038102,2025-06-04,4982.8,Closed Won
OP008554,L038106,2026-08-16,4764.52,Open
OP008555,L038110,2026-06-23,1698.51,Open
OP008556,L038122,2025-12-16,6146.95,Closed Lost
OP008557,L038126,2025-04-19,3484.69,Closed Won
OP008558,L038131,2025-09-02,2495.64,Open
OP008559,L038143,2026-03-11,4812.83,Closed Won
OP008560,L038147,2025-04-18,2733.9,Closed Won
OP008561,L038149,2024-11-05,3619.59,Closed Lost
OP008562,L038152,2025-08-09,10871.25,Closed Lost
OP008563,L038163,2025-05-12,4467.42,Closed Won
OP008564,L038167,2024-09-09,3734.62,Closed Won
OP008565,L038168,2026-02-16,3241.46,Closed Won
OP008566,L038170,2025-01-29,25114.84,Closed Won
OP008567,L038171,2024-01-29,2132.22,Closed Won
OP008568,L038179,2026-09-07,1818.05,Open
OP008569,L038183,2026-02-19,6430.76,Closed Won
OP008570,L038184,2026-02-11,3064.83,Closed Lost
OP008571,L038189,2026-04-21,4780.3,Closed Won
OP008572,L038194,2026-02-26,4272.45,Closed Won
OP008573,L038198,2025-04-18,7149.13,Closed Won
OP008574,L038204,2025-03-14,564.1,Closed Lost
OP008575,L038210,2026-06-03,4662.18,Closed Won
OP008576,L038211,2024-11-25,1465.82,Closed Won
OP008577,L038212,2024-02-27,7141.86,Closed Lost
OP008578,L038213,2025-06-14,538.35,Closed Lost
OP008579,L038215,2024-09-25,1457.08,Closed Lost
OP008580,L038218,2024-05-06,2584.52,Open
OP008581,L038219,2024-07-04,5783.3,Open
OP008582,L038223,2024-07-01,3380.21,Closed Lost
OP008583,L038228,2024-09-10,2976.33,Open
OP008584,L038233,2025-03-18,1327.42,Closed Lost
OP008585,L038234,2025-05-27,4000.98,Closed Lost
OP008586,L038236,2024-03-13,1642.33,Closed Won
OP008587,L038237,2024-12-03,5315.68,Closed Won
OP008588,L038238,2024-12-17,4029.02,Open
OP008589,L038244,2024-03-28,4678.75,Closed Lost
OP008590,L038248,2026-07-11,2756.62,Open
OP008591,L038251,2025-11-13,1838.22,Closed Won
OP008592,L038257,2026-01-29,6200.57,Open
OP008593,L038259,2026-05-14,1768.74,Closed Won
OP008594,L038265,2026-09-16,4112.75,Closed Lost
OP008595,L038270,2025-04-17,3056.5,Closed Lost
OP008596,L038271,2024-12-13,1481.69,Closed Won
OP008597,L038276,2025-11-22,250.0,Closed Lost
OP008598,L038277,2025-09-06,15055.9,Closed Won
OP008599,L038286,2025-09-22,8196.08,Closed Won
OP008600,L038289,2025-11-21,1780.49,Closed Won
OP008601,L038292,2024-09-13,3818.0,Closed Won
OP008602,L038308,2026-08-31,498.02,Closed Won
OP008603,L038311,2025-05-24,2894.61,Closed Won
OP008604,L038315,2024-07-23,3929.3,Closed Won
OP008605,L038317,2025-07-23,4035.16,Closed Won
OP008606,L038319,2026-07-07,2353.24,Closed Won
OP008607,L038320,2024-12-13,5746.37,Open
OP008608,L038328,2026-04-03,1119.17,Closed Lost
OP008609,L038331,2026-02-13,4238.57,Open
OP008610,L038332,2025-01-26,6735.04,Closed Lost
OP008611,L038334,2025-01-28,959.76,Closed Lost
OP008612,L038338,2025-08-08,10373.13,Open
OP008613,L038346,2026-03-19,4093.48,Closed Won
OP008614,L038350,2024-05-17,2168.06,Closed Won
OP008615,L038351,2024-08-05,11884.47,Closed Won
OP008616,L038360,2026-04-04,394.45,Closed Won
OP008617,L038363,2026-06-11,1172.79,Closed Won
OP008618,L038382,2025-02-26,7586.41,Closed Lost
OP008619,L038393,2025-02-10,4037.52,Closed Won
OP008620,L038403,2026-02-05,3374.48,Closed Won
OP008621,L038404,2026-01-03,4880.58,Closed Won
OP008622,L038405,2026-06-04,2267.47,Closed Won
OP008623,L038406,2024-07-16,2065.83,Closed Lost
OP008624,L038412,2025-02-23,10709.87,Open
OP008625,L038423,2024-02-05,11466.56,Closed Won
OP008626,L038424,2025-07-02,18682.99,Closed Lost
OP008627,L038427,2026-02-14,3112.25,Closed Won
OP008628,L038430,2026-06-20,6259.95,Closed Won
OP008629,L038436,2025-08-27,4400.2,Open
OP008630,L038438,2025-07-04,850.35,Closed Won
OP008631,L038449,2025-08-10,1693.04,Open
OP008632,L038452,2026-04-29,2819.07,Closed Lost
OP008633,L038455,2026-03-28,1167.14,Open
OP008634,L038466,2024-09-23,1012.35,Closed Won
OP008635,L038468,2026-07-27,7984.58,Closed Lost
OP008636,L038473,2025-09-03,1819.25,Closed Won
OP008637,L038479,2024-01-26,3967.56,Closed Won
OP008638,L038494,2025-11-07,7421.37,Closed Won
OP008639,L038507,2024-09-30,1032.94,Closed Won
OP008640,L038515,2025-04-19,658.48,Closed Lost
OP008641,L038516,2025-09-27,5374.5,Open
OP008642,L038523,2026-03-02,4145.01,Closed Lost
OP008643,L038531,2024-04-18,25352.65,Closed Won
OP008644,L038533,2025-10-26,7888.86,Open
OP008645,L038536,2025-06-03,5552.94,Closed Won
OP008646,L038537,2025-10-26,920.88,Closed Won
OP008647,L038541,2024-06-14,7465.92,Open
OP008648,L038544,2026-02-25,2099.11,Closed Won
OP008649,L038551,2024-04-07,2821.88,Closed Lost
OP008650,L038552,2024-04-30,8367.83,Closed Won
OP008651,L038554,2025-02-21,9269.86,Open
OP008652,L038556,2025-06-15,730.92,Open
OP008653,L038558,2025-06-15,409.73,Closed Won
OP008654,L038565,2025-07-08,4104.82,Closed Won
OP008655,L038568,2025-08-10,3101.2,Closed Won
OP008656,L038575,2026-04-09,986.28,Closed Won
OP008657,L038576,2026-04-25,2297.89,Closed Won
OP008658,L038578,2024-05-19,344.11,Closed Won
OP008659,L038582,2025-03-04,21579.13,Closed Won
OP008660,L038587,2024-05-18,3502.58,Closed Won
OP008661,L038590,2026-08-09,455.52,Closed Won
OP008662,L038603,2025-06-06,3696.76,Closed Lost
OP008663,L038607,2025-05-30,5624.75,Closed Won
OP008664,L038614,2026-02-06,2455.53,Closed Won
OP008665,L038624,2026-03-10,8235.36,Closed Won
OP008666,L038626,2026-06-03,3472.99,Closed Won
OP008667,L038638,2024-07-22,2006.94,Closed Lost
OP008668,L038640,2025-02-07,5364.28,Closed Won
OP008669,L038646,2026-05-10,2842.45,Closed Won
OP008670,L038651,2024-08-07,1788.12,Closed Lost
OP008671,L038656,2026-05-03,2195.71,Closed Won
OP008672,L038657,2024-11-08,1309.36,Closed Won
OP008673,L038658,2025-11-07,1073.82,Closed Won
OP008674,L038662,2025-04-26,4419.92,Closed Won
OP008675,L038663,2025-04-25,1492.45,Closed Won
OP008676,L038667,2025-04-09,19383.67,Closed Won
OP008677,L038675,2024-01-20,2477.32,Closed Lost
OP008678,L038677,2025-10-20,2784.25,Closed Won
OP008679,L038679,2025-12-27,18781.57,Closed Won
OP008680,L038680,2026-01-08,2181.45,Closed Won
OP008681,L038687,2026-04-18,4620.02,Open
OP008682,L038688,2024-03-07,6871.2,Closed Won
OP008683,L038706,2026-05-25,6452.91,Closed Lost
OP008684,L038724,2025-05-21,3549.86,Closed Won
OP008685,L038727,2025-05-23,7008.35,Closed Won
OP008686,L038729,2026-06-29,1896.09,Closed Won
OP008687,L038730,2024-02-11,1429.41,Closed Won
OP008688,L038733,2024-12-08,2002.8,Closed Won
OP008689,L038735,2024-11-24,6173.35,Open
OP008690,L038737,2025-08-31,2741.63,Open
OP008691,L038741,2025-10-30,2488.96,Closed Lost
OP008692,L038751,2025-01-12,1727.39,Closed Won
OP008693,L038757,2025-06-06,2679.42,Closed Won
OP008694,L038760,2025-03-23,3103.51,Closed Won
OP008695,L038767,2026-08-06,17874.32,Closed Won
OP008696,L038768,2025-04-15,5062.1,Closed Lost
OP008697,L038770,2024-11-09,3871.52,Closed Lost
OP008698,L038778,2025-11-26,1380.03,Closed Won
OP008699,L038789,2024-08-26,4861.04,Closed Won
OP008700,L038791,2025-09-12,9464.67,Open
OP008701,L038793,2026-06-27,1854.87,Open
OP008702,L038794,2025-06-28,892.86,Closed Won
OP008703,L038796,2026-07-31,3404.19,Closed Lost
OP008704,L038803,2024-10-06,1196.39,Closed Won
OP008705,L038809,2024-09-26,1107.81,Closed Lost
OP008706,L038810,2024-03-29,1769.73,Closed Won
OP008707,L038811,2024-09-26,437.68,Open
OP008708,L038822,2026-08-15,2968.19,Closed Won
OP008709,L038826,2025-10-08,5356.84,Closed Won
OP008710,L038827,2024-05-12,2370.35,Closed Lost
OP008711,L038829,2024-11-30,12254.15,Open
OP008712,L038834,2026-05-18,2202.37,Open
OP008713,L038839,2024-12-21,8469.71,Open
OP008714,L038840,2026-07-19,4040.34,Open
OP008715,L038843,2025-08-22,2592.88,Closed Won
OP008716,L038852,2024-04-11,939.95,Closed Lost
OP008717,L038870,2025-04-18,7698.59,Closed Won
OP008718,L038879,2024-05-24,13519.76,Closed Lost
OP008719,L038880,2024-11-15,2972.18,Open
OP008720,L038889,2026-05-06,2204.33,Closed Won
OP008721,L038902,2025-09-23,1972.1,Open
OP008722,L038908,2026-03-21,1485.79,Closed Won
OP008723,L038912,2024-10-15,2949.3,Closed Won
OP008724,L038915,2026-08-03,1528.46,Open
OP008725,L038916,2025-04-22,6666.82,Closed Lost
OP008726,L038917,2026-02-01,1970.19,Closed Won
OP008727,L038920,2024-07-24,5698.33,Open
OP008728,L038927,2025-02-25,7186.9,Closed Won
OP008729,L038936,2024-09-23,965.62,Closed Lost
OP008730,L038939,2024-05-24,2631.13,Open
OP008731,L038945,2025-03-07,5899.29,Closed Won
OP008732,L038949,2024-04-26,833.34,Closed Lost
OP008733,L038966,2024-06-11,8255.98,Open
OP008734,L038968,2026-07-31,707.65,Closed Won
OP008735,L038973,2025-05-13,1072.08,Closed Won
OP008736,L038976,2025-07-18,2281.01,Open
OP008737,L038977,2025-06-19,5609.35,Closed Won
OP008738,L038978,2025-09-12,2013.1,Closed Won
OP008739,L038986,2026-03-02,1202.68,Open
OP008740,L038987,2026-07-05,1976.05,Open
OP008741,L038990,2026-04-20,3045.81,Open
OP008742,L038994,2024-02-25,1940.13,Closed Lost
OP008743,L038997,2026-03-06,923.95,Closed Lost
OP008744,L039000,2024-03-14,1707.29,Closed Won
OP008745,L039005,2025-02-24,8963.58,Closed Won
OP008746,L039006,2026-03-28,1251.61,Closed Won
OP008747,L039009,2024-06-14,3629.22,Closed Won
OP008748,L039015,2025-02-04,3098.07,Closed Lost
OP008749,L039020,2025-04-06,4304.84,Open
OP008750,L039032,2025-08-21,2927.9,Closed Lost
OP008751,L039038,2026-01-21,27643.1,Closed Won
OP008752,L039041,2025-10-12,1513.1,Closed Won
OP008753,L039045,2024-05-17,6734.94,Closed Lost
OP008754,L039046,2025-02-02,5234.29,Closed Won
OP008755,L039052,2024-10-27,20065.78,Closed Won
OP008756,L039055,2025-07-28,14238.83,Closed Won
OP008757,L039060,2026-09-14,2533.18,Closed Won
OP008758,L039061,2025-03-01,10588.21,Closed Won
OP008759,L039066,2024-11-22,3097.91,Closed Lost
OP008760,L039075,2024-09-19,17432.83,Closed Won
OP008761,L039076,2025-12-16,2690.53,Closed Lost
OP008762,L039081,2026-02-20,6014.42,Open
OP008763,L039085,2025-05-08,1084.77,Closed Lost
OP008764,L039088,2024-01-14,2949.17,Closed Won
OP008765,L039097,2026-09-19,2728.96,Closed Won
OP008766,L039101,2025-03-05,1041.36,Open
OP008767,L039103,2026-04-21,2281.47,Closed Won
OP008768,L039104,2024-04-21,13254.33,Closed Won
OP008769,L039105,2026-05-16,6750.8,Closed Lost
OP008770,L039111,2026-05-04,4849.42,Closed Lost
OP008771,L039114,2024-08-25,4157.37,Closed Won
OP008772,L039118,2024-04-05,2011.93,Closed Won
OP008773,L039122,2025-03-12,2111.93,Closed Won
OP008774,L039129,2025-06-02,2000.65,Closed Won
OP008775,L039131,2026-05-19,7553.99,Closed Won
OP008776,L039136,2025-02-01,6706.64,Closed Lost
OP008777,L039137,2024-02-13,1628.23,Closed Lost
OP008778,L039140,2026-07-05,7589.42,Closed Won
OP008779,L039141,2025-01-11,2830.38,Open
OP008780,L039148,2025-08-10,13457.3,Closed Won
OP008781,L039157,2026-08-31,651.78,Closed Won
OP008782,L039158,2025-04-26,7235.04,Closed Won
OP008783,L039173,2025-08-24,6336.59,Closed Lost
OP008784,L039178,2024-11-06,14851.46,Closed Won
OP008785,L039188,2024-04-30,11100.53,Closed Lost
OP008786,L039190,2025-05-03,1147.27,Closed Won
OP008787,L039196,2025-10-23,1141.89,Closed Lost
OP008788,L039198,2025-05-29,1250.72,Closed Won
OP008789,L039202,2025-02-19,8775.63,Closed Won
OP008790,L039225,2026-07-26,4407.83,Open
OP008791,L039228,2025-01-31,3352.19,Open
OP008792,L039233,2026-09-19,3192.22,Closed Won
OP008793,L039238,2025-12-31,1301.49,Closed Won
OP008794,L039240,2024-02-04,3727.74,Closed Lost
OP008795,L039248,2024-02-26,1462.94,Closed Won
OP008796,L039251,2024-08-28,11517.16,Closed Lost
OP008797,L039253,2026-06-04,2750.51,Closed Won
OP008798,L039254,2025-09-21,4304.46,Closed Won
OP008799,L039257,2025-12-06,8152.34,Closed Lost
OP008800,L039258,2026-01-31,59289.89,Closed Won
OP008801,L039262,2024-07-02,752.97,Closed Lost
OP008802,L039263,2025-01-21,7611.48,Closed Won
OP008803,L039271,2026-07-19,10759.93,Closed Won
OP008804,L039272,2025-06-22,14771.5,Open
OP008805,L039273,2024-08-18,5688.31,Open
OP008806,L039279,2025-05-08,2707.58,Closed Lost
OP008807,L039284,2024-05-29,6568.16,Open
OP008808,L039286,2025-08-29,4766.66,Open
OP008809,L039291,2026-06-28,5647.18,Closed Won
OP008810,L039292,2026-08-14,1605.42,Closed Lost
OP008811,L039295,2025-11-13,1294.02,Closed Lost
OP008812,L039300,2026-07-17,3233.86,Closed Won
OP008813,L039309,2025-03-25,5148.16,Open
OP008814,L039317,2026-08-13,1914.18,Closed Won
OP008815,L039322,2024-09-27,7801.76,Closed Won
OP008816,L039328,2024-04-28,2001.56,Open
OP008817,L039334,2025-01-05,1187.91,Closed Won
OP008818,L039343,2026-08-21,4177.37,Closed Won
OP008819,L039349,2025-04-21,9912.94,Open
OP008820,L039356,2026-04-23,417.78,Closed Won
OP008821,L039357,2024-04-10,1547.14,Open
OP008822,L039366,2025-11-29,1093.32,Closed Won
OP008823,L039372,2026-06-26,5379.91,Closed Lost
OP008824,L039373,2024-08-25,2215.51,Closed Won
OP008825,L039381,2024-12-22,1561.17,Closed Lost
OP008826,L039383,2025-02-26,1430.14,Closed Won
OP008827,L039386,2025-09-30,2139.57,Closed Lost
OP008828,L039387,2026-08-12,1866.98,Closed Won
OP008829,L039390,2024-03-30,9021.37,Closed Won
OP008830,L039392,2025-12-04,8019.2,Closed Won
OP008831,L039398,2026-09-05,25135.97,Closed Won
OP008832,L039416,2025-11-15,630.69,Closed Won
OP008833,L039421,2024-03-29,616.2,Closed Won
OP008834,L039427,2025-04-16,6569.24,Closed Won
OP008835,L039432,2025-02-28,5419.4,Closed Lost
OP008836,L039440,2024-09-23,2113.76,Closed Won
OP008837,L039442,2024-02-22,1295.54,Closed Won
OP008838,L039450,2025-08-18,2978.81,Closed Lost
OP008839,L039452,2024-09-06,6113.59,Closed Won
OP008840,L039458,2025-04-03,6588.66,Closed Won
OP008841,L039463,2025-05-13,3988.64,Closed Won
OP008842,L039464,2026-07-28,1610.81,Closed Lost
OP008843,L039465,2025-06-19,2743.64,Closed Won
OP008844,L039468,2024-09-24,5292.44,Closed Lost
OP008845,L039473,2025-06-16,403.19,Closed Won
OP008846,L039485,2026-04-20,2082.2,Closed Won
OP008847,L039489,2025-05-10,3445.28,Closed Won
OP008848,L039498,2025-08-27,31491.4,Closed Won
OP008849,L039500,2024-07-21,4968.36,Closed Lost
OP008850,L039504,2024-11-26,3120.71,Closed Won
OP008851,L039506,2026-07-05,5273.41,Closed Lost
OP008852,L039513,2024-05-27,2048.54,Closed Lost
OP008853,L039514,2026-08-12,13927.75,Closed Won
OP008854,L039515,2026-07-01,1702.04,Open
OP008855,L039517,2025-03-16,9756.87,Open
OP008856,L039521,2026-09-17,4080.33,Closed Won
OP008857,L039528,2024-06-19,733.2,Closed Won
OP008858,L039532,2025-12-15,1644.39,Closed Won
OP008859,L039534,2025-04-27,3454.69,Closed Lost
OP008860,L039540,2026-09-07,1624.6,Closed Lost
OP008861,L039542,2025-01-04,6229.38,Closed Won
OP008862,L039545,2025-09-10,738.19,Closed Won
OP008863,L039548,2026-02-08,1904.18,Closed Lost
OP008864,L039551,2026-01-02,19881.84,Closed Won
OP008865,L039554,2025-12-11,7709.64,Closed Won
OP008866,L039558,2025-10-10,2069.86,Closed Won
OP008867,L039559,2025-03-06,294.19,Closed Won
OP008868,L039563,2024-08-19,1422.19,Closed Lost
OP008869,L039566,2026-09-03,5508.48,Open
OP008870,L039567,2024-03-04,350.92,Closed Won
OP008871,L039571,2024-10-02,1670.58,Closed Lost
OP008872,L039573,2025-02-01,17824.93,Closed Won
OP008873,L039575,2026-02-27,397.97,Closed Won
OP008874,L039576,2026-03-22,3707.46,Closed Won
OP008875,L039584,2025-09-17,2568.81,Closed Won
OP008876,L039585,2024-05-26,693.0,Open
OP008877,L039586,2026-02-03,1109.13,Closed Won
OP008878,L039589,2025-01-31,894.73,Closed Lost
OP008879,L039591,2024-04-01,4295.23,Open
OP008880,L039595,2026-01-07,17778.64,Closed Won
OP008881,L039609,2025-09-05,3057.47,Open
OP008882,L039617,2024-09-26,14452.35,Closed Won
OP008883,L039620,2025-09-19,458.67,Closed Won
OP008884,L039627,2024-07-12,1710.36,Open
OP008885,L039630,2025-06-21,6895.04,Open
OP008886,L039636,2024-04-18,1687.73,Closed Lost
OP008887,L039642,2026-02-18,3021.74,Closed Won
OP008888,L039648,2024-08-16,775.84,Open
OP008889,L039655,2026-08-23,9060.21,Closed Won
OP008890,L039673,2024-03-02,5590.36,Closed Won
OP008891,L039677,2025-02-08,10375.45,Open
OP008892,L039678,2025-09-22,4156.47,Closed Won
OP008893,L039679,2025-11-27,1950.76,Closed Won
OP008894,L039691,2024-03-22,2651.27,Closed Lost
OP008895,L039692,2026-03-29,1705.73,Open
OP008896,L039698,2026-08-02,1631.15,Open
OP008897,L039703,2026-01-14,1399.44,Open
OP008898,L039704,2026-10-03,4217.61,Closed Won
OP008899,L039713,2026-08-21,1143.83,Closed Won
OP008900,L039714,2025-07-06,1171.69,Closed Lost
OP008901,L039715,2024-06-27,3435.12,Closed Won
OP008902,L039718,2026-02-08,1135.08,Open
OP008903,L039721,2024-03-04,666.91,Closed Won
OP008904,L039722,2024-05-01,15812.2,Closed Lost
OP008905,L039725,2025-03-09,1777.37,Open
OP008906,L039735,2026-09-03,1666.42,Closed Won
OP008907,L039736,2026-03-20,6986.85,Closed Won
OP008908,L039738,2025-02-25,19235.67,Closed Won
OP008909,L039739,2025-06-17,1204.43,Open
OP008910,L039740,2026-07-15,2763.63,Closed Won
OP008911,L039753,2024-01-27,842.88,Closed Won
OP008912,L039756,2026-07-28,2683.12,Closed Lost
OP008913,L039759,2026-04-08,4597.1,Closed Won
OP008914,L039762,2025-05-18,1324.54,Closed Won
OP008915,L039769,2024-10-17,995.14,Closed Won
OP008916,L039771,2025-04-19,23840.59,Closed Lost
OP008917,L039781,2026-04-18,921.81,Closed Lost
OP008918,L039783,2025-11-19,857.52,Closed Lost
OP008919,L039784,2025-07-25,9479.49,Closed Won
OP008920,L039787,2024-12-18,962.77,Closed Lost
OP008921,L039790,2025-02-21,5497.91,Closed Lost
OP008922,L039810,2024-06-08,6538.86,Closed Won
OP008923,L039815,2024-06-09,4581.09,Closed Won
OP008924,L039817,2024-11-26,4333.97,Open
OP008925,L039829,2026-09-05,6349.13,Closed Won
OP008926,L039832,2025-06-27,1144.07,Closed Won
OP008927,L039837,2024-10-30,4817.93,Closed Lost
OP008928,L039841,2025-11-15,5891.18,Closed Won
OP008929,L039842,2024-03-28,3826.41,Closed Won
OP008930,L039843,2026-04-01,1941.7,Closed Won
OP008931,L039844,2024-07-14,4125.35,Closed Won
OP008932,L039849,2025-02-01,14868.46,Closed Won
OP008933,L039859,2026-04-25,1368.23,Closed Won
OP008934,L039861,2026-03-22,250.0,Closed Lost
OP008935,L039865,2025-05-21,505.59,Closed Lost
OP008936,L039867,2025-04-10,1057.62,Open
OP008937,L039869,2026-04-16,760.48,Closed Won
OP008938,L039871,2024-08-16,474.19,Closed Won
OP008939,L039875,2026-07-18,1384.81,Closed Won
OP008940,L039878,2025-02-17,2603.07,Open
OP008941,L039879,2026-07-17,6445.27,Open
OP008942,L039881,2024-06-28,2532.09,Open
OP008943,L039888,2024-08-30,2153.44,Open
OP008944,L039889,2025-10-19,1278.51,Open
OP008945,L039890,2025-05-26,549.87,Closed Won
OP008946,L039891,2024-09-27,2541.74,Open
OP008947,L039893,2025-03-20,5420.27,Open
OP008948,L039898,2025-10-17,4816.76,Closed Lost
OP008949,L039904,2025-08-24,2148.09,Closed Won
OP008950,L039908,2024-12-19,1678.83,Closed Lost
OP008951,L039912,2025-06-13,2053.35,Closed Lost
OP008952,L039919,2026-02-25,16418.11,Open
OP008953,L039923,2024-07-22,2915.32,Closed Won
OP008954,L039927,2025-02-25,4199.05,Open
OP008955,L039933,2025-06-26,1328.06,Closed Won
OP008956,L039941,2024-07-19,8071.03,Closed Won
OP008957,L039950,2024-11-11,3725.96,Closed Won
OP008958,L039955,2025-11-07,2020.34,Closed Won
OP008959,L039956,2024-03-17,5268.31,Closed Won
OP008960,L039968,2024-12-23,4557.69,Closed Won
OP008961,L039969,2026-02-02,1253.27,Open
OP008962,L039976,2025-08-10,3108.77,Open
OP008963,L039978,2026-05-26,3663.17,Closed Won
OP008964,L039980,2024-05-02,7208.93,Closed Won
OP008965,L039984,2025-09-26,5699.49,Closed Won
OP008966,L039986,2025-12-09,11046.74,Closed Won
OP008967,L039989,2024-04-07,606.27,Closed Won
OP008968,L040001,2026-02-12,8550.7,Closed Won
OP008969,L040002,2025-01-25,1365.86,Closed Won
OP008970,L040005,2024-03-19,4455.43,Closed Lost
OP008971,L040016,2024-03-17,3173.08,Closed Won
OP008972,L040017,2024-12-29,7103.97,Closed Lost
OP008973,L040027,2024-03-27,3225.77,Open
OP008974,L040028,2026-04-08,1513.45,Open
OP008975,L040036,2026-07-06,1381.64,Closed Won
OP008976,L040042,2024-02-01,18175.5,Open
OP008977,L040045,2026-03-15,874.2,Open
OP008978,L040054,2024-03-21,3644.59,Open
OP008979,L040057,2024-05-01,8495.96,Open
OP008980,L040064,2024-07-03,4662.84,Closed Won
OP008981,L040069,2025-03-08,7991.92,Closed Won
OP008982,L040071,2024-11-18,5487.62,Closed Lost
OP008983,L040074,2026-06-21,2211.24,Closed Won
OP008984,L040101,2025-07-28,6332.91,Closed Won
OP008985,L040109,2025-11-23,1357.53,Closed Won
OP008986,L040111,2024-07-06,1080.56,Open
OP008987,L040115,2025-07-23,3664.42,Closed Won
OP008988,L040116,2024-11-03,1139.08,Closed Won
OP008989,L040122,2026-04-11,1409.62,Closed Won
OP008990,L040126,2024-07-15,1945.61,Closed Won
OP008991,L040130,2024-11-27,10364.48,Closed Won
OP008992,L040134,2026-08-01,1167.19,Open
OP008993,L040138,2025-03-27,5193.89,Closed Won
OP008994,L040139,2026-08-25,2257.17,Closed Won
OP008995,L040141,2026-08-01,3502.41,Closed Won
OP008996,L040143,2025-08-02,340.35,Closed Lost
OP008997,L040144,2024-04-16,1769.8,Closed Won
OP008998,L040147,2024-11-18,5238.01,Closed Won
OP008999,L040148,2026-03-12,2127.44,Closed Won
OP009000,L040149,2025-12-19,1969.56,Open
OP009001,L040156,2025-03-05,1461.94,Closed Won
OP009002,L040164,2024-02-05,642.56,Closed Won
OP009003,L040165,2026-08-05,6395.33,Closed Lost
OP009004,L040166,2024-07-05,6038.11,Open
OP009005,L040174,2025-03-11,21934.52,Closed Won
OP009006,L040176,2024-10-01,2610.84,Closed Won
OP009007,L040179,2025-11-15,3382.89,Closed Won
OP009008,L040190,2025-03-06,5203.58,Closed Won
OP009009,L040191,2025-02-05,820.99,Closed Lost
OP009010,L040193,2025-07-30,2334.22,Closed Lost
OP009011,L040207,2025-07-07,4075.27,Closed Won
OP009012,L040212,2025-04-14,1999.72,Open
OP009013,L040218,2026-03-30,3479.92,Open
OP009014,L040220,2026-03-25,26208.27,Closed Won
OP009015,L040224,2026-02-08,1946.88,Closed Won
OP009016,L040225,2025-10-22,5460.82,Closed Lost
OP009017,L040227,2024-03-06,2086.3,Open
OP009018,L040232,2024-03-01,1954.11,Closed Won
OP009019,L040234,2025-12-31,1495.34,Closed Won
OP009020,L040245,2024-05-03,877.46,Closed Lost
OP009021,L040249,2024-08-18,7476.42,Closed Won
OP009022,L040250,2025-11-15,2986.23,Closed Lost
OP009023,L040252,2025-10-04,969.15,Closed Won
OP009024,L040256,2024-05-30,1451.19,Closed Won
OP009025,L040262,2024-10-19,11580.34,Closed Lost
OP009026,L040263,2025-07-08,1681.35,Closed Won
OP009027,L040264,2026-04-12,3208.17,Closed Lost
OP009028,L040267,2025-10-31,16362.69,Closed Won
OP009029,L040269,2024-02-18,527.55,Closed Won
OP009030,L040273,2025-07-09,9237.66,Closed Won
OP009031,L040278,2024-10-03,1509.86,Closed Won
OP009032,L040279,2025-08-15,12607.77,Closed Won
OP009033,L040288,2025-07-07,3504.93,Closed Lost
OP009034,L040297,2024-01-25,763.24,Closed Lost
OP009035,L040304,2026-09-23,2281.03,Closed Won
OP009036,L040307,2026-06-05,2457.19,Closed Lost
OP009037,L040311,2024-11-17,2153.04,Closed Lost
OP009038,L040319,2025-12-28,5617.37,Open
OP009039,L040320,2025-06-23,6721.68,Closed Won
OP009040,L040321,2025-05-09,1170.7,Closed Won
OP009041,L040322,2025-02-18,908.64,Closed Won
OP009042,L040325,2025-12-29,1223.69,Closed Lost
OP009043,L040330,2024-04-03,943.57,Closed Lost
OP009044,L040331,2024-03-03,14068.18,Closed Won
OP009045,L040336,2025-09-17,8696.31,Closed Won
OP009046,L040339,2024-08-28,1330.18,Closed Won
OP009047,L040355,2024-01-23,617.67,Closed Won
OP009048,L040358,2024-12-03,11331.43,Closed Won
OP009049,L040360,2024-07-30,6078.47,Closed Lost
OP009050,L040371,2026-03-24,7034.78,Closed Won
OP009051,L040381,2025-05-24,9724.36,Closed Won
OP009052,L040389,2025-02-24,5974.86,Closed Won
OP009053,L040392,2025-03-14,10822.01,Closed Lost
OP009054,L040403,2025-10-22,1426.75,Closed Lost
OP009055,L040404,2024-08-18,5375.64,Closed Won
OP009056,L040409,2026-04-29,4806.18,Open
OP009057,L040410,2025-04-18,2380.07,Closed Won
OP009058,L040425,2025-11-16,8351.44,Closed Lost
OP009059,L040426,2024-08-11,1371.96,Closed Lost
OP009060,L040428,2025-02-03,3530.47,Closed Won
OP009061,L040431,2024-10-29,3885.28,Closed Won
OP009062,L040432,2025-12-30,1445.84,Closed Won
OP009063,L040439,2025-09-16,5713.75,Open
OP009064,L040444,2026-01-19,6658.57,Closed Won
OP009065,L040445,2025-08-09,4286.36,Closed Lost
OP009066,L040458,2024-12-05,1485.63,Closed Won
OP009067,L040467,2025-06-16,17829.61,Closed Won
OP009068,L040478,2024-01-06,1269.07,Closed Won
OP009069,L040480,2025-10-19,2291.7,Closed Won
OP009070,L040481,2024-07-09,3503.8,Closed Won
OP009071,L040482,2025-09-25,4756.55,Open
OP009072,L040485,2025-02-17,990.28,Closed Lost
OP009073,L040488,2026-04-18,5929.93,Closed Won
OP009074,L040489,2024-03-26,8571.36,Closed Won
OP009075,L040496,2024-03-14,3491.97,Closed Won
OP009076,L040499,2024-05-06,15452.07,Closed Won
OP009077,L040503,2025-08-18,3103.33,Closed Won
OP009078,L040507,2024-04-24,2485.9,Closed Won
OP009079,L040509,2025-06-24,4856.34,Closed Lost
OP009080,L040510,2024-06-22,521.26,Open
OP009081,L040512,2024-01-23,2562.33,Closed Won
OP009082,L040515,2024-11-04,2747.18,Closed Won
OP009083,L040524,2024-01-16,4249.63,Open
OP009084,L040533,2024-09-24,3700.35,Closed Won
OP009085,L040534,2024-05-30,3913.67,Closed Won
OP009086,L040546,2024-05-22,1863.48,Closed Lost
OP009087,L040548,2024-07-22,1835.7,Closed Lost
OP009088,L040559,2024-05-06,4706.43,Open
OP009089,L040560,2025-03-07,2544.73,Closed Lost
OP009090,L040562,2025-08-23,3637.9,Closed Won
OP009091,L040567,2026-03-27,827.27,Open
OP009092,L040572,2024-01-30,375.4,Open
OP009093,L040580,2025-07-01,4934.16,Closed Lost
OP009094,L040589,2025-06-30,1369.33,Open
OP009095,L040592,2025-12-25,3509.43,Closed Won
OP009096,L040599,2026-03-18,7872.54,Closed Lost
OP009097,L040611,2025-01-12,3243.05,Closed Won
OP009098,L040613,2025-02-28,3044.61,Closed Won
OP009099,L040615,2025-12-25,394.48,Closed Won
OP009100,L040617,2025-02-02,41472.78,Closed Won
OP009101,L040619,2025-11-20,4437.59,Closed Won
OP009102,L040621,2024-12-02,422.78,Closed Won
OP009103,L040626,2025-06-10,4561.69,Open
OP009104,L040627,2026-03-18,2407.62,Closed Won
OP009105,L040629,2025-01-02,849.72,Closed Won
OP009106,L040633,2024-12-06,4029.8,Closed Lost
OP009107,L040636,2026-04-18,919.09,Closed Won
OP009108,L040639,2026-03-13,934.07,Closed Won
OP009109,L040644,2025-06-17,827.16,Closed Won
OP009110,L040648,2024-01-27,6180.68,Closed Won
OP009111,L040656,2025-10-30,2618.83,Open
OP009112,L040658,2025-12-23,32286.72,Closed Won
OP009113,L040660,2025-11-06,3140.71,Closed Lost
OP009114,L040661,2024-04-04,1300.79,Closed Won
OP009115,L040668,2024-03-28,8820.68,Closed Won
OP009116,L040670,2026-01-14,2854.88,Closed Won
OP009117,L040674,2024-12-01,948.21,Closed Lost
OP009118,L040679,2024-04-20,15696.06,Closed Lost
OP009119,L040684,2025-04-02,2250.67,Closed Won
OP009120,L040688,2025-06-30,8177.32,Closed Lost
OP009121,L040689,2026-08-09,565.63,Closed Won
OP009122,L040691,2025-12-07,368.35,Closed Won
OP009123,L040703,2024-08-05,1153.05,Closed Won
OP009124,L040704,2024-11-17,8898.25,Closed Lost
OP009125,L040707,2025-09-29,1449.1,Open
OP009126,L040713,2026-07-22,488.26,Closed Won
OP009127,L040714,2024-06-12,1226.76,Closed Won
OP009128,L040715,2024-06-23,1859.47,Closed Won
OP009129,L040718,2025-12-15,10915.43,Closed Won
OP009130,L040728,2024-05-19,4461.42,Closed Won
OP009131,L040730,2024-08-03,1276.15,Closed Won
OP009132,L040741,2025-09-12,2522.48,Open
OP009133,L040744,2024-06-26,1071.54,Closed Won
OP009134,L040748,2026-10-02,3832.87,Closed Won
OP009135,L040751,2024-09-29,28018.21,Open
OP009136,L040757,2024-03-04,1410.11,Closed Won
OP009137,L040762,2026-02-06,1717.22,Closed Won
OP009138,L040778,2025-09-05,519.42,Closed Won
OP009139,L040782,2025-05-10,14631.15,Closed Lost
OP009140,L040784,2024-03-29,1616.76,Closed Won
OP009141,L040787,2025-12-05,1279.28,Closed Lost
OP009142,L040791,2024-02-22,6700.12,Open
OP009143,L040792,2026-05-15,1895.56,Closed Lost
OP009144,L040795,2025-10-02,1122.16,Closed Lost
OP009145,L040801,2025-03-25,1280.93,Closed Won
OP009146,L040802,2025-04-28,735.03,Closed Won
OP009147,L040805,2026-07-07,15729.82,Closed Won
OP009148,L040809,2026-06-23,12822.12,Closed Lost
OP009149,L040811,2025-10-31,5066.73,Closed Won
OP009150,L040817,2026-09-04,250.0,Closed Won
OP009151,L040831,2024-03-10,6597.96,Closed Won
OP009152,L040832,2026-03-20,8662.15,Closed Lost
OP009153,L040835,2026-01-06,4803.91,Closed Won
OP009154,L040840,2024-09-29,4143.09,Closed Won
OP009155,L040843,2024-01-20,2543.11,Closed Won
OP009156,L040846,2024-07-08,14395.5,Closed Won
OP009157,L040852,2024-09-04,4171.28,Open
OP009158,L040854,2024-04-05,1828.31,Closed Won
OP009159,L040856,2024-09-01,17045.73,Closed Won
OP009160,L040858,2024-06-14,2106.23,Open
OP009161,L040860,2026-08-15,1876.14,Open
OP009162,L040863,2025-10-06,12004.64,Closed Won
OP009163,L040873,2025-12-08,5136.59,Open
OP009164,L040879,2026-07-13,1284.35,Open
OP009165,L040882,2024-11-10,4566.61,Closed Lost
OP009166,L040886,2025-12-18,5453.3,Closed Won
OP009167,L040891,2024-03-11,41727.21,Closed Won
OP009168,L040893,2025-02-11,250.0,Open
OP009169,L040894,2024-08-06,27173.82,Open
OP009170,L040897,2025-07-04,31423.05,Closed Won
OP009171,L040911,2026-03-12,9070.02,Closed Won
OP009172,L040919,2024-12-26,516.96,Closed Lost
OP009173,L040921,2026-07-18,2370.74,Open
OP009174,L040928,2025-11-28,27490.66,Closed Won
OP009175,L040933,2025-09-13,2580.84,Open
OP009176,L040934,2024-01-11,2740.96,Closed Lost
OP009177,L040935,2024-11-27,25099.58,Closed Lost
OP009178,L040942,2025-04-20,4013.02,Closed Won
OP009179,L040946,2025-05-15,6096.33,Closed Lost
OP009180,L040950,2025-07-06,3749.89,Closed Won
OP009181,L040952,2026-09-10,2388.46,Closed Won
OP009182,L040954,2025-07-15,1170.71,Closed Won
OP009183,L040960,2025-05-27,2658.54,Closed Won
OP009184,L040963,2025-02-28,12236.27,Open
OP009185,L040966,2024-04-25,10440.23,Closed Won
OP009186,L040968,2024-04-10,1726.22,Closed Won
OP009187,L040990,2025-12-17,1064.25,Closed Won
OP009188,L041001,2025-01-30,1877.39,Closed Won
OP009189,L041004,2025-10-15,14432.44,Closed Won
OP009190,L041005,2025-01-28,3553.17,Closed Won
OP009191,L041007,2024-07-23,3806.88,Closed Won
OP009192,L041015,2024-10-29,1173.53,Open
OP009193,L041019,2025-10-17,1288.58,Open
OP009194,L041020,2024-12-22,22573.14,Closed Lost
OP009195,L041025,2026-07-08,1161.84,Closed Lost
OP009196,L041030,2024-09-05,2652.58,Closed Won
OP009197,L041031,2026-03-02,2742.25,Closed Won
OP009198,L041041,2025-05-10,10896.68,Closed Won
OP009199,L041042,2026-04-10,2133.99,Closed Won
OP009200,L041048,2026-05-22,1258.77,Closed Won
OP009201,L041051,2025-05-25,2818.99,Closed Lost
OP009202,L041055,2025-08-01,3436.13,Open
OP009203,L041073,2025-10-28,7108.04,Closed Won
OP009204,L041088,2026-09-25,10698.02,Closed Won
OP009205,L041092,2025-08-03,2148.63,Open
OP009206,L041093,2024-04-06,1443.6,Closed Lost
OP009207,L041098,2025-10-05,908.0,Closed Won
OP009208,L041099,2026-01-19,1110.61,Closed Won
OP009209,L041112,2025-05-16,3102.91,Closed Won
OP009210,L041118,2026-08-05,16025.64,Open
OP009211,L041124,2025-10-24,12773.54,Closed Won
OP009212,L041127,2026-08-28,3910.27,Open
OP009213,L041134,2025-02-03,1674.93,Closed Won
OP009214,L041136,2024-06-27,1614.3,Closed Won
OP009215,L041139,2025-05-27,1332.81,Closed Won
OP009216,L041142,2024-03-23,834.74,Closed Won
OP009217,L041145,2026-09-01,7344.24,Open
OP009218,L041146,2026-08-17,955.42,Closed Won
OP009219,L041149,2026-04-18,680.79,Open
OP009220,L041153,2024-07-22,3186.72,Closed Won
OP009221,L041155,2024-11-28,4795.7,Open
OP009222,L041157,2024-02-19,982.72,Closed Won
OP009223,L041161,2024-08-20,1246.81,Open
OP009224,L041162,2024-02-14,7854.72,Closed Won
OP009225,L041166,2025-03-14,342.79,Closed Lost
OP009226,L041169,2025-03-18,2177.78,Closed Lost
OP009227,L041171,2024-01-18,1218.15,Closed Won
OP009228,L041172,2025-12-16,1569.59,Open
OP009229,L041173,2024-05-17,4352.82,Open
OP009230,L041181,2025-02-06,8147.54,Open
OP009231,L041185,2025-02-16,3163.03,Closed Won
OP009232,L041186,2025-03-30,1842.34,Closed Won
OP009233,L041187,2024-03-25,2254.92,Open
OP009234,L041188,2026-06-09,1698.95,Closed Won
OP009235,L041189,2025-03-14,4704.31,Closed Lost
OP009236,L041190,2025-07-25,2088.29,Open
OP009237,L041205,2025-05-17,11048.17,Closed Won
OP009238,L041222,2026-01-11,8978.12,Open
OP009239,L041223,2024-11-04,10826.97,Closed Won
OP009240,L041232,2025-12-07,919.34,Closed Won
OP009241,L041237,2025-08-30,16311.9,Closed Won
OP009242,L041246,2025-06-20,1337.0,Closed Won
OP009243,L041251,2026-04-17,404.92,Open
OP009244,L041258,2025-02-22,1102.75,Closed Won
OP009245,L041260,2025-03-12,3006.54,Closed Won
OP009246,L041267,2024-06-24,1337.56,Closed Won
OP009247,L041272,2025-12-08,3602.87,Closed Won
OP009248,L041273,2026-04-30,10454.81,Open
OP009249,L041278,2024-08-02,30951.76,Closed Won
OP009250,L041280,2026-06-22,1544.06,Closed Won
OP009251,L041282,2024-08-27,1821.5,Open
OP009252,L041284,2024-01-07,10693.07,Closed Won
OP009253,L041287,2026-03-20,3090.75,Closed Won
OP009254,L041294,2025-10-06,5986.4,Closed Won
OP009255,L041297,2026-03-09,2323.18,Closed Lost
OP009256,L041299,2026-03-18,1995.99,Closed Won
OP009257,L041300,2024-05-21,5089.11,Closed Lost
OP009258,L041304,2025-08-25,1786.67,Closed Won
OP009259,L041317,2024-04-07,471.12,Closed Won
OP009260,L041330,2025-09-30,15501.82,Closed Won
OP009261,L041332,2026-07-16,49718.34,Closed Won
OP009262,L041334,2026-06-02,599.46,Open
OP009263,L041341,2025-11-16,3207.35,Closed Won
OP009264,L041342,2024-09-21,14950.8,Closed Lost
OP009265,L041343,2026-07-29,2577.91,Open
OP009266,L041350,2025-04-25,396.72,Closed Won
OP009267,L041354,2024-03-22,3080.99,Open
OP009268,L041359,2026-05-02,2605.01,Open
OP009269,L041362,2025-06-02,4425.47,Open
OP009270,L041363,2025-10-29,3234.81,Closed Won
OP009271,L041366,2025-10-11,2241.28,Closed Won
OP009272,L041369,2026-09-20,3295.06,Open
OP009273,L041372,2024-04-08,8429.88,Open
OP009274,L041383,2024-02-18,11176.36,Closed Lost
OP009275,L041387,2025-09-23,2574.55,Closed Won
OP009276,L041388,2025-10-12,1068.12,Closed Won
OP009277,L041392,2024-04-19,278.85,Open
OP009278,L041393,2025-06-15,5701.2,Closed Won
OP009279,L041405,2025-01-05,3940.99,Closed Lost
OP009280,L041406,2025-03-20,16650.71,Closed Won
OP009281,L041409,2024-08-07,3658.18,Open
OP009282,L041410,2024-12-23,860.58,Closed Won
OP009283,L041416,2024-04-28,5665.74,Closed Won
OP009284,L041418,2024-03-26,1521.59,Closed Lost
OP009285,L041421,2026-06-13,3064.77,Closed Won
OP009286,L041424,2024-08-28,1472.29,Closed Lost
OP009287,L041425,2025-07-09,3677.52,Closed Won
OP009288,L041429,2024-09-30,3420.23,Closed Won
OP009289,L041446,2024-12-06,5449.21,Open
OP009290,L041448,2026-03-13,5475.71,Closed Won
OP009291,L041449,2024-04-10,3988.7,Closed Won
OP009292,L041450,2025-05-03,1981.6,Closed Won
OP009293,L041454,2026-01-03,1807.33,Closed Won
OP009294,L041456,2026-05-20,1503.64,Closed Lost
OP009295,L041468,2025-07-30,1948.65,Closed Lost
OP009296,L041473,2026-03-04,1044.72,Closed Won
OP009297,L041474,2026-07-02,2828.78,Open
OP009298,L041480,2026-04-12,1390.15,Open
OP009299,L041481,2026-09-29,6730.18,Closed Won
OP009300,L041491,2026-05-25,9142.94,Closed Won
OP009301,L041492,2024-07-15,427.02,Closed Won
OP009302,L041494,2025-04-02,2789.77,Closed Won
OP009303,L041495,2024-07-12,4493.43,Closed Lost
OP009304,L041496,2026-02-14,7489.5,Closed Lost
OP009305,L041497,2026-01-01,11988.39,Closed Won
OP009306,L041501,2024-08-28,4346.43,Open
OP009307,L041506,2025-04-17,8398.46,Closed Won
OP009308,L041518,2024-05-18,4082.39,Closed Won
OP009309,L041520,2026-03-16,5754.5,Closed Won
OP009310,L041523,2024-03-07,6043.54,Open
OP009311,L041539,2026-09-14,1232.76,Open
OP009312,L041540,2024-02-08,13431.14,Closed Won
OP009313,L041542,2026-05-29,1054.18,Closed Won
OP009314,L041544,2024-03-27,1021.08,Closed Lost
OP009315,L041545,2026-09-27,6871.65,Closed Won
OP009316,L041548,2024-07-27,6137.11,Closed Won
OP009317,L041550,2025-01-08,900.15,Open
OP009318,L041555,2026-03-02,2107.67,Closed Won
OP009319,L041557,2024-11-05,2939.64,Closed Lost
OP009320,L041562,2025-09-02,4176.2,Closed Lost
OP009321,L041565,2024-09-24,2150.77,Closed Lost
OP009322,L041569,2025-04-21,6217.43,Open
OP009323,L041589,2025-12-15,19489.49,Closed Won
OP009324,L041605,2025-02-06,2578.71,Closed Won
OP009325,L041610,2025-08-23,5404.09,Closed Won
OP009326,L041612,2025-12-09,250.0,Open
OP009327,L041614,2026-07-07,5811.84,Closed Won
OP009328,L041620,2026-03-17,5949.35,Closed Won
OP009329,L041622,2026-01-29,2419.51,Closed Lost
OP009330,L041632,2025-09-09,12148.19,Closed Lost
OP009331,L041639,2025-07-15,1552.55,Closed Won
OP009332,L041641,2026-03-13,797.78,Closed Won
OP009333,L041642,2025-10-27,390.47,Closed Won
OP009334,L041645,2026-04-12,2623.99,Closed Lost
OP009335,L041646,2026-07-17,676.46,Closed Won
OP009336,L041647,2025-10-24,5216.79,Closed Won
OP009337,L041650,2024-12-26,1679.54,Closed Won
OP009338,L041651,2024-11-03,2120.18,Closed Won
OP009339,L041654,2026-09-07,3394.79,Closed Won
OP009340,L041655,2026-04-10,4920.47,Closed Won
OP009341,L041658,2026-01-22,9796.39,Open
OP009342,L041659,2024-03-29,1541.39,Closed Lost
OP009343,L041660,2025-06-14,882.18,Closed Won
OP009344,L041662,2025-02-14,4927.06,Closed Won
OP009345,L041668,2025-02-04,3654.47,Closed Lost
OP009346,L041669,2026-08-08,4686.47,Closed Lost
OP009347,L041671,2026-03-17,417.59,Open
OP009348,L041673,2026-01-26,2765.85,Closed Lost
OP009349,L041680,2024-05-20,5809.8,Closed Won
OP009350,L041692,2024-06-18,711.34,Open
OP009351,L041694,2024-02-07,2762.21,Open
OP009352,L041700,2026-03-15,2650.58,Closed Lost
OP009353,L041703,2024-03-17,2622.89,Closed Lost
OP009354,L041709,2025-01-01,4308.01,Closed Won
OP009355,L041712,2026-06-11,1689.84,Open
OP009356,L041713,2024-11-28,1723.58,Open
OP009357,L041715,2026-07-29,3147.64,Open
OP009358,L041720,2026-08-02,2158.29,Closed Lost
OP009359,L041730,2024-10-25,5714.63,Closed Won
OP009360,L041744,2025-10-28,2837.42,Closed Won
OP009361,L041747,2024-03-09,2121.13,Closed Won
OP009362,L041748,2025-04-23,994.79,Closed Won
OP009363,L041749,2024-12-20,5342.1,Closed Won
OP009364,L041750,2025-01-30,7196.49,Closed Won
OP009365,L041751,2025-05-11,4219.73,Open
OP009366,L041755,2025-01-23,2294.57,Open
OP009367,L041756,2025-11-16,4499.46,Closed Won
OP009368,L041757,2025-12-10,11514.65,Closed Lost
OP009369,L041764,2025-01-29,1971.13,Closed Lost
OP009370,L041772,2024-03-06,1197.49,Closed Won
OP009371,L041773,2024-12-06,11888.28,Closed Lost
OP009372,L041781,2026-04-17,1680.36,Closed Won
OP009373,L041784,2024-10-07,1471.59,Closed Won
OP009374,L041785,2026-01-04,1309.09,Closed Lost
OP009375,L041790,2024-10-12,1901.71,Closed Lost
OP009376,L041791,2026-03-06,634.53,Open
OP009377,L041798,2025-11-25,3785.82,Closed Lost
OP009378,L041808,2024-03-15,1065.32,Closed Won
OP009379,L041816,2025-03-24,31664.42,Open
OP009380,L041828,2024-09-24,1288.66,Open
OP009381,L041842,2026-01-14,3665.39,Closed Won
OP009382,L041845,2024-09-07,1844.19,Closed Won
OP009383,L041852,2025-01-29,3213.59,Open
OP009384,L041855,2025-04-27,2623.04,Closed Won
OP009385,L041857,2026-08-26,2716.16,Closed Won
OP009386,L041859,2025-01-26,1880.97,Closed Lost
OP009387,L041860,2025-04-25,1991.38,Closed Lost
OP009388,L041862,2026-09-03,2277.15,Closed Won
OP009389,L041863,2025-02-08,3500.69,Closed Lost
OP009390,L041864,2024-02-09,1461.1,Open
OP009391,L041873,2025-08-05,3068.4,Closed Lost
OP009392,L041875,2026-02-01,1370.62,Closed Won
OP009393,L041876,2026-07-02,2014.84,Closed Won
OP009394,L041882,2025-06-24,666.75,Closed Lost
OP009395,L041884,2024-11-13,1470.12,Closed Lost
OP009396,L041898,2024-11-02,4633.13,Closed Won
OP009397,L041903,2024-10-15,4277.85,Closed Won
OP009398,L041908,2025-01-02,5326.4,Open
OP009399,L041911,2025-10-22,12685.54,Open
OP009400,L041913,2026-03-06,14573.98,Closed Lost
OP009401,L041914,2025-07-07,8121.37,Closed Lost
OP009402,L041916,2026-07-24,1292.14,Closed Won
OP009403,L041918,2026-03-03,2187.92,Closed Won
OP009404,L041931,2024-12-29,847.4,Closed Won
OP009405,L041932,2026-05-10,550.67,Closed Lost
OP009406,L041933,2024-12-20,12310.53,Closed Lost
OP009407,L041935,2026-09-03,1306.23,Open
OP009408,L041943,2026-08-13,1836.96,Closed Won
OP009409,L041948,2025-03-31,1977.21,Closed Lost
OP009410,L041951,2025-07-31,2914.6,Closed Won
OP009411,L041954,2024-06-29,4970.47,Closed Won
OP009412,L041957,2025-05-24,927.49,Closed Won
OP009413,L041958,2026-05-08,7723.52,Closed Won
OP009414,L041961,2026-10-01,2073.74,Closed Won
OP009415,L041962,2025-10-22,2532.99,Closed Lost
OP009416,L041967,2024-03-14,2637.47,Closed Won
OP009417,L041971,2026-03-26,1250.24,Open
OP009418,L041977,2026-03-09,1479.15,Open
OP009419,L041978,2026-04-23,4614.98,Closed Won
OP009420,L041979,2025-12-19,1980.11,Closed Won
OP009421,L041984,2024-03-24,8457.07,Closed Won
OP009422,L041994,2024-10-24,1028.71,Closed Won
OP009423,L041995,2025-02-16,3098.71,Closed Lost
OP009424,L042000,2025-11-11,5855.81,Closed Won
OP009425,L042013,2025-02-24,2513.63,Open
OP009426,L042015,2026-01-16,569.55,Closed Lost
OP009427,L042024,2025-04-25,8174.61,Open
OP009428,L042027,2024-11-18,760.18,Closed Lost
OP009429,L042031,2026-01-05,8196.86,Closed Won
OP009430,L042035,2024-10-30,591.25,Closed Won
OP009431,L042036,2024-05-25,6893.03,Open
OP009432,L042038,2024-05-30,4659.14,Closed Won
OP009433,L042042,2025-05-27,4711.8,Open
OP009434,L042046,2025-11-17,3281.19,Closed Won
OP009435,L042054,2026-03-20,1198.53,Closed Won
OP009436,L042055,2024-09-09,7630.75,Closed Lost
OP009437,L042060,2024-02-21,1789.7,Closed Won
OP009438,L042061,2024-04-10,2960.58,Open
OP009439,L042063,2025-11-21,10696.21,Closed Won
OP009440,L042066,2024-03-26,1559.86,Closed Won
OP009441,L042069,2024-12-17,2066.26,Closed Won
OP009442,L042071,2025-08-06,9558.8,Closed Won
OP009443,L042075,2025-02-19,2919.42,Closed Won
OP009444,L042091,2025-10-20,3730.93,Closed Won
OP009445,L042094,2024-01-23,4219.57,Closed Won
OP009446,L042095,2025-04-04,1269.6,Closed Won
OP009447,L042103,2026-06-12,4078.88,Closed Won
OP009448,L042104,2026-07-08,11717.97,Closed Won
OP009449,L042105,2024-04-02,3553.27,Closed Won
OP009450,L042109,2024-05-18,10008.81,Closed Won
OP009451,L042115,2024-06-17,3729.01,Open
OP009452,L042119,2024-11-26,4209.84,Closed Won
OP009453,L042123,2025-06-17,525.83,Closed Lost
OP009454,L042135,2025-05-23,2759.53,Closed Lost
OP009455,L042136,2024-06-22,5946.53,Closed Won
OP009456,L042138,2025-05-10,4722.12,Closed Lost
OP009457,L042142,2026-05-01,784.95,Closed Won
OP009458,L042146,2025-12-11,988.42,Closed Won
OP009459,L042151,2024-10-18,339.69,Closed Won
OP009460,L042159,2025-01-20,18378.89,Closed Won
OP009461,L042170,2024-03-04,8758.86,Open
OP009462,L042181,2026-08-17,6249.62,Closed Won
OP009463,L042183,2025-10-02,3032.44,Closed Won
OP009464,L042197,2026-05-14,17861.58,Closed Won
OP009465,L042205,2024-06-08,2369.75,Closed Won
OP009466,L042212,2025-11-19,10652.6,Closed Won
OP009467,L042217,2024-06-10,3060.82,Closed Won
OP009468,L042218,2024-06-25,39785.64,Open
OP009469,L042219,2025-03-25,874.02,Open
OP009470,L042222,2025-11-19,7148.4,Closed Won
OP009471,L042225,2024-12-31,1752.19,Closed Won
OP009472,L042227,2025-04-02,250.0,Closed Won
OP009473,L042229,2026-06-20,6112.53,Closed Lost
OP009474,L042231,2025-07-03,916.55,Closed Lost
OP009475,L042232,2025-10-16,757.41,Closed Won
OP009476,L042233,2025-06-21,339.51,Closed Won
OP009477,L042246,2026-04-29,3110.82,Closed Won
OP009478,L042251,2024-09-13,883.15,Closed Won
OP009479,L042252,2025-06-24,1212.82,Closed Won
OP009480,L042254,2025-11-19,4069.43,Open
OP009481,L042259,2024-03-27,747.3,Closed Won
OP009482,L042264,2026-06-15,2234.74,Closed Won
OP009483,L042268,2026-08-12,1200.43,Open
OP009484,L042290,2026-01-21,1510.18,Open
OP009485,L042300,2024-06-05,2538.93,Closed Won
OP009486,L042308,2026-05-23,1582.24,Open
OP009487,L042309,2024-09-06,1859.52,Closed Won
OP009488,L042312,2025-06-17,831.95,Open
OP009489,L042319,2024-03-03,1856.97,Closed Won
OP009490,L042321,2025-02-10,1250.79,Closed Won
OP009491,L042326,2024-07-19,5118.2,Closed Lost
OP009492,L042328,2026-06-09,3080.3,Open
OP009493,L042331,2025-03-03,1804.47,Closed Lost
OP009494,L042335,2025-05-31,12081.46,Closed Won
OP009495,L042338,2024-09-06,941.57,Closed Lost
OP009496,L042347,2024-04-29,1693.08,Closed Lost
OP009497,L042349,2024-07-08,1460.81,Closed Won
OP009498,L042352,2025-04-13,14031.07,Closed Won
OP009499,L042355,2024-09-13,416.37,Closed Won
OP009500,L042360,2025-05-05,6133.1,Closed Lost
OP009501,L042361,2026-01-21,18004.95,Closed Won
OP009502,L042363,2025-01-15,8041.79,Closed Won
OP009503,L042367,2024-09-29,474.91,Open
OP009504,L042372,2024-07-04,2033.33,Closed Won
OP009505,L042376,2024-10-08,861.71,Closed Won
OP009506,L042380,2024-03-07,7460.44,Closed Won
OP009507,L042383,2026-01-23,942.7,Closed Won
OP009508,L042384,2025-12-01,4860.51,Closed Won
OP009509,L042392,2026-05-28,1078.65,Closed Won
OP009510,L042397,2025-03-04,16689.22,Closed Lost
OP009511,L042398,2024-10-31,1370.65,Open
OP009512,L042400,2025-01-04,3201.67,Closed Won
OP009513,L042411,2024-09-30,3973.4,Closed Lost
OP009514,L042420,2024-03-15,12047.71,Closed Won
OP009515,L042434,2026-08-09,24301.28,Closed Won
OP009516,L042443,2024-11-06,2978.7,Closed Won
OP009517,L042444,2025-05-17,1706.76,Closed Won
OP009518,L042445,2026-05-08,3859.03,Closed Won
OP009519,L042448,2025-07-09,13851.1,Closed Won
OP009520,L042449,2025-12-21,4034.96,Open
OP009521,L042456,2024-05-15,4832.44,Open
OP009522,L042460,2025-01-15,8026.62,Closed Won
OP009523,L042462,2026-08-21,1664.43,Closed Won
OP009524,L042468,2024-12-10,926.95,Closed Lost
OP009525,L042470,2026-06-27,2457.82,Closed Lost
OP009526,L042482,2025-05-07,13651.49,Closed Won
OP009527,L042484,2025-10-31,16719.72,Closed Won
OP009528,L042488,2026-03-19,1192.14,Closed Lost
OP009529,L042490,2024-07-17,1146.63,Closed Won
OP009530,L042492,2025-03-15,10833.01,Open
OP009531,L042493,2026-04-30,1054.18,Closed Won
OP009532,L042497,2026-05-29,567.44,Closed Lost
OP009533,L042506,2024-12-05,8052.1,Closed Lost
OP009534,L042507,2024-04-30,1127.15,Closed Won
OP009535,L042508,2024-03-24,2742.74,Open
OP009536,L042514,2024-08-26,1137.88,Closed Lost
OP009537,L042518,2024-11-16,9377.92,Open
OP009538,L042525,2025-07-04,3102.78,Open
OP009539,L042531,2025-07-08,2198.0,Closed Lost
OP009540,L042533,2026-08-07,1015.94,Closed Won
OP009541,L042541,2024-05-31,5628.33,Closed Won
OP009542,L042554,2026-03-26,1590.88,Closed Lost
OP009543,L042558,2024-02-08,26285.21,Open
OP009544,L042568,2025-08-30,1380.47,Closed Lost
OP009545,L042570,2026-04-22,10248.68,Open
OP009546,L042572,2025-11-07,2420.29,Closed Won
OP009547,L042582,2025-03-31,3689.88,Closed Won
OP009548,L042583,2024-12-03,1049.69,Closed Won
OP009549,L042586,2025-01-03,12782.63,Closed Lost
OP009550,L042597,2024-08-22,436.24,Closed Won
OP009551,L042605,2026-03-02,5057.43,Open
OP009552,L042606,2025-07-18,2193.2,Closed Won
OP009553,L042609,2025-03-14,2760.19,Closed Lost
OP009554,L042611,2025-04-06,2364.54,Closed Won
OP009555,L042623,2025-07-22,2474.12,Closed Won
OP009556,L042624,2024-02-23,6470.86,Closed Won
OP009557,L042627,2024-10-22,9032.43,Open
OP009558,L042632,2024-12-01,2186.51,Closed Lost
OP009559,L042652,2026-08-22,9609.4,Open
OP009560,L042667,2025-07-26,3530.87,Closed Won
OP009561,L042675,2025-12-06,17392.16,Closed Won
OP009562,L042676,2024-05-12,3170.03,Closed Won
OP009563,L042678,2026-04-17,4573.48,Closed Won
OP009564,L042682,2025-03-26,1332.57,Closed Won
OP009565,L042683,2024-07-23,1285.97,Closed Won
OP009566,L042696,2025-04-13,2026.39,Closed Won
OP009567,L042698,2024-06-06,834.76,Closed Lost
OP009568,L042699,2024-02-13,19625.95,Closed Lost
OP009569,L042704,2026-08-31,4123.04,Closed Won
OP009570,L042710,2026-01-06,811.79,Closed Lost
OP009571,L042712,2024-07-11,9238.29,Closed Lost
OP009572,L042714,2026-08-16,525.81,Closed Won
OP009573,L042715,2025-06-02,2233.84,Closed Lost
OP009574,L042719,2024-09-14,1247.12,Closed Won
OP009575,L042733,2024-04-10,3225.13,Closed Won
OP009576,L042740,2025-03-14,1469.43,Closed Won
OP009577,L042743,2025-06-28,994.58,Closed Won
OP009578,L042746,2024-02-24,1193.54,Closed Lost
OP009579,L042747,2026-07-25,9807.53,Closed Won
OP009580,L042770,2026-07-18,2935.8,Closed Won
OP009581,L042772,2025-04-17,1553.31,Closed Lost
OP009582,L042773,2025-05-28,2889.29,Closed Won
OP009583,L042774,2026-04-19,5887.73,Open
OP009584,L042781,2024-02-17,1372.38,Open
OP009585,L042783,2025-07-25,5033.15,Closed Lost
OP009586,L042785,2024-02-15,6598.02,Closed Lost
OP009587,L042791,2025-07-29,6851.52,Closed Won
OP009588,L042792,2025-02-09,13996.25,Open
OP009589,L042805,2025-02-03,2740.59,Closed Won
OP009590,L042807,2026-01-21,11470.72,Closed Lost
OP009591,L042812,2025-01-28,10151.39,Closed Lost
OP009592,L042818,2026-08-03,18988.47,Closed Won
OP009593,L042820,2025-07-21,609.66,Closed Won
OP009594,L042821,2024-07-12,2999.41,Closed Won
OP009595,L042837,2025-12-03,5126.6,Open
OP009596,L042839,2026-02-01,2900.78,Open
OP009597,L042857,2024-06-21,1464.08,Open
OP009598,L042858,2025-04-06,3646.93,Closed Won
OP009599,L042860,2024-11-24,38687.16,Closed Lost
OP009600,L042861,2025-10-22,4793.81,Open
OP009601,L042876,2025-06-28,1790.52,Closed Won
OP009602,L042878,2024-02-29,676.87,Closed Won
OP009603,L042881,2024-04-15,457.24,Closed Won
OP009604,L042886,2024-02-25,2989.35,Closed Won
OP009605,L042887,2024-10-21,4665.54,Closed Won
OP009606,L042902,2024-12-10,10340.67,Closed Won
OP009607,L042907,2026-04-09,12241.68,Open
OP009608,L042908,2026-08-05,4025.43,Closed Won
OP009609,L042911,2025-08-29,11055.86,Closed Lost
OP009610,L042913,2025-02-28,254.25,Closed Won
OP009611,L042914,2024-09-24,6704.9,Closed Won
OP009612,L042924,2024-04-25,4894.38,Closed Won
OP009613,L042930,2025-12-21,4346.13,Closed Won
OP009614,L042933,2025-07-26,2278.52,Closed Won
OP009615,L042935,2026-09-04,5757.09,Closed Won
OP009616,L042947,2024-02-10,2732.35,Closed Won
OP009617,L042948,2025-09-22,637.06,Closed Lost
OP009618,L042970,2025-11-04,6517.12,Closed Won
OP009619,L042993,2024-02-20,10996.92,Closed Won
OP009620,L042999,2025-10-29,1621.7,Closed Won
OP009621,L043001,2024-11-02,3506.36,Closed Won
OP009622,L043010,2026-03-22,3650.46,Closed Won
OP009623,L043012,2024-11-23,2608.94,Closed Won
OP009624,L043022,2024-05-03,6075.62,Open
OP009625,L043023,2026-01-10,250.0,Closed Won
OP009626,L043027,2025-05-04,6045.99,Closed Won
OP009627,L043037,2025-07-30,393.48,Closed Won
OP009628,L043038,2024-02-23,15156.37,Closed Won
OP009629,L043040,2024-08-06,1958.85,Closed Won
OP009630,L043043,2024-03-08,1048.05,Open
OP009631,L043047,2024-07-25,901.68,Closed Lost
OP009632,L043049,2024-03-19,5923.91,Closed Won
OP009633,L043056,2025-11-15,2714.41,Closed Won
OP009634,L043057,2024-07-01,15825.52,Closed Won
OP009635,L043062,2025-05-11,10697.49,Open
OP009636,L043066,2026-01-22,961.47,Closed Lost
OP009637,L043069,2024-05-07,1586.13,Closed Won
OP009638,L043074,2026-04-15,3958.36,Closed Won
OP009639,L043080,2025-05-04,2574.19,Open
OP009640,L043093,2024-02-16,853.15,Closed Lost
OP009641,L043094,2025-04-06,6980.53,Closed Won
OP009642,L043096,2026-04-14,10195.94,Closed Won
OP009643,L043098,2024-10-29,4439.08,Closed Won
OP009644,L043101,2025-02-13,2424.92,Closed Lost
OP009645,L043108,2024-12-29,62408.37,Closed Won
OP009646,L043117,2024-07-27,4759.41,Open
OP009647,L043120,2024-04-01,3889.14,Open
OP009648,L043144,2026-05-02,3738.26,Closed Won
OP009649,L043145,2026-03-31,3443.76,Closed Won
OP009650,L043153,2024-04-27,4214.42,Closed Won
OP009651,L043158,2025-10-23,10668.78,Closed Won
OP009652,L043160,2026-01-27,1672.18,Closed Lost
OP009653,L043163,2025-02-25,4633.03,Closed Won
OP009654,L043168,2026-04-24,4449.33,Closed Won
OP009655,L043169,2026-09-08,3830.07,Closed Won
OP009656,L043171,2024-07-06,4302.43,Closed Won
OP009657,L043183,2024-09-27,10295.24,Closed Lost
OP009658,L043184,2025-07-27,4863.64,Closed Lost
OP009659,L043188,2025-10-18,3710.5,Closed Won
OP009660,L043190,2026-07-21,9960.86,Open
OP009661,L043192,2026-07-01,7553.87,Closed Won
OP009662,L043204,2025-09-14,1726.66,Closed Won
OP009663,L043205,2024-07-11,3080.2,Open
OP009664,L043207,2024-02-26,6377.66,Closed Won
OP009665,L043211,2025-11-25,911.79,Closed Won
OP009666,L043212,2025-10-08,8846.05,Closed Lost
OP009667,L043213,2024-11-05,14476.87,Closed Won
OP009668,L043214,2025-02-18,4153.73,Closed Lost
OP009669,L043215,2025-09-08,763.51,Closed Won
OP009670,L043222,2026-05-07,6539.4,Closed Won
OP009671,L043231,2024-07-04,5386.74,Closed Lost
OP009672,L043232,2024-01-27,1179.85,Closed Won
OP009673,L043238,2025-06-06,827.53,Closed Lost
OP009674,L043239,2025-05-03,26853.62,Closed Lost
OP009675,L043242,2026-07-02,4946.18,Open
OP009676,L043243,2025-06-17,8469.84,Closed Won
OP009677,L043245,2024-12-27,2144.17,Closed Lost
OP009678,L043246,2025-07-16,2723.87,Closed Won
OP009679,L043248,2025-05-22,2666.99,Closed Won
OP009680,L043249,2024-10-21,1236.62,Open
OP009681,L043251,2024-03-06,1392.65,Closed Won
OP009682,L043252,2024-07-21,1206.89,Closed Lost
OP009683,L043253,2025-04-05,5089.77,Closed Won
OP009684,L043254,2025-09-20,5922.63,Closed Won
OP009685,L043256,2025-03-17,2825.58,Closed Won
OP009686,L043258,2024-07-19,1338.91,Closed Lost
OP009687,L043260,2026-05-06,6289.4,Closed Lost
OP009688,L043261,2025-01-10,1948.48,Closed Won
OP009689,L043264,2024-11-07,1969.31,Open
OP009690,L043266,2025-08-03,3014.02,Closed Won
OP009691,L043270,2026-08-14,8285.79,Closed Won
OP009692,L043272,2025-05-30,14348.09,Closed Lost
OP009693,L043274,2025-01-12,5872.48,Closed Lost
OP009694,L043277,2024-03-01,3424.78,Closed Won
OP009695,L043278,2024-04-10,12183.02,Open
OP009696,L043298,2026-02-28,1162.16,Open
OP009697,L043300,2025-08-29,740.98,Closed Won
OP009698,L043304,2024-08-18,9504.65,Closed Lost
OP009699,L043307,2026-05-18,2731.54,Closed Lost
OP009700,L043316,2026-02-09,1484.92,Closed Won
OP009701,L043317,2024-01-26,1664.09,Closed Lost
OP009702,L043322,2024-05-18,2817.54,Closed Won
OP009703,L043324,2024-12-16,13510.95,Closed Won
OP009704,L043327,2024-11-11,250.0,Closed Won
OP009705,L043331,2025-09-26,2639.28,Closed Won
OP009706,L043332,2026-01-31,13196.44,Closed Lost
OP009707,L043336,2025-12-19,861.8,Open
OP009708,L043345,2025-11-29,2800.09,Closed Won
OP009709,L043346,2025-10-28,3564.55,Open
OP009710,L043347,2026-04-15,3063.41,Closed Won
OP009711,L043351,2025-02-18,7474.76,Closed Won
OP009712,L043352,2025-05-04,3030.19,Open
OP009713,L043357,2026-04-13,2630.59,Closed Won
OP009714,L043359,2026-05-02,3800.7,Closed Won
OP009715,L043365,2026-07-22,12332.28,Closed Won
OP009716,L043366,2025-12-21,260.1,Closed Won
OP009717,L043381,2026-02-26,5113.94,Closed Won
OP009718,L043383,2025-04-20,577.01,Closed Lost
OP009719,L043385,2026-03-12,4207.31,Closed Won
OP009720,L043390,2025-12-06,4550.61,Open
OP009721,L043392,2024-05-20,1117.57,Closed Won
OP009722,L043398,2025-07-16,2223.59,Closed Won
OP009723,L043401,2026-06-30,16685.08,Closed Won
OP009724,L043406,2024-03-25,3896.88,Open
OP009725,L043408,2025-07-17,2955.81,Closed Won
OP009726,L043412,2024-05-17,4040.52,Open
OP009727,L043424,2026-08-16,10108.45,Closed Won
OP009728,L043430,2025-06-22,2901.57,Closed Won
OP009729,L043433,2026-02-28,3133.22,Closed Lost
OP009730,L043435,2025-10-23,1029.25,Closed Won
OP009731,L043439,2026-03-12,6944.58,Closed Won
OP009732,L043440,2024-04-24,10735.45,Closed Won
OP009733,L043444,2026-04-02,2359.19,Closed Lost
OP009734,L043445,2026-05-14,5630.77,Closed Won
OP009735,L043448,2026-06-06,1751.37,Closed Lost
OP009736,L043450,2025-03-29,2811.06,Open
OP009737,L043451,2025-02-08,899.38,Closed Won
OP009738,L043453,2026-08-01,2441.05,Closed Won
OP009739,L043455,2025-07-27,2382.34,Closed Won
OP009740,L043463,2026-01-20,8440.11,Open
OP009741,L043469,2026-04-21,650.0,Closed Lost
OP009742,L043473,2024-05-31,3559.27,Closed Won
OP009743,L043476,2024-04-27,5017.41,Closed Won
OP009744,L043488,2025-07-24,14675.67,Open
OP009745,L043490,2025-03-21,6803.4,Closed Won
OP009746,L043493,2025-01-23,19698.46,Closed Won
OP009747,L043496,2024-02-13,2404.65,Open
OP009748,L043497,2024-11-20,4375.35,Closed Won
OP009749,L043500,2024-04-07,30461.91,Open
OP009750,L043501,2025-10-09,1882.0,Closed Lost
OP009751,L043511,2025-07-29,7821.13,Closed Won
OP009752,L043512,2025-09-03,8457.46,Closed Won
OP009753,L043523,2025-11-11,6140.23,Open
OP009754,L043525,2026-06-20,446.12,Closed Won
OP009755,L043527,2024-01-29,1140.74,Closed Won
OP009756,L043534,2025-09-04,1883.16,Closed Lost
OP009757,L043535,2024-10-11,947.01,Open
OP009758,L043536,2025-08-03,2920.33,Open
OP009759,L043549,2025-12-24,4171.52,Closed Won
OP009760,L043556,2024-05-14,6389.19,Closed Won
OP009761,L043563,2025-05-17,250.0,Open
OP009762,L043564,2025-09-25,1008.52,Open
OP009763,L043565,2026-03-26,11664.81,Closed Won
OP009764,L043569,2025-08-19,4580.44,Open
OP009765,L043581,2026-06-13,3250.84,Closed Won
OP009766,L043585,2024-05-14,2511.69,Closed Won
OP009767,L043587,2024-04-09,10059.57,Closed Won
OP009768,L043589,2025-12-26,66250.67,Closed Won
OP009769,L043591,2026-07-28,18965.62,Closed Won
OP009770,L043601,2026-08-28,4940.74,Closed Won
OP009771,L043602,2026-05-07,2407.09,Closed Won
OP009772,L043607,2024-01-30,2707.89,Closed Won
OP009773,L043608,2024-12-25,5738.86,Closed Won
OP009774,L043627,2024-08-12,5746.72,Closed Lost
OP009775,L043635,2024-11-28,2233.93,Closed Won
OP009776,L043639,2024-02-11,21474.2,Closed Won
OP009777,L043641,2025-06-14,9679.18,Closed Lost
OP009778,L043643,2025-04-13,4374.87,Closed Won
OP009779,L043648,2024-09-23,7868.74,Closed Won
OP009780,L043651,2025-08-05,862.28,Closed Lost
OP009781,L043652,2025-09-04,11354.67,Closed Won
OP009782,L043654,2026-01-29,1008.38,Closed Won
OP009783,L043656,2025-03-28,10398.41,Closed Lost
OP009784,L043657,2026-08-27,4402.74,Closed Won
OP009785,L043659,2025-09-24,2370.13,Closed Won
OP009786,L043668,2024-06-04,5931.36,Closed Won
OP009787,L043673,2026-09-01,5653.57,Closed Lost
OP009788,L043675,2026-06-06,4526.14,Closed Won
OP009789,L043679,2026-07-11,282.08,Closed Won
OP009790,L043680,2026-08-21,1436.88,Open
OP009791,L043681,2025-02-18,4001.45,Open
OP009792,L043684,2025-02-06,1027.05,Closed Won
OP009793,L043685,2026-07-29,2096.29,Open
OP009794,L043686,2026-06-13,19284.94,Closed Won
OP009795,L043687,2025-11-18,6653.9,Closed Lost
OP009796,L043698,2026-03-27,3834.48,Closed Won
OP009797,L043699,2025-07-08,1382.78,Closed Lost
OP009798,L043710,2024-11-17,1966.35,Closed Won
OP009799,L043712,2025-12-07,3159.58,Closed Won
OP009800,L043715,2026-07-18,17975.81,Closed Won
OP009801,L043720,2024-08-13,11220.07,Closed Won
OP009802,L043723,2025-10-10,707.7,Closed Won
OP009803,L043726,2025-05-08,9763.7,Closed Won
OP009804,L043728,2025-07-05,6382.87,Closed Won
OP009805,L043730,2025-01-28,774.6,Closed Won
OP009806,L043736,2024-07-18,1816.49,Closed Won
OP009807,L043740,2025-10-14,365.45,Open
OP009808,L043744,2026-05-29,5573.28,Closed Won
OP009809,L043746,2024-07-30,2761.36,Closed Won
OP009810,L043747,2026-03-13,2040.79,Closed Won
OP009811,L043750,2025-08-05,2405.77,Open
OP009812,L043753,2025-05-12,7686.11,Closed Lost
OP009813,L043768,2025-07-21,16119.99,Open
OP009814,L043775,2026-04-20,768.05,Closed Won
OP009815,L043778,2026-01-22,12482.14,Closed Won
OP009816,L043780,2024-07-27,3237.09,Closed Lost
OP009817,L043797,2025-06-19,5821.09,Closed Won
OP009818,L043799,2025-11-30,757.8,Closed Won
OP009819,L043802,2025-03-18,4061.26,Closed Won
OP009820,L043804,2025-03-10,1290.62,Closed Won
OP009821,L043805,2026-06-08,13758.24,Closed Won
OP009822,L043809,2024-05-23,3839.22,Open
OP009823,L043810,2024-12-22,13814.99,Closed Won
OP009824,L043812,2025-11-18,2506.84,Closed Won
OP009825,L043824,2024-07-01,1769.53,Closed Won
OP009826,L043831,2026-06-19,2497.65,Closed Lost
OP009827,L043832,2025-10-17,1564.21,Closed Won
OP009828,L043845,2025-01-26,3942.04,Closed Won
OP009829,L043846,2025-04-16,5477.87,Closed Lost
OP009830,L043850,2025-01-17,7334.33,Closed Won
OP009831,L043855,2024-08-30,1294.17,Open
OP009832,L043865,2025-09-29,3868.93,Closed Lost
OP009833,L043873,2025-04-25,2776.66,Closed Won
OP009834,L043874,2026-01-18,4354.46,Closed Won
OP009835,L043890,2025-12-25,5218.2,Closed Won
OP009836,L043897,2025-04-20,1056.37,Open
OP009837,L043898,2025-12-17,6619.96,Closed Won
OP009838,L043899,2025-11-16,16433.71,Closed Won
OP009839,L043900,2024-08-25,1895.81,Closed Lost
OP009840,L043911,2025-04-26,11066.56,Open
OP009841,L043913,2025-02-24,1280.35,Closed Won
OP009842,L043922,2026-09-25,7006.83,Closed Lost
OP009843,L043924,2025-07-03,3320.94,Open
OP009844,L043931,2026-05-01,2643.73,Closed Won
OP009845,L043937,2025-12-20,10300.3,Open
OP009846,L043940,2025-12-21,1829.59,Closed Won
OP009847,L043941,2025-02-19,4416.96,Open
OP009848,L043953,2024-08-24,978.24,Closed Won
OP009849,L043973,2024-03-25,4063.12,Closed Won
OP009850,L043976,2026-03-21,9358.02,Closed Won
OP009851,L043980,2024-04-07,2790.48,Closed Won
OP009852,L043984,2025-02-07,25383.62,Closed Won
OP009853,L043986,2026-06-18,1764.97,Closed Lost
OP009854,L043991,2025-04-06,5668.11,Closed Won
OP009855,L043992,2024-09-08,2968.79,Closed Lost
OP009856,L043996,2024-12-17,10896.67,Closed Won
OP009857,L043997,2026-09-12,646.19,Open
OP009858,L044000,2024-05-23,1348.37,Closed Won
OP009859,L044005,2025-11-01,496.75,Closed Won
OP009860,L044008,2024-05-02,4041.45,Open
OP009861,L044012,2024-10-12,7910.26,Closed Won
OP009862,L044025,2024-06-04,3399.8,Open
OP009863,L044033,2024-05-23,6283.86,Open
OP009864,L044038,2024-05-07,1886.18,Open
OP009865,L044051,2025-04-01,3592.52,Closed Won
OP009866,L044054,2025-03-22,79655.93,Closed Won
OP009867,L044055,2025-04-13,5743.96,Closed Lost
OP009868,L044064,2025-08-14,1249.02,Closed Lost
OP009869,L044072,2025-01-27,3807.49,Open
OP009870,L044073,2025-07-21,2445.23,Open
OP009871,L044075,2025-03-31,656.66,Closed Won
OP009872,L044077,2025-10-30,4200.2,Closed Won
OP009873,L044078,2025-09-27,8936.39,Closed Won
OP009874,L044081,2026-03-19,5162.0,Closed Won
OP009875,L044083,2024-08-21,581.73,Closed Lost
OP009876,L044085,2025-02-25,3433.18,Closed Lost
OP009877,L044094,2024-09-24,929.16,Closed Won
OP009878,L044097,2025-07-10,8806.02,Closed Lost
OP009879,L044098,2026-03-01,5657.37,Closed Lost
OP009880,L044106,2025-12-15,5161.74,Closed Won
OP009881,L044108,2025-08-24,657.19,Closed Won
OP009882,L044111,2025-09-16,3358.18,Open
OP009883,L044116,2025-05-29,5584.74,Closed Won
OP009884,L044122,2024-02-04,2038.07,Open
OP009885,L044126,2025-01-30,9226.77,Open
OP009886,L044131,2026-05-23,2879.83,Closed Won
OP009887,L044132,2025-05-01,9264.04,Closed Won
OP009888,L044134,2026-05-20,2217.58,Open
OP009889,L044136,2025-12-08,1480.06,Closed Lost
OP009890,L044139,2025-08-09,2106.28,Open
OP009891,L044142,2024-10-14,7289.08,Closed Won
OP009892,L044145,2024-12-28,1557.71,Closed Won
OP009893,L044147,2026-06-16,27819.25,Closed Won
OP009894,L044156,2024-12-06,7842.26,Closed Won
OP009895,L044160,2024-12-29,1377.83,Closed Won
OP009896,L044161,2025-12-09,4456.3,Closed Won
OP009897,L044164,2026-06-24,6503.52,Open
OP009898,L044165,2024-04-13,8341.99,Open
OP009899,L044166,2024-11-16,1974.4,Closed Won
OP009900,L044172,2024-10-22,1274.93,Closed Won
OP009901,L044174,2026-09-06,1046.39,Open
OP009902,L044177,2025-10-11,16873.26,Closed Won
OP009903,L044180,2025-09-17,1740.69,Closed Won
OP009904,L044181,2024-09-20,1334.53,Closed Won
OP009905,L044182,2024-09-18,447.52,Closed Won
OP009906,L044189,2024-05-09,4067.86,Open
OP009907,L044191,2026-01-04,1776.89,Closed Won
OP009908,L044204,2025-06-24,593.29,Closed Won
OP009909,L044206,2026-06-27,2559.34,Closed Won
OP009910,L044208,2024-02-26,1124.46,Closed Won
OP009911,L044210,2024-09-23,2158.4,Closed Lost
OP009912,L044214,2024-01-27,2280.34,Closed Won
OP009913,L044224,2026-03-04,1329.61,Open
OP009914,L044225,2025-08-18,3324.95,Open
OP009915,L044229,2026-03-12,1905.94,Closed Won
OP009916,L044231,2024-10-31,3036.03,Open
OP009917,L044234,2024-11-15,1670.77,Open
OP009918,L044242,2024-07-25,10900.65,Closed Lost
OP009919,L044246,2026-09-28,1172.26,Closed Won
OP009920,L044253,2025-12-16,6261.9,Closed Won
OP009921,L044255,2025-09-15,1961.58,Open
OP009922,L044258,2025-03-24,6108.61,Closed Won
OP009923,L044259,2024-12-09,1920.37,Closed Won
OP009924,L044263,2026-06-04,17131.22,Open
OP009925,L044264,2025-11-04,3602.37,Closed Lost
OP009926,L044269,2026-01-26,1502.16,Open
OP009927,L044274,2025-02-22,1247.59,Closed Won
OP009928,L044276,2025-09-29,922.66,Closed Won
OP009929,L044280,2026-01-21,8318.89,Closed Lost
OP009930,L044281,2025-05-03,7785.92,Open
OP009931,L044284,2024-06-20,2613.59,Closed Won
OP009932,L044292,2026-07-21,4407.99,Open
OP009933,L044301,2026-05-14,4967.13,Closed Won
OP009934,L044302,2024-04-29,1272.87,Closed Won
OP009935,L044310,2026-04-23,1966.14,Closed Won
OP009936,L044315,2024-07-31,8487.32,Closed Lost
OP009937,L044320,2026-01-18,3504.57,Closed Won
OP009938,L044326,2026-05-24,1256.52,Closed Won
OP009939,L044327,2025-01-31,1613.22,Closed Won
OP009940,L044328,2026-03-28,7647.75,Closed Won
OP009941,L044330,2024-03-28,4843.88,Closed Won
OP009942,L044332,2025-02-23,777.93,Closed Won
OP009943,L044335,2024-06-29,6501.47,Closed Won
OP009944,L044340,2025-09-14,7931.86,Closed Won
OP009945,L044345,2024-10-07,5975.29,Open
OP009946,L044359,2024-11-21,1035.67,Closed Won
OP009947,L044365,2025-12-16,1385.24,Closed Won
OP009948,L044370,2024-03-05,2440.0,Closed Won
OP009949,L044375,2025-07-10,5758.49,Closed Won
OP009950,L044388,2024-05-11,8370.41,Open
OP009951,L044390,2026-05-09,3504.63,Open
OP009952,L044400,2026-01-04,4404.47,Open
OP009953,L044401,2024-10-24,4607.64,Closed Won
OP009954,L044406,2024-05-25,6766.14,Closed Lost
OP009955,L044409,2025-03-20,943.15,Open
OP009956,L044410,2025-08-16,1065.37,Closed Won
OP009957,L044413,2024-07-13,4615.16,Closed Won
OP009958,L044418,2024-09-05,1027.93,Closed Won
OP009959,L044425,2026-03-01,1018.31,Closed Won
OP009960,L044428,2026-09-07,9691.13,Closed Won
OP009961,L044430,2025-08-06,650.12,Closed Lost
OP009962,L044431,2025-10-22,1606.17,Open
OP009963,L044446,2024-04-09,6855.64,Closed Won
OP009964,L044451,2025-01-22,1268.42,Closed Lost
OP009965,L044455,2026-01-13,3127.59,Open
OP009966,L044456,2025-06-27,6601.65,Closed Won
OP009967,L044459,2026-08-09,610.69,Closed Won
OP009968,L044461,2024-11-29,3835.39,Closed Won
OP009969,L044473,2024-07-19,9812.45,Open
OP009970,L044480,2026-09-03,12880.7,Open
OP009971,L044482,2025-06-19,2804.31,Closed Won
OP009972,L044505,2024-08-08,6178.36,Closed Won
OP009973,L044511,2024-01-29,2864.88,Closed Won
OP009974,L044516,2025-12-05,250.0,Closed Won
OP009975,L044527,2025-05-14,5569.24,Closed Won
OP009976,L044528,2024-08-03,657.09,Closed Won
OP009977,L044532,2024-03-23,5325.29,Closed Won
OP009978,L044539,2024-11-21,6243.26,Closed Won
OP009979,L044542,2025-06-25,2196.35,Closed Lost
OP009980,L044543,2025-08-09,2341.6,Closed Won
OP009981,L044548,2026-07-31,2621.81,Closed Won
OP009982,L044549,2024-05-02,1256.2,Closed Won
OP009983,L044550,2025-05-22,11990.27,Closed Won
OP009984,L044553,2026-08-06,3385.69,Open
OP009985,L044557,2026-02-15,1856.14,Open
OP009986,L044559,2024-05-25,2502.72,Closed Lost
OP009987,L044563,2026-01-29,3769.76,Closed Won
OP009988,L044564,2026-04-28,5609.41,Closed Won
OP009989,L044575,2025-09-26,2478.47,Closed Won
OP009990,L044576,2024-09-30,6091.81,Closed Lost
OP009991,L044582,2026-08-23,4172.26,Closed Won
OP009992,L044588,2024-09-25,1966.94,Open
OP009993,L044595,2025-01-15,250.0,Closed Won
OP009994,L044597,2024-03-19,6257.54,Closed Won
OP009995,L044602,2024-09-29,3418.45,Closed Won
OP009996,L044603,2026-09-02,906.03,Closed Won
OP009997,L044605,2024-12-23,7762.57,Closed Won
OP009998,L044606,2024-02-18,2520.87,Open
OP009999,L044616,2025-01-13,2206.0,Closed Won
OP010000,L044617,2026-07-23,1080.75,Closed Lost
OP010001,L044618,2026-08-22,2964.64,Closed Lost
OP010002,L044620,2026-06-15,4092.47,Closed Won
OP010003,L044621,2024-10-30,17969.1,Open
OP010004,L044629,2024-02-24,2009.85,Open
OP010005,L044636,2026-01-03,4325.4,Closed Won
OP010006,L044647,2024-11-15,3277.65,Closed Won
OP010007,L044649,2026-04-09,1507.65,Closed Won
OP010008,L044651,2024-03-05,4218.16,Closed Won
OP010009,L044655,2026-09-02,2957.52,Closed Won
OP010010,L044658,2024-02-15,1500.15,Closed Won
OP010011,L044677,2026-09-10,2124.51,Closed Won
OP010012,L044682,2024-09-13,862.4,Closed Won
OP010013,L044685,2026-01-20,2195.86,Open
OP010014,L044687,2024-04-19,8005.59,Closed Lost
OP010015,L044688,2026-02-08,2422.05,Open
OP010016,L044701,2025-05-06,2688.36,Closed Won
OP010017,L044708,2026-04-03,8703.62,Open
OP010018,L044715,2025-12-12,9572.98,Closed Lost
OP010019,L044722,2024-05-22,1613.12,Closed Won
OP010020,L044725,2024-10-19,2031.11,Closed Won
OP010021,L044731,2025-07-19,4135.55,Closed Won
OP010022,L044745,2026-06-11,3008.64,Closed Lost
OP010023,L044750,2026-04-27,3021.84,Closed Won
OP010024,L044754,2026-02-15,4314.32,Closed Won
OP010025,L044758,2026-05-01,3405.18,Closed Lost
OP010026,L044759,2026-07-30,10217.15,Closed Won
OP010027,L044761,2025-04-22,2509.42,Open
OP010028,L044763,2025-05-09,4822.87,Closed Won
OP010029,L044766,2025-06-07,2338.41,Closed Won
OP010030,L044770,2025-10-13,5407.25,Open
OP010031,L044772,2025-05-30,1672.53,Closed Won
OP010032,L044773,2024-06-03,848.34,Open
OP010033,L044775,2024-07-11,5315.54,Closed Won
OP010034,L044784,2025-12-04,24071.86,Closed Lost
OP010035,L044787,2024-08-04,12060.08,Closed Lost
OP010036,L044789,2026-01-05,508.07,Closed Won
OP010037,L044804,2026-08-01,8426.35,Closed Won
OP010038,L044806,2025-12-06,6742.98,Closed Lost
OP010039,L044807,2025-06-14,4076.08,Closed Won
OP010040,L044811,2026-09-06,2724.51,Closed Won
OP010041,L044814,2026-09-02,11380.23,Closed Won
OP010042,L044821,2024-09-10,9919.16,Closed Lost
OP010043,L044822,2024-12-18,714.42,Closed Won
OP010044,L044825,2026-06-10,2205.73,Closed Won
OP010045,L044826,2024-05-18,1167.86,Closed Won
OP010046,L044830,2024-07-07,1506.53,Closed Won
OP010047,L044837,2024-10-06,9759.7,Closed Won
OP010048,L044849,2026-09-18,997.99,Open
OP010049,L044858,2024-11-14,6304.99,Closed Won
OP010050,L044864,2024-04-28,5170.28,Open
OP010051,L044866,2026-01-11,12363.93,Closed Won
OP010052,L044868,2026-05-19,5375.42,Open
OP010053,L044869,2026-04-02,1419.6,Closed Won
OP010054,L044871,2026-05-02,14241.7,Closed Won
OP010055,L044874,2024-06-21,3703.87,Open
OP010056,L044877,2026-01-20,4328.81,Closed Won
OP010057,L044880,2025-06-28,3444.95,Closed Won
OP010058,L044882,2025-08-17,5220.84,Closed Lost
OP010059,L044884,2024-06-13,2051.67,Closed Won
OP010060,L044885,2024-12-08,17284.47,Open
OP010061,L044888,2026-06-01,3632.92,Closed Won
OP010062,L044889,2026-02-12,1016.99,Closed Lost
OP010063,L044890,2026-06-14,1046.8,Open
OP010064,L044892,2025-10-07,952.17,Open
OP010065,L044895,2025-07-19,5478.75,Closed Won
OP010066,L044900,2025-08-30,60834.79,Closed Won
OP010067,L044902,2024-10-01,1491.31,Closed Won
OP010068,L044904,2025-01-28,1744.66,Closed Lost
OP010069,L044907,2024-11-25,11107.66,Closed Won
OP010070,L044908,2025-11-30,1521.16,Closed Won
OP010071,L044910,2026-04-27,28008.17,Closed Won
OP010072,L044914,2024-09-04,684.31,Closed Won
OP010073,L044920,2024-10-23,1639.71,Closed Lost
OP010074,L044923,2025-03-18,875.18,Open
OP010075,L044924,2025-12-17,5367.26,Closed Lost
OP010076,L044925,2025-04-19,902.14,Open
OP010077,L044926,2025-03-29,370.53,Closed Lost
OP010078,L044929,2025-06-22,2775.73,Closed Won
OP010079,L044936,2024-12-01,5697.53,Closed Won
OP010080,L044942,2026-09-24,3491.84,Closed Won
OP010081,L044953,2024-12-02,13436.27,Closed Lost
OP010082,L044963,2024-10-29,4347.19,Closed Won
OP010083,L044968,2025-09-08,10229.01,Closed Won
OP010084,L044981,2026-01-28,3359.35,Closed Won
OP010085,L044992,2026-07-24,4180.22,Closed Won
OP010086,L044998,2024-11-15,1012.23,Closed Lost
OP010087,L045001,2026-03-29,1768.95,Closed Won
OP010088,L045005,2024-06-09,2480.39,Closed Lost
OP010089,L045010,2025-01-06,9342.83,Closed Won
OP010090,L045012,2025-06-20,4337.19,Closed Won
OP010091,L045013,2026-02-11,5581.47,Closed Won
OP010092,L045014,2026-04-18,2244.99,Open
OP010093,L045017,2025-02-18,478.92,Closed Won
OP010094,L045018,2024-10-20,703.92,Closed Won
OP010095,L045019,2024-09-23,1884.04,Closed Won
OP010096,L045022,2026-06-05,4281.04,Closed Won
OP010097,L045023,2024-11-24,4918.13,Open
OP010098,L045025,2025-12-22,1075.49,Closed Won
OP010099,L045033,2024-02-08,1247.43,Closed Won
OP010100,L045042,2025-11-06,1534.84,Closed Won
OP010101,L045044,2026-04-05,1284.24,Closed Lost
OP010102,L045051,2025-02-26,1864.01,Closed Lost
OP010103,L045058,2026-08-31,2629.88,Closed Lost
OP010104,L045061,2024-05-08,7335.12,Closed Won
OP010105,L045070,2026-07-10,5510.81,Closed Won
OP010106,L045075,2026-06-17,1925.86,Closed Lost
OP010107,L045079,2025-02-08,8361.67,Closed Lost
OP010108,L045081,2025-04-27,4245.55,Closed Lost
OP010109,L045086,2026-05-24,1574.86,Closed Won
OP010110,L045090,2025-07-08,3321.25,Closed Won
OP010111,L045097,2025-05-03,2404.06,Open
OP010112,L045109,2025-09-10,796.42,Closed Won
OP010113,L045112,2024-07-15,1611.67,Closed Won
OP010114,L045113,2026-04-23,6680.07,Closed Won
OP010115,L045114,2025-05-17,3186.56,Closed Won
OP010116,L045134,2026-07-14,3525.41,Closed Won
OP010117,L045136,2026-03-24,2274.74,Open
OP010118,L045139,2026-03-01,3891.09,Closed Lost
OP010119,L045140,2026-08-06,5593.76,Closed Lost
OP010120,L045145,2026-04-14,774.51,Closed Won
OP010121,L045156,2026-04-16,1797.62,Open
OP010122,L045158,2026-03-14,2855.18,Closed Lost
OP010123,L045165,2025-08-11,968.02,Closed Lost
OP010124,L045166,2025-04-10,964.32,Open
OP010125,L045172,2025-09-07,1557.4,Closed Won
OP010126,L045178,2024-08-25,588.1,Closed Won
OP010127,L045180,2025-11-18,35111.62,Closed Won
OP010128,L045183,2025-03-01,1574.73,Open
OP010129,L045184,2024-08-18,2246.68,Closed Lost
OP010130,L045187,2026-02-09,2280.35,Closed Lost
OP010131,L045191,2024-02-22,2085.59,Closed Won
OP010132,L045196,2024-11-07,2297.37,Closed Won
OP010133,L045208,2026-04-16,988.68,Closed Won
OP010134,L045210,2025-08-19,7869.63,Closed Lost
OP010135,L045213,2024-09-21,35441.26,Open
OP010136,L045215,2025-10-05,875.44,Closed Lost
OP010137,L045217,2025-08-14,1434.72,Closed Won
OP010138,L045220,2025-09-09,4964.91,Closed Won
OP010139,L045222,2025-12-27,1264.42,Open
OP010140,L045223,2026-09-13,1393.0,Open
OP010141,L045226,2024-11-03,2949.18,Open
OP010142,L045227,2025-03-16,3127.4,Closed Lost
OP010143,L045231,2026-03-09,18853.85,Closed Lost
OP010144,L045234,2024-02-27,2020.8,Closed Won
OP010145,L045236,2025-12-12,1147.41,Open
OP010146,L045239,2025-04-02,630.23,Closed Won
OP010147,L045243,2024-02-09,1239.72,Closed Won
OP010148,L045248,2025-12-14,971.35,Closed Won
OP010149,L045250,2025-05-04,1226.85,Closed Won
OP010150,L045256,2026-07-28,1153.35,Closed Won
OP010151,L045263,2024-05-19,8622.65,Closed Won
OP010152,L045282,2025-08-25,1354.23,Closed Won
OP010153,L045293,2025-07-11,8289.47,Closed Lost
OP010154,L045309,2026-02-09,19590.76,Open
OP010155,L045325,2026-02-09,6357.27,Open
OP010156,L045341,2025-05-03,9218.24,Closed Won
OP010157,L045342,2024-12-13,7705.66,Open
OP010158,L045350,2025-12-15,4302.02,Open
OP010159,L045370,2025-10-14,1317.82,Open
OP010160,L045371,2025-03-19,2332.43,Open
OP010161,L045375,2025-02-24,23180.0,Open
OP010162,L045377,2025-08-13,6022.49,Closed Won
OP010163,L045379,2026-06-12,8322.24,Closed Won
OP010164,L045380,2025-12-06,14779.3,Open
OP010165,L045381,2024-07-01,5607.85,Open
OP010166,L045382,2024-08-16,1084.61,Closed Won
OP010167,L045392,2025-03-02,1046.56,Closed Won
OP010168,L045398,2025-06-04,4942.6,Open
OP010169,L045405,2026-04-11,6618.03,Closed Won
OP010170,L045408,2025-10-23,18736.07,Closed Won
OP010171,L045412,2026-07-18,1162.83,Closed Won
OP010172,L045423,2025-10-03,909.37,Closed Won
OP010173,L045429,2025-01-28,22909.94,Closed Lost
OP010174,L045435,2025-09-28,406.95,Open
OP010175,L045437,2025-05-26,5691.1,Closed Won
OP010176,L045439,2026-01-05,16282.49,Closed Lost
OP010177,L045441,2024-04-02,250.0,Closed Won
OP010178,L045442,2024-09-27,4241.11,Open
OP010179,L045444,2026-07-03,5471.82,Closed Won
OP010180,L045453,2024-01-20,4357.92,Closed Won
OP010181,L045456,2024-10-29,1746.56,Closed Won
OP010182,L045461,2026-06-05,5054.13,Closed Won
OP010183,L045468,2024-07-11,2287.91,Open
OP010184,L045470,2024-04-20,2435.15,Closed Won
OP010185,L045473,2024-03-30,5356.07,Closed Won
OP010186,L045480,2026-04-13,14756.54,Closed Won
OP010187,L045481,2024-09-17,2591.07,Closed Lost
OP010188,L045485,2024-08-13,2727.08,Closed Won
OP010189,L045489,2025-09-09,480.08,Open
OP010190,L045504,2024-11-09,2129.27,Closed Lost
OP010191,L045505,2025-11-21,1577.81,Closed Lost
OP010192,L045508,2025-05-13,1951.4,Open
OP010193,L045510,2025-07-29,1071.53,Closed Won
OP010194,L045515,2025-06-01,3240.79,Closed Won
OP010195,L045516,2026-02-23,3932.81,Closed Lost
OP010196,L045522,2025-07-04,2106.92,Closed Won
OP010197,L045526,2026-07-27,1383.36,Closed Won
OP010198,L045529,2026-07-30,1932.15,Closed Won
OP010199,L045533,2025-06-22,1548.3,Open
OP010200,L045536,2024-02-10,5368.11,Closed Won
OP010201,L045546,2026-06-01,2712.13,Closed Lost
OP010202,L045551,2026-03-27,250.0,Open
OP010203,L045555,2025-08-03,370.41,Closed Lost
OP010204,L045561,2024-05-04,3159.36,Closed Won
OP010205,L045568,2025-03-18,1615.09,Closed Lost
OP010206,L045570,2024-06-16,1810.72,Open
OP010207,L045581,2024-09-01,2165.93,Closed Won
OP010208,L045583,2024-12-25,406.14,Closed Won
OP010209,L045587,2026-05-17,996.53,Closed Lost
OP010210,L045591,2025-10-23,25449.25,Open
OP010211,L045595,2024-11-19,2741.21,Open
OP010212,L045604,2024-12-23,10929.01,Open
OP010213,L045606,2025-09-04,1289.11,Closed Won
OP010214,L045609,2025-09-29,9136.42,Open
OP010215,L045610,2025-04-07,3094.53,Open
OP010216,L045613,2026-03-23,26529.58,Closed Won
OP010217,L045622,2025-10-03,9829.43,Closed Won
OP010218,L045623,2025-01-24,7181.51,Closed Won
OP010219,L045626,2024-06-15,250.0,Open
OP010220,L045627,2026-08-15,2578.79,Closed Won
OP010221,L045628,2025-02-11,4670.26,Closed Won
OP010222,L045632,2025-03-29,2792.8,Open
OP010223,L045644,2025-02-04,3275.65,Closed Lost
OP010224,L045650,2025-04-25,856.21,Closed Won
OP010225,L045652,2024-11-03,5319.68,Closed Won
OP010226,L045657,2026-04-23,4556.9,Closed Won
OP010227,L045662,2024-03-01,2237.51,Closed Won
OP010228,L045665,2024-07-02,2469.89,Closed Won
OP010229,L045669,2026-01-13,1856.47,Closed Won
OP010230,L045678,2025-05-14,2928.22,Closed Lost
OP010231,L045686,2025-09-01,6570.3,Closed Won
OP010232,L045695,2024-06-09,440.17,Closed Won
OP010233,L045697,2025-07-09,2627.89,Closed Lost
OP010234,L045703,2024-04-25,3212.88,Closed Won
OP010235,L045708,2024-02-25,1415.03,Closed Won
OP010236,L045715,2026-09-22,963.41,Closed Won
OP010237,L045719,2025-09-23,1268.28,Closed Won
OP010238,L045721,2026-08-23,741.98,Closed Won
OP010239,L045722,2026-05-03,2904.51,Open
OP010240,L045727,2026-06-08,316.66,Open
OP010241,L045729,2025-09-17,1967.07,Closed Lost
OP010242,L045742,2025-01-20,11806.79,Closed Lost
OP010243,L045745,2026-05-26,5494.97,Closed Won
OP010244,L045748,2025-12-11,2648.98,Closed Lost
OP010245,L045750,2025-11-24,1353.93,Closed Won
OP010246,L045756,2024-06-23,2702.4,Closed Lost
OP010247,L045757,2025-12-20,1810.23,Open
OP010248,L045764,2026-05-30,1369.46,Closed Lost
OP010249,L045766,2025-11-19,8732.07,Closed Won
OP010250,L045767,2026-02-22,1591.25,Open
OP010251,L045770,2025-07-06,3159.99,Closed Lost
OP010252,L045773,2025-03-07,1410.44,Closed Won
OP010253,L045775,2025-09-30,5051.12,Open
OP010254,L045782,2024-07-20,7439.68,Closed Won
OP010255,L045783,2025-02-18,1857.42,Closed Won
OP010256,L045788,2024-10-17,1513.09,Closed Won
OP010257,L045790,2024-09-19,6248.27,Closed Won
OP010258,L045799,2025-06-01,1373.97,Closed Lost
OP010259,L045800,2024-02-20,3353.31,Closed Won
OP010260,L045801,2025-10-15,3410.82,Open
OP010261,L045809,2025-04-01,1371.1,Open
OP010262,L045810,2024-08-04,6810.5,Closed Won
OP010263,L045818,2024-06-28,3234.75,Closed Won
OP010264,L045819,2026-05-21,1257.57,Closed Won
OP010265,L045821,2025-02-04,1174.42,Open
OP010266,L045831,2024-03-14,3196.59,Closed Won
OP010267,L045839,2025-11-03,1805.89,Closed Won
OP010268,L045845,2024-07-22,9085.07,Closed Lost
OP010269,L045852,2026-01-02,3673.29,Closed Lost
OP010270,L045863,2026-02-01,1240.77,Closed Won
OP010271,L045867,2026-01-19,1981.01,Closed Lost
OP010272,L045868,2024-08-08,7748.14,Closed Won
OP010273,L045875,2025-01-31,937.89,Open
OP010274,L045890,2025-07-06,362.55,Closed Won
OP010275,L045897,2026-07-01,989.6,Closed Lost
OP010276,L045917,2024-03-31,755.89,Closed Lost
OP010277,L045920,2024-09-28,2786.98,Closed Won
OP010278,L045924,2026-04-06,1171.42,Open
OP010279,L045926,2024-07-28,8252.82,Closed Lost
OP010280,L045935,2025-12-25,18932.51,Closed Lost
OP010281,L045936,2025-11-15,3016.18,Open
OP010282,L045938,2025-03-22,1113.36,Closed Won
OP010283,L045940,2026-07-20,3981.24,Closed Won
OP010284,L045941,2025-07-18,3720.23,Closed Won
OP010285,L045951,2025-05-03,2434.73,Closed Won
OP010286,L045952,2024-07-20,8744.34,Closed Won
OP010287,L045957,2024-04-26,1066.86,Closed Lost
OP010288,L045967,2024-08-10,1424.37,Closed Won
OP010289,L045968,2026-07-25,8600.08,Closed Lost
OP010290,L045972,2025-06-04,2133.45,Closed Lost
OP010291,L045978,2025-09-02,3745.27,Closed Lost
OP010292,L045980,2024-07-15,2689.82,Closed Lost
OP010293,L045987,2024-05-30,1529.27,Closed Won
OP010294,L045991,2024-08-06,1476.76,Closed Won
OP010295,L045999,2025-07-27,1757.99,Closed Won
OP010296,L046004,2026-04-30,737.59,Closed Won
OP010297,L046006,2025-11-17,1920.39,Closed Won
OP010298,L046017,2026-08-10,906.52,Open
OP010299,L046019,2025-02-17,2916.84,Closed Won
OP010300,L046020,2025-01-12,828.31,Closed Lost
OP010301,L046024,2026-09-10,1469.67,Closed Won
OP010302,L046030,2024-03-20,877.14,Closed Won
OP010303,L046038,2024-11-04,618.13,Closed Won
OP010304,L046041,2026-02-27,1512.84,Open
OP010305,L046044,2024-11-28,289.99,Closed Lost
OP010306,L046046,2026-08-16,2382.16,Closed Won
OP010307,L046049,2026-05-02,6131.45,Closed Won
OP010308,L046050,2026-09-13,1756.38,Closed Lost
OP010309,L046052,2024-11-20,1756.91,Closed Won
OP010310,L046055,2025-02-04,8637.63,Open
OP010311,L046058,2025-10-24,6615.42,Closed Won
OP010312,L046064,2025-03-12,8622.02,Closed Lost
OP010313,L046068,2025-02-03,10713.14,Open
OP010314,L046070,2025-11-26,1439.56,Closed Won
OP010315,L046079,2025-12-30,2140.46,Closed Won
OP010316,L046081,2024-03-25,9786.72,Closed Won
OP010317,L046082,2026-01-14,11908.2,Closed Won
OP010318,L046090,2024-10-07,46188.48,Closed Won
OP010319,L046091,2026-02-28,9151.05,Closed Lost
OP010320,L046095,2025-07-07,523.2,Closed Won
OP010321,L046105,2024-09-10,1270.03,Closed Won
OP010322,L046108,2025-06-10,3302.91,Closed Lost
OP010323,L046112,2025-03-26,1219.6,Open
OP010324,L046121,2025-04-18,1358.14,Closed Won
OP010325,L046137,2025-06-27,7236.1,Closed Won
OP010326,L046142,2025-09-05,3855.46,Open
OP010327,L046143,2026-03-04,1655.75,Open
OP010328,L046156,2026-07-07,1638.9,Closed Won
OP010329,L046159,2026-02-20,5466.54,Closed Lost
OP010330,L046162,2026-09-10,3201.49,Closed Won
OP010331,L046163,2026-05-07,5095.49,Closed Won
OP010332,L046166,2025-02-14,7357.17,Closed Won
OP010333,L046189,2025-01-25,4123.12,Closed Won
OP010334,L046190,2026-07-10,12412.32,Open
OP010335,L046194,2024-08-12,3335.86,Open
OP010336,L046198,2024-02-05,1815.46,Closed Won
OP010337,L046200,2024-07-15,3587.71,Closed Lost
OP010338,L046205,2024-05-08,3793.43,Closed Won
OP010339,L046209,2026-03-13,250.0,Closed Won
OP010340,L046210,2025-04-17,1355.66,Open
OP010341,L046211,2026-07-23,2326.86,Closed Lost
OP010342,L046214,2026-05-23,55667.49,Closed Won
OP010343,L046227,2024-01-12,2972.93,Closed Won
OP010344,L046244,2025-07-05,3666.68,Open
OP010345,L046248,2026-04-18,6431.58,Closed Won
OP010346,L046252,2025-05-19,4379.59,Closed Won
OP010347,L046287,2025-10-30,1219.16,Closed Won
OP010348,L046294,2024-08-05,3925.21,Closed Won
OP010349,L046311,2025-05-04,9237.87,Open
OP010350,L046313,2026-03-26,2323.52,Closed Won
OP010351,L046322,2024-05-29,8060.45,Closed Won
OP010352,L046326,2026-01-24,4761.1,Closed Lost
OP010353,L046335,2025-08-05,655.38,Open
OP010354,L046336,2026-03-29,7074.89,Open
OP010355,L046338,2024-12-26,855.18,Closed Won
OP010356,L046343,2024-06-23,2969.81,Closed Won
OP010357,L046345,2024-08-30,1859.21,Closed Won
OP010358,L046346,2026-01-14,12894.35,Closed Lost
OP010359,L046348,2024-05-27,1641.19,Closed Won
OP010360,L046350,2026-06-01,755.62,Closed Won
OP010361,L046351,2024-11-11,4815.54,Closed Lost
OP010362,L046354,2026-05-17,4079.57,Open
OP010363,L046361,2024-04-26,2240.85,Closed Won
OP010364,L046363,2024-10-09,2098.02,Closed Lost
OP010365,L046370,2025-11-30,1249.12,Open
OP010366,L046371,2024-09-19,4113.07,Closed Won
OP010367,L046375,2024-10-23,1441.3,Open
OP010368,L046378,2025-05-09,26742.67,Closed Won
OP010369,L046387,2026-02-04,1170.88,Closed Lost
OP010370,L046394,2024-09-03,2050.11,Closed Won
OP010371,L046400,2025-03-08,2933.48,Open
OP010372,L046406,2024-03-24,898.64,Closed Lost
OP010373,L046413,2025-03-08,3100.71,Closed Won
OP010374,L046418,2024-12-19,4094.34,Open
OP010375,L046425,2026-08-15,1186.7,Open
OP010376,L046437,2026-04-01,13860.95,Closed Lost
OP010377,L046440,2025-10-06,2784.1,Closed Won
OP010378,L046444,2024-07-27,3453.37,Closed Won
OP010379,L046446,2024-02-11,4075.12,Open
OP010380,L046449,2025-07-23,733.43,Closed Won
OP010381,L046460,2025-02-05,1601.75,Closed Won
OP010382,L046462,2025-02-11,598.37,Closed Won
OP010383,L046464,2025-05-11,1958.04,Closed Lost
OP010384,L046472,2025-11-12,2381.55,Open
OP010385,L046477,2025-06-29,1503.6,Closed Lost
OP010386,L046485,2025-11-20,3047.07,Closed Lost
OP010387,L046487,2026-08-26,15249.64,Closed Won
OP010388,L046491,2024-02-12,10004.18,Closed Won
OP010389,L046492,2026-02-26,487.38,Closed Won
OP010390,L046498,2025-12-08,3762.44,Open
OP010391,L046502,2026-04-03,3170.88,Closed Won
OP010392,L046511,2026-02-13,2888.53,Closed Won
OP010393,L046513,2024-08-10,1095.23,Open
OP010394,L046514,2025-01-24,2999.49,Closed Won
OP010395,L046515,2025-04-28,2284.47,Closed Won
OP010396,L046516,2026-02-02,2552.86,Closed Won
OP010397,L046520,2025-11-06,618.77,Closed Won
OP010398,L046522,2025-03-14,3857.07,Closed Won
OP010399,L046527,2026-08-09,508.41,Open
OP010400,L046532,2025-02-05,3142.16,Closed Lost
OP010401,L046536,2026-07-28,34281.11,Closed Won
OP010402,L046538,2024-07-01,2650.4,Open
OP010403,L046539,2025-02-16,7824.07,Closed Won
OP010404,L046540,2025-11-19,1028.86,Closed Won
OP010405,L046545,2026-07-05,2837.8,Closed Won
OP010406,L046547,2025-08-05,11716.61,Closed Lost
OP010407,L046553,2025-03-28,6578.18,Open
OP010408,L046554,2025-09-02,6809.7,Closed Won
OP010409,L046557,2025-06-24,5014.31,Closed Won
OP010410,L046558,2026-08-24,1944.79,Closed Won
OP010411,L046561,2025-04-13,14442.13,Closed Won
OP010412,L046563,2024-08-28,1690.39,Closed Won
OP010413,L046566,2025-03-08,1476.81,Closed Won
OP010414,L046571,2024-11-10,2155.17,Closed Won
OP010415,L046574,2025-11-23,1715.1,Closed Lost
OP010416,L046577,2026-08-25,626.56,Closed Won
OP010417,L046580,2025-03-24,1764.83,Closed Won
OP010418,L046581,2024-12-12,2318.11,Closed Won
OP010419,L046585,2024-10-10,4629.0,Closed Won
OP010420,L046592,2026-06-01,7165.82,Closed Won
OP010421,L046595,2024-05-30,1078.41,Closed Won
OP010422,L046596,2026-01-24,2006.6,Closed Won
OP010423,L046609,2024-06-05,2071.83,Closed Won
OP010424,L046611,2025-03-22,794.33,Closed Won
OP010425,L046615,2026-06-29,653.73,Closed Won
OP010426,L046618,2025-02-07,3264.14,Closed Won
OP010427,L046622,2026-01-16,917.17,Closed Won
OP010428,L046628,2025-04-30,440.39,Open
OP010429,L046630,2026-06-03,18412.87,Closed Lost
OP010430,L046636,2024-11-10,1059.88,Closed Won
OP010431,L046638,2026-09-11,628.13,Closed Won
OP010432,L046651,2024-10-01,1462.46,Closed Won
OP010433,L046658,2026-01-27,571.6,Open
OP010434,L046661,2025-11-01,3477.42,Closed Won
OP010435,L046665,2025-11-04,6953.62,Open
OP010436,L046674,2025-11-11,2704.52,Closed Won
OP010437,L046677,2024-04-10,7907.85,Closed Won
OP010438,L046678,2024-02-28,1624.68,Open
OP010439,L046697,2026-08-19,739.33,Closed Lost
OP010440,L046698,2024-12-20,7109.97,Closed Lost
OP010441,L046699,2026-05-07,10312.42,Open
OP010442,L046701,2024-04-26,4114.96,Open
OP010443,L046703,2025-12-14,5955.73,Closed Won
OP010444,L046705,2024-11-08,7356.51,Closed Won
OP010445,L046711,2026-02-09,1221.3,Closed Won
OP010446,L046712,2026-05-03,2993.53,Closed Lost
OP010447,L046713,2026-05-30,1749.19,Open
OP010448,L046715,2024-02-22,7861.82,Closed Won
OP010449,L046724,2026-07-30,9423.69,Closed Lost
OP010450,L046733,2025-07-12,10550.86,Closed Won
OP010451,L046734,2026-07-23,3308.31,Closed Lost
OP010452,L046739,2025-06-28,3417.55,Closed Won
OP010453,L046741,2025-05-07,6384.0,Closed Won
OP010454,L046747,2024-12-19,7185.03,Closed Won
OP010455,L046751,2026-01-25,3355.74,Closed Won
OP010456,L046752,2024-04-09,1044.4,Closed Won
OP010457,L046754,2024-11-10,4328.43,Open
OP010458,L046761,2026-05-12,11916.23,Closed Lost
OP010459,L046762,2025-02-01,5498.46,Open
OP010460,L046763,2025-07-29,6986.81,Closed Won
OP010461,L046768,2025-01-14,16984.6,Closed Won
OP010462,L046770,2025-02-14,2987.15,Closed Won
OP010463,L046771,2026-01-07,4777.9,Closed Won
OP010464,L046772,2024-10-09,24582.12,Closed Lost
OP010465,L046797,2024-06-12,9436.79,Open
OP010466,L046805,2025-08-03,711.12,Closed Lost
OP010467,L046808,2024-01-06,1390.52,Open
OP010468,L046815,2026-05-24,1242.67,Closed Won
OP010469,L046817,2025-05-28,1884.37,Closed Won
OP010470,L046819,2025-11-18,530.62,Closed Won
OP010471,L046828,2024-02-17,1076.33,Closed Won
OP010472,L046829,2024-07-22,930.7,Closed Won
OP010473,L046830,2024-12-25,2316.46,Closed Won
OP010474,L046834,2025-08-15,5527.36,Closed Lost
OP010475,L046847,2024-11-15,3549.64,Closed Lost
OP010476,L046859,2024-02-04,3179.35,Closed Won
OP010477,L046861,2024-04-07,1823.89,Closed Lost
OP010478,L046867,2026-06-06,1043.5,Closed Lost
OP010479,L046872,2026-07-25,4665.17,Closed Won
OP010480,L046878,2024-12-08,7277.79,Closed Won
OP010481,L046879,2024-12-16,5411.66,Closed Won
OP010482,L046884,2025-03-01,9429.48,Closed Lost
OP010483,L046885,2025-12-15,5191.02,Closed Won
OP010484,L046893,2026-09-02,16139.19,Closed Won
OP010485,L046908,2025-04-28,1855.38,Closed Won
OP010486,L046911,2026-01-18,11719.88,Closed Won
OP010487,L046912,2024-07-31,1448.7,Closed Won
OP010488,L046916,2025-07-07,6790.03,Closed Won
OP010489,L046922,2025-12-19,19021.54,Closed Won
OP010490,L046926,2025-12-01,1053.91,Closed Won
OP010491,L046927,2025-10-09,7697.35,Closed Won
OP010492,L046930,2025-04-01,2582.19,Closed Won
OP010493,L046936,2025-08-18,3792.62,Closed Lost
OP010494,L046938,2026-06-24,5827.53,Closed Won
OP010495,L046944,2024-08-27,2094.73,Closed Won
OP010496,L046952,2024-05-21,4321.78,Open
OP010497,L046956,2024-12-09,5236.1,Closed Won
OP010498,L046959,2026-05-24,1466.31,Closed Won
OP010499,L046961,2025-12-15,7021.68,Open
OP010500,L046963,2024-03-26,964.58,Open
OP010501,L046964,2024-07-19,1435.72,Closed Lost
OP010502,L046969,2024-12-18,17370.11,Closed Won
OP010503,L046970,2026-05-03,260.78,Closed Won
OP010504,L046974,2024-12-19,5853.28,Closed Won
OP010505,L046983,2025-08-14,4879.29,Closed Won
OP010506,L046987,2025-01-19,3450.35,Closed Lost
OP010507,L046989,2026-02-13,4965.48,Closed Won
OP010508,L046992,2026-05-20,2845.26,Closed Won
OP010509,L046995,2024-06-23,949.12,Closed Won
OP010510,L046996,2024-12-29,2565.72,Closed Won
OP010511,L046998,2026-05-22,7132.66,Closed Won
OP010512,L046999,2026-09-22,3164.09,Closed Won
OP010513,L047005,2024-06-05,2179.66,Closed Won
OP010514,L047008,2024-01-08,14016.14,Closed Won
OP010515,L047010,2025-12-26,13770.18,Closed Won
OP010516,L047019,2025-10-31,268.72,Closed Won
OP010517,L047021,2026-03-02,1621.33,Closed Won
OP010518,L047025,2025-08-02,2259.15,Closed Won
OP010519,L047029,2026-07-18,4320.61,Closed Lost
OP010520,L047031,2024-06-18,3854.33,Closed Won
OP010521,L047032,2024-12-15,4403.21,Closed Won
OP010522,L047033,2024-03-12,6108.74,Closed Won
OP010523,L047037,2025-05-27,833.22,Closed Lost
OP010524,L047041,2024-11-12,47442.21,Closed Won
OP010525,L047043,2024-06-18,1101.89,Closed Lost
OP010526,L047044,2025-09-19,1957.45,Closed Won
OP010527,L047048,2025-03-22,2333.77,Closed Won
OP010528,L047058,2024-04-12,8453.33,Closed Won
OP010529,L047060,2024-04-27,722.87,Open
OP010530,L047061,2025-11-28,1872.6,Open
OP010531,L047064,2025-02-11,3117.81,Open
OP010532,L047068,2024-04-13,1006.67,Closed Lost
OP010533,L047075,2025-02-17,39368.78,Open
OP010534,L047086,2026-08-23,5132.27,Closed Won
OP010535,L047087,2026-03-14,17974.93,Closed Won
OP010536,L047092,2024-11-08,5827.99,Closed Lost
OP010537,L047094,2026-06-26,9624.78,Closed Won
OP010538,L047095,2024-04-07,1508.75,Closed Won
OP010539,L047097,2024-10-11,6967.23,Open
OP010540,L047103,2025-07-15,956.51,Open
OP010541,L047111,2025-03-10,6005.33,Closed Won
OP010542,L047126,2026-08-05,5529.32,Closed Won
OP010543,L047131,2026-03-12,1672.73,Open
OP010544,L047133,2025-12-07,4541.45,Closed Lost
OP010545,L047134,2024-11-10,1319.45,Closed Won
OP010546,L047136,2024-07-17,4858.67,Closed Won
OP010547,L047146,2025-07-01,2414.97,Open
OP010548,L047149,2026-01-03,21027.07,Open
OP010549,L047150,2024-08-17,6754.56,Closed Won
OP010550,L047155,2025-01-03,1713.64,Closed Won
OP010551,L047164,2026-07-25,3434.88,Open
OP010552,L047166,2026-05-07,1477.09,Closed Lost
OP010553,L047171,2025-12-11,625.19,Open
OP010554,L047173,2024-02-17,3273.92,Open
OP010555,L047183,2025-12-13,4183.01,Closed Won
OP010556,L047184,2025-12-13,4158.96,Open
OP010557,L047186,2024-05-02,17463.68,Closed Lost
OP010558,L047188,2024-10-26,7264.26,Closed Lost
OP010559,L047199,2025-10-14,2854.92,Open
OP010560,L047201,2024-07-14,830.89,Open
OP010561,L047204,2024-06-22,2692.74,Closed Lost
OP010562,L047211,2026-09-18,1055.46,Open
OP010563,L047215,2025-12-06,4255.85,Closed Won
OP010564,L047217,2026-06-15,1919.3,Closed Won
OP010565,L047219,2026-03-08,14367.36,Closed Won
OP010566,L047232,2024-08-17,6106.56,Closed Won
OP010567,L047233,2024-10-08,9063.24,Closed Won
OP010568,L047241,2024-03-10,2531.25,Open
OP010569,L047243,2024-08-28,24348.24,Closed Won
OP010570,L047255,2026-08-16,7573.41,Closed Won
OP010571,L047264,2026-08-26,17083.73,Closed Lost
OP010572,L047266,2024-05-04,3207.87,Closed Won
OP010573,L047267,2025-04-25,2188.48,Closed Lost
OP010574,L047268,2024-06-11,3888.66,Closed Lost
OP010575,L047272,2025-12-01,1105.65,Closed Lost
OP010576,L047283,2026-09-15,875.98,Closed Won
OP010577,L047284,2025-09-25,8421.6,Closed Won
OP010578,L047299,2025-03-05,14104.01,Closed Won
OP010579,L047303,2024-09-24,4601.34,Closed Won
OP010580,L047309,2025-03-23,2920.12,Closed Won
OP010581,L047310,2026-07-08,1662.01,Closed Won
OP010582,L047314,2025-07-03,899.99,Closed Lost
OP010583,L047319,2024-06-20,1357.61,Closed Won
OP010584,L047321,2024-02-25,2053.57,Closed Lost
OP010585,L047322,2026-08-24,8310.2,Closed Won
OP010586,L047329,2026-07-21,5177.88,Closed Won
OP010587,L047338,2024-06-05,9562.31,Closed Won
OP010588,L047349,2025-07-06,3662.66,Closed Won
OP010589,L047355,2026-06-04,2350.82,Closed Lost
OP010590,L047363,2025-02-01,297.71,Closed Won
OP010591,L047364,2024-07-02,1168.96,Closed Lost
OP010592,L047370,2025-07-21,3847.0,Closed Lost
OP010593,L047375,2025-06-15,4908.66,Closed Lost
OP010594,L047378,2025-04-30,6301.29,Closed Lost
OP010595,L047381,2024-11-02,2036.79,Closed Won
OP010596,L047386,2025-01-03,4240.07,Open
OP010597,L047393,2024-11-28,2638.94,Closed Lost
OP010598,L047397,2025-05-07,2689.22,Closed Lost
OP010599,L047408,2025-05-11,1136.22,Closed Lost
OP010600,L047410,2026-08-01,4271.51,Closed Lost
OP010601,L047414,2024-04-06,2486.29,Open
OP010602,L047415,2025-10-31,2780.31,Closed Won
OP010603,L047420,2024-12-21,4063.83,Closed Won
OP010604,L047422,2024-03-22,5401.22,Open
OP010605,L047431,2025-03-07,1253.23,Closed Won
OP010606,L047442,2026-05-06,449.85,Closed Won
OP010607,L047454,2025-10-12,261.15,Open
OP010608,L047455,2024-07-22,2514.69,Closed Won
OP010609,L047458,2024-02-26,3334.22,Closed Won
OP010610,L047459,2025-05-01,3225.01,Closed Won
OP010611,L047462,2026-07-15,5438.7,Closed Won
OP010612,L047463,2024-10-17,1312.0,Closed Won
OP010613,L047467,2024-11-07,955.19,Closed Won
OP010614,L047470,2025-05-18,1420.11,Closed Won
OP010615,L047479,2026-07-29,4419.86,Closed Lost
OP010616,L047497,2024-06-27,5724.52,Closed Won
OP010617,L047500,2026-03-18,16489.93,Closed Won
OP010618,L047505,2025-06-02,5008.79,Closed Won
OP010619,L047508,2024-12-20,1784.04,Closed Lost
OP010620,L047515,2024-12-13,3337.67,Open
OP010621,L047517,2025-02-04,8465.74,Closed Won
OP010622,L047520,2026-01-11,2663.63,Closed Won
OP010623,L047523,2025-08-11,1678.05,Open
OP010624,L047532,2025-08-29,6045.26,Closed Lost
OP010625,L047534,2026-05-07,3806.77,Closed Lost
OP010626,L047546,2025-06-16,1339.45,Open
OP010627,L047552,2025-11-23,2754.89,Closed Won
OP010628,L047555,2024-10-14,2420.43,Closed Won
OP010629,L047559,2025-08-15,1486.36,Closed Won
OP010630,L047560,2024-08-08,31014.57,Closed Won
OP010631,L047565,2024-12-24,3842.62,Closed Lost
OP010632,L047567,2026-08-02,1662.54,Closed Won
OP010633,L047568,2025-01-29,2813.7,Open
OP010634,L047573,2024-06-24,4032.39,Closed Won
OP010635,L047574,2024-05-09,1825.63,Closed Won
OP010636,L047576,2024-06-29,2309.66,Closed Won
OP010637,L047579,2025-12-19,18848.52,Closed Won
OP010638,L047585,2025-06-30,862.65,Closed Won
OP010639,L047594,2026-07-17,6937.46,Closed Lost
OP010640,L047608,2024-07-04,2783.9,Open
OP010641,L047621,2024-10-06,1126.91,Closed Won
OP010642,L047623,2025-04-17,1418.12,Closed Won
OP010643,L047625,2024-06-03,4352.44,Closed Won
OP010644,L047628,2025-02-01,7091.53,Closed Won
OP010645,L047632,2025-12-22,1913.25,Open
OP010646,L047634,2026-04-14,848.47,Open
OP010647,L047637,2024-08-14,1209.56,Closed Won
OP010648,L047639,2024-02-29,1904.9,Closed Won
OP010649,L047640,2024-07-27,1392.43,Closed Won
OP010650,L047648,2025-05-09,631.69,Closed Won
OP010651,L047651,2025-06-25,2102.0,Closed Won
OP010652,L047653,2025-03-20,3462.93,Open
OP010653,L047654,2024-08-14,1568.09,Closed Won
OP010654,L047658,2026-06-14,1047.12,Closed Won
OP010655,L047668,2026-04-11,4533.23,Closed Won
OP010656,L047671,2025-11-05,825.02,Closed Won
OP010657,L047673,2025-05-22,4356.36,Closed Lost
OP010658,L047679,2024-07-04,4916.73,Closed Won
OP010659,L047685,2025-04-19,4120.71,Closed Won
OP010660,L047696,2024-06-19,1357.97,Closed Won
OP010661,L047698,2026-08-31,1510.55,Closed Lost
OP010662,L047700,2025-03-26,3408.37,Open
OP010663,L047704,2024-04-13,1980.79,Open
OP010664,L047705,2024-11-04,6211.25,Closed Won
OP010665,L047706,2024-08-26,6053.98,Closed Lost
OP010666,L047708,2024-08-12,2444.87,Closed Lost
OP010667,L047709,2026-03-23,1051.73,Closed Lost
OP010668,L047712,2025-08-18,2451.08,Closed Won
OP010669,L047717,2025-07-03,5448.11,Closed Won
OP010670,L047723,2025-11-30,8779.26,Open
OP010671,L047724,2026-09-03,5445.89,Closed Won
OP010672,L047725,2026-04-16,1878.77,Open
OP010673,L047728,2026-03-14,486.92,Open
OP010674,L047734,2025-03-18,1546.47,Open
OP010675,L047744,2025-06-13,443.28,Closed Won
OP010676,L047745,2024-08-27,5829.26,Closed Won
OP010677,L047746,2024-11-23,1898.44,Closed Lost
OP010678,L047772,2026-03-08,1999.92,Closed Won
OP010679,L047776,2024-03-13,2173.65,Closed Won
OP010680,L047784,2025-01-20,1842.24,Closed Lost
OP010681,L047789,2025-08-16,603.91,Closed Won
OP010682,L047791,2026-03-31,2460.53,Closed Lost
OP010683,L047795,2026-01-09,2059.38,Open
OP010684,L047796,2024-10-14,1327.75,Closed Lost
OP010685,L047800,2024-04-12,7944.48,Open
OP010686,L047808,2024-10-03,5227.19,Closed Won
OP010687,L047810,2024-09-13,1731.08,Closed Won
OP010688,L047811,2026-07-03,1843.48,Closed Won
OP010689,L047812,2025-02-12,1939.15,Closed Lost
OP010690,L047814,2025-10-31,2508.17,Closed Won
OP010691,L047827,2026-06-24,3352.53,Closed Won
OP010692,L047836,2024-04-30,6816.05,Closed Won
OP010693,L047841,2025-06-13,818.46,Closed Won
OP010694,L047842,2024-06-01,3397.36,Closed Won
OP010695,L047858,2025-03-11,2550.55,Closed Won
OP010696,L047859,2025-11-27,1566.51,Closed Won
OP010697,L047860,2025-03-21,2057.13,Closed Won
OP010698,L047862,2024-07-04,2741.67,Open
OP010699,L047865,2025-01-11,12274.39,Closed Won
OP010700,L047868,2024-07-21,468.27,Closed Lost
OP010701,L047869,2024-10-12,1052.99,Open
OP010702,L047876,2025-06-27,1210.75,Open
OP010703,L047878,2024-02-11,529.57,Closed Won
OP010704,L047881,2025-03-09,3381.97,Closed Lost
OP010705,L047883,2026-07-08,11097.17,Closed Won
OP010706,L047887,2024-10-31,3516.72,Closed Won
OP010707,L047894,2026-01-24,1430.76,Closed Lost
OP010708,L047900,2024-08-01,3028.62,Closed Lost
OP010709,L047902,2025-08-05,4765.9,Closed Lost
OP010710,L047908,2026-04-17,9134.86,Closed Won
OP010711,L047913,2025-01-05,1965.52,Open
OP010712,L047924,2025-04-30,512.29,Open
OP010713,L047926,2025-01-10,3801.91,Closed Won
OP010714,L047930,2024-05-07,2340.27,Closed Won
OP010715,L047931,2025-10-02,730.68,Closed Won
OP010716,L047934,2025-07-12,5728.71,Open
OP010717,L047935,2026-03-23,485.67,Closed Won
OP010718,L047955,2024-08-27,1186.83,Open
OP010719,L047958,2024-02-23,21852.74,Closed Won
OP010720,L047963,2026-05-10,1524.35,Closed Won
OP010721,L047967,2025-09-11,1219.56,Closed Lost
OP010722,L047970,2026-01-27,2125.2,Closed Won
OP010723,L047979,2024-10-20,4210.6,Closed Won
OP010724,L047983,2024-07-03,1467.66,Closed Lost
OP010725,L047986,2024-08-06,2929.21,Closed Won
OP010726,L047987,2024-08-30,3809.13,Open
OP010727,L047989,2024-03-19,7074.88,Closed Won
OP010728,L047990,2025-12-22,726.43,Closed Won
OP010729,L047995,2026-02-06,5673.87,Open
OP010730,L047996,2025-12-31,2105.29,Open
OP010731,L048000,2026-05-24,3240.9,Open
OP010732,L048001,2026-05-01,1084.14,Closed Won
OP010733,L048002,2025-10-12,11750.07,Open
OP010734,L048013,2025-10-10,1433.65,Closed Won
OP010735,L048025,2024-04-17,863.25,Closed Won
OP010736,L048029,2024-03-05,2944.37,Open
OP010737,L048038,2024-11-18,18099.93,Closed Won
OP010738,L048042,2025-05-27,1811.37,Closed Lost
OP010739,L048043,2026-05-20,1530.41,Closed Lost
OP010740,L048047,2026-09-29,2858.04,Open
OP010741,L048057,2026-02-17,7293.65,Closed Won
OP010742,L048058,2025-11-25,514.98,Closed Won
OP010743,L048063,2025-08-03,2237.44,Closed Won
OP010744,L048066,2025-08-30,1608.58,Open
OP010745,L048081,2026-01-10,3733.36,Closed Won
OP010746,L048097,2026-03-02,3914.01,Closed Won
OP010747,L048111,2024-10-18,12940.74,Closed Won
OP010748,L048123,2024-10-15,8847.83,Closed Won
OP010749,L048124,2024-12-24,1648.24,Closed Won
OP010750,L048142,2026-06-14,1331.87,Closed Won
OP010751,L048154,2024-11-25,7713.22,Closed Lost
OP010752,L048157,2026-10-03,321.5,Open
OP010753,L048161,2024-01-09,1135.18,Closed Won
OP010754,L048162,2024-05-12,5511.01,Closed Won
OP010755,L048181,2024-10-17,2283.87,Open
OP010756,L048182,2026-05-29,4006.23,Closed Won
OP010757,L048193,2025-12-06,8996.23,Closed Lost
OP010758,L048198,2025-08-10,2707.63,Closed Won
OP010759,L048203,2026-04-19,1944.91,Closed Won
OP010760,L048204,2024-03-12,2257.81,Closed Lost
OP010761,L048206,2026-04-07,1509.82,Closed Won
OP010762,L048207,2025-10-27,7998.08,Open
OP010763,L048208,2025-02-06,755.63,Closed Won
OP010764,L048210,2024-09-07,8033.66,Closed Won
OP010765,L048211,2024-12-21,876.98,Closed Lost
OP010766,L048218,2025-04-20,14172.25,Closed Won
OP010767,L048220,2024-03-11,3350.71,Closed Won
OP010768,L048221,2026-05-27,1916.37,Open
OP010769,L048223,2024-02-19,1694.33,Closed Won
OP010770,L048231,2025-02-09,2489.24,Closed Won
OP010771,L048235,2024-09-30,2031.01,Closed Won
OP010772,L048243,2025-01-27,2102.99,Closed Won
OP010773,L048255,2024-06-07,1428.64,Open
OP010774,L048256,2026-02-04,1100.84,Closed Won
OP010775,L048258,2025-01-05,2845.13,Closed Won
OP010776,L048260,2025-09-24,8737.39,Closed Won
OP010777,L048262,2025-08-27,12344.09,Closed Lost
OP010778,L048268,2024-04-02,1283.74,Closed Won
OP010779,L048270,2024-03-02,7306.06,Closed Won
OP010780,L048271,2025-08-08,18724.5,Closed Lost
OP010781,L048275,2025-06-09,2329.45,Closed Lost
OP010782,L048276,2025-06-25,1926.36,Closed Won
OP010783,L048277,2025-10-22,6904.74,Closed Won
OP010784,L048282,2025-07-09,20413.31,Closed Won
OP010785,L048297,2025-05-14,7662.15,Open
OP010786,L048298,2025-09-11,594.92,Closed Won
OP010787,L048300,2025-01-15,3780.78,Closed Won
OP010788,L048305,2025-12-25,26571.14,Closed Won
OP010789,L048312,2026-04-12,4785.71,Closed Won
OP010790,L048326,2026-05-10,1283.36,Closed Won
OP010791,L048328,2025-06-25,2708.69,Open
OP010792,L048336,2024-03-12,4257.27,Open
OP010793,L048346,2024-02-21,3265.37,Closed Won
OP010794,L048354,2025-01-08,10370.46,Closed Won
OP010795,L048361,2024-09-05,507.69,Closed Won
OP010796,L048366,2024-05-16,4241.28,Open
OP010797,L048369,2024-12-05,3699.31,Closed Won
OP010798,L048370,2024-03-19,334.79,Closed Lost
OP010799,L048374,2026-02-20,507.07,Closed Won
OP010800,L048375,2025-11-01,399.39,Closed Won
OP010801,L048386,2025-10-09,730.14,Closed Won
OP010802,L048399,2025-04-17,17965.26,Closed Won
OP010803,L048403,2026-08-05,3312.93,Open
OP010804,L048404,2025-11-01,27518.79,Open
OP010805,L048410,2024-03-10,7892.14,Closed Won
OP010806,L048414,2026-06-19,3119.77,Closed Lost
OP010807,L048418,2024-09-12,2637.09,Closed Lost
OP010808,L048421,2024-11-14,705.93,Closed Won
OP010809,L048425,2024-07-16,3805.64,Closed Won
OP010810,L048431,2025-08-02,2297.98,Closed Won
OP010811,L048434,2026-01-11,3599.2,Open
OP010812,L048439,2026-09-02,250.0,Open
OP010813,L048447,2026-04-01,7923.44,Closed Won
OP010814,L048458,2026-03-10,5258.54,Closed Won
OP010815,L048463,2025-09-19,8203.37,Open
OP010816,L048466,2026-01-26,669.36,Open
OP010817,L048467,2026-03-20,12484.39,Closed Won
OP010818,L048472,2024-09-01,5721.13,Closed Won
OP010819,L048476,2024-11-21,3279.63,Open
OP010820,L048484,2026-01-07,1347.22,Closed Won
OP010821,L048492,2024-02-29,28401.33,Closed Won
OP010822,L048495,2024-12-10,3114.15,Closed Won
OP010823,L048501,2026-03-19,3927.37,Closed Won
OP010824,L048502,2024-12-18,1090.07,Open
OP010825,L048503,2024-02-19,9978.02,Closed Won
OP010826,L048504,2026-01-31,4909.89,Open
OP010827,L048506,2025-12-01,2905.68,Closed Lost
OP010828,L048509,2024-08-31,10261.3,Closed Won
OP010829,L048511,2026-10-02,1442.63,Closed Won
OP010830,L048514,2025-06-15,735.59,Closed Won
OP010831,L048515,2026-04-05,1838.7,Closed Won
OP010832,L048521,2024-01-27,3154.91,Open
OP010833,L048527,2025-05-16,10972.74,Closed Won
OP010834,L048530,2025-05-14,5057.84,Closed Lost
OP010835,L048535,2026-03-09,7606.29,Closed Won
OP010836,L048544,2026-08-28,1201.45,Closed Won
OP010837,L048555,2024-09-24,9996.72,Closed Lost
OP010838,L048561,2024-03-30,8242.18,Closed Won
OP010839,L048564,2024-08-16,2379.6,Closed Won
OP010840,L048567,2026-05-21,2113.81,Closed Won
OP010841,L048569,2024-06-09,4011.19,Closed Won
OP010842,L048571,2025-07-15,3440.96,Closed Won
OP010843,L048574,2025-08-08,744.14,Closed Lost
OP010844,L048582,2024-06-06,558.9,Closed Won
OP010845,L048588,2025-04-25,6211.47,Open
OP010846,L048593,2025-04-09,3081.6,Closed Won
OP010847,L048600,2025-05-22,21247.27,Closed Won
OP010848,L048616,2025-06-11,565.57,Closed Won
OP010849,L048617,2025-01-17,1831.35,Closed Won
OP010850,L048619,2024-07-21,3485.28,Open
OP010851,L048622,2024-02-07,5384.08,Closed Won
OP010852,L048632,2024-12-29,2385.54,Open
OP010853,L048643,2026-09-20,1325.69,Closed Lost
OP010854,L048644,2025-04-16,1835.03,Closed Won
OP010855,L048645,2025-05-22,2509.31,Closed Won
OP010856,L048651,2025-10-24,3759.99,Closed Lost
OP010857,L048653,2025-08-07,8255.19,Closed Won
OP010858,L048654,2024-10-31,3432.02,Closed Won
OP010859,L048662,2025-03-11,3843.9,Closed Won
OP010860,L048664,2024-06-16,545.34,Open
OP010861,L048671,2026-07-15,35856.93,Closed Won
OP010862,L048672,2024-09-17,2524.41,Closed Won
OP010863,L048673,2024-04-21,1202.56,Closed Won
OP010864,L048674,2026-01-22,5995.04,Closed Lost
OP010865,L048675,2024-05-31,4299.65,Closed Lost
OP010866,L048679,2024-02-01,6349.13,Closed Won
OP010867,L048681,2025-02-26,1444.38,Closed Won
OP010868,L048682,2024-10-14,1208.08,Closed Won
OP010869,L048683,2025-03-10,6638.05,Closed Won
OP010870,L048686,2025-10-17,1960.55,Closed Won
OP010871,L048692,2024-09-24,2080.75,Closed Won
OP010872,L048699,2024-05-11,1910.24,Closed Lost
OP010873,L048701,2025-11-14,546.68,Closed Won
OP010874,L048702,2025-08-24,6155.84,Closed Won
OP010875,L048704,2024-08-04,8354.18,Closed Lost
OP010876,L048710,2025-07-21,6514.94,Open
OP010877,L048712,2024-06-09,1912.15,Open
OP010878,L048713,2026-02-13,460.03,Closed Lost
OP010879,L048717,2024-03-24,881.23,Closed Won
OP010880,L048720,2025-12-07,2074.25,Open
OP010881,L048728,2025-12-21,3844.48,Closed Won
OP010882,L048734,2025-04-10,6194.35,Closed Lost
OP010883,L048740,2025-11-14,957.08,Closed Won
OP010884,L048741,2026-06-10,480.68,Closed Won
OP010885,L048748,2024-09-30,1454.0,Open
OP010886,L048752,2026-05-20,16272.89,Closed Won
OP010887,L048757,2026-08-15,1221.16,Open
OP010888,L048758,2026-04-12,14937.35,Closed Won
OP010889,L048767,2024-09-14,5146.33,Closed Lost
OP010890,L048772,2025-01-07,637.66,Closed Lost
OP010891,L048783,2024-08-08,1620.09,Open
OP010892,L048784,2025-12-01,633.27,Closed Lost
OP010893,L048787,2025-06-08,528.5,Closed Lost
OP010894,L048791,2026-05-23,4629.41,Closed Lost
OP010895,L048796,2026-01-10,1796.3,Open
OP010896,L048799,2024-11-08,3393.11,Open
OP010897,L048806,2025-06-24,461.08,Closed Won
OP010898,L048807,2025-12-26,3639.37,Closed Won
OP010899,L048814,2025-04-01,8596.38,Closed Lost
OP010900,L048815,2024-02-05,2501.47,Closed Won
OP010901,L048820,2025-11-22,1641.4,Closed Lost
OP010902,L048821,2026-03-05,7389.5,Closed Lost
OP010903,L048833,2024-07-28,1658.64,Closed Won
OP010904,L048838,2025-08-31,2634.09,Closed Won
OP010905,L048839,2026-03-31,4955.94,Closed Lost
OP010906,L048842,2025-04-22,12092.5,Closed Won
OP010907,L048845,2025-12-27,1842.02,Closed Won
OP010908,L048848,2026-04-18,656.72,Closed Won
OP010909,L048850,2026-03-15,5173.7,Closed Won
OP010910,L048858,2024-12-20,1930.58,Closed Won
OP010911,L048863,2025-06-08,606.82,Open
OP010912,L048883,2025-03-18,11289.6,Closed Won
OP010913,L048890,2026-05-28,6560.93,Closed Lost
OP010914,L048898,2024-12-22,10112.58,Closed Won
OP010915,L048903,2024-09-19,4450.78,Closed Won
OP010916,L048905,2024-06-30,1512.16,Closed Lost
OP010917,L048910,2025-06-14,13927.87,Closed Won
OP010918,L048913,2024-12-26,12870.29,Open
OP010919,L048920,2025-11-05,1582.85,Open
OP010920,L048921,2025-07-11,894.43,Open
OP010921,L048926,2024-02-22,2491.82,Open
OP010922,L048928,2025-07-08,1962.21,Closed Lost
OP010923,L048930,2025-05-26,2100.57,Closed Won
OP010924,L048934,2025-06-12,5030.33,Closed Lost
OP010925,L048939,2024-07-14,1657.7,Open
OP010926,L048941,2024-05-02,1791.49,Open
OP010927,L048943,2025-09-22,1846.12,Open
OP010928,L048946,2025-03-02,873.32,Closed Won
OP010929,L048947,2025-06-25,1055.76,Closed Won
OP010930,L048952,2025-06-03,39001.51,Open
OP010931,L048954,2026-02-04,1089.37,Closed Won
OP010932,L048955,2026-03-09,14163.64,Closed Won
OP010933,L048959,2025-12-12,10130.39,Closed Won
OP010934,L048960,2024-06-30,1447.62,Open
OP010935,L048964,2026-03-16,416.17,Closed Won
OP010936,L048976,2025-08-27,6993.16,Closed Won
OP010937,L048990,2024-06-17,1118.78,Closed Won
OP010938,L048994,2026-05-15,4809.9,Closed Won
OP010939,L048996,2025-07-01,15556.14,Closed Won
OP010940,L049002,2024-12-06,5814.42,Closed Won
OP010941,L049008,2025-11-13,4609.39,Closed Won
OP010942,L049014,2025-07-09,6342.91,Closed Lost
OP010943,L049030,2025-03-15,7271.08,Open
OP010944,L049032,2024-12-05,2735.34,Closed Won
OP010945,L049035,2026-03-31,6706.12,Open
OP010946,L049038,2024-11-13,863.96,Closed Lost
OP010947,L049041,2025-07-31,2886.79,Closed Won
OP010948,L049042,2026-09-24,7298.65,Closed Won
OP010949,L049043,2026-04-16,6089.03,Open
OP010950,L049046,2025-05-20,1785.87,Open
OP010951,L049047,2026-08-12,2221.81,Open
OP010952,L049048,2025-12-31,6241.08,Closed Won
OP010953,L049051,2024-04-27,4572.85,Open
OP010954,L049054,2026-05-26,7629.42,Open
OP010955,L049063,2024-02-19,3948.11,Closed Won
OP010956,L049070,2025-03-15,5467.0,Closed Won
OP010957,L049073,2025-07-17,2207.41,Closed Won
OP010958,L049078,2025-03-25,1562.88,Closed Lost
OP010959,L049084,2026-06-10,2546.62,Closed Won
OP010960,L049092,2025-01-16,3232.39,Closed Won
OP010961,L049098,2026-02-08,2743.72,Closed Lost
OP010962,L049103,2025-01-27,3560.61,Open
OP010963,L049105,2026-07-17,11395.7,Closed Won
OP010964,L049111,2024-09-08,1260.04,Closed Won
OP010965,L049114,2025-04-05,10246.81,Closed Won
OP010966,L049121,2024-10-18,2481.62,Closed Lost
OP010967,L049131,2025-02-27,11849.36,Closed Won
OP010968,L049147,2024-09-22,13412.95,Closed Lost
OP010969,L049148,2026-06-27,708.7,Closed Won
OP010970,L049150,2024-04-14,18355.71,Closed Won
OP010971,L049154,2024-03-02,1151.29,Closed Won
OP010972,L049173,2025-02-24,1776.4,Closed Lost
OP010973,L049178,2024-02-15,1750.6,Closed Won
OP010974,L049180,2025-10-06,12355.98,Closed Won
OP010975,L049184,2024-09-29,13832.47,Closed Won
OP010976,L049188,2025-08-03,505.35,Closed Won
OP010977,L049201,2025-12-18,1254.2,Closed Won
OP010978,L049202,2026-07-28,2987.22,Closed Won
OP010979,L049207,2026-08-28,1145.12,Closed Won
OP010980,L049209,2024-06-27,10960.55,Closed Won
OP010981,L049210,2026-01-08,488.12,Closed Won
OP010982,L049212,2024-07-31,5501.04,Closed Won
OP010983,L049216,2025-10-25,482.72,Closed Won
OP010984,L049218,2024-06-09,7019.8,Closed Won
OP010985,L049222,2026-02-25,23143.53,Closed Won
OP010986,L049223,2025-03-28,2875.86,Closed Lost
OP010987,L049226,2025-11-21,11104.39,Closed Won
OP010988,L049230,2025-08-07,1445.36,Closed Won
OP010989,L049234,2024-12-09,4621.16,Closed Won
OP010990,L049240,2024-12-10,9733.2,Open
OP010991,L049250,2024-12-25,1794.23,Closed Won
OP010992,L049252,2025-09-27,349.46,Closed Won
OP010993,L049273,2025-08-04,2666.42,Open
OP010994,L049277,2025-11-08,1506.57,Closed Won
OP010995,L049279,2024-03-03,1945.79,Closed Won
OP010996,L049280,2024-08-26,2403.61,Closed Won
OP010997,L049286,2026-08-30,1802.47,Open
OP010998,L049287,2026-09-16,6636.08,Open
OP010999,L049289,2026-02-13,6814.52,Open
OP011000,L049294,2024-08-09,4889.18,Open
OP011001,L049304,2024-01-11,7995.42,Closed Won
OP011002,L049309,2026-04-15,830.85,Open
OP011003,L049311,2026-09-23,1787.59,Closed Lost
OP011004,L049319,2025-12-08,3742.4,Closed Won
OP011005,L049324,2025-12-25,5913.52,Closed Won
OP011006,L049326,2026-03-16,15877.2,Closed Won
OP011007,L049329,2024-07-04,1171.79,Closed Won
OP011008,L049333,2024-08-29,8125.76,Closed Lost
OP011009,L049334,2024-12-29,1067.47,Open
OP011010,L049354,2025-07-16,507.46,Closed Won
OP011011,L049357,2026-04-12,2150.72,Closed Won
OP011012,L049358,2025-08-05,1433.38,Closed Won
OP011013,L049362,2024-08-31,3398.34,Closed Won
OP011014,L049384,2025-07-16,19622.68,Open
OP011015,L049386,2025-04-21,8325.44,Closed Won
OP011016,L049389,2025-05-27,4581.79,Closed Won
OP011017,L049390,2024-02-04,6400.68,Closed Lost
OP011018,L049402,2026-07-05,5097.98,Closed Lost
OP011019,L049406,2024-07-27,8128.07,Closed Won
OP011020,L049432,2026-07-31,1678.21,Closed Lost
OP011021,L049436,2025-09-04,5036.37,Closed Won
OP011022,L049442,2024-02-20,7209.16,Closed Won
OP011023,L049446,2025-11-04,3326.88,Closed Won
OP011024,L049448,2025-01-11,986.19,Closed Won
OP011025,L049453,2024-08-03,34826.79,Open
OP011026,L049456,2026-01-14,15821.68,Closed Won
OP011027,L049457,2025-04-21,11509.33,Closed Won
OP011028,L049459,2026-02-14,3480.89,Closed Won
OP011029,L049467,2024-02-25,1661.59,Closed Won
OP011030,L049469,2026-08-01,7945.22,Closed Won
OP011031,L049473,2025-07-30,5800.02,Closed Won
OP011032,L049475,2024-05-18,8557.5,Open
OP011033,L049476,2024-02-18,2620.92,Closed Won
OP011034,L049477,2024-03-06,12014.57,Closed Lost
OP011035,L049478,2024-04-26,9549.52,Closed Won
OP011036,L049481,2026-08-07,24009.62,Closed Won
OP011037,L049482,2025-06-23,2963.01,Closed Won
OP011038,L049483,2026-03-15,2008.15,Open
OP011039,L049485,2026-06-08,939.59,Closed Won
OP011040,L049498,2024-09-04,1233.14,Closed Lost
OP011041,L049508,2025-07-05,5023.93,Closed Won
OP011042,L049509,2024-02-17,1540.69,Closed Lost
OP011043,L049517,2025-12-10,1528.59,Closed Lost
OP011044,L049518,2025-08-23,2367.78,Open
OP011045,L049525,2025-04-29,5608.26,Closed Won
OP011046,L049532,2024-01-27,1352.37,Closed Won
OP011047,L049534,2025-10-15,1227.72,Closed Won
OP011048,L049537,2025-01-15,7622.5,Open
OP011049,L049546,2024-12-24,1059.2,Closed Lost
OP011050,L049547,2025-08-20,1102.5,Closed Won
OP011051,L049553,2025-12-23,2299.05,Closed Won
OP011052,L049555,2024-04-05,1087.63,Closed Won
OP011053,L049564,2025-08-30,1433.33,Closed Won
OP011054,L049565,2025-11-27,583.49,Closed Won
OP011055,L049570,2025-11-01,1743.79,Closed Won
OP011056,L049572,2025-01-03,1342.37,Closed Won
OP011057,L049578,2025-11-30,7815.9,Open
OP011058,L049588,2024-05-01,2971.94,Closed Won
OP011059,L049593,2025-08-12,4671.27,Closed Won
OP011060,L049596,2024-08-13,1322.03,Closed Lost
OP011061,L049604,2024-10-07,7918.69,Closed Lost
OP011062,L049606,2024-04-02,4027.82,Closed Lost
OP011063,L049615,2024-10-18,409.81,Open
OP011064,L049617,2025-02-27,802.04,Open
OP011065,L049629,2025-10-08,2814.91,Open
OP011066,L049630,2025-09-16,10149.56,Closed Won
OP011067,L049641,2026-09-19,6131.73,Open
OP011068,L049642,2025-08-25,3901.93,Closed Lost
OP011069,L049663,2024-05-10,2699.59,Closed Won
OP011070,L049669,2024-11-12,1195.9,Closed Won
OP011071,L049671,2025-12-03,4238.73,Closed Won
OP011072,L049675,2024-05-28,16738.27,Closed Won
OP011073,L049682,2025-02-15,3085.99,Open
OP011074,L049685,2026-04-24,639.72,Open
OP011075,L049689,2025-09-24,250.0,Open
OP011076,L049697,2025-12-06,6387.18,Closed Won
OP011077,L049699,2024-04-17,1935.6,Open
OP011078,L049700,2026-07-27,1975.27,Closed Won
OP011079,L049701,2025-10-22,727.06,Closed Won
OP011080,L049704,2026-03-21,13009.39,Closed Won
OP011081,L049705,2024-02-28,1813.88,Closed Lost
OP011082,L049718,2024-05-15,3606.26,Closed Lost
OP011083,L049721,2025-06-17,2460.33,Closed Won
OP011084,L049724,2025-05-05,1411.04,Closed Won
OP011085,L049725,2024-02-16,1702.08,Closed Won
OP011086,L049728,2024-12-09,1524.47,Open
OP011087,L049729,2026-07-01,655.04,Closed Won
OP011088,L049740,2025-04-24,1650.88,Open
OP011089,L049743,2026-08-04,1519.3,Closed Won
OP011090,L049744,2025-11-09,6256.94,Open
OP011091,L049745,2025-11-16,1513.1,Closed Lost
OP011092,L049747,2026-03-24,8448.57,Closed Lost
OP011093,L049749,2024-10-10,4389.94,Closed Won
OP011094,L049751,2024-02-17,1050.03,Closed Lost
OP011095,L049752,2024-08-22,8949.99,Open
OP011096,L049756,2025-04-26,1039.7,Closed Lost
OP011097,L049760,2026-06-09,2719.54,Closed Won
OP011098,L049762,2025-01-05,3734.45,Closed Won
OP011099,L049765,2024-07-06,665.51,Closed Lost
OP011100,L049770,2026-02-19,12927.6,Closed Won
OP011101,L049771,2026-01-12,1259.06,Open
OP011102,L049772,2024-06-05,1297.49,Closed Won
OP011103,L049774,2026-05-23,1841.17,Closed Won
OP011104,L049779,2026-06-29,3035.72,Closed Lost
OP011105,L049783,2026-09-10,6958.48,Closed Won
OP011106,L049786,2026-03-01,20221.33,Closed Lost
OP011107,L049789,2024-10-08,2883.61,Closed Won
OP011108,L049795,2024-03-25,325.41,Closed Won
OP011109,L049800,2025-04-30,3398.85,Closed Won
OP011110,L049802,2024-08-28,2692.95,Open
OP011111,L049808,2026-06-17,17593.07,Closed Won
OP011112,L049811,2025-05-21,5553.5,Closed Won
OP011113,L049813,2025-02-14,2484.66,Closed Won
OP011114,L049827,2026-10-05,5862.99,Open
OP011115,L049828,2024-10-13,652.7,Closed Won
OP011116,L049837,2026-01-04,1043.78,Closed Lost
OP011117,L049838,2026-03-05,2418.22,Closed Won
OP011118,L049840,2024-10-07,9498.03,Closed Won
OP011119,L049856,2026-02-07,1539.17,Closed Won
OP011120,L049864,2025-03-30,2718.33,Closed Lost
OP011121,L049865,2024-06-28,18119.06,Closed Won
OP011122,L049867,2026-06-16,666.12,Closed Won
OP011123,L049895,2024-01-20,20343.98,Closed Won
OP011124,L049900,2025-07-08,13100.27,Open
OP011125,L049902,2024-08-29,1683.88,Closed Won
OP011126,L049908,2025-04-30,1221.47,Closed Won
OP011127,L049909,2025-06-13,1630.66,Open
OP011128,L049910,2024-02-22,3853.88,Closed Lost
OP011129,L049915,2024-02-22,2021.37,Closed Lost
OP011130,L049916,2026-03-29,1208.51,Open
OP011131,L049920,2024-08-25,6965.65,Open
OP011132,L049925,2025-04-01,7310.43,Open
OP011133,L049929,2025-10-09,4636.6,Closed Lost
OP011134,L049931,2025-06-28,4027.99,Closed Lost
OP011135,L049934,2024-05-05,13061.43,Closed Won
OP011136,L049936,2026-08-05,1516.72,Open
OP011137,L049938,2024-01-29,922.7,Closed Won
OP011138,L049940,2026-01-01,3252.54,Closed Lost
OP011139,L049941,2026-05-26,1500.91,Closed Won
OP011140,L049942,2025-07-16,5472.88,Closed Won
OP011141,L049946,2025-10-05,1766.82,Closed Won
OP011142,L049950,2024-02-24,1362.55,Closed Won
OP011143,L049958,2025-06-14,9897.25,Closed Won
OP011144,L049962,2026-08-06,4981.11,Open
OP011145,L049966,2025-08-29,2112.58,Closed Won
OP011146,L049972,2026-07-02,7343.15,Closed Won
OP011147,L049973,2024-11-06,250.0,Closed Won
OP011148,L049974,2025-06-09,2348.93,Closed Lost
OP011149,L049976,2026-04-10,12336.25,Closed Won
OP011150,L049983,2026-06-01,1723.87,Open
OP011151,L049989,2024-11-18,986.52,Closed Won
OP011152,L049993,2025-06-04,2149.36,Open
