RevenueID,OpportunityID,LeadID,RevenueDate,RevenueAmount
REV000001,OP000003,L000010,2025-01-31,743.09
REV000002,OP000006,L000015,2025-07-27,2898.97
REV000003,OP000007,L000017,2026-06-30,3455.29
REV000004,OP000008,L000020,2025-02-28,7931.1
REV000005,OP000009,L000035,2025-01-10,1117.57
REV000006,OP000010,L000037,2026-08-16,2639.62
REV000007,OP000011,L000039,2025-10-24,973.33
REV000008,OP000012,L000045,2026-02-16,22084.74
REV000009,OP000013,L000052,2024-09-15,666.21
REV000010,OP000014,L000055,2024-02-01,1580.86
REV000011,OP000015,L000061,2025-08-20,4618.78
REV000012,OP000018,L000074,2025-01-17,1000.13
REV000013,OP000025,L000109,2026-09-13,6095.48
REV000014,OP000027,L000125,2026-03-10,736.25
REV000015,OP000028,L000128,2024-09-09,4924.06
REV000016,OP000030,L000142,2026-04-10,1396.7
REV000017,OP000033,L000151,2025-09-26,6662.22
REV000018,OP000034,L000152,2025-12-09,13657.79
REV000019,OP000035,L000163,2024-02-05,3991.22
REV000020,OP000036,L000164,2025-08-31,4906.83
REV000021,OP000037,L000165,2024-09-07,3173.97
REV000022,OP000038,L000166,2026-01-11,1941.23
REV000023,OP000039,L000167,2026-03-26,8206.65
REV000024,OP000040,L000171,2024-10-31,5249.21
REV000025,OP000044,L000182,2025-01-26,6167.32
REV000026,OP000046,L000188,2024-10-20,4828.04
REV000027,OP000047,L000191,2025-10-29,6156.72
REV000028,OP000048,L000202,2026-01-04,2310.55
REV000029,OP000055,L000233,2026-02-10,1734.95
REV000030,OP000056,L000239,2024-12-05,706.18
REV000031,OP000058,L000243,2024-06-03,487.23
REV000032,OP000061,L000249,2025-05-03,1461.38
REV000033,OP000062,L000251,2024-05-28,9462.24
REV000034,OP000065,L000271,2026-08-21,4313.34
REV000035,OP000066,L000272,2024-03-08,2513.25
REV000036,OP000067,L000273,2025-02-13,3199.9
REV000037,OP000068,L000274,2025-07-16,3540.57
REV000038,OP000070,L000277,2024-10-15,881.41
REV000039,OP000073,L000290,2024-04-11,1954.41
REV000040,OP000075,L000304,2024-12-27,3029.19
REV000041,OP000076,L000305,2025-05-12,4493.82
REV000042,OP000077,L000307,2025-05-10,9458.71
REV000043,OP000078,L000313,2024-10-10,6512.19
REV000044,OP000080,L000340,2024-04-09,50937.22
REV000045,OP000082,L000343,2024-02-21,621.03
REV000046,OP000083,L000355,2025-03-21,1290.28
REV000047,OP000085,L000365,2025-07-14,1146.37
REV000048,OP000087,L000370,2026-03-16,2057.97
REV000049,OP000088,L000373,2024-07-05,1385.13
REV000050,OP000090,L000377,2026-02-20,2427.27
REV000051,OP000091,L000380,2025-07-25,3663.09
REV000052,OP000095,L000403,2026-04-22,1942.07
REV000053,OP000101,L000421,2025-02-13,1436.84
REV000054,OP000103,L000427,2025-01-26,1853.75
REV000055,OP000104,L000431,2024-02-16,11786.32
REV000056,OP000107,L000443,2025-12-16,586.18
REV000057,OP000109,L000449,2024-02-10,14408.35
REV000058,OP000110,L000457,2024-07-06,4734.4
REV000059,OP000111,L000458,2024-05-15,7061.82
REV000060,OP000112,L000459,2025-11-26,1156.33
REV000061,OP000113,L000461,2024-09-13,1150.28
REV000062,OP000114,L000473,2025-09-09,7220.14
REV000063,OP000115,L000477,2026-05-30,5396.56
REV000064,OP000117,L000484,2025-10-27,1153.02
REV000065,OP000118,L000487,2024-05-21,2759.22
REV000066,OP000119,L000490,2026-04-04,1728.87
REV000067,OP000120,L000496,2024-06-09,1576.77
REV000068,OP000121,L000499,2024-11-11,14080.54
REV000069,OP000123,L000516,2024-05-10,963.95
REV000070,OP000124,L000520,2025-12-07,1124.47
REV000071,OP000126,L000527,2025-12-11,1263.51
REV000072,OP000130,L000547,2026-06-16,7075.39
REV000073,OP000132,L000560,2026-05-31,3921.51
REV000074,OP000134,L000567,2025-08-30,5934.97
REV000075,OP000135,L000568,2025-04-13,1368.04
REV000076,OP000136,L000572,2025-04-09,4555.1
REV000077,OP000138,L000584,2024-08-19,5264.2
REV000078,OP000139,L000585,2025-07-16,3692.85
REV000079,OP000141,L000588,2026-08-02,1469.17
REV000080,OP000142,L000589,2025-08-09,3475.14
REV000081,OP000143,L000590,2025-01-07,4167.37
REV000082,OP000144,L000593,2025-05-08,5634.92
REV000083,OP000145,L000602,2026-07-21,2054.44
REV000084,OP000146,L000605,2026-03-04,250.0
REV000085,OP000148,L000613,2025-10-31,4155.93
REV000086,OP000149,L000614,2024-03-29,3703.93
REV000087,OP000150,L000616,2026-07-10,2491.81
REV000088,OP000151,L000620,2026-06-07,1074.66
REV000089,OP000152,L000621,2026-02-20,3486.21
REV000090,OP000156,L000635,2025-06-27,1179.27
REV000091,OP000157,L000636,2024-08-31,1744.42
REV000092,OP000158,L000637,2025-03-03,3841.84
REV000093,OP000159,L000642,2025-11-28,1780.53
REV000094,OP000160,L000651,2024-03-21,21833.18
REV000095,OP000162,L000653,2025-09-09,5080.04
REV000096,OP000164,L000658,2024-03-17,16335.9
REV000097,OP000165,L000664,2025-03-10,1519.78
REV000098,OP000166,L000670,2026-06-05,947.05
REV000099,OP000171,L000688,2024-02-01,3483.97
REV000100,OP000172,L000703,2025-08-12,6806.55
REV000101,OP000173,L000705,2025-07-05,3344.54
REV000102,OP000176,L000726,2024-09-07,13437.98
REV000103,OP000177,L000732,2026-05-16,1682.65
REV000104,OP000178,L000745,2026-01-30,5019.39
REV000105,OP000179,L000748,2024-07-13,1211.9
REV000106,OP000180,L000749,2024-05-24,1883.11
REV000107,OP000182,L000758,2025-11-16,1666.12
REV000108,OP000183,L000765,2025-10-17,10469.93
REV000109,OP000186,L000768,2026-02-02,2639.29
REV000110,OP000188,L000778,2024-05-22,6473.94
REV000111,OP000190,L000783,2025-07-07,326.52
REV000112,OP000191,L000786,2024-02-05,762.9
REV000113,OP000192,L000787,2025-05-30,9024.83
REV000114,OP000193,L000790,2025-06-03,34892.9
REV000115,OP000194,L000795,2024-10-21,5136.57
REV000116,OP000195,L000799,2024-07-15,1373.21
REV000117,OP000196,L000808,2024-05-12,2406.78
REV000118,OP000197,L000811,2025-02-16,20694.65
REV000119,OP000198,L000820,2024-09-25,10488.64
REV000120,OP000201,L000827,2024-05-27,1476.82
REV000121,OP000202,L000832,2025-03-05,2273.2
REV000122,OP000203,L000834,2024-08-02,13097.99
REV000123,OP000205,L000838,2025-01-07,1252.48
REV000124,OP000206,L000839,2026-09-16,1053.47
REV000125,OP000207,L000840,2024-03-31,37724.87
REV000126,OP000208,L000849,2025-11-29,17887.21
REV000127,OP000212,L000868,2026-01-17,6922.46
REV000128,OP000213,L000871,2024-06-07,1325.35
REV000129,OP000215,L000890,2026-02-08,4277.37
REV000130,OP000217,L000895,2024-12-14,1863.06
REV000131,OP000219,L000898,2024-08-07,750.36
REV000132,OP000220,L000906,2024-03-12,2379.39
REV000133,OP000221,L000911,2024-08-23,1557.87
REV000134,OP000222,L000918,2025-11-03,1219.39
REV000135,OP000223,L000919,2024-02-11,250.0
REV000136,OP000227,L000930,2024-08-29,1133.19
REV000137,OP000228,L000934,2025-08-17,561.43
REV000138,OP000229,L000939,2026-01-05,1941.89
REV000139,OP000231,L000950,2025-09-07,17489.02
REV000140,OP000232,L000952,2024-11-25,6315.25
REV000141,OP000233,L000960,2026-05-03,2218.81
REV000142,OP000234,L000962,2025-07-10,532.48
REV000143,OP000239,L000998,2025-02-10,1206.42
REV000144,OP000240,L000999,2025-12-31,1903.13
REV000145,OP000241,L001000,2025-01-18,1131.38
REV000146,OP000242,L001005,2026-07-17,1079.74
REV000147,OP000245,L001010,2024-02-15,7963.81
REV000148,OP000247,L001016,2025-02-20,12570.27
REV000149,OP000248,L001025,2026-07-09,2217.71
REV000150,OP000249,L001040,2026-01-15,981.01
REV000151,OP000250,L001052,2024-02-21,1124.37
REV000152,OP000251,L001061,2024-06-09,1609.06
REV000153,OP000252,L001062,2026-02-08,3980.1
REV000154,OP000253,L001069,2025-10-27,3672.94
REV000155,OP000255,L001072,2026-05-05,2358.25
REV000156,OP000256,L001075,2026-06-08,1717.68
REV000157,OP000257,L001079,2026-09-30,827.04
REV000158,OP000259,L001088,2026-02-17,553.07
REV000159,OP000260,L001093,2024-11-29,34109.73
REV000160,OP000263,L001101,2026-08-12,1934.95
REV000161,OP000264,L001106,2025-08-08,10174.25
REV000162,OP000265,L001108,2024-06-23,7226.82
REV000163,OP000266,L001111,2026-04-05,1572.17
REV000164,OP000270,L001125,2026-02-26,8420.06
REV000165,OP000273,L001136,2024-08-26,643.93
REV000166,OP000274,L001148,2025-06-21,967.48
REV000167,OP000275,L001149,2026-04-01,4287.54
REV000168,OP000276,L001150,2025-11-23,1023.88
REV000169,OP000279,L001158,2026-01-22,1535.17
REV000170,OP000281,L001163,2025-04-03,3670.52
REV000171,OP000286,L001178,2024-06-28,9640.38
REV000172,OP000287,L001185,2025-05-14,13320.59
REV000173,OP000289,L001192,2026-10-01,6638.91
REV000174,OP000290,L001194,2024-05-17,1981.68
REV000175,OP000293,L001200,2025-02-28,5451.49
REV000176,OP000294,L001206,2026-08-29,6242.69
REV000177,OP000295,L001207,2025-09-15,1761.09
REV000178,OP000298,L001219,2024-12-09,610.92
REV000179,OP000299,L001220,2026-08-07,1260.85
REV000180,OP000301,L001233,2026-07-30,2612.04
REV000181,OP000302,L001235,2024-10-16,2460.08
REV000182,OP000303,L001238,2026-06-13,3424.62
REV000183,OP000306,L001256,2025-11-14,5599.09
REV000184,OP000310,L001290,2024-03-23,1174.73
REV000185,OP000311,L001291,2025-12-03,7208.57
REV000186,OP000313,L001304,2025-05-07,4556.94
REV000187,OP000314,L001306,2025-08-31,1053.91
REV000188,OP000316,L001316,2024-11-12,15393.55
REV000189,OP000317,L001325,2025-08-16,4855.41
REV000190,OP000318,L001334,2024-06-17,4740.29
REV000191,OP000319,L001339,2026-07-23,9335.73
REV000192,OP000322,L001360,2024-08-15,5961.51
REV000193,OP000323,L001361,2024-02-29,1141.03
REV000194,OP000324,L001362,2025-03-09,4292.7
REV000195,OP000325,L001363,2024-03-30,11875.45
REV000196,OP000326,L001364,2026-04-23,9715.81
REV000197,OP000328,L001383,2024-02-16,713.87
REV000198,OP000329,L001385,2026-01-22,3241.12
REV000199,OP000330,L001386,2025-05-06,2485.17
REV000200,OP000331,L001392,2026-06-29,1782.3
REV000201,OP000333,L001406,2026-03-16,1330.45
REV000202,OP000335,L001414,2025-09-05,4533.36
REV000203,OP000336,L001415,2024-04-14,2074.03
REV000204,OP000339,L001427,2026-02-08,10781.62
REV000205,OP000341,L001438,2025-09-28,259.25
REV000206,OP000342,L001461,2025-05-09,3478.59
REV000207,OP000345,L001470,2026-08-15,736.56
REV000208,OP000346,L001472,2025-05-02,433.99
REV000209,OP000348,L001475,2024-08-31,2158.61
REV000210,OP000349,L001476,2026-08-04,3375.15
REV000211,OP000350,L001478,2026-02-10,33194.24
REV000212,OP000351,L001493,2026-03-27,690.89
REV000213,OP000352,L001496,2024-05-05,4794.99
REV000214,OP000353,L001498,2025-04-04,25348.46
REV000215,OP000354,L001501,2026-03-11,1233.85
REV000216,OP000355,L001512,2024-06-16,4311.79
REV000217,OP000357,L001522,2025-10-16,2982.39
REV000218,OP000360,L001541,2026-03-13,754.74
REV000219,OP000361,L001542,2025-08-06,11757.62
REV000220,OP000362,L001547,2025-04-17,1976.7
REV000221,OP000365,L001565,2026-08-18,1471.79
REV000222,OP000366,L001567,2025-07-07,1561.01
REV000223,OP000367,L001581,2026-01-11,6394.71
REV000224,OP000370,L001600,2025-04-07,2276.08
REV000225,OP000375,L001614,2025-09-16,1010.45
REV000226,OP000376,L001616,2024-10-01,657.95
REV000227,OP000377,L001620,2026-05-13,1541.83
REV000228,OP000378,L001621,2024-01-25,9286.51
REV000229,OP000379,L001624,2025-01-10,8124.62
REV000230,OP000380,L001626,2026-05-28,2821.91
REV000231,OP000381,L001631,2025-09-21,710.4
REV000232,OP000382,L001635,2024-08-04,4880.45
REV000233,OP000385,L001638,2025-02-16,1486.79
REV000234,OP000386,L001639,2026-08-13,10905.63
REV000235,OP000387,L001640,2024-07-30,1911.63
REV000236,OP000388,L001643,2026-02-11,16106.47
REV000237,OP000390,L001657,2024-03-17,14984.62
REV000238,OP000392,L001668,2025-03-17,953.72
REV000239,OP000394,L001673,2025-06-02,24080.48
REV000240,OP000398,L001686,2025-04-27,2435.81
REV000241,OP000400,L001699,2026-08-11,10770.31
REV000242,OP000401,L001718,2026-01-28,8273.84
REV000243,OP000404,L001741,2024-11-23,3258.68
REV000244,OP000405,L001744,2024-11-18,1948.51
REV000245,OP000406,L001746,2025-04-03,6498.36
REV000246,OP000409,L001760,2024-11-02,1914.02
REV000247,OP000412,L001768,2026-06-15,565.0
REV000248,OP000414,L001774,2024-08-12,25397.15
REV000249,OP000415,L001776,2025-05-28,10098.14
REV000250,OP000416,L001781,2025-02-18,3324.97
REV000251,OP000417,L001786,2026-05-01,525.61
REV000252,OP000420,L001790,2026-01-22,826.37
REV000253,OP000421,L001795,2024-12-17,1839.92
REV000254,OP000423,L001809,2026-04-24,7056.5
REV000255,OP000424,L001810,2024-10-17,338.97
REV000256,OP000425,L001811,2025-02-07,8488.77
REV000257,OP000426,L001823,2026-08-30,1331.31
REV000258,OP000427,L001824,2025-10-31,3749.33
REV000259,OP000428,L001825,2025-02-05,2127.99
REV000260,OP000429,L001833,2025-10-15,7896.94
REV000261,OP000430,L001845,2025-10-10,19772.81
REV000262,OP000431,L001852,2025-12-14,2953.62
REV000263,OP000433,L001860,2026-01-22,5013.08
REV000264,OP000434,L001865,2025-03-17,2534.38
REV000265,OP000436,L001879,2026-07-09,19520.48
REV000266,OP000437,L001885,2024-05-28,6632.24
REV000267,OP000440,L001899,2025-02-18,10733.97
REV000268,OP000442,L001906,2026-06-15,4628.36
REV000269,OP000444,L001930,2024-09-07,982.14
REV000270,OP000445,L001941,2024-07-01,33644.31
REV000271,OP000447,L001953,2024-05-12,3092.18
REV000272,OP000450,L001966,2025-06-28,1879.91
REV000273,OP000451,L001967,2026-09-18,3444.42
REV000274,OP000456,L001993,2024-12-29,3757.89
REV000275,OP000457,L001994,2024-03-12,4434.74
REV000276,OP000458,L001995,2024-11-18,1912.48
REV000277,OP000460,L001998,2026-02-08,13884.19
REV000278,OP000461,L002007,2026-03-30,26104.73
REV000279,OP000462,L002009,2024-04-02,1617.51
REV000280,OP000463,L002012,2026-03-31,4273.73
REV000281,OP000465,L002018,2026-01-05,11415.33
REV000282,OP000466,L002026,2025-03-16,4010.43
REV000283,OP000468,L002033,2024-05-09,2057.1
REV000284,OP000469,L002034,2026-05-07,954.39
REV000285,OP000470,L002037,2026-04-10,1935.74
REV000286,OP000472,L002039,2025-01-20,1486.59
REV000287,OP000474,L002048,2026-08-19,637.73
REV000288,OP000475,L002049,2025-01-15,3141.92
REV000289,OP000476,L002051,2026-04-01,2983.3
REV000290,OP000478,L002053,2025-10-06,2297.56
REV000291,OP000480,L002057,2025-10-12,276.84
REV000292,OP000481,L002058,2025-12-15,735.73
REV000293,OP000482,L002061,2026-04-28,1433.42
REV000294,OP000483,L002066,2024-11-19,835.23
REV000295,OP000486,L002076,2024-08-25,2089.16
REV000296,OP000489,L002085,2026-03-01,4205.63
REV000297,OP000493,L002105,2026-05-02,2075.38
REV000298,OP000494,L002108,2025-06-25,5234.13
REV000299,OP000496,L002130,2025-05-04,3114.28
REV000300,OP000497,L002144,2024-03-30,3679.88
REV000301,OP000500,L002152,2026-01-27,1482.16
REV000302,OP000502,L002167,2026-07-12,3897.95
REV000303,OP000504,L002171,2026-04-30,1083.75
REV000304,OP000505,L002173,2024-04-05,2469.94
REV000305,OP000507,L002181,2024-11-28,9494.27
REV000306,OP000510,L002192,2024-02-23,2194.25
REV000307,OP000511,L002199,2024-11-20,3158.55
REV000308,OP000512,L002205,2026-04-12,2782.59
REV000309,OP000513,L002208,2026-06-16,1888.5
REV000310,OP000514,L002209,2025-04-25,2598.27
REV000311,OP000516,L002217,2026-01-15,5912.35
REV000312,OP000517,L002228,2024-07-04,7755.85
REV000313,OP000519,L002238,2026-03-14,1891.98
REV000314,OP000520,L002241,2025-01-26,1655.89
REV000315,OP000523,L002250,2024-09-23,2637.14
REV000316,OP000524,L002253,2025-06-15,1852.35
REV000317,OP000525,L002254,2025-03-06,1361.67
REV000318,OP000526,L002259,2026-05-11,1680.77
REV000319,OP000527,L002260,2026-02-15,3027.67
REV000320,OP000529,L002267,2025-01-26,10037.66
REV000321,OP000530,L002268,2025-12-30,3139.57
REV000322,OP000531,L002269,2026-09-14,2091.19
REV000323,OP000534,L002273,2024-07-24,2733.99
REV000324,OP000536,L002275,2026-08-23,12543.29
REV000325,OP000537,L002276,2026-03-11,735.42
REV000326,OP000538,L002280,2025-09-10,3829.06
REV000327,OP000539,L002286,2025-11-19,12003.7
REV000328,OP000540,L002291,2026-05-23,707.86
REV000329,OP000541,L002298,2026-05-10,2840.22
REV000330,OP000544,L002306,2024-11-09,1989.24
REV000331,OP000545,L002310,2025-07-16,1809.52
REV000332,OP000546,L002312,2025-07-18,250.0
REV000333,OP000547,L002314,2025-12-04,2296.24
REV000334,OP000552,L002345,2024-06-26,4518.36
REV000335,OP000553,L002346,2024-02-22,4478.12
REV000336,OP000554,L002347,2026-10-09,10411.81
REV000337,OP000555,L002351,2026-08-01,1671.31
REV000338,OP000557,L002353,2026-06-30,26527.57
REV000339,OP000558,L002363,2024-10-01,1165.29
REV000340,OP000559,L002367,2026-04-09,1805.36
REV000341,OP000561,L002370,2025-04-20,10686.34
REV000342,OP000563,L002380,2025-07-09,2071.42
REV000343,OP000564,L002382,2024-02-28,2437.16
REV000344,OP000565,L002384,2024-10-20,4625.6
REV000345,OP000567,L002391,2024-11-01,3983.18
REV000346,OP000568,L002394,2026-07-03,979.45
REV000347,OP000569,L002395,2026-04-07,1185.9
REV000348,OP000570,L002397,2024-09-04,7176.13
REV000349,OP000572,L002408,2026-06-19,11694.55
REV000350,OP000573,L002422,2026-10-10,2348.14
REV000351,OP000574,L002424,2026-07-17,6288.83
REV000352,OP000576,L002440,2025-06-26,1851.64
REV000353,OP000579,L002457,2024-11-22,4832.83
REV000354,OP000581,L002465,2026-03-26,8689.28
REV000355,OP000582,L002466,2025-11-25,866.44
REV000356,OP000584,L002480,2024-05-14,3022.4
REV000357,OP000586,L002489,2024-12-24,4465.0
REV000358,OP000587,L002490,2026-04-09,560.04
REV000359,OP000592,L002508,2024-03-11,5156.29
REV000360,OP000596,L002528,2024-08-04,16575.08
REV000361,OP000597,L002530,2024-10-09,8890.67
REV000362,OP000598,L002548,2026-06-14,948.0
REV000363,OP000600,L002551,2024-08-16,19171.94
REV000364,OP000601,L002552,2024-04-29,1567.16
REV000365,OP000602,L002555,2024-11-25,3477.16
REV000366,OP000608,L002584,2026-01-26,1005.53
REV000367,OP000610,L002589,2024-10-24,472.52
REV000368,OP000611,L002590,2024-03-01,5067.24
REV000369,OP000612,L002598,2024-11-11,20175.94
REV000370,OP000613,L002599,2025-09-24,1686.99
REV000371,OP000614,L002605,2024-02-10,1229.86
REV000372,OP000616,L002609,2024-10-15,4780.69
REV000373,OP000619,L002614,2024-07-10,1491.23
REV000374,OP000623,L002628,2025-01-27,1530.08
REV000375,OP000626,L002656,2026-08-11,3191.33
REV000376,OP000629,L002688,2024-08-21,4367.59
REV000377,OP000630,L002689,2024-04-07,4832.46
REV000378,OP000631,L002690,2026-03-11,716.05
REV000379,OP000633,L002696,2025-11-25,6204.52
REV000380,OP000634,L002697,2026-01-25,625.49
REV000381,OP000635,L002708,2026-09-12,4119.63
REV000382,OP000636,L002713,2025-07-23,2541.85
REV000383,OP000638,L002717,2025-08-01,3967.78
REV000384,OP000640,L002734,2024-09-27,1927.05
REV000385,OP000641,L002742,2024-07-01,1935.36
REV000386,OP000642,L002744,2025-07-05,3783.65
REV000387,OP000643,L002745,2025-10-15,2997.05
REV000388,OP000644,L002747,2024-12-25,843.62
REV000389,OP000646,L002758,2025-04-08,1175.9
REV000390,OP000648,L002762,2025-12-06,5249.19
REV000391,OP000650,L002772,2025-12-07,3157.74
REV000392,OP000651,L002779,2024-06-20,1866.55
REV000393,OP000652,L002783,2024-08-19,6124.99
REV000394,OP000653,L002791,2025-09-16,993.6
REV000395,OP000654,L002797,2024-02-15,2122.25
REV000396,OP000657,L002815,2024-07-16,32827.86
REV000397,OP000658,L002816,2024-04-26,1088.44
REV000398,OP000660,L002819,2026-04-26,3266.98
REV000399,OP000661,L002823,2024-12-21,250.0
REV000400,OP000662,L002826,2024-07-11,2703.12
REV000401,OP000666,L002842,2025-11-26,1097.52
REV000402,OP000668,L002857,2026-06-16,2446.3
REV000403,OP000670,L002870,2024-02-12,1411.24
REV000404,OP000671,L002873,2024-11-28,9702.19
REV000405,OP000673,L002879,2025-02-04,3307.15
REV000406,OP000674,L002881,2025-06-01,1387.6
REV000407,OP000678,L002891,2025-11-06,250.0
REV000408,OP000681,L002897,2025-07-15,4940.43
REV000409,OP000682,L002901,2024-08-27,1181.69
REV000410,OP000686,L002923,2024-06-27,2148.17
REV000411,OP000689,L002934,2025-03-13,3122.96
REV000412,OP000693,L002944,2024-06-30,5661.72
REV000413,OP000695,L002954,2026-08-06,12712.14
REV000414,OP000696,L002957,2025-08-19,8786.53
REV000415,OP000697,L002964,2025-09-02,3303.18
REV000416,OP000698,L002968,2026-01-29,11513.44
REV000417,OP000699,L002975,2024-02-10,483.11
REV000418,OP000700,L002986,2024-06-03,1310.97
REV000419,OP000701,L002990,2025-08-15,24140.5
REV000420,OP000703,L002995,2026-10-08,1290.33
REV000421,OP000705,L003002,2025-09-09,1069.33
REV000422,OP000709,L003020,2025-11-03,3741.17
REV000423,OP000710,L003023,2026-08-04,9210.33
REV000424,OP000711,L003037,2024-05-19,1378.73
REV000425,OP000713,L003047,2024-03-25,4079.34
REV000426,OP000714,L003052,2024-07-18,8315.79
REV000427,OP000715,L003056,2026-03-12,1755.33
REV000428,OP000716,L003072,2024-08-21,14095.95
REV000429,OP000717,L003076,2025-10-13,2600.13
REV000430,OP000719,L003091,2025-01-09,706.67
REV000431,OP000720,L003095,2026-08-11,6787.79
REV000432,OP000721,L003097,2025-12-06,4995.4
REV000433,OP000726,L003106,2026-02-26,2742.35
REV000434,OP000731,L003114,2025-04-19,5221.31
REV000435,OP000733,L003132,2025-09-26,2372.39
REV000436,OP000734,L003148,2025-03-12,464.83
REV000437,OP000735,L003149,2026-07-10,924.23
REV000438,OP000736,L003150,2024-11-02,1261.11
REV000439,OP000737,L003152,2026-06-06,6168.07
REV000440,OP000740,L003181,2024-05-22,2554.95
REV000441,OP000741,L003182,2025-02-01,6811.58
REV000442,OP000744,L003190,2026-01-09,2974.06
REV000443,OP000746,L003209,2026-02-25,17618.3
REV000444,OP000748,L003214,2025-09-09,3842.74
REV000445,OP000749,L003215,2024-08-17,1182.54
REV000446,OP000752,L003223,2025-01-07,328.72
REV000447,OP000753,L003224,2026-01-08,11482.68
REV000448,OP000754,L003225,2026-03-17,334.31
REV000449,OP000756,L003236,2025-03-15,3165.9
REV000450,OP000757,L003244,2026-08-27,572.88
REV000451,OP000758,L003250,2025-05-23,3435.43
REV000452,OP000759,L003255,2024-02-23,7617.41
REV000453,OP000762,L003273,2025-05-04,17737.32
REV000454,OP000764,L003279,2025-10-05,3704.56
REV000455,OP000765,L003288,2024-10-29,10201.55
REV000456,OP000766,L003296,2026-02-13,5271.31
REV000457,OP000767,L003302,2024-10-27,4448.51
REV000458,OP000768,L003314,2024-05-15,3247.48
REV000459,OP000769,L003327,2024-08-20,11172.34
REV000460,OP000771,L003332,2025-11-28,6431.38
REV000461,OP000772,L003335,2026-02-09,1626.05
REV000462,OP000773,L003345,2025-09-01,1018.45
REV000463,OP000775,L003368,2025-01-10,10377.47
REV000464,OP000776,L003374,2025-04-16,6529.19
REV000465,OP000778,L003389,2026-01-20,4112.04
REV000466,OP000780,L003398,2025-06-03,13306.1
REV000467,OP000781,L003416,2025-11-11,2916.42
REV000468,OP000782,L003423,2024-02-19,18728.94
REV000469,OP000783,L003437,2024-08-24,627.16
REV000470,OP000785,L003440,2025-09-20,4059.47
REV000471,OP000786,L003456,2025-12-20,13803.88
REV000472,OP000787,L003463,2024-03-17,7382.6
REV000473,OP000788,L003467,2026-08-30,814.53
REV000474,OP000791,L003477,2024-12-22,9462.81
REV000475,OP000792,L003480,2024-02-05,1383.11
REV000476,OP000793,L003481,2024-08-11,713.29
REV000477,OP000794,L003486,2024-03-19,828.02
REV000478,OP000796,L003488,2025-06-26,3925.3
REV000479,OP000797,L003492,2024-05-26,2286.72
REV000480,OP000801,L003510,2024-02-21,2068.43
REV000481,OP000806,L003531,2024-08-13,2145.61
REV000482,OP000808,L003541,2025-06-04,2815.31
REV000483,OP000809,L003542,2024-11-27,4169.42
REV000484,OP000810,L003547,2026-01-13,2380.1
REV000485,OP000813,L003553,2026-04-23,933.08
REV000486,OP000816,L003567,2025-01-17,4409.24
REV000487,OP000817,L003572,2024-03-04,15304.29
REV000488,OP000819,L003586,2024-11-11,2331.48
REV000489,OP000821,L003605,2024-06-19,4098.42
REV000490,OP000822,L003612,2024-05-21,16392.7
REV000491,OP000823,L003619,2024-02-08,1359.82
REV000492,OP000824,L003620,2025-07-28,1473.1
REV000493,OP000826,L003633,2025-03-26,8858.11
REV000494,OP000827,L003634,2024-08-02,1273.75
REV000495,OP000829,L003645,2024-12-11,1375.05
REV000496,OP000832,L003675,2026-09-13,2304.89
REV000497,OP000834,L003686,2026-05-26,998.94
REV000498,OP000836,L003688,2026-04-29,5512.36
REV000499,OP000837,L003693,2025-10-07,2633.56
REV000500,OP000838,L003695,2026-06-25,2825.6
REV000501,OP000845,L003730,2025-07-29,9341.44
REV000502,OP000848,L003750,2024-08-16,538.58
REV000503,OP000852,L003759,2025-09-09,986.73
REV000504,OP000854,L003774,2024-11-07,2197.99
REV000505,OP000855,L003777,2026-01-13,9763.52
REV000506,OP000859,L003800,2026-03-21,26091.74
REV000507,OP000861,L003806,2025-11-13,3689.39
REV000508,OP000863,L003816,2026-08-14,2996.34
REV000509,OP000865,L003819,2024-12-12,2289.9
REV000510,OP000866,L003824,2024-09-10,3249.15
REV000511,OP000867,L003825,2025-01-18,4150.37
REV000512,OP000868,L003827,2025-05-30,1559.33
REV000513,OP000869,L003832,2024-09-24,4223.2
REV000514,OP000870,L003836,2024-10-03,5114.47
REV000515,OP000872,L003838,2025-03-07,1064.68
REV000516,OP000873,L003855,2025-11-30,892.52
REV000517,OP000874,L003858,2024-10-28,4392.77
REV000518,OP000875,L003861,2025-09-11,3601.12
REV000519,OP000877,L003863,2025-07-18,32986.07
REV000520,OP000879,L003868,2025-01-14,13224.18
REV000521,OP000881,L003872,2025-09-15,1217.66
REV000522,OP000882,L003875,2026-01-19,1303.23
REV000523,OP000883,L003877,2024-02-26,6592.16
REV000524,OP000885,L003882,2026-07-23,2476.23
REV000525,OP000887,L003889,2024-12-30,2492.96
REV000526,OP000888,L003891,2026-01-03,3061.45
REV000527,OP000889,L003892,2024-07-13,966.29
REV000528,OP000890,L003897,2024-02-21,1236.15
REV000529,OP000892,L003904,2024-07-26,3312.73
REV000530,OP000893,L003905,2024-06-02,1016.61
REV000531,OP000894,L003911,2025-03-25,2816.56
REV000532,OP000895,L003915,2025-11-30,3821.07
REV000533,OP000897,L003925,2025-05-25,4599.21
REV000534,OP000898,L003927,2024-05-05,6841.28
REV000535,OP000899,L003928,2025-09-20,2763.36
REV000536,OP000900,L003930,2024-05-28,1237.13
REV000537,OP000903,L003958,2024-02-08,3223.81
REV000538,OP000904,L003959,2026-04-18,1434.53
REV000539,OP000905,L003961,2024-12-27,768.89
REV000540,OP000906,L003976,2025-09-17,2354.23
REV000541,OP000907,L003979,2025-10-07,1272.43
REV000542,OP000908,L003989,2025-07-17,3322.06
REV000543,OP000909,L003991,2024-05-14,4514.77
REV000544,OP000912,L004003,2025-05-30,5895.94
REV000545,OP000915,L004013,2024-02-21,794.53
REV000546,OP000918,L004029,2026-10-11,9817.8
REV000547,OP000919,L004036,2024-06-09,8593.02
REV000548,OP000920,L004040,2026-01-29,4997.69
REV000549,OP000921,L004047,2024-11-06,5742.75
REV000550,OP000924,L004060,2026-04-18,9231.22
REV000551,OP000925,L004070,2024-08-08,8136.14
REV000552,OP000926,L004071,2025-03-10,9887.77
REV000553,OP000928,L004084,2026-05-22,3008.11
REV000554,OP000929,L004087,2026-09-15,4793.56
REV000555,OP000930,L004091,2024-10-15,8404.78
REV000556,OP000931,L004093,2025-09-01,2769.61
REV000557,OP000933,L004108,2026-02-11,2792.96
REV000558,OP000936,L004133,2026-01-17,1856.75
REV000559,OP000940,L004155,2024-12-27,2690.23
REV000560,OP000941,L004158,2024-10-28,883.84
REV000561,OP000944,L004217,2025-02-14,5144.63
REV000562,OP000946,L004240,2025-10-09,783.97
REV000563,OP000947,L004245,2024-09-25,1828.02
REV000564,OP000948,L004251,2025-11-05,4571.66
REV000565,OP000950,L004264,2025-10-01,18250.42
REV000566,OP000951,L004266,2024-10-15,4842.93
REV000567,OP000952,L004271,2026-06-01,1411.06
REV000568,OP000953,L004280,2024-11-13,24478.67
REV000569,OP000954,L004289,2024-02-21,3386.6
REV000570,OP000957,L004304,2026-03-06,7113.68
REV000571,OP000958,L004307,2025-08-09,5866.31
REV000572,OP000959,L004321,2026-07-20,6904.51
REV000573,OP000962,L004328,2025-07-12,15233.33
REV000574,OP000963,L004336,2025-07-17,2959.2
REV000575,OP000965,L004356,2026-08-07,6120.78
REV000576,OP000966,L004359,2024-08-14,3083.73
REV000577,OP000967,L004360,2024-10-31,4652.88
REV000578,OP000969,L004364,2024-09-22,2061.59
REV000579,OP000970,L004373,2025-09-30,7051.05
REV000580,OP000972,L004380,2024-11-18,1490.63
REV000581,OP000974,L004391,2026-01-30,18771.53
REV000582,OP000977,L004407,2024-03-12,1731.36
REV000583,OP000978,L004409,2025-07-23,4540.76
REV000584,OP000980,L004425,2026-04-08,2299.26
REV000585,OP000981,L004434,2024-09-11,4405.98
REV000586,OP000982,L004446,2024-11-16,900.53
REV000587,OP000983,L004450,2024-02-21,2777.21
REV000588,OP000986,L004462,2024-11-29,1673.36
REV000589,OP000988,L004465,2025-04-23,3522.26
REV000590,OP000990,L004470,2025-06-23,1709.17
REV000591,OP000992,L004483,2026-04-11,3501.77
REV000592,OP000994,L004500,2026-08-27,1018.18
REV000593,OP000999,L004539,2026-09-05,8838.97
REV000594,OP001000,L004541,2025-04-01,1763.27
REV000595,OP001001,L004544,2024-05-06,983.58
REV000596,OP001002,L004546,2025-02-17,4490.82
REV000597,OP001003,L004552,2024-02-06,2541.84
REV000598,OP001007,L004581,2024-06-25,3459.15
REV000599,OP001008,L004589,2025-08-13,3194.45
REV000600,OP001009,L004592,2026-01-29,2660.09
REV000601,OP001010,L004598,2025-01-08,3895.31
REV000602,OP001011,L004599,2024-07-03,951.5
REV000603,OP001013,L004603,2026-02-27,10939.62
REV000604,OP001015,L004615,2024-03-22,19485.65
REV000605,OP001016,L004617,2026-03-12,2848.11
REV000606,OP001017,L004622,2024-07-08,1164.9
REV000607,OP001018,L004623,2026-05-23,11949.84
REV000608,OP001021,L004636,2026-02-16,537.77
REV000609,OP001022,L004638,2024-08-22,7256.28
REV000610,OP001023,L004640,2024-04-28,4489.67
REV000611,OP001025,L004651,2026-06-21,6509.05
REV000612,OP001026,L004652,2025-11-04,2879.88
REV000613,OP001028,L004660,2025-12-21,744.26
REV000614,OP001029,L004663,2024-12-15,1021.59
REV000615,OP001032,L004679,2025-07-26,15351.52
REV000616,OP001034,L004694,2024-12-08,2775.8
REV000617,OP001035,L004695,2025-03-15,1998.79
REV000618,OP001036,L004702,2026-04-25,3594.35
REV000619,OP001037,L004705,2024-05-09,4064.95
REV000620,OP001038,L004714,2024-12-10,549.33
REV000621,OP001039,L004722,2025-07-07,2901.3
REV000622,OP001044,L004734,2024-07-11,6016.06
REV000623,OP001045,L004738,2026-01-20,2326.58
REV000624,OP001046,L004743,2026-08-26,1000.12
REV000625,OP001047,L004746,2025-05-17,1700.19
REV000626,OP001049,L004761,2024-12-08,2963.24
REV000627,OP001052,L004777,2024-10-18,937.32
REV000628,OP001054,L004782,2026-03-20,1280.23
REV000629,OP001056,L004785,2026-02-28,1470.28
REV000630,OP001059,L004798,2024-06-22,1547.45
REV000631,OP001060,L004799,2024-12-05,1178.02
REV000632,OP001061,L004802,2025-01-01,7643.27
REV000633,OP001063,L004813,2026-09-11,7991.97
REV000634,OP001065,L004818,2024-11-06,7663.26
REV000635,OP001066,L004827,2026-03-29,10487.16
REV000636,OP001068,L004833,2026-07-20,974.64
REV000637,OP001072,L004848,2026-02-06,8683.47
REV000638,OP001073,L004852,2025-11-30,250.0
REV000639,OP001074,L004854,2025-10-16,1763.72
REV000640,OP001075,L004855,2026-06-04,9532.46
REV000641,OP001076,L004856,2025-04-12,5654.51
REV000642,OP001080,L004876,2025-01-22,1916.34
REV000643,OP001081,L004880,2026-05-11,3402.28
REV000644,OP001082,L004885,2025-03-31,541.02
REV000645,OP001084,L004893,2026-03-28,1309.76
REV000646,OP001085,L004902,2024-11-12,1891.48
REV000647,OP001086,L004930,2026-08-12,485.41
REV000648,OP001088,L004936,2026-06-06,1161.32
REV000649,OP001089,L004937,2024-07-10,459.09
REV000650,OP001090,L004942,2025-11-16,5138.66
REV000651,OP001091,L004945,2024-04-18,1945.79
REV000652,OP001092,L004950,2025-06-16,6032.4
REV000653,OP001093,L004955,2024-05-21,2666.12
REV000654,OP001094,L004957,2024-09-06,3633.51
REV000655,OP001096,L004964,2025-04-28,12799.23
REV000656,OP001097,L004966,2025-08-16,3920.72
REV000657,OP001098,L004979,2026-02-09,16656.72
REV000658,OP001099,L004989,2024-10-15,1134.84
REV000659,OP001103,L005011,2026-01-26,6127.4
REV000660,OP001105,L005018,2026-02-11,4421.54
REV000661,OP001107,L005027,2025-06-13,1473.22
REV000662,OP001109,L005035,2026-04-28,2706.1
REV000663,OP001113,L005054,2025-07-18,5502.11
REV000664,OP001114,L005060,2024-07-26,2893.72
REV000665,OP001115,L005073,2024-07-27,3621.84
REV000666,OP001116,L005078,2024-07-19,2443.38
REV000667,OP001117,L005080,2024-07-01,4251.73
REV000668,OP001118,L005086,2024-10-03,8980.9
REV000669,OP001119,L005093,2024-11-17,275.74
REV000670,OP001120,L005094,2026-02-01,4626.55
REV000671,OP001122,L005097,2024-10-26,6286.84
REV000672,OP001123,L005100,2025-01-25,4156.52
REV000673,OP001124,L005103,2024-02-17,421.04
REV000674,OP001126,L005107,2026-03-27,17051.91
REV000675,OP001127,L005109,2025-06-18,871.68
REV000676,OP001129,L005113,2024-10-05,3093.48
REV000677,OP001131,L005141,2026-04-06,1751.88
REV000678,OP001133,L005144,2026-08-29,1841.61
REV000679,OP001134,L005145,2024-12-15,5502.29
REV000680,OP001135,L005153,2025-04-09,5928.08
REV000681,OP001136,L005154,2026-01-04,1045.56
REV000682,OP001137,L005162,2025-09-05,6226.64
REV000683,OP001138,L005189,2025-04-24,1769.84
REV000684,OP001141,L005208,2026-03-27,3955.96
REV000685,OP001144,L005216,2026-04-28,2669.92
REV000686,OP001145,L005220,2025-02-13,693.86
REV000687,OP001146,L005222,2024-12-10,389.7
REV000688,OP001147,L005223,2025-01-20,7331.1
REV000689,OP001148,L005225,2024-10-06,4943.22
REV000690,OP001150,L005240,2026-03-02,1647.22
REV000691,OP001151,L005243,2026-10-13,1559.31
REV000692,OP001152,L005246,2024-02-12,2391.15
REV000693,OP001153,L005256,2024-05-05,1098.96
REV000694,OP001155,L005262,2025-02-24,1242.25
REV000695,OP001156,L005265,2024-04-22,1655.86
REV000696,OP001157,L005269,2025-06-17,4106.31
REV000697,OP001159,L005272,2025-03-14,7074.88
REV000698,OP001160,L005274,2025-05-11,1584.73
REV000699,OP001161,L005275,2025-10-18,1292.34
REV000700,OP001162,L005279,2026-05-26,2268.49
REV000701,OP001164,L005286,2024-02-21,1353.92
REV000702,OP001165,L005294,2025-10-12,5465.72
REV000703,OP001166,L005295,2025-03-08,15132.27
REV000704,OP001169,L005309,2025-10-06,1480.37
REV000705,OP001170,L005311,2026-02-03,2273.44
REV000706,OP001172,L005319,2025-09-18,4357.07
REV000707,OP001178,L005345,2026-09-20,905.85
REV000708,OP001181,L005356,2026-04-05,14851.2
REV000709,OP001182,L005357,2026-03-15,11074.81
REV000710,OP001183,L005358,2024-04-04,6327.93
REV000711,OP001184,L005359,2025-11-27,5311.07
REV000712,OP001186,L005367,2026-09-08,6715.22
REV000713,OP001187,L005370,2026-02-06,2586.47
REV000714,OP001193,L005401,2025-02-09,250.0
REV000715,OP001194,L005407,2024-04-01,1206.8
REV000716,OP001197,L005415,2025-09-09,6925.63
REV000717,OP001199,L005430,2025-03-22,2080.03
REV000718,OP001201,L005437,2024-02-29,345.35
REV000719,OP001202,L005440,2025-11-12,349.74
REV000720,OP001203,L005445,2026-06-19,1023.62
REV000721,OP001204,L005446,2025-02-06,26944.37
REV000722,OP001205,L005453,2026-04-21,5367.78
REV000723,OP001206,L005456,2025-10-12,4514.85
REV000724,OP001209,L005466,2025-10-11,3723.1
REV000725,OP001210,L005467,2024-10-07,1526.68
REV000726,OP001211,L005468,2026-03-04,29310.88
REV000727,OP001212,L005476,2025-12-30,974.75
REV000728,OP001216,L005490,2025-04-01,1780.41
REV000729,OP001217,L005491,2026-04-14,2220.55
REV000730,OP001218,L005494,2026-03-24,1349.54
REV000731,OP001219,L005495,2026-07-02,7290.06
REV000732,OP001222,L005505,2026-03-25,9257.47
REV000733,OP001225,L005528,2025-08-15,1242.87
REV000734,OP001226,L005529,2024-04-19,2807.0
REV000735,OP001229,L005538,2024-08-25,2638.16
REV000736,OP001231,L005560,2025-01-12,2833.3
REV000737,OP001232,L005563,2025-02-22,2577.22
REV000738,OP001233,L005565,2025-12-30,682.87
REV000739,OP001235,L005573,2025-02-20,2821.56
REV000740,OP001236,L005578,2025-02-08,1831.48
REV000741,OP001238,L005586,2026-07-06,2348.08
REV000742,OP001239,L005595,2026-01-19,5736.82
REV000743,OP001241,L005604,2024-09-27,3567.77
REV000744,OP001243,L005612,2024-02-14,1163.25
REV000745,OP001244,L005615,2026-01-29,4512.25
REV000746,OP001245,L005626,2024-11-15,3486.23
REV000747,OP001247,L005633,2024-08-20,451.02
REV000748,OP001248,L005639,2026-01-17,1526.9
REV000749,OP001249,L005640,2024-07-28,966.44
REV000750,OP001250,L005643,2025-06-25,1384.05
REV000751,OP001252,L005646,2024-10-20,4287.11
REV000752,OP001255,L005656,2025-04-06,4475.36
REV000753,OP001256,L005657,2024-09-04,5354.08
REV000754,OP001259,L005672,2024-07-13,8227.87
REV000755,OP001260,L005676,2025-07-18,2884.96
REV000756,OP001261,L005683,2025-07-03,1884.4
REV000757,OP001265,L005701,2024-10-07,2023.79
REV000758,OP001266,L005702,2024-12-25,1447.39
REV000759,OP001267,L005705,2024-05-06,2225.02
REV000760,OP001269,L005711,2026-09-09,738.01
REV000761,OP001270,L005714,2026-09-28,752.19
REV000762,OP001271,L005718,2026-05-30,27100.39
REV000763,OP001272,L005725,2024-09-17,6829.15
REV000764,OP001273,L005727,2026-04-08,1850.33
REV000765,OP001274,L005728,2025-11-07,4848.92
REV000766,OP001276,L005731,2025-08-09,2335.86
REV000767,OP001277,L005732,2024-08-26,1939.62
REV000768,OP001279,L005746,2025-10-01,8799.91
REV000769,OP001281,L005753,2025-02-05,16064.69
REV000770,OP001283,L005756,2026-03-26,389.55
REV000771,OP001284,L005762,2025-07-18,1606.51
REV000772,OP001287,L005783,2024-05-12,250.0
REV000773,OP001289,L005789,2024-07-27,22945.56
REV000774,OP001290,L005790,2024-06-13,2508.17
REV000775,OP001292,L005806,2026-07-22,1150.07
REV000776,OP001293,L005809,2026-04-29,3181.88
REV000777,OP001294,L005810,2024-11-20,2764.7
REV000778,OP001296,L005825,2026-01-18,1344.81
REV000779,OP001297,L005840,2024-04-20,250.0
REV000780,OP001298,L005867,2024-04-01,5921.72
REV000781,OP001299,L005871,2024-11-07,2298.16
REV000782,OP001301,L005873,2025-12-23,2699.38
REV000783,OP001305,L005896,2024-02-04,2346.88
REV000784,OP001306,L005897,2024-07-17,1053.21
REV000785,OP001308,L005904,2026-01-01,1101.46
REV000786,OP001309,L005907,2024-04-15,8816.58
REV000787,OP001310,L005918,2025-07-12,8196.12
REV000788,OP001311,L005920,2024-06-30,7586.19
REV000789,OP001312,L005927,2024-07-09,3928.41
REV000790,OP001314,L005932,2026-09-17,8381.16
REV000791,OP001315,L005944,2024-05-16,764.28
REV000792,OP001316,L005951,2025-09-11,962.91
REV000793,OP001318,L005957,2024-12-22,11122.44
REV000794,OP001321,L005969,2024-10-17,15209.41
REV000795,OP001322,L005970,2024-03-03,638.94
REV000796,OP001323,L005971,2026-09-03,8658.92
REV000797,OP001327,L005978,2024-04-20,3986.06
REV000798,OP001331,L005993,2025-10-10,1748.2
REV000799,OP001334,L006015,2024-09-29,21789.09
REV000800,OP001335,L006025,2024-06-02,7964.88
REV000801,OP001336,L006027,2026-02-17,1030.4
REV000802,OP001338,L006032,2024-11-18,2620.54
REV000803,OP001341,L006049,2026-07-01,9267.73
REV000804,OP001342,L006050,2025-03-28,1024.83
REV000805,OP001345,L006057,2025-03-06,15497.74
REV000806,OP001347,L006067,2025-07-22,2986.34
REV000807,OP001348,L006069,2025-11-07,1342.41
REV000808,OP001351,L006084,2024-12-31,4367.24
REV000809,OP001352,L006085,2024-03-26,5207.36
REV000810,OP001353,L006086,2025-11-11,1807.27
REV000811,OP001354,L006089,2024-02-04,810.98
REV000812,OP001355,L006095,2024-07-04,3231.03
REV000813,OP001356,L006096,2025-03-15,538.77
REV000814,OP001358,L006109,2026-04-04,5638.35
REV000815,OP001359,L006113,2025-03-23,828.26
REV000816,OP001360,L006121,2025-07-08,16003.31
REV000817,OP001361,L006122,2026-01-21,3662.73
REV000818,OP001363,L006130,2026-09-19,2289.72
REV000819,OP001366,L006143,2026-01-14,15507.4
REV000820,OP001367,L006144,2024-11-14,3566.81
REV000821,OP001368,L006151,2026-03-18,18394.36
REV000822,OP001369,L006152,2026-06-27,38670.74
REV000823,OP001370,L006153,2026-03-06,1949.15
REV000824,OP001373,L006164,2026-05-12,3534.64
REV000825,OP001374,L006166,2025-03-08,7224.36
REV000826,OP001375,L006173,2024-03-13,22127.0
REV000827,OP001378,L006176,2024-02-21,10005.57
REV000828,OP001380,L006183,2025-05-15,928.12
REV000829,OP001383,L006194,2024-07-19,2809.6
REV000830,OP001384,L006195,2025-07-12,6006.09
REV000831,OP001385,L006196,2026-02-24,755.92
REV000832,OP001386,L006205,2025-09-14,1204.59
REV000833,OP001389,L006215,2024-06-05,902.54
REV000834,OP001391,L006235,2025-08-25,23108.19
REV000835,OP001393,L006240,2025-03-18,11641.9
REV000836,OP001394,L006241,2025-06-10,16476.64
REV000837,OP001396,L006249,2026-06-14,1001.99
REV000838,OP001397,L006251,2026-06-06,2404.61
REV000839,OP001398,L006255,2024-11-23,4190.85
REV000840,OP001399,L006256,2024-08-27,1286.56
REV000841,OP001400,L006257,2025-10-16,250.0
REV000842,OP001406,L006285,2025-03-11,8837.88
REV000843,OP001408,L006294,2026-08-14,2742.25
REV000844,OP001410,L006297,2025-02-06,427.77
REV000845,OP001411,L006300,2025-04-16,1921.39
REV000846,OP001412,L006316,2025-05-07,2910.09
REV000847,OP001413,L006324,2025-03-02,2732.29
REV000848,OP001414,L006335,2026-03-31,3871.42
REV000849,OP001415,L006340,2024-11-10,855.78
REV000850,OP001417,L006350,2024-12-01,1175.52
REV000851,OP001419,L006353,2024-07-28,1732.2
REV000852,OP001420,L006357,2025-03-04,3204.63
REV000853,OP001422,L006362,2025-11-20,13148.68
REV000854,OP001423,L006367,2024-02-25,4631.57
REV000855,OP001424,L006368,2024-06-08,1725.26
REV000856,OP001429,L006380,2025-12-02,250.0
REV000857,OP001430,L006393,2026-02-26,1278.2
REV000858,OP001433,L006412,2026-03-01,4951.66
REV000859,OP001434,L006414,2025-06-03,1140.95
REV000860,OP001437,L006421,2026-07-26,1542.81
REV000861,OP001439,L006449,2026-04-15,6525.21
REV000862,OP001440,L006450,2025-10-17,1078.4
REV000863,OP001441,L006458,2024-03-16,4365.99
REV000864,OP001442,L006469,2024-02-16,2310.57
REV000865,OP001444,L006478,2024-10-11,1732.45
REV000866,OP001445,L006479,2025-08-19,12004.19
REV000867,OP001446,L006494,2026-06-21,778.13
REV000868,OP001447,L006496,2024-09-30,1039.72
REV000869,OP001448,L006501,2026-08-14,952.15
REV000870,OP001449,L006502,2024-05-28,912.66
REV000871,OP001451,L006507,2024-10-02,1885.79
REV000872,OP001453,L006517,2025-04-05,447.02
REV000873,OP001454,L006520,2024-12-08,4369.4
REV000874,OP001456,L006528,2026-03-13,1534.07
REV000875,OP001457,L006545,2025-12-18,2527.67
REV000876,OP001459,L006548,2024-05-05,3510.38
REV000877,OP001460,L006551,2025-08-08,8098.35
REV000878,OP001463,L006565,2025-10-25,4918.85
REV000879,OP001464,L006568,2025-03-23,9087.28
REV000880,OP001468,L006587,2024-04-20,498.85
REV000881,OP001469,L006589,2026-08-18,2393.77
REV000882,OP001477,L006623,2024-02-28,927.39
REV000883,OP001481,L006644,2025-12-21,28411.23
REV000884,OP001482,L006646,2025-05-02,3733.45
REV000885,OP001483,L006650,2024-12-19,1371.61
REV000886,OP001484,L006653,2025-08-16,1699.29
REV000887,OP001487,L006678,2025-01-22,950.15
REV000888,OP001489,L006689,2025-10-19,2788.52
REV000889,OP001490,L006690,2024-12-24,5476.58
REV000890,OP001491,L006697,2026-05-13,5800.4
REV000891,OP001493,L006706,2025-03-20,751.87
REV000892,OP001496,L006714,2024-08-16,7140.79
REV000893,OP001497,L006717,2024-12-27,1750.15
REV000894,OP001498,L006734,2024-09-21,6531.12
REV000895,OP001499,L006735,2026-08-20,1285.37
REV000896,OP001501,L006738,2026-02-19,4386.22
REV000897,OP001502,L006744,2025-12-31,3738.71
REV000898,OP001504,L006760,2026-07-11,2983.71
REV000899,OP001505,L006761,2026-01-26,2678.17
REV000900,OP001506,L006762,2025-01-13,2236.44
REV000901,OP001507,L006763,2026-03-10,4009.18
REV000902,OP001509,L006778,2026-04-23,6276.8
REV000903,OP001510,L006780,2026-03-28,1034.92
REV000904,OP001511,L006782,2024-06-07,1762.0
REV000905,OP001512,L006783,2024-03-03,3326.46
REV000906,OP001513,L006792,2026-08-05,537.51
REV000907,OP001514,L006796,2025-04-19,5455.02
REV000908,OP001515,L006797,2026-06-22,2135.64
REV000909,OP001516,L006801,2025-02-26,1123.2
REV000910,OP001518,L006806,2025-06-14,1452.8
REV000911,OP001520,L006809,2025-05-29,26344.55
REV000912,OP001523,L006818,2025-11-26,3155.62
REV000913,OP001524,L006821,2024-09-28,4263.0
REV000914,OP001527,L006839,2024-07-19,7774.25
REV000915,OP001528,L006846,2024-11-08,2506.9
REV000916,OP001529,L006864,2024-11-08,13694.56
REV000917,OP001531,L006869,2025-12-15,4227.77
REV000918,OP001532,L006873,2025-11-13,8104.49
REV000919,OP001536,L006888,2025-05-03,12097.73
REV000920,OP001537,L006891,2025-04-25,263.79
REV000921,OP001539,L006905,2025-08-31,1099.28
REV000922,OP001541,L006917,2025-03-10,2262.26
REV000923,OP001542,L006918,2025-06-04,4869.13
REV000924,OP001543,L006923,2024-11-06,6190.32
REV000925,OP001544,L006924,2026-07-16,2081.13
REV000926,OP001545,L006926,2025-12-10,7376.09
REV000927,OP001546,L006927,2026-03-02,15881.99
REV000928,OP001549,L006939,2025-03-20,1593.45
REV000929,OP001550,L006940,2025-06-29,8269.84
REV000930,OP001551,L006941,2024-12-26,518.16
REV000931,OP001553,L006955,2025-10-12,6377.32
REV000932,OP001555,L006958,2024-06-02,1188.22
REV000933,OP001557,L006966,2026-01-11,1459.98
REV000934,OP001558,L006976,2025-03-14,707.86
REV000935,OP001559,L006979,2025-09-16,1938.88
REV000936,OP001560,L006981,2024-11-09,11760.44
REV000937,OP001561,L006985,2025-02-04,11164.99
REV000938,OP001562,L006986,2025-09-02,1377.82
REV000939,OP001564,L007000,2025-04-07,6356.85
REV000940,OP001565,L007001,2024-05-06,8403.94
REV000941,OP001567,L007006,2024-04-05,3887.11
REV000942,OP001568,L007014,2024-09-02,1406.93
REV000943,OP001569,L007022,2025-10-15,2852.14
REV000944,OP001570,L007030,2026-01-02,5650.86
REV000945,OP001571,L007032,2025-09-13,2650.26
REV000946,OP001572,L007035,2025-05-03,4324.1
REV000947,OP001576,L007050,2024-10-25,2985.5
REV000948,OP001578,L007053,2025-08-14,3091.1
REV000949,OP001579,L007054,2026-01-01,9758.29
REV000950,OP001580,L007060,2024-04-01,8915.97
REV000951,OP001582,L007067,2024-02-28,4538.8
REV000952,OP001583,L007074,2024-05-09,2504.96
REV000953,OP001585,L007076,2024-12-04,13932.4
REV000954,OP001586,L007080,2024-11-19,946.01
REV000955,OP001588,L007087,2024-06-15,1514.51
REV000956,OP001589,L007092,2024-10-10,674.33
REV000957,OP001594,L007121,2026-05-19,11949.25
REV000958,OP001595,L007122,2025-07-19,2390.48
REV000959,OP001597,L007127,2024-07-03,6077.41
REV000960,OP001602,L007152,2026-08-20,2126.12
REV000961,OP001603,L007155,2024-12-25,1014.27
REV000962,OP001604,L007156,2025-02-04,2851.68
REV000963,OP001606,L007173,2025-07-15,872.65
REV000964,OP001608,L007183,2025-08-12,4003.72
REV000965,OP001609,L007188,2025-03-16,2456.66
REV000966,OP001613,L007215,2026-05-31,3809.71
REV000967,OP001614,L007219,2024-09-26,18715.74
REV000968,OP001617,L007236,2024-05-22,4205.26
REV000969,OP001620,L007251,2024-12-16,1698.14
REV000970,OP001622,L007263,2024-12-24,5799.13
REV000971,OP001623,L007267,2025-09-01,616.98
REV000972,OP001628,L007290,2024-02-14,28122.6
REV000973,OP001629,L007291,2025-03-16,4295.32
REV000974,OP001630,L007304,2024-02-23,2638.59
REV000975,OP001631,L007319,2026-02-07,1598.54
REV000976,OP001633,L007333,2025-07-04,641.72
REV000977,OP001637,L007347,2024-03-12,9103.51
REV000978,OP001638,L007349,2025-05-11,1149.54
REV000979,OP001639,L007351,2026-08-22,350.24
REV000980,OP001640,L007352,2025-01-13,6304.05
REV000981,OP001641,L007354,2024-02-23,3915.54
REV000982,OP001643,L007356,2024-02-03,1424.04
REV000983,OP001645,L007360,2025-09-08,2144.97
REV000984,OP001646,L007361,2025-03-21,2762.23
REV000985,OP001647,L007363,2026-06-03,6219.19
REV000986,OP001648,L007364,2024-02-10,8436.8
REV000987,OP001649,L007368,2026-07-21,657.59
REV000988,OP001652,L007373,2026-03-22,1053.38
REV000989,OP001654,L007377,2026-06-02,1057.72
REV000990,OP001655,L007380,2025-05-06,10678.68
REV000991,OP001656,L007381,2024-12-19,3177.87
REV000992,OP001657,L007385,2024-07-26,1690.85
REV000993,OP001658,L007386,2026-02-22,965.39
REV000994,OP001661,L007400,2025-04-22,1997.11
REV000995,OP001662,L007402,2024-09-12,3109.96
REV000996,OP001663,L007403,2024-09-15,4760.33
REV000997,OP001664,L007405,2024-10-08,26618.28
REV000998,OP001669,L007440,2026-06-02,3757.43
REV000999,OP001671,L007445,2024-10-20,546.12
REV001000,OP001673,L007452,2026-02-19,2104.04
REV001001,OP001674,L007453,2025-11-28,675.08
REV001002,OP001677,L007474,2025-10-24,3222.3
REV001003,OP001679,L007490,2025-06-13,9645.23
REV001004,OP001680,L007492,2025-10-08,4012.02
REV001005,OP001681,L007501,2026-08-04,7478.69
REV001006,OP001682,L007506,2026-02-27,3817.23
REV001007,OP001687,L007525,2024-12-07,293.36
REV001008,OP001688,L007531,2026-08-21,1379.57
REV001009,OP001690,L007549,2024-11-01,3160.31
REV001010,OP001691,L007550,2025-12-09,9716.45
REV001011,OP001694,L007561,2026-07-13,3441.01
REV001012,OP001696,L007564,2026-02-26,2617.51
REV001013,OP001697,L007566,2025-02-23,2476.8
REV001014,OP001698,L007570,2026-05-05,3690.89
REV001015,OP001699,L007583,2024-06-04,471.26
REV001016,OP001700,L007586,2024-03-23,2704.79
REV001017,OP001703,L007611,2026-07-12,2855.33
REV001018,OP001704,L007612,2025-04-25,704.27
REV001019,OP001705,L007614,2026-04-30,7636.77
REV001020,OP001710,L007633,2025-07-22,589.69
REV001021,OP001711,L007634,2024-05-22,967.99
REV001022,OP001715,L007660,2024-09-06,9050.81
REV001023,OP001716,L007661,2025-05-22,4673.24
REV001024,OP001717,L007668,2024-11-23,1479.32
REV001025,OP001718,L007675,2024-09-16,1269.48
REV001026,OP001719,L007688,2025-01-16,2430.64
REV001027,OP001723,L007696,2026-07-25,3151.37
REV001028,OP001725,L007699,2024-02-26,3172.33
REV001029,OP001726,L007700,2026-02-18,1580.14
REV001030,OP001727,L007703,2025-02-09,3812.67
REV001031,OP001728,L007706,2026-06-03,1560.19
REV001032,OP001729,L007707,2025-12-28,1618.54
REV001033,OP001733,L007724,2024-12-29,5132.16
REV001034,OP001737,L007734,2026-05-07,6936.95
REV001035,OP001738,L007737,2025-12-14,2736.33
REV001036,OP001740,L007751,2025-08-26,360.93
REV001037,OP001741,L007753,2026-03-31,595.4
REV001038,OP001742,L007767,2026-09-20,1995.97
REV001039,OP001745,L007780,2025-06-15,2268.66
REV001040,OP001747,L007783,2026-09-19,5526.37
REV001041,OP001748,L007784,2025-04-02,5542.71
REV001042,OP001750,L007803,2024-06-08,9074.11
REV001043,OP001753,L007813,2025-08-28,4425.93
REV001044,OP001758,L007839,2025-05-15,5519.82
REV001045,OP001759,L007841,2024-11-30,4769.76
REV001046,OP001761,L007855,2025-05-08,6559.24
REV001047,OP001763,L007862,2025-08-23,6312.61
REV001048,OP001764,L007863,2026-04-23,1003.73
REV001049,OP001765,L007868,2025-08-30,1599.99
REV001050,OP001768,L007883,2025-11-05,3859.96
REV001051,OP001769,L007886,2025-08-23,2121.5
REV001052,OP001770,L007887,2024-04-29,3635.11
REV001053,OP001773,L007910,2025-02-25,302.86
REV001054,OP001776,L007922,2024-04-26,2020.61
REV001055,OP001777,L007926,2024-12-20,7579.08
REV001056,OP001778,L007937,2024-06-26,954.65
REV001057,OP001779,L007939,2025-08-23,3389.04
REV001058,OP001780,L007940,2024-12-13,2634.38
REV001059,OP001782,L007948,2026-08-14,1541.85
REV001060,OP001786,L007966,2024-08-17,2167.9
REV001061,OP001787,L007967,2024-12-24,19313.87
REV001062,OP001788,L007974,2025-10-23,2692.92
REV001063,OP001790,L007976,2025-11-20,646.94
REV001064,OP001793,L007983,2025-08-17,1872.34
REV001065,OP001794,L007986,2026-01-18,1668.39
REV001066,OP001796,L007990,2025-10-06,12791.4
REV001067,OP001798,L007992,2025-03-18,6911.22
REV001068,OP001799,L007997,2024-08-16,1446.3
REV001069,OP001800,L008002,2025-08-12,9401.71
REV001070,OP001801,L008007,2025-07-25,2552.54
REV001071,OP001802,L008008,2024-04-22,3158.29
REV001072,OP001803,L008009,2024-08-24,6084.3
REV001073,OP001804,L008012,2024-09-10,10728.5
REV001074,OP001805,L008018,2025-11-08,15559.7
REV001075,OP001811,L008044,2024-08-24,13486.46
REV001076,OP001816,L008081,2024-10-15,2645.05
REV001077,OP001818,L008089,2026-08-19,2728.12
REV001078,OP001820,L008103,2026-07-05,11166.87
REV001079,OP001821,L008106,2024-12-07,5402.47
REV001080,OP001822,L008107,2026-04-25,955.47
REV001081,OP001824,L008113,2025-04-06,629.37
REV001082,OP001825,L008114,2026-06-27,432.52
REV001083,OP001826,L008120,2025-02-04,250.0
REV001084,OP001828,L008128,2025-12-28,3788.42
REV001085,OP001831,L008139,2025-04-11,3043.99
REV001086,OP001833,L008152,2025-12-05,2485.06
REV001087,OP001834,L008164,2024-04-02,1429.11
REV001088,OP001835,L008168,2026-04-05,18412.05
REV001089,OP001836,L008170,2026-04-11,3452.04
REV001090,OP001837,L008174,2025-01-30,2377.61
REV001091,OP001838,L008175,2024-08-05,3142.88
REV001092,OP001841,L008191,2026-02-09,3000.18
REV001093,OP001842,L008192,2025-05-06,2995.57
REV001094,OP001843,L008193,2026-01-08,2421.89
REV001095,OP001844,L008194,2025-11-25,735.01
REV001096,OP001845,L008207,2026-04-17,2901.83
REV001097,OP001848,L008215,2024-04-17,33541.71
REV001098,OP001850,L008230,2024-08-14,4371.33
REV001099,OP001851,L008234,2024-04-15,3736.53
REV001100,OP001852,L008235,2024-12-03,1869.28
REV001101,OP001854,L008246,2026-01-31,12323.69
REV001102,OP001855,L008248,2024-02-07,14780.24
REV001103,OP001857,L008251,2025-02-28,2841.62
REV001104,OP001858,L008253,2025-04-13,2709.01
REV001105,OP001861,L008285,2026-09-17,4654.08
REV001106,OP001863,L008318,2025-01-24,5539.5
REV001107,OP001866,L008338,2024-06-19,929.0
REV001108,OP001868,L008350,2025-10-10,600.0
REV001109,OP001869,L008357,2026-05-13,1453.61
REV001110,OP001870,L008363,2024-04-14,2635.0
REV001111,OP001871,L008370,2025-05-17,1880.68
REV001112,OP001875,L008385,2025-09-15,4070.28
REV001113,OP001877,L008399,2025-09-02,2097.21
REV001114,OP001878,L008401,2026-02-13,3513.09
REV001115,OP001879,L008413,2025-12-10,733.71
REV001116,OP001882,L008416,2025-06-21,1219.92
REV001117,OP001884,L008426,2024-12-07,2982.16
REV001118,OP001885,L008430,2026-04-28,2198.04
REV001119,OP001889,L008453,2025-10-24,5982.84
REV001120,OP001891,L008467,2026-01-10,17182.36
REV001121,OP001892,L008469,2025-02-17,1225.78
REV001122,OP001893,L008470,2026-06-11,8109.63
REV001123,OP001895,L008478,2024-07-02,1850.75
REV001124,OP001896,L008482,2026-07-23,1688.99
REV001125,OP001899,L008486,2026-02-05,6396.17
REV001126,OP001900,L008487,2025-07-28,4655.06
REV001127,OP001902,L008496,2024-05-16,1088.59
REV001128,OP001903,L008497,2024-03-16,814.29
REV001129,OP001904,L008506,2024-02-01,12730.1
REV001130,OP001905,L008513,2025-04-02,4517.73
REV001131,OP001907,L008521,2025-05-04,2884.13
REV001132,OP001908,L008524,2026-03-20,1170.42
REV001133,OP001910,L008527,2025-03-24,7214.42
REV001134,OP001912,L008546,2024-04-30,1342.28
REV001135,OP001913,L008555,2025-07-16,1507.6
REV001136,OP001915,L008572,2025-01-14,961.17
REV001137,OP001916,L008582,2024-09-08,2421.54
REV001138,OP001917,L008588,2026-03-18,498.95
REV001139,OP001918,L008590,2025-03-19,1592.32
REV001140,OP001919,L008594,2025-03-24,474.26
REV001141,OP001920,L008598,2024-10-24,3652.39
REV001142,OP001921,L008612,2025-12-15,2506.31
REV001143,OP001922,L008616,2026-06-24,13857.15
REV001144,OP001923,L008622,2025-03-13,4941.58
REV001145,OP001924,L008628,2026-09-11,2087.61
REV001146,OP001925,L008629,2025-01-09,11232.52
REV001147,OP001928,L008634,2025-11-28,4341.1
REV001148,OP001929,L008635,2024-04-05,1446.59
REV001149,OP001931,L008639,2025-09-02,1519.85
REV001150,OP001932,L008642,2024-06-02,1295.84
REV001151,OP001937,L008670,2025-12-19,1019.83
REV001152,OP001939,L008687,2024-05-28,1617.17
REV001153,OP001941,L008690,2025-03-11,250.0
REV001154,OP001942,L008693,2026-02-12,1857.46
REV001155,OP001943,L008695,2026-01-13,7316.15
REV001156,OP001946,L008712,2025-09-15,10458.62
REV001157,OP001951,L008729,2025-01-27,1931.61
REV001158,OP001956,L008745,2025-10-11,4583.65
REV001159,OP001959,L008772,2024-10-25,3189.05
REV001160,OP001960,L008778,2026-09-24,1171.63
REV001161,OP001962,L008782,2024-04-19,621.78
REV001162,OP001963,L008783,2024-10-12,2478.55
REV001163,OP001965,L008796,2024-06-20,3193.9
REV001164,OP001966,L008803,2024-08-22,18573.01
REV001165,OP001967,L008804,2024-11-14,21495.76
REV001166,OP001968,L008811,2024-05-06,5166.31
REV001167,OP001971,L008831,2024-02-13,5332.89
REV001168,OP001972,L008840,2024-03-18,1772.91
REV001169,OP001973,L008842,2024-03-16,1308.5
REV001170,OP001975,L008848,2026-06-02,2803.97
REV001171,OP001976,L008851,2024-12-06,966.32
REV001172,OP001978,L008853,2025-01-04,9967.43
REV001173,OP001979,L008855,2025-08-24,19218.72
REV001174,OP001980,L008858,2026-01-23,725.42
REV001175,OP001981,L008859,2026-03-01,941.07
REV001176,OP001982,L008860,2025-07-20,12323.19
REV001177,OP001983,L008868,2025-08-22,2609.58
REV001178,OP001986,L008892,2025-04-02,2450.18
REV001179,OP001988,L008901,2025-08-09,3110.21
REV001180,OP001989,L008906,2026-03-03,3375.83
REV001181,OP001990,L008908,2025-11-29,11035.61
REV001182,OP001991,L008910,2024-04-26,7557.92
REV001183,OP001992,L008915,2025-05-06,3584.87
REV001184,OP001993,L008932,2024-09-07,4146.01
REV001185,OP001994,L008934,2024-12-04,3810.27
REV001186,OP001997,L008942,2026-05-28,1609.12
REV001187,OP001998,L008944,2025-04-24,5428.13
REV001188,OP001999,L008952,2025-09-07,2790.15
REV001189,OP002000,L008958,2025-03-24,6284.47
REV001190,OP002001,L008960,2025-03-12,747.09
REV001191,OP002002,L008963,2026-06-16,1372.97
REV001192,OP002006,L008990,2025-05-08,1053.13
REV001193,OP002007,L008992,2025-04-23,3592.97
REV001194,OP002008,L008993,2024-09-07,4868.27
REV001195,OP002009,L008996,2025-08-03,1491.41
REV001196,OP002012,L009004,2025-10-05,9208.47
REV001197,OP002013,L009010,2024-10-18,626.93
REV001198,OP002014,L009019,2026-06-26,4429.83
REV001199,OP002015,L009022,2025-11-28,1684.17
REV001200,OP002016,L009026,2024-06-06,7011.97
REV001201,OP002017,L009034,2025-04-12,2698.06
REV001202,OP002018,L009038,2025-10-17,65886.86
REV001203,OP002020,L009046,2025-06-05,2054.06
REV001204,OP002021,L009052,2025-12-08,8789.63
REV001205,OP002023,L009058,2024-11-11,2316.05
REV001206,OP002026,L009085,2026-05-10,517.34
REV001207,OP002027,L009087,2025-12-10,12399.18
REV001208,OP002028,L009089,2024-09-27,792.94
REV001209,OP002030,L009103,2024-12-19,3966.33
REV001210,OP002031,L009108,2025-11-14,1362.84
REV001211,OP002032,L009114,2025-11-21,2248.05
REV001212,OP002033,L009122,2025-04-15,913.58
REV001213,OP002035,L009127,2024-07-26,15707.34
REV001214,OP002036,L009132,2025-10-25,1337.07
REV001215,OP002040,L009152,2024-12-19,1793.98
REV001216,OP002041,L009154,2025-12-23,1207.09
REV001217,OP002042,L009156,2024-09-16,2592.84
REV001218,OP002046,L009171,2026-04-27,7784.0
REV001219,OP002047,L009172,2024-12-22,2413.41
REV001220,OP002049,L009176,2026-07-03,988.09
REV001221,OP002055,L009193,2025-04-21,10237.92
REV001222,OP002057,L009201,2024-07-27,2622.78
REV001223,OP002058,L009203,2024-11-01,3359.12
REV001224,OP002059,L009205,2024-07-02,1619.7
REV001225,OP002061,L009208,2024-12-14,2728.95
REV001226,OP002068,L009238,2026-06-15,1471.39
REV001227,OP002069,L009239,2026-09-30,981.67
REV001228,OP002070,L009240,2026-01-02,563.44
REV001229,OP002073,L009266,2024-12-01,1576.79
REV001230,OP002076,L009286,2025-03-01,3339.07
REV001231,OP002077,L009287,2026-09-06,2641.16
REV001232,OP002078,L009299,2025-06-03,561.57
REV001233,OP002080,L009310,2025-01-21,1329.91
REV001234,OP002082,L009325,2025-03-03,2181.92
REV001235,OP002083,L009326,2024-06-14,13001.25
REV001236,OP002085,L009339,2024-11-27,3855.58
REV001237,OP002086,L009340,2025-06-25,5028.29
REV001238,OP002088,L009346,2026-01-10,1146.16
REV001239,OP002089,L009350,2024-12-18,12417.28
REV001240,OP002090,L009351,2024-07-05,18729.9
REV001241,OP002092,L009376,2025-12-11,792.68
REV001242,OP002095,L009386,2024-06-26,1974.16
REV001243,OP002096,L009394,2024-02-15,3541.34
REV001244,OP002098,L009404,2025-01-22,1761.95
REV001245,OP002099,L009407,2024-08-27,8408.69
REV001246,OP002103,L009431,2024-09-16,1236.33
REV001247,OP002105,L009436,2025-03-18,4533.61
REV001248,OP002107,L009445,2024-08-13,1178.26
REV001249,OP002108,L009447,2024-09-24,5169.64
REV001250,OP002111,L009462,2026-02-13,1101.62
REV001251,OP002112,L009467,2026-01-21,2104.96
REV001252,OP002113,L009472,2025-09-20,6593.47
REV001253,OP002114,L009477,2026-01-23,2744.11
REV001254,OP002117,L009504,2025-09-02,23501.04
REV001255,OP002118,L009505,2026-04-24,508.14
REV001256,OP002119,L009507,2024-11-16,7956.91
REV001257,OP002121,L009515,2024-03-15,1622.33
REV001258,OP002123,L009519,2025-02-11,754.95
REV001259,OP002127,L009538,2025-05-03,2966.45
REV001260,OP002128,L009541,2024-12-27,1208.1
REV001261,OP002130,L009545,2024-04-15,7679.64
REV001262,OP002131,L009549,2025-02-02,2201.08
REV001263,OP002132,L009556,2024-09-11,6941.41
REV001264,OP002133,L009568,2024-03-28,3244.38
REV001265,OP002137,L009575,2026-09-28,1652.39
REV001266,OP002138,L009579,2025-10-18,10249.81
REV001267,OP002139,L009581,2024-09-26,1606.93
REV001268,OP002140,L009584,2026-08-21,6349.86
REV001269,OP002142,L009597,2024-09-24,4130.63
REV001270,OP002143,L009600,2024-04-06,7452.21
REV001271,OP002144,L009609,2026-05-15,1573.03
REV001272,OP002146,L009611,2024-05-07,2697.44
REV001273,OP002147,L009615,2025-04-02,3301.56
REV001274,OP002148,L009617,2026-04-05,981.57
REV001275,OP002149,L009619,2025-03-12,756.94
REV001276,OP002151,L009627,2025-02-12,5421.82
REV001277,OP002154,L009641,2024-07-06,2139.47
REV001278,OP002156,L009645,2025-04-21,1448.32
REV001279,OP002158,L009651,2025-02-14,1553.21
REV001280,OP002160,L009663,2024-11-10,3675.71
REV001281,OP002163,L009670,2025-12-25,666.85
REV001282,OP002164,L009672,2024-10-25,12042.77
REV001283,OP002165,L009687,2024-07-18,7546.86
REV001284,OP002166,L009688,2024-12-30,506.68
REV001285,OP002167,L009689,2025-05-18,533.28
REV001286,OP002169,L009701,2024-09-22,883.74
REV001287,OP002170,L009710,2026-02-11,768.08
REV001288,OP002172,L009718,2024-07-04,967.66
REV001289,OP002174,L009735,2025-05-11,50810.58
REV001290,OP002176,L009738,2025-06-19,2463.84
REV001291,OP002177,L009739,2026-10-03,3176.64
REV001292,OP002178,L009748,2026-08-26,8036.07
REV001293,OP002179,L009749,2026-05-14,1750.86
REV001294,OP002180,L009756,2026-07-20,693.89
REV001295,OP002181,L009757,2026-08-14,3265.18
REV001296,OP002183,L009764,2024-04-05,11214.91
REV001297,OP002185,L009768,2026-06-26,1448.03
REV001298,OP002186,L009771,2025-05-30,7243.38
REV001299,OP002187,L009773,2025-05-02,5806.23
REV001300,OP002188,L009779,2025-05-15,7638.26
REV001301,OP002190,L009790,2024-02-27,8374.61
REV001302,OP002191,L009795,2026-09-25,7477.6
REV001303,OP002194,L009811,2026-09-29,847.2
REV001304,OP002197,L009821,2025-11-21,14829.87
REV001305,OP002198,L009826,2025-07-28,1266.73
REV001306,OP002199,L009830,2024-03-26,3191.01
REV001307,OP002200,L009833,2026-08-26,17027.23
REV001308,OP002201,L009834,2025-06-23,3452.38
REV001309,OP002202,L009838,2025-04-28,6195.64
REV001310,OP002204,L009850,2024-11-25,12767.72
REV001311,OP002205,L009858,2024-04-28,2264.2
REV001312,OP002206,L009860,2025-06-02,1647.85
REV001313,OP002209,L009864,2025-05-13,2729.84
REV001314,OP002210,L009868,2026-01-27,3051.78
REV001315,OP002211,L009869,2024-11-16,879.09
REV001316,OP002214,L009895,2025-10-02,5719.03
REV001317,OP002216,L009908,2024-01-24,372.29
REV001318,OP002220,L009927,2025-12-24,4861.19
REV001319,OP002221,L009940,2025-03-10,2288.61
REV001320,OP002223,L009942,2025-04-26,586.71
REV001321,OP002224,L009946,2024-07-12,8420.59
REV001322,OP002225,L009948,2025-06-17,2206.0
REV001323,OP002227,L009962,2024-01-10,1989.9
REV001324,OP002228,L009969,2026-08-22,2320.17
REV001325,OP002231,L009991,2026-03-27,11016.44
REV001326,OP002232,L009995,2025-11-08,3870.66
REV001327,OP002235,L010006,2026-09-28,1843.2
REV001328,OP002236,L010009,2024-06-13,573.45
REV001329,OP002237,L010014,2024-10-28,2936.49
REV001330,OP002238,L010023,2024-05-31,2793.78
REV001331,OP002239,L010032,2025-09-21,2727.13
REV001332,OP002241,L010038,2025-02-02,842.19
REV001333,OP002242,L010041,2026-09-08,21280.87
REV001334,OP002243,L010056,2025-07-12,3242.65
REV001335,OP002244,L010061,2024-01-29,1352.76
REV001336,OP002248,L010076,2025-03-17,16358.87
REV001337,OP002250,L010086,2026-04-08,1845.99
REV001338,OP002251,L010090,2026-08-22,3219.07
REV001339,OP002252,L010093,2025-11-01,310.08
REV001340,OP002253,L010097,2026-06-22,816.47
REV001341,OP002255,L010105,2025-07-10,21514.12
REV001342,OP002258,L010125,2024-11-07,7028.01
REV001343,OP002259,L010126,2024-02-10,1552.34
REV001344,OP002263,L010159,2025-01-13,6353.9
REV001345,OP002265,L010171,2024-10-21,9180.77
REV001346,OP002266,L010175,2024-06-07,716.4
REV001347,OP002268,L010179,2025-07-25,4245.62
REV001348,OP002270,L010200,2026-02-04,44834.69
REV001349,OP002274,L010220,2025-02-02,2516.79
REV001350,OP002275,L010222,2025-04-12,279.27
REV001351,OP002278,L010245,2026-07-14,4006.95
REV001352,OP002279,L010246,2025-02-19,2554.22
REV001353,OP002280,L010250,2025-12-08,48275.8
REV001354,OP002281,L010253,2025-12-13,2994.77
REV001355,OP002282,L010254,2025-08-06,7118.01
REV001356,OP002286,L010272,2024-09-12,9712.06
REV001357,OP002289,L010281,2025-03-04,22636.48
REV001358,OP002290,L010284,2026-04-30,1687.05
REV001359,OP002293,L010301,2024-11-11,3956.93
REV001360,OP002294,L010302,2026-05-10,3729.83
REV001361,OP002295,L010317,2026-01-01,3033.25
REV001362,OP002296,L010324,2024-08-10,2686.29
REV001363,OP002299,L010331,2024-10-26,1219.37
REV001364,OP002302,L010342,2024-03-27,5666.83
REV001365,OP002303,L010349,2024-11-07,924.41
REV001366,OP002304,L010350,2026-02-18,1504.91
REV001367,OP002305,L010359,2024-01-24,1288.69
REV001368,OP002306,L010371,2026-07-08,6832.92
REV001369,OP002308,L010381,2025-07-16,665.12
REV001370,OP002309,L010382,2025-07-29,3266.54
REV001371,OP002311,L010389,2025-09-05,3212.95
REV001372,OP002314,L010396,2025-01-20,5969.16
REV001373,OP002317,L010405,2024-05-22,2408.0
REV001374,OP002319,L010411,2026-08-03,901.47
REV001375,OP002321,L010428,2025-07-08,2329.74
REV001376,OP002322,L010431,2025-11-17,3234.59
REV001377,OP002323,L010443,2024-06-23,1394.87
REV001378,OP002324,L010451,2025-05-15,1601.39
REV001379,OP002325,L010467,2026-01-08,2110.42
REV001380,OP002330,L010485,2024-05-28,9290.47
REV001381,OP002331,L010492,2025-08-22,3184.83
REV001382,OP002332,L010493,2025-11-22,9510.77
REV001383,OP002334,L010513,2025-03-31,6178.7
REV001384,OP002335,L010518,2024-02-23,2708.72
REV001385,OP002336,L010521,2026-02-28,2782.51
REV001386,OP002337,L010522,2025-03-02,773.6
REV001387,OP002338,L010524,2026-09-13,670.77
REV001388,OP002339,L010531,2026-06-02,6049.39
REV001389,OP002340,L010532,2024-08-03,1033.27
REV001390,OP002341,L010534,2024-04-27,7780.47
REV001391,OP002342,L010546,2025-01-14,3591.35
REV001392,OP002344,L010550,2024-04-10,5540.04
REV001393,OP002345,L010551,2025-06-03,1294.78
REV001394,OP002346,L010555,2024-11-20,4456.66
REV001395,OP002347,L010558,2024-02-22,250.0
REV001396,OP002348,L010561,2026-06-03,3637.2
REV001397,OP002349,L010564,2026-03-19,1425.03
REV001398,OP002350,L010570,2024-10-18,6620.31
REV001399,OP002352,L010575,2024-08-26,1985.97
REV001400,OP002354,L010582,2025-12-14,3455.97
REV001401,OP002355,L010584,2025-10-24,8621.28
REV001402,OP002360,L010595,2026-08-21,3383.55
REV001403,OP002361,L010600,2026-03-23,683.32
REV001404,OP002364,L010612,2024-08-29,2768.67
REV001405,OP002365,L010616,2025-03-24,2809.17
REV001406,OP002367,L010636,2025-10-19,3996.5
REV001407,OP002368,L010637,2026-09-17,7950.58
REV001408,OP002369,L010641,2025-11-03,11671.23
REV001409,OP002370,L010652,2025-06-07,1231.86
REV001410,OP002371,L010655,2026-01-29,7068.77
REV001411,OP002373,L010664,2025-09-03,1292.51
REV001412,OP002374,L010669,2024-10-02,39709.24
REV001413,OP002376,L010683,2024-04-19,1481.03
REV001414,OP002379,L010691,2025-07-25,858.41
REV001415,OP002381,L010703,2024-04-03,6302.6
REV001416,OP002383,L010708,2026-09-16,12763.84
REV001417,OP002384,L010710,2024-10-05,9209.52
REV001418,OP002385,L010712,2026-06-25,260.11
REV001419,OP002387,L010717,2024-02-28,6142.68
REV001420,OP002388,L010722,2026-02-12,815.55
REV001421,OP002392,L010742,2025-03-01,705.12
REV001422,OP002393,L010744,2025-07-20,5830.51
REV001423,OP002394,L010750,2024-11-04,7037.56
REV001424,OP002395,L010753,2025-11-19,3730.83
REV001425,OP002398,L010757,2024-06-30,738.37
REV001426,OP002402,L010769,2025-04-03,512.84
REV001427,OP002404,L010782,2025-09-03,1143.85
REV001428,OP002405,L010799,2026-08-08,2568.44
REV001429,OP002406,L010804,2026-08-28,3421.51
REV001430,OP002407,L010805,2025-11-15,1352.86
REV001431,OP002409,L010809,2024-05-25,3481.96
REV001432,OP002411,L010814,2025-06-28,7281.8
REV001433,OP002412,L010817,2025-09-10,6499.18
REV001434,OP002414,L010824,2025-12-22,605.03
REV001435,OP002415,L010835,2024-06-22,2283.97
REV001436,OP002416,L010837,2026-06-11,2194.51
REV001437,OP002417,L010838,2026-04-08,19071.21
REV001438,OP002418,L010841,2026-03-12,1392.27
REV001439,OP002419,L010843,2026-10-07,2482.54
REV001440,OP002420,L010860,2025-12-23,5012.78
REV001441,OP002422,L010865,2024-08-23,5316.6
REV001442,OP002423,L010866,2025-03-12,2107.86
REV001443,OP002425,L010880,2024-04-27,9390.08
REV001444,OP002427,L010885,2025-02-12,4162.16
REV001445,OP002429,L010887,2025-01-17,15699.78
REV001446,OP002430,L010889,2025-04-06,1629.52
REV001447,OP002431,L010891,2026-06-12,2040.17
REV001448,OP002432,L010899,2025-10-29,419.2
REV001449,OP002434,L010912,2026-08-31,3913.66
REV001450,OP002435,L010915,2026-10-03,4157.6
REV001451,OP002438,L010939,2024-03-28,2068.9
REV001452,OP002439,L010944,2026-04-25,3267.68
REV001453,OP002443,L010955,2024-03-27,5788.39
REV001454,OP002444,L010966,2024-10-24,11121.0
REV001455,OP002445,L010968,2024-08-23,1526.18
REV001456,OP002446,L010979,2025-08-07,3137.56
REV001457,OP002448,L010981,2025-04-03,2650.92
REV001458,OP002451,L010992,2025-04-16,10309.13
REV001459,OP002452,L010995,2026-08-02,18124.37
REV001460,OP002454,L011010,2026-09-15,3706.25
REV001461,OP002455,L011015,2024-03-11,6456.1
REV001462,OP002460,L011063,2025-03-27,15128.11
REV001463,OP002463,L011069,2024-04-25,725.48
REV001464,OP002464,L011071,2024-06-09,3032.16
REV001465,OP002465,L011074,2026-08-12,1809.45
REV001466,OP002466,L011078,2024-08-10,756.87
REV001467,OP002467,L011082,2024-09-10,15491.98
REV001468,OP002468,L011084,2026-08-27,8033.78
REV001469,OP002469,L011096,2024-07-18,1801.08
REV001470,OP002470,L011098,2024-07-01,9026.9
REV001471,OP002474,L011103,2025-01-17,414.01
REV001472,OP002475,L011108,2024-08-20,616.5
REV001473,OP002477,L011136,2025-04-14,3016.2
REV001474,OP002478,L011139,2026-01-08,1122.39
REV001475,OP002479,L011150,2026-01-30,3062.89
REV001476,OP002482,L011155,2026-01-05,2711.47
REV001477,OP002483,L011164,2025-07-30,7126.24
REV001478,OP002488,L011174,2025-11-06,5396.98
REV001479,OP002489,L011181,2026-05-17,3658.11
REV001480,OP002492,L011189,2024-06-13,9074.97
REV001481,OP002493,L011191,2025-10-28,4517.56
REV001482,OP002498,L011215,2024-12-28,2030.51
REV001483,OP002499,L011218,2026-04-19,1245.63
REV001484,OP002500,L011220,2024-08-18,9141.97
REV001485,OP002501,L011222,2024-04-04,2401.66
REV001486,OP002503,L011235,2025-01-28,2461.38
REV001487,OP002504,L011245,2025-12-24,638.16
REV001488,OP002506,L011250,2026-01-23,7565.92
REV001489,OP002507,L011252,2026-03-06,5595.0
REV001490,OP002508,L011255,2026-04-08,7711.04
REV001491,OP002511,L011270,2026-07-13,6007.17
REV001492,OP002512,L011272,2024-11-06,3198.53
REV001493,OP002514,L011283,2025-03-08,3243.8
REV001494,OP002517,L011296,2026-05-22,3696.3
REV001495,OP002518,L011297,2026-03-18,635.94
REV001496,OP002519,L011300,2024-06-23,31209.65
REV001497,OP002520,L011303,2026-01-18,4515.28
REV001498,OP002521,L011307,2025-07-15,5934.86
REV001499,OP002522,L011311,2024-05-29,4697.24
REV001500,OP002523,L011313,2026-06-05,4127.2
REV001501,OP002528,L011327,2025-04-02,2965.31
REV001502,OP002529,L011329,2024-04-07,2652.79
REV001503,OP002530,L011331,2024-10-10,14811.7
REV001504,OP002531,L011339,2026-08-18,2276.62
REV001505,OP002533,L011350,2025-11-29,1275.49
REV001506,OP002534,L011354,2025-11-17,4650.15
REV001507,OP002536,L011360,2024-02-14,2167.51
REV001508,OP002538,L011365,2024-09-21,3516.8
REV001509,OP002539,L011367,2024-06-14,2666.89
REV001510,OP002540,L011371,2026-03-07,1771.14
REV001511,OP002541,L011372,2026-04-22,8514.78
REV001512,OP002545,L011384,2024-09-29,5094.78
REV001513,OP002546,L011385,2026-07-07,21054.57
REV001514,OP002555,L011429,2026-08-26,3963.91
REV001515,OP002556,L011433,2026-01-28,34014.52
REV001516,OP002562,L011450,2026-02-13,1651.93
REV001517,OP002563,L011454,2025-10-12,1462.2
REV001518,OP002565,L011465,2025-11-20,4501.1
REV001519,OP002566,L011466,2025-05-16,2247.18
REV001520,OP002568,L011476,2026-03-28,821.92
REV001521,OP002570,L011485,2026-05-10,1800.11
REV001522,OP002571,L011491,2025-09-01,8203.58
REV001523,OP002575,L011507,2026-04-04,5180.3
REV001524,OP002576,L011508,2025-06-25,6112.4
REV001525,OP002578,L011513,2026-07-16,3066.92
REV001526,OP002582,L011526,2024-10-04,1114.13
REV001527,OP002584,L011531,2025-09-02,5834.74
REV001528,OP002585,L011536,2026-06-20,7828.21
REV001529,OP002586,L011549,2024-04-27,1144.61
REV001530,OP002587,L011566,2025-11-10,7516.07
REV001531,OP002588,L011571,2025-08-20,2123.95
REV001532,OP002589,L011572,2025-05-13,2415.17
REV001533,OP002591,L011582,2026-05-02,693.74
REV001534,OP002592,L011588,2025-05-17,10544.59
REV001535,OP002594,L011595,2024-02-29,3277.13
REV001536,OP002595,L011604,2024-09-01,258.21
REV001537,OP002596,L011614,2024-12-09,4642.28
REV001538,OP002597,L011616,2024-07-15,2169.25
REV001539,OP002598,L011618,2025-07-15,1506.29
REV001540,OP002599,L011625,2024-10-31,1508.05
REV001541,OP002601,L011637,2024-04-05,2282.66
REV001542,OP002602,L011644,2024-10-04,302.86
REV001543,OP002603,L011650,2026-08-25,2340.69
REV001544,OP002604,L011654,2024-12-28,2254.96
REV001545,OP002606,L011661,2024-09-11,1119.93
REV001546,OP002607,L011671,2025-03-30,693.18
REV001547,OP002608,L011679,2025-01-10,1341.16
REV001548,OP002609,L011682,2024-10-01,5656.4
REV001549,OP002612,L011695,2025-01-23,1187.37
REV001550,OP002613,L011698,2025-01-20,19887.97
REV001551,OP002617,L011713,2026-01-05,8294.89
REV001552,OP002618,L011718,2024-06-15,2148.6
REV001553,OP002621,L011725,2024-07-23,1623.4
REV001554,OP002623,L011734,2026-04-24,27144.01
REV001555,OP002624,L011743,2025-04-27,987.96
REV001556,OP002625,L011745,2026-02-01,1880.07
REV001557,OP002627,L011748,2025-03-07,3329.98
REV001558,OP002628,L011768,2026-04-13,13576.66
REV001559,OP002629,L011773,2026-09-22,714.78
REV001560,OP002630,L011776,2024-04-06,5558.1
REV001561,OP002632,L011782,2024-11-30,1603.35
REV001562,OP002635,L011808,2024-07-24,7913.48
REV001563,OP002636,L011809,2025-07-16,23228.03
REV001564,OP002638,L011818,2024-02-20,518.21
REV001565,OP002640,L011821,2025-05-18,9392.43
REV001566,OP002643,L011831,2026-03-19,7702.86
REV001567,OP002645,L011835,2024-03-07,4899.28
REV001568,OP002647,L011839,2025-11-21,1056.39
REV001569,OP002649,L011847,2025-01-29,2418.72
REV001570,OP002650,L011849,2024-03-02,3942.09
REV001571,OP002654,L011861,2026-05-23,24881.89
REV001572,OP002655,L011864,2025-01-29,345.03
REV001573,OP002658,L011878,2024-02-23,11658.47
REV001574,OP002660,L011881,2024-03-18,6152.17
REV001575,OP002662,L011898,2025-05-08,5106.85
REV001576,OP002664,L011906,2025-06-29,2380.91
REV001577,OP002666,L011910,2026-08-19,24869.25
REV001578,OP002667,L011913,2024-06-11,897.4
REV001579,OP002669,L011922,2024-04-14,1693.57
REV001580,OP002672,L011932,2024-11-05,20328.55
REV001581,OP002675,L011964,2025-02-14,3002.09
REV001582,OP002676,L011970,2025-06-04,2088.9
REV001583,OP002677,L011971,2026-09-05,11695.51
REV001584,OP002679,L011974,2026-01-31,2431.2
REV001585,OP002680,L011976,2025-04-26,1778.19
REV001586,OP002681,L011978,2025-10-19,675.44
REV001587,OP002682,L011979,2026-01-31,4412.83
REV001588,OP002683,L011980,2024-09-25,3592.8
REV001589,OP002684,L011982,2024-10-04,3736.45
REV001590,OP002685,L011984,2026-04-01,4586.4
REV001591,OP002686,L011985,2025-07-09,610.83
REV001592,OP002688,L011991,2025-08-15,2159.15
REV001593,OP002689,L011997,2026-09-09,998.27
REV001594,OP002690,L011998,2026-08-26,2289.48
REV001595,OP002692,L012006,2026-01-24,7907.55
REV001596,OP002695,L012030,2025-10-11,3277.8
REV001597,OP002698,L012042,2026-07-05,922.63
REV001598,OP002699,L012043,2024-04-16,5842.94
REV001599,OP002700,L012057,2024-09-11,1559.75
REV001600,OP002701,L012065,2025-04-07,2369.99
REV001601,OP002702,L012066,2025-06-26,2273.38
REV001602,OP002703,L012073,2024-09-07,1374.91
REV001603,OP002704,L012074,2026-08-16,1341.54
REV001604,OP002705,L012089,2026-07-13,1750.09
REV001605,OP002706,L012109,2024-04-01,3315.0
REV001606,OP002707,L012110,2026-02-10,48477.52
REV001607,OP002710,L012132,2025-08-02,4385.78
REV001608,OP002712,L012134,2024-08-11,5995.3
REV001609,OP002717,L012146,2025-05-11,438.2
REV001610,OP002719,L012171,2025-06-06,17993.81
REV001611,OP002720,L012176,2026-07-15,1141.44
REV001612,OP002721,L012187,2025-06-14,1292.43
REV001613,OP002722,L012190,2026-04-19,5606.09
REV001614,OP002723,L012200,2026-07-07,15891.45
REV001615,OP002724,L012203,2026-08-28,725.31
REV001616,OP002725,L012205,2026-03-05,1672.96
REV001617,OP002726,L012209,2024-05-18,990.0
REV001618,OP002727,L012212,2024-11-29,25174.13
REV001619,OP002728,L012213,2024-04-30,1646.74
REV001620,OP002729,L012216,2024-05-20,530.81
REV001621,OP002731,L012219,2025-02-19,3489.91
REV001622,OP002732,L012230,2026-03-24,11518.94
REV001623,OP002733,L012232,2024-04-30,4421.03
REV001624,OP002734,L012235,2024-10-25,9168.67
REV001625,OP002736,L012240,2026-02-24,1871.38
REV001626,OP002739,L012259,2025-12-25,749.63
REV001627,OP002740,L012262,2025-06-23,2504.16
REV001628,OP002741,L012266,2026-03-11,22866.72
REV001629,OP002744,L012284,2025-09-23,5526.61
REV001630,OP002748,L012294,2025-09-24,7534.47
REV001631,OP002750,L012297,2025-05-15,3841.31
REV001632,OP002752,L012299,2026-04-22,7152.8
REV001633,OP002753,L012301,2024-04-10,3229.97
REV001634,OP002754,L012316,2025-07-09,12848.47
REV001635,OP002755,L012324,2025-06-13,1119.81
REV001636,OP002756,L012325,2024-10-08,14191.41
REV001637,OP002759,L012335,2025-07-08,477.32
REV001638,OP002760,L012342,2026-03-28,939.86
REV001639,OP002761,L012343,2024-09-29,8591.88
REV001640,OP002762,L012348,2026-07-26,8495.61
REV001641,OP002766,L012357,2024-02-15,1991.36
REV001642,OP002768,L012365,2024-02-14,3731.81
REV001643,OP002769,L012373,2026-04-01,2634.74
REV001644,OP002770,L012375,2024-12-11,15684.72
REV001645,OP002771,L012382,2024-10-11,7286.18
REV001646,OP002773,L012398,2026-07-11,9255.59
REV001647,OP002774,L012409,2026-04-07,4300.21
REV001648,OP002777,L012415,2025-10-14,3460.8
REV001649,OP002778,L012416,2025-08-21,1926.98
REV001650,OP002779,L012436,2026-02-07,479.69
REV001651,OP002781,L012438,2025-06-21,841.03
REV001652,OP002782,L012439,2024-06-05,3036.74
REV001653,OP002785,L012460,2025-12-15,2609.68
REV001654,OP002787,L012467,2024-02-02,6343.6
REV001655,OP002790,L012486,2025-04-17,1160.72
REV001656,OP002791,L012492,2026-09-27,1828.51
REV001657,OP002792,L012496,2026-02-05,252.27
REV001658,OP002794,L012506,2025-10-01,2671.14
REV001659,OP002795,L012511,2025-08-01,2759.33
REV001660,OP002796,L012514,2026-07-13,10556.35
REV001661,OP002801,L012533,2024-12-15,1337.92
REV001662,OP002802,L012537,2025-09-19,5417.85
REV001663,OP002803,L012539,2026-10-09,603.49
REV001664,OP002804,L012552,2024-09-11,6936.8
REV001665,OP002805,L012561,2026-09-17,13081.15
REV001666,OP002806,L012564,2025-02-24,474.34
REV001667,OP002807,L012566,2025-07-17,12078.47
REV001668,OP002809,L012581,2024-07-04,17726.08
REV001669,OP002812,L012601,2025-02-22,15214.21
REV001670,OP002813,L012605,2026-03-25,5207.05
REV001671,OP002814,L012607,2026-03-10,250.0
REV001672,OP002815,L012613,2025-07-08,2633.08
REV001673,OP002817,L012625,2026-04-11,3021.37
REV001674,OP002819,L012632,2026-07-09,2138.91
REV001675,OP002820,L012633,2026-08-04,1744.99
REV001676,OP002821,L012637,2024-07-05,459.89
REV001677,OP002822,L012639,2025-03-19,2651.17
REV001678,OP002823,L012641,2025-10-22,5713.69
REV001679,OP002824,L012642,2024-03-29,7402.76
REV001680,OP002827,L012656,2024-10-23,12704.26
REV001681,OP002829,L012667,2026-03-27,4019.36
REV001682,OP002830,L012669,2025-01-02,552.39
REV001683,OP002831,L012673,2024-10-16,778.36
REV001684,OP002832,L012675,2025-07-22,5573.26
REV001685,OP002833,L012681,2025-12-17,5284.11
REV001686,OP002834,L012682,2024-03-16,27946.16
REV001687,OP002836,L012688,2026-05-07,5298.09
REV001688,OP002840,L012715,2025-11-02,418.04
REV001689,OP002841,L012717,2025-09-29,3575.01
REV001690,OP002843,L012727,2025-12-19,4501.47
REV001691,OP002845,L012730,2026-06-22,395.84
REV001692,OP002846,L012733,2024-08-11,2921.18
REV001693,OP002847,L012737,2026-01-30,2569.01
REV001694,OP002849,L012742,2024-04-10,649.1
REV001695,OP002851,L012748,2025-11-28,2813.23
REV001696,OP002853,L012764,2025-04-27,1585.94
REV001697,OP002854,L012774,2024-04-30,1101.05
REV001698,OP002855,L012778,2025-07-03,5930.18
REV001699,OP002856,L012779,2024-06-18,10901.43
REV001700,OP002858,L012783,2025-08-12,877.84
REV001701,OP002859,L012786,2025-01-03,1840.21
REV001702,OP002861,L012794,2024-04-24,2587.15
REV001703,OP002863,L012804,2025-08-11,3698.19
REV001704,OP002865,L012819,2025-01-20,1011.87
REV001705,OP002867,L012833,2025-09-06,1603.67
REV001706,OP002868,L012836,2024-06-04,1999.62
REV001707,OP002870,L012840,2024-04-12,3509.62
REV001708,OP002871,L012842,2025-02-24,1273.17
REV001709,OP002872,L012843,2025-05-22,6161.29
REV001710,OP002873,L012845,2025-03-14,2267.8
REV001711,OP002875,L012851,2024-11-01,1371.95
REV001712,OP002876,L012852,2024-10-23,1656.27
REV001713,OP002878,L012862,2026-05-07,1715.4
REV001714,OP002879,L012865,2025-09-07,2673.26
REV001715,OP002880,L012868,2026-09-09,1945.97
REV001716,OP002882,L012873,2026-01-10,10427.99
REV001717,OP002883,L012874,2024-05-11,1461.95
REV001718,OP002884,L012875,2025-10-03,19108.99
REV001719,OP002885,L012876,2024-07-19,2168.06
REV001720,OP002886,L012880,2025-05-24,3124.39
REV001721,OP002887,L012888,2024-11-22,2935.78
REV001722,OP002888,L012894,2024-04-15,1176.98
REV001723,OP002889,L012895,2025-03-11,15369.45
REV001724,OP002890,L012897,2025-07-22,2660.86
REV001725,OP002891,L012902,2025-03-29,13315.64
REV001726,OP002892,L012904,2025-12-20,4268.56
REV001727,OP002893,L012907,2024-11-26,4009.52
REV001728,OP002896,L012916,2024-02-22,3338.48
REV001729,OP002898,L012925,2024-07-01,4326.43
REV001730,OP002899,L012927,2026-01-22,3120.38
REV001731,OP002900,L012928,2026-04-29,755.29
REV001732,OP002902,L012931,2024-03-13,800.69
REV001733,OP002903,L012933,2024-02-22,20589.31
REV001734,OP002905,L012941,2025-02-17,1102.44
REV001735,OP002907,L012951,2024-11-21,1456.73
REV001736,OP002908,L012963,2025-10-11,1586.76
REV001737,OP002911,L012977,2024-08-18,6162.52
REV001738,OP002913,L012991,2025-01-15,1494.62
REV001739,OP002914,L013003,2026-03-06,3426.62
REV001740,OP002915,L013004,2024-03-14,8091.27
REV001741,OP002916,L013009,2024-06-09,679.22
REV001742,OP002918,L013017,2024-12-12,1241.67
REV001743,OP002921,L013026,2025-09-21,2362.73
REV001744,OP002925,L013046,2025-02-20,481.66
REV001745,OP002926,L013049,2024-05-09,1507.34
REV001746,OP002928,L013053,2025-10-18,2780.33
REV001747,OP002929,L013054,2025-05-13,2445.96
REV001748,OP002931,L013066,2024-08-03,968.61
REV001749,OP002932,L013069,2026-01-24,3262.24
REV001750,OP002934,L013075,2024-06-28,5326.28
REV001751,OP002936,L013087,2025-04-18,987.5
REV001752,OP002939,L013096,2024-09-24,21388.23
REV001753,OP002940,L013098,2024-03-01,3416.0
REV001754,OP002944,L013128,2024-08-09,1683.09
REV001755,OP002945,L013133,2024-08-26,867.4
REV001756,OP002948,L013150,2025-02-24,1931.03
REV001757,OP002949,L013155,2025-10-14,597.69
REV001758,OP002951,L013159,2024-09-04,6060.06
REV001759,OP002955,L013168,2025-11-28,6330.98
REV001760,OP002957,L013180,2024-02-01,4257.96
REV001761,OP002958,L013184,2026-05-05,1887.08
REV001762,OP002960,L013194,2025-11-23,294.84
REV001763,OP002962,L013197,2026-02-22,1702.33
REV001764,OP002964,L013208,2024-08-21,7716.81
REV001765,OP002965,L013209,2024-02-22,4858.99
REV001766,OP002967,L013223,2026-04-19,7794.86
REV001767,OP002968,L013226,2025-10-31,6440.38
REV001768,OP002970,L013231,2024-01-20,9106.12
REV001769,OP002971,L013237,2026-08-01,2403.59
REV001770,OP002974,L013241,2025-03-09,250.0
REV001771,OP002975,L013249,2024-10-26,614.46
REV001772,OP002976,L013257,2024-07-20,252.83
REV001773,OP002978,L013263,2024-02-18,5071.61
REV001774,OP002980,L013271,2025-10-25,3240.1
REV001775,OP002981,L013280,2025-11-06,4943.04
REV001776,OP002983,L013290,2024-04-24,5892.14
REV001777,OP002984,L013293,2025-04-02,2554.73
REV001778,OP002986,L013309,2025-11-12,2899.78
REV001779,OP002987,L013311,2025-03-08,2869.15
REV001780,OP002988,L013321,2026-04-15,1128.76
REV001781,OP002991,L013354,2024-08-09,7532.32
REV001782,OP002998,L013386,2025-01-24,7824.7
REV001783,OP002999,L013387,2024-03-24,1286.3
REV001784,OP003002,L013398,2025-09-06,10215.01
REV001785,OP003003,L013420,2024-10-15,1663.97
REV001786,OP003006,L013425,2024-09-28,4134.37
REV001787,OP003007,L013437,2024-11-08,5724.21
REV001788,OP003008,L013438,2025-01-31,5399.24
REV001789,OP003010,L013441,2025-09-12,501.38
REV001790,OP003011,L013446,2026-01-24,1118.15
REV001791,OP003012,L013459,2024-02-12,3728.77
REV001792,OP003015,L013480,2024-08-12,250.0
REV001793,OP003017,L013492,2025-02-16,3950.58
REV001794,OP003019,L013497,2026-09-06,1798.03
REV001795,OP003021,L013501,2024-10-31,4815.01
REV001796,OP003022,L013502,2025-12-27,2026.42
REV001797,OP003023,L013509,2025-12-03,1561.49
REV001798,OP003027,L013519,2026-10-09,2383.2
REV001799,OP003029,L013530,2024-05-18,5704.03
REV001800,OP003030,L013533,2026-05-21,4518.82
REV001801,OP003032,L013538,2025-03-07,18088.46
REV001802,OP003033,L013541,2025-06-21,552.48
REV001803,OP003034,L013542,2024-05-05,1039.63
REV001804,OP003035,L013544,2024-04-22,4519.08
REV001805,OP003038,L013552,2025-05-19,2596.3
REV001806,OP003040,L013575,2026-09-10,2380.84
REV001807,OP003044,L013583,2025-05-02,6713.52
REV001808,OP003047,L013603,2024-01-29,6028.81
REV001809,OP003049,L013623,2025-02-14,347.65
REV001810,OP003051,L013640,2024-04-14,1124.13
REV001811,OP003052,L013642,2025-07-03,2899.7
REV001812,OP003053,L013643,2025-09-26,2054.82
REV001813,OP003054,L013645,2026-08-30,1908.49
REV001814,OP003055,L013648,2025-11-12,1193.15
REV001815,OP003056,L013651,2026-08-02,1220.5
REV001816,OP003057,L013656,2024-11-11,1432.82
REV001817,OP003061,L013670,2025-02-13,753.6
REV001818,OP003062,L013674,2026-02-12,1386.36
REV001819,OP003064,L013680,2025-04-13,15622.38
REV001820,OP003066,L013685,2025-07-03,695.86
REV001821,OP003068,L013692,2024-02-25,316.5
REV001822,OP003070,L013699,2026-03-18,9747.18
REV001823,OP003072,L013704,2026-06-17,6775.23
REV001824,OP003074,L013714,2024-07-30,2745.47
REV001825,OP003076,L013720,2026-03-30,25473.37
REV001826,OP003079,L013740,2026-03-19,4501.79
REV001827,OP003080,L013746,2024-06-09,913.29
REV001828,OP003082,L013749,2025-05-28,1498.34
REV001829,OP003084,L013751,2024-02-06,5472.17
REV001830,OP003085,L013757,2025-09-07,345.67
REV001831,OP003086,L013764,2026-04-08,3349.67
REV001832,OP003089,L013768,2025-02-28,8040.94
REV001833,OP003090,L013773,2025-08-12,13479.52
REV001834,OP003094,L013790,2025-06-01,2805.27
REV001835,OP003096,L013796,2024-04-03,20884.18
REV001836,OP003097,L013801,2026-08-21,11566.17
REV001837,OP003098,L013807,2026-03-19,4861.79
REV001838,OP003099,L013814,2024-03-26,5041.84
REV001839,OP003102,L013833,2024-10-02,10502.7
REV001840,OP003106,L013843,2024-02-14,1599.52
REV001841,OP003107,L013846,2025-02-26,5073.76
REV001842,OP003110,L013865,2024-10-11,938.37
REV001843,OP003111,L013867,2025-02-21,6552.88
REV001844,OP003113,L013873,2025-03-06,608.4
REV001845,OP003114,L013874,2026-08-31,3602.19
REV001846,OP003115,L013880,2025-04-24,444.47
REV001847,OP003116,L013881,2024-09-30,971.68
REV001848,OP003117,L013885,2024-04-05,9335.66
REV001849,OP003120,L013896,2024-11-14,13889.94
REV001850,OP003121,L013899,2026-10-06,5765.09
REV001851,OP003124,L013907,2024-07-12,20221.55
REV001852,OP003130,L013940,2026-04-21,1421.18
REV001853,OP003132,L013964,2026-06-12,5340.79
REV001854,OP003134,L013976,2024-06-04,1101.33
REV001855,OP003135,L013979,2026-10-06,3389.43
REV001856,OP003136,L013981,2024-07-08,13486.23
REV001857,OP003140,L014023,2026-03-10,2163.24
REV001858,OP003142,L014026,2025-06-26,4501.44
REV001859,OP003143,L014032,2026-09-19,7385.92
REV001860,OP003144,L014036,2025-11-21,818.2
REV001861,OP003147,L014043,2026-09-12,651.91
REV001862,OP003148,L014044,2025-12-08,2043.49
REV001863,OP003149,L014048,2025-11-30,1750.26
REV001864,OP003150,L014053,2024-10-20,2301.86
REV001865,OP003151,L014054,2026-07-29,9643.65
REV001866,OP003152,L014057,2026-01-29,3421.18
REV001867,OP003154,L014064,2025-07-19,464.53
REV001868,OP003155,L014071,2026-02-23,1645.31
REV001869,OP003156,L014072,2024-07-11,1850.7
REV001870,OP003157,L014075,2024-11-08,1666.44
REV001871,OP003158,L014076,2026-01-27,2155.92
REV001872,OP003159,L014077,2025-05-20,24334.09
REV001873,OP003160,L014080,2026-08-06,1130.56
REV001874,OP003162,L014090,2024-12-19,13132.85
REV001875,OP003164,L014095,2024-11-06,2184.67
REV001876,OP003165,L014096,2024-05-06,7929.28
REV001877,OP003166,L014099,2024-06-18,7237.68
REV001878,OP003167,L014101,2024-12-27,2412.42
REV001879,OP003168,L014103,2026-05-03,4617.65
REV001880,OP003169,L014104,2025-03-22,910.86
REV001881,OP003171,L014116,2026-08-05,5498.47
REV001882,OP003172,L014122,2025-09-07,960.96
REV001883,OP003173,L014128,2024-11-08,4265.57
REV001884,OP003174,L014134,2024-11-28,2893.75
REV001885,OP003175,L014138,2026-03-06,505.23
REV001886,OP003176,L014140,2025-02-14,6703.29
REV001887,OP003178,L014147,2026-08-31,1096.61
REV001888,OP003179,L014148,2024-09-21,5896.41
REV001889,OP003185,L014179,2024-03-07,4730.79
REV001890,OP003187,L014196,2024-12-07,9407.89
REV001891,OP003189,L014204,2025-03-09,2151.58
REV001892,OP003190,L014206,2025-12-17,1342.48
REV001893,OP003191,L014208,2025-03-25,3339.98
REV001894,OP003192,L014216,2024-12-20,1579.78
REV001895,OP003195,L014227,2025-05-09,763.94
REV001896,OP003196,L014235,2024-05-03,4052.9
REV001897,OP003202,L014272,2024-01-29,4994.36
REV001898,OP003204,L014276,2026-01-16,1010.59
REV001899,OP003206,L014282,2025-01-20,2335.6
REV001900,OP003207,L014288,2024-11-03,2058.19
REV001901,OP003208,L014289,2025-08-17,2939.9
REV001902,OP003209,L014300,2025-08-18,1114.96
REV001903,OP003211,L014310,2024-04-14,1706.2
REV001904,OP003215,L014331,2026-03-02,3800.05
REV001905,OP003216,L014333,2024-04-13,31227.67
REV001906,OP003218,L014336,2026-04-12,2711.96
REV001907,OP003221,L014360,2026-07-31,3240.33
REV001908,OP003222,L014362,2025-09-07,837.18
REV001909,OP003225,L014374,2025-04-07,4176.99
REV001910,OP003226,L014375,2024-11-22,36173.51
REV001911,OP003229,L014401,2025-01-16,556.38
REV001912,OP003230,L014406,2025-02-24,2570.84
REV001913,OP003231,L014414,2024-02-29,3272.79
REV001914,OP003232,L014422,2025-05-31,2438.66
REV001915,OP003233,L014425,2025-12-28,1530.8
REV001916,OP003234,L014428,2026-04-26,1473.5
REV001917,OP003236,L014433,2025-10-08,2350.54
REV001918,OP003238,L014439,2026-08-04,6855.22
REV001919,OP003239,L014446,2026-09-07,2368.26
REV001920,OP003240,L014447,2025-10-22,25028.02
REV001921,OP003241,L014452,2025-03-14,3678.23
REV001922,OP003242,L014454,2026-05-09,4858.54
REV001923,OP003243,L014458,2024-11-09,2695.92
REV001924,OP003245,L014475,2026-04-20,4836.46
REV001925,OP003247,L014489,2025-10-14,3484.22
REV001926,OP003249,L014502,2025-05-23,22585.26
REV001927,OP003250,L014505,2026-03-17,6702.97
REV001928,OP003251,L014506,2026-02-16,9601.32
REV001929,OP003253,L014510,2026-01-30,4470.04
REV001930,OP003254,L014511,2025-08-24,10601.12
REV001931,OP003255,L014516,2025-06-12,6700.61
REV001932,OP003256,L014517,2025-07-08,250.0
REV001933,OP003257,L014520,2026-07-30,7321.4
REV001934,OP003259,L014538,2025-06-21,571.77
REV001935,OP003260,L014545,2025-05-13,8227.9
REV001936,OP003262,L014549,2026-06-15,4011.08
REV001937,OP003263,L014555,2024-09-25,2050.89
REV001938,OP003264,L014560,2025-06-19,8217.53
REV001939,OP003269,L014584,2025-08-14,3059.03
REV001940,OP003270,L014586,2024-08-24,831.43
REV001941,OP003271,L014588,2025-06-02,1710.63
REV001942,OP003272,L014598,2026-04-06,5747.57
REV001943,OP003273,L014600,2025-03-08,4827.78
REV001944,OP003276,L014618,2026-02-19,421.76
REV001945,OP003278,L014625,2024-02-17,1474.97
REV001946,OP003279,L014626,2024-07-28,2414.2
REV001947,OP003280,L014630,2025-02-04,1176.2
REV001948,OP003283,L014656,2026-01-31,4185.06
REV001949,OP003284,L014659,2025-10-08,12440.45
REV001950,OP003285,L014660,2026-05-31,16765.23
REV001951,OP003286,L014661,2024-04-02,722.47
REV001952,OP003287,L014663,2025-11-02,3707.98
REV001953,OP003288,L014664,2024-10-29,4318.49
REV001954,OP003290,L014672,2025-04-04,5931.49
REV001955,OP003291,L014674,2026-09-02,3179.99
REV001956,OP003293,L014679,2025-07-03,2680.03
REV001957,OP003294,L014690,2024-04-25,3682.52
REV001958,OP003298,L014704,2026-08-27,1724.07
REV001959,OP003299,L014707,2024-05-29,3126.03
REV001960,OP003300,L014711,2024-08-23,597.73
REV001961,OP003301,L014715,2025-08-30,19907.7
REV001962,OP003304,L014738,2026-07-27,2311.03
REV001963,OP003305,L014740,2026-05-24,17675.49
REV001964,OP003307,L014744,2026-07-07,3679.86
REV001965,OP003308,L014747,2024-03-13,575.21
REV001966,OP003311,L014762,2025-04-26,16425.5
REV001967,OP003312,L014765,2024-06-19,4273.27
REV001968,OP003314,L014770,2024-02-21,1542.49
REV001969,OP003316,L014775,2026-07-11,10769.13
REV001970,OP003318,L014779,2026-08-25,1070.94
REV001971,OP003319,L014782,2025-05-20,1524.32
REV001972,OP003320,L014789,2026-01-20,409.68
REV001973,OP003321,L014794,2025-02-02,3341.58
REV001974,OP003322,L014795,2025-08-29,250.0
REV001975,OP003324,L014803,2024-08-19,749.45
REV001976,OP003327,L014821,2025-06-20,792.2
REV001977,OP003329,L014825,2025-07-10,5404.01
REV001978,OP003330,L014826,2025-09-15,8580.77
REV001979,OP003331,L014835,2024-03-04,4423.22
REV001980,OP003333,L014846,2026-10-05,3275.78
REV001981,OP003335,L014864,2026-03-05,1456.62
REV001982,OP003336,L014866,2026-10-03,6402.96
REV001983,OP003338,L014883,2024-09-29,6797.27
REV001984,OP003340,L014895,2026-04-30,836.46
REV001985,OP003341,L014913,2024-12-30,1438.38
REV001986,OP003342,L014916,2026-01-10,3160.17
REV001987,OP003343,L014925,2024-07-14,2038.68
REV001988,OP003345,L014929,2025-07-28,2217.26
REV001989,OP003346,L014935,2026-06-24,4047.34
REV001990,OP003347,L014940,2025-09-25,1005.19
REV001991,OP003348,L014944,2024-05-02,1406.09
REV001992,OP003353,L014964,2024-04-04,1690.57
REV001993,OP003354,L014966,2024-12-02,15763.72
REV001994,OP003355,L014970,2024-06-13,2687.72
REV001995,OP003356,L014971,2025-09-08,849.68
REV001996,OP003358,L014982,2025-09-15,9296.09
REV001997,OP003363,L015020,2025-02-27,8912.73
REV001998,OP003364,L015021,2025-12-22,2035.36
REV001999,OP003365,L015023,2024-07-08,8752.71
REV002000,OP003367,L015037,2024-04-20,6116.17
REV002001,OP003368,L015038,2025-02-07,4373.39
REV002002,OP003369,L015039,2024-03-03,2502.31
REV002003,OP003371,L015045,2025-02-11,2763.38
REV002004,OP003373,L015052,2025-11-24,18129.22
REV002005,OP003376,L015064,2026-04-18,3703.53
REV002006,OP003380,L015084,2025-05-15,2183.06
REV002007,OP003382,L015090,2024-06-13,4119.99
REV002008,OP003384,L015092,2026-05-19,1964.31
REV002009,OP003385,L015095,2026-01-19,10862.31
REV002010,OP003388,L015107,2026-05-04,1192.95
REV002011,OP003394,L015121,2026-07-12,5276.32
REV002012,OP003398,L015139,2026-06-07,2028.99
REV002013,OP003400,L015142,2024-07-02,66975.76
REV002014,OP003401,L015149,2026-07-24,1188.03
REV002015,OP003402,L015150,2026-09-08,10227.73
REV002016,OP003403,L015156,2025-11-10,1007.64
REV002017,OP003405,L015161,2024-08-25,672.16
REV002018,OP003406,L015163,2025-02-19,3059.28
REV002019,OP003411,L015187,2025-03-20,1192.88
REV002020,OP003412,L015189,2024-02-04,654.65
REV002021,OP003414,L015198,2024-06-21,5156.29
REV002022,OP003416,L015210,2025-08-08,15482.72
REV002023,OP003419,L015215,2024-05-16,10761.25
REV002024,OP003420,L015222,2025-10-04,1743.11
REV002025,OP003423,L015238,2026-04-17,3036.56
REV002026,OP003427,L015250,2024-04-05,573.74
REV002027,OP003433,L015271,2026-08-29,18280.96
REV002028,OP003434,L015272,2026-09-28,3647.91
REV002029,OP003435,L015273,2026-01-10,2888.14
REV002030,OP003437,L015275,2024-02-09,14399.17
REV002031,OP003438,L015288,2025-10-13,9383.66
REV002032,OP003439,L015289,2024-08-11,10248.41
REV002033,OP003440,L015291,2025-11-03,2376.37
REV002034,OP003442,L015296,2025-08-29,1283.52
REV002035,OP003443,L015298,2026-07-27,2051.4
REV002036,OP003444,L015305,2025-04-08,743.9
REV002037,OP003445,L015308,2025-05-09,3025.61
REV002038,OP003446,L015309,2025-06-02,1056.95
REV002039,OP003448,L015315,2025-06-08,3956.99
REV002040,OP003449,L015316,2024-04-25,3633.0
REV002041,OP003450,L015319,2024-07-09,4498.42
REV002042,OP003451,L015323,2025-12-05,10154.47
REV002043,OP003452,L015325,2026-04-15,493.66
REV002044,OP003453,L015336,2024-04-23,2611.97
REV002045,OP003455,L015341,2026-03-12,9562.18
REV002046,OP003456,L015356,2026-05-11,1133.59
REV002047,OP003457,L015360,2026-06-12,2392.35
REV002048,OP003462,L015391,2025-08-04,6073.27
REV002049,OP003464,L015396,2024-02-03,1334.69
REV002050,OP003465,L015404,2024-12-21,5552.95
REV002051,OP003468,L015414,2025-01-06,2904.11
REV002052,OP003469,L015417,2026-01-23,6011.82
REV002053,OP003470,L015419,2025-11-23,2743.46
REV002054,OP003472,L015425,2026-03-12,4629.36
REV002055,OP003473,L015426,2024-11-02,1355.88
REV002056,OP003475,L015432,2024-09-29,722.28
REV002057,OP003476,L015439,2024-03-26,1977.25
REV002058,OP003477,L015444,2024-08-29,2868.1
REV002059,OP003479,L015449,2026-01-20,29228.13
REV002060,OP003482,L015462,2024-09-05,5025.08
REV002061,OP003483,L015463,2025-09-30,700.97
REV002062,OP003485,L015480,2025-04-20,2671.73
REV002063,OP003487,L015488,2024-07-08,1727.2
REV002064,OP003488,L015490,2026-04-13,2265.03
REV002065,OP003489,L015493,2024-01-29,341.24
REV002066,OP003490,L015494,2025-10-27,6057.46
REV002067,OP003491,L015495,2025-08-05,933.82
REV002068,OP003493,L015506,2026-01-31,2209.5
REV002069,OP003494,L015512,2024-08-18,6854.64
REV002070,OP003495,L015517,2026-03-21,9096.81
REV002071,OP003496,L015520,2024-03-12,5986.48
REV002072,OP003497,L015527,2024-05-23,1476.07
REV002073,OP003501,L015549,2024-02-08,1485.32
REV002074,OP003503,L015570,2026-04-06,3368.8
REV002075,OP003504,L015571,2024-05-12,4921.53
REV002076,OP003505,L015574,2025-09-27,4656.88
REV002077,OP003507,L015579,2025-04-04,1490.3
REV002078,OP003508,L015580,2024-09-09,3105.74
REV002079,OP003509,L015582,2025-05-18,1928.1
REV002080,OP003511,L015586,2026-04-28,2340.46
REV002081,OP003515,L015600,2025-11-05,71499.42
REV002082,OP003516,L015601,2026-04-26,3794.91
REV002083,OP003517,L015602,2026-08-09,1520.59
REV002084,OP003521,L015613,2025-09-16,676.88
REV002085,OP003524,L015633,2025-07-07,998.72
REV002086,OP003526,L015635,2024-04-01,2733.65
REV002087,OP003529,L015639,2025-04-03,1798.63
REV002088,OP003530,L015648,2024-03-06,976.38
REV002089,OP003531,L015653,2026-08-29,1552.66
REV002090,OP003532,L015663,2025-10-20,1935.72
REV002091,OP003533,L015665,2024-09-23,3144.16
REV002092,OP003534,L015666,2026-03-07,574.81
REV002093,OP003535,L015670,2025-04-05,2518.38
REV002094,OP003537,L015680,2025-02-20,7586.67
REV002095,OP003538,L015681,2024-02-02,3937.87
REV002096,OP003539,L015692,2024-07-24,5741.82
REV002097,OP003540,L015694,2026-03-12,14703.84
REV002098,OP003543,L015706,2025-04-11,1947.59
REV002099,OP003545,L015710,2026-08-07,33143.3
REV002100,OP003546,L015723,2024-04-26,7227.25
REV002101,OP003547,L015731,2024-08-31,2958.13
REV002102,OP003548,L015732,2025-10-19,15126.11
REV002103,OP003549,L015746,2025-10-28,40594.62
REV002104,OP003550,L015748,2025-09-06,611.19
REV002105,OP003552,L015754,2026-07-23,684.09
REV002106,OP003553,L015758,2024-08-15,10341.67
REV002107,OP003556,L015766,2025-08-16,549.47
REV002108,OP003557,L015767,2025-04-08,1993.82
REV002109,OP003558,L015772,2026-01-27,1187.53
REV002110,OP003559,L015779,2024-10-17,52064.73
REV002111,OP003560,L015790,2024-05-09,28508.73
REV002112,OP003563,L015808,2025-02-25,3004.37
REV002113,OP003564,L015809,2025-12-28,3674.41
REV002114,OP003570,L015824,2024-03-26,630.11
REV002115,OP003575,L015850,2025-03-18,7206.46
REV002116,OP003576,L015856,2025-08-14,9829.49
REV002117,OP003577,L015865,2024-10-20,13777.44
REV002118,OP003578,L015866,2025-04-17,942.66
REV002119,OP003579,L015870,2025-03-09,8524.24
REV002120,OP003580,L015872,2024-09-25,681.98
REV002121,OP003582,L015880,2024-07-19,1081.44
REV002122,OP003583,L015881,2026-08-08,12006.49
REV002123,OP003586,L015891,2026-01-24,3064.82
REV002124,OP003587,L015893,2026-01-02,14234.09
REV002125,OP003588,L015896,2025-09-06,1428.67
REV002126,OP003589,L015904,2024-03-24,19028.21
REV002127,OP003590,L015919,2025-01-09,4263.0
REV002128,OP003593,L015924,2024-12-18,936.85
REV002129,OP003594,L015926,2025-04-03,2343.42
REV002130,OP003596,L015931,2026-01-10,2680.04
REV002131,OP003602,L015959,2024-08-12,2149.87
REV002132,OP003604,L015963,2024-04-05,1278.62
REV002133,OP003605,L015966,2025-04-04,6512.03
REV002134,OP003606,L015973,2024-06-11,7741.2
REV002135,OP003607,L015977,2026-09-03,5702.8
REV002136,OP003611,L016002,2025-11-28,7495.43
REV002137,OP003613,L016016,2026-01-21,759.21
REV002138,OP003614,L016020,2024-03-28,6034.54
REV002139,OP003617,L016025,2024-08-24,16698.09
REV002140,OP003618,L016026,2025-01-19,1157.33
REV002141,OP003619,L016028,2024-02-23,2089.11
REV002142,OP003620,L016030,2025-09-09,3795.45
REV002143,OP003624,L016048,2025-09-03,7261.7
REV002144,OP003625,L016051,2024-08-03,14050.38
REV002145,OP003627,L016054,2026-06-14,6900.32
REV002146,OP003628,L016057,2024-11-12,3740.72
REV002147,OP003629,L016066,2026-02-25,2920.57
REV002148,OP003630,L016067,2025-06-30,2184.43
REV002149,OP003631,L016073,2024-11-04,1271.7
REV002150,OP003632,L016075,2024-07-04,1707.04
REV002151,OP003633,L016081,2026-05-18,1157.96
REV002152,OP003634,L016082,2025-12-26,1487.67
REV002153,OP003636,L016092,2026-08-12,5658.68
REV002154,OP003637,L016094,2024-08-23,2823.15
REV002155,OP003639,L016104,2026-02-28,1586.19
REV002156,OP003640,L016105,2024-10-05,778.4
REV002157,OP003642,L016120,2024-06-03,575.79
REV002158,OP003646,L016133,2024-12-08,2168.08
REV002159,OP003647,L016134,2025-05-29,4364.31
REV002160,OP003651,L016139,2024-04-07,651.45
REV002161,OP003652,L016143,2025-01-08,1021.9
REV002162,OP003653,L016152,2026-05-24,18153.77
REV002163,OP003654,L016158,2024-03-15,16727.57
REV002164,OP003656,L016164,2024-10-14,528.17
REV002165,OP003660,L016183,2025-03-19,2285.7
REV002166,OP003661,L016186,2025-05-22,817.79
REV002167,OP003662,L016188,2025-02-20,4059.85
REV002168,OP003664,L016194,2024-07-08,16378.08
REV002169,OP003665,L016195,2025-07-04,1524.03
REV002170,OP003666,L016196,2024-03-18,646.2
REV002171,OP003669,L016209,2025-08-21,395.38
REV002172,OP003671,L016216,2026-07-13,16247.1
REV002173,OP003672,L016221,2025-01-02,2329.08
REV002174,OP003673,L016223,2025-11-17,6068.15
REV002175,OP003674,L016229,2025-07-27,1676.23
REV002176,OP003675,L016230,2024-08-30,3636.58
REV002177,OP003676,L016236,2026-04-20,2085.45
REV002178,OP003677,L016251,2025-04-08,3067.59
REV002179,OP003678,L016252,2024-11-25,9446.38
REV002180,OP003679,L016254,2024-12-31,5901.18
REV002181,OP003680,L016255,2026-10-12,790.12
REV002182,OP003682,L016277,2024-06-10,1819.45
REV002183,OP003684,L016298,2024-08-17,1286.69
REV002184,OP003685,L016301,2026-01-03,791.41
REV002185,OP003686,L016305,2025-10-31,714.26
REV002186,OP003691,L016338,2025-11-14,3540.69
REV002187,OP003692,L016343,2026-02-12,1156.46
REV002188,OP003693,L016346,2024-06-07,2333.67
REV002189,OP003694,L016347,2024-07-08,3127.35
REV002190,OP003695,L016349,2026-01-05,4942.54
REV002191,OP003696,L016351,2025-01-23,1972.13
REV002192,OP003697,L016364,2024-08-25,1653.64
REV002193,OP003699,L016370,2024-04-17,13907.98
REV002194,OP003701,L016381,2024-05-09,727.54
REV002195,OP003703,L016391,2025-06-13,5887.25
REV002196,OP003704,L016393,2025-03-15,1666.47
REV002197,OP003706,L016402,2025-05-19,11737.24
REV002198,OP003707,L016404,2024-06-13,1023.5
REV002199,OP003708,L016406,2025-10-28,713.17
REV002200,OP003709,L016409,2026-06-20,2588.02
REV002201,OP003713,L016416,2025-07-24,6058.8
REV002202,OP003715,L016421,2025-06-24,6843.12
REV002203,OP003716,L016423,2024-11-30,746.42
REV002204,OP003720,L016436,2026-09-04,5421.79
REV002205,OP003723,L016454,2025-09-03,1061.7
REV002206,OP003726,L016479,2026-09-23,2656.36
REV002207,OP003727,L016480,2025-12-30,4345.72
REV002208,OP003728,L016487,2026-06-20,1680.3
REV002209,OP003730,L016504,2024-06-16,3492.81
REV002210,OP003731,L016513,2025-01-26,12855.79
REV002211,OP003732,L016527,2025-05-16,516.22
REV002212,OP003733,L016529,2024-01-28,926.14
REV002213,OP003734,L016531,2025-09-28,10679.54
REV002214,OP003737,L016537,2024-04-14,6388.48
REV002215,OP003739,L016541,2026-08-11,7728.94
REV002216,OP003740,L016542,2026-06-13,4386.75
REV002217,OP003746,L016570,2025-05-17,1235.18
REV002218,OP003747,L016571,2026-06-11,2078.2
REV002219,OP003750,L016579,2025-02-21,2370.87
REV002220,OP003751,L016586,2024-09-29,1462.84
REV002221,OP003752,L016590,2024-08-21,7646.37
REV002222,OP003753,L016602,2024-12-30,1583.74
REV002223,OP003757,L016632,2025-12-19,5349.76
REV002224,OP003760,L016651,2025-07-24,684.29
REV002225,OP003763,L016657,2025-12-04,3129.59
REV002226,OP003764,L016658,2026-03-12,7946.74
REV002227,OP003765,L016659,2026-09-20,790.99
REV002228,OP003766,L016660,2026-01-02,9414.79
REV002229,OP003769,L016673,2024-07-03,18561.4
REV002230,OP003770,L016693,2026-06-02,2918.42
REV002231,OP003771,L016694,2026-03-30,13279.49
REV002232,OP003774,L016718,2025-12-04,5431.57
REV002233,OP003776,L016740,2025-02-03,4061.87
REV002234,OP003777,L016741,2024-05-13,1417.35
REV002235,OP003778,L016743,2026-04-23,1598.09
REV002236,OP003779,L016753,2025-09-05,2285.31
REV002237,OP003780,L016759,2025-01-12,1096.53
REV002238,OP003781,L016763,2024-06-08,3795.94
REV002239,OP003783,L016774,2026-03-28,647.71
REV002240,OP003785,L016787,2026-10-04,3012.92
REV002241,OP003786,L016796,2025-01-28,4016.33
REV002242,OP003787,L016797,2024-04-07,27546.64
REV002243,OP003788,L016799,2026-05-30,11973.93
REV002244,OP003789,L016814,2026-07-28,15416.34
REV002245,OP003790,L016819,2026-07-04,906.1
REV002246,OP003792,L016830,2024-12-06,2433.44
REV002247,OP003793,L016833,2024-12-24,3367.54
REV002248,OP003796,L016858,2024-11-24,4297.43
REV002249,OP003798,L016863,2025-11-12,1684.96
REV002250,OP003799,L016867,2024-03-03,2907.29
REV002251,OP003800,L016883,2026-01-27,4559.22
REV002252,OP003802,L016894,2026-08-18,4156.06
REV002253,OP003803,L016900,2026-02-25,3735.58
REV002254,OP003804,L016906,2024-08-25,3010.37
REV002255,OP003805,L016908,2026-03-26,5829.29
REV002256,OP003807,L016911,2024-12-27,4062.25
REV002257,OP003809,L016924,2025-04-11,20894.17
REV002258,OP003810,L016927,2025-03-03,980.22
REV002259,OP003819,L016987,2024-07-07,4961.74
REV002260,OP003820,L016988,2025-11-17,10166.38
REV002261,OP003822,L017005,2025-03-18,1360.64
REV002262,OP003823,L017011,2024-08-07,3396.51
REV002263,OP003825,L017014,2024-11-13,3826.03
REV002264,OP003827,L017023,2026-03-28,11287.03
REV002265,OP003830,L017044,2026-06-07,2103.45
REV002266,OP003831,L017050,2024-09-08,4140.44
REV002267,OP003834,L017067,2024-03-30,5169.19
REV002268,OP003835,L017069,2026-06-26,2700.9
REV002269,OP003837,L017083,2025-10-30,2037.31
REV002270,OP003840,L017119,2026-08-27,1268.92
REV002271,OP003841,L017122,2025-02-20,1348.8
REV002272,OP003843,L017125,2025-05-29,13417.64
REV002273,OP003845,L017136,2025-11-17,8704.24
REV002274,OP003847,L017139,2025-03-28,8878.27
REV002275,OP003848,L017140,2026-03-01,6346.89
REV002276,OP003851,L017144,2025-10-04,2818.73
REV002277,OP003852,L017146,2024-04-12,939.04
REV002278,OP003853,L017149,2026-10-07,1648.65
REV002279,OP003854,L017150,2026-10-05,2617.43
REV002280,OP003856,L017154,2024-12-07,967.18
REV002281,OP003858,L017156,2026-04-17,5189.49
REV002282,OP003859,L017159,2025-05-06,811.66
REV002283,OP003860,L017160,2024-08-13,2805.21
REV002284,OP003863,L017173,2025-10-27,1639.96
REV002285,OP003867,L017177,2024-05-29,1625.24
REV002286,OP003868,L017188,2026-06-22,3001.15
REV002287,OP003869,L017189,2025-03-24,1438.44
REV002288,OP003870,L017191,2024-12-25,3935.94
REV002289,OP003872,L017196,2024-07-02,21847.87
REV002290,OP003873,L017198,2024-09-24,1272.29
REV002291,OP003874,L017203,2026-04-26,14243.69
REV002292,OP003876,L017224,2024-03-27,720.9
REV002293,OP003877,L017227,2025-10-31,1145.15
REV002294,OP003879,L017237,2025-03-22,3084.35
REV002295,OP003880,L017242,2024-03-21,3228.33
REV002296,OP003882,L017249,2026-03-11,4571.97
REV002297,OP003883,L017255,2025-10-19,7340.69
REV002298,OP003884,L017257,2025-04-02,4733.01
REV002299,OP003885,L017264,2024-06-28,3743.54
REV002300,OP003886,L017266,2024-06-20,1175.39
REV002301,OP003888,L017270,2025-10-21,2966.22
REV002302,OP003890,L017293,2024-02-16,5124.01
REV002303,OP003891,L017296,2025-10-07,7473.77
REV002304,OP003892,L017301,2024-02-01,4027.03
REV002305,OP003893,L017314,2025-06-11,3554.61
REV002306,OP003894,L017316,2025-10-01,1496.05
REV002307,OP003896,L017329,2025-07-28,7951.5
REV002308,OP003897,L017331,2025-01-19,768.04
REV002309,OP003898,L017334,2025-10-21,8542.46
REV002310,OP003899,L017339,2025-12-06,2953.03
REV002311,OP003900,L017347,2025-01-24,711.21
REV002312,OP003901,L017348,2025-06-02,10827.87
REV002313,OP003903,L017351,2024-08-21,1186.56
REV002314,OP003905,L017360,2024-08-17,2368.05
REV002315,OP003907,L017369,2024-07-27,5704.34
REV002316,OP003913,L017394,2026-06-13,2147.93
REV002317,OP003914,L017395,2024-10-06,1360.14
REV002318,OP003917,L017404,2026-06-18,1331.18
REV002319,OP003919,L017408,2025-04-03,2394.29
REV002320,OP003920,L017419,2026-02-08,5929.45
REV002321,OP003922,L017424,2026-08-21,10600.37
REV002322,OP003923,L017425,2026-07-24,9790.54
REV002323,OP003926,L017433,2025-09-27,4989.43
REV002324,OP003929,L017440,2025-08-03,3874.13
REV002325,OP003930,L017441,2024-11-23,10645.88
REV002326,OP003931,L017443,2026-03-05,10406.59
REV002327,OP003932,L017445,2026-03-20,3585.67
REV002328,OP003934,L017465,2025-08-22,4643.21
REV002329,OP003936,L017470,2026-02-22,6451.13
REV002330,OP003937,L017479,2026-03-09,2659.24
REV002331,OP003938,L017488,2026-02-23,2789.16
REV002332,OP003939,L017498,2024-05-17,440.23
REV002333,OP003940,L017499,2024-11-25,4085.57
REV002334,OP003941,L017506,2024-08-13,3222.94
REV002335,OP003942,L017509,2025-01-31,4713.48
REV002336,OP003943,L017515,2026-04-21,2741.71
REV002337,OP003945,L017525,2025-01-24,5464.36
REV002338,OP003949,L017539,2026-08-04,3454.98
REV002339,OP003952,L017545,2025-04-03,5828.73
REV002340,OP003955,L017566,2024-10-18,3081.66
REV002341,OP003956,L017568,2024-07-05,14054.46
REV002342,OP003957,L017573,2025-01-15,4766.99
REV002343,OP003959,L017576,2025-02-21,6693.04
REV002344,OP003960,L017579,2026-08-31,15902.74
REV002345,OP003961,L017583,2025-06-30,2102.47
REV002346,OP003964,L017591,2024-03-18,2656.27
REV002347,OP003965,L017593,2025-03-27,1066.96
REV002348,OP003967,L017601,2024-07-01,8205.13
REV002349,OP003970,L017617,2024-10-08,12698.11
REV002350,OP003973,L017625,2026-05-14,1260.14
REV002351,OP003975,L017645,2025-11-18,1778.01
REV002352,OP003976,L017654,2025-07-17,3337.82
REV002353,OP003977,L017675,2026-07-24,802.15
REV002354,OP003978,L017678,2025-08-11,1155.8
REV002355,OP003980,L017690,2025-01-14,945.25
REV002356,OP003981,L017693,2024-05-09,6922.96
REV002357,OP003984,L017709,2026-06-06,3666.83
REV002358,OP003985,L017710,2024-09-25,526.91
REV002359,OP003986,L017711,2024-09-03,5006.43
REV002360,OP003988,L017718,2024-05-06,332.83
REV002361,OP003990,L017724,2024-05-16,5601.4
REV002362,OP003991,L017726,2025-02-14,2958.9
REV002363,OP003993,L017728,2025-12-08,11016.7
REV002364,OP003996,L017749,2024-06-09,2986.57
REV002365,OP003997,L017750,2025-06-01,4798.45
REV002366,OP003998,L017752,2025-11-17,1807.15
REV002367,OP004000,L017763,2024-09-17,4019.34
REV002368,OP004001,L017769,2026-02-22,1470.17
REV002369,OP004002,L017770,2025-06-03,2478.3
REV002370,OP004003,L017771,2025-04-03,4186.13
REV002371,OP004006,L017788,2024-08-14,4813.62
REV002372,OP004008,L017797,2025-05-23,1333.15
REV002373,OP004009,L017799,2025-03-22,25348.1
REV002374,OP004010,L017801,2026-05-20,2371.7
REV002375,OP004011,L017803,2025-08-16,567.03
REV002376,OP004012,L017804,2024-03-08,5926.41
REV002377,OP004014,L017811,2026-05-10,2559.52
REV002378,OP004015,L017812,2026-01-31,1054.13
REV002379,OP004017,L017815,2025-01-16,1049.39
REV002380,OP004018,L017818,2026-08-19,2360.77
REV002381,OP004019,L017823,2025-09-30,755.19
REV002382,OP004020,L017824,2024-02-29,4550.02
REV002383,OP004022,L017826,2025-09-28,5566.31
REV002384,OP004023,L017833,2026-05-28,1560.54
REV002385,OP004024,L017850,2024-02-16,12702.79
REV002386,OP004025,L017851,2025-06-19,5308.24
REV002387,OP004027,L017860,2025-09-13,4007.72
REV002388,OP004028,L017871,2025-07-16,7957.79
REV002389,OP004030,L017875,2024-09-04,13972.41
REV002390,OP004032,L017880,2026-05-05,4487.67
REV002391,OP004033,L017884,2025-10-18,1062.34
REV002392,OP004036,L017889,2024-10-01,2302.24
REV002393,OP004037,L017896,2024-04-17,2813.29
REV002394,OP004038,L017912,2024-11-15,1959.56
REV002395,OP004039,L017918,2024-05-17,2094.61
REV002396,OP004040,L017926,2026-09-09,690.07
REV002397,OP004041,L017930,2026-01-20,2651.97
REV002398,OP004042,L017933,2025-09-06,1309.66
REV002399,OP004043,L017941,2024-10-13,1919.49
REV002400,OP004050,L017989,2024-03-25,3225.72
REV002401,OP004051,L017992,2025-12-15,947.51
REV002402,OP004052,L017993,2024-02-12,3471.18
REV002403,OP004053,L018001,2026-04-13,3448.85
REV002404,OP004054,L018012,2024-10-01,614.54
REV002405,OP004056,L018021,2026-09-11,1828.07
REV002406,OP004059,L018041,2026-04-13,3589.64
REV002407,OP004061,L018043,2026-01-04,3198.4
REV002408,OP004063,L018046,2025-01-20,3789.14
REV002409,OP004065,L018054,2025-01-13,506.87
REV002410,OP004066,L018055,2026-05-15,892.53
REV002411,OP004067,L018060,2026-01-12,886.6
REV002412,OP004071,L018069,2025-05-04,1541.01
REV002413,OP004072,L018072,2025-03-25,3891.75
REV002414,OP004073,L018074,2026-05-03,6434.12
REV002415,OP004074,L018075,2026-04-12,3832.97
REV002416,OP004075,L018076,2025-03-31,8616.33
REV002417,OP004077,L018084,2026-06-19,10180.02
REV002418,OP004079,L018097,2026-06-09,7173.77
REV002419,OP004080,L018098,2025-11-22,2626.75
REV002420,OP004081,L018103,2025-05-20,1555.84
REV002421,OP004082,L018106,2026-09-02,6139.3
REV002422,OP004083,L018108,2026-05-21,1792.12
REV002423,OP004085,L018121,2024-04-29,3788.72
REV002424,OP004086,L018123,2026-02-08,2306.6
REV002425,OP004088,L018130,2025-06-27,516.61
REV002426,OP004089,L018132,2024-03-04,796.65
REV002427,OP004090,L018133,2024-05-10,3216.13
REV002428,OP004091,L018135,2025-05-02,7389.39
REV002429,OP004092,L018137,2024-05-25,4064.08
REV002430,OP004093,L018138,2026-04-22,5813.7
REV002431,OP004094,L018144,2025-09-21,4658.91
REV002432,OP004099,L018167,2026-05-13,1641.18
REV002433,OP004101,L018174,2024-02-06,12267.1
REV002434,OP004103,L018181,2025-06-28,2685.65
REV002435,OP004104,L018199,2026-04-30,2999.81
REV002436,OP004106,L018233,2026-05-03,1537.56
REV002437,OP004107,L018234,2025-03-27,2701.01
REV002438,OP004108,L018239,2026-03-31,7505.1
REV002439,OP004110,L018243,2025-05-28,2987.39
REV002440,OP004111,L018250,2025-12-06,6828.14
REV002441,OP004112,L018254,2026-01-01,1123.64
REV002442,OP004113,L018255,2025-10-21,9945.48
REV002443,OP004114,L018256,2024-05-02,2977.48
REV002444,OP004115,L018259,2024-11-08,1145.0
REV002445,OP004116,L018260,2026-07-03,530.18
REV002446,OP004118,L018285,2025-06-28,7757.44
REV002447,OP004119,L018290,2026-03-25,1156.5
REV002448,OP004121,L018294,2026-02-17,2598.22
REV002449,OP004128,L018332,2025-11-19,3571.53
REV002450,OP004132,L018342,2026-07-05,29278.01
REV002451,OP004133,L018347,2025-01-04,1679.32
REV002452,OP004134,L018348,2026-09-04,250.0
REV002453,OP004135,L018354,2025-10-20,942.31
REV002454,OP004137,L018366,2025-06-01,1969.05
REV002455,OP004138,L018372,2025-05-20,2443.22
REV002456,OP004141,L018379,2024-09-21,1072.3
REV002457,OP004142,L018380,2026-03-26,1338.35
REV002458,OP004143,L018381,2025-08-23,2716.72
REV002459,OP004144,L018385,2026-04-13,1010.87
REV002460,OP004145,L018386,2025-01-11,8543.73
REV002461,OP004147,L018411,2026-03-17,1428.75
REV002462,OP004148,L018417,2026-05-10,3773.1
REV002463,OP004150,L018432,2025-09-05,1461.88
REV002464,OP004151,L018435,2024-11-30,1660.01
REV002465,OP004152,L018436,2024-03-28,1886.97
REV002466,OP004154,L018449,2025-07-13,7259.75
REV002467,OP004156,L018455,2024-08-13,21513.25
REV002468,OP004157,L018460,2024-12-04,6119.79
REV002469,OP004158,L018464,2026-01-05,2025.52
REV002470,OP004160,L018467,2024-06-17,1216.81
REV002471,OP004161,L018468,2024-06-17,12501.94
REV002472,OP004162,L018469,2024-03-24,1081.53
REV002473,OP004163,L018488,2024-08-26,3451.16
REV002474,OP004165,L018493,2025-02-02,2724.34
REV002475,OP004166,L018502,2025-12-30,1048.26
REV002476,OP004167,L018503,2026-05-31,950.35
REV002477,OP004168,L018505,2024-10-28,2772.82
REV002478,OP004169,L018513,2025-08-05,505.75
REV002479,OP004170,L018522,2024-04-24,1009.92
REV002480,OP004172,L018533,2025-04-02,1074.62
REV002481,OP004174,L018541,2025-07-14,4720.91
REV002482,OP004175,L018548,2025-05-01,3059.35
REV002483,OP004176,L018554,2024-06-22,12258.07
REV002484,OP004178,L018558,2024-06-26,2187.81
REV002485,OP004179,L018560,2025-06-29,6810.27
REV002486,OP004180,L018566,2026-05-06,1127.02
REV002487,OP004181,L018572,2026-05-03,9684.23
REV002488,OP004182,L018574,2024-10-21,10078.9
REV002489,OP004184,L018592,2026-09-08,2623.6
REV002490,OP004185,L018593,2024-10-28,1393.09
REV002491,OP004186,L018595,2024-02-14,745.08
REV002492,OP004187,L018596,2025-12-22,15169.33
REV002493,OP004188,L018609,2025-10-12,991.28
REV002494,OP004189,L018611,2025-04-25,3462.59
REV002495,OP004190,L018624,2024-05-29,746.84
REV002496,OP004192,L018632,2024-10-27,1830.81
REV002497,OP004193,L018641,2024-12-14,6479.02
REV002498,OP004194,L018643,2025-04-12,1029.41
REV002499,OP004196,L018651,2024-10-07,10034.48
REV002500,OP004199,L018667,2024-09-15,1327.89
REV002501,OP004200,L018668,2024-02-23,1141.45
REV002502,OP004201,L018670,2024-03-18,4584.15
REV002503,OP004202,L018673,2025-07-25,1012.1
REV002504,OP004203,L018679,2024-11-03,2101.74
REV002505,OP004204,L018682,2024-06-11,2356.86
REV002506,OP004206,L018688,2024-07-02,1091.31
REV002507,OP004207,L018693,2024-07-17,5336.38
REV002508,OP004208,L018697,2024-08-16,16398.51
REV002509,OP004211,L018718,2026-01-04,5311.91
REV002510,OP004212,L018722,2024-06-08,9997.12
REV002511,OP004215,L018730,2025-10-18,2275.95
REV002512,OP004216,L018731,2024-01-19,1699.89
REV002513,OP004217,L018738,2026-04-16,3906.87
REV002514,OP004220,L018766,2024-02-24,5481.94
REV002515,OP004224,L018805,2025-10-27,1369.26
REV002516,OP004225,L018808,2025-07-26,450.83
REV002517,OP004226,L018810,2025-04-15,4685.33
REV002518,OP004227,L018823,2024-08-20,2889.65
REV002519,OP004228,L018824,2024-11-26,15733.71
REV002520,OP004229,L018825,2024-11-27,697.14
REV002521,OP004230,L018831,2024-12-28,1188.67
REV002522,OP004233,L018839,2025-05-02,13976.74
REV002523,OP004235,L018849,2024-03-04,2271.92
REV002524,OP004236,L018868,2026-05-16,2516.28
REV002525,OP004237,L018879,2026-08-29,6091.66
REV002526,OP004239,L018882,2026-07-10,3086.23
REV002527,OP004240,L018885,2026-09-17,674.12
REV002528,OP004242,L018895,2024-09-10,4776.18
REV002529,OP004243,L018915,2026-01-22,11280.21
REV002530,OP004244,L018921,2024-04-09,2042.89
REV002531,OP004245,L018923,2025-05-12,2974.7
REV002532,OP004246,L018924,2025-09-05,2463.8
REV002533,OP004247,L018936,2025-06-09,2827.88
REV002534,OP004249,L018945,2024-03-27,6487.35
REV002535,OP004250,L018953,2025-10-25,2203.07
REV002536,OP004251,L018958,2025-07-11,817.96
REV002537,OP004252,L018959,2025-12-30,730.15
REV002538,OP004256,L018970,2024-12-27,7127.56
REV002539,OP004257,L018973,2024-05-11,4632.95
REV002540,OP004258,L018978,2025-12-26,1519.43
REV002541,OP004259,L018981,2026-10-20,910.84
REV002542,OP004260,L018987,2024-06-24,2164.34
REV002543,OP004262,L018991,2024-02-01,4901.61
REV002544,OP004263,L018997,2025-09-22,2500.74
REV002545,OP004264,L018999,2026-05-14,1719.47
REV002546,OP004267,L019006,2024-10-27,15176.6
REV002547,OP004269,L019018,2025-02-20,2495.35
REV002548,OP004270,L019020,2025-04-28,4925.11
REV002549,OP004271,L019022,2024-06-13,4854.17
REV002550,OP004272,L019028,2026-05-27,4324.91
REV002551,OP004275,L019031,2025-02-28,967.68
REV002552,OP004276,L019038,2024-05-11,721.14
REV002553,OP004277,L019039,2025-11-16,17343.87
REV002554,OP004278,L019041,2024-05-03,4926.0
REV002555,OP004279,L019044,2024-09-17,2362.24
REV002556,OP004282,L019063,2024-11-17,2781.98
REV002557,OP004283,L019064,2024-11-10,2258.7
REV002558,OP004284,L019065,2025-03-23,3104.12
REV002559,OP004285,L019066,2025-06-22,1666.39
REV002560,OP004286,L019076,2025-10-16,1633.5
REV002561,OP004288,L019083,2024-07-20,2389.33
REV002562,OP004290,L019096,2025-08-23,2055.68
REV002563,OP004291,L019102,2024-09-07,1173.37
REV002564,OP004292,L019104,2025-04-02,13465.29
REV002565,OP004293,L019118,2025-02-07,4292.32
REV002566,OP004294,L019129,2026-03-22,6967.86
REV002567,OP004295,L019135,2025-05-02,3418.45
REV002568,OP004296,L019147,2024-03-13,2272.13
REV002569,OP004298,L019159,2026-09-05,1004.99
REV002570,OP004300,L019166,2026-01-26,7556.75
REV002571,OP004301,L019177,2025-08-27,2788.64
REV002572,OP004303,L019184,2025-04-05,2092.84
REV002573,OP004304,L019185,2024-06-28,3236.75
REV002574,OP004305,L019192,2026-06-13,9495.65
REV002575,OP004308,L019214,2025-10-17,5283.03
REV002576,OP004312,L019235,2026-04-19,1302.95
REV002577,OP004315,L019251,2025-04-21,10187.16
REV002578,OP004316,L019258,2024-04-20,1136.31
REV002579,OP004317,L019260,2024-08-07,2846.3
REV002580,OP004318,L019261,2024-09-23,1023.04
REV002581,OP004320,L019268,2024-10-06,3018.51
REV002582,OP004323,L019279,2025-09-04,3761.16
REV002583,OP004325,L019285,2025-12-17,1686.47
REV002584,OP004326,L019286,2026-02-22,5884.47
REV002585,OP004327,L019290,2026-01-29,8608.13
REV002586,OP004328,L019298,2025-12-06,635.3
REV002587,OP004330,L019304,2024-01-25,52355.93
REV002588,OP004331,L019307,2025-07-07,2648.03
REV002589,OP004332,L019311,2024-03-04,5119.74
REV002590,OP004333,L019315,2025-09-14,3235.71
REV002591,OP004335,L019321,2026-06-12,2519.23
REV002592,OP004337,L019338,2024-08-20,1351.8
REV002593,OP004340,L019361,2024-09-26,4904.56
REV002594,OP004341,L019367,2026-04-01,4553.48
REV002595,OP004342,L019376,2026-08-14,1604.43
REV002596,OP004343,L019379,2026-08-20,1548.85
REV002597,OP004344,L019382,2025-06-09,2461.72
REV002598,OP004345,L019385,2024-09-05,362.86
REV002599,OP004347,L019390,2025-10-20,2223.19
REV002600,OP004352,L019411,2025-05-20,6077.7
REV002601,OP004353,L019418,2026-02-25,5528.27
REV002602,OP004355,L019424,2025-12-02,1354.56
REV002603,OP004361,L019463,2024-07-04,9464.72
REV002604,OP004363,L019470,2024-10-27,4283.23
REV002605,OP004364,L019476,2025-10-11,3146.46
REV002606,OP004366,L019479,2025-05-12,250.0
REV002607,OP004368,L019486,2025-10-18,6301.55
REV002608,OP004369,L019488,2025-09-25,2639.28
REV002609,OP004371,L019495,2026-09-15,3494.07
REV002610,OP004372,L019497,2025-07-13,721.34
REV002611,OP004373,L019500,2026-03-21,645.75
REV002612,OP004374,L019505,2025-04-26,3544.41
REV002613,OP004375,L019507,2025-07-12,6345.27
REV002614,OP004376,L019512,2026-01-02,4589.39
REV002615,OP004378,L019525,2026-06-06,3334.78
REV002616,OP004379,L019526,2026-08-11,1018.16
REV002617,OP004380,L019527,2025-04-26,5229.81
REV002618,OP004382,L019542,2026-06-02,2716.07
REV002619,OP004383,L019546,2026-08-19,1206.91
REV002620,OP004385,L019550,2024-03-27,4083.4
REV002621,OP004386,L019551,2024-10-19,7863.17
REV002622,OP004387,L019554,2025-07-10,814.09
REV002623,OP004388,L019558,2025-10-17,1683.56
REV002624,OP004389,L019559,2026-03-16,986.79
REV002625,OP004390,L019562,2024-03-16,2685.25
REV002626,OP004391,L019563,2025-05-02,2715.63
REV002627,OP004394,L019590,2025-07-02,1897.83
REV002628,OP004400,L019650,2025-04-01,7659.25
REV002629,OP004402,L019656,2026-06-10,1328.26
REV002630,OP004403,L019659,2024-10-12,6754.7
REV002631,OP004404,L019672,2026-08-19,1063.89
REV002632,OP004406,L019679,2025-12-23,1994.43
REV002633,OP004407,L019680,2026-04-12,1064.86
REV002634,OP004408,L019682,2026-07-04,1458.75
REV002635,OP004409,L019691,2026-09-18,3230.61
REV002636,OP004412,L019712,2024-09-22,4325.92
REV002637,OP004413,L019724,2025-11-13,1415.06
REV002638,OP004414,L019725,2024-11-28,10960.05
REV002639,OP004415,L019727,2026-01-04,2414.99
REV002640,OP004417,L019737,2025-01-09,15648.36
REV002641,OP004418,L019744,2025-05-31,4764.64
REV002642,OP004419,L019745,2024-07-30,2611.31
REV002643,OP004422,L019768,2026-01-21,2644.65
REV002644,OP004423,L019769,2026-01-18,716.03
REV002645,OP004425,L019774,2024-05-02,1930.83
REV002646,OP004427,L019779,2025-07-21,9731.76
REV002647,OP004428,L019782,2025-02-10,9511.52
REV002648,OP004429,L019786,2025-01-17,1164.47
REV002649,OP004431,L019795,2024-08-30,21346.62
REV002650,OP004432,L019799,2026-03-13,3432.74
REV002651,OP004433,L019802,2026-02-26,747.32
REV002652,OP004436,L019813,2025-12-15,3199.11
REV002653,OP004438,L019821,2025-11-27,8440.96
REV002654,OP004439,L019822,2024-03-19,1330.96
REV002655,OP004442,L019832,2024-03-11,785.14
REV002656,OP004443,L019835,2025-04-10,2253.8
REV002657,OP004445,L019844,2024-07-22,1615.08
REV002658,OP004447,L019863,2026-01-05,1297.35
REV002659,OP004450,L019873,2024-03-23,5151.86
REV002660,OP004454,L019885,2024-05-15,2034.11
REV002661,OP004456,L019893,2025-01-04,1178.58
REV002662,OP004457,L019895,2024-09-27,1481.49
REV002663,OP004459,L019900,2024-08-17,12096.78
REV002664,OP004461,L019908,2025-03-07,4303.61
REV002665,OP004463,L019911,2024-11-05,2308.48
REV002666,OP004464,L019913,2025-11-08,291.66
REV002667,OP004465,L019919,2024-10-17,12300.59
REV002668,OP004467,L019927,2025-05-14,1342.54
REV002669,OP004470,L019936,2026-08-28,592.67
REV002670,OP004471,L019938,2025-03-25,2337.14
REV002671,OP004472,L019948,2025-09-19,3035.21
REV002672,OP004474,L019961,2025-12-13,1835.96
REV002673,OP004475,L019963,2024-03-13,10503.51
REV002674,OP004476,L019964,2024-12-18,1170.74
REV002675,OP004477,L019965,2026-07-14,1119.81
REV002676,OP004478,L019967,2024-04-17,3650.91
REV002677,OP004479,L019980,2025-09-18,19381.31
REV002678,OP004480,L019982,2026-09-20,47455.74
REV002679,OP004481,L019984,2025-08-10,3426.91
REV002680,OP004482,L019990,2026-08-26,21702.13
REV002681,OP004485,L020001,2024-07-09,11036.31
REV002682,OP004486,L020003,2024-05-14,6344.09
REV002683,OP004487,L020004,2024-04-18,1031.64
REV002684,OP004489,L020012,2024-12-26,6959.87
REV002685,OP004491,L020017,2025-01-24,1775.77
REV002686,OP004492,L020020,2025-03-25,10683.99
REV002687,OP004494,L020026,2026-03-09,15936.08
REV002688,OP004496,L020028,2025-05-23,8234.39
REV002689,OP004497,L020033,2026-05-26,6229.67
REV002690,OP004498,L020047,2025-10-29,1511.31
REV002691,OP004500,L020051,2025-07-11,747.15
REV002692,OP004501,L020059,2026-07-15,4391.0
REV002693,OP004502,L020063,2026-02-10,7601.51
REV002694,OP004504,L020070,2025-06-15,451.95
REV002695,OP004506,L020088,2025-03-28,6814.69
REV002696,OP004507,L020091,2025-02-10,8707.49
REV002697,OP004509,L020102,2024-12-11,9745.06
REV002698,OP004510,L020103,2025-04-01,21718.83
REV002699,OP004512,L020109,2025-12-15,3476.49
REV002700,OP004514,L020127,2026-02-04,1168.32
REV002701,OP004515,L020130,2025-06-17,809.17
REV002702,OP004517,L020140,2025-11-13,2191.89
REV002703,OP004524,L020171,2024-08-11,1163.89
REV002704,OP004527,L020194,2025-07-17,368.88
REV002705,OP004528,L020195,2026-02-18,1495.61
REV002706,OP004529,L020202,2025-05-30,344.08
REV002707,OP004531,L020208,2024-03-27,9589.92
REV002708,OP004534,L020218,2025-06-25,8790.06
REV002709,OP004535,L020226,2026-02-10,1331.37
REV002710,OP004536,L020228,2026-01-20,9880.87
REV002711,OP004541,L020250,2025-04-27,3341.03
REV002712,OP004542,L020264,2026-06-27,9132.24
REV002713,OP004543,L020265,2025-10-05,4328.64
REV002714,OP004544,L020266,2025-07-31,1471.17
REV002715,OP004545,L020273,2025-03-12,5253.54
REV002716,OP004547,L020280,2024-08-06,5909.61
REV002717,OP004548,L020282,2026-08-01,2187.76
REV002718,OP004550,L020286,2024-09-26,3025.82
REV002719,OP004552,L020290,2025-12-09,569.85
REV002720,OP004553,L020293,2024-07-03,2316.66
REV002721,OP004554,L020295,2026-07-19,2186.83
REV002722,OP004555,L020296,2025-12-18,7944.87
REV002723,OP004556,L020301,2025-03-23,2753.15
REV002724,OP004560,L020320,2026-05-23,7078.2
REV002725,OP004561,L020323,2024-09-14,3848.44
REV002726,OP004563,L020333,2025-09-01,5602.0
REV002727,OP004568,L020350,2026-06-27,9704.17
REV002728,OP004570,L020356,2024-11-21,1079.72
REV002729,OP004571,L020358,2026-07-23,2460.15
REV002730,OP004573,L020364,2025-01-19,2428.45
REV002731,OP004575,L020370,2025-12-21,1816.85
REV002732,OP004576,L020376,2026-08-17,1071.57
REV002733,OP004577,L020377,2026-05-11,4611.61
REV002734,OP004578,L020381,2025-12-30,537.91
REV002735,OP004579,L020384,2024-03-31,2206.31
REV002736,OP004580,L020385,2024-03-04,1273.66
REV002737,OP004583,L020390,2025-09-12,15738.4
REV002738,OP004585,L020407,2025-12-25,3385.28
REV002739,OP004586,L020409,2026-01-28,1340.64
REV002740,OP004588,L020412,2025-02-09,8643.39
REV002741,OP004590,L020415,2025-05-28,706.63
REV002742,OP004591,L020419,2025-04-12,2985.96
REV002743,OP004593,L020422,2024-12-24,534.6
REV002744,OP004594,L020426,2024-08-24,3852.84
REV002745,OP004595,L020430,2024-07-12,17923.82
REV002746,OP004597,L020444,2026-03-20,4273.53
REV002747,OP004598,L020448,2026-05-26,2132.39
REV002748,OP004599,L020451,2026-05-26,12367.84
REV002749,OP004600,L020453,2025-08-03,1614.82
REV002750,OP004603,L020473,2026-01-24,8212.7
REV002751,OP004604,L020480,2025-07-24,978.9
REV002752,OP004605,L020481,2025-08-31,2667.53
REV002753,OP004606,L020485,2025-07-06,5073.22
REV002754,OP004607,L020489,2024-03-20,2924.12
REV002755,OP004610,L020496,2025-04-06,6458.18
REV002756,OP004611,L020500,2026-09-14,2580.73
REV002757,OP004612,L020501,2026-07-30,3317.64
REV002758,OP004614,L020506,2025-03-25,1874.74
REV002759,OP004616,L020529,2024-10-10,3471.29
REV002760,OP004619,L020539,2024-08-21,16869.94
REV002761,OP004620,L020544,2024-06-05,490.91
REV002762,OP004621,L020547,2026-05-26,482.33
REV002763,OP004622,L020554,2025-05-13,7700.22
REV002764,OP004623,L020563,2025-08-01,2436.94
REV002765,OP004625,L020586,2024-12-22,580.34
REV002766,OP004626,L020592,2025-11-21,2174.52
REV002767,OP004628,L020602,2026-04-23,2246.61
REV002768,OP004630,L020617,2024-05-17,898.69
REV002769,OP004633,L020630,2024-06-05,5764.23
REV002770,OP004634,L020638,2025-05-22,3070.32
REV002771,OP004636,L020647,2026-01-08,5732.57
REV002772,OP004637,L020654,2025-05-09,5786.51
REV002773,OP004638,L020659,2026-08-04,6792.77
REV002774,OP004639,L020664,2026-08-21,918.08
REV002775,OP004642,L020672,2026-07-03,5339.97
REV002776,OP004646,L020686,2024-04-30,1357.34
REV002777,OP004648,L020690,2026-07-03,763.79
REV002778,OP004652,L020704,2026-06-04,5343.82
REV002779,OP004653,L020706,2025-11-21,3340.49
REV002780,OP004655,L020714,2025-06-24,1393.3
REV002781,OP004658,L020726,2026-05-10,1226.84
REV002782,OP004659,L020732,2024-07-21,4814.29
REV002783,OP004661,L020736,2026-08-29,3352.22
REV002784,OP004662,L020739,2024-08-19,569.03
REV002785,OP004663,L020741,2026-04-26,3617.1
REV002786,OP004664,L020743,2026-02-15,9824.28
REV002787,OP004666,L020748,2024-05-07,2035.23
REV002788,OP004667,L020757,2024-09-13,853.28
REV002789,OP004668,L020764,2026-08-10,833.62
REV002790,OP004671,L020781,2025-11-15,2659.3
REV002791,OP004672,L020786,2026-06-10,7893.16
REV002792,OP004673,L020792,2024-09-28,4160.73
REV002793,OP004674,L020795,2024-03-29,2120.31
REV002794,OP004675,L020798,2025-01-13,1745.3
REV002795,OP004677,L020805,2025-05-28,3273.78
REV002796,OP004678,L020809,2025-10-01,26623.46
REV002797,OP004679,L020811,2024-08-21,2339.94
REV002798,OP004681,L020813,2024-12-23,5047.3
REV002799,OP004682,L020814,2024-08-24,7303.36
REV002800,OP004684,L020819,2024-05-26,3802.49
REV002801,OP004685,L020836,2026-07-19,5405.88
REV002802,OP004686,L020843,2024-03-28,606.79
REV002803,OP004688,L020845,2025-12-13,25154.67
REV002804,OP004689,L020857,2024-02-26,2200.37
REV002805,OP004692,L020869,2024-09-05,1279.24
REV002806,OP004696,L020883,2025-11-29,2299.96
REV002807,OP004697,L020884,2026-02-26,4484.28
REV002808,OP004698,L020896,2026-09-12,614.4
REV002809,OP004701,L020907,2024-02-03,14061.8
REV002810,OP004702,L020919,2026-06-11,1335.78
REV002811,OP004707,L020950,2025-07-21,7606.39
REV002812,OP004708,L020953,2026-09-18,3137.16
REV002813,OP004709,L020955,2025-07-02,5564.39
REV002814,OP004711,L020961,2025-12-02,1151.51
REV002815,OP004712,L020978,2025-10-02,2212.45
REV002816,OP004714,L020990,2024-03-23,7240.06
REV002817,OP004715,L020993,2026-03-31,2539.4
REV002818,OP004716,L020995,2025-05-15,19194.98
REV002819,OP004717,L020998,2026-04-18,2759.25
REV002820,OP004720,L021016,2024-10-10,4783.41
REV002821,OP004723,L021023,2026-04-17,1039.43
REV002822,OP004725,L021045,2026-08-17,20584.44
REV002823,OP004730,L021075,2024-11-18,6020.18
REV002824,OP004731,L021078,2024-12-28,8060.91
REV002825,OP004732,L021087,2026-07-07,987.49
REV002826,OP004733,L021095,2026-03-07,2683.26
REV002827,OP004735,L021100,2024-09-20,9135.06
REV002828,OP004736,L021101,2026-04-25,2067.3
REV002829,OP004737,L021102,2025-06-21,767.27
REV002830,OP004738,L021106,2026-04-18,1142.92
REV002831,OP004741,L021118,2024-05-11,1325.08
REV002832,OP004742,L021120,2024-11-19,446.71
REV002833,OP004744,L021131,2024-03-07,1767.55
REV002834,OP004745,L021132,2025-04-22,2865.72
REV002835,OP004746,L021140,2024-10-31,3243.95
REV002836,OP004747,L021143,2025-05-11,1895.83
REV002837,OP004748,L021150,2024-11-30,10606.49
REV002838,OP004750,L021153,2026-07-27,1922.04
REV002839,OP004751,L021158,2024-03-14,1616.03
REV002840,OP004753,L021171,2026-08-21,1419.06
REV002841,OP004755,L021188,2025-12-12,6881.99
REV002842,OP004757,L021196,2025-06-22,315.97
REV002843,OP004759,L021205,2024-11-06,2190.18
REV002844,OP004760,L021209,2024-01-28,3974.29
REV002845,OP004763,L021224,2026-04-29,1607.86
REV002846,OP004764,L021226,2024-12-20,3569.72
REV002847,OP004765,L021232,2024-11-18,4722.54
REV002848,OP004767,L021238,2025-08-30,1067.19
REV002849,OP004771,L021250,2024-02-05,1056.8
REV002850,OP004772,L021263,2024-05-18,3479.56
REV002851,OP004775,L021275,2026-03-04,1015.72
REV002852,OP004776,L021279,2026-06-17,2339.73
REV002853,OP004777,L021283,2026-10-06,3218.8
REV002854,OP004778,L021285,2026-09-09,2876.26
REV002855,OP004779,L021289,2024-10-06,704.09
REV002856,OP004780,L021294,2024-08-12,3671.0
REV002857,OP004781,L021304,2024-03-27,3909.71
REV002858,OP004785,L021326,2024-11-09,1344.28
REV002859,OP004786,L021328,2025-12-17,2200.6
REV002860,OP004787,L021329,2025-06-09,8008.08
REV002861,OP004788,L021340,2024-08-29,13442.46
REV002862,OP004789,L021343,2026-05-31,3935.46
REV002863,OP004790,L021344,2024-06-16,1053.47
REV002864,OP004792,L021358,2025-03-05,1906.4
REV002865,OP004793,L021363,2026-07-10,2323.53
REV002866,OP004795,L021371,2024-07-03,7011.68
REV002867,OP004796,L021376,2026-04-11,5859.48
REV002868,OP004797,L021387,2025-04-29,4337.99
REV002869,OP004799,L021393,2025-02-21,1788.88
REV002870,OP004800,L021397,2024-03-03,4657.61
REV002871,OP004801,L021399,2025-08-12,6179.89
REV002872,OP004805,L021411,2024-09-23,8049.22
REV002873,OP004806,L021412,2026-03-04,4122.05
REV002874,OP004807,L021426,2026-05-02,4626.75
REV002875,OP004808,L021427,2026-01-29,629.02
REV002876,OP004809,L021428,2026-08-24,3591.78
REV002877,OP004810,L021429,2025-02-21,3986.05
REV002878,OP004811,L021430,2024-03-04,3794.46
REV002879,OP004812,L021441,2024-04-17,16338.33
REV002880,OP004813,L021446,2025-04-17,8967.57
REV002881,OP004817,L021456,2026-04-30,8169.21
REV002882,OP004818,L021457,2025-09-22,5729.07
REV002883,OP004819,L021459,2025-12-13,3094.49
REV002884,OP004820,L021460,2025-09-10,3463.53
REV002885,OP004821,L021464,2024-10-29,3064.4
REV002886,OP004825,L021473,2025-05-20,1830.05
REV002887,OP004829,L021496,2025-11-11,1517.55
REV002888,OP004830,L021497,2026-03-29,11097.14
REV002889,OP004831,L021499,2025-04-24,2841.22
REV002890,OP004833,L021516,2024-12-05,8152.04
REV002891,OP004835,L021520,2025-08-15,2221.59
REV002892,OP004837,L021543,2025-12-30,729.73
REV002893,OP004838,L021545,2024-01-29,250.0
REV002894,OP004839,L021548,2026-06-22,2708.77
REV002895,OP004842,L021556,2024-05-29,1262.08
REV002896,OP004843,L021560,2025-12-28,1576.52
REV002897,OP004848,L021587,2025-04-16,14069.0
REV002898,OP004850,L021593,2025-12-23,1097.61
REV002899,OP004851,L021598,2024-06-03,3179.78
REV002900,OP004852,L021605,2025-12-22,415.73
REV002901,OP004854,L021608,2024-10-01,6993.29
REV002902,OP004857,L021621,2024-07-15,3682.88
REV002903,OP004858,L021623,2025-04-09,250.0
REV002904,OP004861,L021651,2026-08-12,1758.19
REV002905,OP004862,L021655,2026-08-22,9951.67
REV002906,OP004865,L021673,2025-06-08,4735.54
REV002907,OP004866,L021674,2024-06-06,5477.56
REV002908,OP004867,L021678,2025-06-12,4663.42
REV002909,OP004871,L021696,2024-08-30,3597.99
REV002910,OP004873,L021718,2025-03-03,1078.93
REV002911,OP004874,L021720,2026-02-17,675.2
REV002912,OP004875,L021724,2025-02-01,1818.78
REV002913,OP004877,L021728,2026-03-02,4314.51
REV002914,OP004879,L021732,2024-01-26,1986.64
REV002915,OP004880,L021742,2025-07-01,734.37
REV002916,OP004885,L021758,2026-05-17,465.68
REV002917,OP004887,L021762,2025-05-26,711.59
REV002918,OP004888,L021765,2024-04-19,4518.13
REV002919,OP004890,L021772,2025-09-11,15231.5
REV002920,OP004891,L021783,2025-08-01,523.54
REV002921,OP004896,L021794,2026-05-05,4336.27
REV002922,OP004902,L021821,2025-08-14,821.56
REV002923,OP004905,L021836,2025-05-27,7518.26
REV002924,OP004906,L021837,2026-05-09,619.91
REV002925,OP004909,L021846,2024-09-11,7594.45
REV002926,OP004911,L021852,2024-11-21,2461.3
REV002927,OP004915,L021879,2026-09-07,754.45
REV002928,OP004918,L021894,2026-06-25,1639.54
REV002929,OP004919,L021909,2025-05-16,5908.3
REV002930,OP004923,L021923,2024-01-20,4678.29
REV002931,OP004925,L021931,2024-09-28,2713.14
REV002932,OP004926,L021936,2026-06-25,9002.86
REV002933,OP004928,L021941,2026-07-06,7775.86
REV002934,OP004929,L021944,2024-06-01,6054.87
REV002935,OP004931,L021952,2024-07-03,6363.15
REV002936,OP004936,L021969,2026-05-22,15576.07
REV002937,OP004939,L021981,2024-02-26,1531.07
REV002938,OP004940,L021984,2026-05-14,9440.87
REV002939,OP004942,L021989,2026-08-05,5395.91
REV002940,OP004943,L022009,2026-09-21,7921.52
REV002941,OP004944,L022013,2026-04-27,402.58
REV002942,OP004947,L022032,2025-09-03,1488.07
REV002943,OP004948,L022037,2025-12-13,3615.4
REV002944,OP004949,L022038,2026-06-29,7046.61
REV002945,OP004950,L022052,2026-01-18,1300.58
REV002946,OP004952,L022056,2025-08-18,318.61
REV002947,OP004953,L022061,2025-05-04,21674.48
REV002948,OP004955,L022065,2024-04-02,4025.51
REV002949,OP004957,L022069,2024-04-09,2276.46
REV002950,OP004959,L022080,2025-06-29,2999.29
REV002951,OP004960,L022081,2024-04-27,2088.57
REV002952,OP004961,L022089,2024-07-11,5121.39
REV002953,OP004963,L022101,2025-09-04,6080.23
REV002954,OP004967,L022128,2026-08-17,14660.59
REV002955,OP004968,L022134,2024-12-16,1282.9
REV002956,OP004969,L022137,2026-03-06,2305.32
REV002957,OP004970,L022147,2024-12-06,8140.55
REV002958,OP004971,L022151,2024-12-09,578.79
REV002959,OP004973,L022166,2024-08-14,802.82
REV002960,OP004975,L022172,2025-03-27,4081.9
REV002961,OP004976,L022173,2025-10-31,2148.17
REV002962,OP004977,L022182,2026-09-17,3416.92
REV002963,OP004980,L022202,2026-07-24,5723.75
REV002964,OP004981,L022212,2024-12-27,250.0
REV002965,OP004982,L022216,2024-09-04,2078.28
REV002966,OP004983,L022217,2025-07-21,736.91
REV002967,OP004985,L022219,2026-05-05,2929.21
REV002968,OP004986,L022221,2025-12-13,2803.79
REV002969,OP004987,L022222,2026-02-27,3003.58
REV002970,OP004988,L022225,2025-07-13,3160.56
REV002971,OP004990,L022231,2026-02-25,18159.62
REV002972,OP004993,L022241,2024-06-07,393.06
REV002973,OP004994,L022245,2024-01-29,9286.86
REV002974,OP004995,L022247,2025-02-14,6292.97
REV002975,OP004999,L022261,2024-05-15,5094.27
REV002976,OP005000,L022268,2026-06-13,4863.4
REV002977,OP005004,L022301,2025-02-12,2523.22
REV002978,OP005005,L022314,2024-11-08,11441.81
REV002979,OP005006,L022315,2026-07-29,1272.75
REV002980,OP005008,L022326,2026-02-10,608.41
REV002981,OP005010,L022345,2025-06-16,2919.18
REV002982,OP005012,L022359,2025-03-13,7560.02
REV002983,OP005014,L022371,2024-04-25,3616.86
REV002984,OP005015,L022374,2024-07-15,2429.88
REV002985,OP005016,L022378,2026-02-01,4038.27
REV002986,OP005017,L022388,2025-09-20,498.29
REV002987,OP005019,L022398,2024-11-10,4988.78
REV002988,OP005022,L022413,2024-12-15,1215.88
REV002989,OP005023,L022415,2025-05-05,1149.38
REV002990,OP005025,L022423,2025-04-10,4720.01
REV002991,OP005026,L022426,2025-12-22,7084.01
REV002992,OP005027,L022433,2025-11-22,10626.5
REV002993,OP005028,L022437,2025-06-24,4803.05
REV002994,OP005029,L022439,2025-04-06,1652.37
REV002995,OP005031,L022444,2024-12-06,3594.3
REV002996,OP005032,L022447,2024-11-23,9834.41
REV002997,OP005034,L022454,2025-09-04,1425.98
REV002998,OP005036,L022460,2026-01-13,2312.14
REV002999,OP005038,L022470,2026-03-08,4020.9
REV003000,OP005039,L022472,2025-08-10,7535.51
REV003001,OP005040,L022483,2026-03-01,2293.87
REV003002,OP005041,L022489,2025-08-25,1335.38
REV003003,OP005044,L022497,2024-07-20,10214.67
REV003004,OP005045,L022501,2025-05-05,5470.14
REV003005,OP005046,L022523,2026-03-10,8495.17
REV003006,OP005047,L022524,2025-07-07,4962.5
REV003007,OP005049,L022532,2025-03-06,7108.43
REV003008,OP005050,L022533,2026-06-26,18131.5
REV003009,OP005051,L022536,2025-04-25,3217.91
REV003010,OP005053,L022543,2024-08-14,19112.67
REV003011,OP005054,L022552,2026-07-20,13971.89
REV003012,OP005058,L022581,2026-09-10,3139.79
REV003013,OP005059,L022582,2024-06-19,6196.31
REV003014,OP005062,L022594,2025-08-17,1281.33
REV003015,OP005064,L022596,2025-01-12,2407.27
REV003016,OP005072,L022633,2025-07-04,1745.79
REV003017,OP005073,L022638,2026-04-07,7661.16
REV003018,OP005074,L022639,2025-06-12,2058.19
REV003019,OP005078,L022649,2024-03-25,6972.73
REV003020,OP005079,L022653,2024-05-06,5978.47
REV003021,OP005080,L022654,2024-10-27,774.04
REV003022,OP005081,L022659,2025-01-25,2293.81
REV003023,OP005082,L022670,2026-05-26,1239.8
REV003024,OP005085,L022684,2024-08-29,1331.61
REV003025,OP005086,L022694,2024-07-10,2551.41
REV003026,OP005087,L022697,2026-09-24,2545.2
REV003027,OP005091,L022716,2024-09-18,1676.67
REV003028,OP005093,L022720,2025-06-28,3619.56
REV003029,OP005095,L022724,2024-03-16,1556.17
REV003030,OP005098,L022737,2024-05-05,2650.63
REV003031,OP005100,L022741,2024-06-18,2943.48
REV003032,OP005102,L022753,2026-05-01,2603.16
REV003033,OP005103,L022758,2025-04-02,3716.46
REV003034,OP005105,L022766,2025-08-29,2031.62
REV003035,OP005107,L022768,2025-10-23,9572.56
REV003036,OP005108,L022773,2024-06-20,1195.75
REV003037,OP005109,L022775,2024-06-17,3855.22
REV003038,OP005111,L022792,2024-04-06,2421.68
REV003039,OP005112,L022795,2024-12-28,1795.32
REV003040,OP005113,L022796,2026-08-03,2600.35
REV003041,OP005115,L022805,2025-10-14,1181.45
REV003042,OP005118,L022814,2024-09-18,1935.56
REV003043,OP005120,L022819,2025-10-18,2355.92
REV003044,OP005124,L022833,2026-07-15,15477.93
REV003045,OP005129,L022857,2026-03-15,3476.03
REV003046,OP005130,L022861,2024-03-24,673.07
REV003047,OP005131,L022868,2024-08-17,824.95
REV003048,OP005134,L022880,2024-12-24,4169.6
REV003049,OP005137,L022895,2025-09-13,31876.16
REV003050,OP005143,L022913,2026-09-16,3165.44
REV003051,OP005144,L022917,2025-08-06,574.4
REV003052,OP005145,L022921,2026-07-07,5002.9
REV003053,OP005147,L022935,2025-02-24,2766.06
REV003054,OP005148,L022936,2026-01-31,1063.13
REV003055,OP005150,L022944,2025-12-18,2576.06
REV003056,OP005151,L022955,2024-06-06,7592.1
REV003057,OP005152,L022956,2025-02-17,554.21
REV003058,OP005154,L022965,2025-03-17,2157.76
REV003059,OP005158,L022984,2026-08-13,1630.29
REV003060,OP005159,L022985,2025-02-24,1182.97
REV003061,OP005160,L022986,2024-02-13,5659.44
REV003062,OP005161,L022989,2025-05-26,9285.91
REV003063,OP005162,L022994,2024-08-18,2004.3
REV003064,OP005163,L022998,2026-07-05,7996.59
REV003065,OP005165,L023001,2025-09-05,1476.2
REV003066,OP005166,L023003,2026-01-11,3431.29
REV003067,OP005168,L023008,2024-08-16,1341.3
REV003068,OP005169,L023010,2025-02-27,2610.59
REV003069,OP005170,L023017,2026-06-09,4297.04
REV003070,OP005174,L023033,2026-07-26,5644.63
REV003071,OP005176,L023048,2025-02-08,9804.22
REV003072,OP005178,L023056,2026-05-16,4318.6
REV003073,OP005179,L023058,2026-03-16,2388.53
REV003074,OP005180,L023061,2025-09-20,11962.78
REV003075,OP005182,L023070,2026-04-03,4215.55
REV003076,OP005185,L023076,2026-07-22,2372.69
REV003077,OP005186,L023086,2025-03-21,9673.11
REV003078,OP005188,L023099,2026-02-10,1840.34
REV003079,OP005189,L023101,2024-03-31,1031.55
REV003080,OP005192,L023105,2026-07-28,1091.4
REV003081,OP005193,L023112,2025-08-13,2454.78
REV003082,OP005196,L023129,2025-04-15,564.15
REV003083,OP005197,L023136,2026-01-23,2959.04
REV003084,OP005201,L023157,2026-09-22,17663.4
REV003085,OP005203,L023160,2026-01-01,1659.89
REV003086,OP005207,L023173,2026-07-30,5438.96
REV003087,OP005208,L023174,2026-01-17,3657.58
REV003088,OP005209,L023176,2026-09-06,1004.9
REV003089,OP005210,L023181,2026-04-06,2009.77
REV003090,OP005211,L023186,2026-05-29,1066.21
REV003091,OP005212,L023187,2026-06-15,1357.64
REV003092,OP005215,L023194,2026-08-05,720.92
REV003093,OP005217,L023205,2024-01-25,2199.19
REV003094,OP005218,L023210,2024-06-22,7349.42
REV003095,OP005219,L023211,2025-09-14,1920.86
REV003096,OP005222,L023228,2026-07-04,1014.92
REV003097,OP005223,L023231,2026-09-03,24578.19
REV003098,OP005224,L023240,2025-09-25,1433.81
REV003099,OP005228,L023258,2025-12-13,7881.89
REV003100,OP005230,L023281,2025-11-26,3148.99
REV003101,OP005231,L023287,2024-06-08,5961.58
REV003102,OP005234,L023313,2026-01-03,29713.09
REV003103,OP005236,L023323,2024-08-04,36540.24
REV003104,OP005239,L023333,2026-05-26,9218.78
REV003105,OP005240,L023336,2025-03-22,1928.12
REV003106,OP005241,L023340,2024-04-24,5964.99
REV003107,OP005243,L023351,2024-12-06,4583.96
REV003108,OP005244,L023358,2024-07-18,672.8
REV003109,OP005245,L023375,2024-09-21,8165.86
REV003110,OP005246,L023377,2025-12-20,6582.96
REV003111,OP005247,L023384,2024-09-30,13536.61
REV003112,OP005248,L023389,2026-06-26,644.88
REV003113,OP005249,L023392,2025-09-24,8538.28
REV003114,OP005250,L023399,2024-12-11,4035.64
REV003115,OP005251,L023401,2024-01-31,56379.48
REV003116,OP005254,L023411,2026-08-28,4500.4
REV003117,OP005257,L023425,2024-10-27,6787.63
REV003118,OP005258,L023427,2024-08-08,15620.07
REV003119,OP005259,L023435,2025-06-11,7398.33
REV003120,OP005260,L023438,2025-12-05,1632.38
REV003121,OP005261,L023440,2024-06-08,7267.65
REV003122,OP005263,L023458,2024-10-31,9968.53
REV003123,OP005264,L023459,2025-01-31,5552.65
REV003124,OP005265,L023460,2025-05-16,6486.82
REV003125,OP005266,L023469,2026-09-08,5523.51
REV003126,OP005269,L023487,2026-08-08,7417.1
REV003127,OP005270,L023497,2025-08-11,4805.6
REV003128,OP005271,L023499,2026-04-29,2056.89
REV003129,OP005272,L023502,2024-07-11,791.74
REV003130,OP005273,L023504,2024-09-19,2228.93
REV003131,OP005275,L023512,2026-03-25,18002.32
REV003132,OP005276,L023516,2025-10-17,4106.87
REV003133,OP005277,L023523,2024-06-14,5728.32
REV003134,OP005278,L023527,2024-09-27,3924.94
REV003135,OP005279,L023535,2024-08-24,19537.29
REV003136,OP005280,L023536,2025-05-14,4728.08
REV003137,OP005281,L023541,2025-01-28,5223.95
REV003138,OP005282,L023542,2026-03-26,2738.29
REV003139,OP005283,L023544,2024-05-27,1901.33
REV003140,OP005284,L023545,2025-08-19,2381.33
REV003141,OP005287,L023557,2025-02-03,3904.95
REV003142,OP005288,L023559,2024-02-09,666.39
REV003143,OP005289,L023561,2024-09-09,1874.32
REV003144,OP005290,L023564,2026-04-18,2634.26
REV003145,OP005291,L023568,2024-08-07,7633.5
REV003146,OP005294,L023581,2024-10-04,901.14
REV003147,OP005296,L023590,2024-11-24,2638.71
REV003148,OP005297,L023598,2024-11-03,2137.8
REV003149,OP005298,L023602,2025-01-12,5391.98
REV003150,OP005301,L023616,2025-07-11,11885.11
REV003151,OP005302,L023620,2025-08-26,4387.16
REV003152,OP005304,L023624,2025-01-22,5878.96
REV003153,OP005305,L023626,2024-06-09,3858.16
REV003154,OP005306,L023632,2024-04-17,20158.46
REV003155,OP005308,L023639,2024-10-27,1925.7
REV003156,OP005309,L023643,2026-02-28,2012.87
REV003157,OP005310,L023645,2025-04-26,610.16
REV003158,OP005312,L023658,2025-10-12,8289.24
REV003159,OP005313,L023673,2024-12-16,792.47
REV003160,OP005315,L023677,2025-08-21,2004.38
REV003161,OP005316,L023690,2026-05-26,2164.44
REV003162,OP005318,L023706,2025-09-18,876.07
REV003163,OP005319,L023707,2026-08-11,4006.6
REV003164,OP005320,L023711,2025-10-27,4432.13
REV003165,OP005322,L023717,2025-04-08,1650.78
REV003166,OP005325,L023728,2024-03-01,1752.57
REV003167,OP005327,L023735,2024-03-14,4740.13
REV003168,OP005333,L023757,2026-09-22,465.52
REV003169,OP005335,L023761,2024-04-08,1911.13
REV003170,OP005336,L023764,2026-03-17,1094.36
REV003171,OP005339,L023771,2024-06-28,4809.31
REV003172,OP005340,L023776,2026-02-11,14203.36
REV003173,OP005341,L023777,2024-04-30,7214.29
REV003174,OP005342,L023780,2024-05-30,1196.23
REV003175,OP005344,L023796,2024-05-11,2494.66
REV003176,OP005345,L023803,2026-02-12,2080.02
REV003177,OP005347,L023806,2025-03-27,2388.2
REV003178,OP005351,L023818,2026-08-08,6929.47
REV003179,OP005352,L023826,2025-03-13,8633.81
REV003180,OP005353,L023827,2024-12-15,3275.52
REV003181,OP005355,L023831,2024-04-02,2611.28
REV003182,OP005356,L023845,2024-11-16,1492.54
REV003183,OP005357,L023855,2025-07-11,1981.05
REV003184,OP005359,L023863,2025-10-18,5898.34
REV003185,OP005360,L023864,2025-03-17,5350.4
REV003186,OP005361,L023865,2024-06-22,1144.67
REV003187,OP005366,L023884,2024-07-01,3842.01
REV003188,OP005367,L023885,2025-09-13,4531.45
REV003189,OP005368,L023886,2026-07-23,2070.04
REV003190,OP005370,L023904,2026-05-01,12080.52
REV003191,OP005373,L023908,2024-05-03,1651.56
REV003192,OP005374,L023920,2025-10-28,17528.92
REV003193,OP005377,L023932,2026-01-11,817.29
REV003194,OP005378,L023933,2026-03-04,1733.87
REV003195,OP005379,L023936,2026-04-22,1428.1
REV003196,OP005380,L023939,2025-11-08,826.42
REV003197,OP005382,L023943,2026-05-05,22356.0
REV003198,OP005383,L023945,2026-05-30,1571.59
REV003199,OP005385,L023950,2024-06-05,2314.14
REV003200,OP005386,L023956,2024-07-04,1053.59
REV003201,OP005388,L023975,2025-02-04,4471.65
REV003202,OP005389,L023979,2025-01-06,1350.91
REV003203,OP005392,L023991,2024-04-19,735.93
REV003204,OP005394,L023997,2025-04-30,9769.6
REV003205,OP005395,L024000,2024-12-08,1766.32
REV003206,OP005396,L024012,2024-02-09,4874.18
REV003207,OP005399,L024025,2024-07-02,8542.24
REV003208,OP005400,L024027,2024-03-27,18507.02
REV003209,OP005402,L024030,2024-05-01,305.21
REV003210,OP005403,L024038,2025-09-01,2508.29
REV003211,OP005405,L024044,2026-05-11,2390.5
REV003212,OP005406,L024047,2025-06-09,11886.96
REV003213,OP005407,L024048,2024-09-26,1840.33
REV003214,OP005409,L024050,2024-11-30,322.36
REV003215,OP005411,L024056,2025-07-02,507.55
REV003216,OP005412,L024058,2025-08-21,1896.51
REV003217,OP005413,L024059,2024-12-06,1346.15
REV003218,OP005414,L024060,2025-10-08,4327.41
REV003219,OP005417,L024068,2025-09-11,11452.09
REV003220,OP005418,L024070,2026-01-18,1949.36
REV003221,OP005421,L024081,2024-12-10,476.92
REV003222,OP005422,L024086,2026-08-04,10115.49
REV003223,OP005424,L024095,2026-02-28,4313.35
REV003224,OP005425,L024096,2025-10-12,2173.52
REV003225,OP005426,L024099,2026-03-12,2459.04
REV003226,OP005428,L024101,2024-09-17,3286.61
REV003227,OP005429,L024106,2024-05-07,6700.31
REV003228,OP005430,L024107,2024-03-28,18265.6
REV003229,OP005431,L024111,2025-05-23,28894.78
REV003230,OP005437,L024129,2024-07-01,1898.8
REV003231,OP005438,L024132,2024-10-20,6640.5
REV003232,OP005439,L024133,2025-09-03,4725.17
REV003233,OP005441,L024140,2026-02-25,4469.63
REV003234,OP005442,L024146,2024-08-23,3251.05
REV003235,OP005443,L024157,2024-06-05,1284.49
REV003236,OP005444,L024158,2025-06-08,12600.81
REV003237,OP005446,L024164,2026-09-28,2812.45
REV003238,OP005447,L024176,2026-07-16,3175.12
REV003239,OP005448,L024177,2025-12-08,3206.31
REV003240,OP005449,L024184,2024-12-27,1436.54
REV003241,OP005450,L024186,2025-02-22,8665.37
REV003242,OP005451,L024187,2025-11-29,1184.18
REV003243,OP005452,L024206,2024-05-03,3992.61
REV003244,OP005455,L024219,2025-08-17,797.09
REV003245,OP005463,L024256,2024-04-02,3755.2
REV003246,OP005466,L024269,2025-05-15,3316.25
REV003247,OP005467,L024272,2026-03-04,15181.18
REV003248,OP005468,L024286,2026-08-06,4157.63
REV003249,OP005469,L024291,2026-04-10,2421.94
REV003250,OP005472,L024312,2025-09-09,1757.27
REV003251,OP005473,L024323,2024-06-20,35911.05
REV003252,OP005477,L024340,2026-07-06,3999.46
REV003253,OP005478,L024344,2026-04-29,9072.17
REV003254,OP005479,L024353,2025-01-23,952.09
REV003255,OP005483,L024374,2024-04-15,1484.63
REV003256,OP005485,L024381,2024-12-18,14839.67
REV003257,OP005487,L024386,2024-09-17,12005.85
REV003258,OP005488,L024387,2025-07-29,1372.96
REV003259,OP005490,L024396,2025-11-17,4275.83
REV003260,OP005492,L024416,2026-09-19,387.46
REV003261,OP005493,L024417,2025-04-01,1318.13
REV003262,OP005494,L024418,2025-09-09,10027.12
REV003263,OP005497,L024434,2025-02-22,28371.55
REV003264,OP005498,L024438,2025-08-02,1574.55
REV003265,OP005499,L024446,2024-10-08,1465.97
REV003266,OP005500,L024449,2025-07-19,1560.13
REV003267,OP005501,L024452,2025-09-27,2953.82
REV003268,OP005504,L024461,2026-01-31,1372.43
REV003269,OP005506,L024466,2025-02-09,10348.64
REV003270,OP005507,L024468,2026-04-20,7867.94
REV003271,OP005508,L024483,2024-03-16,12765.07
REV003272,OP005509,L024486,2024-11-11,1930.67
REV003273,OP005510,L024488,2025-05-14,2485.04
REV003274,OP005513,L024511,2025-07-02,21197.87
REV003275,OP005514,L024512,2026-07-17,9843.46
REV003276,OP005516,L024518,2024-07-21,633.88
REV003277,OP005517,L024529,2026-02-25,811.84
REV003278,OP005519,L024545,2025-02-23,25256.86
REV003279,OP005520,L024551,2024-02-11,4457.11
REV003280,OP005521,L024561,2025-12-21,422.36
REV003281,OP005528,L024579,2026-03-25,918.9
REV003282,OP005529,L024588,2024-06-28,858.66
REV003283,OP005530,L024589,2025-09-16,5451.46
REV003284,OP005531,L024590,2026-02-09,3764.53
REV003285,OP005533,L024596,2025-02-14,2714.39
REV003286,OP005534,L024608,2024-03-21,878.23
REV003287,OP005535,L024609,2026-10-05,1118.08
REV003288,OP005536,L024612,2026-08-21,8906.25
REV003289,OP005537,L024616,2026-07-09,4911.38
REV003290,OP005539,L024620,2026-05-09,15481.74
REV003291,OP005540,L024623,2026-06-08,1014.48
REV003292,OP005545,L024636,2024-10-25,3830.41
REV003293,OP005546,L024637,2025-01-05,5789.47
REV003294,OP005547,L024639,2025-02-16,1566.6
REV003295,OP005550,L024647,2024-12-29,20871.84
REV003296,OP005554,L024666,2024-11-15,1972.15
REV003297,OP005557,L024680,2025-01-14,2494.83
REV003298,OP005558,L024689,2024-06-06,3747.65
REV003299,OP005559,L024690,2024-08-15,3262.24
REV003300,OP005561,L024700,2024-09-17,319.13
REV003301,OP005563,L024705,2025-07-06,5407.92
REV003302,OP005565,L024712,2026-09-18,5068.35
REV003303,OP005567,L024714,2026-08-05,1923.14
REV003304,OP005570,L024727,2024-11-04,3382.58
REV003305,OP005572,L024732,2024-03-06,3504.09
REV003306,OP005573,L024733,2025-05-25,641.21
REV003307,OP005574,L024737,2025-06-21,388.41
REV003308,OP005575,L024742,2025-03-12,1171.23
REV003309,OP005578,L024746,2025-12-13,2136.03
REV003310,OP005579,L024749,2024-06-25,2379.18
REV003311,OP005580,L024757,2026-03-19,5598.79
REV003312,OP005583,L024764,2025-01-03,4905.21
REV003313,OP005585,L024773,2026-03-15,5364.56
REV003314,OP005586,L024775,2025-03-24,1410.74
REV003315,OP005588,L024789,2024-11-11,354.88
REV003316,OP005590,L024799,2025-11-08,12050.74
REV003317,OP005591,L024806,2024-12-07,842.49
REV003318,OP005596,L024813,2025-10-25,14063.55
REV003319,OP005598,L024824,2024-10-08,15134.28
REV003320,OP005600,L024834,2026-09-09,2024.72
REV003321,OP005602,L024842,2024-05-09,7440.27
REV003322,OP005608,L024859,2024-10-08,2862.53
REV003323,OP005609,L024860,2024-02-29,3467.06
REV003324,OP005610,L024864,2024-10-12,585.62
REV003325,OP005613,L024879,2025-02-16,7963.71
REV003326,OP005614,L024880,2026-09-24,1206.26
REV003327,OP005617,L024892,2024-10-16,2179.72
REV003328,OP005619,L024904,2024-04-17,1098.18
REV003329,OP005620,L024906,2025-09-03,3004.87
REV003330,OP005623,L024920,2024-07-31,2624.76
REV003331,OP005627,L024933,2025-03-11,5287.81
REV003332,OP005628,L024938,2025-10-04,5793.75
REV003333,OP005630,L024942,2024-11-07,3627.03
REV003334,OP005631,L024943,2025-11-27,7697.94
REV003335,OP005632,L024951,2026-09-02,7465.32
REV003336,OP005633,L024954,2024-08-19,576.66
REV003337,OP005634,L024958,2024-02-28,1238.74
REV003338,OP005637,L024971,2026-01-22,3599.47
REV003339,OP005638,L024972,2024-06-19,7992.28
REV003340,OP005639,L024973,2025-10-13,2863.87
REV003341,OP005640,L024977,2025-07-10,4404.44
REV003342,OP005641,L024981,2026-02-09,972.39
REV003343,OP005642,L024989,2026-07-26,9504.82
REV003344,OP005644,L024993,2025-01-26,11056.01
REV003345,OP005645,L025001,2026-01-28,2743.3
REV003346,OP005650,L025026,2025-09-05,5684.23
REV003347,OP005652,L025038,2025-01-25,1078.21
REV003348,OP005654,L025045,2026-08-12,9814.82
REV003349,OP005656,L025062,2026-01-28,1586.46
REV003350,OP005657,L025069,2025-07-29,3200.92
REV003351,OP005658,L025072,2025-12-27,1222.33
REV003352,OP005660,L025074,2024-06-07,1546.62
REV003353,OP005661,L025078,2025-01-14,29072.67
REV003354,OP005663,L025084,2024-01-10,3365.38
REV003355,OP005664,L025086,2025-12-19,1659.57
REV003356,OP005666,L025096,2026-05-08,4858.02
REV003357,OP005668,L025102,2025-02-28,2412.01
REV003358,OP005670,L025107,2024-02-10,5537.72
REV003359,OP005671,L025108,2026-09-04,4340.09
REV003360,OP005672,L025111,2025-06-26,2987.33
REV003361,OP005674,L025120,2026-05-27,2785.17
REV003362,OP005675,L025121,2025-08-19,389.35
REV003363,OP005676,L025137,2026-02-26,1859.16
REV003364,OP005677,L025139,2024-08-19,1721.63
REV003365,OP005680,L025162,2026-08-31,1982.45
REV003366,OP005684,L025181,2025-10-31,13507.59
REV003367,OP005685,L025190,2025-11-20,4803.17
REV003368,OP005687,L025197,2024-02-21,1819.45
REV003369,OP005688,L025199,2024-09-01,4148.33
REV003370,OP005689,L025206,2025-11-05,1154.02
REV003371,OP005690,L025216,2024-11-27,795.46
REV003372,OP005691,L025223,2026-02-15,469.67
REV003373,OP005692,L025230,2026-01-25,2101.34
REV003374,OP005693,L025235,2026-04-09,431.85
REV003375,OP005694,L025236,2026-06-28,978.21
REV003376,OP005695,L025239,2025-09-19,553.63
REV003377,OP005700,L025259,2026-09-08,11747.65
REV003378,OP005701,L025260,2024-04-04,6848.79
REV003379,OP005703,L025268,2025-05-02,2936.93
REV003380,OP005705,L025279,2026-05-30,4013.89
REV003381,OP005708,L025287,2026-07-11,740.87
REV003382,OP005709,L025290,2024-07-19,1571.51
REV003383,OP005710,L025302,2024-10-05,1984.02
REV003384,OP005711,L025303,2026-07-09,5212.52
REV003385,OP005712,L025304,2026-09-09,2384.5
REV003386,OP005713,L025306,2025-02-04,597.5
REV003387,OP005714,L025310,2026-07-14,1990.1
REV003388,OP005715,L025311,2024-02-23,2662.93
REV003389,OP005716,L025316,2024-09-27,3922.09
REV003390,OP005717,L025318,2024-06-11,2870.17
REV003391,OP005719,L025323,2026-05-18,2966.91
REV003392,OP005720,L025325,2024-05-07,3681.48
REV003393,OP005721,L025330,2025-03-10,1360.28
REV003394,OP005722,L025331,2025-11-08,1549.93
REV003395,OP005723,L025341,2025-04-18,9325.56
REV003396,OP005724,L025345,2026-04-10,1840.33
REV003397,OP005728,L025356,2024-09-21,1219.62
REV003398,OP005730,L025360,2025-12-13,2597.63
REV003399,OP005734,L025372,2025-06-25,490.58
REV003400,OP005735,L025373,2025-07-15,698.3
REV003401,OP005741,L025386,2026-09-03,1943.27
REV003402,OP005743,L025394,2026-03-29,1960.54
REV003403,OP005744,L025396,2025-10-31,7929.69
REV003404,OP005753,L025443,2025-03-07,4854.77
REV003405,OP005754,L025446,2024-08-07,5865.76
REV003406,OP005757,L025462,2025-02-14,7368.55
REV003407,OP005759,L025470,2024-03-20,1138.44
REV003408,OP005760,L025473,2024-03-12,1099.88
REV003409,OP005764,L025504,2025-07-11,1897.33
REV003410,OP005766,L025508,2026-01-09,9341.84
REV003411,OP005767,L025509,2025-08-16,1218.48
REV003412,OP005771,L025530,2025-10-17,2368.48
REV003413,OP005772,L025534,2026-07-27,1097.87
REV003414,OP005773,L025538,2026-07-20,2038.18
REV003415,OP005775,L025546,2024-11-07,2927.6
REV003416,OP005776,L025551,2025-04-25,902.28
REV003417,OP005780,L025569,2026-03-22,16078.36
REV003418,OP005781,L025573,2026-08-05,699.14
REV003419,OP005783,L025584,2026-02-25,4097.93
REV003420,OP005785,L025590,2024-07-26,1686.46
REV003421,OP005787,L025596,2025-08-20,8364.67
REV003422,OP005788,L025605,2026-03-05,4763.02
REV003423,OP005789,L025606,2025-08-19,2700.87
REV003424,OP005790,L025607,2025-05-20,1610.21
REV003425,OP005792,L025624,2024-12-29,562.09
REV003426,OP005796,L025642,2026-01-14,8936.84
REV003427,OP005798,L025647,2026-08-04,3843.76
REV003428,OP005800,L025662,2025-07-10,3231.07
REV003429,OP005801,L025674,2024-06-19,3133.85
REV003430,OP005802,L025678,2026-05-12,1506.11
REV003431,OP005803,L025679,2025-08-11,3913.95
REV003432,OP005805,L025686,2024-09-14,763.13
REV003433,OP005806,L025687,2024-08-21,5336.46
REV003434,OP005807,L025690,2026-04-20,1896.49
REV003435,OP005810,L025709,2025-11-05,4730.01
REV003436,OP005814,L025725,2026-01-26,2703.11
REV003437,OP005819,L025741,2026-05-12,768.69
REV003438,OP005822,L025750,2025-06-03,4656.09
REV003439,OP005823,L025755,2024-10-10,2908.49
REV003440,OP005826,L025764,2026-09-27,763.85
REV003441,OP005827,L025769,2026-09-01,8078.97
REV003442,OP005828,L025779,2025-04-17,250.0
REV003443,OP005829,L025780,2025-04-09,5754.79
REV003444,OP005830,L025781,2025-02-10,1094.33
REV003445,OP005831,L025785,2026-09-05,733.67
REV003446,OP005832,L025793,2024-09-23,465.61
REV003447,OP005833,L025796,2025-09-02,2662.12
REV003448,OP005836,L025803,2026-09-06,6090.84
REV003449,OP005838,L025812,2024-07-30,3846.49
REV003450,OP005839,L025817,2026-09-06,5876.74
REV003451,OP005841,L025827,2025-05-02,5294.4
REV003452,OP005842,L025828,2024-10-23,2810.41
REV003453,OP005844,L025832,2024-07-22,674.31
REV003454,OP005845,L025837,2026-03-27,8209.43
REV003455,OP005846,L025839,2025-01-13,986.58
REV003456,OP005847,L025848,2025-10-10,5710.68
REV003457,OP005848,L025852,2026-08-03,2114.31
REV003458,OP005851,L025870,2026-08-06,1176.12
REV003459,OP005852,L025876,2024-09-22,1444.89
REV003460,OP005853,L025879,2025-02-24,9557.14
REV003461,OP005856,L025888,2025-06-01,872.84
REV003462,OP005859,L025917,2026-09-23,1668.07
REV003463,OP005861,L025954,2025-11-29,1197.2
REV003464,OP005865,L025976,2024-05-02,22757.88
REV003465,OP005867,L025982,2024-04-26,1393.29
REV003466,OP005868,L025996,2025-12-15,3537.85
REV003467,OP005870,L026027,2024-01-30,1138.04
REV003468,OP005874,L026039,2025-07-12,5994.59
REV003469,OP005876,L026053,2026-07-25,5074.54
REV003470,OP005878,L026066,2026-08-28,825.45
REV003471,OP005879,L026069,2026-03-23,918.35
REV003472,OP005882,L026078,2026-02-25,1112.05
REV003473,OP005883,L026083,2024-03-03,2661.2
REV003474,OP005885,L026087,2025-01-11,8096.93
REV003475,OP005887,L026090,2026-02-03,5227.79
REV003476,OP005889,L026102,2026-01-01,1485.14
REV003477,OP005890,L026108,2025-06-16,1765.1
REV003478,OP005892,L026119,2026-07-24,996.42
REV003479,OP005893,L026121,2026-05-21,2193.01
REV003480,OP005895,L026127,2024-07-01,4010.79
REV003481,OP005897,L026136,2026-09-18,629.18
REV003482,OP005899,L026141,2024-03-30,1419.22
REV003483,OP005900,L026143,2024-10-28,649.16
REV003484,OP005901,L026149,2026-07-22,16265.44
REV003485,OP005902,L026155,2024-05-13,2386.82
REV003486,OP005907,L026179,2026-03-23,3549.35
REV003487,OP005908,L026187,2024-10-30,6791.08
REV003488,OP005912,L026201,2026-07-11,250.0
REV003489,OP005913,L026202,2026-04-21,1618.93
REV003490,OP005918,L026234,2025-01-05,614.7
REV003491,OP005919,L026250,2026-06-06,9133.96
REV003492,OP005921,L026265,2026-05-31,7779.65
REV003493,OP005924,L026274,2024-10-27,3759.35
REV003494,OP005925,L026275,2024-01-24,1661.06
REV003495,OP005927,L026278,2026-01-29,1163.91
REV003496,OP005929,L026282,2025-09-11,2679.02
REV003497,OP005931,L026289,2024-04-11,577.0
REV003498,OP005932,L026293,2025-03-09,3053.37
REV003499,OP005933,L026294,2024-12-30,3386.45
REV003500,OP005935,L026296,2025-01-12,3286.56
REV003501,OP005936,L026309,2024-12-04,2225.7
REV003502,OP005937,L026314,2024-10-16,1799.06
REV003503,OP005939,L026322,2024-07-16,1282.54
REV003504,OP005940,L026331,2025-09-21,2829.49
REV003505,OP005941,L026343,2026-05-10,9657.21
REV003506,OP005943,L026346,2025-08-01,1148.12
REV003507,OP005946,L026351,2025-06-27,4901.45
REV003508,OP005947,L026357,2026-04-21,2966.76
REV003509,OP005948,L026359,2025-01-28,1089.82
REV003510,OP005950,L026370,2024-02-11,2078.19
REV003511,OP005951,L026371,2025-10-06,2362.85
REV003512,OP005953,L026380,2024-05-06,1886.68
REV003513,OP005954,L026381,2025-02-04,20433.47
REV003514,OP005955,L026382,2026-07-27,900.53
REV003515,OP005957,L026388,2025-01-19,250.0
REV003516,OP005959,L026400,2025-02-12,1692.14
REV003517,OP005960,L026402,2025-01-10,6284.91
REV003518,OP005961,L026403,2026-07-06,2180.43
REV003519,OP005964,L026415,2024-06-21,24902.68
REV003520,OP005966,L026428,2026-02-15,4936.15
REV003521,OP005967,L026430,2024-04-08,4317.44
REV003522,OP005970,L026444,2024-08-01,6522.62
REV003523,OP005974,L026456,2024-01-23,10610.83
REV003524,OP005975,L026460,2025-12-27,2775.86
REV003525,OP005978,L026481,2025-09-13,1435.58
REV003526,OP005980,L026486,2026-05-30,2605.63
REV003527,OP005982,L026506,2024-08-12,4623.19
REV003528,OP005983,L026514,2025-07-04,20581.5
REV003529,OP005988,L026532,2025-08-07,1703.49
REV003530,OP005989,L026533,2026-09-05,1431.92
REV003531,OP005990,L026536,2024-09-02,3673.27
REV003532,OP005991,L026538,2024-11-22,9313.49
REV003533,OP005993,L026540,2024-10-05,7311.93
REV003534,OP005995,L026559,2025-09-10,880.87
REV003535,OP005996,L026567,2024-02-15,494.2
REV003536,OP005999,L026573,2025-11-27,483.1
REV003537,OP006000,L026578,2024-09-18,8943.96
REV003538,OP006002,L026582,2024-06-22,1322.09
REV003539,OP006004,L026587,2024-12-05,787.01
REV003540,OP006006,L026594,2026-08-10,20931.82
REV003541,OP006008,L026597,2024-01-24,1167.31
REV003542,OP006009,L026605,2025-03-07,4739.63
REV003543,OP006010,L026606,2025-05-31,8010.88
REV003544,OP006011,L026617,2024-08-10,2954.76
REV003545,OP006012,L026618,2024-03-25,2119.61
REV003546,OP006018,L026641,2024-05-22,1097.16
REV003547,OP006019,L026642,2025-06-15,2012.14
REV003548,OP006022,L026649,2025-04-03,1078.35
REV003549,OP006023,L026657,2024-05-29,3588.08
REV003550,OP006025,L026665,2025-01-10,4575.43
REV003551,OP006026,L026666,2024-11-02,11125.27
REV003552,OP006027,L026667,2025-08-07,9174.55
REV003553,OP006028,L026670,2026-08-16,4373.17
REV003554,OP006030,L026674,2025-01-04,8815.22
REV003555,OP006031,L026675,2026-06-22,1690.47
REV003556,OP006034,L026695,2025-01-20,4024.08
REV003557,OP006035,L026698,2024-08-31,2231.98
REV003558,OP006036,L026703,2025-09-28,1674.03
REV003559,OP006037,L026724,2025-05-09,3147.08
REV003560,OP006038,L026735,2024-04-24,866.31
REV003561,OP006039,L026736,2024-06-13,918.15
REV003562,OP006040,L026748,2026-05-10,5920.57
REV003563,OP006041,L026752,2024-08-26,6420.13
REV003564,OP006042,L026756,2025-02-20,9514.51
REV003565,OP006043,L026769,2025-04-27,5741.77
REV003566,OP006044,L026775,2025-01-13,903.17
REV003567,OP006049,L026803,2025-08-30,15981.76
REV003568,OP006050,L026809,2024-07-02,997.87
REV003569,OP006052,L026814,2026-10-07,907.94
REV003570,OP006054,L026825,2024-02-12,250.0
REV003571,OP006055,L026829,2026-08-04,1523.23
REV003572,OP006057,L026839,2026-02-24,3087.75
REV003573,OP006059,L026850,2026-05-30,11838.8
REV003574,OP006060,L026857,2024-10-13,4061.96
REV003575,OP006062,L026863,2026-04-17,5822.79
REV003576,OP006063,L026867,2025-12-27,39680.76
REV003577,OP006064,L026870,2024-10-03,3875.16
REV003578,OP006065,L026872,2024-05-10,2936.76
REV003579,OP006066,L026873,2024-10-21,1964.15
REV003580,OP006068,L026899,2024-08-15,531.42
REV003581,OP006072,L026926,2024-07-20,1159.53
REV003582,OP006076,L026946,2026-03-17,866.51
REV003583,OP006077,L026948,2025-04-21,4169.01
REV003584,OP006078,L026950,2025-02-11,2127.59
REV003585,OP006079,L026959,2025-10-18,2996.38
REV003586,OP006084,L026981,2025-12-31,3158.63
REV003587,OP006085,L026986,2025-05-16,9441.23
REV003588,OP006088,L027000,2024-07-14,2370.16
REV003589,OP006090,L027008,2026-01-14,3379.95
REV003590,OP006092,L027013,2024-12-31,3650.56
REV003591,OP006093,L027018,2024-08-15,935.22
REV003592,OP006096,L027030,2025-02-22,1857.57
REV003593,OP006097,L027041,2026-01-02,4176.15
REV003594,OP006098,L027045,2025-08-10,2202.03
REV003595,OP006099,L027052,2025-07-30,567.86
REV003596,OP006100,L027056,2026-08-25,3816.09
REV003597,OP006103,L027064,2024-09-21,1201.05
REV003598,OP006104,L027071,2024-04-09,11090.54
REV003599,OP006105,L027072,2026-03-25,7892.43
REV003600,OP006108,L027099,2026-07-26,1290.05
REV003601,OP006109,L027104,2026-06-23,10224.81
REV003602,OP006111,L027112,2025-12-04,2134.17
REV003603,OP006113,L027127,2024-02-23,9539.69
REV003604,OP006115,L027137,2025-11-06,1520.7
REV003605,OP006118,L027150,2026-09-14,7491.78
REV003606,OP006119,L027152,2025-12-27,3073.03
REV003607,OP006121,L027158,2025-07-30,376.87
REV003608,OP006124,L027178,2024-12-17,1245.36
REV003609,OP006125,L027184,2025-01-04,17016.94
REV003610,OP006126,L027198,2026-01-29,6128.12
REV003611,OP006129,L027209,2025-10-26,6891.95
REV003612,OP006131,L027211,2025-06-25,4032.51
REV003613,OP006132,L027214,2026-01-25,2671.77
REV003614,OP006137,L027259,2024-02-22,9845.11
REV003615,OP006139,L027288,2025-07-01,2146.53
REV003616,OP006141,L027302,2024-08-04,1238.56
REV003617,OP006143,L027308,2024-04-03,3238.58
REV003618,OP006144,L027320,2025-12-14,818.37
REV003619,OP006146,L027325,2025-01-16,4751.79
REV003620,OP006148,L027332,2024-12-08,19233.01
REV003621,OP006149,L027335,2025-05-08,5829.96
REV003622,OP006150,L027337,2024-06-10,744.83
REV003623,OP006151,L027345,2025-10-04,1171.93
REV003624,OP006152,L027353,2024-06-10,1323.41
REV003625,OP006153,L027355,2024-04-15,4161.94
REV003626,OP006155,L027357,2024-02-15,9965.29
REV003627,OP006156,L027365,2024-09-21,5576.44
REV003628,OP006158,L027369,2024-08-29,6463.98
REV003629,OP006159,L027371,2025-07-18,5222.45
REV003630,OP006160,L027374,2024-12-10,4978.86
REV003631,OP006161,L027375,2025-05-20,2493.25
REV003632,OP006163,L027389,2024-07-13,4861.73
REV003633,OP006165,L027396,2025-12-02,5401.31
REV003634,OP006169,L027411,2024-02-15,3700.18
REV003635,OP006171,L027414,2025-02-19,1780.91
REV003636,OP006177,L027443,2026-08-04,395.48
REV003637,OP006179,L027460,2024-10-20,1643.98
REV003638,OP006181,L027464,2024-03-18,3035.28
REV003639,OP006182,L027466,2025-08-15,281.65
REV003640,OP006185,L027477,2024-07-09,898.91
REV003641,OP006186,L027479,2025-02-09,7297.43
REV003642,OP006187,L027481,2024-07-24,1105.87
REV003643,OP006188,L027490,2026-01-04,2071.9
REV003644,OP006190,L027502,2026-08-20,2712.36
REV003645,OP006192,L027514,2024-12-20,3484.67
REV003646,OP006194,L027531,2025-01-07,1281.44
REV003647,OP006195,L027532,2025-05-24,2081.65
REV003648,OP006198,L027554,2024-03-27,892.61
REV003649,OP006199,L027560,2025-12-23,7303.65
REV003650,OP006200,L027565,2024-02-29,3525.86
REV003651,OP006201,L027580,2024-01-23,1451.52
REV003652,OP006202,L027589,2025-09-08,1192.48
REV003653,OP006203,L027600,2026-08-22,3598.36
REV003654,OP006204,L027610,2026-02-20,1601.86
REV003655,OP006205,L027615,2026-08-22,27726.69
REV003656,OP006207,L027623,2025-08-07,526.37
REV003657,OP006209,L027627,2026-08-02,5504.53
REV003658,OP006210,L027635,2024-11-29,1965.22
REV003659,OP006211,L027641,2026-01-28,6968.9
REV003660,OP006213,L027651,2024-08-12,581.39
REV003661,OP006216,L027657,2026-02-15,25780.84
REV003662,OP006219,L027668,2024-12-14,2449.14
REV003663,OP006220,L027669,2026-08-30,3798.84
REV003664,OP006221,L027673,2025-11-21,1713.31
REV003665,OP006223,L027678,2025-01-13,2668.03
REV003666,OP006224,L027679,2026-04-02,5683.62
REV003667,OP006225,L027690,2025-11-12,784.0
REV003668,OP006227,L027706,2024-03-06,3328.68
REV003669,OP006229,L027713,2025-07-21,10756.86
REV003670,OP006230,L027717,2024-06-07,2708.17
REV003671,OP006231,L027720,2025-09-20,3736.97
REV003672,OP006232,L027734,2024-11-09,2722.37
REV003673,OP006234,L027739,2024-05-29,1613.39
REV003674,OP006235,L027740,2025-04-22,2323.3
REV003675,OP006236,L027742,2024-09-06,1591.79
REV003676,OP006239,L027757,2025-09-15,869.11
REV003677,OP006240,L027772,2024-08-20,632.81
REV003678,OP006241,L027775,2024-10-06,1242.93
REV003679,OP006242,L027776,2026-08-12,1814.87
REV003680,OP006243,L027781,2025-10-18,6838.28
REV003681,OP006244,L027783,2024-06-30,1240.53
REV003682,OP006246,L027794,2025-02-15,618.94
REV003683,OP006252,L027815,2025-01-12,4156.88
REV003684,OP006253,L027821,2026-07-09,1134.24
REV003685,OP006254,L027823,2024-03-19,1122.47
REV003686,OP006256,L027827,2025-07-08,7766.31
REV003687,OP006257,L027828,2024-06-15,6873.89
REV003688,OP006261,L027850,2024-09-11,5988.14
REV003689,OP006263,L027860,2025-11-22,5933.0
REV003690,OP006264,L027861,2025-12-09,666.24
REV003691,OP006265,L027866,2026-04-24,617.97
REV003692,OP006266,L027867,2025-03-29,3390.22
REV003693,OP006267,L027870,2026-08-06,9252.46
REV003694,OP006268,L027872,2024-10-12,4158.18
REV003695,OP006270,L027878,2025-09-08,437.13
REV003696,OP006273,L027896,2024-04-17,8262.86
REV003697,OP006274,L027904,2024-04-17,850.68
REV003698,OP006275,L027920,2025-10-03,1051.06
REV003699,OP006276,L027929,2025-06-11,1492.1
REV003700,OP006279,L027939,2024-09-10,17090.86
REV003701,OP006280,L027941,2024-12-23,14673.1
REV003702,OP006281,L027948,2024-08-19,1325.21
REV003703,OP006282,L027950,2026-08-01,1570.05
REV003704,OP006283,L027961,2024-05-27,1842.5
REV003705,OP006284,L027963,2024-11-19,473.86
REV003706,OP006285,L027967,2025-03-25,3090.24
REV003707,OP006288,L027976,2024-12-12,6681.07
REV003708,OP006289,L027978,2024-04-11,4004.63
REV003709,OP006292,L027992,2025-11-06,1430.87
REV003710,OP006296,L028005,2024-12-18,2528.75
REV003711,OP006299,L028016,2024-07-30,4248.02
REV003712,OP006300,L028018,2026-01-26,8043.94
REV003713,OP006302,L028039,2024-06-27,714.79
REV003714,OP006303,L028040,2025-08-30,1419.14
REV003715,OP006306,L028058,2024-05-31,4128.12
REV003716,OP006307,L028066,2024-06-05,3636.74
REV003717,OP006309,L028069,2024-07-10,2537.17
REV003718,OP006312,L028076,2026-02-27,23662.68
REV003719,OP006313,L028077,2024-06-28,3011.58
REV003720,OP006314,L028079,2024-02-10,1886.65
REV003721,OP006316,L028095,2025-05-01,2941.27
REV003722,OP006317,L028099,2025-08-18,2021.71
REV003723,OP006321,L028109,2025-10-29,1716.48
REV003724,OP006324,L028127,2024-09-04,1114.72
REV003725,OP006327,L028130,2026-07-21,2023.64
REV003726,OP006331,L028159,2024-10-04,3264.69
REV003727,OP006332,L028164,2025-01-23,5427.48
REV003728,OP006334,L028172,2024-04-29,3019.91
REV003729,OP006337,L028181,2025-04-12,11399.54
REV003730,OP006338,L028188,2026-06-21,3719.65
REV003731,OP006339,L028189,2026-05-05,4151.15
REV003732,OP006340,L028194,2025-11-24,8479.11
REV003733,OP006341,L028203,2026-05-22,3063.47
REV003734,OP006342,L028204,2024-05-17,1437.02
REV003735,OP006345,L028221,2024-04-09,15262.25
REV003736,OP006346,L028224,2025-10-07,4083.49
REV003737,OP006348,L028238,2025-11-14,2707.4
REV003738,OP006350,L028242,2026-05-12,3058.81
REV003739,OP006351,L028243,2026-07-03,2392.11
REV003740,OP006353,L028253,2026-05-17,4723.06
REV003741,OP006354,L028254,2025-05-26,346.5
REV003742,OP006355,L028256,2025-01-08,1622.54
REV003743,OP006356,L028259,2025-08-22,4412.85
REV003744,OP006357,L028264,2024-05-22,3975.14
REV003745,OP006358,L028267,2025-05-17,927.1
REV003746,OP006359,L028271,2024-10-23,976.12
REV003747,OP006360,L028274,2024-07-24,1523.26
REV003748,OP006361,L028277,2024-11-21,3489.49
REV003749,OP006362,L028281,2026-06-11,9530.37
REV003750,OP006363,L028286,2024-12-04,5581.36
REV003751,OP006364,L028287,2026-09-16,499.68
REV003752,OP006365,L028290,2026-01-09,2593.51
REV003753,OP006370,L028311,2026-06-20,7016.11
REV003754,OP006375,L028340,2026-08-05,2715.5
REV003755,OP006376,L028341,2024-02-03,9621.47
REV003756,OP006377,L028345,2024-02-22,2882.47
REV003757,OP006378,L028350,2025-04-19,1646.88
REV003758,OP006381,L028357,2025-10-03,10175.96
REV003759,OP006383,L028367,2025-11-29,5947.55
REV003760,OP006384,L028377,2025-03-20,7255.92
REV003761,OP006385,L028381,2026-07-11,2488.59
REV003762,OP006386,L028385,2024-04-08,956.63
REV003763,OP006387,L028388,2024-07-26,984.72
REV003764,OP006388,L028395,2024-10-02,3194.84
REV003765,OP006389,L028399,2024-06-03,1608.34
REV003766,OP006393,L028409,2024-06-16,9924.49
REV003767,OP006394,L028411,2024-07-09,2666.51
REV003768,OP006395,L028418,2026-01-14,2830.55
REV003769,OP006397,L028429,2025-04-01,3713.39
REV003770,OP006398,L028430,2024-11-13,4723.22
REV003771,OP006400,L028438,2025-05-16,444.54
REV003772,OP006401,L028442,2024-06-02,3634.86
REV003773,OP006403,L028449,2026-05-25,1270.73
REV003774,OP006404,L028453,2026-04-11,19451.6
REV003775,OP006406,L028469,2025-06-30,935.75
REV003776,OP006409,L028477,2025-05-25,1882.15
REV003777,OP006410,L028485,2025-08-04,426.19
REV003778,OP006411,L028487,2025-01-17,16800.39
REV003779,OP006412,L028497,2026-09-03,1087.82
REV003780,OP006413,L028500,2025-03-08,1701.55
REV003781,OP006415,L028502,2024-05-19,1470.35
REV003782,OP006417,L028507,2025-05-20,3064.17
REV003783,OP006418,L028516,2024-06-13,8227.85
REV003784,OP006421,L028529,2026-09-22,4634.11
REV003785,OP006422,L028536,2026-03-11,2129.94
REV003786,OP006424,L028542,2025-02-23,2261.61
REV003787,OP006425,L028552,2024-09-21,21434.02
REV003788,OP006428,L028561,2025-03-31,13763.66
REV003789,OP006432,L028599,2025-02-18,2800.28
REV003790,OP006433,L028602,2024-03-22,1776.04
REV003791,OP006434,L028607,2025-05-28,4827.2
REV003792,OP006435,L028609,2024-04-09,1057.05
REV003793,OP006437,L028617,2024-05-25,250.0
REV003794,OP006438,L028621,2026-09-13,4706.54
REV003795,OP006439,L028622,2026-05-13,3168.68
REV003796,OP006440,L028632,2024-07-19,3507.04
REV003797,OP006441,L028638,2026-03-25,3488.56
REV003798,OP006442,L028641,2025-08-03,4612.65
REV003799,OP006448,L028663,2024-12-01,3098.25
REV003800,OP006449,L028664,2025-11-29,4584.74
REV003801,OP006451,L028670,2024-05-07,970.63
REV003802,OP006453,L028674,2025-03-01,895.56
REV003803,OP006455,L028683,2026-08-28,1497.03
REV003804,OP006457,L028686,2024-03-09,8599.34
REV003805,OP006458,L028688,2025-10-02,4359.69
REV003806,OP006459,L028691,2024-12-28,4684.34
REV003807,OP006460,L028692,2024-09-07,13359.16
REV003808,OP006462,L028698,2026-02-09,1683.66
REV003809,OP006465,L028718,2025-12-21,1750.87
REV003810,OP006466,L028721,2025-12-22,2517.6
REV003811,OP006468,L028726,2024-04-27,17362.33
REV003812,OP006470,L028730,2024-09-02,5250.23
REV003813,OP006471,L028740,2024-02-10,2558.59
REV003814,OP006472,L028741,2026-05-13,2116.69
REV003815,OP006473,L028759,2025-01-21,3552.49
REV003816,OP006479,L028793,2025-10-17,2258.6
REV003817,OP006481,L028807,2025-08-18,11638.75
REV003818,OP006482,L028808,2026-06-20,2083.99
REV003819,OP006483,L028809,2025-01-05,3896.11
REV003820,OP006484,L028810,2026-01-09,6110.5
REV003821,OP006486,L028816,2024-09-03,3103.13
REV003822,OP006487,L028819,2025-02-28,1690.74
REV003823,OP006488,L028820,2026-02-03,4584.1
REV003824,OP006489,L028822,2024-12-22,250.0
REV003825,OP006492,L028841,2025-07-12,2553.49
REV003826,OP006493,L028844,2025-04-09,2331.72
REV003827,OP006495,L028859,2025-04-29,3724.77
REV003828,OP006496,L028864,2025-03-11,2819.31
REV003829,OP006498,L028868,2025-04-09,8819.5
REV003830,OP006499,L028869,2024-04-22,4255.31
REV003831,OP006501,L028874,2024-12-07,5310.54
REV003832,OP006502,L028879,2025-10-23,1226.75
REV003833,OP006503,L028880,2025-08-21,5910.96
REV003834,OP006504,L028882,2024-02-17,9324.95
REV003835,OP006506,L028898,2024-03-07,2435.12
REV003836,OP006507,L028900,2024-10-04,5198.74
REV003837,OP006508,L028902,2025-05-01,513.6
REV003838,OP006509,L028903,2025-11-19,2066.8
REV003839,OP006512,L028911,2026-09-17,1682.16
REV003840,OP006513,L028917,2024-07-31,8009.4
REV003841,OP006514,L028920,2024-02-06,1011.2
REV003842,OP006516,L028940,2024-09-21,970.84
REV003843,OP006519,L028955,2025-01-11,3304.84
REV003844,OP006520,L028958,2026-04-30,681.05
REV003845,OP006521,L028961,2024-12-06,5614.15
REV003846,OP006522,L028963,2025-01-09,842.69
REV003847,OP006523,L028968,2024-11-26,7419.82
REV003848,OP006524,L028972,2026-04-01,11990.68
REV003849,OP006526,L028984,2024-04-17,750.27
REV003850,OP006528,L028986,2025-12-10,738.47
REV003851,OP006531,L028994,2025-11-02,1752.28
REV003852,OP006532,L028995,2024-11-04,3670.89
REV003853,OP006533,L029000,2025-05-29,4103.69
REV003854,OP006534,L029002,2024-08-14,1081.58
REV003855,OP006535,L029008,2025-08-22,2807.38
REV003856,OP006536,L029011,2025-04-30,3060.09
REV003857,OP006537,L029012,2025-08-19,27563.13
REV003858,OP006538,L029019,2024-03-26,17225.77
REV003859,OP006539,L029021,2025-12-18,3780.66
REV003860,OP006540,L029025,2025-11-21,19613.61
REV003861,OP006543,L029039,2025-09-03,15702.46
REV003862,OP006545,L029052,2026-05-07,6084.59
REV003863,OP006546,L029062,2024-10-06,6495.95
REV003864,OP006548,L029071,2024-08-29,551.8
REV003865,OP006550,L029077,2024-09-06,4312.3
REV003866,OP006551,L029080,2025-10-09,3921.99
REV003867,OP006552,L029084,2024-07-18,250.78
REV003868,OP006553,L029085,2024-11-01,10771.12
REV003869,OP006556,L029091,2026-04-11,589.61
REV003870,OP006560,L029111,2025-01-11,1318.92
REV003871,OP006562,L029117,2026-07-09,1024.71
REV003872,OP006563,L029120,2025-09-17,1771.28
REV003873,OP006564,L029141,2024-03-07,8608.52
REV003874,OP006565,L029144,2024-03-14,11228.51
REV003875,OP006566,L029145,2024-08-16,9403.75
REV003876,OP006567,L029149,2026-03-30,5855.66
REV003877,OP006568,L029156,2025-11-28,2621.76
REV003878,OP006569,L029157,2025-06-26,3124.97
REV003879,OP006571,L029178,2026-06-16,3574.46
REV003880,OP006573,L029188,2026-08-31,6602.83
REV003881,OP006574,L029190,2024-10-25,1109.4
REV003882,OP006578,L029202,2026-08-03,2206.62
REV003883,OP006581,L029222,2025-08-20,1898.54
REV003884,OP006582,L029231,2026-03-11,20326.29
REV003885,OP006583,L029234,2024-07-18,21033.56
REV003886,OP006584,L029238,2024-04-13,3800.02
REV003887,OP006585,L029242,2024-08-28,780.92
REV003888,OP006586,L029252,2026-01-04,3691.34
REV003889,OP006587,L029258,2025-07-26,3723.52
REV003890,OP006588,L029261,2025-03-05,2401.55
REV003891,OP006589,L029265,2025-09-16,8404.67
REV003892,OP006590,L029271,2024-03-02,5729.25
REV003893,OP006592,L029277,2024-08-30,23542.05
REV003894,OP006593,L029283,2025-08-16,1935.48
REV003895,OP006595,L029295,2024-09-17,3202.5
REV003896,OP006596,L029298,2026-08-03,3262.36
REV003897,OP006597,L029302,2025-08-08,1053.48
REV003898,OP006599,L029313,2024-06-15,2522.52
REV003899,OP006601,L029319,2024-02-21,2413.55
REV003900,OP006606,L029350,2025-07-12,1042.56
REV003901,OP006608,L029362,2026-01-09,9527.01
REV003902,OP006610,L029374,2024-05-01,2122.9
REV003903,OP006612,L029377,2025-02-07,14094.46
REV003904,OP006613,L029387,2024-05-10,6529.84
REV003905,OP006614,L029394,2025-11-02,4545.14
REV003906,OP006615,L029396,2024-02-26,6979.87
REV003907,OP006616,L029398,2025-06-13,1084.38
REV003908,OP006617,L029399,2025-10-01,1491.98
REV003909,OP006618,L029401,2024-07-27,2661.33
REV003910,OP006619,L029402,2024-04-30,2791.44
REV003911,OP006620,L029407,2024-12-27,2335.53
REV003912,OP006624,L029427,2025-02-14,2224.77
REV003913,OP006634,L029503,2025-03-15,405.01
REV003914,OP006635,L029505,2024-07-17,7578.53
REV003915,OP006636,L029508,2026-02-11,3455.64
REV003916,OP006638,L029517,2024-01-29,4922.92
REV003917,OP006639,L029529,2025-11-28,7600.09
REV003918,OP006640,L029534,2025-12-25,2067.03
REV003919,OP006642,L029543,2025-12-27,3208.29
REV003920,OP006643,L029549,2024-08-14,6664.47
REV003921,OP006645,L029558,2025-03-22,2037.02
REV003922,OP006647,L029571,2026-04-04,6176.86
REV003923,OP006651,L029600,2024-06-11,8974.08
REV003924,OP006654,L029616,2024-08-24,1102.57
REV003925,OP006655,L029619,2024-05-05,14569.7
REV003926,OP006658,L029626,2025-09-17,1461.37
REV003927,OP006661,L029645,2025-03-30,2897.53
REV003928,OP006663,L029655,2024-07-01,2592.65
REV003929,OP006664,L029668,2025-10-16,1640.17
REV003930,OP006666,L029683,2025-08-07,975.1
REV003931,OP006667,L029688,2024-02-21,2533.15
REV003932,OP006669,L029691,2025-07-10,1363.36
REV003933,OP006670,L029693,2026-07-19,373.69
REV003934,OP006671,L029694,2026-01-27,919.19
REV003935,OP006672,L029696,2024-10-03,791.98
REV003936,OP006674,L029722,2024-02-11,3114.97
REV003937,OP006675,L029724,2024-09-11,530.13
REV003938,OP006677,L029736,2026-03-19,6418.26
REV003939,OP006679,L029752,2026-01-12,991.85
REV003940,OP006681,L029758,2024-05-29,6018.94
REV003941,OP006683,L029772,2024-04-11,1165.69
REV003942,OP006685,L029780,2026-01-05,3749.83
REV003943,OP006686,L029784,2025-01-05,15488.01
REV003944,OP006687,L029785,2025-05-12,2508.26
REV003945,OP006689,L029795,2025-09-01,539.65
REV003946,OP006690,L029804,2025-09-01,2320.42
REV003947,OP006692,L029813,2025-11-08,6210.34
REV003948,OP006693,L029815,2026-06-18,4024.68
REV003949,OP006694,L029820,2025-11-22,2913.99
REV003950,OP006695,L029832,2025-07-16,2554.94
REV003951,OP006696,L029846,2024-10-28,5259.59
REV003952,OP006697,L029848,2025-04-26,7868.99
REV003953,OP006698,L029853,2024-05-30,3528.07
REV003954,OP006699,L029860,2024-07-17,13555.23
REV003955,OP006700,L029861,2024-09-13,42508.87
REV003956,OP006701,L029862,2025-07-14,12981.27
REV003957,OP006702,L029865,2024-09-07,4335.82
REV003958,OP006703,L029869,2025-07-16,953.34
REV003959,OP006706,L029881,2025-01-05,3469.19
REV003960,OP006708,L029889,2026-01-11,1702.36
REV003961,OP006709,L029895,2025-07-30,18530.85
REV003962,OP006710,L029909,2026-05-21,539.31
REV003963,OP006712,L029925,2026-05-14,1095.84
REV003964,OP006713,L029927,2025-07-14,9684.21
REV003965,OP006714,L029929,2024-12-07,6303.68
REV003966,OP006716,L029936,2025-04-29,4408.96
REV003967,OP006719,L029942,2025-10-22,9103.85
REV003968,OP006720,L029945,2025-07-25,9141.15
REV003969,OP006721,L029956,2025-12-09,1106.12
REV003970,OP006723,L029969,2025-11-28,2829.32
REV003971,OP006724,L029971,2026-08-07,855.95
REV003972,OP006727,L029989,2026-09-15,768.46
REV003973,OP006729,L029999,2025-07-13,529.53
REV003974,OP006730,L030002,2024-04-23,7991.99
REV003975,OP006731,L030007,2026-02-23,11688.52
REV003976,OP006732,L030008,2026-09-10,1756.2
REV003977,OP006734,L030014,2025-01-10,1544.43
REV003978,OP006735,L030019,2025-02-14,630.63
REV003979,OP006740,L030054,2026-07-30,1151.74
REV003980,OP006741,L030056,2026-06-09,3252.77
REV003981,OP006742,L030058,2024-04-21,2429.61
REV003982,OP006745,L030072,2026-01-13,5015.41
REV003983,OP006746,L030074,2024-07-12,3468.56
REV003984,OP006747,L030080,2024-03-02,10403.46
REV003985,OP006748,L030081,2025-04-22,4100.4
REV003986,OP006750,L030101,2024-09-24,2854.9
REV003987,OP006753,L030116,2025-02-06,1554.26
REV003988,OP006754,L030119,2026-06-19,2666.08
REV003989,OP006755,L030122,2024-11-11,2657.43
REV003990,OP006757,L030126,2026-01-22,2832.65
REV003991,OP006758,L030127,2024-10-05,749.92
REV003992,OP006760,L030133,2024-07-17,883.44
REV003993,OP006761,L030137,2024-12-19,10995.88
REV003994,OP006764,L030144,2025-10-09,2188.92
REV003995,OP006765,L030147,2026-03-18,5126.31
REV003996,OP006766,L030149,2024-03-25,17603.67
REV003997,OP006769,L030163,2025-04-28,7686.68
REV003998,OP006771,L030168,2024-10-10,4586.41
REV003999,OP006773,L030178,2025-11-08,548.64
REV004000,OP006774,L030184,2025-07-31,781.9
REV004001,OP006776,L030190,2025-10-30,11734.6
REV004002,OP006777,L030195,2025-06-15,2536.56
REV004003,OP006778,L030200,2025-03-03,1421.3
REV004004,OP006779,L030213,2026-04-04,4748.81
REV004005,OP006780,L030214,2026-01-28,2978.54
REV004006,OP006782,L030240,2026-02-11,2705.33
REV004007,OP006785,L030254,2025-03-15,4290.91
REV004008,OP006786,L030256,2025-01-18,809.92
REV004009,OP006788,L030266,2025-07-10,1985.76
REV004010,OP006789,L030268,2026-03-21,6817.75
REV004011,OP006792,L030277,2026-07-01,9543.94
REV004012,OP006793,L030286,2025-10-07,3377.03
REV004013,OP006797,L030302,2024-08-09,521.52
REV004014,OP006801,L030322,2026-08-09,63729.42
REV004015,OP006802,L030327,2024-06-22,17521.12
REV004016,OP006809,L030349,2025-08-22,2841.3
REV004017,OP006812,L030367,2025-12-20,1056.12
REV004018,OP006816,L030380,2024-07-20,2231.28
REV004019,OP006817,L030381,2024-02-29,9534.96
REV004020,OP006818,L030382,2026-05-01,8630.33
REV004021,OP006819,L030384,2024-12-15,4998.68
REV004022,OP006821,L030388,2024-07-20,10988.78
REV004023,OP006822,L030397,2026-09-27,2659.12
REV004024,OP006823,L030399,2025-04-08,2063.65
REV004025,OP006824,L030403,2026-04-25,11565.53
REV004026,OP006825,L030404,2024-04-14,8618.92
REV004027,OP006828,L030418,2026-08-16,2212.21
REV004028,OP006830,L030425,2024-03-24,3599.99
REV004029,OP006831,L030432,2024-04-16,4172.04
REV004030,OP006834,L030441,2025-01-15,1995.87
REV004031,OP006835,L030444,2026-01-03,5959.4
REV004032,OP006836,L030459,2024-10-04,3791.26
REV004033,OP006838,L030466,2025-04-08,1980.82
REV004034,OP006839,L030473,2026-05-15,3277.05
REV004035,OP006840,L030474,2026-03-27,670.53
REV004036,OP006843,L030497,2025-09-29,4107.73
REV004037,OP006846,L030505,2025-03-18,2804.64
REV004038,OP006849,L030518,2025-03-31,4550.14
REV004039,OP006851,L030523,2026-04-10,9895.91
REV004040,OP006852,L030526,2025-03-03,2328.07
REV004041,OP006853,L030527,2025-12-18,1484.97
REV004042,OP006854,L030531,2024-02-15,842.33
REV004043,OP006856,L030544,2026-05-28,3259.37
REV004044,OP006857,L030545,2024-03-30,7063.06
REV004045,OP006859,L030548,2026-08-27,17890.69
REV004046,OP006862,L030565,2025-12-17,1412.32
REV004047,OP006863,L030573,2025-11-18,776.08
REV004048,OP006865,L030577,2024-08-17,559.09
REV004049,OP006866,L030581,2025-04-07,5181.3
REV004050,OP006867,L030582,2026-04-13,5228.6
REV004051,OP006868,L030583,2025-06-15,1563.95
REV004052,OP006875,L030616,2024-11-28,3678.78
REV004053,OP006877,L030626,2024-10-02,2275.22
REV004054,OP006879,L030638,2026-08-25,1697.84
REV004055,OP006880,L030653,2025-11-25,2082.17
REV004056,OP006885,L030673,2025-03-05,4261.72
REV004057,OP006886,L030674,2024-10-05,967.77
REV004058,OP006887,L030677,2025-10-13,3698.91
REV004059,OP006888,L030680,2025-03-12,498.57
REV004060,OP006891,L030697,2025-11-24,1957.93
REV004061,OP006894,L030723,2025-05-05,2689.53
REV004062,OP006895,L030725,2024-07-19,14586.32
REV004063,OP006897,L030731,2024-11-24,2727.1
REV004064,OP006898,L030732,2024-05-11,59487.36
REV004065,OP006900,L030736,2026-08-09,1897.64
REV004066,OP006902,L030741,2024-09-02,2470.86
REV004067,OP006903,L030742,2026-02-21,10686.15
REV004068,OP006909,L030777,2025-06-14,821.86
REV004069,OP006910,L030791,2024-05-31,1658.41
REV004070,OP006911,L030792,2025-09-30,539.6
REV004071,OP006912,L030793,2026-05-17,1118.35
REV004072,OP006913,L030803,2024-06-30,2960.93
REV004073,OP006914,L030804,2026-06-24,487.42
REV004074,OP006918,L030818,2026-03-23,829.94
REV004075,OP006919,L030819,2024-05-25,3091.85
REV004076,OP006920,L030820,2025-04-16,892.23
REV004077,OP006921,L030831,2026-05-27,4915.55
REV004078,OP006926,L030850,2026-07-20,2291.29
REV004079,OP006927,L030866,2025-03-10,3450.28
REV004080,OP006928,L030867,2024-02-17,543.93
REV004081,OP006930,L030876,2024-05-12,3028.19
REV004082,OP006931,L030883,2024-12-20,634.41
REV004083,OP006932,L030885,2024-06-20,3062.23
REV004084,OP006933,L030887,2025-10-31,2927.41
REV004085,OP006934,L030888,2024-03-03,5427.21
REV004086,OP006937,L030900,2024-05-20,768.73
REV004087,OP006938,L030901,2025-12-14,1872.16
REV004088,OP006939,L030902,2026-05-28,9726.96
REV004089,OP006940,L030904,2025-11-16,5111.48
REV004090,OP006941,L030909,2024-08-11,1221.09
REV004091,OP006942,L030911,2025-10-25,2259.7
REV004092,OP006944,L030922,2024-02-22,7490.01
REV004093,OP006945,L030923,2026-09-01,2664.99
REV004094,OP006948,L030929,2024-10-03,4290.44
REV004095,OP006952,L030944,2024-12-16,731.61
REV004096,OP006953,L030950,2024-09-05,2114.98
REV004097,OP006954,L030951,2025-01-21,3815.04
REV004098,OP006955,L030954,2024-03-03,1762.02
REV004099,OP006956,L030955,2025-09-30,3454.42
REV004100,OP006957,L030956,2026-08-07,2527.34
REV004101,OP006959,L030974,2025-08-26,690.89
REV004102,OP006960,L030975,2024-04-01,845.87
REV004103,OP006961,L030979,2025-09-26,1011.81
REV004104,OP006962,L030982,2026-02-21,2076.07
REV004105,OP006964,L030993,2024-02-22,3442.92
REV004106,OP006967,L031002,2026-01-23,2010.3
REV004107,OP006968,L031005,2024-07-02,1312.46
REV004108,OP006970,L031012,2025-12-09,551.6
REV004109,OP006971,L031014,2024-06-19,3050.48
REV004110,OP006972,L031016,2025-04-07,10820.45
REV004111,OP006974,L031019,2026-08-02,3498.6
REV004112,OP006979,L031033,2024-01-31,4868.5
REV004113,OP006982,L031042,2026-03-04,4551.26
REV004114,OP006983,L031054,2025-06-27,6267.97
REV004115,OP006985,L031063,2026-03-24,10553.9
REV004116,OP006986,L031064,2025-02-17,2168.95
REV004117,OP006987,L031075,2026-02-16,667.74
REV004118,OP006988,L031082,2025-02-24,2155.88
REV004119,OP006990,L031095,2025-02-15,3223.56
REV004120,OP006991,L031098,2024-07-08,4434.44
REV004121,OP006992,L031101,2024-12-02,8568.64
REV004122,OP006994,L031107,2025-11-19,23625.06
REV004123,OP006995,L031109,2024-07-07,2539.91
REV004124,OP006996,L031110,2026-03-16,1202.38
REV004125,OP006997,L031115,2026-06-06,1563.59
REV004126,OP006999,L031119,2024-09-15,4457.75
REV004127,OP007000,L031121,2026-05-17,2316.1
REV004128,OP007005,L031145,2025-02-01,2402.94
REV004129,OP007006,L031147,2024-12-16,3258.62
REV004130,OP007007,L031152,2026-01-21,20919.55
REV004131,OP007008,L031153,2024-08-20,486.6
REV004132,OP007009,L031154,2024-02-07,1836.61
REV004133,OP007014,L031186,2026-04-09,3437.19
REV004134,OP007016,L031209,2025-01-31,5142.76
REV004135,OP007017,L031216,2024-06-30,8166.58
REV004136,OP007019,L031218,2024-06-09,5003.51
REV004137,OP007021,L031224,2026-04-16,4053.03
REV004138,OP007023,L031229,2025-02-19,14227.53
REV004139,OP007025,L031232,2025-02-10,19589.34
REV004140,OP007027,L031239,2025-01-06,3357.69
REV004141,OP007031,L031264,2025-10-29,2294.69
REV004142,OP007035,L031281,2024-08-14,3172.05
REV004143,OP007036,L031287,2026-08-22,3530.59
REV004144,OP007037,L031294,2024-05-18,1294.99
REV004145,OP007038,L031301,2026-03-16,978.39
REV004146,OP007042,L031321,2025-02-19,3935.78
REV004147,OP007043,L031335,2025-03-16,3880.57
REV004148,OP007045,L031342,2024-12-21,316.28
REV004149,OP007046,L031344,2025-08-07,1003.39
REV004150,OP007047,L031348,2025-06-02,430.4
REV004151,OP007048,L031352,2025-03-16,3311.61
REV004152,OP007049,L031354,2024-11-09,13280.92
REV004153,OP007051,L031366,2026-06-14,742.22
REV004154,OP007053,L031378,2024-06-12,2713.98
REV004155,OP007058,L031400,2026-01-19,13358.49
REV004156,OP007062,L031415,2024-09-29,8283.75
REV004157,OP007063,L031417,2024-04-09,14145.76
REV004158,OP007064,L031420,2025-09-06,737.82
REV004159,OP007065,L031421,2026-09-28,2320.05
REV004160,OP007067,L031427,2024-10-29,2538.47
REV004161,OP007068,L031428,2024-10-20,20761.51
REV004162,OP007070,L031436,2024-04-11,2325.92
REV004163,OP007071,L031438,2024-04-26,1994.97
REV004164,OP007073,L031441,2024-07-29,3298.37
REV004165,OP007076,L031453,2026-05-18,4527.77
REV004166,OP007078,L031460,2026-02-24,2874.21
REV004167,OP007079,L031469,2024-12-06,2649.34
REV004168,OP007080,L031470,2025-04-12,817.62
REV004169,OP007081,L031475,2025-02-27,4491.75
REV004170,OP007083,L031483,2026-05-30,1647.97
REV004171,OP007087,L031502,2024-11-25,1714.47
REV004172,OP007089,L031516,2025-08-12,8387.05
REV004173,OP007090,L031522,2026-09-14,5322.7
REV004174,OP007091,L031524,2025-11-30,2997.47
REV004175,OP007092,L031527,2024-05-07,1628.75
REV004176,OP007094,L031549,2024-07-09,2567.69
REV004177,OP007096,L031551,2024-04-09,1840.65
REV004178,OP007097,L031552,2026-01-08,1585.69
REV004179,OP007098,L031555,2026-06-02,1650.91
REV004180,OP007099,L031558,2024-04-07,8344.5
REV004181,OP007101,L031561,2024-12-14,7464.67
REV004182,OP007104,L031567,2025-02-12,3309.13
REV004183,OP007105,L031573,2025-04-05,3549.87
REV004184,OP007106,L031574,2024-03-04,1676.14
REV004185,OP007107,L031575,2026-05-05,11803.42
REV004186,OP007109,L031581,2025-04-08,5690.12
REV004187,OP007110,L031585,2025-12-09,1057.87
REV004188,OP007112,L031599,2026-05-13,1595.63
REV004189,OP007115,L031608,2025-07-13,856.74
REV004190,OP007116,L031612,2024-11-12,2800.22
REV004191,OP007118,L031620,2024-06-13,1729.14
REV004192,OP007119,L031622,2026-08-20,7755.99
REV004193,OP007121,L031629,2026-02-01,2071.91
REV004194,OP007122,L031632,2026-09-01,5819.83
REV004195,OP007127,L031649,2026-06-25,5968.33
REV004196,OP007130,L031676,2024-10-30,4115.95
REV004197,OP007132,L031682,2024-12-28,1859.0
REV004198,OP007136,L031695,2026-06-23,9798.66
REV004199,OP007138,L031701,2024-07-28,5610.31
REV004200,OP007139,L031705,2025-06-15,1125.35
REV004201,OP007140,L031708,2025-07-18,375.2
REV004202,OP007141,L031709,2024-09-29,4882.86
REV004203,OP007144,L031720,2025-06-02,3343.56
REV004204,OP007149,L031741,2025-02-24,1220.95
REV004205,OP007150,L031751,2024-07-02,1866.71
REV004206,OP007152,L031757,2024-11-06,4099.7
REV004207,OP007153,L031769,2024-05-29,5590.24
REV004208,OP007156,L031781,2025-08-23,330.55
REV004209,OP007157,L031784,2024-12-26,814.93
REV004210,OP007159,L031789,2025-03-05,1171.09
REV004211,OP007160,L031794,2026-02-18,14711.21
REV004212,OP007161,L031804,2026-04-28,904.75
REV004213,OP007162,L031808,2025-07-29,7990.14
REV004214,OP007163,L031813,2024-03-21,336.81
REV004215,OP007164,L031826,2025-06-23,2099.88
REV004216,OP007168,L031846,2025-03-01,6500.65
REV004217,OP007169,L031847,2025-04-15,2474.82
REV004218,OP007172,L031866,2026-07-06,3075.14
REV004219,OP007173,L031867,2026-02-19,7615.55
REV004220,OP007174,L031870,2025-10-05,7428.03
REV004221,OP007175,L031872,2024-08-08,5984.53
REV004222,OP007176,L031876,2024-03-03,4018.11
REV004223,OP007177,L031877,2025-06-16,39071.19
REV004224,OP007179,L031882,2026-06-15,2665.64
REV004225,OP007182,L031893,2026-08-08,1089.1
REV004226,OP007184,L031901,2024-10-07,3514.48
REV004227,OP007187,L031908,2025-10-13,1096.4
REV004228,OP007190,L031927,2025-10-17,5442.83
REV004229,OP007192,L031937,2024-09-17,8218.58
REV004230,OP007195,L031942,2025-04-15,250.0
REV004231,OP007196,L031946,2025-06-05,11740.18
REV004232,OP007199,L031960,2025-01-28,1260.71
REV004233,OP007203,L031979,2024-12-07,825.54
REV004234,OP007204,L031989,2025-04-09,2036.1
REV004235,OP007205,L031992,2024-02-17,4544.6
REV004236,OP007207,L031997,2025-05-17,4541.27
REV004237,OP007208,L031999,2026-03-28,3262.45
REV004238,OP007210,L032009,2025-11-20,648.49
REV004239,OP007213,L032013,2025-07-07,2277.68
REV004240,OP007215,L032024,2025-12-02,6628.41
REV004241,OP007216,L032029,2025-02-18,994.9
REV004242,OP007217,L032031,2026-06-18,329.75
REV004243,OP007219,L032042,2025-04-17,6558.82
REV004244,OP007220,L032043,2024-08-20,8405.51
REV004245,OP007221,L032052,2026-02-12,3935.38
REV004246,OP007222,L032057,2025-02-01,20163.33
REV004247,OP007223,L032058,2026-03-28,2341.72
REV004248,OP007226,L032079,2024-11-26,6425.46
REV004249,OP007227,L032084,2026-02-05,672.52
REV004250,OP007228,L032089,2025-04-21,3190.16
REV004251,OP007230,L032098,2024-09-16,1078.24
REV004252,OP007231,L032101,2025-05-26,3853.09
REV004253,OP007233,L032114,2024-12-18,3056.06
REV004254,OP007234,L032115,2026-02-03,671.13
REV004255,OP007235,L032118,2025-03-21,3683.43
REV004256,OP007236,L032121,2024-12-30,1325.15
REV004257,OP007238,L032128,2024-07-11,1586.36
REV004258,OP007239,L032136,2026-03-15,1079.94
REV004259,OP007240,L032137,2026-01-14,6775.63
REV004260,OP007242,L032165,2024-08-25,7056.33
REV004261,OP007243,L032173,2024-11-11,5467.7
REV004262,OP007244,L032174,2026-04-08,4305.27
REV004263,OP007247,L032187,2025-02-15,5491.45
REV004264,OP007248,L032192,2025-11-29,4500.76
REV004265,OP007252,L032205,2024-05-11,1104.74
REV004266,OP007253,L032207,2025-12-05,10265.3
REV004267,OP007254,L032209,2025-05-13,14186.46
REV004268,OP007255,L032217,2025-04-09,2086.42
REV004269,OP007257,L032230,2025-02-20,5819.05
REV004270,OP007259,L032260,2026-04-25,2920.16
REV004271,OP007260,L032283,2026-03-02,22396.69
REV004272,OP007261,L032291,2026-02-13,7765.11
REV004273,OP007263,L032306,2024-05-31,716.35
REV004274,OP007264,L032312,2026-06-20,5623.76
REV004275,OP007265,L032314,2026-06-14,2466.43
REV004276,OP007268,L032325,2025-06-30,6258.45
REV004277,OP007269,L032326,2024-01-29,2368.65
REV004278,OP007270,L032327,2026-03-10,1954.92
REV004279,OP007272,L032336,2026-08-17,7014.58
REV004280,OP007273,L032342,2025-06-14,12495.09
REV004281,OP007275,L032351,2024-10-16,2053.97
REV004282,OP007277,L032363,2026-08-23,679.05
REV004283,OP007278,L032370,2025-08-08,6448.99
REV004284,OP007279,L032381,2025-07-11,16932.95
REV004285,OP007280,L032385,2026-09-12,10187.95
REV004286,OP007281,L032386,2025-10-17,4654.22
REV004287,OP007283,L032395,2026-04-07,3814.04
REV004288,OP007285,L032404,2025-11-06,1409.14
REV004289,OP007289,L032431,2024-10-08,993.43
REV004290,OP007290,L032433,2024-05-04,3475.71
REV004291,OP007291,L032436,2026-08-29,5098.78
REV004292,OP007292,L032439,2024-04-06,1299.68
REV004293,OP007293,L032441,2025-04-19,17178.59
REV004294,OP007294,L032443,2024-09-12,1086.19
REV004295,OP007295,L032449,2024-01-23,633.18
REV004296,OP007296,L032452,2026-04-02,4188.7
REV004297,OP007297,L032454,2026-05-17,2094.32
REV004298,OP007300,L032459,2025-06-20,7671.76
REV004299,OP007301,L032474,2024-06-19,4766.16
REV004300,OP007306,L032498,2024-11-09,1276.47
REV004301,OP007307,L032500,2026-10-02,8355.26
REV004302,OP007308,L032505,2025-01-20,3202.46
REV004303,OP007309,L032509,2026-09-02,8961.48
REV004304,OP007310,L032514,2025-02-13,1775.98
REV004305,OP007312,L032525,2026-10-03,517.33
REV004306,OP007313,L032536,2025-02-08,1516.66
REV004307,OP007314,L032539,2025-06-03,5367.98
REV004308,OP007315,L032542,2026-10-21,660.78
REV004309,OP007316,L032544,2024-08-02,6614.99
REV004310,OP007318,L032563,2025-03-13,1234.62
REV004311,OP007319,L032568,2025-12-26,561.94
REV004312,OP007322,L032574,2026-06-11,1736.12
REV004313,OP007324,L032590,2025-06-18,1689.88
REV004314,OP007325,L032592,2024-11-30,6092.91
REV004315,OP007328,L032611,2025-12-20,971.47
REV004316,OP007329,L032615,2025-06-11,3001.17
REV004317,OP007330,L032617,2024-11-04,3977.67
REV004318,OP007331,L032623,2026-05-07,1210.33
REV004319,OP007332,L032625,2026-05-13,250.0
REV004320,OP007333,L032627,2025-04-03,1070.51
REV004321,OP007334,L032632,2026-04-29,3780.7
REV004322,OP007335,L032633,2024-06-19,3035.06
REV004323,OP007337,L032648,2026-01-12,2404.88
REV004324,OP007338,L032652,2026-04-01,2716.05
REV004325,OP007339,L032655,2025-12-18,7769.55
REV004326,OP007342,L032665,2025-11-04,1609.62
REV004327,OP007344,L032687,2026-08-04,4553.08
REV004328,OP007345,L032689,2026-07-10,4379.36
REV004329,OP007346,L032690,2026-04-13,2755.69
REV004330,OP007351,L032705,2024-02-10,2730.03
REV004331,OP007353,L032711,2025-07-27,4504.1
REV004332,OP007355,L032719,2024-11-22,5514.7
REV004333,OP007356,L032728,2025-05-22,1973.52
REV004334,OP007357,L032736,2024-10-11,5818.64
REV004335,OP007358,L032748,2026-01-31,1372.22
REV004336,OP007359,L032752,2025-02-05,2253.77
REV004337,OP007362,L032767,2025-03-22,2818.65
REV004338,OP007363,L032771,2024-09-16,1598.77
REV004339,OP007365,L032792,2024-06-27,3058.43
REV004340,OP007366,L032798,2025-06-30,3924.78
REV004341,OP007367,L032801,2025-04-30,6917.34
REV004342,OP007368,L032803,2025-12-22,7054.85
REV004343,OP007369,L032806,2024-10-15,3456.8
REV004344,OP007370,L032816,2025-09-22,4488.14
REV004345,OP007372,L032824,2024-11-09,5712.08
REV004346,OP007373,L032826,2026-03-30,6293.62
REV004347,OP007374,L032827,2025-03-25,7049.64
REV004348,OP007375,L032828,2024-02-16,4671.75
REV004349,OP007376,L032861,2024-09-22,492.89
REV004350,OP007378,L032873,2025-01-16,7297.56
REV004351,OP007379,L032874,2024-02-12,2534.8
REV004352,OP007380,L032884,2026-07-31,8833.95
REV004353,OP007381,L032885,2025-07-27,1335.52
REV004354,OP007382,L032889,2024-10-12,1670.89
REV004355,OP007384,L032898,2025-09-06,1103.31
REV004356,OP007393,L032941,2025-10-20,9510.27
REV004357,OP007394,L032944,2026-01-19,3372.54
REV004358,OP007396,L032963,2024-10-27,15220.34
REV004359,OP007397,L032969,2025-01-06,2365.62
REV004360,OP007398,L032971,2024-08-16,3058.8
REV004361,OP007400,L032976,2025-08-02,1340.55
REV004362,OP007402,L032983,2024-02-09,5969.44
REV004363,OP007403,L032985,2025-12-26,1501.07
REV004364,OP007404,L032987,2026-04-06,1227.92
REV004365,OP007406,L032993,2026-04-05,17129.56
REV004366,OP007407,L032994,2024-09-28,1016.86
REV004367,OP007409,L032999,2024-06-19,2535.23
REV004368,OP007411,L033001,2025-02-05,3792.24
REV004369,OP007416,L033014,2026-03-29,13744.29
REV004370,OP007417,L033018,2026-04-11,4138.26
REV004371,OP007418,L033021,2026-03-18,1398.14
REV004372,OP007422,L033042,2026-01-21,937.55
REV004373,OP007423,L033043,2025-03-08,648.05
REV004374,OP007424,L033048,2024-11-05,6886.31
REV004375,OP007425,L033049,2025-02-19,3878.4
REV004376,OP007426,L033058,2024-07-24,1975.34
REV004377,OP007427,L033059,2026-02-21,1846.94
REV004378,OP007429,L033063,2026-03-02,13090.28
REV004379,OP007430,L033068,2024-09-29,2811.62
REV004380,OP007431,L033069,2024-06-19,5985.46
REV004381,OP007432,L033078,2024-10-30,4562.32
REV004382,OP007434,L033089,2024-07-05,3716.36
REV004383,OP007435,L033093,2024-09-19,1309.61
REV004384,OP007436,L033103,2025-11-22,1620.59
REV004385,OP007440,L033122,2026-08-01,682.46
REV004386,OP007443,L033138,2025-05-09,2836.21
REV004387,OP007444,L033141,2025-04-10,24758.23
REV004388,OP007446,L033153,2024-12-02,2214.11
REV004389,OP007448,L033162,2024-12-09,4775.55
REV004390,OP007452,L033196,2025-11-25,8672.84
REV004391,OP007453,L033201,2025-02-24,944.31
REV004392,OP007454,L033204,2025-08-16,2300.95
REV004393,OP007457,L033226,2024-08-19,1923.23
REV004394,OP007461,L033234,2026-08-14,385.55
REV004395,OP007463,L033239,2026-07-31,4091.51
REV004396,OP007464,L033265,2025-02-20,258.72
REV004397,OP007465,L033272,2024-12-30,7538.33
REV004398,OP007466,L033277,2025-02-26,2230.24
REV004399,OP007467,L033281,2025-09-22,4912.31
REV004400,OP007469,L033287,2025-01-06,632.11
REV004401,OP007470,L033288,2024-01-23,872.74
REV004402,OP007471,L033292,2026-09-06,1159.75
REV004403,OP007475,L033302,2026-05-03,1609.36
REV004404,OP007476,L033305,2026-02-10,2455.12
REV004405,OP007477,L033306,2026-04-13,1424.18
REV004406,OP007478,L033307,2024-02-21,2556.62
REV004407,OP007479,L033309,2024-08-15,2496.81
REV004408,OP007481,L033314,2024-08-04,1448.95
REV004409,OP007482,L033317,2024-07-18,2188.27
REV004410,OP007487,L033331,2024-06-18,896.73
REV004411,OP007490,L033346,2025-01-27,2275.5
REV004412,OP007491,L033349,2025-12-04,3293.7
REV004413,OP007492,L033360,2024-11-04,906.72
REV004414,OP007495,L033382,2024-04-09,2367.82
REV004415,OP007496,L033388,2026-09-17,2381.57
REV004416,OP007497,L033395,2024-11-01,4272.04
REV004417,OP007498,L033399,2025-02-12,1406.99
REV004418,OP007499,L033405,2025-04-07,7426.65
REV004419,OP007501,L033426,2025-09-27,2800.6
REV004420,OP007503,L033446,2024-09-15,7695.89
REV004421,OP007504,L033450,2026-07-30,1310.28
REV004422,OP007505,L033451,2025-12-25,3665.59
REV004423,OP007508,L033470,2025-11-02,3294.64
REV004424,OP007509,L033472,2025-12-17,3065.27
REV004425,OP007511,L033480,2026-05-31,2464.66
REV004426,OP007513,L033496,2025-06-14,10942.68
REV004427,OP007514,L033497,2024-11-23,18352.12
REV004428,OP007516,L033509,2026-07-19,4158.57
REV004429,OP007518,L033515,2024-03-03,934.22
REV004430,OP007519,L033522,2026-09-07,765.55
REV004431,OP007520,L033529,2026-02-08,1140.74
REV004432,OP007521,L033530,2024-05-13,6832.95
REV004433,OP007523,L033533,2025-11-10,4611.98
REV004434,OP007524,L033535,2025-12-10,27803.76
REV004435,OP007525,L033538,2025-12-26,1594.29
REV004436,OP007526,L033547,2026-01-10,6840.64
REV004437,OP007529,L033554,2025-07-27,2106.62
REV004438,OP007531,L033558,2025-01-28,2404.45
REV004439,OP007532,L033564,2025-02-18,2315.26
REV004440,OP007533,L033566,2024-09-25,2049.76
REV004441,OP007534,L033569,2024-05-11,1705.39
REV004442,OP007535,L033572,2026-03-27,902.18
REV004443,OP007537,L033577,2024-12-23,583.29
REV004444,OP007538,L033586,2025-08-18,12205.32
REV004445,OP007539,L033587,2024-06-30,5879.09
REV004446,OP007540,L033590,2025-02-06,540.41
REV004447,OP007541,L033597,2024-11-05,1444.4
REV004448,OP007544,L033612,2026-08-18,1617.46
REV004449,OP007546,L033624,2024-10-25,1219.41
REV004450,OP007549,L033643,2024-10-29,5366.67
REV004451,OP007551,L033649,2025-11-19,1072.44
REV004452,OP007554,L033657,2024-07-12,7355.96
REV004453,OP007555,L033659,2024-10-06,2957.57
REV004454,OP007556,L033666,2026-03-25,694.61
REV004455,OP007558,L033674,2025-04-02,920.78
REV004456,OP007560,L033686,2024-08-13,2087.71
REV004457,OP007561,L033688,2025-09-04,7929.55
REV004458,OP007562,L033694,2026-08-04,6529.33
REV004459,OP007565,L033704,2026-08-17,1607.42
REV004460,OP007570,L033727,2025-02-03,1256.54
REV004461,OP007571,L033732,2025-01-26,28748.68
REV004462,OP007572,L033734,2025-07-17,2560.86
REV004463,OP007573,L033738,2026-04-21,3851.18
REV004464,OP007574,L033750,2024-12-15,13847.4
REV004465,OP007577,L033756,2026-05-25,3432.4
REV004466,OP007578,L033765,2025-08-06,5981.85
REV004467,OP007581,L033779,2025-06-13,3030.95
REV004468,OP007583,L033800,2024-05-23,12394.86
REV004469,OP007584,L033811,2026-04-28,867.58
REV004470,OP007585,L033813,2026-07-28,1512.96
REV004471,OP007586,L033814,2025-01-05,3117.87
REV004472,OP007588,L033826,2026-05-28,762.39
REV004473,OP007591,L033831,2024-11-30,3433.45
REV004474,OP007593,L033844,2025-08-14,352.18
REV004475,OP007595,L033849,2025-10-31,902.34
REV004476,OP007597,L033862,2026-09-16,20565.47
REV004477,OP007598,L033864,2026-02-03,1195.1
REV004478,OP007599,L033872,2026-06-21,2433.87
REV004479,OP007601,L033877,2025-08-09,4942.64
REV004480,OP007602,L033878,2025-06-10,5409.93
REV004481,OP007603,L033879,2024-12-19,3129.2
REV004482,OP007606,L033886,2026-05-15,1471.21
REV004483,OP007607,L033887,2025-10-17,393.66
REV004484,OP007609,L033893,2025-10-16,2359.04
REV004485,OP007612,L033927,2025-01-15,10177.27
REV004486,OP007613,L033929,2025-03-31,2984.81
REV004487,OP007615,L033936,2024-05-11,1620.28
REV004488,OP007618,L033951,2025-11-07,4582.24
REV004489,OP007622,L033964,2024-10-07,24694.97
REV004490,OP007623,L033970,2026-05-09,10289.1
REV004491,OP007625,L033980,2026-03-26,1551.05
REV004492,OP007627,L033993,2024-07-03,4600.14
REV004493,OP007628,L033997,2025-02-01,1489.29
REV004494,OP007630,L034005,2025-01-15,9396.45
REV004495,OP007631,L034008,2025-09-18,1196.47
REV004496,OP007633,L034015,2026-10-03,12760.95
REV004497,OP007634,L034016,2025-10-15,6558.96
REV004498,OP007635,L034021,2026-02-23,1436.32
REV004499,OP007637,L034027,2026-06-15,787.15
REV004500,OP007639,L034037,2024-08-22,1548.79
REV004501,OP007640,L034041,2025-08-26,5828.13
REV004502,OP007641,L034046,2026-02-05,10444.31
REV004503,OP007644,L034067,2025-01-06,2553.76
REV004504,OP007646,L034070,2026-03-25,2106.51
REV004505,OP007647,L034074,2025-09-09,1035.4
REV004506,OP007652,L034098,2024-05-26,11799.05
REV004507,OP007653,L034099,2024-07-09,6414.75
REV004508,OP007654,L034102,2024-11-09,2913.42
REV004509,OP007656,L034114,2025-03-09,901.72
REV004510,OP007657,L034117,2024-01-27,1095.3
REV004511,OP007662,L034127,2025-09-27,2895.89
REV004512,OP007664,L034141,2025-03-21,1509.72
REV004513,OP007665,L034143,2025-06-02,1203.31
REV004514,OP007668,L034154,2026-03-14,3944.65
REV004515,OP007670,L034167,2024-08-30,3378.99
REV004516,OP007671,L034172,2025-08-15,688.18
REV004517,OP007673,L034184,2026-04-13,12086.41
REV004518,OP007674,L034187,2026-08-30,5281.99
REV004519,OP007675,L034193,2026-04-24,9098.46
REV004520,OP007677,L034195,2026-06-28,4025.63
REV004521,OP007678,L034200,2026-03-04,1543.05
REV004522,OP007679,L034201,2025-11-27,2022.36
REV004523,OP007680,L034207,2025-12-17,2495.28
REV004524,OP007683,L034220,2025-01-26,555.69
REV004525,OP007684,L034223,2025-09-24,6625.03
REV004526,OP007685,L034228,2026-02-03,2206.63
REV004527,OP007686,L034229,2024-09-05,2910.28
REV004528,OP007687,L034230,2026-03-22,775.92
REV004529,OP007688,L034232,2026-02-27,1256.37
REV004530,OP007689,L034234,2025-09-10,1103.66
REV004531,OP007690,L034239,2025-05-15,5373.85
REV004532,OP007692,L034243,2026-09-10,407.5
REV004533,OP007693,L034258,2025-11-20,2378.69
REV004534,OP007695,L034272,2024-12-04,2358.57
REV004535,OP007696,L034277,2024-12-12,7344.31
REV004536,OP007697,L034281,2024-08-03,1574.2
REV004537,OP007698,L034287,2026-03-24,2534.8
REV004538,OP007699,L034293,2025-01-16,11375.1
REV004539,OP007701,L034309,2024-07-02,1886.54
REV004540,OP007702,L034315,2026-06-21,15578.78
REV004541,OP007705,L034342,2025-02-02,8504.39
REV004542,OP007707,L034346,2024-10-25,16695.36
REV004543,OP007709,L034350,2026-09-01,1049.77
REV004544,OP007710,L034351,2025-12-20,9757.76
REV004545,OP007712,L034360,2024-09-02,993.22
REV004546,OP007714,L034368,2024-12-10,3323.51
REV004547,OP007716,L034374,2026-01-04,3107.42
REV004548,OP007717,L034379,2024-04-06,511.44
REV004549,OP007720,L034390,2024-10-22,2190.82
REV004550,OP007721,L034395,2025-11-06,1860.14
REV004551,OP007722,L034399,2025-02-18,1630.4
REV004552,OP007723,L034400,2024-03-20,2940.11
REV004553,OP007726,L034413,2026-02-10,8826.98
REV004554,OP007727,L034417,2024-02-23,1469.5
REV004555,OP007728,L034420,2025-10-02,3783.0
REV004556,OP007729,L034421,2025-10-20,2861.81
REV004557,OP007731,L034435,2025-07-31,8164.13
REV004558,OP007732,L034439,2025-09-09,1086.95
REV004559,OP007735,L034447,2024-09-15,1883.12
REV004560,OP007736,L034451,2025-12-18,2791.35
REV004561,OP007737,L034457,2024-08-27,3163.81
REV004562,OP007739,L034463,2025-11-10,920.29
REV004563,OP007741,L034474,2026-09-07,2006.73
REV004564,OP007744,L034481,2025-06-07,4150.71
REV004565,OP007745,L034482,2024-09-16,2947.02
REV004566,OP007746,L034486,2024-06-15,1527.07
REV004567,OP007748,L034499,2026-08-23,13462.66
REV004568,OP007749,L034500,2026-08-09,4318.08
REV004569,OP007750,L034503,2026-08-11,811.22
REV004570,OP007751,L034514,2026-01-17,1942.91
REV004571,OP007754,L034528,2025-03-21,4260.92
REV004572,OP007755,L034531,2025-04-28,7863.39
REV004573,OP007756,L034532,2024-03-14,1951.58
REV004574,OP007757,L034535,2026-08-31,1930.85
REV004575,OP007759,L034541,2026-08-17,4627.64
REV004576,OP007760,L034543,2026-06-19,250.0
REV004577,OP007761,L034552,2024-09-04,4295.27
REV004578,OP007762,L034558,2024-05-04,1469.71
REV004579,OP007763,L034561,2024-09-30,1819.48
REV004580,OP007764,L034562,2024-03-23,4124.41
REV004581,OP007766,L034573,2025-11-21,914.81
REV004582,OP007769,L034596,2024-05-09,2591.81
REV004583,OP007770,L034602,2026-05-20,2001.73
REV004584,OP007773,L034609,2025-03-13,1622.44
REV004585,OP007776,L034621,2026-04-12,5628.45
REV004586,OP007780,L034637,2025-09-22,1473.05
REV004587,OP007782,L034645,2024-10-28,3826.18
REV004588,OP007783,L034648,2025-02-22,6475.24
REV004589,OP007784,L034650,2025-01-10,3134.42
REV004590,OP007785,L034651,2024-12-22,3633.64
REV004591,OP007786,L034659,2026-06-23,36505.44
REV004592,OP007787,L034660,2025-10-19,2451.95
REV004593,OP007790,L034683,2024-09-25,7112.94
REV004594,OP007793,L034690,2024-02-19,11323.24
REV004595,OP007794,L034696,2025-09-02,10994.07
REV004596,OP007795,L034698,2026-09-02,1571.93
REV004597,OP007796,L034703,2024-02-15,10347.11
REV004598,OP007798,L034706,2024-03-15,2263.61
REV004599,OP007799,L034707,2025-07-16,2158.38
REV004600,OP007802,L034735,2025-02-18,9768.91
REV004601,OP007804,L034740,2026-04-07,435.8
REV004602,OP007805,L034742,2024-10-21,6216.13
REV004603,OP007807,L034755,2025-09-30,1726.43
REV004604,OP007808,L034759,2025-03-08,2732.61
REV004605,OP007809,L034760,2024-09-01,3397.53
REV004606,OP007810,L034761,2024-07-28,5369.57
REV004607,OP007812,L034778,2024-12-13,853.94
REV004608,OP007813,L034781,2025-06-05,3414.74
REV004609,OP007814,L034785,2025-06-12,3415.16
REV004610,OP007817,L034805,2024-07-09,8363.21
REV004611,OP007818,L034807,2025-08-25,2077.53
REV004612,OP007819,L034811,2025-05-11,2931.93
REV004613,OP007821,L034820,2025-06-06,10311.67
REV004614,OP007822,L034821,2024-12-19,1982.27
REV004615,OP007824,L034836,2024-03-24,1480.83
REV004616,OP007825,L034838,2024-02-16,7009.77
REV004617,OP007826,L034839,2025-11-07,5263.41
REV004618,OP007830,L034849,2024-02-18,2502.34
REV004619,OP007831,L034853,2024-07-04,2304.6
REV004620,OP007832,L034854,2024-04-13,4617.04
REV004621,OP007834,L034859,2025-01-11,2230.7
REV004622,OP007837,L034875,2025-01-21,588.94
REV004623,OP007838,L034876,2025-10-31,3165.65
REV004624,OP007839,L034880,2024-07-11,5673.85
REV004625,OP007840,L034890,2025-08-08,14180.53
REV004626,OP007841,L034895,2024-05-14,756.6
REV004627,OP007842,L034896,2024-04-29,3902.49
REV004628,OP007844,L034902,2026-09-06,3859.91
REV004629,OP007845,L034905,2025-02-10,954.47
REV004630,OP007848,L034921,2025-04-14,2788.01
REV004631,OP007849,L034931,2026-03-22,3342.88
REV004632,OP007854,L034971,2026-04-13,3759.05
REV004633,OP007857,L034982,2024-10-03,3721.58
REV004634,OP007860,L035005,2025-04-29,806.5
REV004635,OP007861,L035007,2026-02-08,8315.92
REV004636,OP007862,L035009,2024-07-28,3480.89
REV004637,OP007863,L035010,2026-05-14,40840.04
REV004638,OP007864,L035013,2025-12-08,1941.1
REV004639,OP007866,L035026,2024-10-21,4413.33
REV004640,OP007867,L035034,2025-11-02,12158.73
REV004641,OP007869,L035049,2024-08-29,1247.19
REV004642,OP007870,L035053,2024-09-15,1159.54
REV004643,OP007871,L035054,2025-05-10,250.0
REV004644,OP007873,L035068,2026-01-04,3201.01
REV004645,OP007876,L035082,2026-01-06,1736.14
REV004646,OP007877,L035086,2025-09-30,638.11
REV004647,OP007879,L035091,2024-08-22,1095.67
REV004648,OP007880,L035093,2025-09-07,4744.05
REV004649,OP007881,L035094,2024-03-06,5892.34
REV004650,OP007882,L035096,2026-01-31,4907.86
REV004651,OP007884,L035109,2025-12-04,1204.22
REV004652,OP007885,L035111,2025-03-06,15409.28
REV004653,OP007886,L035113,2024-06-03,1536.37
REV004654,OP007887,L035114,2025-01-19,937.34
REV004655,OP007889,L035116,2025-02-19,3202.0
REV004656,OP007890,L035117,2026-03-23,1403.68
REV004657,OP007891,L035125,2026-10-07,1905.91
REV004658,OP007893,L035137,2025-01-12,2045.22
REV004659,OP007895,L035143,2024-10-18,1368.71
REV004660,OP007896,L035144,2024-10-27,2790.22
REV004661,OP007898,L035156,2025-01-13,50487.3
REV004662,OP007899,L035160,2025-08-09,1060.77
REV004663,OP007900,L035166,2026-06-28,2007.95
REV004664,OP007901,L035176,2024-04-09,250.0
REV004665,OP007902,L035180,2025-09-17,16588.48
REV004666,OP007903,L035186,2025-03-16,2217.55
REV004667,OP007905,L035194,2026-02-26,1608.08
REV004668,OP007907,L035205,2026-04-15,5909.65
REV004669,OP007908,L035207,2024-04-01,1504.01
REV004670,OP007910,L035215,2026-01-30,1306.22
REV004671,OP007911,L035218,2025-12-31,4184.2
REV004672,OP007913,L035222,2026-01-23,735.34
REV004673,OP007914,L035224,2026-04-25,5080.83
REV004674,OP007918,L035245,2026-09-12,3470.21
REV004675,OP007919,L035249,2024-05-12,492.73
REV004676,OP007920,L035251,2025-10-03,3446.68
REV004677,OP007921,L035252,2025-02-24,492.85
REV004678,OP007922,L035253,2024-10-05,3490.66
REV004679,OP007923,L035265,2025-03-12,2255.46
REV004680,OP007924,L035272,2024-09-10,625.46
REV004681,OP007927,L035283,2026-02-25,1086.15
REV004682,OP007928,L035289,2026-06-15,9857.65
REV004683,OP007932,L035315,2025-10-07,3162.68
REV004684,OP007933,L035318,2024-03-15,1123.73
REV004685,OP007934,L035321,2025-01-28,7087.06
REV004686,OP007935,L035324,2025-04-26,592.86
REV004687,OP007936,L035326,2024-04-23,5519.97
REV004688,OP007937,L035328,2026-06-14,2278.7
REV004689,OP007938,L035329,2026-08-14,4478.23
REV004690,OP007939,L035331,2025-02-03,2361.0
REV004691,OP007940,L035332,2025-02-21,1959.81
REV004692,OP007941,L035337,2024-11-19,5595.11
REV004693,OP007943,L035348,2026-04-10,1030.68
REV004694,OP007944,L035353,2024-08-14,6441.62
REV004695,OP007945,L035355,2025-05-14,1054.51
REV004696,OP007947,L035372,2024-05-29,584.9
REV004697,OP007948,L035375,2024-12-01,3132.36
REV004698,OP007951,L035386,2026-04-12,1403.25
REV004699,OP007954,L035399,2024-01-25,1594.92
REV004700,OP007958,L035427,2024-07-22,12807.03
REV004701,OP007962,L035436,2024-03-13,2886.67
REV004702,OP007963,L035438,2026-02-18,5850.37
REV004703,OP007965,L035441,2026-07-11,2486.45
REV004704,OP007966,L035445,2024-09-22,2971.47
REV004705,OP007967,L035447,2026-04-29,9695.75
REV004706,OP007968,L035448,2026-01-12,2207.81
REV004707,OP007970,L035458,2025-10-17,1667.99
REV004708,OP007971,L035459,2025-09-23,6180.49
REV004709,OP007974,L035470,2025-05-09,2412.91
REV004710,OP007975,L035472,2024-12-02,1341.75
REV004711,OP007979,L035493,2025-11-25,1141.91
REV004712,OP007982,L035504,2026-07-01,4692.9
REV004713,OP007983,L035505,2025-11-29,1400.93
REV004714,OP007984,L035511,2026-03-05,1613.2
REV004715,OP007985,L035516,2025-02-28,7210.4
REV004716,OP007988,L035522,2026-02-18,15381.64
REV004717,OP007989,L035531,2026-01-20,626.55
REV004718,OP007990,L035532,2025-11-08,17761.47
REV004719,OP007991,L035536,2025-05-21,7847.85
REV004720,OP007992,L035541,2024-04-04,2248.26
REV004721,OP007996,L035569,2024-11-05,1837.54
REV004722,OP007997,L035574,2026-08-12,6140.32
REV004723,OP007999,L035579,2026-08-22,3995.42
REV004724,OP008000,L035596,2025-05-28,714.08
REV004725,OP008002,L035634,2026-08-11,3921.3
REV004726,OP008003,L035635,2026-07-25,283.94
REV004727,OP008006,L035652,2025-05-25,19436.15
REV004728,OP008007,L035654,2024-11-11,2715.34
REV004729,OP008010,L035665,2025-08-12,1131.36
REV004730,OP008013,L035679,2026-07-12,4847.62
REV004731,OP008016,L035688,2025-01-23,1807.25
REV004732,OP008017,L035701,2024-03-22,13923.85
REV004733,OP008018,L035712,2024-10-08,8206.48
REV004734,OP008019,L035720,2024-11-24,2359.2
REV004735,OP008020,L035726,2024-03-21,6372.59
REV004736,OP008022,L035734,2024-06-21,3914.32
REV004737,OP008023,L035757,2025-11-02,3251.83
REV004738,OP008024,L035761,2026-02-11,3744.73
REV004739,OP008026,L035764,2026-08-02,3661.17
REV004740,OP008028,L035768,2024-06-19,2027.35
REV004741,OP008031,L035782,2024-03-14,2755.65
REV004742,OP008032,L035785,2026-10-02,2435.93
REV004743,OP008035,L035791,2024-09-28,2363.06
REV004744,OP008036,L035793,2024-11-09,6892.33
REV004745,OP008039,L035803,2024-11-12,3066.18
REV004746,OP008040,L035805,2025-11-27,1198.61
REV004747,OP008042,L035819,2026-06-09,10683.54
REV004748,OP008043,L035822,2025-02-18,1934.09
REV004749,OP008045,L035831,2025-02-18,3933.66
REV004750,OP008049,L035854,2024-11-18,653.15
REV004751,OP008050,L035855,2026-03-28,9250.84
REV004752,OP008052,L035857,2026-08-10,23191.78
REV004753,OP008055,L035892,2025-08-16,2914.16
REV004754,OP008057,L035901,2024-06-14,4431.2
REV004755,OP008063,L035928,2026-04-15,14237.84
REV004756,OP008065,L035954,2024-06-06,3097.13
REV004757,OP008066,L035957,2025-01-09,3252.25
REV004758,OP008068,L035959,2024-03-23,1910.71
REV004759,OP008071,L035969,2025-11-21,2934.83
REV004760,OP008072,L035970,2026-06-02,3244.07
REV004761,OP008076,L035991,2025-02-24,8682.6
REV004762,OP008078,L036008,2025-08-19,3107.66
REV004763,OP008079,L036013,2024-10-01,1736.63
REV004764,OP008082,L036017,2024-11-01,2449.34
REV004765,OP008083,L036027,2025-04-10,3289.9
REV004766,OP008084,L036033,2025-09-05,1705.53
REV004767,OP008085,L036037,2025-04-28,1769.7
REV004768,OP008087,L036041,2026-07-02,328.37
REV004769,OP008088,L036043,2025-11-04,3116.94
REV004770,OP008089,L036047,2024-06-21,1229.54
REV004771,OP008091,L036053,2026-02-25,3260.31
REV004772,OP008092,L036055,2024-11-26,2369.23
REV004773,OP008095,L036059,2024-12-13,7100.38
REV004774,OP008096,L036064,2024-11-18,429.38
REV004775,OP008098,L036073,2024-06-04,1378.72
REV004776,OP008101,L036079,2024-05-19,1346.0
REV004777,OP008103,L036083,2024-12-06,1574.67
REV004778,OP008105,L036085,2024-03-27,330.21
REV004779,OP008107,L036093,2026-05-07,1343.9
REV004780,OP008109,L036097,2026-02-24,3313.68
REV004781,OP008111,L036102,2024-06-08,7727.32
REV004782,OP008112,L036105,2025-07-25,638.75
REV004783,OP008113,L036106,2025-12-16,3968.66
REV004784,OP008114,L036112,2024-08-16,2251.99
REV004785,OP008115,L036113,2025-03-10,1896.84
REV004786,OP008116,L036114,2024-02-06,15365.44
REV004787,OP008119,L036135,2026-05-14,17113.1
REV004788,OP008121,L036148,2026-01-13,1997.22
REV004789,OP008122,L036150,2025-09-30,3901.52
REV004790,OP008125,L036165,2025-04-30,917.48
REV004791,OP008129,L036192,2025-10-14,2628.81
REV004792,OP008130,L036193,2026-05-16,11145.48
REV004793,OP008131,L036206,2025-08-16,1739.52
REV004794,OP008132,L036207,2026-01-10,1081.56
REV004795,OP008135,L036225,2024-09-29,4838.15
REV004796,OP008137,L036237,2025-01-14,1242.38
REV004797,OP008138,L036239,2025-01-10,10063.59
REV004798,OP008146,L036277,2026-02-16,17699.95
REV004799,OP008147,L036284,2024-02-07,4169.1
REV004800,OP008148,L036289,2025-03-23,2145.71
REV004801,OP008150,L036293,2025-06-22,8321.93
REV004802,OP008151,L036297,2026-01-25,812.98
REV004803,OP008152,L036298,2025-12-24,3823.37
REV004804,OP008153,L036301,2025-02-06,5836.36
REV004805,OP008154,L036302,2025-12-26,1246.29
REV004806,OP008155,L036307,2026-06-01,14777.62
REV004807,OP008156,L036316,2025-09-12,2112.42
REV004808,OP008163,L036347,2024-07-15,2550.78
REV004809,OP008164,L036349,2026-08-22,3342.48
REV004810,OP008165,L036351,2024-08-27,1395.2
REV004811,OP008166,L036361,2026-03-07,6621.27
REV004812,OP008167,L036364,2024-11-04,808.82
REV004813,OP008169,L036369,2025-08-04,711.86
REV004814,OP008170,L036379,2024-11-21,1925.19
REV004815,OP008171,L036380,2025-02-05,851.15
REV004816,OP008173,L036389,2025-07-16,4355.22
REV004817,OP008174,L036391,2025-11-27,1153.18
REV004818,OP008176,L036400,2025-04-25,1656.79
REV004819,OP008177,L036411,2025-06-13,3986.96
REV004820,OP008178,L036412,2026-08-26,2532.99
REV004821,OP008179,L036418,2026-07-13,20939.26
REV004822,OP008180,L036421,2025-03-31,4773.68
REV004823,OP008181,L036427,2024-05-24,5251.09
REV004824,OP008183,L036435,2025-09-03,7574.92
REV004825,OP008184,L036437,2024-05-01,4118.08
REV004826,OP008186,L036440,2025-01-24,1822.77
REV004827,OP008187,L036443,2024-07-21,3321.93
REV004828,OP008188,L036444,2024-08-17,3540.08
REV004829,OP008192,L036456,2026-10-01,1141.86
REV004830,OP008194,L036468,2026-06-07,7058.18
REV004831,OP008196,L036473,2024-12-12,4531.36
REV004832,OP008197,L036474,2025-10-06,1788.99
REV004833,OP008198,L036483,2026-01-19,1278.44
REV004834,OP008200,L036500,2024-09-12,3905.96
REV004835,OP008201,L036503,2025-08-27,1645.85
REV004836,OP008206,L036532,2024-10-31,1078.93
REV004837,OP008208,L036540,2026-04-06,4280.92
REV004838,OP008213,L036561,2026-07-27,3144.26
REV004839,OP008216,L036575,2024-05-05,6264.3
REV004840,OP008218,L036589,2024-12-02,4274.77
REV004841,OP008219,L036591,2026-01-14,2826.71
REV004842,OP008220,L036594,2025-02-24,8506.56
REV004843,OP008221,L036605,2025-07-09,1258.71
REV004844,OP008222,L036610,2025-09-15,3022.61
REV004845,OP008224,L036622,2026-09-10,2707.92
REV004846,OP008226,L036631,2024-03-02,4309.37
REV004847,OP008227,L036633,2025-02-14,20225.83
REV004848,OP008229,L036651,2025-01-31,1094.35
REV004849,OP008232,L036661,2024-10-17,3687.13
REV004850,OP008233,L036664,2026-08-16,2480.17
REV004851,OP008236,L036671,2026-04-14,11625.91
REV004852,OP008240,L036693,2024-12-27,6343.78
REV004853,OP008242,L036710,2025-01-03,1578.99
REV004854,OP008244,L036718,2026-06-23,3004.35
REV004855,OP008246,L036742,2025-12-06,3583.02
REV004856,OP008247,L036743,2024-10-26,355.73
REV004857,OP008248,L036744,2025-05-01,4134.15
REV004858,OP008250,L036750,2024-03-28,3840.69
REV004859,OP008254,L036762,2024-07-14,5653.5
REV004860,OP008256,L036765,2025-06-24,656.28
REV004861,OP008257,L036768,2026-06-09,5001.91
REV004862,OP008258,L036777,2024-06-21,1860.67
REV004863,OP008260,L036790,2025-08-15,12418.75
REV004864,OP008262,L036807,2025-08-07,1108.97
REV004865,OP008263,L036812,2024-08-20,2154.83
REV004866,OP008265,L036819,2025-10-18,1022.68
REV004867,OP008267,L036827,2024-04-26,360.1
REV004868,OP008270,L036844,2026-04-20,9521.42
REV004869,OP008274,L036869,2024-03-07,13480.08
REV004870,OP008275,L036873,2024-06-03,17302.09
REV004871,OP008276,L036880,2025-11-21,11258.09
REV004872,OP008278,L036884,2025-04-15,2944.15
REV004873,OP008279,L036885,2024-12-16,960.15
REV004874,OP008280,L036888,2024-04-29,2639.31
REV004875,OP008281,L036895,2025-07-07,1608.56
REV004876,OP008282,L036928,2026-05-01,2713.65
REV004877,OP008284,L036938,2026-06-17,7161.86
REV004878,OP008285,L036943,2025-01-20,2649.96
REV004879,OP008286,L036948,2025-01-06,7564.16
REV004880,OP008288,L036952,2026-01-31,3235.5
REV004881,OP008291,L036970,2026-04-22,14819.74
REV004882,OP008292,L036972,2024-10-15,10025.62
REV004883,OP008293,L036979,2025-02-14,1478.15
REV004884,OP008294,L036980,2025-07-28,3630.91
REV004885,OP008295,L036987,2024-10-09,910.94
REV004886,OP008298,L036998,2025-08-24,7709.04
REV004887,OP008299,L037018,2025-09-19,1728.02
REV004888,OP008301,L037027,2025-12-16,18942.76
REV004889,OP008304,L037038,2024-07-14,11989.56
REV004890,OP008305,L037043,2025-09-29,6411.67
REV004891,OP008307,L037052,2024-10-07,2813.16
REV004892,OP008308,L037054,2026-10-14,3827.66
REV004893,OP008309,L037055,2026-09-08,4279.81
REV004894,OP008310,L037061,2024-09-03,3126.57
REV004895,OP008312,L037065,2026-01-04,2007.52
REV004896,OP008314,L037074,2025-03-13,1050.51
REV004897,OP008316,L037085,2024-08-20,2811.12
REV004898,OP008317,L037091,2024-12-09,17719.87
REV004899,OP008318,L037103,2024-11-12,2285.16
REV004900,OP008320,L037110,2025-04-30,9379.59
REV004901,OP008321,L037111,2025-11-09,1413.83
REV004902,OP008322,L037113,2024-11-24,6664.13
REV004903,OP008324,L037126,2024-05-30,1738.28
REV004904,OP008328,L037154,2026-02-23,2995.34
REV004905,OP008329,L037156,2025-02-26,970.48
REV004906,OP008330,L037163,2024-04-03,4772.21
REV004907,OP008333,L037169,2025-09-09,9305.12
REV004908,OP008334,L037170,2026-03-07,581.52
REV004909,OP008335,L037171,2026-01-09,10706.78
REV004910,OP008336,L037177,2025-02-27,4738.74
REV004911,OP008339,L037201,2024-03-14,1415.68
REV004912,OP008343,L037217,2026-07-18,2860.26
REV004913,OP008344,L037218,2024-01-31,2993.0
REV004914,OP008346,L037223,2026-04-09,1351.49
REV004915,OP008348,L037230,2024-04-23,718.21
REV004916,OP008350,L037237,2025-10-27,1639.98
REV004917,OP008351,L037238,2025-11-09,1609.45
REV004918,OP008352,L037241,2026-01-21,3999.55
REV004919,OP008353,L037242,2026-02-08,4588.72
REV004920,OP008354,L037246,2026-08-18,1315.1
REV004921,OP008358,L037257,2025-09-09,4288.52
REV004922,OP008359,L037267,2025-05-19,14488.23
REV004923,OP008360,L037271,2024-06-27,9235.95
REV004924,OP008361,L037273,2025-05-30,3605.3
REV004925,OP008362,L037274,2026-02-16,1395.25
REV004926,OP008363,L037275,2025-11-22,7075.12
REV004927,OP008367,L037293,2026-02-02,3295.05
REV004928,OP008370,L037304,2025-12-06,361.14
REV004929,OP008371,L037311,2025-07-12,894.48
REV004930,OP008372,L037314,2024-09-02,1286.27
REV004931,OP008374,L037327,2026-08-28,1426.54
REV004932,OP008376,L037348,2026-06-17,4396.95
REV004933,OP008377,L037350,2024-05-22,1460.29
REV004934,OP008379,L037356,2026-05-13,366.61
REV004935,OP008380,L037362,2024-10-21,1761.85
REV004936,OP008383,L037375,2026-08-27,2803.99
REV004937,OP008385,L037381,2024-07-01,5969.85
REV004938,OP008386,L037390,2024-04-30,3018.77
REV004939,OP008387,L037394,2024-03-30,877.0
REV004940,OP008390,L037407,2025-02-15,3149.12
REV004941,OP008391,L037409,2026-02-14,22539.31
REV004942,OP008395,L037425,2026-02-17,1218.03
REV004943,OP008397,L037430,2025-12-28,761.31
REV004944,OP008398,L037438,2025-02-28,1802.26
REV004945,OP008400,L037453,2025-04-07,878.39
REV004946,OP008402,L037473,2025-09-06,1510.05
REV004947,OP008403,L037476,2025-04-14,1320.53
REV004948,OP008406,L037494,2025-01-14,6688.66
REV004949,OP008408,L037501,2025-09-06,11743.01
REV004950,OP008409,L037502,2026-07-02,3646.87
REV004951,OP008410,L037507,2024-05-01,16668.76
REV004952,OP008412,L037511,2024-10-18,967.14
REV004953,OP008414,L037525,2025-06-28,840.11
REV004954,OP008415,L037526,2025-03-24,4109.45
REV004955,OP008417,L037531,2026-03-26,2666.72
REV004956,OP008418,L037537,2026-04-25,4246.75
REV004957,OP008419,L037544,2026-08-28,2795.93
REV004958,OP008420,L037548,2026-02-19,1776.59
REV004959,OP008421,L037555,2025-06-27,40663.85
REV004960,OP008424,L037562,2024-05-27,2465.25
REV004961,OP008428,L037586,2025-03-01,2106.12
REV004962,OP008430,L037592,2024-06-07,1199.06
REV004963,OP008431,L037608,2024-12-26,6621.88
REV004964,OP008434,L037618,2026-03-03,1581.65
REV004965,OP008435,L037621,2024-12-15,1724.04
REV004966,OP008437,L037636,2026-03-06,2772.96
REV004967,OP008438,L037641,2026-05-23,1827.72
REV004968,OP008439,L037645,2026-05-29,5318.47
REV004969,OP008440,L037646,2024-03-30,4650.63
REV004970,OP008441,L037647,2025-05-10,6014.81
REV004971,OP008442,L037648,2024-08-09,6304.78
REV004972,OP008443,L037666,2024-06-05,525.92
REV004973,OP008444,L037667,2024-07-07,1316.06
REV004974,OP008446,L037676,2024-11-17,500.5
REV004975,OP008447,L037678,2024-11-29,6189.72
REV004976,OP008449,L037683,2025-07-14,6389.62
REV004977,OP008450,L037686,2025-11-10,4081.37
REV004978,OP008453,L037703,2024-10-14,2845.2
REV004979,OP008455,L037706,2025-10-08,3662.96
REV004980,OP008456,L037707,2025-06-30,1381.22
REV004981,OP008457,L037712,2024-04-03,2281.08
REV004982,OP008458,L037714,2026-07-11,6077.0
REV004983,OP008461,L037730,2024-06-21,4790.91
REV004984,OP008462,L037735,2025-08-02,5115.87
REV004985,OP008463,L037737,2025-08-15,3850.79
REV004986,OP008464,L037739,2024-04-07,2525.22
REV004987,OP008466,L037745,2026-01-08,2914.89
REV004988,OP008467,L037746,2025-07-03,2188.75
REV004989,OP008468,L037748,2026-06-09,4532.34
REV004990,OP008469,L037758,2025-01-31,5654.38
REV004991,OP008471,L037775,2026-08-15,2404.24
REV004992,OP008476,L037796,2026-06-22,831.73
REV004993,OP008477,L037802,2024-07-31,255.1
REV004994,OP008478,L037809,2025-06-25,6675.5
REV004995,OP008479,L037814,2024-12-30,18363.81
REV004996,OP008480,L037815,2026-08-13,2304.28
REV004997,OP008481,L037819,2024-06-20,1606.99
REV004998,OP008484,L037835,2026-04-25,2930.62
REV004999,OP008485,L037839,2025-12-14,2101.12
REV005000,OP008487,L037843,2026-08-10,507.04
REV005001,OP008488,L037848,2024-05-19,1449.76
REV005002,OP008489,L037856,2025-02-15,2380.62
REV005003,OP008492,L037874,2024-03-25,7378.05
REV005004,OP008497,L037893,2024-07-31,1806.47
REV005005,OP008498,L037894,2024-08-10,20639.02
REV005006,OP008500,L037897,2026-06-18,1309.85
REV005007,OP008502,L037901,2025-04-02,1772.07
REV005008,OP008509,L037920,2024-04-11,4358.82
REV005009,OP008510,L037921,2025-11-27,2804.93
REV005010,OP008512,L037929,2026-06-20,5343.26
REV005011,OP008513,L037932,2025-01-20,8015.16
REV005012,OP008514,L037937,2026-02-05,1012.23
REV005013,OP008517,L037956,2025-08-06,5337.84
REV005014,OP008518,L037957,2024-12-23,1900.57
REV005015,OP008522,L037975,2025-01-16,2054.46
REV005016,OP008523,L037976,2026-09-21,1411.73
REV005017,OP008524,L037979,2026-08-18,3453.54
REV005018,OP008526,L037994,2024-12-13,11819.8
REV005019,OP008527,L037996,2026-03-25,4183.03
REV005020,OP008530,L038009,2026-04-27,10594.94
REV005021,OP008535,L038022,2026-09-20,1318.91
REV005022,OP008536,L038023,2024-04-16,4960.46
REV005023,OP008537,L038026,2024-04-05,3995.58
REV005024,OP008538,L038030,2024-10-23,17790.39
REV005025,OP008542,L038056,2025-12-25,1104.19
REV005026,OP008544,L038066,2026-06-22,2998.5
REV005027,OP008545,L038067,2024-08-31,6564.16
REV005028,OP008546,L038068,2025-02-12,1678.0
REV005029,OP008547,L038074,2024-03-26,1587.38
REV005030,OP008549,L038087,2026-08-30,1879.79
REV005031,OP008550,L038088,2026-10-13,1335.73
REV005032,OP008552,L038091,2025-08-05,5839.03
REV005033,OP008553,L038102,2025-06-05,4982.8
REV005034,OP008557,L038126,2025-05-01,3484.69
REV005035,OP008559,L038143,2026-03-28,4812.83
REV005036,OP008560,L038147,2025-05-03,2733.9
REV005037,OP008563,L038163,2025-05-18,4467.42
REV005038,OP008564,L038167,2024-09-28,3734.62
REV005039,OP008565,L038168,2026-03-05,3241.46
REV005040,OP008566,L038170,2025-02-12,25114.84
REV005041,OP008567,L038171,2024-02-12,2132.22
REV005042,OP008569,L038183,2026-02-24,6430.76
REV005043,OP008571,L038189,2026-04-30,4780.3
REV005044,OP008572,L038194,2026-03-02,4272.45
REV005045,OP008573,L038198,2025-04-26,7149.13
REV005046,OP008575,L038210,2026-06-04,4662.18
REV005047,OP008576,L038211,2024-12-12,1465.82
REV005048,OP008586,L038236,2024-03-22,1642.33
REV005049,OP008587,L038237,2024-12-12,5315.68
REV005050,OP008591,L038251,2025-11-15,1838.22
REV005051,OP008593,L038259,2026-05-20,1768.74
REV005052,OP008596,L038271,2024-12-17,1481.69
REV005053,OP008598,L038277,2025-09-22,15055.9
REV005054,OP008599,L038286,2025-09-24,8196.08
REV005055,OP008600,L038289,2025-11-25,1780.49
REV005056,OP008601,L038292,2024-09-20,3818.0
REV005057,OP008602,L038308,2026-09-10,498.02
REV005058,OP008603,L038311,2025-06-11,2894.61
REV005059,OP008604,L038315,2024-08-09,3929.3
REV005060,OP008605,L038317,2025-08-02,4035.16
REV005061,OP008606,L038319,2026-07-14,2353.24
REV005062,OP008613,L038346,2026-03-25,4093.48
REV005063,OP008614,L038350,2024-05-28,2168.06
REV005064,OP008615,L038351,2024-08-21,11884.47
REV005065,OP008616,L038360,2026-04-21,394.45
REV005066,OP008617,L038363,2026-06-19,1172.79
REV005067,OP008619,L038393,2025-02-12,4037.52
REV005068,OP008620,L038403,2026-02-23,3374.48
REV005069,OP008621,L038404,2026-01-07,4880.58
REV005070,OP008622,L038405,2026-06-17,2267.47
REV005071,OP008625,L038423,2024-02-08,11466.56
REV005072,OP008627,L038427,2026-02-21,3112.25
REV005073,OP008628,L038430,2026-06-27,6259.95
REV005074,OP008630,L038438,2025-07-09,850.35
REV005075,OP008634,L038466,2024-10-11,1012.35
REV005076,OP008636,L038473,2025-09-18,1819.25
REV005077,OP008637,L038479,2024-02-01,3967.56
REV005078,OP008638,L038494,2025-11-21,7421.37
REV005079,OP008639,L038507,2024-10-12,1032.94
REV005080,OP008643,L038531,2024-04-20,25352.65
REV005081,OP008645,L038536,2025-06-04,5552.94
REV005082,OP008646,L038537,2025-11-07,920.88
REV005083,OP008648,L038544,2026-03-05,2099.11
REV005084,OP008650,L038552,2024-05-13,8367.83
REV005085,OP008653,L038558,2025-06-21,409.73
REV005086,OP008654,L038565,2025-07-10,4104.82
REV005087,OP008655,L038568,2025-08-23,3101.2
REV005088,OP008656,L038575,2026-04-22,986.28
REV005089,OP008657,L038576,2026-05-03,2297.89
REV005090,OP008658,L038578,2024-06-06,344.11
REV005091,OP008659,L038582,2025-03-15,21579.13
REV005092,OP008660,L038587,2024-05-24,3502.58
REV005093,OP008661,L038590,2026-08-13,455.52
REV005094,OP008663,L038607,2025-05-31,5624.75
REV005095,OP008664,L038614,2026-02-22,2455.53
REV005096,OP008665,L038624,2026-03-20,8235.36
REV005097,OP008666,L038626,2026-06-15,3472.99
REV005098,OP008668,L038640,2025-02-14,5364.28
REV005099,OP008669,L038646,2026-05-21,2842.45
REV005100,OP008671,L038656,2026-05-15,2195.71
REV005101,OP008672,L038657,2024-11-11,1309.36
REV005102,OP008673,L038658,2025-11-15,1073.82
REV005103,OP008674,L038662,2025-05-10,4419.92
REV005104,OP008675,L038663,2025-05-14,1492.45
REV005105,OP008676,L038667,2025-04-23,19383.67
REV005106,OP008678,L038677,2025-10-29,2784.25
REV005107,OP008679,L038679,2026-01-02,18781.57
REV005108,OP008680,L038680,2026-01-11,2181.45
REV005109,OP008682,L038688,2024-03-11,6871.2
REV005110,OP008684,L038724,2025-05-30,3549.86
REV005111,OP008685,L038727,2025-06-01,7008.35
REV005112,OP008686,L038729,2026-07-01,1896.09
REV005113,OP008687,L038730,2024-02-13,1429.41
REV005114,OP008688,L038733,2024-12-26,2002.8
REV005115,OP008692,L038751,2025-01-14,1727.39
REV005116,OP008693,L038757,2025-06-19,2679.42
REV005117,OP008694,L038760,2025-03-24,3103.51
REV005118,OP008695,L038767,2026-08-25,17874.32
REV005119,OP008698,L038778,2025-12-03,1380.03
REV005120,OP008699,L038789,2024-08-31,4861.04
REV005121,OP008702,L038794,2025-07-16,892.86
REV005122,OP008704,L038803,2024-10-19,1196.39
REV005123,OP008706,L038810,2024-04-09,1769.73
REV005124,OP008708,L038822,2026-08-31,2968.19
REV005125,OP008709,L038826,2025-10-09,5356.84
REV005126,OP008715,L038843,2025-08-29,2592.88
REV005127,OP008717,L038870,2025-04-23,7698.59
REV005128,OP008720,L038889,2026-05-22,2204.33
REV005129,OP008722,L038908,2026-03-25,1485.79
REV005130,OP008723,L038912,2024-10-16,2949.3
REV005131,OP008726,L038917,2026-02-13,1970.19
REV005132,OP008728,L038927,2025-03-14,7186.9
REV005133,OP008731,L038945,2025-03-08,5899.29
REV005134,OP008734,L038968,2026-08-05,707.65
REV005135,OP008735,L038973,2025-05-19,1072.08
REV005136,OP008737,L038977,2025-06-20,5609.35
REV005137,OP008738,L038978,2025-09-23,2013.1
REV005138,OP008744,L039000,2024-03-19,1707.29
REV005139,OP008745,L039005,2025-03-04,8963.58
REV005140,OP008746,L039006,2026-04-07,1251.61
REV005141,OP008747,L039009,2024-06-28,3629.22
REV005142,OP008751,L039038,2026-01-28,27643.1
REV005143,OP008752,L039041,2025-10-28,1513.1
REV005144,OP008754,L039046,2025-02-19,5234.29
REV005145,OP008755,L039052,2024-10-31,20065.78
REV005146,OP008756,L039055,2025-08-07,14238.83
REV005147,OP008757,L039060,2026-09-22,2533.18
REV005148,OP008758,L039061,2025-03-11,10588.21
REV005149,OP008760,L039075,2024-09-22,17432.83
REV005150,OP008764,L039088,2024-01-31,2949.17
REV005151,OP008765,L039097,2026-10-01,2728.96
REV005152,OP008767,L039103,2026-04-29,2281.47
REV005153,OP008768,L039104,2024-05-04,13254.33
REV005154,OP008771,L039114,2024-09-07,4157.37
REV005155,OP008772,L039118,2024-04-11,2011.93
REV005156,OP008773,L039122,2025-03-31,2111.93
REV005157,OP008774,L039129,2025-06-19,2000.65
REV005158,OP008775,L039131,2026-05-31,7553.99
REV005159,OP008778,L039140,2026-07-12,7589.42
REV005160,OP008780,L039148,2025-08-23,13457.3
REV005161,OP008781,L039157,2026-09-11,651.78
REV005162,OP008782,L039158,2025-04-28,7235.04
REV005163,OP008784,L039178,2024-11-15,14851.46
REV005164,OP008786,L039190,2025-05-04,1147.27
REV005165,OP008788,L039198,2025-06-04,1250.72
REV005166,OP008789,L039202,2025-03-08,8775.63
REV005167,OP008792,L039233,2026-09-25,3192.22
REV005168,OP008793,L039238,2026-01-13,1301.49
REV005169,OP008795,L039248,2024-03-06,1462.94
REV005170,OP008797,L039253,2026-06-22,2750.51
REV005171,OP008798,L039254,2025-10-03,4304.46
REV005172,OP008800,L039258,2026-02-09,59289.89
REV005173,OP008802,L039263,2025-01-26,7611.48
REV005174,OP008803,L039271,2026-07-21,10759.93
REV005175,OP008809,L039291,2026-07-10,5647.18
REV005176,OP008812,L039300,2026-07-27,3233.86
REV005177,OP008814,L039317,2026-08-16,1914.18
REV005178,OP008815,L039322,2024-10-01,7801.76
REV005179,OP008817,L039334,2025-01-12,1187.91
REV005180,OP008818,L039343,2026-09-01,4177.37
REV005181,OP008820,L039356,2026-05-03,417.78
REV005182,OP008822,L039366,2025-12-15,1093.32
REV005183,OP008824,L039373,2024-09-02,2215.51
REV005184,OP008826,L039383,2025-03-14,1430.14
REV005185,OP008828,L039387,2026-08-20,1866.98
REV005186,OP008829,L039390,2024-04-14,9021.37
REV005187,OP008830,L039392,2025-12-13,8019.2
REV005188,OP008831,L039398,2026-09-21,25135.97
REV005189,OP008832,L039416,2025-11-24,630.69
REV005190,OP008833,L039421,2024-04-02,616.2
REV005191,OP008834,L039427,2025-04-23,6569.24
REV005192,OP008836,L039440,2024-10-04,2113.76
REV005193,OP008837,L039442,2024-02-24,1295.54
REV005194,OP008839,L039452,2024-09-20,6113.59
REV005195,OP008840,L039458,2025-04-17,6588.66
REV005196,OP008841,L039463,2025-05-31,3988.64
REV005197,OP008843,L039465,2025-06-29,2743.64
REV005198,OP008845,L039473,2025-06-20,403.19
REV005199,OP008846,L039485,2026-05-05,2082.2
REV005200,OP008847,L039489,2025-05-24,3445.28
REV005201,OP008848,L039498,2025-09-13,31491.4
REV005202,OP008850,L039504,2024-12-10,3120.71
REV005203,OP008853,L039514,2026-08-24,13927.75
REV005204,OP008856,L039521,2026-10-05,4080.33
REV005205,OP008857,L039528,2024-07-04,733.2
REV005206,OP008858,L039532,2025-12-31,1644.39
REV005207,OP008861,L039542,2025-01-16,6229.38
REV005208,OP008862,L039545,2025-09-25,738.19
REV005209,OP008864,L039551,2026-01-15,19881.84
REV005210,OP008865,L039554,2025-12-20,7709.64
REV005211,OP008866,L039558,2025-10-12,2069.86
REV005212,OP008867,L039559,2025-03-11,294.19
REV005213,OP008870,L039567,2024-03-06,350.92
REV005214,OP008872,L039573,2025-02-08,17824.93
REV005215,OP008873,L039575,2026-03-15,397.97
REV005216,OP008874,L039576,2026-04-03,3707.46
REV005217,OP008875,L039584,2025-10-04,2568.81
REV005218,OP008877,L039586,2026-02-18,1109.13
REV005219,OP008880,L039595,2026-01-16,17778.64
REV005220,OP008882,L039617,2024-09-29,14452.35
REV005221,OP008883,L039620,2025-10-03,458.67
REV005222,OP008887,L039642,2026-03-08,3021.74
REV005223,OP008889,L039655,2026-08-26,9060.21
REV005224,OP008890,L039673,2024-03-15,5590.36
REV005225,OP008892,L039678,2025-09-24,4156.47
REV005226,OP008893,L039679,2025-12-05,1950.76
REV005227,OP008898,L039704,2026-10-10,4217.61
REV005228,OP008899,L039713,2026-08-31,1143.83
REV005229,OP008901,L039715,2024-07-15,3435.12
REV005230,OP008903,L039721,2024-03-07,666.91
REV005231,OP008906,L039735,2026-09-21,1666.42
REV005232,OP008907,L039736,2026-04-02,6986.85
REV005233,OP008908,L039738,2025-03-08,19235.67
REV005234,OP008910,L039740,2026-07-19,2763.63
REV005235,OP008911,L039753,2024-02-05,842.88
REV005236,OP008913,L039759,2026-04-25,4597.1
REV005237,OP008914,L039762,2025-05-25,1324.54
REV005238,OP008915,L039769,2024-10-30,995.14
REV005239,OP008919,L039784,2025-08-04,9479.49
REV005240,OP008922,L039810,2024-06-21,6538.86
REV005241,OP008923,L039815,2024-06-20,4581.09
REV005242,OP008925,L039829,2026-09-20,6349.13
REV005243,OP008926,L039832,2025-07-01,1144.07
REV005244,OP008928,L039841,2025-11-30,5891.18
REV005245,OP008929,L039842,2024-04-06,3826.41
REV005246,OP008930,L039843,2026-04-16,1941.7
REV005247,OP008931,L039844,2024-07-28,4125.35
REV005248,OP008932,L039849,2025-02-04,14868.46
REV005249,OP008933,L039859,2026-04-30,1368.23
REV005250,OP008937,L039869,2026-04-26,760.48
REV005251,OP008938,L039871,2024-08-23,474.19
REV005252,OP008939,L039875,2026-07-29,1384.81
REV005253,OP008945,L039890,2025-06-14,549.87
REV005254,OP008949,L039904,2025-09-09,2148.09
REV005255,OP008953,L039923,2024-08-01,2915.32
REV005256,OP008955,L039933,2025-07-01,1328.06
REV005257,OP008956,L039941,2024-07-23,8071.03
REV005258,OP008957,L039950,2024-11-18,3725.96
REV005259,OP008958,L039955,2025-11-24,2020.34
REV005260,OP008959,L039956,2024-03-29,5268.31
REV005261,OP008960,L039968,2025-01-07,4557.69
REV005262,OP008963,L039978,2026-06-03,3663.17
REV005263,OP008964,L039980,2024-05-04,7208.93
REV005264,OP008965,L039984,2025-10-01,5699.49
REV005265,OP008966,L039986,2025-12-10,11046.74
REV005266,OP008967,L039989,2024-04-21,606.27
REV005267,OP008968,L040001,2026-02-13,8550.7
REV005268,OP008969,L040002,2025-02-04,1365.86
REV005269,OP008971,L040016,2024-04-04,3173.08
REV005270,OP008975,L040036,2026-07-08,1381.64
REV005271,OP008980,L040064,2024-07-17,4662.84
REV005272,OP008981,L040069,2025-03-27,7991.92
REV005273,OP008983,L040074,2026-06-29,2211.24
REV005274,OP008984,L040101,2025-07-30,6332.91
REV005275,OP008985,L040109,2025-12-07,1357.53
REV005276,OP008987,L040115,2025-07-28,3664.42
REV005277,OP008988,L040116,2024-11-15,1139.08
REV005278,OP008989,L040122,2026-04-30,1409.62
REV005279,OP008990,L040126,2024-07-17,1945.61
REV005280,OP008991,L040130,2024-12-14,10364.48
REV005281,OP008993,L040138,2025-04-14,5193.89
REV005282,OP008994,L040139,2026-09-06,2257.17
REV005283,OP008995,L040141,2026-08-02,3502.41
REV005284,OP008997,L040144,2024-04-29,1769.8
REV005285,OP008998,L040147,2024-12-06,5238.01
REV005286,OP008999,L040148,2026-03-17,2127.44
REV005287,OP009001,L040156,2025-03-12,1461.94
REV005288,OP009002,L040164,2024-02-24,642.56
REV005289,OP009005,L040174,2025-03-23,21934.52
REV005290,OP009006,L040176,2024-10-07,2610.84
REV005291,OP009007,L040179,2025-11-27,3382.89
REV005292,OP009008,L040190,2025-03-17,5203.58
REV005293,OP009011,L040207,2025-07-17,4075.27
REV005294,OP009014,L040220,2026-03-27,26208.27
REV005295,OP009015,L040224,2026-02-14,1946.88
REV005296,OP009018,L040232,2024-03-06,1954.11
REV005297,OP009019,L040234,2026-01-01,1495.34
REV005298,OP009021,L040249,2024-08-24,7476.42
REV005299,OP009023,L040252,2025-10-07,969.15
REV005300,OP009024,L040256,2024-06-09,1451.19
REV005301,OP009026,L040263,2025-07-21,1681.35
REV005302,OP009028,L040267,2025-11-19,16362.69
REV005303,OP009029,L040269,2024-02-27,527.55
REV005304,OP009030,L040273,2025-07-27,9237.66
REV005305,OP009031,L040278,2024-10-16,1509.86
REV005306,OP009032,L040279,2025-09-03,12607.77
REV005307,OP009035,L040304,2026-09-29,2281.03
REV005308,OP009039,L040320,2025-07-10,6721.68
REV005309,OP009040,L040321,2025-05-12,1170.7
REV005310,OP009041,L040322,2025-03-06,908.64
REV005311,OP009044,L040331,2024-03-16,14068.18
REV005312,OP009045,L040336,2025-10-06,8696.31
REV005313,OP009046,L040339,2024-09-04,1330.18
REV005314,OP009047,L040355,2024-02-07,617.67
REV005315,OP009048,L040358,2024-12-22,11331.43
REV005316,OP009050,L040371,2026-04-02,7034.78
REV005317,OP009051,L040381,2025-05-30,9724.36
REV005318,OP009052,L040389,2025-03-15,5974.86
REV005319,OP009055,L040404,2024-09-03,5375.64
REV005320,OP009057,L040410,2025-05-01,2380.07
REV005321,OP009060,L040428,2025-02-04,3530.47
REV005322,OP009061,L040431,2024-11-11,3885.28
REV005323,OP009062,L040432,2026-01-04,1445.84
REV005324,OP009064,L040444,2026-02-04,6658.57
REV005325,OP009066,L040458,2024-12-18,1485.63
REV005326,OP009067,L040467,2025-07-03,17829.61
REV005327,OP009068,L040478,2024-01-18,1269.07
REV005328,OP009069,L040480,2025-11-07,2291.7
REV005329,OP009070,L040481,2024-07-27,3503.8
REV005330,OP009073,L040488,2026-04-28,5929.93
REV005331,OP009074,L040489,2024-04-05,8571.36
REV005332,OP009075,L040496,2024-03-30,3491.97
REV005333,OP009076,L040499,2024-05-23,15452.07
REV005334,OP009077,L040503,2025-08-27,3103.33
REV005335,OP009078,L040507,2024-05-10,2485.9
REV005336,OP009081,L040512,2024-02-07,2562.33
REV005337,OP009082,L040515,2024-11-19,2747.18
REV005338,OP009084,L040533,2024-09-25,3700.35
REV005339,OP009085,L040534,2024-06-14,3913.67
REV005340,OP009090,L040562,2025-08-24,3637.9
REV005341,OP009095,L040592,2025-12-27,3509.43
REV005342,OP009097,L040611,2025-01-16,3243.05
REV005343,OP009098,L040613,2025-03-13,3044.61
REV005344,OP009099,L040615,2026-01-01,394.48
REV005345,OP009100,L040617,2025-02-16,41472.78
REV005346,OP009101,L040619,2025-11-29,4437.59
REV005347,OP009102,L040621,2024-12-12,422.78
REV005348,OP009104,L040627,2026-04-06,2407.62
REV005349,OP009105,L040629,2025-01-19,849.72
REV005350,OP009107,L040636,2026-05-06,919.09
REV005351,OP009108,L040639,2026-03-26,934.07
REV005352,OP009109,L040644,2025-06-26,827.16
REV005353,OP009110,L040648,2024-02-04,6180.68
REV005354,OP009112,L040658,2026-01-08,32286.72
REV005355,OP009114,L040661,2024-04-11,1300.79
REV005356,OP009115,L040668,2024-03-29,8820.68
REV005357,OP009116,L040670,2026-01-27,2854.88
REV005358,OP009119,L040684,2025-04-14,2250.67
REV005359,OP009121,L040689,2026-08-14,565.63
REV005360,OP009122,L040691,2025-12-10,368.35
REV005361,OP009123,L040703,2024-08-10,1153.05
REV005362,OP009126,L040713,2026-08-07,488.26
REV005363,OP009127,L040714,2024-06-16,1226.76
REV005364,OP009128,L040715,2024-06-27,1859.47
REV005365,OP009129,L040718,2025-12-18,10915.43
REV005366,OP009130,L040728,2024-05-25,4461.42
REV005367,OP009131,L040730,2024-08-07,1276.15
REV005368,OP009133,L040744,2024-07-04,1071.54
REV005369,OP009134,L040748,2026-10-15,3832.87
REV005370,OP009136,L040757,2024-03-06,1410.11
REV005371,OP009137,L040762,2026-02-09,1717.22
REV005372,OP009138,L040778,2025-09-19,519.42
REV005373,OP009140,L040784,2024-04-05,1616.76
REV005374,OP009145,L040801,2025-03-29,1280.93
REV005375,OP009146,L040802,2025-05-10,735.03
REV005376,OP009147,L040805,2026-07-13,15729.82
REV005377,OP009149,L040811,2025-11-19,5066.73
REV005378,OP009150,L040817,2026-09-11,250.0
REV005379,OP009151,L040831,2024-03-26,6597.96
REV005380,OP009153,L040835,2026-01-23,4803.91
REV005381,OP009154,L040840,2024-10-15,4143.09
REV005382,OP009155,L040843,2024-02-05,2543.11
REV005383,OP009156,L040846,2024-07-11,14395.5
REV005384,OP009158,L040854,2024-04-19,1828.31
REV005385,OP009159,L040856,2024-09-14,17045.73
REV005386,OP009162,L040863,2025-10-10,12004.64
REV005387,OP009166,L040886,2026-01-03,5453.3
REV005388,OP009167,L040891,2024-03-22,41727.21
REV005389,OP009170,L040897,2025-07-11,31423.05
REV005390,OP009171,L040911,2026-03-31,9070.02
REV005391,OP009174,L040928,2025-12-16,27490.66
REV005392,OP009178,L040942,2025-04-22,4013.02
REV005393,OP009180,L040950,2025-07-08,3749.89
REV005394,OP009181,L040952,2026-09-12,2388.46
REV005395,OP009182,L040954,2025-08-03,1170.71
REV005396,OP009183,L040960,2025-06-05,2658.54
REV005397,OP009185,L040966,2024-04-29,10440.23
REV005398,OP009186,L040968,2024-04-21,1726.22
REV005399,OP009187,L040990,2025-12-29,1064.25
REV005400,OP009188,L041001,2025-02-08,1877.39
REV005401,OP009189,L041004,2025-10-31,14432.44
REV005402,OP009190,L041005,2025-02-15,3553.17
REV005403,OP009191,L041007,2024-07-30,3806.88
REV005404,OP009196,L041030,2024-09-06,2652.58
REV005405,OP009197,L041031,2026-03-18,2742.25
REV005406,OP009198,L041041,2025-05-17,10896.68
REV005407,OP009199,L041042,2026-04-20,2133.99
REV005408,OP009200,L041048,2026-05-27,1258.77
REV005409,OP009203,L041073,2025-11-04,7108.04
REV005410,OP009204,L041088,2026-10-05,10698.02
REV005411,OP009207,L041098,2025-10-07,908.0
REV005412,OP009208,L041099,2026-01-22,1110.61
REV005413,OP009209,L041112,2025-05-22,3102.91
REV005414,OP009211,L041124,2025-11-12,12773.54
REV005415,OP009213,L041134,2025-02-21,1674.93
REV005416,OP009214,L041136,2024-07-16,1614.3
REV005417,OP009215,L041139,2025-05-31,1332.81
REV005418,OP009216,L041142,2024-03-28,834.74
REV005419,OP009218,L041146,2026-09-03,955.42
REV005420,OP009220,L041153,2024-07-24,3186.72
REV005421,OP009222,L041157,2024-02-26,982.72
REV005422,OP009224,L041162,2024-02-28,7854.72
REV005423,OP009227,L041171,2024-02-02,1218.15
REV005424,OP009231,L041185,2025-03-02,3163.03
REV005425,OP009232,L041186,2025-04-12,1842.34
REV005426,OP009234,L041188,2026-06-21,1698.95
REV005427,OP009237,L041205,2025-05-18,11048.17
REV005428,OP009239,L041223,2024-11-09,10826.97
REV005429,OP009240,L041232,2025-12-21,919.34
REV005430,OP009241,L041237,2025-09-04,16311.9
REV005431,OP009242,L041246,2025-07-04,1337.0
REV005432,OP009244,L041258,2025-02-28,1102.75
REV005433,OP009245,L041260,2025-03-30,3006.54
REV005434,OP009246,L041267,2024-07-08,1337.56
REV005435,OP009247,L041272,2025-12-26,3602.87
REV005436,OP009249,L041278,2024-08-15,30951.76
REV005437,OP009250,L041280,2026-07-11,1544.06
REV005438,OP009252,L041284,2024-01-24,10693.07
REV005439,OP009253,L041287,2026-03-22,3090.75
REV005440,OP009254,L041294,2025-10-22,5986.4
REV005441,OP009256,L041299,2026-03-30,1995.99
REV005442,OP009258,L041304,2025-09-11,1786.67
REV005443,OP009259,L041317,2024-04-10,471.12
REV005444,OP009260,L041330,2025-10-13,15501.82
REV005445,OP009261,L041332,2026-07-21,49718.34
REV005446,OP009263,L041341,2025-11-30,3207.35
REV005447,OP009266,L041350,2025-05-07,396.72
REV005448,OP009270,L041363,2025-11-07,3234.81
REV005449,OP009271,L041366,2025-10-20,2241.28
REV005450,OP009275,L041387,2025-10-08,2574.55
REV005451,OP009276,L041388,2025-10-19,1068.12
REV005452,OP009278,L041393,2025-06-17,5701.2
REV005453,OP009280,L041406,2025-03-23,16650.71
REV005454,OP009282,L041410,2025-01-02,860.58
REV005455,OP009283,L041416,2024-05-10,5665.74
REV005456,OP009285,L041421,2026-06-23,3064.77
REV005457,OP009287,L041425,2025-07-17,3677.52
REV005458,OP009288,L041429,2024-10-06,3420.23
REV005459,OP009290,L041448,2026-03-18,5475.71
REV005460,OP009291,L041449,2024-04-28,3988.7
REV005461,OP009292,L041450,2025-05-04,1981.6
REV005462,OP009293,L041454,2026-01-09,1807.33
REV005463,OP009296,L041473,2026-03-16,1044.72
REV005464,OP009299,L041481,2026-10-04,6730.18
REV005465,OP009300,L041491,2026-06-12,9142.94
REV005466,OP009301,L041492,2024-07-28,427.02
REV005467,OP009302,L041494,2025-04-13,2789.77
REV005468,OP009305,L041497,2026-01-18,11988.39
REV005469,OP009307,L041506,2025-05-02,8398.46
REV005470,OP009308,L041518,2024-05-30,4082.39
REV005471,OP009309,L041520,2026-03-26,5754.5
REV005472,OP009312,L041540,2024-02-20,13431.14
REV005473,OP009313,L041542,2026-06-11,1054.18
REV005474,OP009315,L041545,2026-10-10,6871.65
REV005475,OP009316,L041548,2024-07-28,6137.11
REV005476,OP009318,L041555,2026-03-10,2107.67
REV005477,OP009323,L041589,2025-12-23,19489.49
REV005478,OP009324,L041605,2025-02-16,2578.71
REV005479,OP009325,L041610,2025-08-31,5404.09
REV005480,OP009327,L041614,2026-07-16,5811.84
REV005481,OP009328,L041620,2026-03-19,5949.35
REV005482,OP009331,L041639,2025-07-24,1552.55
REV005483,OP009332,L041641,2026-03-20,797.78
REV005484,OP009333,L041642,2025-10-28,390.47
REV005485,OP009335,L041646,2026-07-19,676.46
REV005486,OP009336,L041647,2025-11-04,5216.79
REV005487,OP009337,L041650,2025-01-14,1679.54
REV005488,OP009338,L041651,2024-11-21,2120.18
REV005489,OP009339,L041654,2026-09-14,3394.79
REV005490,OP009340,L041655,2026-04-19,4920.47
REV005491,OP009343,L041660,2025-06-25,882.18
REV005492,OP009344,L041662,2025-03-04,4927.06
REV005493,OP009349,L041680,2024-06-04,5809.8
REV005494,OP009354,L041709,2025-01-09,4308.01
REV005495,OP009359,L041730,2024-10-30,5714.63
REV005496,OP009360,L041744,2025-11-07,2837.42
REV005497,OP009361,L041747,2024-03-18,2121.13
REV005498,OP009362,L041748,2025-05-10,994.79
REV005499,OP009363,L041749,2025-01-07,5342.1
REV005500,OP009364,L041750,2025-02-16,7196.49
REV005501,OP009367,L041756,2025-11-20,4499.46
REV005502,OP009370,L041772,2024-03-15,1197.49
REV005503,OP009372,L041781,2026-04-27,1680.36
REV005504,OP009373,L041784,2024-10-19,1471.59
REV005505,OP009378,L041808,2024-03-18,1065.32
REV005506,OP009381,L041842,2026-01-24,3665.39
REV005507,OP009382,L041845,2024-09-21,1844.19
REV005508,OP009384,L041855,2025-05-04,2623.04
REV005509,OP009385,L041857,2026-09-07,2716.16
REV005510,OP009388,L041862,2026-09-22,2277.15
REV005511,OP009392,L041875,2026-02-03,1370.62
REV005512,OP009393,L041876,2026-07-04,2014.84
REV005513,OP009396,L041898,2024-11-03,4633.13
REV005514,OP009397,L041903,2024-10-30,4277.85
REV005515,OP009402,L041916,2026-07-28,1292.14
REV005516,OP009403,L041918,2026-03-13,2187.92
REV005517,OP009404,L041931,2025-01-02,847.4
REV005518,OP009408,L041943,2026-08-22,1836.96
REV005519,OP009410,L041951,2025-08-11,2914.6
REV005520,OP009411,L041954,2024-07-01,4970.47
REV005521,OP009412,L041957,2025-06-12,927.49
REV005522,OP009413,L041958,2026-05-25,7723.52
REV005523,OP009414,L041961,2026-10-04,2073.74
REV005524,OP009416,L041967,2024-03-17,2637.47
REV005525,OP009419,L041978,2026-05-03,4614.98
REV005526,OP009420,L041979,2025-12-28,1980.11
REV005527,OP009421,L041984,2024-04-01,8457.07
REV005528,OP009422,L041994,2024-10-30,1028.71
REV005529,OP009424,L042000,2025-11-17,5855.81
REV005530,OP009429,L042031,2026-01-23,8196.86
REV005531,OP009430,L042035,2024-11-09,591.25
REV005532,OP009432,L042038,2024-06-02,4659.14
REV005533,OP009434,L042046,2025-11-21,3281.19
REV005534,OP009435,L042054,2026-03-25,1198.53
REV005535,OP009437,L042060,2024-03-02,1789.7
REV005536,OP009439,L042063,2025-12-06,10696.21
REV005537,OP009440,L042066,2024-04-07,1559.86
REV005538,OP009441,L042069,2024-12-25,2066.26
REV005539,OP009442,L042071,2025-08-13,9558.8
REV005540,OP009443,L042075,2025-02-26,2919.42
REV005541,OP009444,L042091,2025-10-29,3730.93
REV005542,OP009445,L042094,2024-02-05,4219.57
REV005543,OP009446,L042095,2025-04-17,1269.6
REV005544,OP009447,L042103,2026-06-22,4078.88
REV005545,OP009448,L042104,2026-07-27,11717.97
REV005546,OP009449,L042105,2024-04-07,3553.27
REV005547,OP009450,L042109,2024-05-25,10008.81
REV005548,OP009452,L042119,2024-11-29,4209.84
REV005549,OP009455,L042136,2024-06-26,5946.53
REV005550,OP009457,L042142,2026-05-13,784.95
REV005551,OP009458,L042146,2025-12-28,988.42
REV005552,OP009459,L042151,2024-10-28,339.69
REV005553,OP009460,L042159,2025-01-21,18378.89
REV005554,OP009462,L042181,2026-08-29,6249.62
REV005555,OP009463,L042183,2025-10-03,3032.44
REV005556,OP009464,L042197,2026-05-22,17861.58
REV005557,OP009465,L042205,2024-06-22,2369.75
REV005558,OP009466,L042212,2025-12-06,10652.6
REV005559,OP009467,L042217,2024-06-11,3060.82
REV005560,OP009470,L042222,2025-12-07,7148.4
REV005561,OP009471,L042225,2025-01-17,1752.19
REV005562,OP009472,L042227,2025-04-21,250.0
REV005563,OP009475,L042232,2025-10-29,757.41
REV005564,OP009476,L042233,2025-07-06,339.51
REV005565,OP009477,L042246,2026-05-12,3110.82
REV005566,OP009478,L042251,2024-10-02,883.15
REV005567,OP009479,L042252,2025-06-25,1212.82
REV005568,OP009481,L042259,2024-04-09,747.3
REV005569,OP009482,L042264,2026-06-25,2234.74
REV005570,OP009485,L042300,2024-06-22,2538.93
REV005571,OP009487,L042309,2024-09-19,1859.52
REV005572,OP009489,L042319,2024-03-08,1856.97
REV005573,OP009490,L042321,2025-02-19,1250.79
REV005574,OP009494,L042335,2025-06-04,12081.46
REV005575,OP009497,L042349,2024-07-17,1460.81
REV005576,OP009498,L042352,2025-04-18,14031.07
REV005577,OP009499,L042355,2024-09-28,416.37
REV005578,OP009501,L042361,2026-01-31,18004.95
REV005579,OP009502,L042363,2025-01-20,8041.79
REV005580,OP009504,L042372,2024-07-13,2033.33
REV005581,OP009505,L042376,2024-10-23,861.71
REV005582,OP009506,L042380,2024-03-21,7460.44
REV005583,OP009507,L042383,2026-01-31,942.7
REV005584,OP009508,L042384,2025-12-20,4860.51
REV005585,OP009509,L042392,2026-05-29,1078.65
REV005586,OP009512,L042400,2025-01-23,3201.67
REV005587,OP009514,L042420,2024-04-02,12047.71
REV005588,OP009515,L042434,2026-08-28,24301.28
REV005589,OP009516,L042443,2024-11-15,2978.7
REV005590,OP009517,L042444,2025-06-04,1706.76
REV005591,OP009518,L042445,2026-05-14,3859.03
REV005592,OP009519,L042448,2025-07-26,13851.1
REV005593,OP009522,L042460,2025-01-16,8026.62
REV005594,OP009523,L042462,2026-08-30,1664.43
REV005595,OP009526,L042482,2025-05-24,13651.49
REV005596,OP009527,L042484,2025-11-05,16719.72
REV005597,OP009529,L042490,2024-08-05,1146.63
REV005598,OP009531,L042493,2026-05-05,1054.18
REV005599,OP009534,L042507,2024-05-06,1127.15
REV005600,OP009540,L042533,2026-08-19,1015.94
REV005601,OP009541,L042541,2024-06-02,5628.33
REV005602,OP009546,L042572,2025-11-14,2420.29
REV005603,OP009547,L042582,2025-04-17,3689.88
REV005604,OP009548,L042583,2024-12-07,1049.69
REV005605,OP009550,L042597,2024-08-29,436.24
REV005606,OP009552,L042606,2025-08-06,2193.2
REV005607,OP009554,L042611,2025-04-25,2364.54
REV005608,OP009555,L042623,2025-08-08,2474.12
REV005609,OP009556,L042624,2024-03-11,6470.86
REV005610,OP009560,L042667,2025-08-11,3530.87
REV005611,OP009561,L042675,2025-12-14,17392.16
REV005612,OP009562,L042676,2024-05-18,3170.03
REV005613,OP009563,L042678,2026-05-05,4573.48
REV005614,OP009564,L042682,2025-04-10,1332.57
REV005615,OP009565,L042683,2024-08-08,1285.97
REV005616,OP009566,L042696,2025-04-21,2026.39
REV005617,OP009569,L042704,2026-09-13,4123.04
REV005618,OP009572,L042714,2026-08-22,525.81
REV005619,OP009574,L042719,2024-09-24,1247.12
REV005620,OP009575,L042733,2024-04-23,3225.13
REV005621,OP009576,L042740,2025-03-15,1469.43
REV005622,OP009577,L042743,2025-07-15,994.58
REV005623,OP009579,L042747,2026-08-07,9807.53
REV005624,OP009580,L042770,2026-08-06,2935.8
REV005625,OP009582,L042773,2025-06-09,2889.29
REV005626,OP009587,L042791,2025-08-05,6851.52
REV005627,OP009589,L042805,2025-02-22,2740.59
REV005628,OP009592,L042818,2026-08-12,18988.47
REV005629,OP009593,L042820,2025-07-26,609.66
REV005630,OP009594,L042821,2024-07-15,2999.41
REV005631,OP009598,L042858,2025-04-12,3646.93
REV005632,OP009601,L042876,2025-07-06,1790.52
REV005633,OP009602,L042878,2024-03-19,676.87
REV005634,OP009603,L042881,2024-04-30,457.24
REV005635,OP009604,L042886,2024-03-11,2989.35
REV005636,OP009605,L042887,2024-10-30,4665.54
REV005637,OP009606,L042902,2024-12-15,10340.67
REV005638,OP009608,L042908,2026-08-11,4025.43
REV005639,OP009610,L042913,2025-03-18,254.25
REV005640,OP009611,L042914,2024-09-29,6704.9
REV005641,OP009612,L042924,2024-05-08,4894.38
REV005642,OP009613,L042930,2025-12-29,4346.13
REV005643,OP009614,L042933,2025-08-09,2278.52
REV005644,OP009615,L042935,2026-09-20,5757.09
REV005645,OP009616,L042947,2024-02-21,2732.35
REV005646,OP009618,L042970,2025-11-13,6517.12
REV005647,OP009619,L042993,2024-02-23,10996.92
REV005648,OP009620,L042999,2025-11-17,1621.7
REV005649,OP009621,L043001,2024-11-18,3506.36
REV005650,OP009622,L043010,2026-03-25,3650.46
REV005651,OP009623,L043012,2024-11-30,2608.94
REV005652,OP009625,L043023,2026-01-15,250.0
REV005653,OP009626,L043027,2025-05-20,6045.99
REV005654,OP009627,L043037,2025-08-15,393.48
REV005655,OP009628,L043038,2024-03-05,15156.37
REV005656,OP009629,L043040,2024-08-20,1958.85
REV005657,OP009632,L043049,2024-03-28,5923.91
REV005658,OP009633,L043056,2025-11-26,2714.41
REV005659,OP009634,L043057,2024-07-14,15825.52
REV005660,OP009637,L043069,2024-05-09,1586.13
REV005661,OP009638,L043074,2026-05-02,3958.36
REV005662,OP009641,L043094,2025-04-25,6980.53
REV005663,OP009642,L043096,2026-04-26,10195.94
REV005664,OP009643,L043098,2024-11-15,4439.08
REV005665,OP009645,L043108,2024-12-31,62408.37
REV005666,OP009648,L043144,2026-05-09,3738.26
REV005667,OP009649,L043145,2026-04-19,3443.76
REV005668,OP009650,L043153,2024-05-03,4214.42
REV005669,OP009651,L043158,2025-11-03,10668.78
REV005670,OP009653,L043163,2025-03-08,4633.03
REV005671,OP009654,L043168,2026-05-09,4449.33
REV005672,OP009655,L043169,2026-09-19,3830.07
REV005673,OP009656,L043171,2024-07-07,4302.43
REV005674,OP009659,L043188,2025-11-06,3710.5
REV005675,OP009661,L043192,2026-07-20,7553.87
REV005676,OP009662,L043204,2025-09-19,1726.66
REV005677,OP009664,L043207,2024-03-01,6377.66
REV005678,OP009665,L043211,2025-12-06,911.79
REV005679,OP009667,L043213,2024-11-20,14476.87
REV005680,OP009669,L043215,2025-09-17,763.51
REV005681,OP009670,L043222,2026-05-10,6539.4
REV005682,OP009672,L043232,2024-02-12,1179.85
REV005683,OP009676,L043243,2025-06-28,8469.84
REV005684,OP009678,L043246,2025-07-30,2723.87
REV005685,OP009679,L043248,2025-06-03,2666.99
REV005686,OP009681,L043251,2024-03-22,1392.65
REV005687,OP009683,L043253,2025-04-10,5089.77
REV005688,OP009684,L043254,2025-09-24,5922.63
REV005689,OP009685,L043256,2025-03-20,2825.58
REV005690,OP009688,L043261,2025-01-20,1948.48
REV005691,OP009690,L043266,2025-08-11,3014.02
REV005692,OP009691,L043270,2026-08-19,8285.79
REV005693,OP009694,L043277,2024-03-10,3424.78
REV005694,OP009697,L043300,2025-09-14,740.98
REV005695,OP009700,L043316,2026-02-16,1484.92
REV005696,OP009702,L043322,2024-06-06,2817.54
REV005697,OP009703,L043324,2025-01-01,13510.95
REV005698,OP009704,L043327,2024-11-25,250.0
REV005699,OP009705,L043331,2025-10-02,2639.28
REV005700,OP009708,L043345,2025-11-30,2800.09
REV005701,OP009710,L043347,2026-04-21,3063.41
REV005702,OP009711,L043351,2025-03-01,7474.76
REV005703,OP009713,L043357,2026-04-16,2630.59
REV005704,OP009714,L043359,2026-05-10,3800.7
REV005705,OP009715,L043365,2026-08-02,12332.28
REV005706,OP009716,L043366,2026-01-07,260.1
REV005707,OP009717,L043381,2026-03-12,5113.94
REV005708,OP009719,L043385,2026-03-14,4207.31
REV005709,OP009721,L043392,2024-05-23,1117.57
REV005710,OP009722,L043398,2025-07-20,2223.59
REV005711,OP009723,L043401,2026-07-07,16685.08
REV005712,OP009725,L043408,2025-07-29,2955.81
REV005713,OP009727,L043424,2026-08-28,10108.45
REV005714,OP009728,L043430,2025-06-26,2901.57
REV005715,OP009730,L043435,2025-11-11,1029.25
REV005716,OP009731,L043439,2026-03-19,6944.58
REV005717,OP009732,L043440,2024-04-27,10735.45
REV005718,OP009734,L043445,2026-05-18,5630.77
REV005719,OP009737,L043451,2025-02-23,899.38
REV005720,OP009738,L043453,2026-08-11,2441.05
REV005721,OP009739,L043455,2025-08-12,2382.34
REV005722,OP009742,L043473,2024-06-06,3559.27
REV005723,OP009743,L043476,2024-05-05,5017.41
REV005724,OP009745,L043490,2025-04-04,6803.4
REV005725,OP009746,L043493,2025-02-05,19698.46
REV005726,OP009748,L043497,2024-11-26,4375.35
REV005727,OP009751,L043511,2025-08-08,7821.13
REV005728,OP009752,L043512,2025-09-17,8457.46
REV005729,OP009754,L043525,2026-06-27,446.12
REV005730,OP009755,L043527,2024-02-16,1140.74
REV005731,OP009759,L043549,2025-12-28,4171.52
REV005732,OP009760,L043556,2024-05-26,6389.19
REV005733,OP009763,L043565,2026-04-11,11664.81
REV005734,OP009765,L043581,2026-06-27,3250.84
REV005735,OP009766,L043585,2024-05-20,2511.69
REV005736,OP009767,L043587,2024-04-20,10059.57
REV005737,OP009768,L043589,2026-01-04,66250.67
REV005738,OP009769,L043591,2026-08-04,18965.62
REV005739,OP009770,L043601,2026-09-10,4940.74
REV005740,OP009771,L043602,2026-05-21,2407.09
REV005741,OP009772,L043607,2024-02-12,2707.89
REV005742,OP009773,L043608,2025-01-12,5738.86
REV005743,OP009775,L043635,2024-12-17,2233.93
REV005744,OP009776,L043639,2024-03-01,21474.2
REV005745,OP009778,L043643,2025-05-02,4374.87
REV005746,OP009779,L043648,2024-09-29,7868.74
REV005747,OP009781,L043652,2025-09-14,11354.67
REV005748,OP009782,L043654,2026-02-10,1008.38
REV005749,OP009784,L043657,2026-09-08,4402.74
REV005750,OP009785,L043659,2025-10-02,2370.13
REV005751,OP009786,L043668,2024-06-19,5931.36
REV005752,OP009788,L043675,2026-06-25,4526.14
REV005753,OP009789,L043679,2026-07-30,282.08
REV005754,OP009792,L043684,2025-02-17,1027.05
REV005755,OP009794,L043686,2026-07-01,19284.94
REV005756,OP009796,L043698,2026-04-11,3834.48
REV005757,OP009798,L043710,2024-11-18,1966.35
REV005758,OP009799,L043712,2025-12-24,3159.58
REV005759,OP009800,L043715,2026-07-30,17975.81
REV005760,OP009801,L043720,2024-08-19,11220.07
REV005761,OP009802,L043723,2025-10-17,707.7
REV005762,OP009803,L043726,2025-05-15,9763.7
REV005763,OP009804,L043728,2025-07-09,6382.87
REV005764,OP009805,L043730,2025-01-29,774.6
REV005765,OP009806,L043736,2024-08-04,1816.49
REV005766,OP009808,L043744,2026-06-15,5573.28
REV005767,OP009809,L043746,2024-08-17,2761.36
REV005768,OP009810,L043747,2026-03-26,2040.79
REV005769,OP009814,L043775,2026-05-08,768.05
REV005770,OP009815,L043778,2026-02-05,12482.14
REV005771,OP009817,L043797,2025-07-03,5821.09
REV005772,OP009818,L043799,2025-12-07,757.8
REV005773,OP009819,L043802,2025-03-26,4061.26
REV005774,OP009820,L043804,2025-03-16,1290.62
REV005775,OP009821,L043805,2026-06-16,13758.24
REV005776,OP009823,L043810,2025-01-08,13814.99
REV005777,OP009824,L043812,2025-12-06,2506.84
REV005778,OP009825,L043824,2024-07-12,1769.53
REV005779,OP009827,L043832,2025-10-31,1564.21
REV005780,OP009828,L043845,2025-02-09,3942.04
REV005781,OP009830,L043850,2025-01-26,7334.33
REV005782,OP009833,L043873,2025-04-27,2776.66
REV005783,OP009834,L043874,2026-02-04,4354.46
REV005784,OP009835,L043890,2025-12-30,5218.2
REV005785,OP009837,L043898,2025-12-30,6619.96
REV005786,OP009838,L043899,2025-11-30,16433.71
REV005787,OP009841,L043913,2025-03-08,1280.35
REV005788,OP009844,L043931,2026-05-20,2643.73
REV005789,OP009846,L043940,2026-01-06,1829.59
REV005790,OP009848,L043953,2024-08-28,978.24
REV005791,OP009849,L043973,2024-04-06,4063.12
REV005792,OP009850,L043976,2026-03-25,9358.02
REV005793,OP009851,L043980,2024-04-17,2790.48
REV005794,OP009852,L043984,2025-02-22,25383.62
REV005795,OP009854,L043991,2025-04-15,5668.11
REV005796,OP009856,L043996,2024-12-21,10896.67
REV005797,OP009858,L044000,2024-06-11,1348.37
REV005798,OP009859,L044005,2025-11-12,496.75
REV005799,OP009861,L044012,2024-10-20,7910.26
REV005800,OP009865,L044051,2025-04-06,3592.52
REV005801,OP009866,L044054,2025-04-08,79655.93
REV005802,OP009871,L044075,2025-04-11,656.66
REV005803,OP009872,L044077,2025-11-11,4200.2
REV005804,OP009873,L044078,2025-10-13,8936.39
REV005805,OP009874,L044081,2026-03-20,5162.0
REV005806,OP009877,L044094,2024-10-07,929.16
REV005807,OP009880,L044106,2025-12-24,5161.74
REV005808,OP009881,L044108,2025-08-29,657.19
REV005809,OP009883,L044116,2025-06-01,5584.74
REV005810,OP009886,L044131,2026-06-02,2879.83
REV005811,OP009887,L044132,2025-05-12,9264.04
REV005812,OP009891,L044142,2024-10-28,7289.08
REV005813,OP009892,L044145,2025-01-09,1557.71
REV005814,OP009893,L044147,2026-06-27,27819.25
REV005815,OP009894,L044156,2024-12-09,7842.26
REV005816,OP009895,L044160,2024-12-30,1377.83
REV005817,OP009896,L044161,2025-12-16,4456.3
REV005818,OP009899,L044166,2024-11-17,1974.4
REV005819,OP009900,L044172,2024-11-09,1274.93
REV005820,OP009902,L044177,2025-10-20,16873.26
REV005821,OP009903,L044180,2025-10-04,1740.69
REV005822,OP009904,L044181,2024-09-27,1334.53
REV005823,OP009905,L044182,2024-09-27,447.52
REV005824,OP009907,L044191,2026-01-19,1776.89
REV005825,OP009908,L044204,2025-06-26,593.29
REV005826,OP009909,L044206,2026-07-09,2559.34
REV005827,OP009910,L044208,2024-03-12,1124.46
REV005828,OP009912,L044214,2024-02-05,2280.34
REV005829,OP009915,L044229,2026-03-24,1905.94
REV005830,OP009919,L044246,2026-10-06,1172.26
REV005831,OP009920,L044253,2025-12-30,6261.9
REV005832,OP009922,L044258,2025-03-25,6108.61
REV005833,OP009923,L044259,2024-12-23,1920.37
REV005834,OP009927,L044274,2025-02-26,1247.59
REV005835,OP009928,L044276,2025-10-10,922.66
REV005836,OP009931,L044284,2024-07-02,2613.59
REV005837,OP009933,L044301,2026-05-23,4967.13
REV005838,OP009934,L044302,2024-05-15,1272.87
REV005839,OP009935,L044310,2026-05-03,1966.14
REV005840,OP009937,L044320,2026-02-01,3504.57
REV005841,OP009938,L044326,2026-06-08,1256.52
REV005842,OP009939,L044327,2025-02-17,1613.22
REV005843,OP009940,L044328,2026-04-08,7647.75
REV005844,OP009941,L044330,2024-03-30,4843.88
REV005845,OP009942,L044332,2025-03-09,777.93
REV005846,OP009943,L044335,2024-07-01,6501.47
REV005847,OP009944,L044340,2025-09-25,7931.86
REV005848,OP009946,L044359,2024-12-06,1035.67
REV005849,OP009947,L044365,2025-12-25,1385.24
REV005850,OP009948,L044370,2024-03-07,2440.0
REV005851,OP009949,L044375,2025-07-23,5758.49
REV005852,OP009953,L044401,2024-10-31,4607.64
REV005853,OP009956,L044410,2025-08-20,1065.37
REV005854,OP009957,L044413,2024-07-24,4615.16
REV005855,OP009958,L044418,2024-09-12,1027.93
REV005856,OP009959,L044425,2026-03-04,1018.31
REV005857,OP009960,L044428,2026-09-10,9691.13
REV005858,OP009963,L044446,2024-04-21,6855.64
REV005859,OP009966,L044456,2025-07-05,6601.65
REV005860,OP009967,L044459,2026-08-13,610.69
REV005861,OP009968,L044461,2024-12-01,3835.39
REV005862,OP009971,L044482,2025-06-23,2804.31
REV005863,OP009972,L044505,2024-08-17,6178.36
REV005864,OP009973,L044511,2024-02-13,2864.88
REV005865,OP009974,L044516,2025-12-17,250.0
REV005866,OP009975,L044527,2025-05-20,5569.24
REV005867,OP009976,L044528,2024-08-16,657.09
REV005868,OP009977,L044532,2024-04-09,5325.29
REV005869,OP009978,L044539,2024-11-24,6243.26
REV005870,OP009980,L044543,2025-08-21,2341.6
REV005871,OP009981,L044548,2026-08-12,2621.81
REV005872,OP009982,L044549,2024-05-04,1256.2
REV005873,OP009983,L044550,2025-06-02,11990.27
REV005874,OP009987,L044563,2026-02-06,3769.76
REV005875,OP009988,L044564,2026-05-11,5609.41
REV005876,OP009989,L044575,2025-10-03,2478.47
REV005877,OP009991,L044582,2026-08-25,4172.26
REV005878,OP009993,L044595,2025-01-20,250.0
REV005879,OP009994,L044597,2024-03-29,6257.54
REV005880,OP009995,L044602,2024-10-18,3418.45
REV005881,OP009996,L044603,2026-09-16,906.03
REV005882,OP009997,L044605,2025-01-06,7762.57
REV005883,OP009999,L044616,2025-01-19,2206.0
REV005884,OP010002,L044620,2026-06-17,4092.47
REV005885,OP010005,L044636,2026-01-22,4325.4
REV005886,OP010006,L044647,2024-11-17,3277.65
REV005887,OP010007,L044649,2026-04-21,1507.65
REV005888,OP010008,L044651,2024-03-08,4218.16
REV005889,OP010009,L044655,2026-09-10,2957.52
REV005890,OP010010,L044658,2024-03-01,1500.15
REV005891,OP010011,L044677,2026-09-28,2124.51
REV005892,OP010012,L044682,2024-09-16,862.4
REV005893,OP010016,L044701,2025-05-15,2688.36
REV005894,OP010019,L044722,2024-05-30,1613.12
REV005895,OP010020,L044725,2024-11-01,2031.11
REV005896,OP010021,L044731,2025-07-22,4135.55
REV005897,OP010023,L044750,2026-05-02,3021.84
REV005898,OP010024,L044754,2026-02-22,4314.32
REV005899,OP010026,L044759,2026-08-07,10217.15
REV005900,OP010028,L044763,2025-05-27,4822.87
REV005901,OP010029,L044766,2025-06-16,2338.41
REV005902,OP010031,L044772,2025-06-01,1672.53
REV005903,OP010033,L044775,2024-07-12,5315.54
REV005904,OP010036,L044789,2026-01-16,508.07
REV005905,OP010037,L044804,2026-08-05,8426.35
REV005906,OP010039,L044807,2025-06-18,4076.08
REV005907,OP010040,L044811,2026-09-13,2724.51
REV005908,OP010041,L044814,2026-09-07,11380.23
REV005909,OP010043,L044822,2024-12-19,714.42
REV005910,OP010044,L044825,2026-06-16,2205.73
REV005911,OP010045,L044826,2024-05-24,1167.86
REV005912,OP010046,L044830,2024-07-23,1506.53
REV005913,OP010047,L044837,2024-10-18,9759.7
REV005914,OP010049,L044858,2024-11-27,6304.99
REV005915,OP010051,L044866,2026-01-18,12363.93
REV005916,OP010053,L044869,2026-04-21,1419.6
REV005917,OP010054,L044871,2026-05-14,14241.7
REV005918,OP010056,L044877,2026-01-23,4328.81
REV005919,OP010057,L044880,2025-07-08,3444.95
REV005920,OP010059,L044884,2024-06-30,2051.67
REV005921,OP010061,L044888,2026-06-02,3632.92
REV005922,OP010065,L044895,2025-07-28,5478.75
REV005923,OP010066,L044900,2025-09-14,60834.79
REV005924,OP010067,L044902,2024-10-15,1491.31
REV005925,OP010069,L044907,2024-12-04,11107.66
REV005926,OP010070,L044908,2025-12-09,1521.16
REV005927,OP010071,L044910,2026-05-09,28008.17
REV005928,OP010072,L044914,2024-09-13,684.31
REV005929,OP010078,L044929,2025-06-23,2775.73
REV005930,OP010079,L044936,2024-12-10,5697.53
REV005931,OP010080,L044942,2026-10-09,3491.84
REV005932,OP010082,L044963,2024-11-08,4347.19
REV005933,OP010083,L044968,2025-09-09,10229.01
REV005934,OP010084,L044981,2026-01-29,3359.35
REV005935,OP010085,L044992,2026-07-26,4180.22
REV005936,OP010087,L045001,2026-03-30,1768.95
REV005937,OP010089,L045010,2025-01-09,9342.83
REV005938,OP010090,L045012,2025-07-09,4337.19
REV005939,OP010091,L045013,2026-02-16,5581.47
REV005940,OP010093,L045017,2025-03-05,478.92
REV005941,OP010094,L045018,2024-10-31,703.92
REV005942,OP010095,L045019,2024-10-04,1884.04
REV005943,OP010096,L045022,2026-06-07,4281.04
REV005944,OP010098,L045025,2026-01-02,1075.49
REV005945,OP010099,L045033,2024-02-15,1247.43
REV005946,OP010100,L045042,2025-11-25,1534.84
REV005947,OP010104,L045061,2024-05-09,7335.12
REV005948,OP010105,L045070,2026-07-14,5510.81
REV005949,OP010109,L045086,2026-06-05,1574.86
REV005950,OP010110,L045090,2025-07-13,3321.25
REV005951,OP010112,L045109,2025-09-29,796.42
REV005952,OP010113,L045112,2024-07-25,1611.67
REV005953,OP010114,L045113,2026-05-01,6680.07
REV005954,OP010115,L045114,2025-06-01,3186.56
REV005955,OP010116,L045134,2026-07-20,3525.41
REV005956,OP010120,L045145,2026-04-24,774.51
REV005957,OP010125,L045172,2025-09-20,1557.4
REV005958,OP010126,L045178,2024-08-27,588.1
REV005959,OP010127,L045180,2025-11-30,35111.62
REV005960,OP010131,L045191,2024-03-02,2085.59
REV005961,OP010132,L045196,2024-11-10,2297.37
REV005962,OP010133,L045208,2026-05-05,988.68
REV005963,OP010137,L045217,2025-08-22,1434.72
REV005964,OP010138,L045220,2025-09-17,4964.91
REV005965,OP010144,L045234,2024-03-04,2020.8
REV005966,OP010146,L045239,2025-04-21,630.23
REV005967,OP010147,L045243,2024-02-14,1239.72
REV005968,OP010148,L045248,2025-12-26,971.35
REV005969,OP010149,L045250,2025-05-12,1226.85
REV005970,OP010150,L045256,2026-08-04,1153.35
REV005971,OP010151,L045263,2024-06-06,8622.65
REV005972,OP010152,L045282,2025-08-28,1354.23
REV005973,OP010156,L045341,2025-05-10,9218.24
REV005974,OP010162,L045377,2025-08-20,6022.49
REV005975,OP010163,L045379,2026-06-20,8322.24
REV005976,OP010166,L045382,2024-09-02,1084.61
REV005977,OP010167,L045392,2025-03-15,1046.56
REV005978,OP010169,L045405,2026-04-17,6618.03
REV005979,OP010170,L045408,2025-11-02,18736.07
REV005980,OP010171,L045412,2026-07-23,1162.83
REV005981,OP010172,L045423,2025-10-05,909.37
REV005982,OP010175,L045437,2025-06-07,5691.1
REV005983,OP010177,L045441,2024-04-05,250.0
REV005984,OP010179,L045444,2026-07-17,5471.82
REV005985,OP010180,L045453,2024-02-05,4357.92
REV005986,OP010181,L045456,2024-10-31,1746.56
REV005987,OP010182,L045461,2026-06-23,5054.13
REV005988,OP010184,L045470,2024-05-04,2435.15
REV005989,OP010185,L045473,2024-04-10,5356.07
REV005990,OP010186,L045480,2026-04-25,14756.54
REV005991,OP010188,L045485,2024-08-29,2727.08
REV005992,OP010193,L045510,2025-08-09,1071.53
REV005993,OP010194,L045515,2025-06-07,3240.79
REV005994,OP010196,L045522,2025-07-21,2106.92
REV005995,OP010197,L045526,2026-08-14,1383.36
REV005996,OP010198,L045529,2026-08-14,1932.15
REV005997,OP010200,L045536,2024-02-18,5368.11
REV005998,OP010204,L045561,2024-05-08,3159.36
REV005999,OP010207,L045581,2024-09-13,2165.93
REV006000,OP010208,L045583,2025-01-01,406.14
REV006001,OP010213,L045606,2025-09-07,1289.11
REV006002,OP010216,L045613,2026-04-03,26529.58
REV006003,OP010217,L045622,2025-10-06,9829.43
REV006004,OP010218,L045623,2025-02-12,7181.51
REV006005,OP010220,L045627,2026-08-27,2578.79
REV006006,OP010221,L045628,2025-02-23,4670.26
REV006007,OP010224,L045650,2025-05-14,856.21
REV006008,OP010225,L045652,2024-11-11,5319.68
REV006009,OP010226,L045657,2026-04-28,4556.9
REV006010,OP010227,L045662,2024-03-12,2237.51
REV006011,OP010228,L045665,2024-07-21,2469.89
REV006012,OP010229,L045669,2026-01-17,1856.47
REV006013,OP010231,L045686,2025-09-07,6570.3
REV006014,OP010232,L045695,2024-06-11,440.17
REV006015,OP010234,L045703,2024-05-09,3212.88
REV006016,OP010235,L045708,2024-03-03,1415.03
REV006017,OP010236,L045715,2026-10-09,963.41
REV006018,OP010237,L045719,2025-09-29,1268.28
REV006019,OP010238,L045721,2026-09-07,741.98
REV006020,OP010243,L045745,2026-06-11,5494.97
REV006021,OP010245,L045750,2025-12-06,1353.93
REV006022,OP010249,L045766,2025-12-03,8732.07
REV006023,OP010252,L045773,2025-03-23,1410.44
REV006024,OP010254,L045782,2024-07-24,7439.68
REV006025,OP010255,L045783,2025-02-28,1857.42
REV006026,OP010256,L045788,2024-11-01,1513.09
REV006027,OP010257,L045790,2024-09-20,6248.27
REV006028,OP010259,L045800,2024-02-27,3353.31
REV006029,OP010262,L045810,2024-08-15,6810.5
REV006030,OP010263,L045818,2024-07-05,3234.75
REV006031,OP010264,L045819,2026-06-05,1257.57
REV006032,OP010266,L045831,2024-03-31,3196.59
REV006033,OP010267,L045839,2025-11-22,1805.89
REV006034,OP010270,L045863,2026-02-17,1240.77
REV006035,OP010272,L045868,2024-08-25,7748.14
REV006036,OP010274,L045890,2025-07-20,362.55
REV006037,OP010277,L045920,2024-10-06,2786.98
REV006038,OP010282,L045938,2025-04-09,1113.36
REV006039,OP010283,L045940,2026-07-27,3981.24
REV006040,OP010284,L045941,2025-08-02,3720.23
REV006041,OP010285,L045951,2025-05-19,2434.73
REV006042,OP010286,L045952,2024-07-29,8744.34
REV006043,OP010288,L045967,2024-08-25,1424.37
REV006044,OP010293,L045987,2024-06-02,1529.27
REV006045,OP010294,L045991,2024-08-08,1476.76
REV006046,OP010295,L045999,2025-08-15,1757.99
REV006047,OP010296,L046004,2026-05-19,737.59
REV006048,OP010297,L046006,2025-11-21,1920.39
REV006049,OP010299,L046019,2025-03-08,2916.84
REV006050,OP010301,L046024,2026-09-19,1469.67
REV006051,OP010302,L046030,2024-03-28,877.14
REV006052,OP010303,L046038,2024-11-06,618.13
REV006053,OP010306,L046046,2026-08-26,2382.16
REV006054,OP010307,L046049,2026-05-12,6131.45
REV006055,OP010309,L046052,2024-11-30,1756.91
REV006056,OP010311,L046058,2025-11-02,6615.42
REV006057,OP010314,L046070,2025-12-05,1439.56
REV006058,OP010315,L046079,2026-01-16,2140.46
REV006059,OP010316,L046081,2024-04-02,9786.72
REV006060,OP010317,L046082,2026-01-25,11908.2
REV006061,OP010318,L046090,2024-10-14,46188.48
REV006062,OP010320,L046095,2025-07-25,523.2
REV006063,OP010321,L046105,2024-09-12,1270.03
REV006064,OP010324,L046121,2025-04-19,1358.14
REV006065,OP010325,L046137,2025-07-09,7236.1
REV006066,OP010328,L046156,2026-07-22,1638.9
REV006067,OP010330,L046162,2026-09-15,3201.49
REV006068,OP010331,L046163,2026-05-12,5095.49
REV006069,OP010332,L046166,2025-03-01,7357.17
REV006070,OP010333,L046189,2025-01-27,4123.12
REV006071,OP010336,L046198,2024-02-08,1815.46
REV006072,OP010338,L046205,2024-05-10,3793.43
REV006073,OP010339,L046209,2026-03-29,250.0
REV006074,OP010342,L046214,2026-05-29,55667.49
REV006075,OP010343,L046227,2024-01-14,2972.93
REV006076,OP010345,L046248,2026-04-25,6431.58
REV006077,OP010346,L046252,2025-05-23,4379.59
REV006078,OP010347,L046287,2025-11-07,1219.16
REV006079,OP010348,L046294,2024-08-21,3925.21
REV006080,OP010350,L046313,2026-04-10,2323.52
REV006081,OP010351,L046322,2024-05-31,8060.45
REV006082,OP010355,L046338,2024-12-27,855.18
REV006083,OP010356,L046343,2024-06-24,2969.81
REV006084,OP010357,L046345,2024-08-31,1859.21
REV006085,OP010359,L046348,2024-06-12,1641.19
REV006086,OP010360,L046350,2026-06-20,755.62
REV006087,OP010363,L046361,2024-05-11,2240.85
REV006088,OP010366,L046371,2024-09-30,4113.07
REV006089,OP010368,L046378,2025-05-14,26742.67
REV006090,OP010370,L046394,2024-09-10,2050.11
REV006091,OP010373,L046413,2025-03-16,3100.71
REV006092,OP010377,L046440,2025-10-07,2784.1
REV006093,OP010378,L046444,2024-08-01,3453.37
REV006094,OP010380,L046449,2025-07-24,733.43
REV006095,OP010381,L046460,2025-02-24,1601.75
REV006096,OP010382,L046462,2025-02-23,598.37
REV006097,OP010387,L046487,2026-09-03,15249.64
REV006098,OP010388,L046491,2024-02-28,10004.18
REV006099,OP010389,L046492,2026-02-27,487.38
REV006100,OP010391,L046502,2026-04-04,3170.88
REV006101,OP010392,L046511,2026-02-15,2888.53
REV006102,OP010394,L046514,2025-02-04,2999.49
REV006103,OP010395,L046515,2025-05-02,2284.47
REV006104,OP010396,L046516,2026-02-11,2552.86
REV006105,OP010397,L046520,2025-11-10,618.77
REV006106,OP010398,L046522,2025-03-22,3857.07
REV006107,OP010401,L046536,2026-08-15,34281.11
REV006108,OP010403,L046539,2025-03-07,7824.07
REV006109,OP010404,L046540,2025-12-03,1028.86
REV006110,OP010405,L046545,2026-07-23,2837.8
REV006111,OP010408,L046554,2025-09-04,6809.7
REV006112,OP010409,L046557,2025-06-28,5014.31
REV006113,OP010410,L046558,2026-09-07,1944.79
REV006114,OP010411,L046561,2025-04-19,14442.13
REV006115,OP010412,L046563,2024-09-06,1690.39
REV006116,OP010413,L046566,2025-03-13,1476.81
REV006117,OP010414,L046571,2024-11-13,2155.17
REV006118,OP010416,L046577,2026-09-12,626.56
REV006119,OP010417,L046580,2025-04-08,1764.83
REV006120,OP010418,L046581,2024-12-20,2318.11
REV006121,OP010419,L046585,2024-10-19,4629.0
REV006122,OP010420,L046592,2026-06-16,7165.82
REV006123,OP010421,L046595,2024-06-08,1078.41
REV006124,OP010422,L046596,2026-02-03,2006.6
REV006125,OP010423,L046609,2024-06-22,2071.83
REV006126,OP010424,L046611,2025-03-26,794.33
REV006127,OP010425,L046615,2026-07-14,653.73
REV006128,OP010426,L046618,2025-02-25,3264.14
REV006129,OP010427,L046622,2026-01-27,917.17
REV006130,OP010430,L046636,2024-11-12,1059.88
REV006131,OP010431,L046638,2026-09-27,628.13
REV006132,OP010432,L046651,2024-10-09,1462.46
REV006133,OP010434,L046661,2025-11-07,3477.42
REV006134,OP010436,L046674,2025-11-19,2704.52
REV006135,OP010437,L046677,2024-04-16,7907.85
REV006136,OP010443,L046703,2025-12-15,5955.73
REV006137,OP010444,L046705,2024-11-18,7356.51
REV006138,OP010445,L046711,2026-02-13,1221.3
REV006139,OP010448,L046715,2024-02-24,7861.82
REV006140,OP010450,L046733,2025-07-30,10550.86
REV006141,OP010452,L046739,2025-07-06,3417.55
REV006142,OP010453,L046741,2025-05-25,6384.0
REV006143,OP010454,L046747,2024-12-31,7185.03
REV006144,OP010455,L046751,2026-02-12,3355.74
REV006145,OP010456,L046752,2024-04-26,1044.4
REV006146,OP010460,L046763,2025-08-14,6986.81
REV006147,OP010461,L046768,2025-02-02,16984.6
REV006148,OP010462,L046770,2025-02-25,2987.15
REV006149,OP010463,L046771,2026-01-10,4777.9
REV006150,OP010468,L046815,2026-06-10,1242.67
REV006151,OP010469,L046817,2025-06-12,1884.37
REV006152,OP010470,L046819,2025-11-21,530.62
REV006153,OP010471,L046828,2024-03-05,1076.33
REV006154,OP010472,L046829,2024-08-01,930.7
REV006155,OP010473,L046830,2025-01-12,2316.46
REV006156,OP010476,L046859,2024-02-08,3179.35
REV006157,OP010479,L046872,2026-08-07,4665.17
REV006158,OP010480,L046878,2024-12-18,7277.79
REV006159,OP010481,L046879,2025-01-03,5411.66
REV006160,OP010483,L046885,2025-12-20,5191.02
REV006161,OP010484,L046893,2026-09-12,16139.19
REV006162,OP010485,L046908,2025-05-02,1855.38
REV006163,OP010486,L046911,2026-02-02,11719.88
REV006164,OP010487,L046912,2024-08-02,1448.7
REV006165,OP010488,L046916,2025-07-22,6790.03
REV006166,OP010489,L046922,2026-01-01,19021.54
REV006167,OP010490,L046926,2025-12-09,1053.91
REV006168,OP010491,L046927,2025-10-16,7697.35
REV006169,OP010492,L046930,2025-04-13,2582.19
REV006170,OP010494,L046938,2026-07-06,5827.53
REV006171,OP010495,L046944,2024-09-11,2094.73
REV006172,OP010497,L046956,2024-12-17,5236.1
REV006173,OP010498,L046959,2026-05-31,1466.31
REV006174,OP010502,L046969,2024-12-27,17370.11
REV006175,OP010503,L046970,2026-05-14,260.78
REV006176,OP010504,L046974,2025-01-07,5853.28
REV006177,OP010505,L046983,2025-08-19,4879.29
REV006178,OP010507,L046989,2026-02-18,4965.48
REV006179,OP010508,L046992,2026-05-28,2845.26
REV006180,OP010509,L046995,2024-07-12,949.12
REV006181,OP010510,L046996,2025-01-09,2565.72
REV006182,OP010511,L046998,2026-06-02,7132.66
REV006183,OP010512,L046999,2026-10-04,3164.09
REV006184,OP010513,L047005,2024-06-09,2179.66
REV006185,OP010514,L047008,2024-01-10,14016.14
REV006186,OP010515,L047010,2026-01-10,13770.18
REV006187,OP010516,L047019,2025-11-10,268.72
REV006188,OP010517,L047021,2026-03-10,1621.33
REV006189,OP010518,L047025,2025-08-03,2259.15
REV006190,OP010520,L047031,2024-06-27,3854.33
REV006191,OP010521,L047032,2024-12-18,4403.21
REV006192,OP010522,L047033,2024-03-16,6108.74
REV006193,OP010524,L047041,2024-11-28,47442.21
REV006194,OP010526,L047044,2025-10-04,1957.45
REV006195,OP010527,L047048,2025-03-27,2333.77
REV006196,OP010528,L047058,2024-04-24,8453.33
REV006197,OP010534,L047086,2026-08-26,5132.27
REV006198,OP010535,L047087,2026-03-25,17974.93
REV006199,OP010537,L047094,2026-07-05,9624.78
REV006200,OP010538,L047095,2024-04-10,1508.75
REV006201,OP010541,L047111,2025-03-21,6005.33
REV006202,OP010542,L047126,2026-08-14,5529.32
REV006203,OP010545,L047134,2024-11-20,1319.45
REV006204,OP010546,L047136,2024-07-21,4858.67
REV006205,OP010549,L047150,2024-08-29,6754.56
REV006206,OP010550,L047155,2025-01-06,1713.64
REV006207,OP010555,L047183,2025-12-24,4183.01
REV006208,OP010563,L047215,2025-12-11,4255.85
REV006209,OP010564,L047217,2026-06-18,1919.3
REV006210,OP010565,L047219,2026-03-21,14367.36
REV006211,OP010566,L047232,2024-08-24,6106.56
REV006212,OP010567,L047233,2024-10-14,9063.24
REV006213,OP010569,L047243,2024-09-15,24348.24
REV006214,OP010570,L047255,2026-08-20,7573.41
REV006215,OP010572,L047266,2024-05-17,3207.87
REV006216,OP010576,L047283,2026-09-25,875.98
REV006217,OP010577,L047284,2025-09-26,8421.6
REV006218,OP010578,L047299,2025-03-15,14104.01
REV006219,OP010579,L047303,2024-10-10,4601.34
REV006220,OP010580,L047309,2025-03-26,2920.12
REV006221,OP010581,L047310,2026-07-24,1662.01
REV006222,OP010583,L047319,2024-06-24,1357.61
REV006223,OP010585,L047322,2026-09-01,8310.2
REV006224,OP010586,L047329,2026-08-02,5177.88
REV006225,OP010587,L047338,2024-06-08,9562.31
REV006226,OP010588,L047349,2025-07-10,3662.66
REV006227,OP010590,L047363,2025-02-05,297.71
REV006228,OP010595,L047381,2024-11-04,2036.79
REV006229,OP010602,L047415,2025-11-08,2780.31
REV006230,OP010603,L047420,2024-12-27,4063.83
REV006231,OP010605,L047431,2025-03-19,1253.23
REV006232,OP010606,L047442,2026-05-17,449.85
REV006233,OP010608,L047455,2024-08-07,2514.69
REV006234,OP010609,L047458,2024-03-16,3334.22
REV006235,OP010610,L047459,2025-05-04,3225.01
REV006236,OP010611,L047462,2026-07-20,5438.7
REV006237,OP010612,L047463,2024-10-19,1312.0
REV006238,OP010613,L047467,2024-11-11,955.19
REV006239,OP010614,L047470,2025-05-22,1420.11
REV006240,OP010616,L047497,2024-07-11,5724.52
REV006241,OP010617,L047500,2026-03-25,16489.93
REV006242,OP010618,L047505,2025-06-07,5008.79
REV006243,OP010621,L047517,2025-02-23,8465.74
REV006244,OP010622,L047520,2026-01-15,2663.63
REV006245,OP010627,L047552,2025-12-09,2754.89
REV006246,OP010628,L047555,2024-10-16,2420.43
REV006247,OP010629,L047559,2025-08-31,1486.36
REV006248,OP010630,L047560,2024-08-12,31014.57
REV006249,OP010632,L047567,2026-08-20,1662.54
REV006250,OP010634,L047573,2024-07-04,4032.39
REV006251,OP010635,L047574,2024-05-22,1825.63
REV006252,OP010636,L047576,2024-07-11,2309.66
REV006253,OP010637,L047579,2025-12-27,18848.52
REV006254,OP010638,L047585,2025-07-01,862.65
REV006255,OP010641,L047621,2024-10-23,1126.91
REV006256,OP010642,L047623,2025-04-28,1418.12
REV006257,OP010643,L047625,2024-06-07,4352.44
REV006258,OP010644,L047628,2025-02-20,7091.53
REV006259,OP010647,L047637,2024-08-21,1209.56
REV006260,OP010648,L047639,2024-03-13,1904.9
REV006261,OP010649,L047640,2024-07-28,1392.43
REV006262,OP010650,L047648,2025-05-21,631.69
REV006263,OP010651,L047651,2025-06-29,2102.0
REV006264,OP010653,L047654,2024-08-16,1568.09
REV006265,OP010654,L047658,2026-06-29,1047.12
REV006266,OP010655,L047668,2026-04-28,4533.23
REV006267,OP010656,L047671,2025-11-13,825.02
REV006268,OP010658,L047679,2024-07-08,4916.73
REV006269,OP010659,L047685,2025-05-02,4120.71
REV006270,OP010660,L047696,2024-06-21,1357.97
REV006271,OP010664,L047705,2024-11-14,6211.25
REV006272,OP010668,L047712,2025-08-19,2451.08
REV006273,OP010669,L047717,2025-07-13,5448.11
REV006274,OP010671,L047724,2026-09-08,5445.89
REV006275,OP010675,L047744,2025-06-26,443.28
REV006276,OP010676,L047745,2024-09-11,5829.26
REV006277,OP010678,L047772,2026-03-13,1999.92
REV006278,OP010679,L047776,2024-04-01,2173.65
REV006279,OP010681,L047789,2025-08-26,603.91
REV006280,OP010686,L047808,2024-10-15,5227.19
REV006281,OP010687,L047810,2024-10-02,1731.08
REV006282,OP010688,L047811,2026-07-17,1843.48
REV006283,OP010690,L047814,2025-11-02,2508.17
REV006284,OP010691,L047827,2026-06-27,3352.53
REV006285,OP010692,L047836,2024-05-16,6816.05
REV006286,OP010693,L047841,2025-07-02,818.46
REV006287,OP010694,L047842,2024-06-14,3397.36
REV006288,OP010695,L047858,2025-03-26,2550.55
REV006289,OP010696,L047859,2025-12-12,1566.51
REV006290,OP010697,L047860,2025-04-02,2057.13
REV006291,OP010699,L047865,2025-01-30,12274.39
REV006292,OP010703,L047878,2024-02-19,529.57
REV006293,OP010705,L047883,2026-07-12,11097.17
REV006294,OP010706,L047887,2024-11-17,3516.72
REV006295,OP010710,L047908,2026-04-30,9134.86
REV006296,OP010713,L047926,2025-01-15,3801.91
REV006297,OP010714,L047930,2024-05-18,2340.27
REV006298,OP010715,L047931,2025-10-16,730.68
REV006299,OP010717,L047935,2026-04-05,485.67
REV006300,OP010719,L047958,2024-02-29,21852.74
REV006301,OP010720,L047963,2026-05-12,1524.35
REV006302,OP010722,L047970,2026-01-29,2125.2
REV006303,OP010723,L047979,2024-11-04,4210.6
REV006304,OP010725,L047986,2024-08-10,2929.21
REV006305,OP010727,L047989,2024-03-27,7074.88
REV006306,OP010728,L047990,2026-01-09,726.43
REV006307,OP010732,L048001,2026-05-15,1084.14
REV006308,OP010734,L048013,2025-10-26,1433.65
REV006309,OP010735,L048025,2024-04-23,863.25
REV006310,OP010737,L048038,2024-12-05,18099.93
REV006311,OP010741,L048057,2026-03-07,7293.65
REV006312,OP010742,L048058,2025-11-26,514.98
REV006313,OP010743,L048063,2025-08-09,2237.44
REV006314,OP010745,L048081,2026-01-20,3733.36
REV006315,OP010746,L048097,2026-03-10,3914.01
REV006316,OP010747,L048111,2024-10-24,12940.74
REV006317,OP010748,L048123,2024-10-16,8847.83
REV006318,OP010749,L048124,2024-12-25,1648.24
REV006319,OP010750,L048142,2026-06-25,1331.87
REV006320,OP010753,L048161,2024-01-18,1135.18
REV006321,OP010754,L048162,2024-05-27,5511.01
REV006322,OP010756,L048182,2026-06-01,4006.23
REV006323,OP010758,L048198,2025-08-21,2707.63
REV006324,OP010759,L048203,2026-04-27,1944.91
REV006325,OP010761,L048206,2026-04-13,1509.82
REV006326,OP010763,L048208,2025-02-21,755.63
REV006327,OP010764,L048210,2024-09-19,8033.66
REV006328,OP010766,L048218,2025-05-08,14172.25
REV006329,OP010767,L048220,2024-03-27,3350.71
REV006330,OP010769,L048223,2024-03-03,1694.33
REV006331,OP010770,L048231,2025-02-24,2489.24
REV006332,OP010771,L048235,2024-10-04,2031.01
REV006333,OP010772,L048243,2025-01-28,2102.99
REV006334,OP010774,L048256,2026-02-12,1100.84
REV006335,OP010775,L048258,2025-01-15,2845.13
REV006336,OP010776,L048260,2025-10-12,8737.39
REV006337,OP010778,L048268,2024-04-16,1283.74
REV006338,OP010779,L048270,2024-03-12,7306.06
REV006339,OP010782,L048276,2025-07-13,1926.36
REV006340,OP010783,L048277,2025-10-31,6904.74
REV006341,OP010784,L048282,2025-07-26,20413.31
REV006342,OP010786,L048298,2025-09-13,594.92
REV006343,OP010787,L048300,2025-01-22,3780.78
REV006344,OP010788,L048305,2026-01-11,26571.14
REV006345,OP010789,L048312,2026-04-26,4785.71
REV006346,OP010790,L048326,2026-05-15,1283.36
REV006347,OP010793,L048346,2024-03-10,3265.37
REV006348,OP010794,L048354,2025-01-13,10370.46
REV006349,OP010795,L048361,2024-09-09,507.69
REV006350,OP010797,L048369,2024-12-12,3699.31
REV006351,OP010799,L048374,2026-02-27,507.07
REV006352,OP010800,L048375,2025-11-02,399.39
REV006353,OP010801,L048386,2025-10-22,730.14
REV006354,OP010802,L048399,2025-04-21,17965.26
REV006355,OP010805,L048410,2024-03-13,7892.14
REV006356,OP010808,L048421,2024-11-18,705.93
REV006357,OP010809,L048425,2024-07-21,3805.64
REV006358,OP010810,L048431,2025-08-15,2297.98
REV006359,OP010813,L048447,2026-04-18,7923.44
REV006360,OP010814,L048458,2026-03-26,5258.54
REV006361,OP010817,L048467,2026-04-03,12484.39
REV006362,OP010818,L048472,2024-09-18,5721.13
REV006363,OP010820,L048484,2026-01-20,1347.22
REV006364,OP010821,L048492,2024-03-03,28401.33
REV006365,OP010822,L048495,2024-12-29,3114.15
REV006366,OP010823,L048501,2026-03-24,3927.37
REV006367,OP010825,L048503,2024-02-20,9978.02
REV006368,OP010828,L048509,2024-09-10,10261.3
REV006369,OP010829,L048511,2026-10-15,1442.63
REV006370,OP010830,L048514,2025-06-25,735.59
REV006371,OP010831,L048515,2026-04-24,1838.7
REV006372,OP010833,L048527,2025-06-02,10972.74
REV006373,OP010835,L048535,2026-03-11,7606.29
REV006374,OP010836,L048544,2026-08-29,1201.45
REV006375,OP010838,L048561,2024-04-06,8242.18
REV006376,OP010839,L048564,2024-08-23,2379.6
REV006377,OP010840,L048567,2026-06-01,2113.81
REV006378,OP010841,L048569,2024-06-27,4011.19
REV006379,OP010842,L048571,2025-07-28,3440.96
REV006380,OP010844,L048582,2024-06-11,558.9
REV006381,OP010846,L048593,2025-04-22,3081.6
REV006382,OP010847,L048600,2025-06-10,21247.27
REV006383,OP010848,L048616,2025-06-30,565.57
REV006384,OP010849,L048617,2025-01-26,1831.35
REV006385,OP010851,L048622,2024-02-22,5384.08
REV006386,OP010854,L048644,2025-04-27,1835.03
REV006387,OP010855,L048645,2025-06-09,2509.31
REV006388,OP010857,L048653,2025-08-24,8255.19
REV006389,OP010858,L048654,2024-11-06,3432.02
REV006390,OP010859,L048662,2025-03-17,3843.9
REV006391,OP010861,L048671,2026-07-25,35856.93
REV006392,OP010862,L048672,2024-10-05,2524.41
REV006393,OP010863,L048673,2024-04-26,1202.56
REV006394,OP010866,L048679,2024-02-15,6349.13
REV006395,OP010867,L048681,2025-03-07,1444.38
REV006396,OP010868,L048682,2024-10-23,1208.08
REV006397,OP010869,L048683,2025-03-14,6638.05
REV006398,OP010870,L048686,2025-11-03,1960.55
REV006399,OP010871,L048692,2024-10-02,2080.75
REV006400,OP010873,L048701,2025-12-03,546.68
REV006401,OP010874,L048702,2025-09-02,6155.84
REV006402,OP010879,L048717,2024-03-31,881.23
REV006403,OP010881,L048728,2025-12-28,3844.48
REV006404,OP010883,L048740,2025-11-22,957.08
REV006405,OP010884,L048741,2026-06-14,480.68
REV006406,OP010886,L048752,2026-05-22,16272.89
REV006407,OP010888,L048758,2026-04-30,14937.35
REV006408,OP010897,L048806,2025-06-29,461.08
REV006409,OP010898,L048807,2026-01-06,3639.37
REV006410,OP010900,L048815,2024-02-17,2501.47
REV006411,OP010903,L048833,2024-07-29,1658.64
REV006412,OP010904,L048838,2025-09-03,2634.09
REV006413,OP010906,L048842,2025-04-28,12092.5
REV006414,OP010907,L048845,2026-01-03,1842.02
REV006415,OP010908,L048848,2026-04-26,656.72
REV006416,OP010909,L048850,2026-03-27,5173.7
REV006417,OP010910,L048858,2024-12-27,1930.58
REV006418,OP010912,L048883,2025-03-23,11289.6
REV006419,OP010914,L048898,2024-12-27,10112.58
REV006420,OP010915,L048903,2024-09-26,4450.78
REV006421,OP010917,L048910,2025-06-21,13927.87
REV006422,OP010923,L048930,2025-06-08,2100.57
REV006423,OP010928,L048946,2025-03-13,873.32
REV006424,OP010929,L048947,2025-07-04,1055.76
REV006425,OP010931,L048954,2026-02-18,1089.37
REV006426,OP010932,L048955,2026-03-13,14163.64
REV006427,OP010933,L048959,2025-12-31,10130.39
REV006428,OP010935,L048964,2026-03-23,416.17
REV006429,OP010936,L048976,2025-09-07,6993.16
REV006430,OP010937,L048990,2024-06-26,1118.78
REV006431,OP010938,L048994,2026-05-30,4809.9
REV006432,OP010939,L048996,2025-07-08,15556.14
REV006433,OP010940,L049002,2024-12-24,5814.42
REV006434,OP010941,L049008,2025-11-27,4609.39
REV006435,OP010944,L049032,2024-12-10,2735.34
REV006436,OP010947,L049041,2025-08-08,2886.79
REV006437,OP010948,L049042,2026-10-07,7298.65
REV006438,OP010952,L049048,2026-01-16,6241.08
REV006439,OP010955,L049063,2024-03-01,3948.11
REV006440,OP010956,L049070,2025-03-30,5467.0
REV006441,OP010957,L049073,2025-08-04,2207.41
REV006442,OP010959,L049084,2026-06-19,2546.62
REV006443,OP010960,L049092,2025-02-01,3232.39
REV006444,OP010963,L049105,2026-08-05,11395.7
REV006445,OP010964,L049111,2024-09-12,1260.04
REV006446,OP010965,L049114,2025-04-15,10246.81
REV006447,OP010967,L049131,2025-03-16,11849.36
REV006448,OP010969,L049148,2026-07-02,708.7
REV006449,OP010970,L049150,2024-04-28,18355.71
REV006450,OP010971,L049154,2024-03-13,1151.29
REV006451,OP010973,L049178,2024-02-27,1750.6
REV006452,OP010974,L049180,2025-10-08,12355.98
REV006453,OP010975,L049184,2024-10-01,13832.47
REV006454,OP010976,L049188,2025-08-21,505.35
REV006455,OP010977,L049201,2025-12-30,1254.2
REV006456,OP010978,L049202,2026-08-16,2987.22
REV006457,OP010979,L049207,2026-09-06,1145.12
REV006458,OP010980,L049209,2024-07-12,10960.55
REV006459,OP010981,L049210,2026-01-14,488.12
REV006460,OP010982,L049212,2024-08-04,5501.04
REV006461,OP010983,L049216,2025-11-11,482.72
REV006462,OP010984,L049218,2024-06-10,7019.8
REV006463,OP010985,L049222,2026-03-11,23143.53
REV006464,OP010987,L049226,2025-12-05,11104.39
REV006465,OP010988,L049230,2025-08-09,1445.36
REV006466,OP010989,L049234,2024-12-11,4621.16
REV006467,OP010991,L049250,2025-01-08,1794.23
REV006468,OP010992,L049252,2025-10-07,349.46
REV006469,OP010994,L049277,2025-11-12,1506.57
REV006470,OP010995,L049279,2024-03-18,1945.79
REV006471,OP010996,L049280,2024-09-13,2403.61
REV006472,OP011001,L049304,2024-01-20,7995.42
REV006473,OP011004,L049319,2025-12-18,3742.4
REV006474,OP011005,L049324,2026-01-09,5913.52
REV006475,OP011006,L049326,2026-03-27,15877.2
REV006476,OP011007,L049329,2024-07-11,1171.79
REV006477,OP011010,L049354,2025-08-04,507.46
REV006478,OP011011,L049357,2026-04-19,2150.72
REV006479,OP011012,L049358,2025-08-10,1433.38
REV006480,OP011013,L049362,2024-09-12,3398.34
REV006481,OP011015,L049386,2025-05-05,8325.44
REV006482,OP011016,L049389,2025-06-12,4581.79
REV006483,OP011019,L049406,2024-07-30,8128.07
REV006484,OP011021,L049436,2025-09-10,5036.37
REV006485,OP011022,L049442,2024-03-06,7209.16
REV006486,OP011023,L049446,2025-11-13,3326.88
REV006487,OP011024,L049448,2025-01-16,986.19
REV006488,OP011026,L049456,2026-01-21,15821.68
REV006489,OP011027,L049457,2025-05-09,11509.33
REV006490,OP011028,L049459,2026-03-02,3480.89
REV006491,OP011029,L049467,2024-03-09,1661.59
REV006492,OP011030,L049469,2026-08-13,7945.22
REV006493,OP011031,L049473,2025-08-08,5800.02
REV006494,OP011033,L049476,2024-03-02,2620.92
REV006495,OP011035,L049478,2024-05-07,9549.52
REV006496,OP011036,L049481,2026-08-25,24009.62
REV006497,OP011037,L049482,2025-06-27,2963.01
REV006498,OP011039,L049485,2026-06-09,939.59
REV006499,OP011041,L049508,2025-07-13,5023.93
REV006500,OP011045,L049525,2025-05-10,5608.26
REV006501,OP011046,L049532,2024-01-30,1352.37
REV006502,OP011047,L049534,2025-11-02,1227.72
REV006503,OP011050,L049547,2025-08-22,1102.5
REV006504,OP011051,L049553,2025-12-31,2299.05
REV006505,OP011052,L049555,2024-04-20,1087.63
REV006506,OP011053,L049564,2025-09-07,1433.33
REV006507,OP011054,L049565,2025-12-06,583.49
REV006508,OP011055,L049570,2025-11-04,1743.79
REV006509,OP011056,L049572,2025-01-06,1342.37
REV006510,OP011058,L049588,2024-05-07,2971.94
REV006511,OP011059,L049593,2025-08-30,4671.27
REV006512,OP011066,L049630,2025-09-29,10149.56
REV006513,OP011069,L049663,2024-05-20,2699.59
REV006514,OP011070,L049669,2024-11-21,1195.9
REV006515,OP011071,L049671,2025-12-21,4238.73
REV006516,OP011072,L049675,2024-06-01,16738.27
REV006517,OP011076,L049697,2025-12-08,6387.18
REV006518,OP011078,L049700,2026-08-04,1975.27
REV006519,OP011079,L049701,2025-10-24,727.06
REV006520,OP011080,L049704,2026-04-09,13009.39
REV006521,OP011083,L049721,2025-06-29,2460.33
REV006522,OP011084,L049724,2025-05-22,1411.04
REV006523,OP011085,L049725,2024-02-25,1702.08
REV006524,OP011087,L049729,2026-07-07,655.04
REV006525,OP011089,L049743,2026-08-20,1519.3
REV006526,OP011093,L049749,2024-10-26,4389.94
REV006527,OP011097,L049760,2026-06-16,2719.54
REV006528,OP011098,L049762,2025-01-10,3734.45
REV006529,OP011100,L049770,2026-02-24,12927.6
REV006530,OP011102,L049772,2024-06-19,1297.49
REV006531,OP011103,L049774,2026-05-25,1841.17
REV006532,OP011105,L049783,2026-09-18,6958.48
REV006533,OP011107,L049789,2024-10-20,2883.61
REV006534,OP011108,L049795,2024-04-12,325.41
REV006535,OP011109,L049800,2025-05-17,3398.85
REV006536,OP011111,L049808,2026-06-23,17593.07
REV006537,OP011112,L049811,2025-06-08,5553.5
REV006538,OP011113,L049813,2025-02-22,2484.66
REV006539,OP011115,L049828,2024-10-24,652.7
REV006540,OP011117,L049838,2026-03-16,2418.22
REV006541,OP011118,L049840,2024-10-12,9498.03
REV006542,OP011119,L049856,2026-02-13,1539.17
REV006543,OP011121,L049865,2024-07-03,18119.06
REV006544,OP011122,L049867,2026-06-23,666.12
REV006545,OP011123,L049895,2024-01-21,20343.98
REV006546,OP011125,L049902,2024-09-15,1683.88
REV006547,OP011126,L049908,2025-05-04,1221.47
REV006548,OP011135,L049934,2024-05-10,13061.43
REV006549,OP011137,L049938,2024-01-31,922.7
REV006550,OP011139,L049941,2026-05-29,1500.91
REV006551,OP011140,L049942,2025-08-04,5472.88
REV006552,OP011141,L049946,2025-10-07,1766.82
REV006553,OP011142,L049950,2024-03-09,1362.55
REV006554,OP011143,L049958,2025-06-26,9897.25
REV006555,OP011145,L049966,2025-09-07,2112.58
REV006556,OP011146,L049972,2026-07-05,7343.15
REV006557,OP011147,L049973,2024-11-11,250.0
REV006558,OP011149,L049976,2026-04-19,12336.25
REV006559,OP011151,L049989,2024-11-30,986.52
